"","EFT_ln_k","EFT_s","NCC_ln_k","NCC_s","sigma_sq","Sigma_11","Sigma_12","Sigma_22","n_EFT","n_NCC","EFT_est_ln_k","EFT_est_s","NCC_est_ln_k","NCC_est_s","est_sigma_sq","est_Sigma_11","est_Sigma_12","est_Sigma_22","est_con_sigma_sq","est_con_g","red_est_ln_k","red_est_s","red_est_sigma_sq","red_est_Sigma_11","red_est_Sigma_12","red_est_Sigma_22","red_est_con_sigma_sq","red_est_con_g","mse_ln_k","mse_s","err_inprod","EFT_ln_k_mazur","NCC_ln_k_mazur","est_sigma_sq_mazur","est_g_mazur","EFT_ln_k_nl","EFT_s_nl","NCC_ln_k_nl","NCC_s_nl","var_ln_k_nl","var_s_nl","corr_ln_k_s_nl","var_residual_nl","lik_ut_nl","BIC_ut_nl","deriv_offset","p_value_nl","p_value_nl_lrt","mse_ln_k_nl","mse_s_nl","err_inprod_nl","lik_uc","lik_uc_red","lik_con","lik_con_red","F_con","lik_mazur","F_mazur","BIC_lin_uc","BIC_lin_con","BIC_mazur","BIC_nl","mh_dist_lin","mh_dist_nl"
"1",-5.86,0.79,-5.86,0.83,1.359326,9.604077,-1.1484446,0.2002995,35,35,-5.32853572201427,0.674907363029989,-6.29590173720167,0.954523720305477,1.26955066391022,9.65890739385083,-1.11371401190067,0.205882758266055,1.26955066391022,11.6316385975744,-5.81221872960797,0.814715541667733,1.26955066391022,9.89285664568574,-1.18133685223037,0.225429085080058,1.26955066391022,12.1047927648803,2.36534011324667,0.0633276992477896,-0.374182847343939,-7.26535352892072,-6.56683764373325,2.03927097687104,12.310160089908,-4.18808375675109,0.549405436064757,-4.72866808997376,0.720852043532366,7.43236915,0.15881178,-0.85,0.01951721,130.047708749179,-210.540174369521,1335.82818435953,0.143676925738265,0.149467296021285,5.58027286535802,0.13744538293154,-0.817933129037551,-908.004621311086,-911.110499984249,-931.286650253999,-933.860785225718,2.5471345723098,-960.463482403025,2.13915038940354,1865.56448575101,1899.73973285463,NA,2461.11619434954,0.367950080781271,0.924422629036315
"2",-5.86,0.79,-5.86,0.83,1.359326,9.604077,-1.1484446,0.2002995,35,35,-5.87296074665187,0.818427419695926,-6.311185924124,0.84758855642333,1.26066600547214,12.2340188589711,-1.50866579489764,0.242184289933774,1.26066600547214,9.63078006394521,-6.09207333538794,0.833007988059628,1.26066600547214,12.2820291855137,-1.51186058097705,0.242396882907582,1.26066600547214,9.68083358312452,3.10198670979515,0.0800341049061467,-0.481959539934311,-6.95472319460089,-7.21921386547305,2.0615704898871,9.30147184569421,-4.02559076071207,0.566083186480002,-4.8269517123226,0.657163109226178,7.006488,0.14648058,-0.889,0.02679753,72.7285528899272,-95.901862651017,1297.0455728328,0.582911227011027,0.540170146315148,8.49193299130236,0.168334482077447,-1.16156490211003,-902.695383960437,-902.911876358529,-917.494469860625,-917.823281450681,0.320168349238759,-954.159594851725,0.391985686515175,1854.94601104971,1872.15537206788,NA,2498.18928301459,0.467903365089695,1.07420142384359
"3",-5.86,0.79,-5.86,0.83,1.359326,9.604077,-1.1484446,0.2002995,35,35,-5.11083210887307,0.622426899395383,-5.38895384166227,0.782085123079172,1.33531754557638,11.1649163792606,-1.29823261367872,0.211227162214403,1.33531754557638,9.77613137924015,-5.24989297526767,0.702256011237278,1.33531754557638,11.184254303823,-1.30933371913497,0.217599849311869,1.33531754557638,10.1154204084694,2.64425536173656,0.0643934670526584,-0.400197603964157,-7.36031493775473,-6.68723428856461,2.24280292278982,9.56193611249738,-3.53696163471986,0.417133847565179,-3.92361504241578,0.576508696933478,6.1165285,0.10996118,-0.86,0.02529487,86.2752667631355,-122.995290397434,1287.9155129672,0.0439688415483812,0.0381084252737864,7.49989657177851,0.167954216689726,-1.06497806252259,-913.561672861991,-915.53585983874,-932.539671159793,-934.709652914552,2.14099598229031,-975.676827632696,2.27586512959816,1876.67858885282,1902.24577466621,NA,2452.83573553697,0.378448817032306,1.10643330418422
"4",-5.86,0.79,-5.86,0.83,1.359326,9.604077,-1.1484446,0.2002995,35,35,-5.4943336890152,0.7505316223798,-5.68232034998224,0.732580031854145,1.43739982861604,8.97651802137272,-1.02693193936377,0.179053456282201,1.43739982861604,8.64493230923391,-5.58832701949872,0.741555827116973,1.43739982861604,8.9853527675481,-1.02608827447328,0.179134021182801,1.43739982861604,8.6983835825759,3.08763499475839,0.0817108541376998,-0.489896801599851,-6.98060172799092,-7.27553931998008,2.16613308304549,9.66712669841698,-4.09235823360196,0.561705653253231,-4.23621185206814,0.559894722809201,4.19203149,0.07227384,-0.787,0.02660921,83.3365794494773,-117.117915770117,1299.48437580172,0.889947011581157,0.889168279716608,7.25408671341722,0.16345191260398,-1.04186623908238,-922.185370731414,-922.422142208707,-942.824937908925,-943.211800086873,0.376849361998636,-967.50189640397,0.44799651222436,1893.92598459167,1922.81630816448,NA,2481.85083583332,0.459632370330417,1.04129949100167
"5",-5.86,0.79,-5.86,0.83,1.359326,9.604077,-1.1484446,0.2002995,35,35,-5.04194414273642,0.721968807589876,-5.90738516119737,0.863096091248329,1.13746746162407,12.802607642742,-1.5355808463865,0.24486855635583,1.13746746162407,11.7507709563234,-5.47466465196689,0.792532449419103,1.13746746162407,12.9898546818507,-1.566115181412,0.249847783904033,1.13746746162407,11.7901520391472,3.29998772779191,0.0888004516608727,-0.531782381804882,-6.69838204103626,-6.72302322294095,2.00536216144136,10.7266263625991,-3.86890421977571,0.556845514614191,-4.59091504533771,0.683685938049711,9.20700571,0.1957564,-0.896,0.02068535,111.688421371316,-173.821599613795,1263.3683935645,0.60229757330252,0.567816296705871,5.21642410858067,0.10606707487813,-0.71614007147352,-887.749684997208,-888.309735929809,-905.028348091722,-905.244211706576,0.210019742429422,-951.92209677972,0.00307258656353311,1825.05461312325,1847.22312853007,NA,2352.9151875152,0.483470731552703,0.692215717018896
"6",-5.86,0.79,-5.86,0.83,1.359326,9.604077,-1.1484446,0.2002995,35,35,-4.07824332466348,0.575591748487889,-6.17379740846566,0.865347054901271,1.39168997560082,7.2071300956001,-0.894310385166436,0.178461478616827,1.39168997560082,8.39657994101413,-5.12602036656457,0.72046940169458,1.39168997560082,8.30496682513512,-1.04610986408092,0.199451013015505,1.39168997560082,8.61638620780495,2.79020650728751,0.0753365032530759,-0.441814236465376,-6.60675786312876,-6.97602481124647,2.21424112480897,8.75036308401915,-3.19378245939141,0.445597604087899,-4.1741707849554,0.578884068514364,4.58518171,0.09836589,-0.839,0.02847027,63.7439836520941,-77.9327241753509,1237.60337484528,0.36760294163986,0.342611549792198,7.11962498177463,0.167935813433541,-1.04679167406581,-912.505270196425,-916.098410300243,-933.081196876083,-934.69978958737,1.59066662930579,-969.738425283495,0.751591975692558,1874.56578352169,1903.32882609879,NA,2397.27402551522,0.442511375744833,1.04926608675062
"7",-5.86,0.79,-5.86,0.83,1.359326,9.604077,-1.1484446,0.2002995,35,35,-5.7252741006778,0.76496974732826,-5.68176042262166,0.874914530226698,1.44381327514009,7.04268161091158,-0.894670174396488,0.18180257631994,1.44381327514009,7.99246839708317,-5.70351726164973,0.819942138777479,1.44381327514009,7.04315497095606,-0.893474148924739,0.184824540141586,1.44381327514009,8.30679080538888,2.23907298197896,0.0643168437749951,-0.363493572623787,-7.12552352736149,-6.42698728318737,2.08755578021706,9.19889766065026,-4.20296763625671,0.571970873379242,-4.12798916828247,0.641446410081562,4.34048815,0.12596043,-0.851,0.02908873,61.5302844893263,-73.5053258498152,1270.13283772956,0.240083873221884,0.235133302240678,6.60373806433103,0.145312028170651,-0.920546794863646,-918.99167343099,-920.516438655345,-939.012489735314,-941.417475927831,2.3768694891073,-956.878173858799,2.72730386672874,1887.53858999082,1915.19141181726,NA,2466.76034960931,0.382436088096681,0.998598678060445
"8",-5.86,0.79,-5.86,0.83,1.359326,9.604077,-1.1484446,0.2002995,35,35,-6.54865999126853,0.855210488985833,-4.88157648623485,0.822893657850461,1.33953042704437,6.28315729761604,-0.646423568380162,0.116154331071346,1.33953042704437,7.83488015769844,-5.71511823875169,0.839052073418147,1.33953042704437,6.9779491508049,-0.659892282410349,0.116415425465004,1.33953042704437,9.25689103790481,3.00543876178184,0.0788712671987649,-0.470050057590694,-7.41127843073624,-5.93673024298676,1.76125270957971,10.5057406056097,-4.81776976612455,0.640210829619012,-3.62931329174581,0.608851513325467,4.58245386,0.0941625,-0.815,0.02822173,67.2395138736661,-84.9237846184947,1272.01932647363,0.00782944704328311,0.00764261106176769,5.91544219436342,0.108974709891794,-0.729714290884275,-894.494863247839,-900.63640874225,-919.407594770935,-929.854551213194,10.9448841555338,-919.455698611682,12.7681697488042,1838.54496962452,1875.9816218885,NA,2459.11486832876,0.462691890010251,0.918351875189838
"9",-5.86,0.79,-5.86,0.83,1.359326,9.604077,-1.1484446,0.2002995,35,35,-7.02064216933465,0.953884691781149,-6.1129724934082,0.784787902351465,1.35478064565717,7.29155297137313,-0.850724075807416,0.163344439634078,1.35478064565717,8.69974974683801,-6.56680733137143,0.869336297066307,1.35478064565717,7.49751903152224,-0.889095082822877,0.170492870682935,1.35478064565717,8.75308366324624,2.28444319519043,0.0609889861362671,-0.352622561256455,-7.29538524245288,-7.39515048080391,1.91057671900975,10.5269633236891,-4.97165735759536,0.672001732763218,-4.2289811499069,0.549988987284828,2.52532124,0.05488068,-0.72,0.02594598,100.393550184746,-151.231857240654,1334.20758500645,0.417764568747265,0.35387678150517,10.6083447198659,0.226852273554358,-1.49274489037552,-906.652395050089,-907.682065158672,-928.718578527227,-929.102418086681,0.373896895323729,-939.458253928442,0.0537806513278391,1862.86003322902,1894.60358940108,NA,2517.18331277224,0.385902115896054,1.4466455458094
"10",-5.86,0.79,-5.86,0.83,1.359326,9.604077,-1.1484446,0.2002995,35,35,-5.81852514606093,0.804582528925118,-6.08437734820098,0.898469085507964,1.22458726916663,9.12597286935655,-1.0423363427831,0.17249303586714,1.22458726916663,9.33666275171053,-5.95145124713095,0.851525807216541,1.22458726916663,9.14364221770223,-1.04857632973782,0.174696707243886,1.22458726916663,9.41421055676135,2.83956472470879,0.0726869715585049,-0.439731202441812,-6.98277187058262,-6.68927226360877,1.80757198758631,10.6315759941765,-4.09166650021439,0.569608547911286,-5.12217299915162,0.759432416909685,6.30340556,0.12284933,-0.874,0.02352737,101.273438838616,-152.991634548395,1256.01265961106,0.198802852267605,0.148786650200098,5.78891878076002,0.125144950081512,-0.812964663561653,-888.306243554759,-888.88190585468,-908.416622572798,-908.93981709512,0.510150216769261,-926.19640551289,0.487559748810408,1826.16773023836,1853.99967749222,NA,2359.03368467373,0.424693960175745,0.81705791480094
"11",-5.86,0.79,-5.86,0.83,1.359326,9.604077,-1.1484446,0.2002995,35,35,-6.26796367568636,0.812715199872032,-5.18250268381314,0.674890539544412,1.43007069694672,7.6581443661384,-0.903702118466854,0.175809117833053,1.43007069694672,8.75427108649574,-5.72523317974975,0.743802869708222,1.43007069694672,7.95270075735799,-0.941102941592806,0.180558027081659,1.43007069694672,8.82654437805377,4.04791514406056,0.105640296755195,-0.637775879774632,-7.38375805119608,-7.11942072069324,2.15959686041269,9.80885689371387,-4.20585036636296,0.539150755077597,-3.47636904017022,0.444430732078848,4.37096907,0.11559993,-0.81,0.02633661,81.7370892050801,-113.918935281323,1329.03045827718,0.583912587066961,0.545861830033997,8.56904136287816,0.169855547577168,-1.1703906484954,-920.359345677848,-921.308844932646,-942.361599678431,-942.878345612026,0.503839167721118,-967.223470665069,0.356214428530611,1890.27393448453,1921.88963170349,NA,2544.14198127305,0.596051867386385,1.0903753218599
"12",-5.86,0.79,-5.86,0.83,1.359326,9.604077,-1.1484446,0.2002995,35,35,-6.17647650443215,0.76158016050723,-5.58837313972803,0.82040825641874,1.20401701366814,9.90232260015425,-0.808639866186511,0.0920011042562921,1.20401701366814,10.9481328613113,-5.88242482208009,0.790994208462985,1.20401701366814,9.98878899204833,-0.799990615900339,0.0928662904734355,1.20401701366814,11.5947323520264,2.71510315085136,0.0680617834190569,-0.41397296061254,-7.5969202122728,-6.65833427506327,1.6086417558955,15.1202982420229,-4.24959365733496,0.525905757333795,-3.78544252138677,0.552084104923699,4.15554145,0.04120072,-0.791,0.02527598,99.7918305952123,-150.028418061587,1304.59369194832,0.122343976372499,0.11326486312172,8.96981236299096,0.162627630169398,-1.15317824759312,-873.977919428369,-876.897751711629,-914.407684734499,-918.096939463726,3.67996957173114,-909.053251910015,4.04261736509466,1797.51108198558,1865.98180181563,NA,2459.15896583506,0.407850399636547,1.17369955779004
"13",-5.86,0.79,-5.86,0.83,1.359326,9.604077,-1.1484446,0.2002995,35,35,-6.20170476587626,0.863721441974202,-6.08619294778861,0.898633027999001,1.54141288380965,8.88244032154788,-0.972731083310678,0.147409773014408,1.54141288380965,6.58156971912445,-6.14394885683244,0.881177234986601,1.54141288380965,8.88577606657737,-0.971722908117169,0.1477144777241,1.54141288380965,6.64273621867357,2.48285123250938,0.067580386423637,-0.394746457421037,-7.01361714981698,-6.69011113625817,2.02095815453369,8.50559693511882,-4.618776238886,0.648083792897817,-4.64818134255519,0.688070467324959,6.20822269,0.11482579,-0.884,0.02840579,66.6011809849982,-83.6471188411591,1268.72230221557,0.692961527035862,0.691586216921296,6.48489453289054,0.137236740683569,-0.913339199146877,-923.865106360222,-924.276741640382,-943.091665777615,-943.654145016281,0.548609605059486,-946.470782992526,0.648298417191512,1897.28545584928,1923.34976390186,NA,2453.79748558998,0.396305174032898,0.858371187177784
"14",-5.86,0.79,-5.86,0.83,1.359326,9.604077,-1.1484446,0.2002995,35,35,-6.73600253310193,0.899236650841133,-6.28291577746513,0.972154712637331,1.30112513144251,7.34375571742377,-0.791876422285522,0.151707020928483,1.30112513144251,9.89449112322654,-6.50945915528353,0.935695681739232,1.30112513144251,7.39507761945712,-0.78361687027388,0.153036281862511,1.30112513144251,10.4332841221302,2.5309195995751,0.0681270167727067,-0.395960553817185,-7.33632449287744,-6.44881079405211,1.76685594200138,12.7825800978038,-5.31137392940283,0.716958582054624,-4.40638253664944,0.676112049041368,5.16833571,0.09718218,-0.807,0.02484701,93.5336075879395,-137.511972047042,1340.78085430007,0.155876748804678,0.152984302048864,6.7667137781175,0.153579590476186,-0.96175438135712,-901.02694570627,-903.027638208155,-926.949086555482,-930.328091651369,3.36297707814354,-926.553480643717,3.84915522461069,1851.60913454138,1891.06460545759,NA,2544.04973655311,0.416295200794258,1.02736513476146
"15",-5.86,0.79,-5.86,0.83,1.359326,9.604077,-1.1484446,0.2002995,35,35,-6.16594547994825,0.848179379263395,-5.68909104875356,0.83972057176567,1.46601943228043,8.89455502624668,-1.36716952916635,0.27846068745037,1.46601943228043,7.62828274583221,-5.9275182643509,0.843949975514533,1.46601943228043,8.95140256338418,-1.36817793412583,0.278478575306441,1.46601943228043,7.73693950376005,2.6244184277972,0.0708852217816468,-0.417459307103218,-7.0704534517033,-6.64399440669602,2.36336725159717,6.98928936909608,-4.56248792170975,0.629772516758915,-3.9860649618732,0.582549718035135,4.95454854,0.14782811,-0.885,0.02841252,65.733632693976,-81.9120222591146,1277.94315168069,0.496928784991927,0.455777776949117,7.28629932658585,0.171869565229359,-1.07211107756728,-926.921248395923,-927.584085300845,-939.85802655802,-940.734038648244,0.856330252119122,-978.734858716423,1.14620488932456,1903.39773992068,1916.88248546267,NA,2473.97428110227,0.40941242836852,1.07077682138864
"16",-5.86,0.79,-5.86,0.83,1.359326,9.604077,-1.1484446,0.2002995,35,35,-5.30558757809657,0.757509960228106,-6.27356911415847,0.914344366870281,1.38451868266972,9.9151423498619,-1.31850427194684,0.22295668372504,1.38451868266972,6.78651960377142,-5.78957834612752,0.835927163549194,1.38451868266972,10.1493894134011,-1.35645747440905,0.229105941501741,1.38451868266972,6.82671590376206,4.04342537969388,0.102061568661893,-0.627202128277661,-6.75028048595526,-6.78388321125316,2.14317563863529,6.56477772385163,-3.84754801450877,0.543644915602103,-4.43138986581265,0.649905606928559,5.67712267,0.11895032,-0.889,0.02864508,63.4192746006264,-77.2833060724154,1221.6896957439,0.598282769878214,0.553194161870803,7.51566014925261,0.17406237260471,-1.11752840181141,-908.403120159782,-909.116892019964,-918.658836689991,-919.019267712064,0.351035961951441,-952.863209762037,0.00828785279884776,1866.3614834484,1874.48410572661,NA,2366.09608541539,0.577891244621941,1.00907070388066
"17",-5.86,0.79,-5.86,0.83,1.359326,9.604077,-1.1484446,0.2002995,35,35,-5.15687582156033,0.686129709174302,-4.97842145285442,0.778819738743114,1.41127819083031,9.00073532497357,-0.892797048424607,0.127639146003804,1.41127819083031,7.97904159104128,-5.06764863720738,0.732474723958708,1.41127819083031,9.00869681540114,-0.888661813246601,0.12978700639917,1.41127819083031,8.32358539717569,1.98289976578838,0.0573075788733544,-0.321710352808535,-7.02683379414338,-6.2961562146481,2.0079395405534,9.78879470005027,-3.70201746055828,0.499582684461817,-3.37749910490589,0.530955591293298,4.54955949,0.06853983,-0.857,0.0316056,48.6630945309761,-47.7709459331148,1213.46559309505,0.16065985561766,0.143603136797961,6.99807425903389,0.15144961086896,-0.97154576448419,-907.850582034243,-909.962579687521,-933.323875696805,-935.95966300653,2.60929616814742,-949.319391203686,2.93274945849347,1865.25640719732,1903.81418374024,NA,2379.16024025699,0.344971300357348,1.03297916352613
"18",-5.86,0.79,-5.86,0.83,1.359326,9.604077,-1.1484446,0.2002995,35,35,-5.80273594464385,0.870447688576974,-7.54151226154812,1.01703662796639,1.34865261117805,8.81790940012396,-1.09765285878969,0.218676563323283,1.34865261117805,10.5263600415225,-6.67212410309599,0.943742158271682,1.34865261117805,9.57374517018077,-1.1613742028223,0.224048642611111,1.34865261117805,11.0477061499144,3.19251062922646,0.0765493735102419,-0.474664870859347,-6.57457509187484,-7.44001244068941,2.02193297403579,11.7865554276222,-3.76447506439395,0.554239003815263,-5.18366656174657,0.697246580231582,4.43933807,0.10724613,-0.794,0.02394705,99.452897669102,-149.350552209367,1370.10900986769,0.0888944570526978,0.0884384506839249,11.1007190632874,0.236586512464558,-1.56238233585728,-918.02612525082,-920.854222332898,-939.685419483558,-942.782057850144,3.07569217367333,-956.966903495838,3.44744946178322,1885.60749363048,1916.53727131374,NA,2590.86746752601,0.470250242785792,1.49982508084431
"19",-5.86,0.79,-5.86,0.83,1.359326,9.604077,-1.1484446,0.2002995,35,35,-5.67810166904335,0.792760578417287,-6.40986735465287,0.856003143634729,1.24826583067877,12.0394108151352,-1.38621044166092,0.219103175093737,1.24826583067877,10.8105090274706,-6.04398451184811,0.824381861026008,1.24826583067877,12.1732810697941,-1.39778012643493,0.220103080607558,1.24826583067877,10.9059614465636,3.57478322211032,0.0855040345366162,-0.537869931340789,-6.91278051552678,-7.26776336283756,1.99186666721761,11.2204758911308,-4.18850278136694,0.592463982631207,-4.74694047752141,0.631404501102473,5.6397515,0.10481218,-0.818,0.02152208,119.557140067046,-189.559037005255,1325.12932518475,0.622729884150081,0.554900897760087,8.69392769230511,0.178568299796634,-1.21628116283313,-902.907765900012,-903.314525842873,-922.439199308562,-923.002664721492,0.549575338643509,-951.711527236397,0.616046246664364,1855.37077492886,1882.04483096375,NA,2460.69961336425,0.499013795600767,1.09581078170246
"20",-5.86,0.79,-5.86,0.83,1.359326,9.604077,-1.1484446,0.2002995,35,35,-4.34646649539093,0.62134676482821,-4.9736834636672,0.753904239776339,1.58938524816595,6.49295226642205,-0.651344521937064,0.11721750567789,1.58938524816595,7.02513708016032,-4.66007497952907,0.687625502302275,1.58938524816595,6.59130254774548,-0.672130096326897,0.121610376719046,1.58938524816595,7.06424895577021,2.93328897057676,0.0783576508963488,-0.461282877496458,-6.60238448651759,-6.43985832092592,2.23888475617321,8.75335908230725,-2.79078995777202,0.405402767178824,-3.5937666829263,0.543162996478459,3.19315669,0.06613075,-0.785,0.03189757,45.0932058418769,-40.6311685549163,1193.09492069045,0.312840605668477,0.286256169978207,6.89243239743769,0.152805870119709,-0.975236171226525,-929.710427015851,-930.495028002886,-954.580483554372,-954.920811852732,0.331409608945808,-972.460869381443,0.143948646966009,1908.97609716054,1946.32739945537,NA,2345.55867282597,0.463936772542551,1.00551262837217
"21",-5.86,0.79,-5.86,0.83,1.359326,9.604077,-1.1484446,0.2002995,35,35,-5.55057224287831,0.712879221095642,-5.51932348984767,0.778899476015138,1.43834620594471,9.53463490380772,-1.136869583388,0.198447837085037,1.43834620594471,8.60472416460194,-5.53494786636299,0.74588934855539,1.43834620594471,9.53487902494922,-1.13635382072775,0.199537505599946,1.43834620594471,8.72112287623663,3.80511517205517,0.0923419525921861,-0.577912988022511,-7.2611635454002,-6.83658319760823,2.22095738728379,9.20426672860098,-3.95471251929716,0.526495785864617,-3.94241002287984,0.554772306464992,5.07650716,0.12356308,-0.862,0.03003788,53.2420655388721,-56.9288879489068,1296.149100858,0.808281785822438,0.805289638172317,7.47729539151911,0.144316028510353,-0.98775053883855,-924.133124586517,-924.72848386095,-942.693763171371,-943.536987100842,0.824085341287547,-972.072986975642,0.946552507380393,1897.82149230187,1922.55395868937,NA,2535.36931376709,0.531807925158582,1.01686668532211
"22",-5.86,0.79,-5.86,0.83,1.359326,9.604077,-1.1484446,0.2002995,35,35,-5.80443668315097,0.794545840721914,-5.46373747960088,0.838967480619223,1.52272260643994,9.61444941109531,-1.17429467963206,0.228000047708424,1.52272260643994,9.86992608274565,-5.63408708137592,0.816756660670569,1.52272260643994,9.64346839792024,-1.17051107529872,0.228493368231215,1.52272260643994,10.0833792229274,3.4009216240537,0.0884463003972137,-0.526119304023745,-7.02847939879542,-6.42312755971661,2.29929406805034,10.9720993039744,-3.61271483591574,0.480020694776773,-3.75645957303131,0.580928091710289,4.54827442,0.10103885,-0.785,0.02851033,60.5832996766184,-71.6113562243994,1326.58014975978,0.281279372333705,0.250758625764912,9.23489876064458,0.220317450606939,-1.36330402672886,-944.072733878456,-944.886008860861,-965.322354994835,-966.683625243991,1.33531851291976,-986.157668710488,1.58415569997375,1937.70071088575,1967.8111423363,NA,2581.54894329516,0.532784242261387,1.37959464541679
"23",-5.86,0.79,-5.86,0.83,1.359326,9.604077,-1.1484446,0.2002995,35,35,-5.40051729065091,0.776499310465832,-6.11649245978808,0.872765212165309,1.29374689525381,12.8956589000248,-1.34627002493097,0.210718330481244,1.29374689525381,13.1716189599207,-5.7585048752195,0.82463226131557,1.29374689525381,13.02381401073,-1.36350102374382,0.213035111438748,1.29374689525381,13.201261737578,2.89280999375298,0.0784399189308898,-0.462685646400235,-6.73207656366385,-6.87452440118492,2.01614346548787,14.6877823738921,-4.19132868437682,0.611888561939552,-4.48431622262251,0.638340368592206,7.63947937,0.12122317,-0.824,0.02145643,112.488895723174,-175.422548317511,1353.27664447849,0.929348343748745,0.945688826930818,7.16022354761135,0.153357343754774,-1.00931290957643,-917.626202946675,-917.935143820225,-943.964703922574,-944.110970014699,0.14223561093479,-963.421454076192,0.0763441376990686,1884.80764902219,1925.09584019178,NA,2531.13074063947,0.446508873647751,0.973540531273713
"24",-5.86,0.79,-5.86,0.83,1.359326,9.604077,-1.1484446,0.2002995,35,35,-5.95001787193063,0.769613070622846,-6.23198064182532,0.89687594600035,1.4993464611426,12.3185367864265,-1.71762400172286,0.290136000686105,1.4993464611426,6.74024120913866,-6.09099925687797,0.833244508311598,1.4993464611426,12.3384125373282,-1.72659484993442,0.294184960548443,1.4993464611426,6.89660583732638,3.67203924951978,0.0904318664668029,-0.56129906461183,-7.32260357997707,-6.84636707016306,2.45347570942184,5.74670056659835,-4.39633044502499,0.569641187247814,-4.77771516470888,0.686945698753216,9.63595001,0.2119946,-0.937,0.02807155,62.2338290904891,-74.9124150521407,1286.86835968135,0.285189400982619,0.252703452073846,6.73201434030429,0.152702555945817,-0.97418361564917,-930.737169133626,-931.921633553908,-937.762364392181,-939.16237665749,1.37370327738769,-981.985647234934,1.6304937433389,1911.02958139609,1912.69116113099,NA,2498.82430431055,0.520498915681509,0.954738860249413
"25",-5.86,0.79,-5.86,0.83,1.359326,9.604077,-1.1484446,0.2002995,35,35,-5.81391763210234,0.749489576163059,-5.71076370418803,0.838711993269217,1.32840144464264,13.2592780529377,-1.73598228540606,0.261044795426879,1.32840144464264,6.59460566565324,-5.76234066814519,0.794100784716138,1.32840144464264,13.2619382361487,-1.73368137471043,0.263034955355445,1.32840144464264,6.87328672868788,2.79962317467147,0.0757123541211226,-0.447069052748245,-7.30639391278731,-6.6716759118227,2.23345139373027,5.36136247763394,-3.76268618682165,0.486068509279295,-3.87200597759719,0.572494062369867,6.29834937,0.1332863,-0.929,0.03192697,45.1365418634283,-40.7178405980192,1218.89224683526,0.136384057420429,0.123176743609588,9.27595120225454,0.18746703137491,-1.28140244313696,-898.672714514429,-900.917366420608,-906.774749297611,-909.297366481208,2.49523321165433,-956.907655889109,3.37428641733719,1846.90067215769,1850.71593094185,NA,2397.06665307249,0.431641274930253,1.1825661293845
"26",-5.86,0.79,-5.86,0.83,1.359326,9.604077,-1.1484446,0.2002995,35,35,-5.67995622845987,0.811586977417987,-6.20921159217585,0.92319205363324,1.28016422452756,12.3410159588938,-1.56462162702606,0.247393015092643,1.28016422452756,8.49538268460761,-5.94458391031786,0.867389515525614,1.28016422452756,12.4110437688993,-1.57938852332728,0.250506938351896,1.28016422452756,8.52958491532766,3.83369355092259,0.0991138029365094,-0.604735822347146,-6.80247226140087,-6.66681346105108,2.07457710975503,7.98143399254705,-3.95135905236082,0.564049216145478,-4.37445755474168,0.656421107624624,3.55267966,0.07397568,-0.806,0.02894539,68.1672736520042,-86.7793041751709,1233.44577503044,0.568994430263567,0.493793281469626,11.066749015286,0.240961039108047,-1.60262679632593,-901.319277799855,-901.750806729125,-913.348427256033,-913.600113227856,0.244935013807622,-950.901011707071,0.117535116368111,1852.19379872855,1863.86328685869,NA,2380.11224588571,0.546941904626148,1.40519694078246
"27",-5.86,0.79,-5.86,0.83,1.359326,9.604077,-1.1484446,0.2002995,35,35,-6.28097321146805,0.855903685495288,-5.38672160385303,0.735624261264919,1.3207718482577,9.05834449188585,-1.23682297381723,0.253203512243932,1.3207718482577,10.4713095589764,-5.83384740766054,0.795763973380103,1.3207718482577,9.25826597631638,-1.26371299093748,0.25682029721723,1.3207718482577,10.5165625432485,2.91596965322843,0.0827914561456479,-0.473866593829781,-7.13946176551076,-6.96180384277616,2.20538519576475,10.0998435454746,-4.69298363109989,0.646731529976144,-3.55389195045146,0.493872880447805,3.31936492,0.09861121,-0.773,0.02505684,94.5323732821743,-139.509503435511,1312.83406652233,0.204374619999644,0.195462329840148,10.3027463838416,0.224418767665952,-1.46768637811351,-915.220656937654,-915.808108985852,-934.232311384443,-934.50791001113,0.268252104494657,-973.293502204566,0.15343159816207,1879.99655700415,1905.63105511551,NA,2486.15862960916,0.480819567534393,1.40195700688468
"28",-5.86,0.79,-5.86,0.83,1.359326,9.604077,-1.1484446,0.2002995,35,35,-6.01056242296363,0.885825677506509,-5.97002423318525,0.830272627965354,1.23366496327633,6.86959438843138,-0.698731912774904,0.110002270998364,1.23366496327633,7.73884728890653,-5.99029332807444,0.858049152735931,1.23366496327633,6.87000522463901,-0.699294917791172,0.110773806326694,1.23366496327633,7.80423441838372,2.21943487579615,0.0503654545885893,-0.31892820335275,-6.69078349151177,-6.98121599544734,1.62161912494917,10.3295401711001,-4.07685764997512,0.610331739565408,-4.418853681635,0.622648592170797,3.55144584,0.06989557,-0.802,0.02827306,73.9204210128871,-98.2855988969369,1228.18680111403,0.650121563503667,0.634692673344223,7.24864256436667,0.146385268925304,-1.00227621976252,-874.361662263614,-874.818257253747,-898.471760773566,-898.993575621762,0.508799920338847,-898.678505330927,0.546356681185223,1798.27856765606,1834.10995389376,NA,2358.08800333113,0.323633253353665,0.918829259696296
"29",-5.86,0.79,-5.86,0.83,1.359326,9.604077,-1.1484446,0.2002995,35,35,-5.08117567348262,0.720186263533959,-5.35464736817626,0.81262615403505,1.45719570404094,10.0112638055589,-1.3694739520981,0.244507982655934,1.45719570404094,7.18899285223632,-5.21791152082944,0.766406208784505,1.45719570404094,10.0299604975086,-1.37579387547626,0.246644265994898,1.45719570404094,7.24818552677195,2.88368337813943,0.0754355766664679,-0.452470831267921,-6.74823350799902,-6.47097225574035,2.34974354617195,6.68661395430741,-3.64500774418236,0.51961810578208,-3.89568701890473,0.598438822226645,4.36296658,0.11629064,-0.857,0.03071518,48.6013426302883,-47.6474421317392,1215.07695446862,0.603391880287565,0.571777839933479,7.57646806975685,0.174372252910653,-1.11554843967966,-923.685978235779,-924.130452117103,-934.721135814773,-935.225298394669,0.491525873944747,-975.96671143183,0.506488730659768,1896.9271996004,1906.60870397617,NA,2382.50646680551,0.434570896615313,1.04165130076347
"30",-5.86,0.79,-5.86,0.83,1.359326,9.604077,-1.1484446,0.2002995,35,35,-6.69928781822122,0.833780474623414,-5.36735717360731,0.715112224105754,1.32140825411748,8.10501258443619,-0.791756362893858,0.145910603714734,1.32140825411748,11.1787951972054,-6.03332249591426,0.774446349364584,1.32140825411748,8.5485223949516,-0.831270832745656,0.149431142134965,1.32140825411748,11.4610872238942,2.61255275730447,0.0763449132620854,-0.433180212874936,-7.68958073781942,-7.06464482202873,1.91495471785069,13.7631349123684,-5.29379579295059,0.668842451623158,-4.42639717997618,0.606758227398043,6.49274002,0.11015776,-0.829,0.02209849,116.806414184796,-184.057585240754,1386.3606436364,0.389587572091811,0.365836643244931,5.8474348222279,0.113427109844421,-0.758181586586492,-908.552361920161,-910.049005613357,-938.539641770193,-940.14365157503,1.57617050816644,-948.679567086195,1.64392058459039,1866.65996696916,1914.24571588701,NA,2588.66370203205,0.432478228811902,0.858416585420739
"31",-5.86,0.79,-5.86,0.83,1.359326,9.604077,-1.1484446,0.2002995,35,35,-5.90981068144979,0.737197273931257,-6.6097141143931,0.938987344415463,1.5425185943388,10.17283732465,-1.16339079323424,0.199660349893423,1.5425185943388,8.85930727417418,-6.25976239792144,0.83809230917336,1.5425185943388,10.2953035285114,-1.19869918400068,0.209840158029929,1.5425185943388,9.06110070775339,2.82134613090883,0.0747452539327488,-0.442583476714032,-7.47552131795507,-6.97321172813229,2.24199567481207,10.2952957046036,-3.77288817949528,0.477881322721175,-4.66749709688668,0.658238524628312,4.56693758,0.11355449,-0.839,0.02811908,69.5123675044028,-89.4694918799683,1357.49013154393,0.233184564390475,0.196610757629681,11.1675163222074,0.217357682296713,-1.49635808633053,-941.186753441531,-942.952144552465,-961.656045162069,-963.074291571955,1.39177663316465,-977.938169703515,1.18565278312414,1931.9287500119,1960.47852267077,NA,2625.51077120788,0.440513890874806,1.46734095373141
"32",-5.86,0.79,-5.86,0.83,1.359326,9.604077,-1.1484446,0.2002995,35,35,-6.82374060240588,0.894061185568015,-5.91145271400192,0.807633697048641,1.43925539094395,8.46290804987859,-1.00804855917828,0.163978757611136,1.43925539094395,6.53764893031074,-6.3675966582039,0.850847441308328,1.43925539094395,8.67097534771073,-1.02776024692863,0.165846185304077,1.43925539094395,6.64518330816714,3.22596394692864,0.0918273307675138,-0.529327327627331,-7.45489664502444,-7.05752136839387,1.9966124719851,7.68597829961531,-4.77105362040007,0.617459029316615,-3.83842200678502,0.525400399468192,4.03909178,0.09589681,-0.874,0.02688892,88.5115351166911,-127.467827104545,1280.37153536917,0.249597660994735,0.236484934715441,10.1584606899786,0.187420124632008,-1.34209575447082,-910.300449379641,-911.086558259478,-925.884446807121,-926.876031539519,0.970108552658913,-940.345467748569,1.08351799448354,1870.15614188812,1888.93532596087,NA,2433.2752436338,0.516346941728644,1.24359775433601
"33",-5.86,0.79,-5.86,0.83,1.359326,9.604077,-1.1484446,0.2002995,35,35,-5.00513206662695,0.684289133374896,-6.20925403091162,0.856801044508747,1.32760072108886,6.48176935898165,-0.694347706460994,0.128056385586781,1.32760072108886,8.11688218069525,-5.60719304876928,0.770545088941822,1.32760072108886,6.84424678519984,-0.746279051785244,0.135496475457544,1.32760072108886,8.1871959006741,3.0077933280648,0.0764390321090117,-0.464675804080791,-6.88605571353739,-7.06239635216156,1.88511592050286,9.92920286306052,-3.42894799857824,0.460069317953458,-4.29024348254321,0.597101130907893,3.29300731,0.07405882,-0.802,0.02851277,72.1548045572118,-94.7543659855863,1245.75751481709,0.347402918232895,0.313741955436314,7.68455593709583,0.156785009988232,-1.05598139228607,-895.358115419246,-896.778456074094,-919.415302118084,-919.953104086281,0.524448255861668,-934.307606413046,0.179607815812831,1840.27147396733,1875.9970365828,NA,2396.76066364859,0.445257584076121,1.02438781796293
"34",-5.86,0.79,-5.86,0.83,1.359326,9.604077,-1.1484446,0.2002995,35,35,-5.7579596933572,0.748061460787155,-5.94737848950556,0.763596928829736,1.39470461731191,9.89533593398556,-1.21566925179859,0.215934026273224,1.39470461731191,9.09190984988069,-5.85266909143138,0.755829194808445,1.39470461731191,9.90430580406913,-1.21640492921214,0.215994363965049,1.39470461731191,9.0981806610641,2.80133441897072,0.0746029051405698,-0.439754833148922,-7.25894431589865,-7.35580681355948,2.21140455640847,9.36292593227136,-4.33172012700234,0.573805045005721,-4.40053117988622,0.571941684249429,6.38738464,0.14952585,-0.864,0.02162002,115.966249918043,-182.377256707249,1330.50538571114,0.970667614293985,0.947611684459609,6.77323233921556,0.131356676989193,-0.907632069231603,-920.862078971544,-920.896426049794,-938.608517126471,-938.651999526583,0.0422531678160859,-971.556918657906,0.0487200464894189,1891.27940107193,1914.38346659957,NA,2478.63351471503,0.442368516754801,0.882165447211832
"35",-5.86,0.79,-5.86,0.83,1.359326,9.604077,-1.1484446,0.2002995,35,35,-5.05432438070336,0.77054600353698,-6.02208056862733,0.863512488797074,1.37408546197604,9.27218786291983,-1.14304973643089,0.190900239457814,1.37408546197604,7.41986289266066,-5.53820247466534,0.817029246167027,1.37408546197604,9.50632587273611,-1.16554195927589,0.193060931303218,1.37408546197604,7.54292407458901,2.72258043950457,0.0684548858051179,-0.417613860455948,-6.42135191586227,-6.83523784152661,2.04536756019106,7.98179789102528,-3.80095780923373,0.571525645052523,-3.7734386930286,0.542132201688048,4.73397147,0.09692323,-0.873,0.03019865,54.3183118214314,-59.0813805140254,1207.32634535525,0.815365812006367,0.790630786848368,7.85221985549499,0.175994898210803,-1.1345691269566,-907.43694275653,-908.274522735638,-922.279585251779,-923.295271398711,0.993859458023024,-947.428373618105,1.1096183649857,1864.4291286419,1881.72560285019,NA,2355.57131019647,0.402741553294345,1.08650915845877
"36",-5.86,0.79,-5.86,0.83,1.359326,9.604077,-1.1484446,0.2002995,35,35,-5.07785355847417,0.73945839003553,-5.4899237845164,0.766921779784577,1.38191365274273,10.0448806507827,-1.22240963575891,0.216529331035666,1.38191365274273,9.40875028602139,-5.28388867149529,0.753190084910054,1.38191365274273,10.0873311185803,-1.22523884706435,0.216717890479793,1.38191365274273,9.44904795316036,3.22350039019455,0.0830387976556176,-0.497154897933415,-6.63009305033879,-6.87854350695243,2.20459712759494,9.67603235141805,-3.34211344034286,0.479107616008399,-3.74032222546383,0.52710311859065,7.42288516,0.16140533,-0.889,0.02689141,62.9111761966085,-76.2671092643796,1268.88319956003,0.876921519686754,0.838635840168982,6.0838516175663,0.134833400585631,-0.864046805159015,-920.189356061707,-920.380944390309,-938.515123743194,-938.7856067709,0.263263243919894,-971.843397424198,0.312095453104698,1889.93395525225,1914.19667983302,NA,2461.49928985567,0.498153662587707,0.874590014440864
"37",-5.86,0.79,-5.86,0.83,1.359326,9.604077,-1.1484446,0.2002995,35,35,-5.25477414521663,0.658247176271975,-5.57832102885912,0.757023875337933,1.46156370976746,11.5936720229697,-1.32685445422451,0.197113809937264,1.46156370976746,7.8562776883703,-5.41654758703788,0.707635525804954,1.46156370976746,11.6198426694484,-1.33484417751433,0.199553019006856,1.46156370976746,7.91313615841321,3.92693138784363,0.093141220846668,-0.590696081626771,-7.29084903367391,-7.02590990470937,2.30616595062029,8.07217152320438,-3.53224319493219,0.450364458167427,-4.42354538170693,0.617186655996125,6.08800653,0.12291154,-0.887,0.02946805,57.2659772641936,-64.9767113995498,1277.85446872812,0.281636949740718,0.234793879628049,7.5588193491739,0.142280828524095,-0.997846855717734,-923.224853967612,-923.831405855449,-940.937929513068,-941.38590225106,0.436568962600987,-977.180953221223,0.399243046938879,1896.00495106406,1919.04229137276,NA,2490.7322260567,0.536296616062229,0.973201706242299
"38",-5.86,0.79,-5.86,0.83,1.359326,9.604077,-1.1484446,0.2002995,35,35,-5.86874385807967,0.867623137158988,-5.29513225518814,0.769736747727901,1.34377712695002,8.86015479755353,-0.94182967156116,0.145315639218004,1.34377712695002,8.24307984699995,-5.5819380566339,0.818679942443444,1.34377712695002,8.94241236529646,-0.955866863746866,0.147711075526968,1.34377712695002,8.2589862376185,2.39046235699668,0.0641819991848015,-0.377611975080758,-6.65741095175037,-6.66698112704657,1.87889644661526,10.1309495471932,-3.99869175657526,0.590604526141644,-3.8321841576506,0.562024149758905,4.60471244,0.08075207,-0.85,0.02925177,61.8688945370208,-74.1825459452042,1223.75934801807,0.956090259273322,0.958518476639526,7.54795615398374,0.160166511107381,-1.06036821682694,-900.974868899447,-901.357845630595,-923.344819598646,-923.46517887231,0.117021012472642,-934.138141888075,0.000521136734922994,1851.50498092773,1883.85607154392,NA,2373.33615009093,0.376813676767164,1.01618511757492
"39",-5.86,0.79,-5.86,0.83,1.359326,9.604077,-1.1484446,0.2002995,35,35,-5.66703122707213,0.8486811499239,-6.48808341105968,0.851444036822635,1.44923348106232,9.57907451804742,-1.35622512091851,0.261470800160952,1.44923348106232,8.12411944908655,-6.07755731906591,0.850062593373268,1.44923348106232,9.74760619025509,-1.35679223949909,0.261472708546956,1.44923348106232,8.5149906828285,3.39908645676307,0.093164007375076,-0.547474467706106,-6.568549779075,-7.3731413978716,2.29064710530347,7.88306901531418,-4.00723853003022,0.60012354486423,-4.56676669902122,0.59173219129025,5.57329536,0.15393562,-0.868,0.02543252,84.4088773855999,-119.262511642362,1307.98835609404,0.147644205171334,0.135725886080453,8.21631631298741,0.177007680025507,-1.1566379398889,-927.487920771109,-929.470522646724,-940.947900808067,-943.884199590047,2.91307495948157,-974.789447333692,3.78596632199366,1904.53108467105,1919.06223396276,NA,2496.71420054572,0.525990207453107,1.1393651579734
"40",-5.86,0.79,-5.86,0.83,1.359326,9.604077,-1.1484446,0.2002995,35,35,-5.99494226721121,0.732399318802448,-5.42815658161547,0.819449809020114,1.28378677849384,7.93772594836868,-0.924637704189567,0.18084234795055,1.28378677849384,10.355838917371,-5.71154942441334,0.775924563911281,1.28378677849384,8.01803745171775,-0.912302961244703,0.182736794912334,1.28378677849384,11.1719334526268,2.91193455116057,0.0741231281111011,-0.448709371722246,-7.58923787880799,-6.50382789853447,1.97405521921109,11.4910019561847,-4.2068096274372,0.522864811322966,-3.97495877380035,0.598012572412836,5.17957554,0.11884438,-0.839,0.02269748,108.320179598493,-167.085116068148,1309.2331154245,0.083179785698661,0.0713825989369155,6.67291593323848,0.143147230862504,-0.891434996615122,-902.882266050878,-905.745092844141,-926.565587152967,-931.423636927355,4.88686294347692,-950.277209126081,5.68562234649492,1855.31977523059,1890.29760665256,NA,2451.38111478086,0.43737114059686,1.09769800915204
"41",-5.86,0.79,-5.86,0.83,1.359326,9.604077,-1.1484446,0.2002995,35,35,-5.85156699023047,0.719091121012059,-5.8166049972105,0.811936392386329,1.27957170325152,9.19648779040797,-1.07440278221425,0.179740033310821,1.27957170325152,8.8371626354947,-5.83408599372048,0.765513756699194,1.27957170325152,9.19679337564696,-1.07359126828182,0.181895094414961,1.27957170325152,9.08865065934846,3.38408933804833,0.0943286547563505,-0.546685174616051,-7.52514940050253,-6.93703930618817,1.98149234403184,9.44641894346034,-4.63944280437058,0.585019757742096,-4.17269447029725,0.588385387680961,4.84376572,0.0914626,-0.827,0.02303034,112.535252467651,-175.515261806464,1293.72357088645,0.303738670969204,0.276539305670363,7.30228040359797,0.151007603971402,-1.00541250805182,-896.924436745769,-898.227565648743,-915.710320330862,-917.477384615871,1.73842664350705,-944.942270619606,1.98840291568944,1843.40411662038,1868.58707300835,NA,2411.93187996644,0.542516190958892,0.998088216462138
"42",-5.86,0.79,-5.86,0.83,1.359326,9.604077,-1.1484446,0.2002995,35,35,-6.46542985740146,0.898564986236518,-6.21856645458983,0.838869938451898,1.41358482574634,7.3248803247443,-0.774578956077534,0.13457046662933,1.41358482574634,7.95710918876473,-6.34199815599564,0.868717462344208,1.41358482574634,7.34011570965622,-0.77826308673431,0.135461341311832,1.41358482574634,7.97003681228873,3.01741015204925,0.077129952169422,-0.469081153375437,-7.06975342108474,-7.17853766569752,1.8660556474291,10.5308048061918,-4.88709867202606,0.681352329387008,-4.17606930922321,0.566407743781992,4.19111447,0.07711495,-0.825,0.02887982,69.3070109328528,-89.0587787368682,1300.3970200554,0.522919814642571,0.442776628422638,8.54773188285917,0.175561850449009,-1.18097340620548,-910.004488565809,-910.178896294086,-933.552791387803,-933.6537482053,0.0981430929450606,-933.693252241569,0.0654477545733952,1869.56422026045,1904.27201512223,NA,2511.73526137394,0.442683526333026,1.13374422229859
"43",-5.86,0.79,-5.86,0.83,1.359326,9.604077,-1.1484446,0.2002995,35,35,-5.77314622279861,0.736837305321749,-5.83073492398175,0.800354137085339,1.30833578152097,8.77575911939783,-0.942707381291281,0.170324886521712,1.30833578152097,10.757275935634,-5.80194057339018,0.768595721203544,1.30833578152097,8.7765882340238,-0.943621844252412,0.171333483501033,1.30833578152097,10.8329678193359,2.26657358393587,0.0620598625873486,-0.360530570958416,-7.34100145913033,-7.02017331290469,1.97470546624989,12.3834383285266,-4.3797325536876,0.565267425058481,-4.01786535025937,0.568720667358732,4.51624903,0.09480017,-0.816,0.02727941,75.7059112703718,-101.856579411906,1320.73850262876,0.484098852865668,0.453799705692857,8.02911153105197,0.155204764957959,-1.04765346538111,-908.067663012787,-908.423244173547,-933.638144474849,-934.087351367075,0.437775562970943,-952.773228935986,0.463470242169526,1865.69056915441,1904.44272129633,NA,2539.62042584562,0.366955447575565,1.14503901935018
"44",-5.86,0.79,-5.86,0.83,1.359326,9.604077,-1.1484446,0.2002995,35,35,-5.50310809155543,0.720311232392796,-5.54883785914497,0.812373712386173,1.41879097973149,6.03059399049659,-0.645714226533909,0.127240581721561,1.41879097973149,7.83518094055436,-5.5259729753502,0.766342472389484,1.41879097973149,6.03111679340754,-0.646766725487362,0.129359456777194,1.41879097973149,8.0043411315377,2.50845649038436,0.063696613891849,-0.383592215825697,-7.16942139394906,-6.66666672872879,1.96388817457678,9.891414301439,-3.83307962561944,0.511797527783157,-3.91841167176605,0.575261777248126,3.50154403,0.08670895,-0.783,0.02639424,82.7597899125191,-115.964336696201,1255.70965552788,0.544647840369297,0.523516389876374,6.48932149727208,0.135604558026363,-0.891751033917451,-908.603643567973,-909.548031180392,-933.494038382233,-934.821604024316,1.30194198220294,-944.215935600456,1.4062357876579,1866.76253026478,1904.15450911109,NA,2395.45497435956,0.385472448417919,0.915908626639874
"45",-5.86,0.79,-5.86,0.83,1.359326,9.604077,-1.1484446,0.2002995,35,35,-5.87783987357055,0.811050664689284,-5.01535951189714,0.688969852075831,1.50899520607266,7.97923057558804,-0.708881330390961,0.12887406145878,1.50899520607266,10.2848767608032,-5.44659969273385,0.750010258382558,1.50899520607266,8.16519866915609,-0.735204406245018,0.132599992660871,1.50899520607266,10.3174186003281,2.72265341514092,0.0695654850173339,-0.417599315940601,-7.00355111896762,-6.86839664801612,2.08710121663951,13.4973195816188,-4.49471038520478,0.625170441822814,-3.58325579936362,0.49113895270243,4.56726968,0.05749556,-0.741,0.02863133,66.575172300217,-83.5951014715966,1339.61219885735,0.373276767845467,0.303254945182999,7.52631866423143,0.173254401991485,-1.0907291379304,-933.219318623124,-933.88102322833,-965.726106249739,-965.927672533546,0.196089433193934,-969.133764186096,0.0718416951453869,1915.99388037509,1968.61864484611,NA,2595.62929624311,0.420457975703563,1.10155266717408
"46",-5.86,0.79,-5.86,0.83,1.359326,9.604077,-1.1484446,0.2002995,35,35,-5.91040931821933,0.863844088202917,-5.55012279147484,0.783540102392985,1.38898592521455,8.75124617997319,-1.07318419437955,0.176108557445493,1.38898592521455,6.70765050427331,-5.73026605484709,0.823692095297951,1.38898592521455,8.78369777531158,-1.08041730541234,0.177720739979733,1.38898592521455,6.72676149821072,2.54095274645,0.0652117847228561,-0.38644553299872,-6.72159100766652,-6.83973484813021,2.00771851977081,7.41331882165544,-4.15829864770624,0.608156477297733,-4.23612840317977,0.594940562894619,4.29433957,0.07961214,-0.865,0.02986024,64.1606458344065,-78.7660485399757,1210.69093596804,0.823403684196788,0.79403991418343,7.8995556047287,0.181525967444664,-1.16353952940166,-904.484422390642,-904.76262432896,-918.735432818763,-918.908781859734,0.168604892894773,-940.588200204484,0.0983329250404199,1858.52408791012,1874.63729798415,NA,2342.6158233961,0.409460285133369,1.07999480840552
"47",-5.86,0.79,-5.86,0.83,1.359326,9.604077,-1.1484446,0.2002995,35,35,-7.35254413142432,1.0112780102544,-5.61481519857602,0.835686642408415,1.45505053809553,6.28986087236047,-0.711918290684278,0.15328543732579,1.45505053809553,8.74887032199043,-6.48367966500017,0.923482326331405,1.45505053809553,7.044786333375,-0.788200840750371,0.160993519441296,1.45505053809553,9.08359740771851,3.69772984743384,0.0988626467219469,-0.587980564724217,-7.28535266473724,-6.59375166376986,1.94945671468415,11.4085087677428,-5.5424736885343,0.765067541105012,-4.32586080965803,0.640838278717398,5.4315271,0.11066798,-0.839,0.02625084,82.1076195833255,-114.659996037814,1335.23078808449,0.222692488996598,0.199680485245876,7.2367867727975,0.157816208932733,-1.01284675828399,-920.692615965474,-923.604575540628,-946.565435598387,-948.928542552659,2.3347773719142,-946.973194104805,2.35301664405398,1890.94047505979,1930.2973035434,NA,2555.80158013117,0.561558091407844,1.05628647481897
"48",-5.86,0.79,-5.86,0.83,1.359326,9.604077,-1.1484446,0.2002995,35,35,-5.63804717411521,0.76687732220624,-5.71041046588488,0.753080788036187,1.61850008459673,6.21749720780532,-0.703502130998475,0.123776112069872,1.61850008459673,5.49858110633373,-5.67422882000004,0.759979055121213,1.61850008459673,6.21880631930425,-0.703252540341585,0.123823698158648,1.61850008459673,5.51175724009657,2.58114936444251,0.0663371949178228,-0.397391597999651,-7.02693176329869,-7.18149123552696,2.15612542597898,6.98504768312278,-3.8472677079824,0.521239611627399,-3.73919792992474,0.49066211324394,3.41872861,0.07237212,-0.845,0.03348886,44.3909378048627,-39.226632480888,1247.15675486239,0.904888093616928,0.881430815690464,7.89462942418392,0.164155540978426,-1.09605263274401,-925.972877427573,-926.063300790404,-944.258214021966,-944.399998140745,0.137872726555642,-956.231500167599,0.165115056959573,1901.50099798398,1925.68286039056,NA,2455.0868772439,0.399072794282126,1.05882350689102
"49",-5.86,0.79,-5.86,0.83,1.359326,9.604077,-1.1484446,0.2002995,35,35,-7.09298826373935,0.965316396749388,-5.50600535646101,0.797093888136061,1.22698253904964,8.55856017715268,-1.04244993220914,0.198513389234177,1.22698253904964,10.5190837767097,-6.29949681010018,0.881205142442725,1.22698253904964,9.18818886415107,-1.10919149365634,0.205588092335218,1.22698253904964,10.8141892482884,2.46223083066764,0.0688626649273695,-0.395190650587295,-7.29962419683696,-6.71486746496973,1.87799952486959,11.5191895199048,-5.01902752492435,0.686442159014137,-4.05027035930088,0.602144603828371,4.07233354,0.11831985,-0.803,0.02296073,109.082277588675,-168.609312048513,1318.73714890639,0.214286159255208,0.185519163205684,8.99321868736796,0.172899946290306,-1.20504271703309,-895.396526943161,-897.465853376086,-916.476933669517,-918.247665493122,1.74208057310333,-938.134819584401,1.73071568580707,1840.34829701516,1870.12029968566,NA,2468.86498576428,0.40815202568238,1.14760264061702
"50",-5.86,0.79,-5.86,0.83,1.359326,9.604077,-1.1484446,0.2002995,35,35,-6.57552026661245,0.880803802622055,-5.57143171139539,0.765517518122701,1.41426065412261,13.7662498382229,-1.41896050700718,0.204723921607756,1.41426065412261,11.4959927060275,-6.07347598900392,0.823160660372378,1.41426065412261,14.0182982949024,-1.44789991671701,0.208046653456172,1.41426065412261,11.579145956635,2.85073369511923,0.0705731347927546,-0.434613921075925,-7.28566036621254,-6.96841766143234,2.12341125585495,13.2652948727311,-4.40717120942441,0.588477918944914,-4.0999009285851,0.572770170315557,8.3018365,0.1413535,-0.877,0.02513081,81.2735131253855,-112.991783121934,1372.44593969898,0.841140196282276,0.837264991991127,8.80130863209392,0.160552777215832,-1.14278299374294,-930.874485122114,-931.396476352615,-956.977129639915,-957.441394181595,0.452498746944683,-972.794769432974,0.395380622607336,1911.30421337307,1951.12069162646,NA,2631.90009627603,0.414259387138815,1.12442186397002
"51",-5.86,0.79,-5.86,0.83,1.359326,9.604077,-1.1484446,0.2002995,35,35,-6.80979560699378,0.965081209875574,-6.03934728357967,0.779428899318604,1.36111785767214,9.98964085434027,-1.25558962595424,0.216323122375365,1.36111785767214,8.37366569855793,-6.42457144528673,0.872255054597089,1.36111785767214,10.1380385091032,-1.29134850380588,0.22493981747915,1.36111785767214,8.50235392239983,2.55610646255006,0.0641716725295902,-0.391514430654182,-7.01783272262632,-7.35345282429695,2.07601643362111,8.7832325625223,-5.0859626693351,0.730735567456849,-3.98010368175418,0.524286429931672,5.06322095,0.12139739,-0.871,0.02678333,79.8986464040786,-110.24204967932,1310.92020511534,0.167002055846689,0.127261180595619,9.09393812417053,0.186681541583678,-1.25455167792555,-912.328585915262,-913.63252091147,-927.468225300428,-928.422697208954,0.933551451765045,-954.063795688098,0.65997840617489,1874.21241495936,1892.10288294748,NA,2511.59836055137,0.378710033225694,1.21178763925843
"52",-5.86,0.79,-5.86,0.83,1.359326,9.604077,-1.1484446,0.2002995,35,35,-6.36888860605068,0.838433935568397,-6.59957860485364,0.872073811383032,1.32331924717898,11.4930427772393,-1.33129570362675,0.211709613103285,1.32331924717898,9.73917456617994,-6.48423360545216,0.855253873475714,1.32331924717898,11.5063472461262,-1.33323579935461,0.211992523414491,1.32331924717898,9.74168100999954,2.68163065440067,0.0741577321410328,-0.430872134638206,-7.33145740951388,-7.36172973319763,2.01357989048268,10.5889914196971,-4.56679315288195,0.609822305353371,-5.03586353585332,0.676749550071627,5.03499898,0.09803508,-0.837,0.02568784,92.7480152933854,-135.940787457933,1349.14570832525,0.822982405998517,0.82280193620927,10.4395954004824,0.196054830018079,-1.38777165873608,-911.310218747463,-911.346087416104,-930.087831950386,-930.104167525806,0.0158706964564626,-952.510801984738,0.00467330333963668,1872.17568062376,1897.3420962474,NA,2562.35062919256,0.429389124700872,1.30035851716664
"53",-5.86,0.79,-5.86,0.83,1.359326,9.604077,-1.1484446,0.2002995,35,35,-4.9622190264381,0.678548463232574,-5.91067573456257,0.86235532620616,1.26861654702278,7.37153909891271,-0.644247690245566,0.125113964199283,1.26861654702278,12.2872866686057,-5.43644738050034,0.770451894719367,1.26861654702278,7.59643163070928,-0.687830903292218,0.133560204918331,1.26861654702278,12.3612990257551,2.49372366937118,0.0670881936038754,-0.392559552254853,-6.87734410054436,-6.73072708273977,1.82052093585004,15.5995878578467,-3.27496518114633,0.441122363223517,-4.49973063370236,0.651486746127424,4.24867774,0.07766694,-0.732,0.02485314,90.0190653999675,-130.482887671098,1302.78526159514,0.10229410791084,0.0713952640011068,6.9434474569527,0.152896089699621,-0.978571981043284,-899.566964878654,-901.045501234321,-934.648528012423,-935.037357527135,0.378771107426159,-940.393165335203,0.0846491773454139,1848.68917288614,1906.46348837147,NA,2475.08763551918,0.400395617978989,1.011172299242
"54",-5.86,0.79,-5.86,0.83,1.359326,9.604077,-1.1484446,0.2002995,35,35,-6.74075410614095,0.839011788172013,-5.87433525068273,0.914692285338805,1.24948280178893,9.38498825025165,-1.0972909558728,0.16581350292414,1.24948280178893,7.330303814359,-6.30754467841184,0.876852036755409,1.24948280178893,9.57265865852504,-1.08089820343886,0.167245387336993,1.24948280178893,8.55569622896815,3.4013055147657,0.0864206353958783,-0.525328581295569,-7.69988021332262,-6.38257653957276,1.79000336021746,8.2846886162984,-5.29059011095155,0.663610721671304,-5.17214976041774,0.802074864253679,8.03623947,0.1510651,-0.919,0.02008612,139.136669107772,-228.718095086707,1276.79625186028,0.000658786993725885,0.000684055923957184,4.99913931644275,0.104506848979799,-0.652742174900364,-882.079662372474,-888.543907101051,-898.241654463382,-907.848280346745,10.0028385579157,-915.916001082955,12.4250337739837,1813.71456787379,1833.64974127339,NA,2324.87440863385,0.5037456997951,0.836256983693597
"55",-5.86,0.79,-5.86,0.83,1.359326,9.604077,-1.1484446,0.2002995,35,35,-5.59171295989707,0.790771366634232,-5.59335444600582,0.712247777031095,1.35794673067603,9.5706504225421,-1.01043186464682,0.161482447406999,1.35794673067603,9.4663062692656,-5.59253370295144,0.751509571832664,1.35794673067603,9.57065109616123,-1.01039964080143,0.16302393593804,1.35794673067603,9.61841143722286,2.99312867967705,0.0822582272556561,-0.479306753740071,-6.83824301543598,-7.30770772886562,2.02399047795185,10.9547957570854,-4.06654073191996,0.575296187248253,-3.78149373183439,0.472055747350716,5.52723653,0.08299986,-0.835,0.02538005,89.7990045649143,-130.042766000991,1295.36258939343,0.269530799811683,0.224740758938744,7.3789490970323,0.164109626432059,-1.05375737223504,-910.711347779236,-911.526795486229,-934.614744729829,-935.62472234619,0.988233208067564,-954.861925823228,1.08393251762481,1870.97793868731,1906.39592180629,NA,2460.68241278586,0.477245129641499,1.04793674654714
"56",-5.86,0.79,-5.86,0.83,1.359326,9.604077,-1.1484446,0.2002995,35,35,-6.05568755871385,0.764401865167372,-6.48200544837549,0.898068232820162,1.2613652013919,10.9641747922026,-1.23336566360652,0.196279366483837,1.2613652013919,10.3594123687847,-6.26884650354467,0.831235048993767,1.2613652013919,11.009611527964,-1.24761175455064,0.200746040944209,1.2613652013919,10.4858746052513,3.35466932139967,0.0885348269981356,-0.523904667255695,-7.45932028036135,-7.08928854036863,1.94061364295707,11.3186159260283,-3.94797175371654,0.494912679174919,-4.57899367220407,0.63715327306902,4.80825973,0.0999137,-0.821,0.02205489,118.408846455789,-187.26244978274,1334.36072536435,0.296719824557119,0.248074451840713,9.96297492562213,0.198738138520987,-1.36402585170188,-901.393508619102,-902.38048199881,-922.270832896388,-923.045823990588,0.757031420336632,-945.604824850986,0.681591117494811,1852.34226036704,1881.7080981394,NA,2481.45900094596,0.527282416748983,1.27529984486626
"57",-5.86,0.79,-5.86,0.83,1.359326,9.604077,-1.1484446,0.2002995,35,35,-5.65300700428337,0.743808099556076,-6.34738307098679,0.896850125788076,1.37103406743367,10.6786710012717,-1.29244231529658,0.221359748662339,1.37103406743367,9.44011599619572,-6.00019503763508,0.820329112672076,1.37103406743367,10.7992105317744,-1.31900949535041,0.227215214110637,1.37103406743367,9.50824782718671,2.84952854330351,0.071793222981234,-0.435042534918563,-7.17933205239809,-6.96192332946776,2.13997632073427,9.89772333461124,-3.95925528768701,0.520343195552639,-4.47129254836188,0.645977279627149,6.80230031,0.15269287,-0.884,0.02650149,73.6430030006744,-97.7307628725114,1313.57146740664,0.412622839974457,0.382698405798591,7.84467393794132,0.16217376454417,-1.07806544557826,-919.12009114121,-919.907067656941,-936.789265764109,-937.244599175906,0.443765616117264,-965.273984890806,0.241188249470856,1887.79542541126,1910.74496387485,NA,2529.41217194076,0.431608141598616,1.07912122017327
"58",-5.86,0.79,-5.86,0.83,1.359326,9.604077,-1.1484446,0.2002995,35,35,-6.38800011533323,0.825789674332586,-6.73691608914731,0.953499193188002,1.35602031150783,10.1705598678491,-0.973900245507481,0.118877461506687,1.35602031150783,7.96914765554935,-6.56245810224027,0.889644433760294,1.35602031150783,10.2009954570447,-0.985040218291675,0.122954891808257,1.35602031150783,8.1053791096879,3.05322569850098,0.08847250130792,-0.506055935029436,-7.42590015528629,-7.01395586312812,1.75644776748198,10.8734660811976,-4.88105965278071,0.642141824469216,-4.52538280615199,0.641212440595195,4.53753682,0.04967902,-0.843,0.02650827,94.2931836540346,-139.031124179232,1317.01030902611,0.502691133163273,0.481410191949352,9.43688170288129,0.184070684439119,-1.28764011960133,-893.904545555102,-895.734245184964,-923.460998018301,-924.516227015661,1.03284495218339,-919.887493818524,0.968302794966538,1837.36433423904,1884.08842838323,NA,2494.98949387298,0.494243191268158,1.15823984385801
"59",-5.86,0.79,-5.86,0.83,1.359326,9.604077,-1.1484446,0.2002995,35,35,-5.81168088324926,0.902186170961195,-5.74761012551674,0.743993568604734,1.41042675558105,8.28403734922612,-0.895928183479122,0.153365441998919,1.41042675558105,8.54091367553145,-5.779645504383,0.823089869782964,1.41042675558105,8.28506361472522,-0.898462063454285,0.159621666858996,1.41042675558105,9.05902168960649,1.88292247075255,0.0469357386629965,-0.279340833696433,-6.39443036539621,-7.27283019703334,1.97615841591806,10.5255810161084,-3.94055119047981,0.617787056821163,-4.36942986753916,0.579301442349644,5.02950478,0.10239189,-0.841,0.02625127,81.0155803769197,-112.475917625002,1282.43226377763,0.0956906424940504,0.0841495885575484,6.93450822053526,0.14835608807513,-0.949589369786491,-914.546962744033,-917.388498039838,-937.424747971337,-941.126394059195,3.69265944072597,-947.722714008048,4.03131621175896,1878.6491686169,1912.0159282893,NA,2452.38860993025,0.308065731868864,1.04618876551281
"60",-5.86,0.79,-5.86,0.83,1.359326,9.604077,-1.1484446,0.2002995,35,35,-5.68418885201282,0.737431826003308,-5.43702543578807,0.726057007401685,1.36925808182806,12.2708308326124,-1.51502135650917,0.286505372256343,1.36925808182806,13.0764625456371,-5.56060714390044,0.731744416702497,1.36925808182806,12.2861032711923,-1.5157242162653,0.286537718880898,1.36925808182806,13.0972382886822,3.36481477166527,0.0829366158692341,-0.512799545824811,-7.24850208796782,-7.06910689751186,2.43156333108462,12.1954275574123,-3.77705779949083,0.499833181305498,-3.87295364521633,0.522775175554532,6.61740818,0.1826325,-0.85,0.02402584,86.9699493987188,-124.3846556686,1382.36539028851,0.980256405461482,0.989256793831978,9.59169585529683,0.178687359407313,-1.24958347310957,-936.202724367502,-936.272868441013,-957.39108336063,-957.494321645534,0.100362610456346,-1003.26627147665,0.119360189670684,1921.96069186384,1951.94859906789,NA,2640.34612490842,0.483916465270791,1.26856208229973
"61",-5.86,0.79,-5.86,0.83,1.359326,9.604077,-1.1484446,0.2002995,35,35,-5.04209161252167,0.704154771502218,-6.46538758734806,0.917357879164855,1.42521575707732,7.12021958821184,-0.776788749116137,0.134538323488565,1.42521575707732,7.32190871717136,-5.75373959993487,0.810756325333537,1.42521575707732,7.6266624462011,-0.852651530355315,0.145902214767817,1.42521575707732,7.4071777652833,2.92354517526972,0.0738894593250982,-0.449228778615585,-6.80466092809699,-6.9577479579977,1.96367562884228,9.13600580783839,-3.65530731977396,0.524376913325742,-4.53312396560868,0.642331696988517,3.55197156,0.07467634,-0.79,0.02872885,67.5332237977096,-85.5112044665819,1239.71827531569,0.405649245501425,0.338051219642549,8.07343199571797,0.167501149594464,-1.12918540481263,-908.816342652975,-910.71372793836,-930.411482815366,-931.1250764793,0.696750645635881,-941.673591106703,0.140115814263033,1867.18792843479,1897.98939797736,NA,2393.9253461648,0.435533091859432,1.04533606412915
"62",-5.86,0.79,-5.86,0.83,1.359326,9.604077,-1.1484446,0.2002995,35,35,-5.96113372459488,0.817796789364959,-7.02056583835693,1.01053229084729,1.26625797015954,8.41247905211916,-1.03455658583233,0.193770475176003,1.26625797015954,9.55038596475963,-6.4908497814759,0.914164540106125,1.26625797015954,8.69307815303674,-1.08560413076543,0.203057218558914,1.26625797015954,9.62103581801892,2.29992851479996,0.0593113855590493,-0.349632976635456,-7.04665330486771,-6.9578171749277,1.88979014878774,10.6455645703032,-4.20620537566244,0.583680289252397,-5.5161825012959,0.79603636270699,5.8015394,0.1267891,-0.856,0.0228736,106.577255142974,-163.599267157111,1310.27294296686,0.177668950605201,0.151505697181872,7.19617071043289,0.160648056940794,-1.03629823103174,-898.430233377575,-899.635826479121,-918.047439682961,-918.514626831409,0.455356802839081,-937.136388385446,0.0426728937367523,1846.41570988399,1873.26131171255,NA,2456.94661877661,0.375743888801111,0.998737806660988
"63",-5.86,0.79,-5.86,0.83,1.359326,9.604077,-1.1484446,0.2002995,35,35,-4.9046924018004,0.747377224107143,-5.35609807206299,0.774705150300041,1.44277582613446,9.47117112296178,-1.19186426356113,0.215177169775879,1.44277582613446,8.37827042764856,-5.1303952369317,0.761041187203592,1.44277582613446,9.52211289274808,-1.19494825877113,0.21536387366338,1.44277582613446,8.42993117940673,2.54849968069945,0.0705359456554734,-0.406842000104667,-6.40975352942156,-6.69834648706922,2.25014594288378,8.68516020321424,-3.62506667318633,0.547764578420101,-3.77757109481438,0.538048202774588,6.36216935,0.13684568,-0.879,0.03043023,42.2183917117073,-34.8815402945773,1239.69888888013,0.786231855999895,0.753926954280362,5.59169431076665,0.138340301216778,-0.835841920977322,-925.136535186436,-925.407487403744,-941.776940429455,-942.161481364613,0.374581981470572,-973.444494619768,0.454779545863175,1899.82831350171,1920.72031320554,NA,2444.51623746568,0.419045588908734,0.874400148012831
"64",-5.86,0.79,-5.86,0.83,1.359326,9.604077,-1.1484446,0.2002995,35,35,-5.65007416711364,0.892550050711002,-6.60339836965353,0.97243325020175,1.44636098778676,12.2675853616793,-1.6809702247069,0.282902733779855,1.44636098778676,7.25499598050337,-6.12673626838358,0.932491650456376,1.44636098778676,12.4947921204664,-1.70000887156961,0.284498065170074,1.44636098778676,7.40268002444964,3.47993038953124,0.097998782357387,-0.566367331688859,-6.2902331601742,-6.76763393150882,2.30289142427719,6.55713226460687,-3.97707971942377,0.627737732303454,-4.08997210929878,0.619526830868535,5.85837563,0.16284702,-0.913,0.03135327,42.0796377211392,-34.604032313441,1246.13521899576,0.826873185131236,0.833923762843604,10.3960416091917,0.219782388411044,-1.47472948792907,-925.230419346521,-926.17626897026,-933.454613498542,-934.69586155119,1.21653784109216,-970.437635079857,1.55841352371575,1900.01608182188,1904.07565934371,NA,2457.66640567808,0.557790456056751,1.33247832893643
"65",-5.86,0.79,-5.86,0.83,1.359326,9.604077,-1.1484446,0.2002995,35,35,-5.97620986462378,0.83283493085793,-6.22790467613979,0.954732637055209,1.19362463828866,12.9327613962907,-1.73267599541009,0.300320668291952,1.19362463828866,10.8776280532224,-6.10205727038178,0.89378378395657,1.19362463828866,12.9485989658267,-1.74034625045648,0.304035430985992,1.19362463828866,11.0703709244135,3.20744383959254,0.0908320188157071,-0.519654065665972,-6.97213608929854,-6.49759591073781,2.12797437978035,9.2547121376978,-4.61598152842535,0.637891133595609,-4.6986995952284,0.708066769058839,6.52883821,0.13987891,-0.867,0.02214907,109.258762529593,-168.962281930349,1287.74754688466,0.465672017405875,0.438057606780319,7.03069114409982,0.174004963617806,-1.06594807929736,-899.748664274301,-900.674836664193,-911.869520834701,-912.996319973895,1.1034623396409,-961.767467793012,1.22801330296921,1849.05257167744,1860.90547401603,NA,2406.53281183898,0.531145686867728,1.04343746374212
"66",-5.86,0.79,-5.86,0.83,1.359326,9.604077,-1.1484446,0.2002995,35,35,-6.65529629409418,0.844639043195148,-6.45781694778076,0.997336205085515,1.36521558317215,9.60961736050448,-1.17461720522378,0.21041193385891,1.36521558317215,9.27139248025006,-6.55655662093747,0.920987624140331,1.36521558317215,9.61936688355956,-1.16707857129527,0.216241039671254,1.36521558317215,10.0950662847602,3.42198138135452,0.093844309007578,-0.55344366782653,-7.58089667201174,-6.47368714857155,2.02448119647025,10.330879663491,-4.79930330505076,0.617411410347869,-4.98023861039743,0.759129891694728,7.00567933,0.14527643,-0.878,0.02694346,73.6061176225196,-97.6569921162018,1356.16293453944,0.0471838889881269,0.0379613464371389,6.98068429656341,0.164798422473531,-0.998326733764098,-916.242267064518,-919.814029206235,-934.606789780995,-940.006444792593,5.45299177442463,-953.045290970957,6.35959137998455,1882.03977725787,1906.38001190862,NA,2614.66887696268,0.521705779164562,1.13749365132337
"67",-5.86,0.79,-5.86,0.83,1.359326,9.604077,-1.1484446,0.2002995,35,35,-5.45854880017765,0.706501476869456,-4.65800116912046,0.680491276293937,1.092837484877,9.9370019682121,-1.2861660648612,0.220242514065307,1.092837484877,9.57132026487928,-5.05827498464906,0.693496376581696,1.092837484877,10.0972210956099,-1.29137166597472,0.220411646698802,1.092837484877,9.90639907111641,3.44981741671174,0.0881551661969158,-0.534604203815088,-7.20713705243149,-6.56155146574849,2.0243390009478,7.93965424339547,-4.12835978620516,0.534440650849411,-3.60679632167739,0.525256532292446,7.25246989,0.15585101,-0.885,0.02090552,117.708580435934,-185.861917743031,1217.80101376037,0.341829031854013,0.331024996641577,4.3007278940524,0.0921384855648383,-0.600416309925038,-868.524725116908,-869.939207538962,-882.100500369187,-884.284849587907,2.15539386313215,-944.731864089201,2.74063152234609,1786.60469336265,1801.367433085,NA,2249.74010977771,0.51212975742658,0.60725722020226
"68",-5.86,0.79,-5.86,0.83,1.359326,9.604077,-1.1484446,0.2002995,35,35,-5.85737050648323,0.769146879690613,-7.10107392963708,0.987426574417825,1.48201812857563,8.90470768235862,-1.07136903498936,0.217426402472753,1.48201812857563,10.4114244853941,-6.47922221806016,0.878286727054219,1.48201812857563,9.29140723354977,-1.13923783587367,0.229337908755305,1.48201812857563,10.4847749621541,3.22063808979302,0.0881860417186656,-0.518035216555319,-7.23273365946779,-7.1759831456327,2.20549056243774,11.9114967397923,-4.2192859414478,0.548609197164429,-5.50391690756161,0.772411573842137,6.61862231,0.1542886,-0.836,0.02260376,108.63116278256,-167.707082436283,1412.94097929618,0.20594541088643,0.181887625228523,7.47984741928126,0.166017741311848,-1.06573957729873,-938.560851360732,-939.9443127645,-962.08709740022,-962.535604232151,0.437091129688497,-978.596756536845,0.0134587511748447,1926.6769458503,1961.34062714707,NA,2658.17487615608,0.49964420838542,1.06614834137641
"69",-5.86,0.79,-5.86,0.83,1.359326,9.604077,-1.1484446,0.2002995,35,35,-5.85281689478081,0.762778515626693,-6.58974541433497,0.921789622492447,1.43081620589169,10.5441693087392,-1.19203663355574,0.201292084459733,1.43081620589169,9.77615062860203,-6.22128115455789,0.84228406905957,1.43081620589169,10.6799352194723,-1.22133158844955,0.207613217486401,1.43081620589169,9.84250009207326,2.94153258913082,0.075774495047006,-0.458473195958798,-7.26612111291782,-7.05570260504021,2.11972434717103,11.1844842113989,-3.78700378419077,0.489817606771421,-4.73241630566742,0.67607833338829,6.03009456,0.12782615,-0.847,0.02725162,70.0259960873843,-90.4967490459313,1356.70966889878,0.234638827209477,0.190126294577218,9.25284947926313,0.186808401087381,-1.26599358116681,-928.169445937602,-929.044577939748,-949.463398896297,-949.893072060045,0.418680442723992,-966.85068229477,0.203999121369319,1905.89413500404,1936.09323013922,NA,2622.92258875162,0.436316031416704,1.22297781898549
"70",-5.86,0.79,-5.86,0.83,1.359326,9.604077,-1.1484446,0.2002995,35,35,-5.62276209306681,0.729078332934897,-5.89939487599337,0.904542151076437,1.24457505987807,10.4561599688273,-1.2989364208365,0.221421407651504,1.24457505987807,9.56254797735649,-5.76107848453009,0.816810242005667,1.24457505987807,10.4752913929748,-1.31107118191536,0.229118295520706,1.24457505987807,10.0329952952798,2.61303594224586,0.0670382001073606,-0.403842409969436,-7.23684327909157,-6.46810803827024,2.02294012946509,9.43554898244636,-4.31909127761389,0.571407485169016,-4.09481682900417,0.633927542282578,4.41224481,0.11104424,-0.818,0.02517417,88.8950980770099,-128.234953025183,1267.71812947479,0.156990684694049,0.150124091555236,8.16464569929361,0.171746476447422,-1.13424787655804,-897.871304844204,-900.366090208853,-913.896466514311,-916.946773945644,3.02866483422059,-949.977747371993,3.33121153939493,1845.29785281725,1864.95936537525,NA,2407.2013059244,0.39626604815284,1.12373746913262
"71",-5.86,0.79,-5.86,0.83,1.359326,9.604077,-1.1484446,0.2002995,35,35,-6.73883372410833,0.888867575851004,-5.97560970916109,0.826980291518483,1.4596906944502,10.6028069663831,-1.15363733519368,0.184930054688317,1.4596906944502,9.32826967114994,-6.35722171663471,0.857923933684743,1.4596906944502,10.7484346906312,-1.16544580059929,0.18588756367883,1.4596906944502,9.42739965630066,3.68195942495492,0.0976272526269827,-0.580776463040462,-7.40093194947144,-7.00641636001636,2.07032768068032,11.270788915013,-5.20310483664416,0.708948012936317,-4.07940557877534,0.559521552445363,6.74087161,0.11018787,-0.855,0.02433372,95.7742751758045,-141.993307222772,1359.30595948877,0.391449384584371,0.320593115433152,8.29061395022809,0.171068220819229,-1.14702078593106,-929.111768799723,-929.58773204404,-951.386831981626,-952.055483193346,0.652659080840794,-961.320824797782,0.729060762947996,1907.77878072828,1939.94009630988,NA,2576.61861175477,0.564077071529647,1.10617599120499
"72",-5.86,0.79,-5.86,0.83,1.359326,9.604077,-1.1484446,0.2002995,35,35,-5.16229691604897,0.645938675657429,-4.27061453218909,0.661798006557128,1.37080543561334,9.34957274457691,-1.06628545254283,0.188469460491432,1.37080543561334,9.73455234902975,-4.71645572411903,0.653868341107279,1.37080543561334,9.54834711299842,-1.06275008104706,0.188532340085578,1.37080543561334,10.3557350940229,3.2872142060988,0.0931284125021526,-0.537559496322195,-7.27170266609931,-6.28553449265512,2.28447837892467,9.81573750002255,-3.72080115458897,0.465003435039225,-3.10665111632241,0.483252461698175,4.54741552,0.10697016,-0.822,0.02901886,57.7204800869109,-65.8857170449845,1262.51326775689,0.0745933281133386,0.0630102720864707,6.79456402256684,0.136834133303058,-0.89489533192348,-916.930355561066,-919.261772787352,-938.695249085496,-942.633111728358,3.93499656865988,-981.018700842931,4.68387973983638,1883.41595425097,1914.55693051762,NA,2459.14081846879,0.526029526603675,1.02458978164029
"73",-5.86,0.79,-5.86,0.83,1.359326,9.604077,-1.1484446,0.2002995,35,35,-5.78967006844506,0.779613220122545,-6.25504308601294,1.00580738259137,1.36096273299736,10.3643347162729,-1.44597127726829,0.281413703015972,1.36096273299736,9.87108958768923,-6.022356577229,0.892710301356955,1.36096273299736,10.4184777276429,-1.47228744225438,0.294204652799714,1.36096273299736,10.4550513577241,2.93722331710133,0.0770081012442745,-0.461156706214977,-7.10267747350912,-6.22044420330889,2.26686101802267,9.24589257244191,-4.47869223057284,0.609382118695971,-4.09932276451621,0.66286861136678,4.5616254,0.1196964,-0.831,0.0265029,77.4333627532926,-105.311482377748,1302.71186431599,0.0824315358411891,0.0733795067487281,8.78398464075036,0.222987970597384,-1.32727398752569,-922.469193888326,-925.114828728073,-937.814490261034,-941.477160822291,3.65275256376678,-977.227608247905,3.98785292039972,1894.49363090549,1912.7954128687,NA,2500.11224625422,0.444287332047215,1.40950206449157
"74",-5.86,0.79,-5.86,0.83,1.359326,9.604077,-1.1484446,0.2002995,35,35,-5.21027108664629,0.681859601267009,-5.9666066566295,0.781914718874276,1.35382126634428,10.3934387634139,-1.25546875813681,0.215038373699487,1.35382126634428,9.34011939649621,-5.5884388716379,0.731887160070643,1.35382126634428,10.5364496370193,-1.27438756923812,0.217541130339338,1.35382126634428,9.37314727755297,3.36054715103325,0.0805209210385849,-0.50010319812371,-7.10566925716596,-7.26590232768914,2.21144863037266,9.31916781335368,-3.54552750203695,0.468815547661034,-4.58759904298477,0.616094519420894,6.40449805,0.12255818,-0.878,0.02382806,98.3036493457724,-147.052055562707,1293.73562745768,0.396508707095306,0.346089687904916,7.24390678049341,0.1586665336766,-1.01930144475997,-915.284458926091,-915.660026065034,-933.02021498667,-933.24344907811,0.21720212559834,-971.413698883462,0.133884327298593,1880.12416098102,1903.20686231997,NA,2440.41919935266,0.492360682594305,1.04763358386842
"75",-5.86,0.79,-5.86,0.83,1.359326,9.604077,-1.1484446,0.2002995,35,35,-5.76314242289458,0.79124715996426,-5.66015367895052,0.869095238300449,1.49152057155184,9.48400588037352,-1.0402736184292,0.175093137744324,1.49152057155184,8.79560532257494,-5.71164805092255,0.830171199132355,1.49152057155184,9.4866575507183,-1.03826924947762,0.176608218569483,1.49152057155184,8.9930953881317,3.41960035850728,0.0854267182456816,-0.52743368621568,-7.00683782489414,-6.44005037495574,2.10031108976053,10.7202410767004,-4.52819333616332,0.62687978273866,-3.79245274562195,0.593371226834454,4.53874476,0.08911357,-0.783,0.02857475,63.0659340690679,-76.5766250092984,1299.34612047792,0.276882773521863,0.25251169841784,7.73157574826301,0.167083187450961,-1.09060614846566,-930.809488256928,-931.797069041827,-952.965299437927,-954.362537567083,1.37095401617601,-963.23692922316,1.55298493107692,1911.17421964269,1943.09703122248,NA,2522.11561594655,0.486025809817991,1.07199840839138
"76",-5.86,0.79,-5.86,0.83,1.359326,9.604077,-1.1484446,0.2002995,35,35,-6.08571941075921,0.871592826477143,-6.54964377107435,0.913595704970857,1.24355204495888,9.69044694747489,-1.04301657507959,0.170565529570588,1.24355204495888,10.5538466000721,-6.31768159091678,0.892594265724,1.24355204495888,9.74425340049834,-1.04788811471373,0.171006590021028,1.24355204495888,10.5891272982002,2.01215514174025,0.0457294239316914,-0.287991020823841,-6.85073612270811,-7.06441820203472,1.7844630754989,12.7069485959293,-4.56208893411394,0.658582034434056,-4.77802132358469,0.671630430739752,5.53600308,0.12696322,-0.821,0.02258955,106.250270430403,-162.945297731969,1312.37796779053,0.916166542580441,0.917352188556716,7.28378636119819,0.135011976528371,-0.963907959691605,-896.146921543837,-896.320150128245,-919.974270767462,-920.187696301534,0.207644047541544,-928.790287932591,0.222144115621642,1841.84908621651,1877.11497388155,NA,2461.81063784909,0.29885751909422,0.895575588522902
"77",-5.86,0.79,-5.86,0.83,1.359326,9.604077,-1.1484446,0.2002995,35,35,-5.93449177017593,0.83203172740844,-6.37552468280302,0.830237030408557,1.43076377471806,10.0249242690947,-1.23642239235688,0.216661916112274,1.43076377471806,8.64258137605786,-6.15500822648947,0.831134378908499,1.43076377471806,10.0735517765997,-1.2362245122456,0.216662721346604,1.43076377471806,8.76737898590964,3.06159901927979,0.0850930770520313,-0.496826606902124,-6.93520327315795,-7.38692852609693,2.15727731520833,9.341585068952,-4.44014957158108,0.618107162702495,-4.25284632390834,0.562000253474692,6.9211787,0.1570758,-0.9,0.0257462,81.9953907510825,-114.435538373328,1317.58404479967,0.77424999556586,0.751342552555997,7.70604653881406,0.152870621301304,-1.03018307720131,-924.788807048914,-925.345611937328,-941.674161217502,-942.574312779634,0.880079424685173,-965.413438069599,1.08843529272382,1899.13285722667,1920.51475478163,NA,2520.73255122602,0.47840182173566,1.06732393281311
"78",-5.86,0.79,-5.86,0.83,1.359326,9.604077,-1.1484446,0.2002995,35,35,-5.36267439660287,0.691766866692939,-5.03383866999069,0.621568071192478,1.34212525643624,10.5909727775179,-1.21686481585354,0.193519216921504,1.34212525643624,9.0017796533128,-5.19825653329678,0.656667468942708,1.34212525643624,10.618006011292,-1.22263578383496,0.194751184643933,1.34212525643624,9.01514915901962,2.66567208706056,0.0726154585755068,-0.427332257293401,-7.19904764341606,-7.28843817506645,2.26850722501077,8.72645552196362,-3.75575414411059,0.493528695815924,-3.30893186441942,0.398570021213318,6.76023222,0.13348229,-0.897,0.02730516,68.8070535330887,-88.0588639373401,1275.01326338353,0.597561355061349,0.562104752132007,6.7502966315868,0.13207738555826,-0.895722736064623,-909.669837097624,-909.860987438537,-928.565614855356,-928.659122260755,0.0908964623872954,-975.584506629517,0.043095828071931,1868.89491732409,1894.29766205734,NA,2461.96766282972,0.413055720256766,0.931245766241512
"79",-5.86,0.79,-5.86,0.83,1.359326,9.604077,-1.1484446,0.2002995,35,35,-5.5005536319572,0.729411284196239,-5.58130195779509,0.766212935662291,1.13031137130641,10.5605098421235,-1.29825278643174,0.198741062585516,1.13031137130641,8.20642329819196,-5.54092779487615,0.747812109929265,1.13031137130641,10.5621399151549,-1.29899570436772,0.199079652973173,1.13031137130641,8.22393701699866,2.70384816595336,0.0746546496894536,-0.436010654721857,-7.11265118052462,-6.97414479008424,1.90868118770071,7.46054121127071,-4.16722411680881,0.548459247636639,-4.06744091764205,0.562425118257421,6.24986425,0.12133887,-0.898,0.02567929,86.1512129256998,-122.747182722562,1210.89254497404,0.787638807446562,0.76685297458057,6.10341979205185,0.126942318526338,-0.859056182820301,-867.211344663385,-867.348818391157,-880.683801447975,-880.816838530758,0.129358909565851,-928.390410180764,0.14136927995397,1783.97793245561,1798.53403524258,NA,2299.03790722552,0.425122983870687,0.774709936007806
"80",-5.86,0.79,-5.86,0.83,1.359326,9.604077,-1.1484446,0.2002995,35,35,-7.41201046504428,0.979431892576081,-5.44205383366209,0.766457242651425,1.10550461339954,13.3607267629041,-1.68765660643808,0.317755134509547,1.10550461339954,16.8973281553315,-6.42703214935318,0.872944567613753,1.10550461339954,14.3309090452857,-1.79254431242192,0.329094684887179,1.10550461339954,17.3775736005799,2.65770263749793,0.0706448168488493,-0.414551974928904,-7.53454992667068,-6.83344114812924,2.12851477868377,14.4174227087399,-5.10144668917517,0.673182624223613,-4.19604970396447,0.594368087222644,9.42198349,0.25124896,-0.87,0.01768727,145.593096934454,-241.630950740071,1436.57698952938,0.437016679812472,0.374552039071942,9.37447190715709,0.176969708532838,-1.23882163424878,-901.035240716112,-903.280104422667,-921.779445973048,-923.633022071313,1.82466846411164,-976.101308910892,1.78249910901654,1851.62572456106,1880.72532429272,NA,2631.52302831868,0.427660391962939,1.21021306787806
"81",-5.86,0.79,-5.86,0.83,1.359326,9.604077,-1.1484446,0.2002995,35,35,-5.08441155144592,0.732318760075495,-5.9616423079914,0.84224564191219,1.4429741375321,7.98939559362724,-0.934157379879226,0.174220859951119,1.4429741375321,8.45272489340816,-5.52302692971866,0.787282200993843,1.4429741375321,8.18177904368457,-0.9582651903088,0.177241839788703,1.4429741375321,8.50130597677675,2.61048006338143,0.0665337808359295,-0.401563816597194,-6.67918711109171,-6.90150195141282,2.10225962383636,9.81673657809202,-3.62656892656296,0.532186625640904,-3.99551398373537,0.557088211432463,4.34271621,0.0965489,-0.821,0.02967594,55.2309381722229,-60.9066332156084,1266.14475818381,0.750315074611967,0.759300668415139,7.22187353856208,0.15791653509136,-1.02329516301967,-921.295865558788,-921.899202532096,-942.364152107911,-942.72298694426,0.349477394752836,-960.656323402847,0.258643320698647,1892.14697424641,1921.89473656245,NA,2471.38288315201,0.396063083523506,1.01325765732255
"82",-5.86,0.79,-5.86,0.83,1.359326,9.604077,-1.1484446,0.2002995,35,35,-6.65614282338104,0.911196347546299,-6.17506890707162,0.893981819801922,1.1916582046178,14.5858903352758,-1.76156497629543,0.293428966111132,1.1916582046178,13.9700581143318,-6.41560586522633,0.902589083674111,1.1916582046178,14.6437483635142,-1.76363534136529,0.293503051102497,1.1916582046178,14.0758119880656,3.43575600206448,0.0932699299291531,-0.544803011200282,-7.18521200499565,-6.8066977903871,2.0894853290268,13.0081320725982,-4.64759287646091,0.640316336431583,-4.57412937763358,0.65250566594838,6.86058913,0.1651419,-0.848,0.02149594,111.889559591131,-174.223876053425,1373.41039366928,0.916500710659377,0.913279546267017,9.99888634240062,0.197416677765545,-1.36210654921438,-909.158104862413,-909.462804931588,-927.663244579665,-928.156011253182,0.480376452714877,-968.212068577363,0.582494453662683,1867.87145285366,1892.49292150596,NA,2572.59691128513,0.549963446441356,1.27349758517148
"83",-5.86,0.79,-5.86,0.83,1.359326,9.604077,-1.1484446,0.2002995,35,35,-5.40522587357131,0.733601637191789,-5.72323698571702,0.714003255743003,1.20933407656775,12.8761307036844,-1.42542205453348,0.206590911062363,1.20933407656775,10.8505791298863,-5.56423142964416,0.723802446467396,1.20933407656775,12.9014134705464,-1.42386392876328,0.206686935201216,1.20933407656775,10.9880538668028,3.64462058632138,0.100005484511241,-0.58879070137319,-6.99235838332809,-7.42713158067617,2.04783809851468,10.6123717814575,-3.490483520256,0.480950385839237,-3.8438421681511,0.469920561235538,6.75965523,0.13478177,-0.887,0.02459841,88.538700937323,-127.522158745809,1290.81594202337,0.383885544975212,0.373884013677699,9.02839194044072,0.160939796165766,-1.1635065081282,-893.498570883795,-894.046905274257,-914.9133681886,-915.720741519744,0.788846014010464,-956.714607858417,0.94592333099612,1836.55238489643,1866.99316872383,NA,2454.10972530094,0.55904034343625,1.12707084615712
"84",-5.86,0.79,-5.86,0.83,1.359326,9.604077,-1.1484446,0.2002995,35,35,-5.36771651108266,0.727126680469131,-5.33927300695128,0.789276135338995,1.23140441353123,9.6899147423967,-1.25768742002093,0.229872613269998,1.23140441353123,9.79754442625487,-5.35349475901697,0.758201407904063,1.23140441353123,9.69011700062851,-1.25724548295184,0.230838251955154,1.23140441353123,9.91747684861991,3.45254084327471,0.0926778837512782,-0.550899995340511,-6.99342513746971,-6.5947112636265,2.0886737804186,9.1853749994509,-3.5397522848369,0.482083898748547,-3.94808518208898,0.585951472350629,5.35161206,0.12729475,-0.85,0.02664724,71.7236926886748,-93.8921422485121,1246.68541097622,0.52832704946877,0.480090258004374,6.85696155994797,0.155562982029648,-0.994419179668683,-896.72487653211,-897.24554012759,-912.830245917225,-913.603476099516,0.75530179815633,-956.962912529031,0.889246201780787,1843.00499619306,1862.82692418108,NA,2399.47867970392,0.522964348253808,0.96469272893682
"85",-5.86,0.79,-5.86,0.83,1.359326,9.604077,-1.1484446,0.2002995,35,35,-5.96630256310346,0.810260099935632,-6.20291951233424,0.879215068698648,1.21998162506458,8.39375897313806,-1.04705425714413,0.190707656109133,1.21998162506458,9.09751513893333,-6.08461103771885,0.84473758431714,1.21998162506458,8.40775586830388,-1.05113323572989,0.191896353038411,1.21998162506458,9.12794113813478,2.61206689689812,0.0679274485850912,-0.405399992157245,-7.0967237887285,-6.92252487753361,1.86004204381959,9.76693368118509,-4.86305852468241,0.676993349806355,-4.57641397170068,0.652827749055122,6.14964684,0.13053706,-0.861,0.02175518,115.582559382844,-181.609875636851,1276.26060320562,0.893368912099287,0.882766794168593,5.5147720406668,0.122849275214443,-0.794165199677935,-888.089757643166,-888.31945647497,-905.854907327638,-906.065515337816,0.204898721837101,-930.503449678057,0.180311337448857,1825.73475841517,1848.8762470019,NA,2370.91133077439,0.404151265523407,0.761203316995498
"86",-5.86,0.79,-5.86,0.83,1.359326,9.604077,-1.1484446,0.2002995,35,35,-5.35087566457669,0.697322977010776,-6.45027832095253,0.803429614613144,1.22629353808698,12.1921696169157,-1.73272161641349,0.318197183988954,1.22629353808698,10.4131435202658,-5.90057699276461,0.75037629581196,1.22629353808698,12.4943411671272,-1.76188509622328,0.321011838624774,1.22629353808698,10.589325474226,3.19727231906618,0.0912333407521784,-0.523959395416547,-7.15414704386985,-7.62139381060555,2.36216050759935,7.93594419325845,-3.63270651911309,0.472616121540574,-4.56151470656555,0.572560713284721,6.49071361,0.1742872,-0.886,0.02154883,115.679255146856,-181.803267164875,1334.89102776129,0.390054837652704,0.313641500313451,9.25646100650884,0.183170361202446,-1.25935502033343,-904.431342391548,-905.448996617032,-915.692553387321,-916.764871141774,1.04969965969721,-982.529028896219,1.23080632336976,1858.41792791193,1868.55153912127,NA,2487.97878835772,0.517798577185648,1.19161268995198
"87",-5.86,0.79,-5.86,0.83,1.359326,9.604077,-1.1484446,0.2002995,35,35,-7.21337257608251,0.901890017163864,-5.44730284255415,0.791633263694988,1.37963218059286,8.58396773724059,-0.99249248226447,0.171001554535984,1.37963218059286,8.27516987522082,-6.33033770931833,0.846761640429426,1.37963218059286,9.36371831316183,-1.04117276106909,0.174040692457358,1.37963218059286,9.07504144197742,2.50950431793902,0.0654262028482678,-0.389802771810757,-7.7978864659183,-6.68869793843802,1.96493232976037,9.77530129202229,-5.2374030358779,0.664528114340194,-3.64456810529778,0.543368328845084,3.78261944,0.10939228,-0.833,0.02299955,114.965274552492,-180.375305976146,1322.12945240467,0.00485408618393017,0.00290167945549451,10.8498938359012,0.173705753178729,-1.32143724492706,-910.42481965323,-914.271062800149,-930.038893250997,-935.829314073089,5.86418009278282,-943.971024893109,6.914816800624,1870.4048824353,1897.24421884862,NA,2463.8835988332,0.389698913546126,1.3332689126616
"88",-5.86,0.79,-5.86,0.83,1.359326,9.604077,-1.1484446,0.2002995,35,35,-6.43793599996954,0.857320660283729,-4.85500843121663,0.626321663740265,1.49675189455655,8.30435230544173,-0.861839523796425,0.141288522802504,1.49675189455655,7.97151748146437,-5.64647221559308,0.741821162011997,1.49675189455655,8.93076722742122,-0.95325319379215,0.154628656903526,1.49675189455655,8.07572395046006,2.60587553530494,0.0630510224923543,-0.392191755832536,-7.28798258489302,-7.08128726197892,2.15246454864514,9.61458542132365,-4.56285886966771,0.611715846275382,-3.29572770814461,0.418510231726254,4.78834589,0.07933179,-0.824,0.02856346,68.4319166005658,-87.3085900722943,1303.79217190137,0.160695298733485,0.128364449908439,8.50775113773381,0.178651647024117,-1.19145393524803,-923.944033196376,-926.04347872623,-947.671572068645,-948.479954216677,0.789837383290776,-965.778202013094,0.222520084817066,1897.44330952159,1932.50957648392,NA,2520.27575373044,0.374824519566916,1.12976567566213
"89",-5.86,0.79,-5.86,0.83,1.359326,9.604077,-1.1484446,0.2002995,35,35,-6.60602663237897,0.870367186525829,-5.41291791854619,0.749728839340341,1.47930524063761,7.22943730483358,-0.73357787129311,0.112596965796328,1.47930524063761,6.55630807411858,-6.00947227546258,0.810048012933085,1.47930524063761,7.58531440558953,-0.769561537105459,0.11623536849924,1.47930524063761,6.71127815871965,3.24573796494767,0.0824608791574226,-0.504897652222747,-7.37834538999918,-6.90396873113499,1.93065205918392,8.7764793035045,-5.19735360238083,0.698434184319448,-3.97436393503487,0.555668206227176,5.05516037,0.09331255,-0.867,0.02762882,77.4420916795295,-105.328940230222,1277.51286639242,0.24786354785982,0.204962029429984,6.41552185314716,0.117195239695511,-0.834181486506634,-910.025455161973,-911.273977709172,-932.781945396465,-934.203031654035,1.39459186278635,-936.254322401211,1.41875396244169,1869.60615345278,1902.73032313956,NA,2449.69679255462,0.466934279054741,0.817762252285692
"90",-5.86,0.79,-5.86,0.83,1.359326,9.604077,-1.1484446,0.2002995,35,35,-6.10575701323192,0.923881127128385,-6.83035202947425,0.963938895258718,1.23133274437877,8.61092714174473,-1.00904689613398,0.178836958324701,1.23133274437877,9.63485864206652,-6.46805452135308,0.943910011193551,1.23133274437877,8.74218662613556,-1.01630331092124,0.179238114521597,1.23133274437877,9.80555792532246,2.49674592555197,0.0668611150589276,-0.389495432666277,-6.5592535605345,-7.04519475999748,1.77177446134701,11.2923001925022,-4.19331754295064,0.618142339635565,-5.03548478218849,0.715358222610086,4.45282061,0.08565261,-0.817,0.02693019,80.5570835664568,-111.558924004076,1296.66976109615,0.482199275292069,0.432116428934019,8.43824802761988,0.19375998914311,-1.23582686915475,-891.328548853028,-892.069329955538,-911.753275372731,-912.867918109959,1.09146267497062,-923.229421979994,1.29024685445463,1832.21234083489,1860.67298309209,NA,2481.78059818823,0.409427892179279,1.17814883613297
"91",-5.86,0.79,-5.86,0.83,1.359326,9.604077,-1.1484446,0.2002995,35,35,-6.60473445865355,0.930796865078198,-5.61292434856103,0.813986610681823,1.28178771246441,8.13450542338752,-1.15138334224119,0.228346389280906,1.28178771246441,8.46548892500685,-6.10882940360729,0.87239173788001,1.28178771246441,8.38042724700798,-1.18034674005939,0.231757548163942,1.28178771246441,8.54891010635746,2.72249569245256,0.0729251162945137,-0.431276905389007,-7.01702882883536,-6.72114398746875,2.01678519651336,8.38319291150584,-4.92819112682383,0.698219075080545,-4.44246466737858,0.654542511344862,6.31298249,0.17672748,-0.885,0.02401881,92.6259145185387,-135.69658590824,1273.48509490509,0.698561639803619,0.663173186635049,5.52573512635557,0.120132782337116,-0.785546520988732,-898.347287623985,-899.220288149056,-913.438211732264,-914.052432581592,0.599297128419349,-945.510750208195,0.550531411756825,1846.24981837681,1864.04285581116,NA,2411.27360390194,0.421811651511246,0.75442821618848
"92",-5.86,0.79,-5.86,0.83,1.359326,9.604077,-1.1484446,0.2002995,35,35,-5.8419042789532,0.79651710777131,-6.06357144643919,0.873001801830508,1.5216381019582,6.83661002978166,-0.827330411965984,0.158378557363496,1.5216381019582,6.90604608633617,-5.95273786269619,0.834759454800909,1.5216381019582,6.84889411306697,-0.831568948338017,0.159841034469828,1.5216381019582,6.94607924542127,2.58361816747894,0.0762318882087686,-0.432762455255325,-7.05420269562176,-6.82019384783303,2.07618843903136,8.4995208360436,-4.24452308961672,0.590492531306974,-4.76094837726574,0.687750210740288,4.93521197,0.10449168,-0.848,0.02832284,67.5861007408394,-85.6169583528413,1270.47072589914,0.64482919311814,0.601010995451596,6.28123391370595,0.142613696304516,-0.908645299049197,-923.765199253909,-924.097078602957,-942.861752897917,-943.215311431527,0.34432569555743,-953.054093036598,0.330402290816648,1897.08564163666,1922.88993814246,NA,2455.32449344543,0.422686781907639,0.894135292081773
"93",-5.86,0.79,-5.86,0.83,1.359326,9.604077,-1.1484446,0.2002995,35,35,-6.20721322512748,0.842505799651796,-6.53972236495273,0.946310439200063,1.30654256987067,8.16337464685743,-1.00542292588692,0.176560927480521,1.30654256987067,7.76509750322808,-6.37346779504011,0.894408119425929,1.30654256987067,8.19101522887425,-1.01405192373844,0.179254778278458,1.30654256987067,7.83817953407392,3.25487039111122,0.0894012634599199,-0.52230502457812,-7.14552291605731,-6.85959087496115,1.87074984657403,8.86678497415086,-4.8637911552584,0.669722993445948,-4.72389881676571,0.690927660440671,6.31536106,0.14355745,-0.887,0.02503158,88.752072222867,-127.948901316897,1276.31187374954,0.654642977588495,0.635228098637838,6.18350293224507,0.129936263286313,-0.864364011557715,-896.217732601953,-896.826168564495,-912.74349144667,-913.324720900727,0.566973510070731,-928.854111284245,0.527085693207401,1841.99070833274,1862.65341523997,NA,2424.67484618219,0.514063848757681,0.828620291653048
"94",-5.86,0.79,-5.86,0.83,1.359326,9.604077,-1.1484446,0.2002995,35,35,-5.27189856896102,0.719280440001994,-6.04254377829171,0.846088772233308,1.2133492411806,9.85556661869676,-1.33843867768111,0.273331934381285,1.2133492411806,12.4137411845401,-5.65722117362636,0.782684606117651,1.2133492411806,10.0040401283629,-1.36286973611543,0.277352022662107,1.2133492411806,12.4433600029223,2.88742897171451,0.0759046391037236,-0.454300683645494,-6.94435306568108,-6.95950704574603,2.17514029523654,11.1730655295573,-3.79480243342891,0.523185200770683,-3.92980343184733,0.555729752158011,5.41455243,0.16816135,-0.839,0.02234214,104.050247889516,-158.545252650194,1321.44332287056,0.959341768338246,0.960768557215999,7.54032299733329,0.159975456837699,-1.05070325959151,-904.572328685887,-905.018712902549,-924.398659705356,-924.553055975663,0.150150477952458,-973.140608810618,0.00103207949746432,1858.69990050061,1885.96375175734,NA,2484.34139309094,0.436310714482212,1.04733020992471
"95",-5.86,0.79,-5.86,0.83,1.359326,9.604077,-1.1484446,0.2002995,35,35,-5.64122461499437,0.786219494560104,-6.38339744030264,0.925064379443885,1.22720462547441,7.91903870460367,-0.66925517406268,0.113926696020787,1.22720462547441,12.2000246665016,-6.0123110276485,0.855641937001995,1.22720462547441,8.05674383026019,-0.695016899186129,0.118746171535385,1.22720462547441,12.2400909080324,2.24601068905395,0.0612594453442871,-0.358170663528423,-6.91487354646385,-6.82984447649946,1.64082479928266,16.7627308755407,-3.89582265736513,0.563713122186226,-5.0047426630654,0.723514002210454,3.85009876,0.07591101,-0.736,0.02443033,98.059353561658,-146.563463994479,1312.48964128985,0.239811881045727,0.225914851922713,7.73829350968789,0.145656623782135,-1.01050997826019,-890.41795565536,-891.340424925599,-926.056225733121,-926.268376020136,0.206401464613002,-917.302233706025,0.0295195594628004,1830.39115443956,1889.27888381287,NA,2478.41581858521,0.356396732581879,1.03815929218568
"96",-5.86,0.79,-5.86,0.83,1.359326,9.604077,-1.1484446,0.2002995,35,35,-5.91146099218871,0.760753403998254,-6.24400992345709,0.967184242321996,1.44488973180717,8.7436887842525,-1.06620473253594,0.178896071404112,1.44488973180717,6.88809011871927,-6.0777354578229,0.863968823160125,1.44488973180717,8.77133598217445,-1.08336682120229,0.189549494156872,1.44488973180717,7.44123160760863,3.05218975265931,0.0816540660841303,-0.478645910823433,-7.3368303013702,-6.43951771597516,2.06139624252963,7.81408274724815,-4.25331748699986,0.553382413954591,-4.65445523872593,0.728468505958049,5.90200164,0.12653183,-0.881,0.02714873,74.8879851752395,-100.220727221642,1273.83004354058,0.0214921216854838,0.0211093756872503,7.02254915201534,0.164379967480001,-1.0191547907088,-914.781986748632,-918.70324247248,-930.022751290551,-934.766943961387,4.76840663308541,-948.681125185582,5.27346266978669,1879.1192166261,1897.21193492773,NA,2447.43935985951,0.489721634076428,1.06560957658405
"97",-5.86,0.79,-5.86,0.83,1.359326,9.604077,-1.1484446,0.2002995,35,35,-6.96056787342145,0.829578860418154,-5.80590584064432,0.800166973027354,1.34620261451194,8.73929872675639,-1.18671231373924,0.22559840018051,1.34620261451194,8.26662716971511,-6.38323685703288,0.814872916722754,1.34620261451194,9.07260982924064,-1.19520251115985,0.225814664960482,1.34620261451194,8.89157131850497,3.36930356755837,0.0909876229730676,-0.542515562456454,-7.97589292320366,-6.99645930459232,2.11689274389433,8.25523860066961,-4.76200151823546,0.566926101330496,-4.13732478763617,0.575847998639504,5.03017652,0.16236015,-0.892,0.02429856,103.981058148679,-158.406873168521,1365.19931460705,0.0609905857341131,0.0484570009650541,9.55947561477971,0.163477416834985,-1.19610488946279,-909.13751347214,-912.210961850297,-923.964743083424,-928.533191078125,4.58594063831503,-956.899106729781,5.82653690411979,1867.83027007312,1885.09591851348,NA,2571.99175604559,0.500397524909568,1.2194575755444
"98",-5.86,0.79,-5.86,0.83,1.359326,9.604077,-1.1484446,0.2002995,35,35,-6.06307578787155,0.764301626995172,-6.44037934815182,0.857294026561504,1.550205506743,7.61894097920564,-0.756425579045591,0.136648010243498,1.550205506743,8.58653744523273,-6.25172756801168,0.810797826778338,1.550205506743,7.65453047335568,-0.765197169904436,0.138809906837774,1.550205506743,8.61656248228346,2.73688931358734,0.0783945420049172,-0.448377157680082,-7.4673057026104,-7.29058460990032,2.06760287829934,11.4504105253362,-4.60583980620611,0.58489348908806,-5.39923057450221,0.721786787641826,3.88127868,0.0375905,-0.686,0.02488175,107.009881787264,-164.464520445692,1380.97634327354,0.318240049159892,0.251774245712826,8.94876813756362,0.205371804405362,-1.31570748075275,-933.883173619779,-934.274757793742,-960.91000405557,-961.128901453823,0.212976012571125,-961.506784217144,0.14436866422527,1917.3215903684,1958.98644045777,NA,2597.4881661014,0.448490423227787,1.22825207508294
"99",-5.86,0.79,-5.86,0.83,1.359326,9.604077,-1.1484446,0.2002995,35,35,-6.01312070643382,0.82552553864225,-5.27997997462684,0.667507268252604,1.3512791161199,9.97854792205736,-1.21540014155407,0.20206632616709,1.3512791161199,8.24175512477998,-5.64655034053033,0.746516403447427,1.3512791161199,10.112921755216,-1.24436254915215,0.208308769611324,1.3512791161199,8.31091551845232,3.01820908478379,0.0781585054820408,-0.471419751703545,-7.05259439847956,-7.26088563129581,2.158938191124,8.27887564018931,-4.49699165239033,0.620712392788688,-3.63532383711986,0.456569273422415,5.28717141,0.11866308,-0.867,0.02727988,74.2696909434577,-98.984138758078,1270.91327357601,0.29792207431452,0.234052845072763,8.49106836374805,0.176110098069959,-1.18418441191033,-908.80069153761,-909.715513910949,-924.698759537795,-925.220652054032,0.508875933869936,-961.806842619028,0.257723119344451,1867.15662620406,1886.56395142222,NA,2442.84240839394,0.450400268768493,1.11148839407003
"100",-5.86,0.79,-5.86,0.83,1.359326,9.604077,-1.1484446,0.2002995,35,35,-6.20647593159342,0.877167250877801,-6.56380681970904,0.986610326538376,1.37045575100116,8.21166693913857,-0.902526257535589,0.182606857048083,1.37045575100116,11.2448108514169,-6.38514137565123,0.931888788708088,1.37045575100116,8.24358828003894,-0.912303105391564,0.185601303750594,1.37045575100116,11.3196858800584,1.88774083879004,0.0462534149131537,-0.277172141135082,-6.93828166545596,-6.64357902935009,1.93417711349897,13.9649574496192,-4.57951871002962,0.649886065827392,-4.60439771092922,0.703680307834894,5.36195761,0.13591579,-0.812,0.02371299,94.2109075939535,-138.86657205907,1353.25500205535,0.656756131998614,0.631906783077107,7.12045126197724,0.152796348827729,-0.990679068541862,-920.621633489067,-921.124121658465,-947.847158923336,-948.273894166015,0.415808950371317,-951.601859763337,0.357061706424391,1890.79851010697,1932.8607501933,NA,2567.64343205163,0.307062491314746,1.02222981078349
"101",-5.86,0.79,-5.86,0.83,1.359326,9.604077,-1.1484446,0.2002995,35,35,-6.69662579351794,0.951129831219534,-5.60997124006522,0.710000910296898,1.32766207525029,7.76196663416826,-0.854158484122025,0.144338433379669,1.32766207525029,8.10399943253681,-6.15329851679158,0.830565370758216,1.32766207525029,8.05717116380314,-0.919664444094456,0.158874222505998,1.32766207525029,8.28202791901537,2.16352472371153,0.0520587854134896,-0.321480701019952,-6.98778161298752,-7.33771077350609,1.88350687004375,9.76724586926188,-5.36359429801246,0.762979460738348,-4.56577550812267,0.590371238154477,5.52751541,0.08697003,-0.858,0.02315486,115.415009015836,-181.274774902835,1293.79172756863,0.118393385648505,0.100403636643295,6.52040741690786,0.153103734171697,-0.959014204092165,-897.793295283108,-900.375142804328,-919.327639854039,-920.683276208001,1.32973833865554,-933.575858960681,0.718514260870744,1845.14183369505,1875.82171205471,NA,2406.30868023443,0.322312578715611,0.948638398596785
"102",-5.86,0.79,-5.86,0.83,1.359326,9.604077,-1.1484446,0.2002995,35,35,-5.38770025259701,0.751830482024418,-5.13371464837304,0.743134443734898,1.27352823567439,11.3964556651436,-1.31431640585638,0.217338690215306,1.27352823567439,10.9989225669965,-5.26070745048502,0.747482462879658,1.27352823567439,11.4125828369318,-1.31486857299121,0.217357595485789,1.27352823567439,11.0271387512573,2.64103741978653,0.0672003293730682,-0.406035849496705,-6.86623002191576,-6.66405316354855,2.10655233880907,11.0691475546658,-3.87741597814188,0.546399832557704,-3.35768911354009,0.484794580916293,6.04068189,0.12358865,-0.867,0.02844846,57.3157828581797,-65.0763225875219,1265.08210412759,0.779481982269984,0.747734379024043,7.44993054428785,0.156765704873453,-1.02854621819231,-908.111173977269,-908.211259694336,-928.455902238641,-928.620318185153,0.159906068150731,-964.990614406246,0.19132027569154,1865.77759108338,1894.07823682391,NA,2465.08788566767,0.399784257592843,1.05057112999313
"103",-5.86,0.79,-5.86,0.83,1.359326,9.604077,-1.1484446,0.2002995,35,35,-5.97401643635171,0.758630538996952,-6.74864799541625,0.915235053518085,1.21484982527747,9.03592318209627,-1.04649297679737,0.183107699622244,1.21484982527747,10.1725083561125,-6.36133221588398,0.836932796257518,1.21484982527747,9.18593669517096,-1.07682067660738,0.189238943114344,1.21484982527747,10.2354399394655,3.77779269776011,0.0923423898397133,-0.57342728651637,-7.41203322587758,-7.25365561194616,1.85439786235253,11.2279456536633,-4.20742117351621,0.536568676887541,-4.96188174095326,0.658970032504123,4.55092947,0.08784774,-0.827,0.02145184,130.293633918007,-211.032024707176,1326.80603142833,0.480144123888963,0.426866158523775,8.5107911123703,0.182451777437898,-1.19742410661146,-890.909969211581,-891.79833052599,-911.903826549174,-912.297010463963,0.383024790101158,-934.212429866844,0.131637048137538,1831.375181552,1860.97408544498,NA,2442.58003814949,0.539802214177955,1.16844641596389
"104",-5.86,0.79,-5.86,0.83,1.359326,9.604077,-1.1484446,0.2002995,35,35,-5.50454097912808,0.662620923486711,-6.29763946277412,0.890753999997414,1.39738683606728,12.4014497080848,-1.66487305517291,0.272477090288385,1.39738683606728,7.33176773224293,-5.9010902209511,0.776687461742062,1.39738683606728,12.5587010092752,-1.71010605443544,0.285488265437944,1.39738683606728,7.61517860037703,3.01451385709687,0.0865477655517509,-0.495099549603953,-7.51455821347371,-6.94849886122254,2.39111753867011,6.1278745910723,-3.58314298516714,0.427014655519587,-4.71714645793783,0.662283283610108,7.46784666,0.16933182,-0.928,0.02801267,68.8525936193839,-88.1499441099305,1288.40009443956,0.069355676654662,0.0541767049226262,8.26750285997152,0.181331735184007,-1.17486882164442,-917.111493417701,-919.585560039577,-925.663143482662,-928.004640309726,2.31306724484632,-977.601746920717,2.2372263535527,1883.77822996424,1888.49271931195,NA,2488.6502447692,0.492467846638285,1.15574648494834
"105",-5.86,0.79,-5.86,0.83,1.359326,9.604077,-1.1484446,0.2002995,35,35,-6.61764846877003,0.87357268334545,-6.13335368809875,0.860194018477736,1.22924303200345,10.1830239351615,-1.25009749159803,0.206158076798017,1.22924303200345,8.90812510612917,-6.37550107843439,0.866883350911593,1.22924303200345,10.2416592938078,-1.25171729598998,0.206202823966428,1.22924303200345,9.02496767612888,3.08181350316528,0.0805407256380833,-0.482126218872625,-7.37086970582475,-6.9662815484407,1.89277231462765,9.2835469737116,-4.03505911355797,0.531120486016122,-4.29728359517836,0.601584013783148,3.72020326,0.09940546,-0.817,0.02598732,88.2024000148419,-126.849556900847,1291.79615548677,0.712264878410046,0.678881041105695,11.3412020645012,0.218353744358693,-1.54600990114479,-890.862802518399,-891.377407721399,-906.38238785906,-907.203040596472,0.801896895212325,-933.169398488158,1.00076471180171,1831.28084816563,1849.93120806475,NA,2456.7427540727,0.468634387772731,1.3521076264101
"106",-5.86,0.79,-5.86,0.83,1.359326,9.604077,-1.1484446,0.2002995,35,35,-6.15516939793758,0.806804282396839,-6.77890934886186,0.956454540147734,1.33633849225071,5.95091150338773,-0.666525326308506,0.130766043115949,1.33633849225071,7.8116422602507,-6.46703937339972,0.881629411272287,1.33633849225071,6.04817438498249,-0.689861037414844,0.136364843027176,1.33633849225071,7.89585820507873,2.71774513789327,0.0838766250869785,-0.458618235286919,-7.3061794901975,-7.03834193041115,1.78193465924215,10.1616975249244,-4.76427886779782,0.626578751590781,-5.26301889298523,0.749849054123246,4.7300923,0.10752264,-0.84,0.02390015,107.462001014214,-165.368758899591,1307.85649449609,0.383202913013374,0.400924320889401,6.1820146471268,0.135467965606812,-0.877980464684503,-895.332045084705,-896.376830921538,-918.638733800717,-919.304571488807,0.649899766600724,-921.253380152363,0.429208086987665,1840.21933329825,1874.44389994806,NA,2450.34423009259,0.490313416418142,0.864259330297725
"107",-5.86,0.79,-5.86,0.83,1.359326,9.604077,-1.1484446,0.2002995,35,35,-5.89720970069161,0.789905654891265,-6.9217917193225,1.01319288899123,1.45887283083607,11.4589724670169,-1.55706280202579,0.282633070118763,1.45887283083607,8.77030429361474,-6.40950071000706,0.901549271941248,1.45887283083607,11.7214145452424,-1.61425682328795,0.295097367346766,1.45887283083607,8.90230804392397,2.69680620707322,0.0688353208604304,-0.41581357210837,-7.14889744277505,-6.84319190063416,2.3620277245818,8.32393473141666,-4.01978486900188,0.538581761496004,-4.92914741235083,0.718438117140218,5.815994,0.1421045,-0.867,0.0251239,85.7628611424767,-121.970479156116,1325.30774092451,0.274692634298851,0.221204601506497,9.72456908720204,0.22724224177438,-1.44331260016914,-934.527038473351,-935.844868758253,-947.361919509406,-948.301337319925,0.918728296609351,-984.002858096796,0.504974409500758,1918.60932007554,1931.89027136544,NA,2528.6450026929,0.407084094028459,1.34787352845768
"108",-5.86,0.79,-5.86,0.83,1.359326,9.604077,-1.1484446,0.2002995,35,35,-5.19195830370398,0.686846423973735,-5.88190933989111,0.874862768371878,1.49397872174534,9.16802310862236,-1.16334744768184,0.197255682989138,1.49397872174534,6.58007529958163,-5.53693382179754,0.780854596172807,1.49397872174534,9.28703121670629,-1.19577796559124,0.206093219429348,1.49397872174534,6.74105590266763,3.11548152288734,0.0844012344323389,-0.501236071101039,-7.05764627497615,-6.62744458419343,2.24698215073667,6.85404989604102,-3.44196175509805,0.458300437964568,-4.26976153841031,0.639757386538433,4.65883197,0.11544285,-0.868,0.02979544,55.6122687183791,-61.6692943079209,1230.48844097195,0.171514961476322,0.129975680892658,7.84355641970629,0.172528036033615,-1.12625203787869,-922.334607967431,-924.012402493211,-935.419997434727,-936.891045071784,1.4441388214774,-965.764979233853,1.24795207852526,1894.2244590637,1908.00642721608,NA,2399.30758763597,0.468513842202293,1.0601719645149
"109",-5.86,0.79,-5.86,0.83,1.359326,9.604077,-1.1484446,0.2002995,35,35,-4.66661104427556,0.649423260778842,-5.73548319172865,0.793511824324784,1.34829934991999,12.5702309682601,-1.60564704390735,0.254708309055673,1.34829934991999,8.11438870363161,-5.2010471180021,0.721467542551813,1.34829934991999,12.8558528851603,-1.64415010699254,0.259898687591856,1.34829934991999,8.17734658047164,3.34220726574865,0.0872665992955219,-0.527165876705056,-6.75525653787796,-6.96568630949498,2.34831874996806,6.96358342546882,-3.12660454066742,0.431942104199618,-3.98092741822348,0.549852520371462,6.34382776,0.13736473,-0.894,0.02899124,53.7820733658618,-58.0089036028863,1223.09337747604,0.536534792371193,0.497364088640522,8.1725264488913,0.168305931801917,-1.14516848741445,-911.753963743756,-912.395392527927,-923.186479230425,-923.668343713286,0.469711767221058,-977.057062397555,0.281770647078484,1873.06317061635,1883.53939080748,NA,2388.1778513492,0.490628724797454,1.03023336707353
"110",-5.86,0.79,-5.86,0.83,1.359326,9.604077,-1.1484446,0.2002995,35,35,-6.51057592227203,0.858941735142134,-5.34606273203438,0.745716863025238,1.31052084949513,8.58096612698,-0.905644417125218,0.134603751046568,1.31052084949513,7.7700414034658,-5.92831932715321,0.802329299083686,1.31052084949513,8.91998886953939,-0.938607381385994,0.13780871896304,1.31052084949513,7.95205639504387,3.03417044606955,0.0856809502708968,-0.493501203369094,-7.35096456267438,-6.8610158613302,1.83465967694297,9.51038120699771,-4.43368480925895,0.582965787998264,-3.58035572677754,0.497084656991668,4.53583424,0.0839364,-0.847,0.02761508,75.8510132979728,-102.146783467108,1260.39630929164,0.404548132821524,0.345941487721412,8.76525562703469,0.165473228274375,-1.17427988806839,-891.341102516963,-892.469727897259,-913.527828229507,-914.965750260337,1.4112840359474,-926.293057726061,1.48140634079705,1832.23744816276,1864.22208880564,NA,2418.64583511618,0.491283040315188,1.07099650515191
"111",-5.86,0.79,-5.86,0.83,1.359326,9.604077,-1.1484446,0.2002995,35,35,-5.9278922706217,0.828325847257911,-5.14670864795324,0.742278115637122,1.266504194618,10.5503791930665,-1.10878659359257,0.173375287097791,1.266504194618,10.8686358112624,-5.53730045928747,0.785301981447517,1.266504194618,10.7029411561479,-1.12559136327006,0.175226340127062,1.266504194618,10.9314477701991,2.76437739429711,0.0738060513835488,-0.433472337984434,-6.95068244857066,-6.68214894434344,1.92232533165637,12.3767009671774,-3.98370245358435,0.561448647059983,-3.85844043111269,0.569075490159089,4.25983222,0.06818358,-0.762,0.0259436,84.2949081748254,-119.034573220813,1271.47153157919,0.874471559477768,0.877333498922523,9.28984715192812,0.189787692184493,-1.28960425349576,-901.495309573372,-901.898058647201,-926.33665358598,-926.706135257648,0.359873980094985,-946.169100415084,0.333709071207745,1852.54586227558,1889.83973951859,NA,2423.90848993756,0.441334526316036,1.19287176623426
"112",-5.86,0.79,-5.86,0.83,1.359326,9.604077,-1.1484446,0.2002995,35,35,-5.79793532881738,0.821878759977051,-5.5170018748754,0.805887820760487,1.36786052245866,8.06748177162881,-1.13558006596943,0.231868794975054,1.36786052245866,8.58592354898827,-5.65746860184639,0.813883290368769,1.36786052245866,8.08721267301475,-1.1367031634159,0.231932722509311,1.36786052245866,8.60838957066297,4.09721673144057,0.098391397240119,-0.619652470187627,-6.85913558447413,-6.67347200841208,2.15776836812223,8.60904997827443,-4.28379995794326,0.60031762674141,-3.86921166192118,0.561530333806527,4.36826277,0.11307851,-0.838,0.02519091,89.0393837098582,-128.523524290879,1251.61776524353,0.758036614429409,0.710438775051427,6.85430257844037,0.169661307958835,-1.03626083718202,-913.422573719312,-913.554070097498,-930.246306950397,-930.410170301543,0.15936800101443,-962.897827440648,0.197840458198357,1876.40039056746,1897.65904624742,NA,2374.71200619618,0.566095789429969,1.02878877799117
"113",-5.86,0.79,-5.86,0.83,1.359326,9.604077,-1.1484446,0.2002995,35,35,-6.30960960038433,0.837779156296726,-5.54427200551207,0.78046223637121,1.42972442188041,6.60562678576181,-0.773519597977665,0.155969346410143,1.42972442188041,8.12987531103145,-5.9269408029482,0.809120696333968,1.42972442188041,6.75206219429303,-0.784486296387987,0.15679065373758,1.42972442188041,8.24493239324516,2.56969002020027,0.0683574228871306,-0.398454500498554,-7.27607940931105,-6.85222119146636,2.00229131019927,9.93930353475543,-4.35164631914772,0.588267018047226,-3.75768277698386,0.537442163084438,3.46217846,0.1117551,-0.819,0.02663159,81.3113794472421,-113.067515765647,1290.51915489321,0.485548345388593,0.464371365733757,8.37623579088994,0.15752223592698,-1.1078991682229,-914.956441626549,-915.686434093986,-937.6715437555,-938.548189775308,0.856953827296942,-949.114139989568,0.97604814725972,1879.46812638194,1912.50951985763,NA,2467.97079402078,0.423323057778547,1.06799822079832
"114",-5.86,0.79,-5.86,0.83,1.359326,9.604077,-1.1484446,0.2002995,35,35,-5.7879875429797,0.735328902029601,-5.4014106982172,0.836679635979692,1.11603173681402,14.1064455205498,-1.93260842776485,0.324637985782358,1.11603173681402,10.7441612504701,-5.59469912059845,0.786004269004646,1.11603173681402,14.1438059347764,-1.92281346602866,0.327205978600413,1.11603173681402,11.5336604322953,3.99053353515115,0.107412610607206,-0.640582412771874,-7.3648294557968,-6.37443116467013,2.22130752708574,7.70022210460949,-3.66323667458141,0.458859948838224,-4.05679412841799,0.623799813483515,6.41277776,0.16356184,-0.898,0.02409938,91.7921076340737,-134.02897213931,1255.02525420435,0.0534028929661259,0.0492981820929518,9.35103806365402,0.202098662596,-1.31659627977924,-885.683281448322,-888.871829641921,-894.610744308872,-899.165060332133,4.57128808257463,-966.530600355579,6.0398714877585,1820.92180602548,1826.38792096437,NA,2376.02153626938,0.594533324753778,1.3061291749996
"115",-5.86,0.79,-5.86,0.83,1.359326,9.604077,-1.1484446,0.2002995,35,35,-5.82756744720258,0.860662739051391,-5.25891508891492,0.782999899797227,1.3750581537521,9.52250757614798,-1.28637935814301,0.225101339651751,1.3750581537521,7.01576412954761,-5.54324126805875,0.821831319424309,1.3750581537521,9.6033489522945,-1.29742014731631,0.226609218802006,1.3750581537521,7.03265653272161,2.76618360798069,0.0706983277767515,-0.424598205780035,-6.65770279165743,-6.55174553284769,2.14061185117379,6.78613714741674,-4.36079511722892,0.64555540935054,-3.40067094263186,0.507545259687948,3.66866411,0.09163828,-0.845,0.0327551,41.2826342302585,-33.0100253316796,1206.82611332519,0.340288801340846,0.255969630415044,8.8219078420977,0.200951342045788,-1.30025037847312,-908.216933901421,-908.443841848626,-919.010115443204,-919.157478063336,0.143303046006239,-953.579417981481,0.0801582846947413,1865.98911093168,1875.18666323304,NA,2380.64220131869,0.426283874777227,1.1747417597463
"116",-5.86,0.79,-5.86,0.83,1.359326,9.604077,-1.1484446,0.2002995,35,35,-5.79321447971084,0.800473508636417,-5.54015726937236,0.812450578196184,1.2660970320705,12.113929011999,-1.28581833922827,0.189665405880159,1.2660970320705,11.0759194458698,-5.6666858745416,0.8064620434163,1.2660970320705,12.1299384999251,-1.28506061827557,0.189701268428969,1.2660970320705,11.1489054818079,2.26017527760369,0.0689216691436129,-0.377866230714639,-6.9819416838222,-6.65752819235069,1.9392132976927,12.3767492423873,-3.92755997553471,0.552060860888692,-4.24702862780489,0.637863525636708,5.5799021,0.103499,-0.832,0.0239152,94.9595168008007,-140.363790472764,1273.42023689395,0.576038665042927,0.506300277071445,8.57644526043839,0.15733459365187,-1.11835692669944,-903.333159243501,-903.603198176536,-927.469861676705,-927.891663525822,0.410987375829913,-948.312195348652,0.482801498020867,1856.22156161584,1892.10615570004,NA,2406.47668331514,0.407965718648035,1.09160965709358
"117",-5.86,0.79,-5.86,0.83,1.359326,9.604077,-1.1484446,0.2002995,35,35,-6.52722938677097,0.966120922614721,-5.66744721098515,0.71873438839068,1.58351145684806,4.08595444990673,-0.45942248868021,0.107003384455691,1.58351145684806,5.9269514764441,-6.09733829887806,0.8424276555027,1.58351145684806,4.27076079735647,-0.512597121844024,0.122303408784537,1.58351145684806,6.22121632721598,3.02977848614442,0.092884513665091,-0.511735745060116,-6.72907216294994,-7.34315494190375,2.01949502710362,8.13687073907685,-4.18888348223756,0.628299950562418,-4.24291958817033,0.540812203351828,2.68401584,0.07522814,-0.784,0.03124599,58.7548437646092,-67.954444400381,1285.1474923708,0.100082293120111,0.0894185722453564,7.27567075991016,0.163956197071312,-1.0361972973215,-919.238244853608,-922.362026366687,-943.372249669848,-946.284501044182,2.88871806313841,-944.90864569002,2.43198296859376,1888.03173283605,1923.91093168632,NA,2502.34054034122,0.534971197975423,1.0779870057283
"118",-5.86,0.79,-5.86,0.83,1.359326,9.604077,-1.1484446,0.2002995,35,35,-5.58767869642199,0.770872398645745,-5.57221906803874,0.86909166497485,1.43630720297194,9.01207227990047,-1.14553698165572,0.210411159520525,1.43630720297194,8.20068696522629,-5.57994888223036,0.819982031810298,1.43630720297194,9.0121320299279,-1.14515737331634,0.212822915590082,1.43630720297194,8.43538310282005,2.59148462696392,0.0733422757736616,-0.41763364900052,-6.95276165398408,-6.3521370529932,2.16297205988793,8.82572596786325,-3.97962571042355,0.545166125299832,-3.55559480798814,0.549044021092394,2.9745501,0.07151437,-0.78,0.03062169,56.9949943266857,-64.4347455245341,1247.38221256724,0.292639985354927,0.268294305458072,9.48794935009816,0.225755069579253,-1.40468203083866,-922.704593572135,-923.903323179587,-939.337819329507,-941.101023501467,1.73458106081568,-964.268414091068,2.0199361287327,1894.96443027311,1915.84207100564,NA,2430.32967960994,0.436862128440101,1.39260548994089
"119",-5.86,0.79,-5.86,0.83,1.359326,9.604077,-1.1484446,0.2002995,35,35,-5.53729350623282,0.74241194163488,-6.08168405594977,0.799890928810274,1.30777246787283,5.30481684531921,-0.737887156593371,0.160070701364353,1.30777246787283,6.96041951001713,-5.80948878109129,0.771151435222577,1.30777246787283,5.3789071129745,-0.745709910949768,0.16089665985603,1.30777246787283,6.9933202873059,2.66802615209049,0.0751846053252636,-0.433351587462221,-7.0719365019585,-7.27388211991122,1.9397301655329,7.59249872305862,-4.18510796832457,0.567229335424304,-4.62808657759046,0.615072595001238,3.45160695,0.10875628,-0.84,0.02457202,103.757152474152,-157.959061819467,1255.106760234,0.738177237794607,0.681347057476177,5.60612330361744,0.113307975815909,-0.766048404647959,-887.487917916197,-887.870410924894,-906.233294822461,-906.522011788437,0.281047104718666,-932.885490609975,0.291175636142207,1824.53107896123,1849.63302199155,NA,2352.25445864854,0.431773788764361,0.746724019104644
"120",-5.86,0.79,-5.86,0.83,1.359326,9.604077,-1.1484446,0.2002995,35,35,-5.62852449737261,0.788651528744951,-6.80286675824071,0.927035836312799,1.40253562993096,8.16638884496956,-1.03644400141201,0.199020702119547,1.40253562993096,8.45050825988126,-6.21569562780666,0.857843682528875,1.40253562993096,8.51115878138476,-1.07707163656648,0.203808256264805,1.40253562993096,8.55722654289732,4.23579963120829,0.112147356276978,-0.674167869453923,-6.88768399850579,-7.23756836456606,2.06634288672791,9.43794772758115,-4.02549833332342,0.564278210013067,-4.78574093831021,0.657573266736117,5.61971679,0.12775739,-0.878,0.02531768,88.3608712831943,-127.166499437551,1304.3110886637,0.581864466844948,0.512947635934576,7.38159618841305,0.15757106693125,-1.02593389452286,-916.964042728826,-918.073906214323,-935.38370981841,-936.169743334072,0.76787862044399,-955.186739988489,0.675427173164136,1883.48332858649,1907.93385198345,NA,2481.45567788985,0.623399765563627,1.05064990403126
"121",-5.86,0.79,-5.86,0.83,1.359326,9.604077,-1.1484446,0.2002995,35,35,-5.76119161292249,0.818214021448584,-5.55379406342921,0.827546404732976,1.41088384256284,11.7988560775582,-1.42496790838575,0.209711143503401,1.41088384256284,6.93595167261322,-5.65749283817585,0.82288021309078,1.41088384256284,11.8096095134421,-1.42448403002972,0.209732916847842,1.41088384256284,6.97898517210127,2.96988567163395,0.0767704056158801,-0.462908418935963,-6.84422543240815,-6.58122795824554,2.12532533591683,7.11829869499001,-4.23873680410091,0.598029158586686,-4.50046089471712,0.667973529353129,8.14586592,0.14367599,-0.923,0.02867156,60.3252818153936,-71.0953205019499,1224.68741013685,0.62878789497832,0.60979216030504,5.92252450469149,0.13283654383117,-0.86099359819896,-910.944223219218,-911.213641062971,-924.611115835863,-924.989672450334,0.368736868104411,-953.285700715431,0.477045354268016,1871.44368956727,1886.38866401835,NA,2378.27949977175,0.444677426419472,0.801042944101688
"122",-5.86,0.79,-5.86,0.83,1.359326,9.604077,-1.1484446,0.2002995,35,35,-4.76312974443927,0.648883365025323,-5.51521986714538,0.810603842151524,1.30947538177312,6.05929989207253,-0.625459588169414,0.117438608406492,1.30947538177312,8.21459468160883,-5.13917480579232,0.729743603588424,1.30947538177312,6.20070978024056,-0.655866681540901,0.123976986586974,1.30947538177312,8.2888433985963,3.40399176249938,0.0878262297282359,-0.53017733708109,-6.85499179723241,-6.64359316559825,1.89327265009172,9.95200239551318,-3.315969683884,0.449517156183109,-3.50437962186859,0.52620181379485,2.79310323,0.06435146,-0.75,0.02978334,60.9440807630901,-72.3329183973429,1206.00046358426,0.485171145707798,0.443128385088121,7.15287641012226,0.155609628750078,-1.00912705945307,-891.042183399783,-892.283343229171,-916.793596999897,-917.355377795732,0.547925647258776,-935.438350678433,0.256474749161802,1831.6396099284,1870.75362634642,NA,2339.66800877117,0.508541656476151,1.00758070503111
"123",-5.86,0.79,-5.86,0.83,1.359326,9.604077,-1.1484446,0.2002995,35,35,-5.70884859398319,0.767164984515654,-5.52249142325201,0.781925839263143,1.39989662585716,8.56856400428279,-0.950092307911931,0.172869911452425,1.39989662585716,9.55767715213095,-5.6156700086176,0.774545411889398,1.39989662585716,8.57724625305354,-0.949404610129855,0.172924382160644,1.39989662585716,9.60505132420496,3.26507938406191,0.093786927707569,-0.535047240251362,-7.09601936556551,-6.82172084191241,2.06292597801309,11.160360242567,-4.2446925055387,0.571449198684511,-4.34681271425126,0.607943846493379,3.90781506,0.06395891,-0.699,0.02517323,94.783203742746,-140.011164356655,1314.59247567409,0.880897613070756,0.907422406745673,7.41504009569056,0.169604736249821,-1.08698221351375,-919.117273559747,-919.303106504625,-942.677218219504,-942.990618033545,0.305128074538828,-960.12694522656,0.356914190988977,1887.78979024833,1922.52086878564,NA,2489.17378699153,0.538697567429616,1.02096881160411
"124",-5.86,0.79,-5.86,0.83,1.359326,9.604077,-1.1484446,0.2002995,35,35,-6.33488633255722,0.835381355874523,-6.75509956308133,1.00322587130712,1.44100956329646,8.09015416845313,-0.962408819805964,0.182179257933954,1.44100956329646,8.62655268088618,-6.54499294781928,0.919303613590823,1.44100956329646,8.13429895823,-0.980041441319884,0.189222203274155,1.44100956329646,8.87409891398668,2.52600903209034,0.0684084867678162,-0.400824664588668,-7.31564161592105,-6.73588065659161,2.02100979201376,10.4120638660476,-4.61857736602425,0.62151559475317,-4.60030549484982,0.684943198421978,4.43016919,0.09829623,-0.817,0.0266486,80.7746895358742,-111.994135942911,1329.39491655627,0.377483666986435,0.348691856788355,8.99154553318641,0.196680731434157,-1.26994067666914,-922.454420379119,-924.034045810928,-943.305912819726,-945.083203912152,1.74861598007525,-952.874701778792,1.73425231972225,1894.46408388707,1923.77825798608,NA,2546.79569716963,0.400664964703757,1.27822147461957
"125",-5.86,0.79,-5.86,0.83,1.359326,9.604077,-1.1484446,0.2002995,35,35,-6.73136710850398,0.955544851667256,-6.53399932334171,0.922198411468949,1.45186354253465,9.83318766408833,-1.18334032108976,0.220025578090857,1.45186354253465,9.88793544266929,-6.63268321592284,0.938871631568103,1.45186354253465,9.84292617474329,-1.18498569935101,0.220303574359332,1.45186354253465,9.88963860692393,3.75376298504381,0.0934600418179186,-0.577513279601833,-6.99621937862004,-6.99752105510719,2.115740662585,11.4078744837662,-4.64061760284265,0.666309979541136,-4.42307644483058,0.6260771016418,5.16763126,0.11890772,-0.831,0.02618177,79.8051671778934,-110.055091226949,1360.44647343738,0.936581407211469,0.92247690312207,9.76974663036336,0.209155341497752,-1.37713279206704,-933.180589229033,-933.213213055304,-953.763498387049,-953.774447402564,0.010637018370083,-967.025688958953,7.68056654810049e-06,1915.9164215869,1944.69342912073,NA,2610.83785564781,0.534074060699992,1.32695429694902
"126",-5.86,0.79,-5.86,0.83,1.359326,9.604077,-1.1484446,0.2002995,35,35,-5.7256115646732,0.81359483228355,-5.38407874598452,0.840362234443126,1.27139575823416,11.7402216540012,-1.45572208429085,0.268521491333468,1.27139575823416,12.6844184320291,-5.55484515532886,0.826978533363338,1.27139575823416,11.7693828205615,-1.45343659771372,0.268700614788061,1.27139575823416,12.8584189645067,3.15575835225462,0.0826705928313183,-0.493264386463205,-6.83616531789741,-6.33515924373763,2.15631843739812,12.3334307305626,-3.68167786137614,0.519283594716947,-3.99721514224101,0.619297722210018,6.1723412,0.14264708,-0.853,0.02348534,92.6360478628278,-135.716852596818,1303.34819122427,0.489537951992145,0.452696561836319,8.30752287529592,0.191935864858771,-1.19597688130161,-917.305761288492,-917.838626159464,-937.246183618065,-938.130638559132,0.864635663345974,-974.198061120063,1.03891050710343,1884.16676570582,1911.65879958276,NA,2470.97952985171,0.484646158968248,1.25723352177427
"127",-5.86,0.79,-5.86,0.83,1.359326,9.604077,-1.1484446,0.2002995,35,35,-5.72886326663011,0.757945947154934,-5.98020178623609,0.864152332848922,1.31353509612508,13.05635818485,-1.52829403937557,0.227330530060706,1.31353509612508,9.30577141879815,-5.8545325264331,0.811049140001928,1.31353509612508,13.0721509477095,-1.53496747831383,0.230150479151251,1.31353509612508,9.42176279645876,3.78133310300642,0.1033681216258,-0.608428622665576,-7.17095867719902,-6.78954703384679,2.10131167025998,9.3357768320464,-4.1942035233228,0.56264047413944,-4.02205406882282,0.574489624595119,7.25346425,0.14236604,-0.893,0.02629984,74.4133491712064,-99.2714552135754,1282.86233191411,0.719119958907932,0.707871641564464,7.68489417144736,0.154362568954149,-1.05616763765152,-908.323785431358,-909.211385274588,-925.386068273145,-926.169517100893,0.765339474397265,-958.953908596609,0.797078800485806,1866.20281399155,1887.93856889292,NA,2466.45320861464,0.583136151365851,0.985322601147261
"128",-5.86,0.79,-5.86,0.83,1.359326,9.604077,-1.1484446,0.2002995,35,35,-5.3967169338721,0.718649339605078,-5.44238062695691,0.791807935227788,1.27835237391437,7.14170453984671,-0.778719758019194,0.148752926306902,1.27835237391437,9.63914815897727,-5.4195487804145,0.755228637416433,1.27835237391437,7.14222583306325,-0.779554930933454,0.150090971335274,1.27835237391437,9.75266631510642,2.62257578737178,0.0722742843436129,-0.420816935013785,-7.07293136344726,-6.68273507504807,1.9006371812911,11.2475221846238,-4.12263212700559,0.554809337445526,-4.11703007325849,0.598608035909465,5.92907408,0.11948508,-0.844,0.02572701,81.510058486012,-113.464873843187,1273.37610034657,0.655129361708549,0.636939679824665,4.36589888180329,0.10059566995709,-0.619385877501637,-895.702771086018,-896.246815332589,-920.9628607203,-921.705794007179,0.725550062978394,-940.302560065383,0.778333590551389,1840.96078530087,1879.09215378723,NA,2433.28732684995,0.418109143155322,0.691101388970899
"129",-5.86,0.79,-5.86,0.83,1.359326,9.604077,-1.1484446,0.2002995,35,35,-5.54890899719893,0.720635860917123,-6.49254377322224,0.91050681463398,1.3223178027628,8.96457334640741,-1.1578567540446,0.205852219099558,1.3223178027628,7.93438813838085,-6.02072638521059,0.815571337775552,1.3223178027628,9.18718499403754,-1.20264896276558,0.214864963865896,1.3223178027628,8.01825875217923,2.66890662147926,0.0721982636134223,-0.425522644857382,-7.21328824684868,-7.02572101349814,2.05979690728118,8.05234374107237,-3.70600539308649,0.47920637360143,-4.56968514291674,0.649100360692951,4.35667556,0.11459401,-0.852,0.02460167,97.3578073491294,-145.160371569421,1271.23849582106,0.264518159446939,0.205786953184727,9.23754967925256,0.197259616411976,-1.3136848342576,-902.554041210829,-903.725719235375,-917.023014418452,-917.677066794591,0.63834273259182,-949.424521173188,0.224530564302494,1854.6633255505,1871.21246118353,NA,2397.31662007271,0.414374546486424,1.20275218938881
"130",-5.86,0.79,-5.86,0.83,1.359326,9.604077,-1.1484446,0.2002995,35,35,-6.53894392034319,0.804664091867303,-5.43306880528476,0.851238239703309,1.4094069740848,7.12996296084969,-0.967213222930614,0.193102908287607,1.4094069740848,7.32512280375199,-5.98600636281398,0.827951165785306,1.4094069740848,7.43570290337605,-0.954336925156389,0.193645196099269,1.4094069740848,8.51659927173535,2.88992786683823,0.0814816836728454,-0.467603589202443,-7.70270471396138,-6.31935287807955,2.07093055598881,7.9932251061422,-3.90731227420592,0.458608841341286,-4.15448639156788,0.664339385994541,4.34871774,0.14379997,-0.876,0.02190685,120.879871759876,-192.204500390914,1293.82485181959,0.00161678422803186,0.0018372184169031,8.05219257736841,0.159065195498666,-1.04912703639348,-911.241413620438,-917.096540154585,-927.705738747517,-937.068923254456,9.73203659967077,-950.5159070497,12.2273195628372,1872.03807036971,1892.57790984166,NA,2395.44520324826,0.475181221210846,1.2083929658274
"131",-5.86,0.79,-5.86,0.83,1.359326,9.604077,-1.1484446,0.2002995,35,35,-6.36247280404965,0.814693820946815,-5.78690976351751,0.781108351586768,1.31900003008784,10.7446374780061,-1.11520792130629,0.193768082428748,1.31900003008784,12.8066636997714,-6.07469128378358,0.797901086266792,1.31900003008784,10.8274556814128,-1.12004056002193,0.194050078366781,1.31900003008784,12.9020859990132,2.5311269192354,0.0676028577380506,-0.389532094605812,-7.46647906720322,-7.09100956221261,2.01503917359922,14.7108274303691,-4.74699154949847,0.615110568408715,-4.20892364151102,0.573707264660742,8.01387738,0.16193028,-0.846,0.02006693,126.314373121308,-203.073503113779,1411.9065908279,0.728480096298355,0.673333054809035,7.46127490839362,0.139349720127891,-0.973011228223184,-919.251396055338,-919.567099950821,-946.874580592876,-947.356708976518,0.469969899284944,-963.338601336406,0.529924196237533,1888.05803523951,1930.91559353238,NA,2620.73967854202,0.432455017236397,0.988672116955584
"132",-5.86,0.79,-5.86,0.83,1.359326,9.604077,-1.1484446,0.2002995,35,35,-5.31431684065942,0.772353574256054,-6.57765205057586,1.01233653966879,1.28456188959134,7.44856453274264,-0.7569024165023,0.139797525380904,1.28456188959134,10.2088974052783,-5.94598444561764,0.892345056962421,1.28456188959134,7.8475684958963,-0.832697148998817,0.154195481302976,1.28456188959134,10.3274018424775,3.23536435520465,0.0844425792728573,-0.502460538162846,-6.67057533721883,-6.50415413955329,1.77581697726271,13.0932265058599,-3.77716760259615,0.541837387440987,-4.88733444506994,0.749470919398854,4.65443076,0.08672199,-0.784,0.024064,97.6511413081162,-145.747039487395,1286.03775453656,0.11237552851942,0.0867464869531834,6.79314562387512,0.166428972604949,-1.02345786021705,-897.982028963353,-900.296242695735,-925.801773431869,-926.537953491487,0.718920107677272,-928.57302505051,0.131690853402327,1845.51930105554,1888.76997921037,NA,2426.32846958573,0.504225267590358,1.0058273901795
"133",-5.86,0.79,-5.86,0.83,1.359326,9.604077,-1.1484446,0.2002995,35,35,-5.52176505071093,0.699093269820364,-5.1294385599695,0.689748183285465,1.23534122571571,12.1134586648183,-1.49088917395995,0.253858953906967,1.23534122571571,11.3448321078372,-5.32560180534021,0.694420726552914,1.23534122571571,12.1519386836526,-1.49180575521143,0.253880786567553,1.23534122571571,11.4252642766866,2.56126704476765,0.066080047819606,-0.394851006790214,-7.31448948354289,-6.9778386001501,2.2643421348944,9.93094644278434,-4.02864292214633,0.536166021585563,-3.38145155052006,0.454863879013833,5.85890782,0.13777833,-0.861,0.02426969,89.7766558100502,-129.998068491263,1298.82916799339,0.67637710760692,0.673213933763819,8.12407682617667,0.155568422318257,-1.07153797052833,-905.776750294459,-906.059576742636,-922.986578729295,-923.441181046588,0.443050778980131,-979.220453212024,0.544887272564663,1861.10874371776,1883.13958980522,NA,2467.66026749551,0.398053190215696,1.09155399614178
"134",-5.86,0.79,-5.86,0.83,1.359326,9.604077,-1.1484446,0.2002995,35,35,-5.47690137952434,0.642454482016161,-5.72088108095786,0.774518267912388,1.32746008154384,11.6849533461695,-1.33742149532978,0.206855708243588,1.32746008154384,9.53557587183614,-5.5988912302411,0.708486374964274,1.32746008154384,11.6998348698474,-1.34547671609306,0.211215919129899,1.32746008154384,9.75899841152284,3.12830638091377,0.0821711306420548,-0.489292683012209,-7.60706505368522,-7.0642428928702,2.20514978555444,9.41467481184412,-3.58028086772269,0.42121568243609,-3.79807397574663,0.525358805352347,7.7815373,0.16233645,-0.915,0.02622097,76.1989523975127,-102.842661666188,1311.11979678853,0.203369937576787,0.200266311442918,7.87492475797129,0.138134960511799,-0.978057119155329,-910.488214416877,-911.94580186729,-929.513434668601,-930.982367692213,1.44204103159739,-971.037318015471,1.52678643215344,1870.53167196259,1896.19330168383,NA,2519.39693191086,0.482706689649821,1.0872181327456
"135",-5.86,0.79,-5.86,0.83,1.359326,9.604077,-1.1484446,0.2002995,35,35,-4.81323876735667,0.601888320949156,-5.88475282362569,0.918454430275783,1.4094981532199,6.88817362055794,-0.759406424983938,0.138166859219185,1.4094981532199,7.6843582792977,-5.34899579549118,0.760171375612469,1.4094981532199,7.17520921375346,-0.844207683954406,0.163220384612734,1.4094981532199,8.25421154879497,2.76809141762037,0.0740043405251481,-0.438447963395312,-7.18508513185685,-6.37058022651074,2.06359048076967,8.98995481822441,-3.25875989753105,0.411098536989214,-3.85272636526284,0.594669954225578,3.37007161,0.07963201,-0.796,0.03056491,54.2359001715639,-58.9165572142904,1239.38674586676,0.0487803662168565,0.0371701648039846,8.17159968302801,0.194569125727545,-1.1978816803415,-908.361570796345,-913.547614126701,-930.678788596819,-935.127655530439,4.46204786578055,-953.324800994656,3.82954634670049,1866.27838472153,1898.52400954027,NA,2419.85693451922,0.426816271090579,1.24679905443846
"136",-5.86,0.79,-5.86,0.83,1.359326,9.604077,-1.1484446,0.2002995,35,35,-4.7729962674718,0.672840549358773,-6.66851960537345,0.889869512717499,1.29222472075694,11.4769587903943,-1.27003633201711,0.193773114673202,1.29222472075694,10.059234159975,-5.72075793642263,0.781355031038136,1.29222472075694,12.3752109715268,-1.37288219827888,0.205548507407343,1.29222472075694,10.3860590779673,2.5981850422887,0.0715602953364783,-0.414272989865468,-6.72212761540237,-7.32464855015699,2.04296486116888,10.6716008642528,-3.25525847975113,0.465503682721095,-4.75636222141606,0.648358942191905,6.294402,0.1123061,-0.881,0.0293419,56.0311939730943,-62.5071448173513,1294.01689242517,0.161082597137122,0.121341771124276,9.34725595301932,0.176790505807564,-1.23773688002657,-905.071232449105,-907.224174798646,-926.317987804323,-928.356665675889,2.00955094195464,-956.308951218096,1.81175688090743,1859.69770802705,1889.80240795527,NA,2525.526640033,0.423546044406574,1.20247312853013
"137",-5.86,0.79,-5.86,0.83,1.359326,9.604077,-1.1484446,0.2002995,35,35,-6.05538971737006,0.828677003648871,-5.71362877443371,0.828272386955222,1.42847305137692,11.2328335043326,-1.35625832147528,0.212326924823273,1.42847305137692,7.71343646789785,-5.88450924590188,0.828474695302047,1.42847305137692,11.2620336398617,-1.35629289202097,0.21232696575194,1.42847305137692,7.78397625593391,4.17118946571124,0.116283104608198,-0.680213829292508,-7.07608779641035,-6.73673745503218,2.14482154514542,8.18040782567483,-3.91188565218038,0.527792512092901,-3.7351463084351,0.537289546944845,5.23108218,0.10035332,-0.903,0.03212551,45.1484585852814,-40.7416740417255,1244.1722583034,0.643101212729753,0.630613220080558,10.1111953496977,0.215415287899625,-1.42105201032203,-919.360953741435,-919.720715682006,-934.189008176052,-934.753412981631,0.550495272918341,-959.826194818546,0.69596981497016,1888.27715061171,1905.54444869873,NA,2447.60284256507,0.644716678562594,1.37265031719947
"138",-5.86,0.79,-5.86,0.83,1.359326,9.604077,-1.1484446,0.2002995,35,35,-6.20265865832495,0.823315686523186,-5.80083010165868,0.822888536818403,1.56812051010683,8.96957243399639,-1.08349707137975,0.195157169670473,1.56812051010683,7.77150353957864,-6.00174437999182,0.823102111670795,1.56812051010683,9.00993898123451,-1.08353998161708,0.19515721528469,1.56812051010683,7.8604631890527,3.58028692191509,0.100975665537954,-0.583105572932952,-7.25529807745304,-6.85601436819443,2.23913843897708,9.03586222755074,-4.11856078863266,0.549285066257265,-3.5464215661742,0.498972045648005,3.33170159,0.09644213,-0.822,0.03180114,48.2387953416373,-46.9223475544373,1306.26173564216,0.527361980570041,0.476664919998293,11.4124387248759,0.225228665368849,-1.55182606476055,-939.289654035183,-939.724766611018,-957.505512427658,-958.211869058069,0.689648717228572,-973.487988564392,0.844256684653265,1928.1345511992,1952.17745720194,NA,2565.60112372989,0.574732015405983,1.4627897147765
"139",-5.86,0.79,-5.86,0.83,1.359326,9.604077,-1.1484446,0.2002995,35,35,-5.73514615996066,0.754511291446321,-6.39300704891275,0.912001417349309,1.21861484676494,9.78107293516147,-1.18385023004108,0.181664253610602,1.21861484676494,7.42282796871273,-6.0640766044367,0.833256354397815,1.21861484676494,9.88926817246469,-1.20975187859801,0.187865038549836,1.21861484676494,7.52452602461323,2.96251125343266,0.0789717770442011,-0.467234735852607,-7.19770436045627,-6.91727983296879,1.85768469919883,7.6558829937605,-3.77935846814694,0.491710918903727,-4.83714718892785,0.697555930254003,4.53775905,0.08829568,-0.874,0.02740288,81.0521631056148,-112.549083082392,1232.30668620965,0.0759179301993548,0.0628848032100323,8.62139314587198,0.181604875462461,-1.22085866447167,-878.70092613821,-880.00366714006,-892.886212073089,-893.726337247493,0.821038708961171,-922.554330538278,0.581963267570414,1806.95709540526,1822.93885649281,NA,2352.0642893369,0.460762928256756,1.10262474520474
"140",-5.86,0.79,-5.86,0.83,1.359326,9.604077,-1.1484446,0.2002995,35,35,-5.53905032776707,0.775139180235757,-5.62840159528495,0.820247472925239,1.27808400768429,12.6882705513526,-1.43983718554126,0.241339076758811,1.27808400768429,12.9013457204479,-5.58372596152601,0.797693326580498,1.27808400768429,12.6902664636044,-1.4408448063231,0.24184776627615,1.27808400768429,12.9269159808895,2.55348291063453,0.0637033017300678,-0.382502639007347,-6.87871290473015,-6.69932063706855,2.11600644917777,13.1612369996936,-4.14960870836778,0.58087667412112,-3.72667244237476,0.538980024561586,6.28704362,0.12525337,-0.81,0.02353874,93.535693969156,-137.516144809475,1336.0116642547,0.841727998594775,0.771763225746489,8.13898257836757,0.17865962830591,-1.16516166528066,-917.321462110614,-917.444080314545,-939.632588200546,-939.761228555727,0.125079812054906,-971.682664424493,0.127801579921078,1884.19816735007,1916.43160874772,NA,2534.50718369993,0.404629645514841,1.1076132132624
"141",-5.86,0.79,-5.86,0.83,1.359326,9.604077,-1.1484446,0.2002995,35,35,-4.37071013230043,0.595565150392789,-6.2249125136979,0.856452187230131,1.22065208465251,10.6516963429693,-1.3001637492592,0.226983344645214,1.22065208465251,10.8752625372113,-5.29781132299917,0.72600866881146,1.22065208465251,11.5112129607643,-1.42109809050408,0.243998856142656,1.22065208465251,11.0636548121847,2.22531810295297,0.0579602907240441,-0.347182012455583,-6.78022831072978,-7.08013323634011,2.16612211150382,9.95731726927349,-2.9626219320767,0.409547857321022,-4.33889583462767,0.601794987503271,5.62236984,0.13448916,-0.86,0.02798554,61.2214197456657,-72.887596362494,1273.26185876265,0.180493917155842,0.152790434557592,8.63422757377157,0.170983883662262,-1.17234798207886,-898.99990133413,-901.250052316007,-917.341280170071,-918.443061951509,1.07876980892416,-968.440081215783,0.450948541071437,1847.5550457971,1871.84899268677,NA,2473.6361211628,0.338885296266157,1.12244985542284
"142",-5.86,0.79,-5.86,0.83,1.359326,9.604077,-1.1484446,0.2002995,35,35,-4.58918121427375,0.592853214081044,-5.56108992524691,0.76476373674776,1.43565107315456,9.70349152478306,-1.07884901994858,0.167787064641108,1.43565107315456,7.87494865273363,-5.07513556976033,0.678808475414402,1.43565107315456,9.93964316039942,-1.12061935357051,0.175175371591994,1.43565107315456,7.92236381799127,2.63475169519263,0.0731581079851842,-0.424249171219185,-7.01485640748123,-6.9625667096599,2.26042758507776,8.31853942201657,-3.2880688982656,0.425036385305792,-3.95175595865482,0.549660151081605,5.75206222,0.09836075,-0.862,0.02800184,66.632233753792,-83.7092243787466,1244.87395793225,0.428598186451482,0.366279081748748,6.82024205774265,0.148512474312541,-0.970961446488149,-916.937978978105,-917.995910179357,-936.702681430717,-937.075666894252,0.363295762452311,-973.210815961526,0.0154468802645609,1883.43120108505,1910.57179520806,NA,2406.03869148576,0.42314194617117,0.929656575871218
"143",-5.86,0.79,-5.86,0.83,1.359326,9.604077,-1.1484446,0.2002995,35,35,-5.99190340381791,0.763902342807754,-5.68112273521117,0.702548717322548,1.39696565935423,5.76790783377884,-0.666350482027277,0.135768238744231,1.39696565935423,7.49601418571205,-5.83651306951454,0.733225530065151,1.39696565935423,5.79205398977375,-0.671117362214712,0.136709305584276,1.39696565935423,7.50388011321057,3.03565526458431,0.0796501929125179,-0.471860650663062,-7.39851215042271,-7.45326050599063,2.0129504924543,8.89913068384863,-4.55049219753588,0.587471766429045,-3.90439915620122,0.485973436245452,4.0149758,0.10183852,-0.823,0.02460528,102.134694824447,-154.714146520057,1315.22847704574,0.626328524868751,0.598380819217954,6.67244016329094,0.123546192084987,-0.871581356315426,-904.144058570273,-904.298006332537,-926.955792738579,-927.020571372435,0.0629569417149579,-946.917904643823,0.0179002447157748,1857.84336026938,1891.07801782379,NA,2475.74280757143,0.478192874726885,0.86166725307689
"144",-5.86,0.79,-5.86,0.83,1.359326,9.604077,-1.1484446,0.2002995,35,35,-6.23007890418645,0.894506195882705,-7.44108347634621,1.03888564551454,1.19952646837458,10.9514753220374,-1.39635429780271,0.26203496822474,1.19952646837458,12.4871747073554,-6.83558119026633,0.966695920698623,1.19952646837458,11.3181083404854,-1.44006534121023,0.267246324593738,1.19952646837458,12.6155778066162,3.1770332035564,0.0827035268665111,-0.493205862659402,-6.85858369050533,-7.20941286280178,1.99471869820182,12.2841488870317,-4.49102564304839,0.653646117829603,-4.74543950827703,0.647683918666447,4.71290616,0.12368476,-0.824,0.02196154,116.105278440644,-182.655313752451,1359.30311915924,0.6681677874165,0.630687813158897,11.6026509796844,0.24258297770731,-1.62331373932342,-902.919468162299,-903.882510173044,-921.973709085685,-922.636983724826,0.647386197568332,-954.983128234107,0.552742636706948,1855.39417945344,1881.113850518,NA,2535.95092456603,0.492437700453882,1.52987723084733
"145",-5.86,0.79,-5.86,0.83,1.359326,9.604077,-1.1484446,0.2002995,35,35,-4.86773671344883,0.635473188802807,-5.58059891277667,0.786110379055451,1.37246070051447,6.53307922192577,-0.897564470386492,0.199020449648413,1.37246070051447,8.690507340075,-5.22416781311275,0.710791783929129,1.37246070051447,6.66012235073341,-0.924410360072509,0.204693340420216,1.37246070051447,8.74897588023569,3.29596961597971,0.0834401926256416,-0.510999529290072,-7.03949312602693,-6.85489792618707,2.22685552646436,8.73964860901355,-3.54750077824509,0.463044152547534,-3.89118744757392,0.548721178991749,4.9619315,0.1262026,-0.841,0.0260757,79.1605194772997,-108.765795825762,1267.94932477203,0.665873972728144,0.666679384008409,5.28769001710116,0.132845170924101,-0.794110808421091,-910.502792617457,-911.216647815162,-931.82844480215,-932.249526999306,0.410284063713024,-971.091733243529,0.186961609514351,1870.56082836375,1900.82332195093,NA,2427.13285371829,0.475948399554906,0.84494115638402
"146",-5.86,0.79,-5.86,0.83,1.359326,9.604077,-1.1484446,0.2002995,35,35,-5.55651832466182,0.735985933184402,-5.04179075482098,0.692062865110829,1.31272333734708,5.02644894058353,-0.61909029890082,0.126743988463531,1.31272333734708,6.58645918208114,-5.2991545397414,0.714024399147615,1.31272333734708,5.09268505837209,-0.624742402423186,0.12722629744078,1.31272333734708,6.63240600927705,2.82489719733821,0.0741301926483342,-0.441378293372421,-7.12944581587845,-6.87640051965585,1.93205783132117,7.46336489512255,-4.65626376338416,0.617503793830965,-3.94114699471161,0.546765578728528,2.99882883,0.07336358,-0.766,0.02368783,112.459425835143,-175.363608541449,1207.91812138672,0.442446956270811,0.405519564122894,5.12240229656654,0.110954576477172,-0.72949694752557,-883.791538698946,-884.185429601225,-903.790875669604,-904.213546826123,0.411836955071446,-931.384509380997,0.465993985514771,1817.13832052673,1844.74818368584,NA,2240.47263423198,0.436499704884239,0.687963095185621
"147",-5.86,0.79,-5.86,0.83,1.359326,9.604077,-1.1484446,0.2002995,35,35,-6.68892834889034,0.916642056533183,-5.56248341050429,0.763920014360451,1.17373557044671,5.43885426666414,-0.557881284089048,0.114457676114279,1.17373557044671,9.37751548024173,-6.12570587969731,0.840281035446817,1.17373557044671,5.75607381646803,-0.600889526935412,0.120288681655631,1.17373557044671,9.45664217658906,3.52978448616184,0.0912881570267305,-0.545565586345923,-7.18555340554619,-6.96898687457098,1.60576734208737,12.172651390941,-5.01128463023396,0.691090143819169,-4.20541993286155,0.5745932987938,3.14736804,0.06352789,-0.711,0.0223104,123.107173254039,-196.65910337924,1278.93389021134,0.429535289693505,0.376568104268196,6.61851888394799,0.139683286421907,-0.932393660619003,-869.928348817827,-871.338415709652,-898.301692945542,-898.833405863066,0.518487817422486,-901.547305416872,0.263860160140929,1789.41194076449,1833.76981823771,NA,2361.20867704344,0.546737753915182,0.869112050198774
"148",-5.86,0.79,-5.86,0.83,1.359326,9.604077,-1.1484446,0.2002995,35,35,-5.48300651279357,0.81942881454412,-6.38448895772828,0.929348278506383,1.47760559160428,8.75155473313879,-1.00189232792531,0.180385550059011,1.47760559160428,8.70356684655485,-5.93374773526092,0.874388546525252,1.47760559160428,8.95472238277016,-1.02666494470497,0.183406122198449,1.47760559160428,8.75775347337937,3.56777876550612,0.0883111309062031,-0.549450124958372,-6.5588029093678,-6.80541363185448,2.06782961541844,10.6021976215788,-3.88691780679428,0.591575616936892,-4.23963666418389,0.617623623221717,3.97698578,0.10249925,-0.831,0.03076082,49.4385130871376,-49.3217830454378,1275.74566600825,0.759102121357047,0.789112653602709,9.27736849733849,0.181916931397214,-1.2405888937217,-928.667918276896,-929.261102664381,-950.00804751947,-950.397853926976,0.379725381639032,-959.064082583433,0.301658705393847,1906.89107968263,1937.18252738557,NA,2502.16954897107,0.497291080180124,1.24990530103097
"149",-5.86,0.79,-5.86,0.83,1.359326,9.604077,-1.1484446,0.2002995,35,35,-5.71130494037439,0.796174579174909,-6.31020850542074,0.908189586442621,1.26153669593978,9.1303975392859,-1.08989217819979,0.195802984909554,1.26153669593978,9.96309566783425,-6.01075672289757,0.852182082808765,1.26153669593978,9.2200689093422,-1.10666372499762,0.19893982537285,1.26153669593978,9.98844996078844,2.52554102834374,0.0679003809940884,-0.396439163583953,-6.92564405378425,-6.85719119163205,1.91578254216674,10.9627002844549,-4.37828242341018,0.62317867686329,-4.9246921315077,0.723074909840638,7.67243983,0.16323449,-0.886,0.02422672,87.9071963735189,-126.2591496182,1293.7885233341,0.703050329334791,0.679510592783725,4.8821652511575,0.110112053409189,-0.693033349244675,-899.800361307419,-900.21302619978,-919.818301348966,-919.98000306474,0.157263237786281,-941.423567202511,0.0243307082537685,1849.15596574367,1876.80303504456,NA,2461.31789705001,0.409096945128441,0.733504331238894
"150",-5.86,0.79,-5.86,0.83,1.359326,9.604077,-1.1484446,0.2002995,35,35,-6.52666134142694,0.861017373838906,-5.20811650261632,0.715457379444711,1.44645463152953,5.24193562809654,-0.522370157903685,0.119827578943737,1.44645463152953,8.65102678719881,-5.86738892202163,0.788237376641809,1.44645463152953,5.67657575108508,-0.570352002740128,0.125124506935747,1.44645463152953,8.8068068915554,2.21417648491159,0.0622980352713065,-0.358560049552953,-7.35468386358655,-6.90334780484401,1.95010435251178,11.4827413875103,-4.95149598544314,0.6646821706054,-3.44561497107676,0.461528044345033,2.23015703,0.03307705,-0.535,0.02946594,71.950943337141,-94.3466435454446,1323.45029374636,0.045767046134517,0.0300906418337335,9.04631055002681,0.202172877882464,-1.29935793931951,-914.325405906841,-916.123967439555,-944.407675901476,-945.528544799496,1.09760829907742,-947.263333201928,0.995816231778362,1878.20605494252,1925.98178414958,NA,2552.55394394728,0.360867787881373,1.27185242482889
"151",-5.86,0.79,-5.86,0.83,1.359326,9.604077,-1.1484446,0.2002995,35,35,-6.04030297206258,0.908440910827592,-5.28994734812518,0.699834807910502,1.26382352097597,8.8908825752894,-0.940215185992481,0.154477399704212,1.26382352097597,9.86796230698807,-5.66512516009388,0.804137859369047,1.26382352097597,9.03164096588303,-0.979347376620357,0.165356526247776,1.26382352097597,10.1123937993388,3.41135554848169,0.0850111147826862,-0.519270641516572,-6.5857883326234,-7.07825388890378,1.86748314423806,11.5623946950854,-4.51840386828109,0.681337820696076,-3.58978472834038,0.463795303889587,5.42073122,0.10524075,-0.824,0.02375043,97.6180116580978,-145.680780187358,1272.44357569679,0.0574544819906305,0.0450254056464161,6.77522862270217,0.155351577870954,-0.985445669032213,-895.282272127443,-897.575282636607,-919.651935192899,-921.208862636852,1.52938895170457,-936.87959936046,1.23018253776778,1840.11978738372,1876.47030273243,NA,2399.20637120622,0.507698113506642,0.968346618841632
"152",-5.86,0.79,-5.86,0.83,1.359326,9.604077,-1.1484446,0.2002995,35,35,-6.73386906600857,0.80274086977041,-5.60831391241573,0.766908673019267,1.34593923900826,10.1337969420576,-1.31638210068972,0.232321874309347,1.34593923900826,8.54166432612477,-6.17109148921215,0.784824771394839,1.34593923900826,10.4505155430025,-1.32646487911917,0.23264286089035,1.34593923900826,9.08459452842646,2.75712149794656,0.0828527958459809,-0.465715478096172,-7.90908791920823,-6.99701172156784,2.17250514974433,8.30196093292601,-5.05425183067063,0.613317629611975,-4.059966630877,0.565817095749595,7.11713471,0.16581507,-0.895,0.02414725,98.0760483047829,-146.596853480728,1357.23438089835,0.0775084344698968,0.0637160250529084,7.79211741159262,0.138548342066614,-0.98245663793454,-911.819635451949,-914.34143805561,-925.964197859356,-929.838070468764,3.86926771836138,-963.42859675459,4.89862145044856,1873.19451403274,1889.09482806534,NA,2567.87190831596,0.460140712930261,1.04964773677881
"153",-5.86,0.79,-5.86,0.83,1.359326,9.604077,-1.1484446,0.2002995,35,35,-6.15284651832728,0.777229467482981,-5.74376881036919,0.767899379912873,1.40184486794648,6.43326848851607,-0.591860885621303,0.123577949109647,1.40184486794648,10.1895592716714,-5.94830766434824,0.772564423697927,1.40184486794648,6.47510463130312,-0.592815068330861,0.123599711743164,1.40184486794648,10.2676921307481,2.45711556175838,0.0713881965490955,-0.398020343390813,-7.48005570477464,-7.12656424421423,1.9213736249769,13.4548081204687,-4.66150909834422,0.604774589312726,-4.15084399299919,0.557572495927675,4.99752528,0.10809288,-0.774,0.02011608,135.165884099762,-220.776525070687,1369.343855074,0.743362420594573,0.659965771865849,5.88346636497673,0.10847361164392,-0.757515547821422,-914.637479426319,-914.933657034404,-947.086898093404,-947.573985502777,0.474820704571359,-948.760717988997,0.535402826084948,1878.83020198147,1931.34022853344,NA,2517.91118507732,0.435817768764639,0.794215211445217
"154",-5.86,0.79,-5.86,0.83,1.359326,9.604077,-1.1484446,0.2002995,35,35,-5.58438114994697,0.784516546954666,-6.73615368857651,0.997627029679883,1.35024308971129,8.29212895616504,-1.06992494014599,0.196449306101902,1.35024308971129,7.81609416283717,-6.16026741926174,0.891071788317274,1.35024308971129,8.62377395135032,-1.13128864057024,0.207803325563746,1.35024308971129,7.89985132244711,3.23371794126865,0.0917509245649162,-0.526440149799646,-6.86817580257822,-6.75029123169069,2.00116635039542,8.47686350205352,-4.14133821469517,0.586187947489652,-4.83740528492874,0.722580214266906,4.8243759,0.10778048,-0.85,0.02544684,89.3242899193032,-129.093336709769,1258.68836441071,0.405861212721168,0.350311487487674,7.64376114705582,0.178601241873263,-1.1338292738268,-905.551504731302,-906.985649798904,-921.210144058034,-921.872038717994,0.646032897139864,-943.953646041484,0.0871993159971562,1860.65825259144,1879.5867204627,NA,2388.28339211165,0.528667124382002,1.06166770115077
"155",-5.86,0.79,-5.86,0.83,1.359326,9.604077,-1.1484446,0.2002995,35,35,-5.97119073125385,0.779780531806188,-4.90243206791041,0.666270242034095,1.35255093879087,10.9004979933313,-1.10687245884807,0.169526163798447,1.35255093879087,10.7633779529292,-5.43681139958213,0.723025386920142,1.35255093879087,11.1860592634493,-1.13720123524121,0.172747310269483,1.35255093879087,10.884208641163,1.33299104425828,0.0380686943114477,-0.20915810233879,-7.28320133660197,-6.8907076066842,2.09175863244017,12.1250996661307,-4.08095116783031,0.536260072803668,-3.58125140523619,0.485505978162921,5.68046949,0.09450517,-0.856,0.02584666,84.3552437420954,-119.155244355353,1299.33425448662,0.772829907151294,0.780972552917578,8.3825532455979,0.161984668420649,-1.10101135203085,-915.31388413598,-916.037779618495,-941.817397680396,-942.532753706563,0.698480218248447,-966.199570297847,0.667725909165086,1880.1830114008,1920.80122770742,NA,2479.5132646179,0.251665797935946,1.16711655328428
"156",-5.86,0.79,-5.86,0.83,1.359326,9.604077,-1.1484446,0.2002995,35,35,-5.85092361903261,0.810519865121667,-5.71846422304623,0.818223106781377,1.49117504792977,9.80222883817,-1.24225029896307,0.186065918991423,1.49117504792977,4.87537705820394,-5.78469392103942,0.814371485951522,1.49117504792977,9.80661521106626,-1.24199520727872,0.186080753974439,1.49117504792977,4.89413109020545,3.36173938889807,0.0897209374863923,-0.537363736719084,-6.97979723089865,-6.80144391447011,2.14467635101526,4.9324325928454,-4.03545487814154,0.550995781402502,-4.07878893136304,0.581484873022978,6.53953456,0.12421045,-0.935,0.03055231,57.1042285342683,-64.6532139396991,1192.65605603533,0.763111890421012,0.750680037927305,7.28304449731001,0.157900964515227,-1.04927680390725,-907.820455515842,-907.98777833534,-917.127083759354,-917.350165868586,0.217054014315929,-944.527304055754,0.297519040586695,1865.19615416052,1871.42059986534,NA,2320.65889813097,0.497343003415717,0.934592662486448
"157",-5.86,0.79,-5.86,0.83,1.359326,9.604077,-1.1484446,0.2002995,35,35,-5.92951851200009,0.807504043862122,-4.60896529714757,0.667232784756508,1.30858443212811,6.79172712778551,-0.800593411865613,0.148275219465071,1.30858443212811,7.73468715095667,-5.26924190457383,0.737368414309315,1.30858443212811,7.22769232609983,-0.846902327406445,0.15319422599784,1.30858443212811,7.92529425950993,3.19305070733152,0.0870907617253659,-0.510362015322591,-7.07635960652699,-6.59150625545823,1.9669183563626,8.61674277015019,-4.22656539758122,0.57858007322531,-3.40223469423131,0.496994522230085,4.57797202,0.11198058,-0.85,0.02571277,83.1683013514125,-116.781359573988,1211.26497116122,0.36675311132459,0.302634267240127,5.93666211595371,0.119369917953081,-0.809243106137468,-892.876023575526,-894.556243227509,-912.882792051501,-914.393893951871,1.48388638970342,-940.237245706268,1.47894979495323,1835.30729027989,1862.93201644963,NA,2305.74858274846,0.502256125372932,0.788413929396519
"158",-5.86,0.79,-5.86,0.83,1.359326,9.604077,-1.1484446,0.2002995,35,35,-6.64970796547172,0.922272428655215,-7.24125344320253,0.996804918810808,1.2935389058283,12.6888962761101,-1.51883113867975,0.230134675711337,1.2935389058283,9.04903121128443,-6.94548070433712,0.959538673733011,1.2935389058283,12.776377789166,-1.52985347805363,0.231523448733536,1.2935389058283,9.07329211544581,2.86965445358602,0.0712555095409144,-0.436753257943627,-7.11278872199484,-7.26028891013718,1.98444138844484,9.38703890006134,-4.70224969484339,0.653671868235001,-4.91886196680908,0.687794968246476,6.4815342,0.1145685,-0.901,0.0267502,81.7328007277852,-113.910358326733,1330.38364004245,0.953489608299879,0.981350568694533,10.7712843149046,0.218280688235425,-1.49467184787294,-904.288390544345,-904.485937060906,-919.861758612984,-920.030552651983,0.164169206790966,-945.107115438876,0.125603596644153,1858.13202421753,1876.8899495726,NA,2546.85692175818,0.423237357064517,1.35717064091471
"159",-5.86,0.79,-5.86,0.83,1.359326,9.604077,-1.1484446,0.2002995,35,35,-6.69332477794697,0.832572585167396,-5.53738267350322,0.859276163517906,1.28128285701048,7.43193164613256,-0.937710945531272,0.183846026566625,1.28128285701048,8.88098418593981,-6.11535372572509,0.845924374342651,1.28128285701048,7.76598218333902,-0.929993997892604,0.184024296840805,1.28128285701048,10.0631879657024,3.2689017228121,0.0860203605807026,-0.517259263392283,-7.69081399035879,-6.37577887618268,1.89692891245964,9.94967126963326,-4.60417146581297,0.566475586151456,-3.85576652265268,0.603157697055999,3.95602867,0.11694835,-0.848,0.02420991,102.93512742667,-156.315011724502,1304.10816505979,0.00373797701397047,0.0037505014659769,8.89075093078597,0.172550646316286,-1.15511345757427,-896.694760835669,-901.512696767674,-916.348872701079,-924.2596480652,8.13581476410507,-935.903584551152,9.90762415964478,1842.94476480018,1869.86417774879,NA,2451.90131839508,0.484183855621779,1.29774816660633
"160",-5.86,0.79,-5.86,0.83,1.359326,9.604077,-1.1484446,0.2002995,35,35,-5.59967078760303,0.759285990687757,-5.79287059282727,0.771136015127957,1.53337089164317,6.19712311596859,-0.622301724753558,0.101119914908203,1.53337089164317,5.99889187957989,-5.69627069021515,0.765211002907857,1.53337089164317,6.20645465715324,-0.622874080356995,0.101155020678012,1.53337089164317,6.00767258829361,2.57595776405686,0.073278601094605,-0.420460828540979,-7.0337825655662,-7.15638299160433,1.99646316586535,8.08235601764065,-3.74421870296074,0.507305305993271,-3.68052288804181,0.49143324750916,2.45675521,0.06044467,-0.74,0.03025692,63.6709800436873,-77.7867169585373,1244.80433024758,0.980466261107968,0.984412616570538,9.16338091726124,0.171439303833644,-1.23007118984183,-913.595000494551,-913.651291351825,-936.212294346602,-936.300060292618,0.0853118183286817,-941.888971908866,0.0986440958205439,1876.74524411794,1909.59102103983,NA,2411.82194353662,0.419970861951419,1.0857071453703
"161",-5.86,0.79,-5.86,0.83,1.359326,9.604077,-1.1484446,0.2002995,35,35,-6.09499653393212,0.86082719998251,-5.55120829751528,0.806617615380733,1.25541384633741,10.692143212348,-1.44148974059699,0.273382370923453,1.25541384633741,10.9121583790939,-5.8231024157237,0.833722407681622,1.25541384633741,10.7660696238643,-1.44885937419886,0.274117040689127,1.25541384633741,10.9513469077608,3.08198437864368,0.0814889269883602,-0.484805444541801,-6.92415206271689,-6.70333050355337,2.14960612810593,10.0687420701428,-4.58349600969739,0.651466181276583,-3.79327036134546,0.559014310568526,6.27252837,0.16116171,-0.866,0.02767171,61.7178304357834,-73.8804177427294,1302.66227276283,0.555024650031145,0.509042062328261,7.17839390749929,0.157075258638294,-1.01844785616061,-908.331474435481,-908.571700354602,-924.438045328533,-924.667952832872,0.223705886418494,-966.918994121035,0.243878068327626,1866.2181919998,1886.04252300369,NA,2531.44412778292,0.473573383168842,1.00390710233482
"162",-5.86,0.79,-5.86,0.83,1.359326,9.604077,-1.1484446,0.2002995,35,35,-6.67973876473743,0.92432872323076,-6.61236329550304,0.961538758474033,1.27193759283444,9.664774825964,-1.2422251637686,0.223014057067452,1.27193759283444,9.20530443089099,-6.64605103012023,0.942933740852396,1.27193759283444,9.66590968942764,-1.24159840287242,0.223360203748153,1.27193759283444,9.26520514305882,1.86182945760558,0.0512326945295941,-0.288226274340167,-7.13056865028642,-6.84150541990647,1.94344943903372,9.66354746589225,-5.20199395064035,0.725798504817754,-4.6893732107118,0.684675303158145,7.04839916,0.16103557,-0.893,0.02407005,96.3567260057918,-143.158208882746,1314.18221536481,0.666684883345057,0.676199893218199,6.89144512316692,0.151471542607835,-0.981281815135416,-901.119741582022,-901.390448139511,-916.816058547373,-917.225727080977,0.399130516389385,-940.912763001084,0.479797203121089,1851.79472629288,1870.79854944137,NA,2485.20622184687,0.335571378293778,0.961034479204337
"163",-5.86,0.79,-5.86,0.83,1.359326,9.604077,-1.1484446,0.2002995,35,35,-5.53935495068462,0.750541937196906,-5.89691797019406,0.871453870975853,1.46557787789388,8.05277044015699,-0.749436653809899,0.127635042376869,1.46557787789388,9.49861017403625,-5.71813646043934,0.81099790408638,1.46557787789388,8.08473326838716,-0.760245062844079,0.13128996630941,1.46557787789388,9.59936298030981,2.63874582687738,0.0656380441971232,-0.403089029687961,-7.02556153664919,-6.66276254306216,1.96046790059883,12.7917235128149,-4.00449266786395,0.557797090650173,-3.83840844810145,0.561421810593492,4.15624702,0.07732034,-0.817,0.03160192,46.9946273947797,-44.4340116607221,1287.50162629491,0.822070902570801,0.813155923101551,8.17164108108864,0.165754561429558,-1.08719820195449,-923.691762791319,-924.577336240974,-953.518040197086,-954.186611533382,0.652580742882081,-952.052161147282,0.579296401472576,1896.93876871148,1944.2025127408,NA,2530.56924092909,0.385407156976078,1.20959245630496
"164",-5.86,0.79,-5.86,0.83,1.359326,9.604077,-1.1484446,0.2002995,35,35,-6.41692877418745,0.882831579386018,-5.20768927006234,0.825964025752559,1.37858193266212,12.5535031642495,-1.64681249381551,0.276741410867734,1.37858193266212,8.77595606331235,-5.8123090221249,0.854397802569289,1.37858193266212,12.9190682088337,-1.66400411690465,0.277549890531798,1.37858193266212,9.26206469888812,2.52530493830035,0.0770989122544164,-0.433346136008221,-7.11498790455526,-6.24455056937208,2.26383900272656,8.12391835512001,-4.33677622203094,0.594693611497247,-3.73389742991225,0.586454068966451,7.31991386,0.16535377,-0.895,0.02620732,71.1723173532599,-92.7893915776825,1274.67204871677,0.201887587549604,0.191526673883157,7.95558061017408,0.171557612046153,-1.12063266043036,-921.855836460389,-924.10990489541,-933.533264360168,-936.93023479915,3.38129457672218,-972.841559986803,4.36510861487655,1893.26691604961,1904.23296106696,NA,2456.55470585586,0.414925451753535,1.10320582330865
"165",-5.86,0.79,-5.86,0.83,1.359326,9.604077,-1.1484446,0.2002995,35,35,-5.73567062718082,0.784278301380296,-5.48776220426959,0.740615793148969,1.47323261452999,8.37830097764799,-1.07731331152145,0.201409860899,1.47323261452999,7.60739143188954,-5.6117164157252,0.762447047264632,1.47323261452999,8.39366562418556,-1.08001938741045,0.201886464555262,1.47323261452999,7.61035601262158,2.71032055879233,0.0625017501312034,-0.399081675114134,-7.0208846852934,-7.03310618788532,2.23868133262853,8.07107001597107,-4.00104450641113,0.557772986157926,-4.13255943370331,0.555912657250662,4.21646337,0.08442173,-0.825,0.02657544,82.1068307769082,-114.658418424979,1261.33628189389,0.891315672462827,0.872853504796354,7.5076690726732,0.172729612379237,-1.09537436873692,-924.532553813753,-924.591318937785,-940.890838233906,-940.91494366976,0.0234207415073383,-969.900354753285,0.000875276710436302,1898.62035075634,1918.94810881444,NA,2408.0141453628,0.374526306687627,1.06939944136959
"166",-5.86,0.79,-5.86,0.83,1.359326,9.604077,-1.1484446,0.2002995,35,35,-4.62436825761354,0.706443404377786,-6.39320265303537,0.878307409336573,1.35476918430832,7.11359694648928,-0.930361651000006,0.177399617020226,1.35476918430832,7.16965322249543,-5.50878545532445,0.792375406857179,1.35476918430832,7.89579072609611,-1.00636139182652,0.184783926070345,1.35476918430832,7.57649542454094,2.64609648459014,0.0742687175284049,-0.427088591373552,-6.37330249074534,-7.11821561783913,2.03005951965389,7.68309094856328,-3.37147140060467,0.510365467172287,-4.2785805185723,0.590437976291408,3.61515543,0.08432382,-0.827,0.0277848,74.4220073908574,-99.2887716528774,1212.26459118215,0.210535368105128,0.173089200573155,8.25479836772058,0.176216101911747,-1.16474702238843,-900.6681144153,-903.984333740231,-916.699352216097,-920.101275820589,3.38634566066005,-944.404048656842,3.74606315970861,1850.89147195944,1870.56513677882,NA,2325.24041071142,0.433752484805065,1.108741611539
"167",-5.86,0.79,-5.86,0.83,1.359326,9.604077,-1.1484446,0.2002995,35,35,-6.81960363290632,0.980301540290894,-6.56525288944186,0.948591957047615,1.50931657097925,11.6731718223909,-1.35905236475379,0.208119779155453,1.50931657097925,7.87312465797662,-6.69242826117409,0.964446748669255,1.50931657097925,11.6893453975662,-1.36106870377201,0.208371153572818,1.50931657097925,7.87708734103023,3.46678189780299,0.089997432489794,-0.541969287956615,-6.93696195848644,-6.87152870650251,2.13050853655238,9.12677593955561,-4.71085250003899,0.672663834541461,-3.95802700542454,0.570287252139942,4.74646016,0.08897687,-0.835,0.02925229,62.8848980964523,-76.2145530640672,1319.00072069518,0.58540420002053,0.451672092784981,12.3347572420226,0.263239793854721,-1.76977233542474,-932.036622591361,-932.074590587395,-948.947723613497,-948.978978205654,0.0303683829578237,-961.619657928184,0.0236150838262549,1913.62848831156,1935.06187957362,NA,2561.78688832629,0.519032355319613,1.54414885290809
"168",-5.86,0.79,-5.86,0.83,1.359326,9.604077,-1.1484446,0.2002995,35,35,-5.4311547774049,0.767049861599926,-7.23041546570334,0.963181004971488,1.27092055549953,9.82907070588384,-1.24784001058154,0.211053594027991,1.27092055549953,8.2280964855143,-6.33078512155412,0.865115433285707,1.27092055549953,10.6384054619979,-1.33606277458641,0.220670450378051,1.27092055549953,8.56928095234074,3.31214987780935,0.0807465502584917,-0.504196217147216,-6.81901142152878,-7.44977351043875,1.978724354692,8.31563027110533,-4.26872715579192,0.60574651944067,-5.33753368196746,0.712194560705432,5.8002375,0.1266201,-0.861,0.0225067,113.627799486707,-177.700355844576,1295.93485297315,0.284253551948892,0.275455566167687,8.05607248331227,0.163830323206842,-1.11994347048557,-895.718432330596,-898.171872858119,-909.574240752408,-912.115609726224,2.51412019592735,-940.589990584423,2.5685059981367,1840.99210779003,1856.31491385144,NA,2414.16935010172,0.464369397677264,1.01639217838383
"169",-5.86,0.79,-5.86,0.83,1.359326,9.604077,-1.1484446,0.2002995,35,35,-5.98218336448602,0.843702852244769,-5.93670735297264,0.890976563300936,1.28592784227429,9.72998941178407,-1.24801802591129,0.208962313339678,1.28592784227429,7.64012936864759,-5.95944535872933,0.867339707772853,1.28592784227429,9.73050642868986,-1.24748057095422,0.209521014278934,1.28592784227429,7.71680436106997,2.98825291546048,0.0851680607789676,-0.487549468970265,-6.91336132582798,-6.58624077685133,1.9589301974054,7.79053750757148,-4.53299811433401,0.647573996324257,-3.90886817681536,0.587745637771492,4.94755953,0.10215442,-0.862,0.02851488,64.3601645092449,-79.1650858896524,1229.68378048673,0.583292480607243,0.511196475687914,8.04334711429893,0.178442446221721,-1.17010869422652,-895.239237154283,-895.687694064782,-907.841836123649,-908.4602960967,0.603451552894765,-936.096170472518,0.739483046573243,1840.0337174374,1852.85010459393,NA,2380.2024750838,0.490534629329401,1.05370095273859
"170",-5.86,0.79,-5.86,0.83,1.359326,9.604077,-1.1484446,0.2002995,35,35,-6.41947219805095,0.861865028716525,-5.49803730107022,0.708072324328323,1.1995931746935,9.4443804308028,-1.32974357900461,0.24646493204758,1.1995931746935,8.67720151614954,-5.95875474956059,0.784968676522424,1.1995931746935,9.65664099814627,-1.36517107018569,0.25237798102834,1.1995931746935,8.72103986251986,3.13377319057317,0.0855659235671707,-0.501312832579665,-7.2424446117972,-7.23726685065202,2.0844548367313,7.46065842665228,-4.33901303645903,0.586867477247758,-4.07663578356655,0.532434654470332,5.68294128,0.16938449,-0.899,0.02276413,108.133925286623,-166.712607444408,1278.57809627446,0.893072807963254,0.866540063264902,7.45291788393384,0.144873229888593,-1.00927133590727,-886.894893359676,-887.566652338729,-898.749681629695,-899.066070049673,0.308044381240509,-949.974127435948,0.000180898236769988,1823.34502984819,1834.66579560602,NA,2390.44358510451,0.492776521442708,0.935906086562947
"171",-5.86,0.79,-5.86,0.83,1.359326,9.604077,-1.1484446,0.2002995,35,35,-4.68244715145731,0.634683493544474,-4.90037609970877,0.72298182360309,1.41587625750777,11.9106018530917,-1.36061826921708,0.210494466038687,1.41587625750777,9.15677373523465,-4.79141162558304,0.678832658573782,1.41587625750777,11.9224751097132,-1.36542895976759,0.212443614811472,1.41587625750777,9.2276860607522,2.93134724266938,0.0707301816758858,-0.441927621742914,-6.85890836403527,-6.55077871073985,2.35104017051783,9.03945593987576,-3.48563308949225,0.476638096893803,-3.08479996828839,0.454383137507927,6.67083548,0.12441819,-0.885,0.02923561,51.4358583899001,-53.3164736509628,1241.96267670522,0.690011393857445,0.709718031122829,6.86883183092876,0.146387860626511,-0.958510978426995,-923.796977275034,-924.332491729145,-942.748148147072,-943.235174328754,0.474760810951738,-985.448358308907,0.47867828260336,1897.14919767891,1922.66272864077,NA,2430.60887975947,0.415675442915726,0.959295932425012
"172",-5.86,0.79,-5.86,0.83,1.359326,9.604077,-1.1484446,0.2002995,35,35,-5.36801346082651,0.732497204965856,-5.77358749355911,0.791236650083466,1.45509952922415,7.77771083960923,-0.983385684418963,0.203311782097244,1.45509952922415,9.12360463314248,-5.57080047719281,0.761866927524661,1.45509952922415,7.81883341361598,-0.98934148282817,0.204174362700425,1.45509952922415,9.13073463190943,4.04546555935881,0.0997431860471034,-0.620409494394165,-6.96172589199168,-7.0173455107088,2.22814546849722,9.94716613244138,-4.05449127260585,0.575713974916872,-4.14789373062087,0.571930194552886,4.77946524,0.14725475,-0.831,0.02588644,80.2583607559932,-110.961478383149,1309.54534594077,0.940381525834742,0.925043135056306,6.71090929976341,0.130843619611256,-0.89732724729625,-927.653447800526,-927.786938154913,-949.213970830226,-949.263254090249,0.04789202400944,-975.324257738161,0.0150923798135827,1904.86213872989,1935.59437400708,NA,2508.1292134984,0.567547835312526,0.892513762929316
"173",-5.86,0.79,-5.86,0.83,1.359326,9.604077,-1.1484446,0.2002995,35,35,-6.04793273930877,0.792572147125317,-7.34291424295821,1.08822126204496,1.30504673928277,11.6290663117467,-1.61269632958912,0.288498706410602,1.30504673928277,9.08072865944749,-6.69542349113349,0.940396704585139,1.30504673928277,12.0483105854453,-1.70841136343694,0.310350806198794,1.30504673928277,9.37543873383681,2.34921826711137,0.0616749336569219,-0.363644548563583,-7.28373421066943,-6.81731479269381,2.23520663823253,7.89283020710057,-4.01196978597188,0.540953010063316,-5.2665793784437,0.780624441324554,6.09247561,0.17209598,-0.905,0.02396846,99.3397879281778,-149.124332727518,1318.25684214062,0.14054366806435,0.119954971159299,10.1895364212957,0.220416619461701,-1.44362200541486,-911.279079154244,-913.752219417816,-922.252189248017,-924.26929560832,1.98797981132966,-968.825220225364,1.30239442307784,1872.11340143733,1881.67081084266,NA,2487.38935155372,0.376387744279788,1.39230098667116
"174",-5.86,0.79,-5.86,0.83,1.359326,9.604077,-1.1484446,0.2002995,35,35,-6.55414014084889,0.878811208663886,-5.83564951927112,0.971958561139993,1.29580108630523,10.2612685719402,-1.37229863641401,0.244106017183969,1.29580108630523,8.62746226229254,-6.19489483006001,0.925384884901939,1.29580108630523,10.390325765264,-1.35556726161929,0.246275124502296,1.29580108630523,9.73737205370715,3.48238843685309,0.0995064729170405,-0.573440815449725,-7.27615159962859,-6.00271315572115,2.04206207630168,8.45844630043037,-4.575064806714,0.605646696721888,-4.53232656546727,0.743621846832767,6.11297123,0.13393872,-0.865,0.02387145,97.6990769016537,-145.84291067447,1287.10430201477,0.0109093716628941,0.0105699575244087,7.40000849814603,0.186109435432279,-1.10142924308765,-904.507589870796,-909.379716934694,-917.28988827795,-924.927637592001,7.83943512422778,-948.8418950094,9.9911190118413,1858.57042287043,1871.74620890253,NA,2428.36569335507,0.555682723730594,1.22322586296631
"175",-5.86,0.79,-5.86,0.83,1.359326,9.604077,-1.1484446,0.2002995,35,35,-5.53352717290267,0.776507043483173,-5.99250006057532,0.955125087127033,1.43201041409593,11.1773702344418,-1.305561179106,0.199447141439549,1.43201041409593,7.83795157360017,-5.76301361673899,0.865816065305103,1.43201041409593,11.2300342623464,-1.32605638892642,0.207423242818339,1.43201041409593,8.11125584392366,2.54077327945286,0.0691478489307984,-0.40289540691938,-6.86504037459936,-6.25985317919964,2.10000140856147,8.6828748230445,-3.76982202430511,0.535907292918028,-4.55003420492318,0.735974940095584,5.55720897,0.11251836,-0.863,0.02607245,79.9937989857617,-110.432354842686,1244.22987323856,0.058708703707289,0.043823425894839,8.0736273421652,0.182232047286067,-1.16842169498124,-919.128097336142,-921.462435812237,-935.788178711808,-937.920058654743,2.10282781334893,-956.517254567805,2.14339650935014,1887.81143780112,1908.74278977024,NA,2378.02739163444,0.409431809415328,1.13031822670269
"176",-5.86,0.79,-5.86,0.83,1.359326,9.604077,-1.1484446,0.2002995,35,35,-5.96499848458863,0.788360817568098,-6.90030266905829,0.95409943811742,1.35661050395604,9.6945247050442,-1.34823432189349,0.248745170101845,1.35661050395604,7.97356556976585,-6.43265057682346,0.871230127842759,1.35661050395604,9.91322318441582,-1.38698832822549,0.255612492687243,1.35661050395604,8.02031820099636,3.75857811915649,0.0989915216315518,-0.59005171772829,-7.22588996768624,-7.17376633907488,2.16317754715852,7.58374248760079,-4.44558942510248,0.588979876160038,-4.82139996948448,0.668251056829488,6.00596529,0.16446928,-0.884,0.02229074,112.208310979053,-174.861378829269,1314.48627297865,0.781044441598357,0.791875385285303,8.32724924622777,0.17235134372721,-1.16815165567545,-911.56889387672,-912.301489920693,-923.602079552407,-923.965835547765,0.354282687183532,-959.561997174146,0.017411949464128,1872.69303088228,1884.37059145144,NA,2454.11116712803,0.575891539735638,1.05843193054848
"177",-5.86,0.79,-5.86,0.83,1.359326,9.604077,-1.1484446,0.2002995,35,35,-6.18944376659831,0.800354565778792,-6.420319986241,0.885486355150456,1.48200166037201,12.2710211472109,-1.52949469435107,0.253673269540528,1.48200166037201,8.72568327294204,-6.30488187641966,0.842920460464624,1.48200166037201,12.28434710441,-1.53440842077646,0.255485124930934,1.48200166037201,8.78163049145019,2.97752438637039,0.0792858716488755,-0.46729042687829,-7.37887960147659,-7.10256264958012,2.31217043321496,8.87593329171541,-4.18882296637254,0.535721408295568,-3.89234515424672,0.550810195749344,5.45894071,0.1437753,-0.902,0.02970148,58.0368284423796,-66.5184137559218,1332.96448688874,0.355710894953556,0.343783241304229,11.8768795351602,0.217808739608119,-1.54507850335564,-936.268878296467,-936.666492059405,-950.895235094734,-951.296757936964,0.391171576514179,-980.789142756915,0.397890920617505,1922.09299972177,1938.9569025361,NA,2599.41056002155,0.470511802470021,1.52440705771549
"178",-5.86,0.79,-5.86,0.83,1.359326,9.604077,-1.1484446,0.2002995,35,35,-6.00982346404654,0.793762322781819,-6.45510717459857,0.903759783278019,1.45754216433329,12.612021389328,-1.31256432501009,0.196347915089692,1.45754216433329,10.6622470929674,-6.23246531932256,0.848761053029919,1.45754216433329,12.6615907850487,-1.32480934435035,0.199372775418595,1.45754216433329,10.7071835004438,2.57738012351342,0.0663721739918221,-0.403563395552402,-7.23853417682729,-7.02848148176525,2.11610253281333,12.7271123544285,-3.78551404105981,0.496763101920953,-4.70244403508301,0.666810547093417,6.17412794,0.12555475,-0.842,0.02418933,91.4849702041548,-133.414697279472,1361.03285705917,0.302967571872885,0.247528692436504,10.3417755336251,0.189928642918663,-1.35496463654332,-934.469027129318,-934.997813218398,-959.52899707162,-959.798199385951,0.262014317140988,-970.604044462674,0.180753860746103,1918.49329738747,1956.22442648987,NA,2588.65101683887,0.374939574715548,1.29527300656775
"179",-5.86,0.79,-5.86,0.83,1.359326,9.604077,-1.1484446,0.2002995,35,35,-5.0832007595465,0.698894625362132,-5.78114514115499,0.877106532231845,1.36213622506413,7.90567725085886,-0.95398249853039,0.160447033664176,1.36213622506413,6.78615918272523,-5.43217295035074,0.788000578796989,1.36213622506413,8.02745884081357,-0.985077998314254,0.168386904601711,1.36213622506413,6.92299315033483,2.16155698238253,0.0616733723318306,-0.350348922168938,-6.87710866465743,-6.51331262099798,1.99427863033998,7.52281024068313,-3.45045746588026,0.460958324339136,-3.78636254064781,0.585755358925886,3.47482147,0.06818817,-0.82,0.03090014,54.9280362643274,-60.3008293998174,1195.8678169945,0.120209508140952,0.101890364675433,8.29192720507594,0.196684029515693,-1.24013645521943,-898.87089217481,-900.478795603278,-914.662504006879,-915.881999468457,1.19503205355686,-939.395182769145,0.926604169754524,1847.29702747846,1866.49144036039,NA,2331.43480458918,0.364705760977674,1.15975510156728
"180",-5.86,0.79,-5.86,0.83,1.359326,9.604077,-1.1484446,0.2002995,35,35,-5.71644575704144,0.794974386105053,-5.74401739324487,0.833238374695169,1.34732080153114,8.4848738823395,-0.970803343220844,0.159119155156752,1.34732080153114,7.71352543594957,-5.73023157514315,0.814106380400111,1.34732080153114,8.48506393112023,-0.971067093414117,0.159485188362458,1.34732080153114,7.74202079339527,2.35309588486657,0.0668172370490949,-0.38444623224111,-6.93793531018776,-6.73754000393645,1.92230585410405,9.04184197106444,-4.12463295647214,0.573358307082926,-4.33739852190495,0.636266221571486,5.22462122,0.09030301,-0.871,0.02893182,64.5969958287914,-79.6387485287454,1232.87392418049,0.646781669291584,0.622355628084021,6.3763730676786,0.146457113737886,-0.927618817117671,-901.062621256927,-901.248961292472,-919.860151033098,-920.088694645181,0.222376616738066,-936.130231522865,0.247563252837362,1851.68048564269,1876.88673441282,NA,2386.10909983223,0.380330751678166,0.9146204324044
"181",-5.86,0.79,-5.86,0.83,1.359326,9.604077,-1.1484446,0.2002995,35,35,-5.02829407230123,0.666264731906297,-5.86856460073243,0.807130047823907,1.40972338657148,7.13178601908946,-0.951058106473031,0.201820386041586,1.40972338657148,8.62912208893932,-5.44842933651683,0.736697389865102,1.40972338657148,7.30829965932698,-0.98064934983396,0.206781145348728,1.40972338657148,8.66040493967406,3.64509411556089,0.0949016799948235,-0.571462984865885,-7.01660243899059,-7.01763386687613,2.22789207889392,8.94252071915899,-3.83463764431092,0.511723489928753,-3.90426878101016,0.523398236680577,3.63196348,0.079382,-0.759,0.02735538,76.3843430266926,-103.213442924548,1282.45558959343,0.993078499699151,0.999726325801145,7.60410764632583,0.186704675889661,-1.14882019634718,-917.537166576308,-918.196550645599,-937.946734118345,-938.173779754869,0.220916697318153,-971.927292812064,5.71523438180615e-06,1884.62957628145,1913.05990058332,NA,2461.69773626232,0.543955787432692,1.12028688887056
"182",-5.86,0.79,-5.86,0.83,1.359326,9.604077,-1.1484446,0.2002995,35,35,-6.12695518383282,0.731931387905622,-5.90262720789987,0.837642522943692,1.50732712556144,9.76172445111537,-1.21357441353724,0.205284760874295,1.50732712556144,7.2198071584799,-6.01479119586634,0.784786955424657,1.50732712556144,9.77430521131195,-1.20764592229808,0.208078471892055,1.50732712556144,7.65977613365626,2.17541802743349,0.0564013221381339,-0.337063219406674,-7.72403860662649,-6.86991104298738,2.26115195192225,7.67820708845985,-4.24904219055567,0.506229520450431,-3.94575264053889,0.563542351247784,4.31103528,0.10639778,-0.846,0.02397331,105.437060291186,-161.318877453534,1314.62174917795,0.0773794714162083,0.0781951679752641,9.79643594597044,0.19122674751443,-1.31330154260379,-928.6826204269,-931.186997823241,-943.270955548796,-946.920904149639,3.63973141159742,-970.797631727843,4.42417887791733,1906.92048398264,1923.70834344422,NA,2467.92462090237,0.336031852619916,1.29350597884926
"183",-5.86,0.79,-5.86,0.83,1.359326,9.604077,-1.1484446,0.2002995,35,35,-6.06080888822823,0.769082490947617,-4.75424886896724,0.688400751331446,1.44397523521651,11.41512536122,-1.57129372978949,0.26729544144542,1.44397523521651,6.92951225004494,-5.40752887859774,0.728741621139532,1.44397523521651,11.8419001322028,-1.59764761360622,0.268922827222293,1.44397523521651,7.35284608408138,3.03048533521405,0.0863077003212759,-0.495963867385003,-7.43655565268169,-6.61067656005517,2.45888449538694,5.79322547643316,-3.87436027411373,0.485702365263565,-2.97200943103916,0.426564162914664,4.77826241,0.1159868,-0.89,0.02980507,57.4158329983557,-65.2764228678739,1239.6136817316,0.0992020838323955,0.08580980552992,10.2730869863995,0.211642844280639,-1.4244871273477,-921.941378819988,-924.538265394648,-930.23426124619,-933.875017411041,3.63032426292238,-982.765694980417,4.85921088196171,1893.43800076881,1897.63495483901,NA,2413.95094059532,0.490662575557442,1.35331375989351
"184",-5.86,0.79,-5.86,0.83,1.359326,9.604077,-1.1484446,0.2002995,35,35,-4.75941751518951,0.569079276817962,-6.93243957303455,0.939019551123579,1.35002646023277,6.81001077476442,-0.787509639934302,0.143648980027769,1.35002646023277,7.4926549562673,-5.84592854411203,0.754049413970771,1.35002646023277,7.99051699073469,-0.988481733972141,0.177862931666098,1.35002646023277,7.71856827592455,2.7961442036797,0.0805166740828887,-0.456072573418368,-7.32673167463313,-7.2957453075409,2.05631999021473,8.25275418122037,-3.35731921966707,0.402579692988701,-4.60169669311215,0.622620541374249,4.13400074,0.09062616,-0.832,0.02622328,88.6088242617865,-127.662405394736,1291.45029784671,0.0926997516511502,0.0679585923886196,8.78635856159696,0.190428092699641,-1.25527769977986,-898.301252217036,-903.389278648081,-918.554425115246,-920.392160928785,1.80886964274416,-949.777028571666,0.0060051873733514,1846.15774756291,1874.27528257712,NA,2455.23819029869,0.47258950888379,1.16665708982319
"185",-5.86,0.79,-5.86,0.83,1.359326,9.604077,-1.1484446,0.2002995,35,35,-5.96512465738246,0.784496483573271,-6.8130029783116,0.921470050135828,1.54494377407004,8.52377658417814,-1.06186936813082,0.176004849071299,1.54494377407004,5.81170563811122,-6.38906381784703,0.85298326685455,1.54494377407004,8.70350099595355,-1.090903597538,0.180695288555516,1.54494377407004,5.8392680894445,2.54149479068749,0.0732621695802595,-0.416613051548068,-7.24903884244826,-7.28086409842189,2.14442736484536,6.6352459329436,-3.89190167005518,0.501645831307851,-4.45836349924633,0.600380362664779,4.26159932,0.08666941,-0.897,0.03271585,52.3862950805742,-55.217347032311,1285.96468367796,0.599423192758941,0.566697239787047,10.4178090540445,0.221277143225407,-1.47189337867139,-923.212167330678,-923.833381399054,-936.15680153049,-936.439473558678,0.275150863856586,-953.330787220522,0.00736133193578365,1895.97957779019,1909.48003540761,NA,2516.7120203236,0.422909501260966,1.37419684997366
"186",-5.86,0.79,-5.86,0.83,1.359326,9.604077,-1.1484446,0.2002995,35,35,-6.05583712120219,0.849296597092648,-5.11231517974815,0.79692072739364,1.50593969407534,9.69112499190959,-1.20676118587694,0.214704018011046,1.50593969407534,8.08369294923653,-5.58407615047517,0.823108662243144,1.50593969407534,9.91368340541089,-1.21911563144287,0.215389825942728,1.50593969407534,8.31943794985115,2.37497436493865,0.066547525644029,-0.385178726334967,-6.9536889982328,-6.32220893515144,2.23690412201388,8.851015052421,-4.5444545260814,0.645153765291796,-3.50234772768466,0.556927058726099,5.64276239,0.11788853,-0.85,0.02962573,52.0927310254846,-54.6302189221318,1274.06413362612,0.215113011928486,0.206315038196494,7.84006387110203,0.172516575803797,-1.11662838980881,-933.49877623054,-934.717237807486,-950.040724614533,-951.834229521432,1.76477343866425,-972.592730072381,2.15346538998888,1916.55279558992,1937.24788157569,NA,2493.49804833012,0.380511749940597,1.09538360622573
"187",-5.86,0.79,-5.86,0.83,1.359326,9.604077,-1.1484446,0.2002995,35,35,-6.18209954403236,0.765075590771068,-6.09510537427847,0.903393399901512,1.30592576519759,9.97840800598341,-1.22096947991003,0.224548862943209,1.30592576519759,10.6415350666029,-6.13860245915542,0.83423449533629,1.30592576519759,9.98030000237619,-1.21796126916816,0.22933181702387,1.30592576519759,11.2302274769979,3.11191641478654,0.0883781175590874,-0.511340990407123,-7.58171838287289,-6.67066249879342,2.06690641410457,11.1474924115075,-4.31202224245712,0.549858776175569,-4.46319311179459,0.666490516066196,4.98683483,0.14767557,-0.834,0.02190539,115.033287994712,-180.511332860586,1345.92913043406,0.208768635762058,0.20973399860182,8.9920677668075,0.176123373469302,-1.19543915672346,-912.708868454309,-915.007579093214,-932.493919155907,-935.947105764244,3.43864307222659,-960.562163813823,3.93395643979678,1874.97298003746,1902.15427065844,NA,2511.34692800754,0.492110246409703,1.23488558351801
"188",-5.86,0.79,-5.86,0.83,1.359326,9.604077,-1.1484446,0.2002995,35,35,-6.09197149887203,0.858183956209027,-5.60921015988716,0.81860417058791,1.31537407096703,8.62995155330774,-1.10830983919042,0.207835876793636,1.31537407096703,8.85754633669757,-5.85059082937959,0.838394063398468,1.31537407096703,8.68821618091233,-1.11308673676621,0.208227516651089,1.31537407096703,8.90076221595587,2.55370484896639,0.0705472365217521,-0.406772581290068,-6.93687479006751,-6.68991957175953,2.00978329218513,9.4101702293801,-4.27204797916048,0.614484779990588,-4.099434636734,0.592431859956326,5.2815281,0.1299542,-0.882,0.028844,60.4042884906625,-71.2533338524875,1248.8425417865,0.970608961130646,0.985029581026607,6.78721730964964,0.146837836055683,-0.939979511101887,-905.374916217304,-905.632712115753,-922.616158387985,-922.922370467226,0.298114732529756,-948.293885343757,0.346877646254186,1860.30507556345,1882.3987491226,NA,2426.43174972051,0.42121250387286,1.00979304457415
"189",-5.86,0.79,-5.86,0.83,1.359326,9.604077,-1.1484446,0.2002995,35,35,-5.59577576235673,0.756309946380228,-6.50863548115171,0.908822697443158,1.34316492480491,9.53718000124479,-1.28104874384001,0.247729589970425,1.34316492480491,9.62878130919829,-6.05220562175422,0.832566321911693,1.34316492480491,9.74550821779438,-1.315854430602,0.253544624779621,1.34316492480491,9.66727923078348,2.98526120568061,0.0776193851827611,-0.466832731782915,-7.04761804219372,-7.05184625585184,2.17754012866216,9.47273774915936,-4.21628180807575,0.581499641914029,-4.98558434480942,0.697791462991299,5.4248828,0.1340055,-0.819,0.0234523,101.49324945637,-153.431255783904,1328.55302011607,0.593235236865382,0.635475339853275,7.33979981647692,0.163669346396758,-1.06469981039725,-916.276152096854,-916.925428586892,-933.011503783744,-933.264588850014,0.246299043289893,-968.145008220071,9.32898544298649e-05,1882.10754732255,1903.18943991412,NA,2503.67478444824,0.448347708977905,0.986419428835495
"190",-5.86,0.79,-5.86,0.83,1.359326,9.604077,-1.1484446,0.2002995,35,35,-6.13335589071459,0.827531946703752,-7.12049561814025,0.976275516367461,1.43505739681703,8.4481591520209,-1.00517183068455,0.172900014272234,1.43505739681703,7.43197000208082,-6.62692575442742,0.901903731535606,1.43505739681703,8.69177036238641,-1.04187950238809,0.17843117665131,1.43505739681703,7.47244881294,3.73087037956767,0.097403201269655,-0.587099923078101,-7.16087592272774,-7.26183995244272,1.992300049175,8.88387049271125,-4.42126815703867,0.603354064395567,-5.17847253047507,0.7156544645157,4.66067371,0.12204807,-0.854,0.02394581,105.118799752129,-160.682356375421,1316.11961134757,0.580253544413804,0.515705969757731,9.30721527374692,0.175892587085497,-1.25193465814146,-915.480343131068,-916.276139273537,-933.017198979249,-933.352439392649,0.326443184421248,-944.337522610709,0.061602526101392,1880.51592939097,1903.20083030513,NA,2471.55686631972,0.552702019933778,1.12102928930875
"191",-5.86,0.79,-5.86,0.83,1.359326,9.604077,-1.1484446,0.2002995,35,35,-5.56932512088121,0.756524715714658,-5.81802133378048,0.802449555731067,1.22164454217623,7.09984721046781,-0.908898977296078,0.188963823436119,1.22164454217623,9.90437301713927,-5.69367322733084,0.779487135722863,1.22164454217623,7.11530966204543,-0.9117543107436,0.189491096168752,1.22164454217623,9.90865436660063,2.45246369469974,0.0637068467327808,-0.374481719615485,-7.01988786059948,-6.99497576064326,1.92723400597634,10.4471102372984,-4.51820675465148,0.606818848776641,-4.82101795083158,0.668411999040223,7.37126259,0.15562629,-0.877,0.02066698,124.075902898723,-198.596562668608,1279.16671807785,0.850850733566791,0.82611414993508,4.24350813975965,0.113739609048739,-0.658686755082019,-889.778870424174,-889.850972160277,-911.569848903689,-911.597327388071,0.0266986247548836,-941.341712642231,0.00334762900139895,1829.11298397719,1860.30613015401,NA,2359.73687348708,0.401691506758146,0.710035690599248
"192",-5.86,0.79,-5.86,0.83,1.359326,9.604077,-1.1484446,0.2002995,35,35,-6.27181774632981,0.789848843368478,-6.83827255863454,0.942453890100506,1.37559237671115,8.42714020206229,-0.986595771007726,0.15887661445614,1.37559237671115,6.90584500624314,-6.55504515248218,0.866151366734492,1.37559237671115,8.50735796565808,-1.00820673678356,0.164698689528161,1.37559237671115,7.01818556199822,2.35436059591967,0.0653405714620156,-0.380346235266425,-7.52384395676491,-7.18111739021962,1.91671546715256,8.15636390169075,-4.85618770298146,0.613477196584163,-4.5698891524344,0.63175392092073,5.30863689,0.1152531,-0.876,0.02608055,90.4816731415937,-131.40810315435,1319.24725447106,0.37792562860215,0.353428462660856,7.98570575210915,0.15494195593447,-1.08161382878485,-901.497351710383,-902.81040213629,-918.138738631269,-919.126424422751,0.966267082811842,-932.185792977641,0.79645603939242,1852.5499465496,1873.44390960917,NA,2507.08640578777,0.372870933982771,0.997508793431145
"193",-5.86,0.79,-5.86,0.83,1.359326,9.604077,-1.1484446,0.2002995,35,35,-4.52590180395272,0.618582335567562,-4.50817861595353,0.700775372615732,1.47818608306261,8.22580510165004,-1.05653130187855,0.205160651380422,1.47818608306261,8.14493354754851,-4.51704020995313,0.659678854091647,1.47818608306261,8.22588362949824,-1.05616712121659,0.206849575215223,1.47818608306261,8.30749354745022,3.38372517617707,0.10018446997056,-0.567096239683454,-6.79828954926348,-6.29088151560812,2.43431757765839,8.00048667402571,-3.31733795094311,0.443801823014858,-2.97945114796374,0.455330643942394,4.88566822,0.10766491,-0.822,0.02634356,72.9066057414776,-96.2579683541179,1219.23765429652,0.44880482127156,0.459662789923832,5.68970455251905,0.149972461463972,-0.88329968694797,-927.833335080928,-928.639523054901,-945.953732891845,-947.187120167132,1.20876548045333,-990.152917157191,1.39835812810232,1905.22191329069,1929.07389813032,NA,2342.21734023893,0.557868891414538,0.911343866135371
"194",-5.86,0.79,-5.86,0.83,1.359326,9.604077,-1.1484446,0.2002995,35,35,-5.25612348415355,0.727599336171924,-6.29794006606007,0.881612352741615,1.40720535796822,11.2109310950304,-1.22335048571002,0.179454064868256,1.40720535796822,8.60465973876642,-5.77703177510681,0.80460584445677,1.40720535796822,11.4822765426143,-1.26346381433295,0.18538406718648,1.40720535796822,8.65171972063303,2.80910805799735,0.0737980174935441,-0.437216747388463,-6.87901615017238,-7.00326303327618,2.0696681150073,9.83927274820477,-3.68766224140281,0.519347212768842,-4.31564994619994,0.606937945134832,5.29570721,0.1012501,-0.844,0.02749498,69.5808444076986,-89.6064456865598,1273.20643727933,0.687855031825775,0.680239651158347,8.71380155559264,0.167837868866695,-1.18074873016094,-916.306582588468,-917.102986690051,-937.33066906512,-937.672810774137,0.333179816252437,-956.901162473801,0.0818874058628018,1882.16840830577,1911.82777047687,NA,2456.80642887211,0.441800619932553,1.06693833279969
"195",-5.86,0.79,-5.86,0.83,1.359326,9.604077,-1.1484446,0.2002995,35,35,-7.24612614759663,0.944203167128997,-5.87274089414954,0.807428316836069,1.44373232374838,9.33374763522605,-0.990973455473987,0.167479975866782,1.44373232374838,9.44459980445806,-6.55943352087309,0.875815741982533,1.44373232374838,9.80529439882254,-1.03793459608267,0.172156815784946,1.44373232374838,9.66245389696672,2.16108877134001,0.0631857495002247,-0.352761581235267,-7.57854923930606,-7.0200331507018,1.99956594616977,11.8713012640832,-4.7400539331824,0.614656604929517,-4.19134914957193,0.578809788505102,5.7170586,0.11988533,-0.838,0.02652341,77.2952009326173,-105.035158736397,1383.32217295846,0.59685060606146,0.585297941174306,9.45878679696905,0.172778542322715,-1.2329115103086,-925.247143979778,-926.630106673211,-949.477591571408,-950.922637218348,1.41834810025613,-954.47276751121,1.44231509871492,1900.04953108839,1936.12161548944,NA,2661.60918718053,0.379404969776048,1.1940264112555
"196",-5.86,0.79,-5.86,0.83,1.359326,9.604077,-1.1484446,0.2002995,35,35,-4.95989903123416,0.695445737710825,-4.57821584452019,0.676273422292091,1.28433650941711,12.6714311953866,-1.43576125628329,0.208117661130553,1.28433650941711,9.48161264105641,-4.76905743787718,0.685859580001458,1.28433650941711,12.7078517091417,-1.43759069389471,0.208209555550182,1.28433650941711,9.5309841750311,3.29964795377751,0.0825068364583584,-0.507355705106691,-6.77435451650356,-6.50689502383793,2.19372552893345,9.00094471057579,-3.45816271610661,0.492940788588798,-3.30171788972201,0.490530080341812,6.77413895,0.13396603,-0.895,0.02841709,55.4723069559551,-61.3893707830728,1205.62050841254,0.89225719519136,0.904229059946037,6.66747416221705,0.123502767673338,-0.873386914553041,-901.821615423143,-902.020953601412,-921.062810651078,-921.391757498377,0.320300360760218,-968.345972906508,0.388007105436556,1853.19847397512,1879.29205364878,NA,2349.851646042,0.476183539994329,0.852475435766665
"197",-5.86,0.79,-5.86,0.83,1.359326,9.604077,-1.1484446,0.2002995,35,35,-4.75563590234066,0.637789756094613,-5.61612571076078,0.773630810520677,1.36983363310279,6.64376498289456,-0.902754795002138,0.173930868506851,1.36983363310279,6.39374843510536,-5.18588080655072,0.705710283307645,1.36983363310279,6.82887566049328,-0.931977255726807,0.178544066523747,1.36983363310279,6.42535948004732,2.7962900447218,0.0829094811852365,-0.464420352867702,-6.91359080645186,-6.96477476416575,2.15552884406846,6.32730643021848,-3.04551168529913,0.403967291459802,-3.94014645062553,0.54182057961439,3.00979516,0.09555652,-0.833,0.02797651,74.3904723048308,-99.2257014808243,1194.38791027778,0.323455547126872,0.275547030250999,7.50818415149668,0.157734614989374,-1.06333555760313,-898.166542993334,-898.863881763288,-912.423197576644,-912.721835863757,0.290725479088178,-953.155004141606,0.0197386068222684,1845.8883291155,1862.01282749992,NA,2289.55011907473,0.478932434695067,0.953122658801096
"198",-5.86,0.79,-5.86,0.83,1.359326,9.604077,-1.1484446,0.2002995,35,35,-6.07604068268883,0.801716768230331,-6.58194167657566,0.979101583960722,1.62147805959452,7.77147769769039,-0.936122855002151,0.193573398376979,1.62147805959452,8.59007085513308,-6.32899117963225,0.890409176095527,1.62147805959452,7.83546165159431,-0.958557643646761,0.201439741589905,1.62147805959452,8.79697752455381,2.28631655141417,0.0652098190095652,-0.368829047231395,-7.25736086785771,-6.70644903145847,2.25397377096872,10.5516496474529,-4.188428710558,0.549281025633683,-5.1379265641908,0.761587977898651,4.41502708,0.10582245,-0.792,0.02624292,83.9840279927988,-118.41281285676,1356.36482858017,0.117633286336007,0.0694841046924904,8.48310590209453,0.200554620540706,-1.24341920293431,-949.122724212262,-950.487920759371,-971.948699038634,-973.442894184248,1.46710631580777,-980.029090966941,1.38713363163602,1947.80069155336,1981.0638304239,NA,2594.31684430358,0.39200022428352,1.27207333967644
"199",-5.86,0.79,-5.86,0.83,1.359326,9.604077,-1.1484446,0.2002995,35,35,-6.00676646193812,0.74329135233098,-5.94874269677688,0.819148205961813,1.2221111214856,7.11784527029164,-0.823106648537777,0.141165753787437,1.2221111214856,7.67327054526,-5.9777545793575,0.781219779146396,1.2221111214856,7.1186869596225,-0.822006273472539,0.14260431934813,1.2221111214856,7.86992978346477,2.0914284384976,0.0588983079794472,-0.333818897549592,-7.53617015630138,-7.02621088667146,1.78651006082493,8.77742690822298,-3.91473083610133,0.487268054852728,-4.40910586237806,0.604264764765022,3.95160074,0.09180894,-0.845,0.02486499,100.994593364402,-152.433943599968,1263.73723012331,0.379153029610195,0.351149877408517,7.40222641006507,0.140995840672896,-0.981066680563364,-876.564173955464,-877.675636760379,-895.639146161257,-897.208611606152,1.54184377486441,-917.24724095634,1.77169066932816,1802.68359103977,1828.44472466914,NA,2375.04051664666,0.360189956085931,0.964662205724539
"200",-5.86,0.79,-5.86,0.83,1.359326,9.604077,-1.1484446,0.2002995,35,35,-6.41295692472576,0.874761589788414,-6.12597949967967,0.833674421052967,1.27372024265698,10.8564717476587,-1.30788937405647,0.237939062802063,1.27372024265698,11.8769180987077,-6.26946821220271,0.85421800542069,1.27372024265698,10.8770607582802,-1.310837146528,0.238361101660737,1.27372024265698,11.8810864482974,2.91692372891257,0.0816349266501066,-0.476163059213837,-7.1590949648464,-7.11690425900713,2.04300815301298,12.3622028660845,-4.4740822444641,0.605065092940858,-4.04853198778936,0.561885437080956,3.91242706,0.1112417,-0.787,0.02384203,101.876079859477,-154.196916590117,1351.70049689686,0.779807139054831,0.760123444983168,11.0214954751323,0.214474540386797,-1.490557478766,-912.701257216783,-912.756226477997,-933.436206354798,-933.458862183847,0.0220120816120566,-961.048642760661,0.00775947579645787,1874.9577575624,1904.03884505622,NA,2549.20407720361,0.454047225863464,1.39522313059122
"201",-5.86,0.79,-5.86,0.83,1.359326,9.604077,-1.1484446,0.2002995,35,35,-6.1332744051305,0.848729313096475,-5.76168707493571,0.835263226108445,1.32888770286499,12.9531936408481,-1.35793586785522,0.202239517726286,1.32888770286499,11.7593760418658,-5.9474807400331,0.84199626960246,1.32888770286499,12.9877129268384,-1.35918682468323,0.202284851600979,1.32888770286499,11.8155751110995,2.47953622553649,0.0620231222665288,-0.370050107817563,-7.03450601341434,-6.74314614487742,2.00227605394893,13.4770275696367,-4.84548264476435,0.663784055579595,-4.0531267116653,0.58226496594735,9.1174894,0.15513,-0.895,0.0248205,84.1035415141724,-118.651839899507,1331.33178487781,0.633985839343816,0.522247432906939,7.28745182988131,0.152670551527006,-1.00131238420552,-917.955461607151,-918.134612167187,-943.182385952717,-943.490026124129,0.299508118214191,-958.91930665015,0.348500231912732,1885.46616634314,1923.53120425206,NA,2544.01172985611,0.400750509777843,1.03515779409636
"202",-5.86,0.79,-5.86,0.83,1.359326,9.604077,-1.1484446,0.2002995,35,35,-5.45367417839974,0.692772496039918,-6.04356002798362,0.833877976848279,1.3739353120835,9.32114389678717,-1.01991848067178,0.174702382843781,1.3739353120835,9.713474892627,-5.74861710319168,0.763325236444098,1.3739353120835,9.40813522567201,-1.04072751227868,0.17968007202232,1.3739353120835,9.78573507287631,2.46174459710959,0.0686246899080778,-0.393503297984619,-7.28405614579015,-7.0332720545567,2.07234788305267,11.0439402734788,-3.713116426416,0.487043731692908,-3.98607250456323,0.548358843869814,4.96724845,0.10815464,-0.873,0.02881042,63.8183967037101,-78.0815502785827,1297.39539238843,0.787467933867067,0.758029189172612,8.05836490007838,0.155971342202517,-1.04220878124488,-915.947094865135,-916.769095959514,-939.116423825465,-939.586974294324,0.458645986124852,-960.906679920511,0.299858022513439,1881.44943285911,1915.39927999756,NA,2516.70923449828,0.410620314563269,1.18758027216918
"203",-5.86,0.79,-5.86,0.83,1.359326,9.604077,-1.1484446,0.2002995,35,35,-4.93194244676164,0.629380276294643,-6.95962711048119,0.90095836968118,1.36355467607852,14.3032735526681,-1.69194917888107,0.290601335481828,1.36355467607852,13.3366334998344,-5.94578477862142,0.765169322987912,1.36355467607852,15.3311498265389,-1.8296178626216,0.309040000683695,1.36355467607852,13.5645522534765,3.2100475616299,0.0888233793354824,-0.522252876123984,-7.13999885540155,-7.54969151493656,2.44271069449763,12.3324610602078,-3.8644710208357,0.486843096996076,-4.64136709228155,0.598498079921271,10.0573127,0.234519,-0.888,0.0203441,120.973874965822,-192.392506802806,1443.61662699814,0.714015506993305,0.669884104721604,9.13391045429281,0.1664920600243,-1.18500782724343,-937.106022494204,-939.163835951592,-957.650424862742,-958.754507141071,1.08104006758899,-1004.74849121271,0.613311303872942,1923.76728811725,1952.46728207211,NA,2694.84074719347,0.49023936926976,1.16853067269185
"204",-5.86,0.79,-5.86,0.83,1.359326,9.604077,-1.1484446,0.2002995,35,35,-5.10475456982609,0.679322975498221,-5.31363004492416,0.761946698601997,1.25617081929116,8.28611666534941,-1.05595957101655,0.174287642860069,1.25617081929116,6.49976555210011,-5.20919230737512,0.720634837050109,1.25617081929116,8.29702390637378,-1.06027408837097,0.175994312764951,1.25617081929116,6.56777819362602,2.86910164464159,0.0752910154174154,-0.445735242268033,-7.01526530027402,-6.73189001364517,2.00894098358729,6.21131324075128,-3.69142404351471,0.488751941823761,-3.99115307938764,0.567549772625473,5.47111664,0.10638052,-0.901,0.02809333,71.2363078101074,-92.9173724913774,1173.56532907737,0.537009565237667,0.519574526050119,5.5449107704263,0.128541962627294,-0.817945653413676,-880.229779862156,-880.822694401485,-892.197579541264,-892.829522918585,0.616667226679765,-935.341557740101,0.65961324383955,1810.01480285315,1821.56159142915,NA,2254.21328566337,0.453027283327357,0.771271186421008
"205",-5.86,0.79,-5.86,0.83,1.359326,9.604077,-1.1484446,0.2002995,35,35,-6.42638691284607,0.906496694147892,-5.92404260403641,0.853185019867117,1.37550491772544,8.85537156975199,-0.995979918952512,0.170830737815302,1.37550491772544,8.86832457443504,-6.17521475844124,0.879840857007504,1.37550491772544,8.91845902090034,-1.00267512299453,0.171541271468957,1.37550491772544,8.89462398932631,3.35150633066255,0.0900240504875061,-0.534229190349574,-6.98345541327996,-6.79872826438317,1.9266002140592,10.8006394066816,-4.23492483682018,0.59333599053073,-4.47681060674682,0.639497958201293,4.46403257,0.09343,-0.803,0.02530409,90.2209250987412,-130.886607068645,1294.38496718052,0.900311847978522,0.894861896682275,8.37461256101803,0.181714210280569,-1.19807377302496,-912.34717538837,-912.543527397363,-933.644102319903,-933.830406516684,0.181222273255879,-942.325702465566,0.178612262622432,1874.24959390558,1904.45463698643,NA,2457.88332729239,0.510672355435208,1.10916346922294
"206",-5.86,0.79,-5.86,0.83,1.359326,9.604077,-1.1484446,0.2002995,35,35,-5.83242520291427,0.736046579384762,-6.99830163287261,0.961727021797804,1.49365684651898,8.74494343639864,-0.948271092881453,0.17217110742811,1.49365684651898,9.35958941888375,-6.41536341789344,0.848886800591283,1.49365684651898,9.08476039888175,-1.01404997000944,0.184904022950046,1.49365684651898,9.45407100394445,2.50418261469246,0.068276190771864,-0.400627923186977,-7.40499137976257,-7.22632213310988,2.10923067896017,11.5129116345824,-4.18850365268525,0.535610153240903,-4.47080025805156,0.619023089057108,4.52473185,0.10367359,-0.819,0.02682391,80.2942035532287,-111.03316397762,1382.06290800169,0.591890879508453,0.612984221034597,10.0165632257937,0.200196438180463,-1.35597564353662,-932.900207492106,-934.625057300467,-957.234469881342,-957.869990616111,0.620173978364098,-966.565719838517,0.143934239239703,1915.35565811305,1951.63537210931,NA,2653.09265202577,0.392082304353144,1.34678155745971
"207",-5.86,0.79,-5.86,0.83,1.359326,9.604077,-1.1484446,0.2002995,35,35,-5.54064720835755,0.773060421557935,-6.20539051567997,0.953915044910608,1.28693066984248,8.58489299381133,-0.893575994781689,0.158133960171646,1.28693066984248,10.7482199739933,-5.87301886201876,0.863487733234271,1.28693066984248,8.69536390996882,-0.923631469899693,0.166311058868656,1.28693066984248,10.9205311415246,2.07111842454972,0.0604840801241551,-0.338324522760717,-6.8926944916031,-6.47995275270736,1.83496546981616,13.2454227215914,-4.28551893276824,0.5935330681433,-4.96033151944373,0.738534744449361,6.12893356,0.10021029,-0.853,0.02473419,93.4180319508218,-137.280820772806,1293.37711591738,0.274883363717236,0.249342957086129,6.17209819724322,0.160049948687684,-0.939819036435119,-902.921729307098,-904.45882754444,-929.542717004322,-930.561950741389,0.997356145702361,-936.976416389811,0.77553339432954,1855.39870174303,1896.25186635527,NA,2449.47341106194,0.361534061330307,1.0164909796757
"208",-5.86,0.79,-5.86,0.83,1.359326,9.604077,-1.1484446,0.2002995,35,35,-5.09939838760213,0.690892156907047,-5.87109543100193,0.756946068290443,1.35326988124091,11.2935691978646,-1.24222668798368,0.186363766363007,1.35326988124091,9.25932548013179,-5.48524690930203,0.723919112598745,1.35326988124091,11.4424482795626,-1.25497009001357,0.187454546165268,1.35326988124091,9.35895766709361,2.93726504889568,0.0786998840493441,-0.466630036057056,-6.94098292897119,-7.31914786110702,2.13459347244435,9.8220131232978,-3.36048435208474,0.446754939616155,-4.02364173141514,0.523668128219364,5.66127153,0.11166056,-0.863,0.02683158,75.0394086384953,-100.523574148153,1282.05678434162,0.659179516692629,0.682427308947168,8.82151768948576,0.160780763136964,-1.15342368521168,-911.321883742165,-911.786235626056,-932.371308439214,-933.047825229885,0.660373698692395,-964.412935477399,0.736692477424708,1872.19901061317,1901.90904922506,NA,2463.58999453508,0.450380157992064,1.09432260880815
"209",-5.86,0.79,-5.86,0.83,1.359326,9.604077,-1.1484446,0.2002995,35,35,-5.72450002699533,0.813439287081549,-5.95225594063912,0.845770120159794,1.48124963715204,6.18723735366764,-0.872667810624277,0.164323480146586,1.48124963715204,4.81777880690368,-5.83837798381723,0.829604703620671,1.48124963715204,6.20020554271757,-0.874508695230927,0.164584800838469,1.48124963715204,4.82007641664977,3.27693685184779,0.0803051095188494,-0.496288902812771,-6.83598047828267,-6.8711176546899,2.05498342231591,5.24451326264421,-4.04031670917413,0.576829194716316,-3.96828271156576,0.56377137548806,3.40270596,0.10059937,-0.875,0.03243316,49.014943422595,-48.4746437163527,1198.32484651276,0.992160783248426,0.989048458106932,7.34971752548025,0.159062704910779,-1.05899948400544,-904.349611497545,-904.398273746496,-914.801268942656,-914.828908517342,0.0268551740999497,-935.855099602114,0.0114491636850597,1858.25446612393,1866.76897023194,NA,2348.17504930916,0.475728226072288,0.938197522124452
"210",-5.86,0.79,-5.86,0.83,1.359326,9.604077,-1.1484446,0.2002995,35,35,-5.82409179143976,0.753415014481803,-6.68826065709003,0.877694743582862,1.27873994276569,9.76922830262019,-1.41328127818353,0.286194381563023,1.27873994276569,10.4407712200431,-6.2561762242649,0.815554879032332,1.27873994276569,9.95592525971002,-1.44013094631367,0.290055744329381,1.27873994276569,10.4780924780174,2.5700237213757,0.0691510574283099,-0.406986768921609,-7.29318132640658,-7.41692372591501,2.23904270919479,9.22422978712524,-4.41049807348513,0.587839032668572,-4.333095910319,0.569048298831443,4.3620987,0.1406582,-0.837,0.0241479,99.6303838708559,-149.705524612874,1364.19932416319,0.984495150929461,0.970951491455517,9.46528683069944,0.193463964092021,-1.30619919497501,-910.034481327483,-910.554063292458,-926.122136604295,-926.350113907342,0.221824691136772,-974.128355389031,0.0795959643005252,1869.6242057838,1889.41070555522,NA,2578.6931237135,0.403631653850021,1.2463319353235
"211",-5.86,0.79,-5.86,0.83,1.359326,9.604077,-1.1484446,0.2002995,35,35,-5.80069042530374,0.750454018330173,-5.79786118308429,0.852727238686894,1.23920087862816,7.01693754223834,-0.837798652019316,0.156879442619884,1.23920087862816,8.47603986425066,-5.79927580419402,0.801590628508534,1.23920087862816,7.01693954339122,-0.837726313091078,0.159494395520418,1.23920087862816,8.75939099882014,3.36383781425915,0.0892717282286993,-0.534180773715196,-7.28742080912556,-6.67527418524287,1.8284657568682,9.64118237872073,-4.33013441226085,0.557051346342793,-4.3204244366877,0.632753720290101,4.73999544,0.10441041,-0.842,0.02209803,118.821085199466,-188.086927270095,1255.39799533429,0.229343273062858,0.218521318475467,5.31501061590622,0.121847148551319,-0.760349193683031,-884.941576382039,-886.349345205097,-905.23788198242,-907.300327518889,2.03332588578633,-925.897408986843,2.29182345953513,1819.43839589292,1847.64219631147,NA,2322.70906339849,0.502993092797469,0.807560033024506
"212",-5.86,0.79,-5.86,0.83,1.359326,9.604077,-1.1484446,0.2002995,35,35,-6.50624004859134,0.957300502320185,-6.28823744363557,0.853699011473089,1.40588949857797,8.16690620597132,-0.667435129047728,0.102416376548389,1.40588949857797,10.2306058045566,-6.39723874611345,0.905499756896637,1.40588949857797,8.1787874899132,-0.67308147776822,0.105099693774824,1.40588949857797,10.3467699580606,2.09649305445636,0.0507129585185051,-0.312175091746779,-6.76063260642665,-7.15986087499945,1.74378369648208,15.2584430479685,-4.16071675680852,0.602198705398694,-3.97493930319125,0.540272416410228,3.86006754,0.05876739,-0.778,0.02766144,76.7441556966334,-103.933068264429,1327.04515827997,0.631689733237947,0.558442871155771,10.4761086684537,0.216332330299287,-1.43883764496563,-912.806009825149,-913.716370297985,-948.04906954174,-948.769397943582,0.703360315172228,-929.115349565577,0.668987441249806,1875.16726277914,1933.26457143011,NA,2550.15724829551,0.314081502959247,1.44052386366673
"213",-5.86,0.79,-5.86,0.83,1.359326,9.604077,-1.1484446,0.2002995,35,35,-5.85096318900229,0.851717062551233,-6.76975949570341,0.902831535407884,1.39684400639244,8.63430676578025,-1.06723804861979,0.188049901725204,1.39684400639244,7.69246026832749,-6.31036134235285,0.877274298979558,1.39684400639244,8.84535342908216,-1.07897899583971,0.188703074059058,1.39684400639244,7.93297932007389,2.10818354445543,0.0544862442995403,-0.3227866875753,-6.73439455917405,-7.34866406347783,2.00064043301996,8.76876986185789,-4.25252574481963,0.634684574994752,-5.18789911931565,0.696228038948539,6.46101127,0.14205637,-0.89,0.02534972,87.0979651296655,-124.640687130494,1294.80354331806,0.163814542413225,0.145366185442938,6.95346257748905,0.137644007629928,-0.934051994492483,-912.140674126847,-913.429128224977,-928.534577891859,-930.445154785494,1.88154964347079,-944.951050187745,2.29750228272765,1873.83659138253,1894.23558813035,NA,2464.96639950563,0.337572981195826,0.941362466496914
"214",-5.86,0.79,-5.86,0.83,1.359326,9.604077,-1.1484446,0.2002995,35,35,-6.07607546596928,0.777423305406671,-5.56767951304103,0.763324788306845,1.37305679025654,7.75041255989799,-1.04549723715354,0.195230759677219,1.37305679025654,6.92916945002678,-5.82187748950515,0.770374046856758,1.37305679025654,7.81502917113644,-1.0472891444125,0.195280451723322,1.37305679025654,7.0442725956682,3.05994805388794,0.0846597885780215,-0.49334744670998,-7.40212981622669,-6.97772917990857,2.1079568244456,7.03161181060374,-4.09505314460587,0.518670863526037,-4.18223644894038,0.583980327263807,3.04269,0.07441553,-0.787,0.02618123,92.689873150215,-135.824503171593,1261.70068522625,0.467346438210879,0.428014077760621,8.30824548524514,0.183963426960195,-1.19976457458166,-904.259330577487,-904.943804082343,-917.892936503138,-918.901781013109,0.987116488422381,-950.899555803571,1.26600258699602,1858.07390428381,1872.9523053529,NA,2387.57686728091,0.484187889909717,1.11647996558597
"215",-5.86,0.79,-5.86,0.83,1.359326,9.604077,-1.1484446,0.2002995,35,35,-6.74133878683404,0.913743312585594,-5.43996512949633,0.822866106057242,1.34305215485998,7.22535400121647,-0.687273132665103,0.136497692306816,1.34305215485998,11.0176506163866,-6.09065195816518,0.868304709321418,1.34305215485998,7.6487473502196,-0.716839433322211,0.138562358973415,1.34305215485998,11.4075748821798,2.33009798444645,0.0660123462292751,-0.37581742457111,-7.2552338098222,-6.49528303270267,1.80503356729037,14.7951563231785,-4.49258306139065,0.616170779190782,-4.30031137566917,0.657960404293843,3.93154896,0.09157104,-0.679,0.02242165,110.871196586151,-172.187150043464,1345.15185952819,0.503334991159128,0.488175547628651,7.68682776388408,0.14867302960312,-1.02540502845607,-909.952755234646,-911.69910062691,-941.587697124381,-943.822846817437,2.20632558894539,-936.561399032539,2.41050855511052,1869.46075359813,1920.34182659539,NA,2518.11656901291,0.392703642371112,1.01244516774691
"216",-5.86,0.79,-5.86,0.83,1.359326,9.604077,-1.1484446,0.2002995,35,35,-6.10191342834689,0.816183781885758,-6.56120029979307,0.955815989411402,1.1238090450622,10.2008225744357,-1.34670107477186,0.243683617492308,1.1238090450622,10.6594704002073,-6.33155686406998,0.88599988564858,1.1238090450622,10.2535586820064,-1.36273388470876,0.248557905836929,1.1238090450622,10.8061244663984,3.02852614186043,0.0835715376614818,-0.488041257540761,-7.19704288978315,-6.82443720139177,1.89884687718856,9.92753775930224,-4.35177508221654,0.578795993191223,-4.74152124538461,0.7091162389687,5.24659703,0.1580365,-0.86,0.02258229,108.670685162694,-167.78612719655,1297.55638352454,0.32437361489325,0.305779810859016,8.77836262720612,0.174113434817241,-1.20463486717021,-880.804675917487,-881.66511164473,-895.80553728158,-896.680513462937,0.855311275614888,-936.080356202695,0.796221063584074,1811.16459496381,1828.77750690979,NA,2427.32663985253,0.476651579871279,1.09726201820063
"217",-5.86,0.79,-5.86,0.83,1.359326,9.604077,-1.1484446,0.2002995,35,35,-6.55087801738867,0.89343034104724,-4.65087381861259,0.721708009183494,1.47957034875752,8.49531796411295,-0.926950521478826,0.142886286112081,1.47957034875752,6.82431776346748,-5.60087591800063,0.807569175115367,1.47957034875752,9.39782195295463,-1.00851880937001,0.150258425927262,1.47957034875752,7.32338919552081,3.49799118294413,0.0949288008006284,-0.562333538990591,-7.18579246841849,-6.30886548633091,2.0345431678344,8.40421378979554,-4.48790335960064,0.616487121715272,-3.27918486685825,0.509322991146354,4.45441165,0.0950262,-0.86,0.02841762,68.5971243974936,-87.6390056661499,1234.95101295982,0.0826269758944,0.0694907143485514,8.26283646925994,0.152804143604422,-1.07946035518544,-915.505338597346,-918.668887612281,-935.265615959923,-939.593924648784,4.33735673902216,-947.736876527198,4.78282427725936,1880.56592032353,1907.69766426647,NA,2382.2630202535,0.530339220493609,1.06352385686547
"218",-5.86,0.79,-5.86,0.83,1.359326,9.604077,-1.1484446,0.2002995,35,35,-5.59606509759399,0.757145719438448,-5.48922743307935,0.747026995729209,1.41206772431726,6.68001098301749,-0.805892436969877,0.155133915687264,1.41206772431726,7.38104089259344,-5.54264626533667,0.752086357583829,1.41206772431726,6.68286455465722,-0.806162702172118,0.15515951282964,1.41206772431726,7.38254494712331,3.01486413043286,0.0924507631288614,-0.508951081469702,-7.04292805782294,-6.99637513074771,2.05395915513308,8.49335611121348,-4.1667952038576,0.570330796047697,-3.97332708786638,0.539726951598768,4.44266874,0.0945326,-0.833,0.02768195,73.568778318231,-97.5823135076246,1255.11974094407,0.957043307092017,0.948595393651826,5.83292006940871,0.129082495436018,-0.833023450951397,-908.84761340615,-908.859997097075,-928.636429374776,-928.648990388676,0.0122032226476035,-950.394068490439,0.0132260260002131,1867.25046994114,1894.43929109618,NA,2412.65716838051,0.533719396807016,0.81797911740446
"219",-5.86,0.79,-5.86,0.83,1.359326,9.604077,-1.1484446,0.2002995,35,35,-4.76730538339965,0.651305106626647,-6.43398345400498,0.907667268362535,1.434649899945,8.20528568288064,-1.08594800477354,0.1897106958666,1.434649899945,6.05332092540156,-5.60064441870231,0.779486187494591,1.434649899945,8.89973963063981,-1.19276630304808,0.206141085359075,1.434649899945,6.16697107270576,2.77395614188883,0.0747155638611795,-0.435461228142947,-6.84473932640573,-6.98407797617729,2.18957792864049,6.04726353877116,-3.44920221662839,0.466319794303926,-4.75377421315383,0.670677297602113,4.80898195,0.10807252,-0.882,0.02821931,70.6911852208451,-91.8271273128529,1213.36518672215,0.156370342072189,0.128356904031658,7.54774443611648,0.17290433626517,-1.11377230077637,-909.054432010448,-911.242253213776,-920.450387995655,-921.569307312055,1.09568387691727,-955.630915611862,0.149730142422693,1867.66410714973,1878.06720833794,NA,2334.90324613145,0.451396893622767,1.01557229127395
"220",-5.86,0.79,-5.86,0.83,1.359326,9.604077,-1.1484446,0.2002995,35,35,-5.13098535605335,0.706008761822187,-5.79782467867056,0.795743593782097,1.50939619145631,6.50521430177657,-0.640718217122361,0.106979120111854,1.50939619145631,6.81648977247958,-5.46440501736196,0.750876177802142,1.50939619145631,6.61638297232372,-0.655677895762191,0.108992205128572,1.50939619145631,6.83848066524431,2.63425000862774,0.075154082646477,-0.429677990212829,-6.88250907705903,-7.01473149152478,2.01626682206199,9.01105469028208,-3.78152422585718,0.516470671340973,-3.6151182406341,0.484122255408352,4.17341423,0.07010981,-0.844,0.0326348,44.4719688762309,-39.3886946236244,1241.13114181439,0.93229214137355,0.893943268224637,7.02056585748009,0.15347231025418,-0.994251917827627,-915.450500903011,-915.867015377675,-940.085247484887,-940.281908796024,0.191311029826537,-947.71471451857,0.103069291437073,1880.45624493486,1917.3369273164,NA,2442.87358900516,0.434054600132881,0.986312744660819
"221",-5.86,0.79,-5.86,0.83,1.359326,9.604077,-1.1484446,0.2002995,35,35,-5.87318038472683,0.748394055511512,-5.7411286298201,0.883578097215885,1.47366684150566,7.34173839946372,-0.794775319572749,0.13517272679131,1.47366684150566,7.15558787828007,-5.80715450727347,0.815986076363699,1.47366684150566,7.34609781595721,-0.790312497087139,0.139741408074192,1.47366684150566,7.70494118414697,3.08241915521764,0.0741635006294601,-0.457382730889841,-7.37218349396603,-6.43474020013384,1.9880866753032,9.14055651434441,-4.06433826254662,0.511604168791399,-4.17431248451426,0.640507724159097,4.9206263,0.09884141,-0.843,0.02811187,70.7239475377767,-91.892651946716,1276.89636562814,0.0386825401422109,0.0321429588856076,6.50578759979786,0.147426632632969,-0.92216699424164,-915.687188396806,-918.901536898854,-937.188781259464,-941.751905915364,4.58042085456967,-944.716195160892,5.18728214100454,1880.92961992245,1911.54399486556,NA,2461.90007930957,0.461535787530122,0.993585136751609
"222",-5.86,0.79,-5.86,0.83,1.359326,9.604077,-1.1484446,0.2002995,35,35,-6.07518101796264,0.847292495261611,-5.51581587355982,0.753557000543549,1.44437658485227,10.1760263047404,-1.30130807172653,0.236128403387276,1.44437658485227,8.84793008658703,-5.79549844576123,0.80042474790258,1.44437658485227,10.2542486459336,-1.31441616386119,0.238324989129786,1.44437658485227,8.86144978046404,2.10952604332949,0.06155279670338,-0.345107779068685,-6.98497281510152,-6.98405949231246,2.26860758063951,9.05272226831035,-4.35022434528497,0.621177601241298,-3.87991244057026,0.531928334211425,3.82691865,0.10161166,-0.805,0.02646519,82.2762903417997,-114.997337554762,1295.34109141034,0.694075746301171,0.67194068439002,9.71414873421236,0.2022061922692,-1.35746104843585,-929.251958632835,-929.496140900859,-945.469232372283,-945.565265705265,0.093353544912847,-976.750132188877,4.35263736679597e-06,1908.05916039451,1928.10489709119,NA,2475.68484526592,0.365463964419541,1.27289614030766
"223",-5.86,0.79,-5.86,0.83,1.359326,9.604077,-1.1484446,0.2002995,35,35,-6.16720170611698,0.77664612792146,-5.46938163221474,0.740230680581647,1.43875109190293,11.2343576655774,-1.44189520657638,0.232047488357018,1.43875109190293,7.00439082177296,-5.81829166916586,0.758438404251554,1.43875109190293,11.3560958794627,-1.44824806411484,0.232379009558258,1.43875109190293,7.14706693388739,2.86060563811855,0.0818009856711111,-0.470965076384328,-7.49788627872121,-7.01702001685108,2.30024659019033,6.59408832394179,-4.58231221175109,0.588755839989177,-4.16330962422233,0.562360734365418,7.62439021,0.16346472,-0.918,0.02668118,77.9427411944349,-106.330239260032,1287.42647890513,0.667129590040875,0.644652916617045,7.00557825326595,0.136074785974257,-0.94180234406832,-918.969014654318,-919.78765432154,-930.004181133575,-931.240922459604,1.21208169863354,-970.326835434662,1.57523566794799,1887.49327243747,1897.17479461378,NA,2468.52271855023,0.457773536135381,0.904267382508464
"224",-5.86,0.79,-5.86,0.83,1.359326,9.604077,-1.1484446,0.2002995,35,35,-5.40291522971063,0.727749659744574,-4.87262229451641,0.709720993386415,1.31559114739301,7.11101472538132,-0.725133844661763,0.154076809791227,1.31559114739301,11.5220380742651,-5.13776876211352,0.718735326565494,1.31559114739301,7.18131737466057,-0.727523963261942,0.154158067993891,1.31559114739301,11.6415269357965,3.10933970276432,0.0860461207336295,-0.504095291389207,-7.02491230678282,-6.60202950047588,2.00681163182803,13.3973687103573,-3.98043810639675,0.54049741084999,-3.11706622923568,0.438698117921929,3.29795242,0.07325188,-0.667,0.02481792,91.603318467464,-133.651393806091,1297.66727939327,0.38332742474313,0.338207152413338,7.43472329446574,0.165456761127011,-1.06107733505352,-908.593311927047,-909.026740568744,-939.40428698203,-940.069080159828,0.648875409573546,-959.280538826036,0.736541599427449,1866.74186698293,1915.97500631069,NA,2461.68316498044,0.481742244795684,1.06000153812202
"225",-5.86,0.79,-5.86,0.83,1.359326,9.604077,-1.1484446,0.2002995,35,35,-5.34465525472028,0.719491480448755,-5.21403418899496,0.772694420730711,1.39016639437172,6.40353042671302,-0.843446157887619,0.169482861615556,1.39016639437172,7.0486858422289,-5.27934472185762,0.746092950589733,1.39016639437172,6.40779589241582,-0.841708801697782,0.170190499829217,1.39016639437172,7.17930737409847,2.39285550235145,0.0682281366344273,-0.385694800180423,-7.01585242706944,-6.56826201045914,2.08550989675672,7.61879598188126,-3.51538611908039,0.475880536813934,-3.76206271000403,0.548070343689101,3.44584283,0.08216811,-0.819,0.03051029,54.9629868893952,-60.370730649953,1211.60084419508,0.623725201928301,0.588820245700282,6.63718923889361,0.162449355310293,-0.997110211401751,-904.370196938158,-905.067531935933,-921.974244077694,-923.101149244866,1.1035670097258,-950.746248324942,1.3263241097375,1858.29563700515,1881.11492050202,NA,2362.83095774021,0.411163126854894,0.991043333695953
"226",-5.86,0.79,-5.86,0.83,1.359326,9.604077,-1.1484446,0.2002995,35,35,-6.66668957472391,0.888917195485196,-5.28373983303882,0.772603258565115,1.45942901266754,10.2464411218774,-1.32192883206026,0.213781413582754,1.45942901266754,6.29792144964572,-5.97521470388137,0.830760227025156,1.45942901266754,10.7245786188841,-1.36214291431476,0.217163646563216,1.45942901266754,6.6039533206662,2.96444594399521,0.0715795207074947,-0.449024231723611,-7.32849217914656,-6.63851077509561,2.18780175069684,6.33215387410825,-4.86892349591969,0.645634527085405,-3.44850129032718,0.506098705446741,5.077236,0.11333005,-0.896,0.03208594,46.6468054142216,-43.7383676996058,1258.53094228976,0.0551614097460995,0.040257349717765,9.16230997840074,0.181521426167557,-1.25181219590253,-916.554693089681,-918.617863788889,-927.032243141101,-929.907752920599,2.85151976120576,-956.819139207948,3.53168692412386,1882.6646293082,1891.23091862883,NA,2473.32351687991,0.413173063516175,1.16289108966097
"227",-5.86,0.79,-5.86,0.83,1.359326,9.604077,-1.1484446,0.2002995,35,35,-5.429495574851,0.780176100419799,-4.66444643676733,0.692366158958629,1.37435317350834,8.20649881334219,-0.880999353506859,0.143090297043153,1.37435317350834,8.02537929302518,-5.04697100580917,0.736271129689214,1.37435317350834,8.35282385926283,-0.897794083514372,0.145017943498006,1.37435317350834,8.07510253018863,3.37922513113248,0.0895920593989149,-0.528231991788298,-6.73914948476045,-6.49724925534029,2.0101705491887,9.39201831133539,-3.90986414424327,0.569863272348034,-2.95081965909356,0.438870953261921,4.53829245,0.09410025,-0.819,0.02927557,56.0666461747275,-62.5780492206175,1214.42711108791,0.370406713985388,0.33559688498375,7.02441512122095,0.147611105250676,-0.991395497189288,-905.056507208094,-905.515641492494,-927.188602675412,-927.573193029509,0.37463025290553,-948.280007079691,0.333339448597096,1859.66825754502,1891.54363769745,NA,2366.2761729552,0.535769775226276,0.905356622260089
"228",-5.86,0.79,-5.86,0.83,1.359326,9.604077,-1.1484446,0.2002995,35,35,-5.066717144074,0.720691383225138,-6.35863315693903,0.786964392052477,1.29657060763094,10.4051159571281,-1.07154328247609,0.16552330663867,1.29657060763094,10.6162287268206,-5.71267515050652,0.753827887638807,1.29657060763094,10.8223777032024,-1.09294807280729,0.166621334563428,1.29657060763094,11.1668483883068,3.43351141960183,0.0804051086210584,-0.508874236957141,-6.73076560618009,-7.62784418190594,1.96987602764593,12.1394432424026,-3.54366553817409,0.513265483834876,-4.37812325071712,0.541913606087245,6.91484781,0.13453903,-0.866,0.02441181,88.95061257244,-128.345982016043,1333.17762300941,0.148131495910189,0.158924871758988,7.7041189916161,0.131592466518311,-0.9556835988326,-904.871437306528,-906.798551050042,-930.580183920759,-933.822007070052,3.22326099645527,-951.529333310751,3.69991777602644,1859.29811774189,1898.32680018815,NA,2538.00926400278,0.481375177118116,1.01172221127129
"229",-5.86,0.79,-5.86,0.83,1.359326,9.604077,-1.1484446,0.2002995,35,35,-6.97225120527302,0.964016434067679,-5.19355753495661,0.692405445936965,1.51662769330166,8.09450836906826,-0.985189485491932,0.186392235731036,1.51662769330166,7.94985564934545,-6.08290437011482,0.828210940002322,1.51662769330166,8.88544616227417,-1.10596767183605,0.204835367949372,1.51662769330166,8.07282198025882,3.24761284086606,0.0829465364043333,-0.498886444618467,-7.18663197963716,-7.02612629187893,2.21104537058228,9.09326194869297,-4.84952581106118,0.670011899488153,-3.3239923480693,0.432798674033449,5.67170546,0.1277316,-0.888,0.02793624,69.6695686671266,-89.7838942054157,1304.20179598754,0.112746856900368,0.0872800342728409,9.70633029543567,0.21298944369201,-1.37260024348928,-931.335616440022,-933.847394537971,-950.734365095624,-951.68958128612,0.934284398511029,-970.594292033466,0.137372124950661,1912.22647600888,1938.63516253788,NA,2518.61969776966,0.498098197857905,1.38405318722223
"230",-5.86,0.79,-5.86,0.83,1.359326,9.604077,-1.1484446,0.2002995,35,35,-5.82430836817047,0.731169292002933,-5.47211058326564,0.852752610846389,1.26424558729291,12.9410164985293,-1.45394666267574,0.232419618990646,1.26424558729291,12.3376527610023,-5.64820947571806,0.791960951424661,1.26424558729291,12.9720273184523,-1.44324131878122,0.236115244845894,1.26424558729291,13.1657837474361,2.57494373382883,0.0697331623480084,-0.409043134097983,-7.42593216114496,-6.34937242466351,2.09215160936243,12.5399605752309,-4.74679578057332,0.610954206006466,-4.00430173925437,0.627144900392659,8.65517601,0.16402424,-0.864,0.02087912,115.537258099812,-181.519273070787,1342.99331575963,0.0770608047179338,0.0865520842313278,5.9153129603213,0.119346008930463,-0.77042075553984,-912.21171927284,-915.157437871474,-934.067770970502,-938.284458379102,4.22210025156399,-967.334757296552,4.86869618831589,1873.97868167452,1905.30197428763,NA,2504.46735844847,0.406695336369604,0.928409685550223
"231",-5.86,0.79,-5.86,0.83,1.359326,9.604077,-1.1484446,0.2002995,35,35,-5.30976027671632,0.729977139389346,-6.10914489282669,0.824194866079973,1.45146970652836,11.1402063924817,-1.43740108524309,0.277714578651911,1.45146970652836,11.0334495047719,-5.7094525847715,0.77708600273466,1.45146970652836,11.2999603336002,-1.45623013556344,0.279933823657598,1.45146970652836,11.0812056743746,3.11807241247213,0.0797009627052166,-0.485232774739919,-6.91848660646945,-7.15654638766058,2.42821448628275,10.754873583504,-3.4685971499792,0.472724057965806,-4.1832721608185,0.569238420877684,6.70139356,0.18104955,-0.877,0.02579223,74.2056292337857,-98.8560153387339,1354.57661084763,0.659995477592425,0.619402839420983,8.06205769586343,0.165815733932879,-1.09319423711976,-941.546130830844,-941.952851419202,-960.699472705854,-960.976726203163,0.2698660539269,-998.882529689151,0.236272955010493,1932.64750479053,1958.56537775833,NA,2610.29720635652,0.455508798208224,1.1514969739064
"232",-5.86,0.79,-5.86,0.83,1.359326,9.604077,-1.1484446,0.2002995,35,35,-6.00605599489527,0.839002050697693,-6.44348687488681,0.924690234221123,1.37024577372753,9.50395407225614,-1.07348627972991,0.171356853303636,1.37024577372753,8.25119126001959,-6.22477143489104,0.881846142459408,1.37024577372753,9.55179051594868,-1.08285694411079,0.173192469502522,1.37024577372753,8.26651015770731,2.80008520473308,0.084481195715336,-0.469880137644009,-6.96524011542918,-6.89216297150335,1.924817834963,9.87685947818659,-4.18566930853499,0.589700774312614,-4.43651904573061,0.628568982398978,5.43549378,0.09890794,-0.86,0.0266806,78.7434346386935,-107.93162614855,1275.86168880356,0.933859884547447,0.931216255700174,8.81054712739332,0.190616318188674,-1.26295051329002,-908.713901352851,-908.995809125598,-928.185123792015,-928.300939795154,0.112600098029189,-939.245871838426,0.030354070639993,1866.98304583454,1893.53667993066,NA,2443.79175145857,0.484413084782531,1.14851635794933
"233",-5.86,0.79,-5.86,0.83,1.359326,9.604077,-1.1484446,0.2002995,35,35,-5.84332260802644,0.74287637546428,-5.8454453131867,0.887883343777092,1.46952765684894,7.41466310633678,-0.908064868158538,0.172004757544793,1.46952765684894,7.47087469009662,-5.84438396060657,0.815379859620686,1.46952765684894,7.41466423280608,-0.908141819918516,0.177261512759612,1.46952765684894,7.94489041789672,2.86158226988754,0.0835151395958591,-0.474545697516763,-7.37519862717802,-6.51340733855662,2.09578943371051,8.71888181209443,-4.3841600580334,0.560200666682822,-4.3074637876036,0.646770678535034,4.29085805,0.07891971,-0.796,0.02547013,93.9232466169851,-138.291250105133,1290.01498141688,0.108617000135851,0.11287927239999,6.92135600408413,0.171250220554985,-1.03485051196595,-920.34243088831,-922.906449639677,-939.154797031947,-942.966205591118,3.80516424450136,-956.155274885513,4.33897565629675,1890.24010490546,1915.47602641052,NA,2441.73871272862,0.47171972965302,1.08158626316417
"234",-5.86,0.79,-5.86,0.83,1.359326,9.604077,-1.1484446,0.2002995,35,35,-5.58295227230621,0.744847681029541,-6.89960423543712,0.946627652379953,1.46481655288068,6.93642879907852,-1.05563953203242,0.227030704849314,1.46481655288068,7.15138300135235,-6.24127825387166,0.845737666704747,1.46481655288068,7.36982189708264,-1.12205803088218,0.237209494058858,1.46481655288068,7.22098680055404,2.6434617661093,0.0627510081747459,-0.388595212750152,-7.10308376301434,-7.21758287140495,2.23823182191097,7.21153291564104,-4.30380267801374,0.572949452953975,-4.89592712966323,0.668576134649266,5.5715929,0.13004026,-0.867,0.02501011,92.5844012407211,-135.613559352605,1311.45869113025,0.710979750893989,0.691874230659235,6.90956845760281,0.176860774469197,-1.07022242642892,-919.62834887567,-921.103177860459,-935.676867323632,-936.272052425898,0.580644823697996,-966.366884233968,0.0848832241078534,1888.81194088018,1908.52016699389,NA,2487.30382290789,0.396168288979717,1.03243969112352
"235",-5.86,0.79,-5.86,0.83,1.359326,9.604077,-1.1484446,0.2002995,35,35,-5.98970923248481,0.700218818385113,-5.75624955765837,0.786563146404818,1.35541494299958,8.86445177031836,-1.05030255137853,0.171839991540636,1.35541494299958,7.45091115515915,-5.87297939507159,0.743390982394965,1.35541494299958,8.87807762526087,-1.04526307169288,0.173703827285929,1.35541494299958,7.82420907178138,2.96491968876758,0.0756800969813138,-0.456245861211855,-7.77572793822599,-7.02785110036377,2.06525659282163,7.95694280967438,-4.35346653922373,0.516806059121007,-4.386561427002,0.602212112687674,5.39030729,0.10901135,-0.873,0.02462482,100.708765291488,-151.862287454138,1306.09666782111,0.156048089262076,0.140558851599066,6.83365280950644,0.134125077367741,-0.90835055997481,-902.520411822879,-904.61917686588,-919.185451209998,-922.211180954789,3.00373035099475,-949.702241823359,3.59810066164705,1854.5960667746,1875.53733476662,NA,2460.33104818808,0.451022127843775,0.943411906885815
"236",-5.86,0.79,-5.86,0.83,1.359326,9.604077,-1.1484446,0.2002995,35,35,-6.17669315354317,0.840241028168968,-5.37251967681765,0.811482879778529,1.38649164309957,11.0588350115807,-1.38950312454958,0.240303818300594,1.38649164309957,9.19392904620813,-5.77460641518041,0.825861953973749,1.38649164309957,11.2205087567479,-1.39528475959341,0.240510576075306,1.38649164309957,9.44799729998104,3.12016633146486,0.0805975246722088,-0.484101535981732,-7.12849576691319,-6.49565589655723,2.18903009839494,9.32817541507245,-4.62554851121033,0.623806773951544,-4.09002391397555,0.61829861247033,7.98289962,0.1647745,-0.883,0.02322435,95.2050323483439,-140.85482156785,1286.00571226519,0.330848283065638,0.307880391806997,6.88342578924693,0.155710764384133,-0.990247024983826,-922.209976733598,-923.315058157246,-937.865602764905,-939.58886014441,1.69479708738838,-968.947877823513,2.10794506582694,1893.97519659603,1912.89763787644,NA,2431.15660296253,0.474736690283035,0.991650328886239
"237",-5.86,0.79,-5.86,0.83,1.359326,9.604077,-1.1484446,0.2002995,35,35,-5.58350680568426,0.808328499476344,-6.11552205176071,0.903668398802376,1.32788232401322,7.08430756976524,-0.702523739734642,0.120968440415564,1.32788232401322,8.73596478364269,-5.84951442872248,0.85599844913936,1.32788232401322,7.15506762527968,-0.715204309734853,0.123240864516438,1.32788232401322,8.75203147158553,2.71352407463023,0.0717453388108513,-0.425218870543549,-6.72543600700585,-6.68944080398572,1.75451656463639,11.7544098069485,-3.94042251044715,0.558685973410303,-4.24716105355994,0.634869285743116,4.13742176,0.07040234,-0.791,0.02855313,67.0661049111187,-84.5769666934001,1255.69251904307,0.632152990032275,0.593696534197089,7.40227377042562,0.16949653040003,-1.08486625519961,-897.303434243871,-897.709589513118,-924.066184713431,-924.181606370546,0.112216385781125,-922.122951556192,0.00688998658612203,1844.16211161658,1885.29880177349,NA,2426.80807139275,0.423112897580696,1.02305856896711
"238",-5.86,0.79,-5.86,0.83,1.359326,9.604077,-1.1484446,0.2002995,35,35,-6.10612994598216,0.856864139284281,-5.26989697135246,0.773788980741904,1.27725852525978,9.17478735848273,-1.18283204815278,0.20157979384511,1.27725852525978,7.52957029467343,-5.68801345866731,0.815326560013092,1.27725852525978,9.34960875544723,-1.20019959488921,0.20330516433682,1.27725852525978,7.62137510986701,2.72327183833146,0.0755477171182237,-0.437242392023382,-6.95889636488651,-6.61760368750904,1.98075129742139,7.5461214291818,-4.27225164735509,0.599639890125337,-3.92083967174702,0.581396547917814,5.33541574,0.12515485,-0.881,0.02559439,84.5219226099927,-119.488602091148,1214.3548622275,0.683975831197698,0.694163327559039,6.5883926323822,0.141782656014111,-0.938880307313838,-892.446089469063,-893.096269124616,-905.283031139687,-906.032424049385,0.731892371771871,-937.823268270865,0.81884536247794,1834.44742206696,1847.732494626,NA,2309.22112236384,0.441060491956732,0.867837385947498
"239",-5.86,0.79,-5.86,0.83,1.359326,9.604077,-1.1484446,0.2002995,35,35,-5.41147925374679,0.715895469533633,-5.27742701915817,0.773311170900183,1.45150752575682,9.60975042321699,-0.955996373184708,0.140326519503685,1.45150752575682,8.57417494640968,-5.34445313645248,0.744603320216908,1.45150752575682,9.61424292361655,-0.954072197417545,0.141150660194538,1.45150752575682,8.71587615461086,3.11782374388747,0.0772505456916507,-0.478202767699986,-7.10410052858918,-6.62798040270897,2.0630481470002,10.5593857069367,-3.75211981898179,0.492972084954165,-3.49034693816734,0.512790269111779,5.31084992,0.08333807,-0.842,0.02872628,63.5970255975045,-77.6388080661716,1271.80389541966,0.453985723680087,0.427327416233421,7.29978396843707,0.15200321445204,-1.00674584013221,-918.869855558902,-919.664141160193,-944.702395615943,-945.730828660794,1.00642428320087,-958.367521729556,1.13119095033267,1887.29495424664,1926.57122357851,NA,2465.96898277314,0.443212067700454,1.00800835217708
"240",-5.86,0.79,-5.86,0.83,1.359326,9.604077,-1.1484446,0.2002995,35,35,-5.66524410774949,0.767718391121306,-4.60944481100179,0.701930443651433,1.46199208454165,9.08403867267048,-0.998004006899614,0.165454797010305,1.46199208454165,8.34388606715542,-5.13734445937564,0.734824417386369,1.46199208454165,9.36271671142372,-1.01536872406791,0.16653681051838,1.46199208454165,8.61422296959999,3.30551537240704,0.0859238092857024,-0.51653473339103,-7.04911782598026,-6.38526609632319,2.1638416303986,9.59122071130854,-4.2647606110674,0.580791733506997,-3.38135014966898,0.504801763457649,4.90783802,0.09925285,-0.837,0.03091897,46.3855953121242,-43.2159474954111,1255.63728100331,0.321366720435409,0.264563446685613,7.02015980912927,0.144931435716948,-0.961195286315655,-923.240433435728,-924.535567528147,-944.761424629985,-946.757917626723,1.96737302168614,-966.992638850953,2.2883247258489,1896.03611000029,1926.6892816066,NA,2468.05861451121,0.497528792016348,0.976092064799421
"241",-5.86,0.79,-5.86,0.83,1.359326,9.604077,-1.1484446,0.2002995,35,35,-6.11660239380165,0.822528372032618,-6.39157771885078,0.929957502284475,1.50119133689443,7.93999051995009,-1.01787045374497,0.18161835900982,1.50119133689443,6.34011271038545,-6.25409005632621,0.876242937158547,1.50119133689443,7.95889337729656,-1.02525554374766,0.184503613516488,1.50119133689443,6.43487662517404,2.37179633105429,0.0637169457797656,-0.375594258723672,-7.17393242893133,-6.80887279535584,2.09329718732477,7.26810534943855,-4.40436211392456,0.587888106454882,-4.48644520219052,0.655667833180181,4.40233111,0.09396969,-0.869,0.02785028,78.6458904211066,-107.736537713376,1263.76288086687,0.363095801641004,0.336888341227082,8.19246151082791,0.184780006583935,-1.18504912588618,-920.334620359049,-921.115037188836,-934.348134421943,-935.246079570599,0.877908345536322,-950.205473688168,0.916300021920327,1890.22448384694,1905.86270119051,NA,2419.78922402036,0.370909362349772,1.14698887565872
"242",-5.86,0.79,-5.86,0.83,1.359326,9.604077,-1.1484446,0.2002995,35,35,-5.34732856505127,0.737474485731151,-6.91012928636432,0.980895659950627,1.15961181917263,9.96148550661808,-1.23203935613684,0.214893484730051,1.15961181917263,10.4266204488593,-6.12872892570779,0.859185072840889,1.15961181917263,10.5720720302522,-1.32714405280011,0.229706951744648,1.15961181917263,10.5497410534334,2.58954446004194,0.0731287987751097,-0.421759674871785,-6.91138764538684,-7.02394800075198,1.89903745325171,10.3323916451121,-4.68553604399278,0.649534007947316,-5.91151456461116,0.84373920240901,9.40869352,0.18356113,-0.881,0.01911741,136.811533759069,-224.067824389302,1303.40474858504,0.33810387984713,0.280959483398032,4.54045268100317,0.108201086583527,-0.683261095719806,-884.707351778912,-886.575609185573,-902.076985557906,-902.827193532457,0.732692675713703,-937.378214045008,0.0700588117633872,1818.96994668666,1841.32040346244,NA,2382.74167278078,0.417158851359646,0.627096136238921
"243",-5.86,0.79,-5.86,0.83,1.359326,9.604077,-1.1484446,0.2002995,35,35,-6.5958358051473,0.799325437700466,-5.09199888195978,0.681811727610061,1.40902747945778,10.1522496261974,-1.0490126219295,0.157761019996948,1.40902747945778,9.07431384222541,-5.84391734355354,0.740568582655263,1.40902747945778,10.7176309990829,-1.09319298598318,0.161213388011752,1.40902747945778,9.49723762974439,3.5911337041641,0.0880862308124633,-0.54716317041838,-7.79140291880896,-6.98768227133929,2.08617322709321,10.5887181090446,-4.93268369443058,0.607973193720664,-3.56193111339442,0.484940368456306,6.22486929,0.10793416,-0.86,0.02615766,83.9883608426015,-118.421478556366,1357.26599803207,0.136023662209988,0.1061195297322,8.00727325847762,0.134890969817764,-0.991702881495551,-916.605834802381,-918.507693771312,-940.989546513079,-943.86816625331,2.85466762319343,-961.187194932899,3.17959236692706,1882.7669127336,1919.14552537279,NA,2596.11051750778,0.510140505151731,1.0277092430648
"244",-5.86,0.79,-5.86,0.83,1.359326,9.604077,-1.1484446,0.2002995,35,35,-6.65977444224491,0.907168793270305,-6.93327494225996,0.913060978173375,1.35004020523466,9.78664615190947,-1.03238120160333,0.17898182386165,1.35004020523466,11.1292091738537,-6.79652469225244,0.91011488572184,1.35004020523466,9.8053467827866,-1.03278408048263,0.178990503322383,1.35004020523466,11.1661013268168,3.76744203458545,0.0980343379533728,-0.595874323972125,-7.21283875002643,-7.45123513710858,1.90436641985945,13.8173381597832,-4.58631673126417,0.624404564543078,-4.94292717206744,0.645830504717668,5.0211806,0.114335,-0.808,0.0216691,123.027784709768,-196.500326290699,1401.24432822973,0.78640441197397,0.749173127342539,10.3580199482238,0.192972247462272,-1.36502722585488,-917.554535659868,-917.679818605629,-943.505959563363,-943.718548136143,0.206828521590299,-947.449405492159,0.239676576578132,1884.66431444857,1924.17835147335,NA,2605.98833016875,0.541512488888216,1.31077006669874
"245",-5.86,0.79,-5.86,0.83,1.359326,9.604077,-1.1484446,0.2002995,35,35,-4.94370978213774,0.715453386420961,-6.44023249907318,0.849815465451696,1.23477234756618,6.44453447327837,-0.936972629016609,0.190553754615221,1.23477234756618,7.16479684137012,-5.69197114060546,0.782634425936329,1.23477234756618,7.00442953385433,-0.987241604907652,0.195067046685586,1.23477234756618,7.54059064389375,2.47051715450874,0.0679090574741004,-0.393965104873144,-6.63896487376766,-7.33499309268805,1.952800811168,6.9581387093932,-3.38592573232122,0.491926582881332,-5.24148245120272,0.702811644257894,3.32312416,0.10506311,-0.851,0.02511939,99.9300883845433,-150.304933640249,1223.41260361365,0.00525528565049027,0.00292541101688418,7.50390069582367,0.148111826904115,-1.01996436370806,-879.32083843693,-882.478267160811,-893.935332070845,-897.085214680095,3.12977518829715,-931.846551835027,3.70963520950076,1808.1969200027,1825.03709648832,NA,2296.52027358706,0.400407172619939,0.963610759115198
"246",-5.86,0.79,-5.86,0.83,1.359326,9.604077,-1.1484446,0.2002995,35,35,-5.56070147853861,0.806480058812971,-5.77318054995721,0.854272420044649,1.27186002808174,12.221162013897,-1.58076912451041,0.253168158927939,1.27186002808174,8.29601572868194,-5.66694101424791,0.83037623942881,1.27186002808174,12.2324488528447,-1.58330784364426,0.253739186375964,1.27186002808174,8.30359868367023,2.54155363769002,0.0687569264819173,-0.402412041347001,-6.71364321101193,-6.64138776143258,2.10899914683611,7.47485748266829,-4.02657846406001,0.583260163137341,-4.37136539217385,0.647284887398373,8.32617379,0.17450022,-0.928,0.02612175,74.9854536883619,-100.415664247886,1218.20846980328,0.848293187644734,0.794857149553122,5.99013880174726,0.135071096500302,-0.868424177466398,-899.419397087741,-899.504557260328,-910.268596138183,-910.325673329874,0.0554690261132831,-952.900822318148,0.0347599680748185,1848.39403730432,1857.70362462299,NA,2336.00127535867,0.405317981270564,0.830701827282044
"247",-5.86,0.79,-5.86,0.83,1.359326,9.604077,-1.1484446,0.2002995,35,35,-5.61733305086068,0.749802456420497,-4.56511337852982,0.620696623249116,1.48091956565364,8.52486032796778,-1.03401336831389,0.20149202931052,1.48091956565364,9.14103814157337,-5.09122321469525,0.685249539834806,1.48091956565364,8.80165188767781,-1.06797529268279,0.205659108350239,1.48091956565364,9.21338621104842,2.37781901951148,0.0639509655747787,-0.37020617802892,-7.10794527193579,-6.82490474494771,2.38388791773114,9.47567342270921,-3.76243364409772,0.517065359986585,-3.23830779611836,0.452329925341175,3.53861241,0.10492064,-0.771,0.02816176,63.8481976941038,-78.1411522593701,1282.22175638079,0.703171045341194,0.669537685284087,8.66064357811164,0.177471288792293,-1.19193629760573,-932.421752309997,-933.248083396411,-953.643697061778,-954.141317245299,0.48512476293085,-990.336352363222,0.381747697516905,1914.39874774883,1944.45382647018,NA,2486.30236050222,0.397084260514738,1.15982700586483
"248",-5.86,0.79,-5.86,0.83,1.359326,9.604077,-1.1484446,0.2002995,35,35,-5.63330870573966,0.750418507425047,-5.93273202016273,0.815141276415553,1.37472130083763,5.38742888168609,-0.593280256117876,0.115257475170759,1.37472130083763,6.87915381047781,-5.78302036295119,0.7827798919203,1.37472130083763,5.40984246199111,-0.598125132620319,0.116304734377209,1.37472130083763,6.89065292394903,3.11364312228074,0.0796770070258911,-0.484393866121178,-7.12025065434506,-7.03407245942152,1.85917358670152,8.81047227122685,-4.00640254780816,0.524242907908333,-4.29991265454557,0.590885307525029,2.69094045,0.04789244,-0.74,0.02977171,71.384910882862,-93.2145786368865,1252.32592427249,0.692416583069538,0.678438951281064,7.25641018142925,0.163925454194716,-1.05520795449439,-895.062867604188,-895.262886613376,-917.74681719272,-917.848903172493,0.0992415854356141,-927.133005556203,0.0484542518622211,1839.68097833721,1872.66006673207,NA,2411.43726990808,0.45684753458972,0.998917664263633
"249",-5.86,0.79,-5.86,0.83,1.359326,9.604077,-1.1484446,0.2002995,35,35,-5.54220888213799,0.744525105930178,-6.07354298012077,0.801625779018985,1.24214065336351,13.6674449320328,-1.50455876343642,0.237653788544343,1.24214065336351,13.4657567165449,-5.80787593112938,0.773075442474582,1.24214065336351,13.7380239129526,-1.51214364709388,0.238468910261141,1.24214065336351,13.4973270779672,3.39367612416946,0.0876870163946534,-0.526221173969617,-7.06426219181543,-7.25540525546559,2.1013623394241,13.4999112619459,-3.9426586664312,0.532597040183847,-3.90321687288559,0.532491718847593,6.36733077,0.13329238,-0.843,0.02371975,92.4568581001608,-135.358473071484,1353.06490517715,0.993719928231746,0.99353619371501,9.9629172920854,0.175246247439006,-1.26869365329648,-912.063863270255,-912.21799374967,-935.429653838638,-935.582256799737,0.148404581853591,-970.808407330035,0.142691386414369,1873.68296966935,1908.0257400239,NA,2570.77133728282,0.517939717587577,1.26428406551814
"250",-5.86,0.79,-5.86,0.83,1.359326,9.604077,-1.1484446,0.2002995,35,35,-5.54138035954244,0.793326743675692,-5.58739600549207,0.744631379270417,1.27499788469027,8.80913355917254,-1.05480444897558,0.191456427124591,1.27499788469027,9.66987803183057,-5.56438818251726,0.768979061473055,1.27499788469027,8.80966291909058,-1.05424426181362,0.192049236753231,1.27499788469027,9.75154900573468,3.60962075520939,0.0929327433872842,-0.562866891227487,-6.77268613992278,-7.10881616610869,2.00222731011643,10.2520683192697,-4.0251224712953,0.578883066223385,-4.43166541164238,0.592269539181997,5.0866911,0.09131177,-0.821,0.02451659,95.5343491543475,-141.513455179858,1272.10367090294,0.611740844976017,0.564880969754205,6.87143633571041,0.161819308881653,-1.015094433419,-900.515303447092,-900.87357344939,-920.52101295954,-921.05477720071,0.52049575533212,-950.092952863943,0.596782169388398,1850.58585002302,1878.20845826571,NA,2402.69388662602,0.533586765418812,0.990317097812336
"251",-5.86,0.79,-5.86,0.83,1.359326,9.604077,-1.1484446,0.2002995,35,35,-6.93896887122002,0.955233425154145,-5.65702107685597,0.826096179091664,1.10909757086463,9.72876356591809,-1.24116723039713,0.215771478840432,1.10909757086463,9.92925659927454,-6.297994974038,0.890664802122905,1.10909757086463,10.1396111027868,-1.28255403233714,0.219940585920582,1.10909757086463,10.1699559559513,2.72821845054834,0.0671667360937115,-0.412377592281746,-7.20567653991342,-6.69309504076862,1.79624924014911,9.74342890079048,-4.99812202597833,0.696807735697125,-4.90936265261644,0.708711976713478,6.4188661,0.1488591,-0.879,0.018978,143.874461431754,-238.19367973467,1265.34091251906,0.868423575625366,0.851615353895383,6.74047190949712,0.137012065122976,-0.932046213282376,-872.8561690781,-874.256926989087,-888.049849165037,-889.574756103616,1.49759099398447,-921.876862033051,1.62018013791675,1795.26758128504,1813.2661306767,NA,2292.48814530345,0.404039457819741,0.868401963356281
"252",-5.86,0.79,-5.86,0.83,1.359326,9.604077,-1.1484446,0.2002995,35,35,-6.55539385105576,0.91832142103263,-5.81602551256441,0.831998959318134,1.31819990102383,11.3519775985389,-1.43707916055864,0.250375958141242,1.31819990102383,9.96055161449673,-6.18570968181009,0.875160190175382,1.31819990102383,11.4886439835298,-1.45303518433172,0.252238849990354,1.31819990102383,10.0067428946435,3.29899034899524,0.0920410068698408,-0.535874605741403,-7.04201368859275,-6.81693223934908,2.1118167188368,9.95109473802971,-4.04681930846357,0.569202165176292,-3.96211933391267,0.562339538651217,4.4597369,0.118265,-0.842,0.0276709,68.5421489345538,-87.5290547402702,1297.99970832236,0.986550417762034,0.970616559454939,11.5412614082155,0.237042480600336,-1.61155129385787,-914.805412090132,-915.15702854735,-930.566502138591,-930.860884714869,0.286573811287595,-962.19966362724,0.260682938082319,1879.1660673091,1898.29943662381,NA,2508.47036190446,0.519060286958259,1.46623182907974
"253",-5.86,0.79,-5.86,0.83,1.359326,9.604077,-1.1484446,0.2002995,35,35,-4.44073079151397,0.560858358832837,-5.84568060056462,0.828696044670003,1.39634512843617,11.3845702574594,-1.7259341610522,0.321713538388094,1.39634512843617,7.65866443232903,-5.1432056960393,0.69477720175142,1.39634512843617,11.8780412489472,-1.82000878744557,0.339647794876747,1.39634512843617,7.7956424542444,4.71659732011443,0.127868684008829,-0.760216933060127,-7.05702305298755,-6.86626523812825,2.67884604134069,5.37020719088246,-2.87075912667055,0.357274763474933,-4.13241387849638,0.586621748085336,5.46295198,0.17085343,-0.901,0.02681582,71.4487748179972,-93.3423065071571,1233.36285039539,0.165633096633643,0.135715399643895,8.68735456383086,0.195263654675148,-1.26708234743601,-920.353471864646,-921.901824047642,-928.174374548565,-929.273090005855,1.07574390519944,-1001.50660054928,0.253752498271782,1890.26218685813,1893.51518144376,NA,2373.38339428363,0.705492916364545,1.16582485268223
"254",-5.86,0.79,-5.86,0.83,1.359326,9.604077,-1.1484446,0.2002995,35,35,-6.36698948058007,0.871905414394192,-5.26800104025487,0.752825386224403,1.24553827424878,10.8464343725429,-1.36263279464091,0.244011714020446,1.24553827424878,10.9335119703155,-5.81749526041747,0.812365400309298,1.24553827424878,11.148378270535,-1.39534968824896,0.247556727297676,1.24553827424878,11.0654130469925,2.98442882271201,0.077057298832892,-0.459602333986099,-7.13014387460751,-6.74060342780129,2.08342430955057,10.5883324987894,-4.72357677524644,0.65184855088686,-3.59731638247791,0.51720875410695,5.00796153,0.12465168,-0.818,0.02359782,97.6190134563741,-145.682783783911,1301.91802304185,0.271886938037015,0.232998531036846,8.88413942698433,0.180258712751304,-1.2312851980147,-905.071236479567,-905.915822454223,-922.6285288571,-923.397994017013,0.751603822608881,-960.862984784837,0.747916996202425,1859.69771608797,1882.42349006083,NA,2458.15326229978,0.466606607674222,1.12866900812594
"255",-5.86,0.79,-5.86,0.83,1.359326,9.604077,-1.1484446,0.2002995,35,35,-6.2584769862764,0.822729113402676,-5.02797669498301,0.747053719056744,1.36373936048606,10.0117569757941,-1.33638778975713,0.22310325938836,1.36373936048606,6.60530108023898,-5.6432268406297,0.78489141622971,1.36373936048606,10.3902897175124,-1.35966743845373,0.224534950715713,1.36373936048606,7.00463978614393,2.9653841396696,0.0808985122376401,-0.472237184038736,-7.31461105626908,-6.5349651819811,2.16619490050915,6.11522023250013,-4.12570314620794,0.536307799042965,-3.86937730275144,0.570076950611466,4.98825772,0.11758385,-0.894,0.02711058,79.0932597610791,-108.631276393321,1212.74541490071,0.199293770606602,0.188918889988486,8.2789186711463,0.172523624754589,-1.15529345904042,-903.86930232386,-906.350842141473,-913.305529135756,-916.887837384556,3.57054003714514,-953.336318664997,4.69305728424292,1857.29384777656,1863.77749061814,NA,2316.85955340811,0.473313024173789,1.09399582465857
"256",-5.86,0.79,-5.86,0.83,1.359326,9.604077,-1.1484446,0.2002995,35,35,-6.87713143289912,1.01555736088588,-5.01371773207851,0.743413748752794,1.32294434278186,10.8218276951146,-1.5184133978099,0.279642496470866,1.32294434278186,8.90323611517131,-5.94542458248881,0.879485554819338,1.32294434278186,11.6899053502161,-1.64519243166981,0.298158032877078,1.32294434278186,9.066403750754,3.35235293783655,0.0814224665700697,-0.505229333688583,-6.7844447025164,-6.5423922202331,2.24948440676508,7.85006727694507,-4.85360457638563,0.718157997411595,-3.3464484845218,0.492571896155869,6.30800296,0.17061129,-0.888,0.02436266,86.8772593720574,-124.199275615278,1264.08094977559,0.138509748200106,0.120165447615787,8.79420682686054,0.20116229176234,-1.29775235912888,-912.569122144951,-914.728935724299,-924.345846902076,-925.489782271557,1.12038116536724,-970.216512566951,0.350216403447652,1874.69348741874,1885.85812615078,NA,2403.9626239359,0.484494924506915,1.17840457885733
"257",-5.86,0.79,-5.86,0.83,1.359326,9.604077,-1.1484446,0.2002995,35,35,-6.10072478884619,0.803149900659388,-5.09863389863122,0.739120803822586,1.33127746860744,9.22317850125068,-1.24632981937054,0.227525401572096,1.33127746860744,7.95653739712666,-5.59967934373871,0.771135352240987,1.33127746860744,9.47422503931365,-1.26237056303276,0.22855033288253,1.33127746860744,8.21654071656273,3.07131143382322,0.087021160970572,-0.498209473389849,-7.27350674185416,-6.65288464179544,2.1637286593429,7.53654608017062,-4.05113025773366,0.533120275169685,-3.51662021803977,0.508701340491268,4.74705002,0.12044909,-0.876,0.02904794,61.6910651403751,-73.8268871519129,1246.77238699288,0.358449017556747,0.329819680310513,8.38692334621233,0.17898187183497,-1.1780719762346,-905.765105604066,-907.246960607355,-918.850791415836,-920.853916501524,1.97400233346033,-959.431434609829,2.4815123903344,1861.08545433697,1874.8680151783,NA,2419.71788683385,0.506985676651906,1.14581588719144
"258",-5.86,0.79,-5.86,0.83,1.359326,9.604077,-1.1484446,0.2002995,35,35,-5.38260050931471,0.677688106967198,-5.71783025874783,0.77839470858234,1.31102243745327,6.67933379614462,-0.644001519664526,0.116743579428524,1.31102243745327,9.19978840058327,-5.55021538403127,0.728041407774769,1.31102243745327,6.70742854237086,-0.652441481870951,0.119279034330742,1.31102243745327,9.26376298677528,3.06198927552364,0.0805485940007992,-0.480826108079421,-7.30285136341585,-7.03809724025442,1.88363361948961,11.4003253627417,-3.50962993541638,0.435634307348706,-3.88830237104441,0.527629767333761,3.35741052,0.08718687,-0.75,0.02616104,85.5624389029923,-121.569634677147,1294.2943685321,0.606242382754599,0.565480700743871,7.98335665877701,0.14878411884197,-1.05763506802967,-895.501315481977,-896.110407097171,-924.193362775028,-924.631041996796,0.426506089166303,-938.534834662713,0.357110740614904,1840.55787409279,1885.55315789668,NA,2467.01910238706,0.467131322375204,0.990011181064956
"259",-5.86,0.79,-5.86,0.83,1.359326,9.604077,-1.1484446,0.2002995,35,35,-5.94379737886117,0.820924153825912,-5.94429761348213,0.864565381357952,1.46233870053303,10.5756848256801,-1.31964093922808,0.229060470246852,1.46233870053303,8.52955624913017,-5.94404749617165,0.842744767591932,1.46233870053303,10.5756848882387,-1.3196463969413,0.229536609431978,1.46233870053303,8.57274510269915,3.42623345383043,0.0939402177747976,-0.552719448835626,-7.01068493094316,-6.7511820249605,2.21578035817026,9.08043089295767,-4.27536485636997,0.594307818965395,-4.03923560272164,0.580235066832882,4.2779398,0.11161228,-0.843,0.02596189,83.7218236937439,-117.88840425865,1280.05873387365,0.860727823575817,0.840647993232878,9.41993696672019,0.196756478055521,-1.31508370981457,-930.319124459763,-930.548053094191,-946.196817913648,-946.513347827558,0.308182455291037,-971.073880254692,0.358777837301505,1910.19349204836,1929.56006817392,NA,2442.22906348865,0.527387727695896,1.24985603137158
"260",-5.86,0.79,-5.86,0.83,1.359326,9.604077,-1.1484446,0.2002995,35,35,-5.8125115783538,0.790965251309016,-6.3691190879432,0.906500812669841,1.53156914554826,8.42392642922992,-1.05428463058591,0.187438188191902,1.53156914554826,6.83456946541349,-6.0908153331485,0.848733031989428,1.53156914554826,8.50137940916276,-1.07036162085543,0.190775304676642,1.53156914554826,6.86385176426652,2.27959977852419,0.0637869151036369,-0.36448675272127,-7.05788651917185,-6.92616305128907,2.16467856628223,7.83932357916822,-3.7803367653799,0.509890128005497,-4.5425040365952,0.645629268380486,4.28715362,0.10779511,-0.868,0.03219759,45.6850024875654,-41.8147618462934,1279.8237882102,0.456002822113881,0.411228681001342,9.05812282303395,0.190601523150237,-1.27130185828762,-928.365830443845,-928.825446062553,-943.819830777506,-944.080973381212,0.25415516842326,-960.758854853278,0.107909784149823,1906.28690401653,1924.80609390164,NA,2517.8328145741,0.383670938710019,1.19856057357023
"261",-5.86,0.79,-5.86,0.83,1.359326,9.604077,-1.1484446,0.2002995,35,35,-5.73179233343209,0.790928496369743,-7.28021102668552,0.915206228043437,1.44283137524753,9.57375059649259,-1.37446480274725,0.2598688275126,1.44283137524753,7.47224176268457,-6.5060016800588,0.85306736220659,1.44283137524753,10.1731507088968,-1.42257329346692,0.263730066160089,1.44283137524753,7.89196285242526,3.09576135851623,0.0773525334765559,-0.467923874032619,-6.97738625066725,-7.78539037793421,2.2882907569226,7.03435223405564,-4.33106951577734,0.597703587821149,-5.28802081507003,0.666958528817621,6.83593404,0.18098415,-0.913,0.02283285,112.557338115039,-175.55943310124,1349.71937165196,0.145324762579697,0.137562801876016,8.31787717325855,0.162411241937575,-1.1129593612699,-923.217245030314,-926.108363846468,-934.674358283568,-938.059045455824,3.36877002590676,-971.02256490378,4.22583023044424,1895.98973318946,1906.51514891376,NA,2523.87931020269,0.476563589156885,1.10709177658787
"262",-5.86,0.79,-5.86,0.83,1.359326,9.604077,-1.1484446,0.2002995,35,35,-4.82911830138905,0.617626446889612,-6.18571242695923,0.919091318156007,1.48119248530541,9.01961489094615,-1.10384047671156,0.195361623229977,1.48119248530541,7.79143471028716,-5.50741536417414,0.76835888252281,1.48119248530541,9.47970179632904,-1.206081845068,0.218081890381893,1.48119248530541,8.04187849463292,3.1808823970194,0.084681528980651,-0.502855528264926,-7.1072009840879,-6.66774541666127,2.28641223350027,8.22363973452676,-3.35119944176754,0.444250877792897,-4.00002602455881,0.606571651019076,4.73528654,0.10807144,-0.827,0.02665454,74.8250676488641,-100.094892168891,1268.49537720113,0.1959072025915,0.19430226799037,8.46381668210057,0.193476086362832,-1.23728206325623,-926.594671291012,-929.714036027981,-943.691972290519,-945.65820451511,1.93713289090164,-975.652871927308,1.08973283384446,1902.74458571086,1924.55037692767,NA,2436.89586223337,0.488475286362723,1.17658186017531
"263",-5.86,0.79,-5.86,0.83,1.359326,9.604077,-1.1484446,0.2002995,35,35,-5.95948103359584,0.817586532502987,-5.64906118708295,0.848557074706876,1.23545384407076,10.2608922992976,-1.26593493424426,0.211903107798301,1.23545384407076,9.16836075848044,-5.8042711103394,0.833071803604931,1.23545384407076,10.284982419575,-1.26353146650493,0.212142901419401,1.23545384407076,9.34357706429713,2.54132107228487,0.0633834590860299,-0.37835111805375,-7.04625326984417,-6.55131894712193,1.94664644547811,9.33682993985443,-4.29315428291589,0.599749433125554,-3.99953882258694,0.600098832768966,6.42941678,0.14538315,-0.895,0.02520784,82.6940536694339,-115.83286421003,1240.35149969101,0.596023278692173,0.589109273663272,6.48444443413075,0.133319476975327,-0.887247580151893,-893.695638937008,-894.463772414975,-909.431957158054,-910.627888995343,1.17174332014112,-940.22633419292,1.44866395244402,1836.94652100285,1856.03034666274,NA,2364.87013517199,0.411289700225204,0.895108819335663
"264",-5.86,0.79,-5.86,0.83,1.359326,9.604077,-1.1484446,0.2002995,35,35,-6.56942236819605,0.879332941399637,-5.2935814549027,0.710965120854044,1.39987124908387,8.87628355281071,-1.11378111293782,0.198457833507513,1.39987124908387,7.88398168346303,-5.93150191154938,0.79514903112684,1.39987124908387,9.283226061819,-1.16748375142134,0.205544764256331,1.39987124908387,7.97548516790146,2.98629073296029,0.0774315187784115,-0.465441216405314,-7.28832547834482,-7.01557647135268,2.13329013615898,8.34920309823924,-4.63100745629807,0.6218326677823,-3.8974212416827,0.514287790925651,5.50769041,0.12311827,-0.856,0.02343556,104.849973023934,-160.14470291903,1294.90123139707,0.612321974782393,0.66351916713496,7.655749734722,0.157389178298678,-1.06759161436106,-914.515644298931,-915.695745225903,-930.59053589605,-931.307836139324,0.700388312753453,-959.143106044134,0.443862850631904,1878.5865317267,1898.34750413873,NA,2429.65775987511,0.450990193603601,0.980346409453454
"265",-5.86,0.79,-5.86,0.83,1.359326,9.604077,-1.1484446,0.2002995,35,35,-6.52103352234973,0.855863642563593,-6.24591699389576,0.858391570186117,1.2417859953363,11.3001604410605,-1.29667076519167,0.204779673167569,1.2417859953363,10.2549340087948,-6.38347525812274,0.857127606374855,1.2417859953363,11.3190827171176,-1.29649689652375,0.204781270772086,1.2417859953363,10.3142773198821,3.65579211339852,0.0895583673316123,-0.556665041399435,-7.37976064181758,-7.08958337473997,1.90908129004312,11.0842566970284,-4.43736404062542,0.579423984034837,-4.3103440659409,0.592423449869908,6.05506515,0.12630567,-0.871,0.02387546,99.5722853387608,-149.589327548684,1329.72564606703,0.790999248396018,0.78360103260721,9.31757474973325,0.17635472277968,-1.24271213608566,-898.295526041264,-898.521114290228,-917.79125627688,-918.159372050967,0.358540099016126,-940.918924940009,0.434339543183623,1846.14629521137,1872.74894490039,NA,2509.86196458537,0.518846033462769,1.16682627247715
"266",-5.86,0.79,-5.86,0.83,1.359326,9.604077,-1.1484446,0.2002995,35,35,-5.94549013931203,0.841862548379654,-5.93620238564215,0.87682535792286,1.18058607427903,10.7763160760919,-1.35711587447251,0.254721402321178,1.18058607427903,12.7296577296475,-5.94084626247709,0.859343953151257,1.18058607427903,10.776337641684,-1.35703469298185,0.255027001833966,1.18058607427903,12.7670483106882,3.44104297228601,0.0962960599888084,-0.556346578168969,-6.88763215486727,-6.67004502925865,1.99490768389952,12.3884638825352,-3.80944657274683,0.546760029109853,-4.38147675629201,0.657032378029339,5.2632918,0.150214,-0.826,0.0212912,113.60833601932,-177.661428909803,1309.47317413872,0.638919789318487,0.591966320919403,8.46175465694711,0.178682578019804,-1.18652921527669,-899.536879151193,-899.663766438589,-919.321653759753,-919.512028729195,0.185187392201156,-955.280106392467,0.210940415452325,1848.62900143122,1875.80973986613,NA,2441.28491936763,0.555929166065794,1.13372675221229
"267",-5.86,0.79,-5.86,0.83,1.359326,9.604077,-1.1484446,0.2002995,35,35,-5.82477707884248,0.861594766781403,-5.70509237808139,0.81308720741039,1.2698979861294,5.90175328029198,-0.721838374595776,0.145840870632226,1.2698979861294,7.8486105363943,-5.76493472846193,0.837340987095896,1.2698979861294,5.90533438719105,-0.723289777777768,0.146429116461259,1.2698979861294,7.87248029055618,3.08725925073644,0.0874764115994082,-0.505308310075467,-6.64935964326256,-6.8186704289419,1.78219776188178,9.4426286015819,-4.03017519107682,0.589613718090158,-4.41607971334012,0.627943919268047,3.74120982,0.08833844,-0.814,0.02579114,88.0117586853652,-126.468274241893,1220.02407569527,0.795387517699491,0.767801122435369,5.54836824852292,0.131729547846945,-0.82305380928076,-885.388629856901,-885.546721809661,-906.437572414892,-906.626148142894,0.183434820227655,-918.958841501232,0.183294943848681,1820.33250284264,1850.04157717641,NA,2313.57987714865,0.492536075328848,0.803636515138234
"268",-5.86,0.79,-5.86,0.83,1.359326,9.604077,-1.1484446,0.2002995,35,35,-6.15450869239435,0.852957777080486,-6.22040343231899,0.818178606272588,1.33467790929809,14.6777088993384,-1.66601029690877,0.241047531472925,1.33467790929809,10.4750823171292,-6.18745606235667,0.835568191676537,1.33467790929809,14.6787944285258,-1.66543735580498,0.241349929153447,1.33467790929809,10.5259926348572,2.93940232205106,0.0757412097903578,-0.45805871895858,-7.03054820646029,-7.30364824625886,2.12996573936815,10.7423301026968,-3.98199126655341,0.553680733795177,-4.41804396819427,0.586277074815016,7.41203528,0.15333503,-0.898,0.02575448,80.4762156602696,-111.397188191702,1336.47696906176,0.733533449065599,0.705549361209787,10.2430657483012,0.181657510729697,-1.3236559257487,-917.222364854705,-917.483627134921,-936.821385430528,-937.131260344468,0.301688607525921,-966.737834951614,0.354865341403125,1883.99997283825,1910.80920320768,NA,2561.55674993182,0.436656066847356,1.25013912952322
"269",-5.86,0.79,-5.86,0.83,1.359326,9.604077,-1.1484446,0.2002995,35,35,-4.62900806920705,0.605440081085241,-6.07972029948419,0.825365902203086,1.2557642304989,12.0868695467157,-1.66665602487173,0.317578161871677,1.2557642304989,12.0037082183583,-5.35436418434562,0.715402991644163,1.2557642304989,12.6130110404846,-1.74641829448408,0.329670003570266,1.2557642304989,12.103052107448,4.56397986830274,0.123628638304835,-0.736881356390989,-6.97969396590475,-7.12014506412537,2.47265004098697,9.41680952824864,-3.539104504962,0.479932481710894,-4.34484849526148,0.603599803927026,7.36063544,0.20390762,-0.892,0.02720416,61.4880523155952,-73.4208615023529,1320.40513829623,0.622242952870502,0.588927373863093,7.26150939152134,0.144983809133841,-0.970932682066511,-915.186302829016,-916.431342836261,-930.643663059291,-931.17640674065,0.519496773125455,-999.095773659812,0.0911380774409936,1879.92784878687,1898.45375846521,NA,2567.3894150901,0.676239177486658,1.01987667552293
"270",-5.86,0.79,-5.86,0.83,1.359326,9.604077,-1.1484446,0.2002995,35,35,-4.95899940675403,0.65217540715569,-5.56557471507438,0.75651057022722,1.25983313859261,12.7206416662966,-1.50302530867265,0.255680958327705,1.25983313859261,12.6019059291089,-5.2622870609142,0.704342988691455,1.25983313859261,12.8126250674626,-1.51884709209984,0.258402414890995,1.25983313859261,12.6212658517509,3.68241736307947,0.094825946029511,-0.574633311026331,-7.03124832441557,-7.01622172994638,2.28455519296833,11.460465200271,-3.30591355600929,0.43493271252444,-4.00457494273952,0.560523288882468,6.24403419,0.1161794,-0.838,0.02507688,81.7287706728242,-113.902298216811,1318.79985452081,0.496380342591642,0.480973082121121,8.05302699359356,0.182368887273686,-1.15551517849769,-914.455130997517,-914.745775415218,-934.584500217963,-934.684062078301,0.0967860494342785,-985.981489620333,0.000943913466592423,1878.46550512387,1906.33543278255,NA,2523.6974108248,0.543073769905911,1.17468709684046
"271",-5.86,0.79,-5.86,0.83,1.359326,9.604077,-1.1484446,0.2002995,35,35,-5.90908124265732,0.873591060695808,-6.02371939006029,0.79216143809853,1.26085933882109,10.0445812002439,-1.47552337261214,0.282941302950676,1.26085933882109,8.95100418899344,-5.9664003163588,0.832876249397169,1.26085933882109,10.0478666764539,-1.47318963734257,0.284598998809759,1.26085933882109,9.21233375704641,2.63385883363404,0.0755077774802465,-0.426407301385136,-6.66219299221411,-7.26196775952345,2.18694775841164,7.59750571291109,-4.92314648781835,0.71535429131731,-4.54345787070936,0.599539717687206,9.03470952,0.22683712,-0.926,0.02283339,100.423683621381,-151.292124113924,1278.04989726096,0.385637181850772,0.356894062281204,4.68993070798764,0.121773118843995,-0.710890962278571,-901.238568701434,-902.42108168228,-912.906432483333,-914.721022328852,1.78579068907008,-962.29558499331,2.27673488160444,1852.03238053171,1862.97929731329,NA,2404.80767040799,0.451963932650767,0.787198296867986
"272",-5.86,0.79,-5.86,0.83,1.359326,9.604077,-1.1484446,0.2002995,35,35,-5.93360612624997,0.808498299061205,-5.72705995325872,0.908372140463292,1.32444172895044,9.43074275758224,-1.08947991987567,0.184016906831626,1.32444172895044,9.11194296945848,-5.83033303975434,0.858435219762249,1.32444172895044,9.44140808797658,-1.08432277994479,0.186510602880728,1.32444172895044,9.55316003603305,2.04245330403107,0.0511279674508578,-0.310561914340251,-7.07452370558397,-6.27295502985434,1.9364951791232,10.4584525821394,-3.99792488415557,0.539345072276608,-4.36396759903867,0.694156641518271,4.73808374,0.08965378,-0.82,0.02580029,85.3679850382872,-121.180726947737,1271.48408070342,0.056795034241118,0.0476233413403621,7.54733272102306,0.176430208084296,-1.10031835659477,-906.320008525318,-908.359041134928,-926.082888427769,-929.072458721458,2.96706188095498,-942.550883845544,3.44576808127109,1862.19526017947,1889.33220920217,NA,2421.7874344591,0.308900882308987,1.12252673201537
"273",-5.86,0.79,-5.86,0.83,1.359326,9.604077,-1.1484446,0.2002995,35,35,-6.15383600815947,0.831229546623195,-5.29679993502968,0.758251943551076,1.38120796466172,10.2579268839143,-1.46441470676473,0.274083581789253,1.38120796466172,8.19340507617153,-5.72531797159458,0.794740745087136,1.38120796466172,10.4415545915757,-1.48005081635556,0.275415014426791,1.38120796466172,8.31492721938515,2.9333324949123,0.0767348695188798,-0.457383296251699,-7.15932669667982,-6.73707229825301,2.3221628689821,7.2430937223554,-4.02297696681056,0.549723497309303,-3.65974616136715,0.538924218290869,4.3373923,0.1343056,-0.894,0.030059,56.8892750735814,-64.2233070183255,1257.7228436646,0.488120053863793,0.484834061680275,9.3476388432505,0.191116881299981,-1.28203589933373,-918.228440087577,-919.04065613153,-929.698749376419,-930.617975607168,0.898851477777762,-975.520292163873,1.10844056596001,1886.01212330399,1896.56393109947,NA,2451.22238031087,0.452990911895795,1.26186522110275
"274",-5.86,0.79,-5.86,0.83,1.359326,9.604077,-1.1484446,0.2002995,35,35,-5.1698754201887,0.725940627770791,-5.46972015994054,0.794792273666292,1.37725268571092,6.47856842868378,-0.689057289187323,0.127568838315901,1.37725268571092,7.92919503796677,-5.31979779006462,0.760366450718541,1.37725268571092,6.501045145673,-0.69421849014858,0.128753975601531,1.37725268571092,7.94458180553431,2.57059876604128,0.0683950279487241,-0.405754446537066,-6.80265024163782,-6.6922946918718,1.92893683727439,9.86100236171727,-3.51523249641924,0.49118219722574,-4.19896373332238,0.609931409884069,3.31885632,0.05939039,-0.781,0.03072108,57.6134768037155,-65.6717104785935,1221.13439777956,0.426094414834637,0.352510034483399,6.69353189743402,0.151574241614539,-0.959037339056048,-902.75312215185,-902.976782844853,-926.954942053727,-927.075462076464,0.117177437623908,-939.718535033584,0.0691747189950367,1855.06148743254,1891.07631645408,NA,2376.59708508053,0.396496215784065,0.981600266593301
"275",-5.86,0.79,-5.86,0.83,1.359326,9.604077,-1.1484446,0.2002995,35,35,-5.38571499406997,0.725208211969963,-5.96217381922299,0.816350092719532,1.44852389507835,12.5107201245684,-1.44588048084586,0.254887004341378,1.44852389507835,12.02538673644,-5.67394440664648,0.770779152344747,1.44852389507835,12.5937963188426,-1.45901536622064,0.25696371494802,1.44852389507835,12.0388077972175,3.39123619740913,0.0970086676412931,-0.56013914788298,-7.02285335933333,-7.05631244374785,2.36565325832465,12.4233323021969,-3.38125722152576,0.456980869180986,-3.88979856597906,0.537025957170004,5.27489979,0.11560171,-0.834,0.03063063,45.6505511471595,-41.7458591654816,1365.94197966332,0.769769230676257,0.748529954424894,11.3134826182511,0.229764271044748,-1.53180742268721,-943.631616118348,-943.852478172709,-965.746434261808,-965.818523528656,0.0700656457528666,-997.132965325493,0.00419530593181218,1936.81847536553,1968.65930087024,NA,2690.13810016116,0.536345674827867,1.57807389991814
"276",-5.86,0.79,-5.86,0.83,1.359326,9.604077,-1.1484446,0.2002995,35,35,-6.50818522318815,0.890339871375745,-5.441194271596,0.738739249747361,1.51069170256483,7.05728449731877,-0.66487470762228,0.0978682881845018,1.51069170256483,6.61998706464775,-5.97468974739208,0.814539560561553,1.51069170256483,7.34190192001366,-0.705313830505588,0.10361397530403,1.51069170256483,6.6693364873538,3.3377810485659,0.0900842895101323,-0.528119934378169,-7.16151189280048,-6.99771821520573,1.91964224514351,9.2999338554581,-4.57415181066488,0.633939491195091,-3.59200239814106,0.495655721548665,3.77785521,0.07584266,-0.819,0.02882575,69.4031678035086,-89.2510924781798,1266.40141242202,0.331281912543327,0.323509336556088,8.35123170541864,0.150888271384573,-1.09423522031036,-912.733057913583,-913.844019730343,-938.513176961961,-938.965057200355,0.440389296666948,-936.678708155578,0.161468010782647,1875.021358956,1914.19278627055,NA,2443.55173236587,0.530285959726511,1.00626064465606
"277",-5.86,0.79,-5.86,0.83,1.359326,9.604077,-1.1484446,0.2002995,35,35,-6.05403651867014,0.793681331267158,-6.05818285815556,0.807305197699479,1.40091395871939,7.71109864417876,-1.00462491776354,0.171531421019137,1.40091395871939,5.65788623939872,-6.05610968841285,0.800493264483318,1.40091395871939,7.71110294221155,-1.00463904005738,0.171577823453279,1.40091395871939,5.66188593011728,2.41332675451053,0.0581475614023782,-0.359553910800198,-7.28322975793708,-7.2062086266641,2.02727841647954,6.00626081599635,-4.265001268162,0.562167401948324,-4.41510452436553,0.587764922867764,4.36376727,0.10592389,-0.887,0.02792458,80.5141869009904,-111.473130673143,1251.70791087729,0.971440402207708,0.957827405497122,7.70962920425148,0.15282532405939,-1.05919026103264,-899.38495071951,-899.41639855855,-910.58161352287,-910.62365303453,0.0408506482512209,-936.558108516075,0.0497012201533542,1848.32514456786,1858.32965939237,NA,2391.94269108145,0.357139804992765,0.957622611613931
"278",-5.86,0.79,-5.86,0.83,1.359326,9.604077,-1.1484446,0.2002995,35,35,-6.1507387180344,0.923903168828846,-4.07409872691675,0.679290101012784,1.17862083995711,11.7324904077466,-1.37921242072522,0.220431297345189,1.17862083995711,10.9355060680568,-5.11241872247558,0.801596634920815,1.17862083995711,12.8105988209239,-1.50620574046942,0.235390185581786,1.17862083995711,11.3330624086129,2.40065592268442,0.0690285604099723,-0.392356814714176,-6.60410394658937,-5.984805315042,1.99277341507096,10.5603475357024,-4.36801428898362,0.64981124086454,-3.01727486457854,0.507057281825171,7.0410859,0.1330867,-0.882,0.0259467,71.6000452386253,-93.6448473484132,1227.33452108428,0.169758745759664,0.175323966559055,7.24023948155659,0.161899308687487,-1.03724791344182,-890.68515522291,-893.260803403204,-909.11063646383,-911.404256180898,2.26499245224061,-949.879413070201,1.98115470855135,1830.92555357466,1855.38770527429,NA,2361.02419482014,0.401155703912219,1.02959723049124
"279",-5.86,0.79,-5.86,0.83,1.359326,9.604077,-1.1484446,0.2002995,35,35,-5.50086649880178,0.751205727626074,-5.98862663645704,0.839505969702114,1.38037661787537,8.73601690918677,-1.08729821380082,0.194629336525839,1.38037661787537,8.07056594503842,-5.74474656762941,0.795355848664094,1.38037661787537,8.79549439715815,-1.09806554835832,0.19657856971351,1.38037661787537,8.08404930876994,3.13758424578812,0.0898807052869275,-0.516544567141574,-6.98311839315828,-6.94480853796164,2.08697587932972,8.67948815949729,-4.23240479017059,0.590279738526416,-3.77068060298302,0.524089159246836,3.31330433,0.0741045,-0.797,0.02845037,72.0365359130616,-94.5178286972858,1251.85939570827,0.764597965862282,0.714554351117461,9.39329616495986,0.204541582442086,-1.34197267147995,-911.856639445792,-912.106989995537,-928.609618938368,-928.713596425255,0.101081756011587,-954.980634363214,0.00864566014524386,1873.26852202042,1894.38567022336,NA,2409.20096271926,0.504710446149191,1.26254131235021
"280",-5.86,0.79,-5.86,0.83,1.359326,9.604077,-1.1484446,0.2002995,35,35,-5.97640894736648,0.796250440856216,-6.99608802411183,0.903892254855755,1.3355226183494,11.0901192596291,-1.39448053864624,0.256056470125186,1.3355226183494,11.0415429431252,-6.48624848573916,0.850071347855985,1.3355226183494,11.3500556145172,-1.4219205650258,0.258953160155463,1.3355226183494,11.1546248679801,2.89299118402258,0.0740723511882173,-0.446447812938806,-7.19029609650982,-7.568673099898,2.16946252611149,11.1115237621863,-4.02091240856933,0.52984370063896,-5.95434335664408,0.768384971816463,7.5856419,0.15018737,-0.864,0.02053431,128.975723506821,-208.396203884804,1402.9846232029,0.0931073315501821,0.0497031461398226,9.42184468602891,0.202567883908425,-1.33218356306808,-921.878947527602,-922.596561293523,-940.349321054708,-941.003622383276,0.638586842769855,-972.322855443225,0.648403708133694,1893.31313818404,1917.86507445604,NA,2597.57304252099,0.438880048606875,1.27783183236463
"281",-5.86,0.79,-5.86,0.83,1.359326,9.604077,-1.1484446,0.2002995,35,35,-6.06474161422402,0.765512899098622,-6.47474167161073,0.887203302981831,1.29082544866549,7.79278917438116,-0.927738976567316,0.197073236226369,1.29082544866549,11.4800543741532,-6.26974164291738,0.826358101040227,1.29082544866549,7.83481418614544,-0.940212244711198,0.200775374825683,1.29082544866549,11.5728108282867,2.75625399542454,0.0927006179196011,-0.487141196651507,-7.46175508321118,-7.14675520406479,1.97510906914575,12.8850600970117,-4.13012961205022,0.533814325944089,-4.39168096356471,0.601802434089159,3.71795971,0.09511368,-0.761,0.02509416,93.6655466866579,-137.775850244478,1375.51156810799,0.759009794155322,0.736651928713444,9.12582302162638,0.18818777411488,-1.24504518316253,-908.646057088606,-909.220246116715,-934.513166282227,-935.031508707777,0.50540155451076,-954.111139302887,0.430555249579825,1866.84735730605,1906.19276491108,NA,2613.24728597149,0.534868654304444,1.28237330275772
"282",-5.86,0.79,-5.86,0.83,1.359326,9.604077,-1.1484446,0.2002995,35,35,-5.68530200954465,0.780709545794929,-6.40470399752195,0.959165491112103,1.35810053926738,9.79007523254758,-1.1543035458147,0.193835667967363,1.35810053926738,8.7840092519901,-6.0450030035333,0.869937518453516,1.35810053926738,9.91946003762398,-1.18639893627158,0.201797299072124,1.35810053926738,8.91227285096919,2.49226302535624,0.0671884232890347,-0.396313607946479,-6.99177778994864,-6.64798543473781,2.00619354631724,9.85188786782929,-4.06430215555466,0.571657564385516,-4.65399847826961,0.696147080254974,6.41085425,0.13215564,-0.868,0.02446911,90.1058038379191,-130.656364547001,1282.24909161396,0.467870688792958,0.433259251098352,7.04986890137738,0.155403516092816,-1.01068931114946,-911.598598608924,-912.935798144633,-929.923665345569,-930.835368254927,0.891446901361459,-949.310344741571,0.64604276207161,1872.75244034669,1897.01376303777,NA,2433.84181868092,0.387245752047785,0.96425790286358
"283",-5.86,0.79,-5.86,0.83,1.359326,9.604077,-1.1484446,0.2002995,35,35,-6.40371215814868,0.838040137017192,-6.24087743982069,0.836073174594701,1.33987390448972,7.88937581034159,-0.850953700851868,0.149575106789859,1.33987390448972,8.98298626958952,-6.32229479898468,0.837056655805946,1.33987390448972,7.89600459671482,-0.851033773294874,0.149576074025152,1.33987390448972,8.99790569991737,2.76847899970331,0.0710523976312441,-0.428058499087334,-7.36862711147679,-7.2175110462715,1.86177308992925,11.2209746574937,-4.48777116850733,0.586055139760881,-4.60503534861903,0.627349334897895,4.1786661,0.08858295,-0.794,0.02316693,112.535258085976,-175.515273043114,1338.64234419775,0.846151102732151,0.818727881414489,8.00380449081511,0.155452124771493,-1.07876736602181,-904.280481444978,-904.342474298303,-928.02263979843,-928.127175703897,0.101625028312863,-935.164941524013,0.119436107983571,1858.11620601879,1893.21171194349,NA,2501.76941535239,0.419524855897881,1.02241571316131
"284",-5.86,0.79,-5.86,0.83,1.359326,9.604077,-1.1484446,0.2002995,35,35,-6.99358266471926,0.988030498709233,-5.58404674600291,0.789384362474759,1.47265837195459,9.13124301351887,-1.07545117919758,0.195112832619103,1.47265837195459,8.88335447305415,-6.28881470536109,0.888707430591996,1.47265837195459,9.62794089005678,-1.14545089523176,0.204977904479324,1.47265837195459,8.97326629624859,3.01324307932378,0.0817826161232707,-0.482559515209257,-7.06489385606404,-6.83884021340915,2.11675221518659,10.4174891756306,-5.04555195100014,0.706107585925006,-3.7677410979543,0.527904732996348,6.72105262,0.13706933,-0.871,0.02577707,79.3162229973696,-109.077202865902,1329.34404113948,0.288281911504401,0.22144308312645,8.30377108197483,0.187653203119039,-1.2051259955263,-930.135198570773,-931.560250415709,-950.471469617472,-951.105401313296,0.618616279917071,-964.231322711813,0.251610840975374,1909.82564027038,1938.10937158157,NA,2549.61087941305,0.46400013314772,1.15323145878822
"285",-5.86,0.79,-5.86,0.83,1.359326,9.604077,-1.1484446,0.2002995,35,35,-6.05855315390929,0.7925372766333,-4.90597780887951,0.778618459355583,1.13267345735974,12.0673799168859,-1.33060502444667,0.176627748073254,1.13267345735974,9.05546826238185,-5.4822654813944,0.785577867994441,1.13267345735974,12.3994873983785,-1.33461564585324,0.176676181441856,1.13267345735974,9.93971602628562,2.83814306231899,0.0695781372337711,-0.431936374853313,-7.29456237463796,-6.22491174117907,1.79243996166442,9.32455531928743,-4.55193373151079,0.596910937437969,-3.84958592646643,0.609543635899694,7.33036616,0.11540151,-0.924,0.02200976,117.760649665137,-185.966056201437,1199.77463384769,0.0123108303297521,0.0112482375854618,6.24703482812833,0.117620127844855,-0.806521251051402,-865.496235326845,-869.454320650468,-887.370321547479,-893.270148840009,5.97971634701512,-919.9648193967,7.35723949333148,1780.54771378253,1811.90707544159,NA,2213.58321149395,0.404457421470334,0.87375951685312
"286",-5.86,0.79,-5.86,0.83,1.359326,9.604077,-1.1484446,0.2002995,35,35,-6.03303437324932,0.800140618415813,-5.18137043232422,0.666347859036182,1.39271828036284,8.82521888753948,-1.02739981673212,0.169578640488662,1.39271828036284,7.62240866635873,-5.60720240278677,0.733244238725998,1.39271828036284,9.00655175460751,-1.05588643391225,0.174053766104266,1.39271828036284,7.65284336278727,2.07787742602179,0.0516529842213996,-0.314548388295003,-7.22374485115311,-7.16918354908452,2.11933281559164,8.25266508450714,-4.45449008596486,0.594982484550185,-3.45892032030924,0.4452407160947,6.21530041,0.1414006,-0.908,0.02814261,68.0010706865736,-86.4468982443098,1267.0572717535,0.429284473768953,0.353924765397416,6.79327890659888,0.122232709308737,-0.866511418142131,-909.312976773463,-909.945442954673,-927.243465935424,-927.490111362134,0.240021023964601,-957.171613958597,0.0180655175519817,1868.18119667576,1891.65336421748,NA,2447.6676452627,0.313830462327396,0.900085756773874
"287",-5.86,0.79,-5.86,0.83,1.359326,9.604077,-1.1484446,0.2002995,35,35,-6.60475313021717,0.954591783718256,-6.79792161348271,0.842153149862366,1.42010297470303,7.72229144711677,-0.848230788398921,0.136696665470044,1.42010297470303,6.93642623842081,-6.70133737184994,0.898372466790311,1.42010297470303,7.73161996284854,-0.842800888308323,0.139857277065889,1.42010297470303,7.41515430128343,2.63712009246794,0.0650633955700889,-0.400112022997215,-6.87528353254817,-7.73833230060284,1.86513314965818,9.02106517933138,-4.67903371087242,0.671330064225538,-4.65330333405822,0.559335616575948,4.72797962,0.09975517,-0.847,0.02293267,118.074340368329,-186.59343760782,1328.22049355426,0.0454207473322472,0.0388999658008171,9.02252722375853,0.183450912136052,-1.23835594332508,-906.255739595475,-909.186620591128,-926.210996394799,-930.310972408688,4.10178426620586,-928.660459000969,4.74235332302287,1862.06672231979,1889.58842513623,NA,2469.8475495007,0.387049527273499,1.19834283137931
"288",-5.86,0.79,-5.86,0.83,1.359326,9.604077,-1.1484446,0.2002995,35,35,-4.85384452678623,0.628617847515844,-4.9958775943771,0.761661738894301,1.50512328794287,9.93409387555706,-1.2607518164383,0.224615761548292,1.50512328794287,8.03374116131695,-4.92486106058167,0.695139793205073,1.50512328794287,9.93913722362937,-1.26547597444248,0.229040930806573,1.50512328794287,8.30595639057427,3.15377912627162,0.0770514520331378,-0.476776551928917,-7.06644328879668,-6.41583527929759,2.45921793173111,7.82197953700563,-3.09750305346838,0.405779798262592,-3.30049667696159,0.507147521719547,4.40908987,0.10304318,-0.864,0.03442715,25.6451961972301,-1.73514926562287,1234.53035617217,0.220346970859568,0.205117707254494,8.59785615072298,0.191919821769773,-1.21325204016264,-933.968777034373,-935.517349442876,-949.521871602252,-951.60003734516,2.04905534251541,-991.94513058492,2.32178878673135,1917.49279719758,1936.21017555113,NA,2467.32556307872,0.457375532989994,1.28752685858277
"289",-5.86,0.79,-5.86,0.83,1.359326,9.604077,-1.1484446,0.2002995,35,35,-6.47322802548812,0.869210420782343,-6.98368203511718,1.0211474011558,1.2030722731104,13.2206316943215,-1.61130692109075,0.249723545857017,1.2030722731104,10.2382962381302,-6.72845503030265,0.94517891096907,1.2030722731104,13.2857725183081,-1.63069613130139,0.255494757358268,1.2030722731104,10.3942727589037,3.05253257786486,0.0879863605700233,-0.503394782709043,-7.25243849407196,-6.85769129133998,1.96906100341201,9.8671092618913,-5.04242820343257,0.678119872897506,-5.28592407801512,0.778643134037059,10.37110109,0.18809267,-0.929,0.02143741,116.758167698767,-183.961092268697,1321.94443146484,0.251805495308387,0.245564370825042,6.41524640213428,0.150273153850539,-0.9397807037013,-894.858611178912,-896.072809150372,-909.928024545676,-910.892875625323,0.943773254224111,-944.782218137899,0.866586419698166,1839.27246548666,1857.02248143798,NA,2459.92777066099,0.496400398278869,0.941905901764895
"290",-5.86,0.79,-5.86,0.83,1.359326,9.604077,-1.1484446,0.2002995,35,35,-6.03795104378322,0.800963651315915,-5.83768919539385,0.821679259384653,1.36314894729493,8.57665630214699,-1.11799281141134,0.202053804093549,1.36314894729493,7.54937136438349,-5.93782011958853,0.811321455350284,1.36314894729493,8.58668250412708,-1.11695567492075,0.202161088197963,1.36314894729493,7.61732168614872,3.005715387486,0.0781919241513331,-0.469829024156767,-7.22375810464426,-6.90007802395538,2.06768250845837,7.87593887108471,-3.88801511064877,0.505295835465223,-4.2847650838959,0.599899069152487,4.817159,0.11433338,-0.877,0.02713078,77.91274876711,-106.270254405383,1262.51668779575,0.553688783232702,0.522695796676375,7.91309339117851,0.174877411658596,-1.13486868204006,-906.999665069009,-907.350803280642,-921.390293473609,-921.944453480002,0.540463349069721,-949.671888049792,0.679329934908047,1863.55457326685,1879.94701929385,NA,2418.76312118612,0.45283459390094,1.08778645576239
"291",-5.86,0.79,-5.86,0.83,1.359326,9.604077,-1.1484446,0.2002995,35,35,-5.13589120739628,0.719472523366564,-4.80406269077087,0.671959244619517,1.52779729010712,8.8014869374759,-1.09382754822728,0.216672237671713,1.52779729010712,9.18422756340997,-4.96997694908358,0.69571588399304,1.52779729010712,8.82901447858736,-1.09776911342894,0.217236615586037,1.52779729010712,9.18887292140982,2.88622049254846,0.0778580403215766,-0.459467225204482,-6.80720132113562,-6.75844462428286,2.44587347693261,9.52336041978493,-3.19714237713444,0.460388762642253,-3.2691129470562,0.461673613661441,4.36485112,0.11983292,-0.823,0.02974278,49.5713124219079,-49.5873817149785,1273.18316868932,0.978335115277829,0.978955217992419,7.85234309830538,0.172229442942816,-1.10689999213395,-940.780894832905,-940.861739974682,-961.576315212252,-961.608237213114,0.03101701548035,-996.78436264951,0.0109907436872655,1931.11703279465,1960.31906277113,NA,2496.77895566366,0.447309307969086,1.1318388609146
"292",-5.86,0.79,-5.86,0.83,1.359326,9.604077,-1.1484446,0.2002995,35,35,-5.87285273253307,0.735564074928819,-5.6942112582906,0.749938703713473,1.45323591557049,9.16959493673093,-1.07027542607566,0.180334229053852,1.45323591557049,7.88921200109011,-5.78353199541183,0.742751389321146,1.45323591557049,9.17757313081082,-1.06963344985622,0.180385886542026,1.45323591557049,7.93158190967512,2.52865108327196,0.0597258007007056,-0.372042329557088,-7.44829354607228,-7.18401175325084,2.18385176077057,8.69699746584919,-4.44583310242037,0.564409583275464,-3.9936797450709,0.531436645650164,6.52039884,0.13568896,-0.881,0.02310915,105.81141330338,-162.067583477923,1311.8534884551,0.706290109055426,0.701335960983797,5.85362717193064,0.115963788700441,-0.781957635147173,-921.405920459905,-921.613873620946,-939.797790035744,-940.13064829159,0.324118018945607,-966.160545916028,0.392483146534373,1892.36708404865,1916.76201241812,NA,2461.63939343228,0.37296809222943,0.810450717410718
"293",-5.86,0.79,-5.86,0.83,1.359326,9.604077,-1.1484446,0.2002995,35,35,-6.68238928828215,0.89485318324732,-6.25222247733245,0.841929507791821,1.35899675317608,4.96581560297222,-0.476662520450814,0.0864695777438152,1.35899675317608,6.6316915359035,-6.4673058828073,0.868391345519571,1.35899675317608,5.01207647428288,-0.48235402262442,0.0871698065997449,1.35899675317608,6.64476642525534,2.40262175619167,0.0672938747767274,-0.387239542825989,-7.30882681367251,-7.19396556603707,1.66862391888504,9.69535726003372,-4.90572362444316,0.65499936410013,-4.81777438524916,0.652390103872671,4.08365998,0.08509133,-0.829,0.02611799,93.6904411610814,-137.825639193325,1291.15580200593,0.970567792882937,0.97330521354657,6.14847429420723,0.121640423926303,-0.836469966560147,-886.91964605575,-887.12535910955,-912.694500178628,-912.814324090746,0.116500053984384,-903.663047484422,0.0879711479820325,1823.39453524034,1862.55543270388,NA,2444.48596481853,0.393694162987935,0.79121650698185
"294",-5.86,0.79,-5.86,0.83,1.359326,9.604077,-1.1484446,0.2002995,35,35,-4.01606807833608,0.544574989977301,-4.98462144240435,0.667690280341325,1.53820625670439,12.8621189358924,-1.69503084335875,0.311382888886719,1.53820625670439,10.2581370444599,-4.50034476037022,0.606132635159313,1.53820625670439,13.0966428406544,-1.72484177552133,0.315172232567074,1.53820625670439,10.3114680809094,2.9418042963839,0.0745873597184173,-0.452641228781589,-6.72937243780664,-6.96443676040672,2.93181247593173,8.40043753492009,-2.685688125201,0.37636229794674,-3.4957056657653,0.471601734127778,6.69915299,0.15541272,-0.861,0.02670263,63.5328661516184,-77.5104891743993,1295.42715192751,0.550164277471167,0.475112217481296,7.44401250094228,0.16693926361208,-1.05489738132238,-954.610265548792,-955.122818884081,-970.257419922727,-970.588234704723,0.322123497364688,-1037.2334514171,0.238581157434039,1958.77577422642,1977.68127219208,NA,2513.34381468063,0.439703231362239,1.11009251421709
"295",-5.86,0.79,-5.86,0.83,1.359326,9.604077,-1.1484446,0.2002995,35,35,-6.33890029854195,0.905612578843112,-5.32515599661992,0.840731012018216,1.42697703798627,10.4749517914134,-1.18497829177148,0.198445596471739,1.42697703798627,9.57341861667876,-5.83202814758093,0.873171795430664,1.42697703798627,10.7318711688333,-1.20142162143861,0.199498000900152,1.42697703798627,9.8211866013153,2.69037286939465,0.0730539737680468,-0.432041249533241,-6.90123612917936,-6.27403941300915,2.06579475867148,11.2087949476095,-4.74501552324205,0.681783906721702,-3.61458407671663,0.573826664730794,4.54342579,0.09826524,-0.799,0.02648251,78.2321636336995,-106.909084138562,1296.52651792453,0.1888350903805,0.165748093642309,9.23143345280913,0.192094342517098,-1.28631708584435,-926.48604715432,-927.555142793212,-947.475674024797,-949.097067284542,1.59345085691662,-960.606542630121,1.85607081642432,1902.52733743748,1932.11778039622,NA,2486.1439517105,0.410315911568666,1.22264071503918
"296",-5.86,0.79,-5.86,0.83,1.359326,9.604077,-1.1484446,0.2002995,35,35,-6.76619014729244,0.961370684023238,-5.18182346085127,0.803804990398277,1.40268511452027,10.6063652855474,-1.29559053716377,0.220726064046023,1.40268511452027,8.89294377714734,-5.97400680407185,0.882587837210758,1.40268511452027,11.2339197348236,-1.35800099614012,0.226932800997902,1.40268511452027,9.19230535196649,3.47711332159522,0.0864415837585889,-0.533051056951817,-6.99633361578111,-6.35070255871238,2.11598305150258,9.59854699627412,-4.73927887748344,0.682497628726607,-3.90243756352538,0.61368870251227,5.23257212,0.11373085,-0.845,0.02779874,66.1718010646061,-82.7883590003749,1285.57552941183,0.334903069221321,0.303379379272472,8.91169994191421,0.187094067849376,-1.24799093724772,-921.890082249405,-923.740580183159,-938.612546970015,-940.699338328119,2.05768753429345,-961.537251874648,2.21185815871547,1893.33540762765,1914.39152628666,NA,2488.36269982329,0.499856241321531,1.1828988382692
"297",-5.86,0.79,-5.86,0.83,1.359326,9.604077,-1.1484446,0.2002995,35,35,-5.60535664111087,0.726382682224065,-5.42963883580382,0.798014138219784,1.53493360431206,8.27158066306323,-1.04029038130907,0.197902596210542,1.53493360431206,7.75998175455462,-5.51749773845735,0.762198410221924,1.53493360431206,8.2792998498387,-1.03714365074944,0.199185362582559,1.53493360431206,7.97433117958403,2.22983607245984,0.0644104930681658,-0.36341199335645,-7.23549781651773,-6.63301833244666,2.29272862781003,8.5251097252069,-3.70932960662009,0.478207286722651,-3.98484352979995,0.586581389442091,4.18870811,0.09734282,-0.849,0.03206571,44.3545260282041,-39.1538089275708,1270.67721291346,0.24631086963177,0.210813482135014,8.41840919046977,0.186285229027465,-1.18328248943626,-934.128122296697,-935.193056405145,-952.172794587618,-953.865015823514,1.6639031119467,-977.454430642665,1.97792056397079,1917.81148772223,1941.51202152186,NA,2502.20061689936,0.381173858142886,1.25243653811703
"298",-5.86,0.79,-5.86,0.83,1.359326,9.604077,-1.1484446,0.2002995,35,35,-5.60639523162428,0.776089687985314,-6.38703085406794,1.00601347636132,1.29894885175944,11.0376004802663,-1.31601637886005,0.212649327826884,1.29894885175944,9.28157925633369,-5.99671304284611,0.891051582173318,1.29894885175944,11.1899484740232,-1.36088805377342,0.225865564942178,1.29894885175944,9.60587211179611,3.23553423583506,0.078333295022853,-0.487240277966579,-6.9403949293782,-6.35120411801334,2.00340726984544,9.79700654302063,-3.82261652350325,0.541119581505056,-4.96294684991688,0.772513827456677,7.75437269,0.14452561,-0.9,0.02649085,72.9256179174803,-96.2959927061232,1275.20146999984,0.0729012472704166,0.0578830813378079,6.74554286523233,0.168014690730663,-1.01729472225776,-905.434236933186,-908.073524758273,-922.48571598419,-924.659492355227,2.14479834485151,-948.792388258165,1.90979293304326,1860.42371699521,1882.13786431501,NA,2454.10694729355,0.46506842692502,1.03865094221043
"299",-5.86,0.79,-5.86,0.83,1.359326,9.604077,-1.1484446,0.2002995,35,35,-5.36585184128456,0.737619918081693,-5.63731520866726,0.742900728586035,1.24995363162216,5.90667478323418,-0.533178605558741,0.0833062547282988,1.24995363162216,7.6221965134376,-5.50158352497591,0.740260323333864,1.24995363162216,5.92509787319187,-0.533536992209246,0.0833132264681946,1.24995363162216,7.66256815128521,2.41849156478647,0.0614369320505736,-0.370887784292348,-6.92904447330909,-7.16904613822128,1.69673948617345,10.093993693917,-3.59409500275346,0.491867297251928,-4.02800374901206,0.532166384157008,3.37715965,0.06863749,-0.789,0.02647404,87.5343875569675,-125.513531985098,1220.57183304124,0.736632717648163,0.725252970714863,6.76373013881004,0.126749129626198,-0.899873437653411,-872.101451936517,-872.288603929445,-900.744753742817,-901.071749203059,0.318395825165835,-909.037588865109,0.36414335469709,1793.75814700187,1838.65593983226,NA,2315.63013409738,0.368041901547681,0.83531464861351
"300",-5.86,0.79,-5.86,0.83,1.359326,9.604077,-1.1484446,0.2002995,35,35,-4.91064910506863,0.696704529706525,-5.61587382764824,0.680503053098359,1.15816216149222,13.438483144536,-1.75422215707028,0.27270175906553,1.15816216149222,8.78858713723269,-5.26326146635844,0.688603791402442,1.15816216149222,13.5628186218704,-1.75136573660869,0.272767381026601,1.15816216149222,9.27473195174187,3.12627556633422,0.0925486280224973,-0.521733406488233,-6.71760503336501,-7.51935396112301,2.25376257965241,6.39516828835421,-3.38131296168503,0.481972389986583,-3.91844027885806,0.468291542461884,7.3116717,0.15983987,-0.917,0.02358887,97.9360601883634,-146.316877247889,1235.55073242713,0.0810969685216295,0.0743197007599215,7.36608900034069,0.141088973237973,-0.980575114200312,-881.458068201903,-883.832576584836,-890.939509582488,-894.33244762223,3.37718272547046,-964.396085031081,4.58952258837044,1812.47137953264,1819.0454515116,NA,2324.78458760638,0.52362620520556,0.956039412418749
"301",-5.86,0.79,-5.86,0.83,1.359326,9.604077,-1.1484446,0.2002995,35,35,-5.93636594086231,0.764242294592531,-6.31016014488024,0.817713611835524,1.37655221629763,12.6972990814297,-1.59452042343555,0.241248398776849,1.37655221629763,7.30636535808796,-6.12326304287127,0.790977953214028,1.37655221629763,12.7322296081691,-1.59951724055221,0.241963194218774,1.37655221629763,7.31292008310831,2.35438334751932,0.0618510236181114,-0.365624129517434,-7.34094934270266,-7.3961752753496,2.22300173518862,6.73842346058641,-4.20966724399504,0.543535450569962,-4.47983076421522,0.589615373491686,7.13330556,0.14835964,-0.916,0.02390364,101.60168925758,-153.648135386323,1294.09985457253,0.921478369510542,0.900473440331051,8.49378345927905,0.157696351723082,-1.13050020352255,-910.366574090035,-910.448044417178,-921.769015326535,-921.824231993562,0.0536602090286542,-962.617122364146,0.0210979756174874,1870.28839130891,1880.7044629997,NA,2434.55157375873,0.373376445580124,1.02385705397259
"302",-5.86,0.79,-5.86,0.83,1.359326,9.604077,-1.1484446,0.2002995,35,35,-5.61095960541796,0.712408869884226,-5.68273102810958,0.795896962162714,1.31491443216726,8.29760240392921,-1.1762826262632,0.232791395215412,1.31491443216726,8.34664068437544,-5.64684531676377,0.75415291602347,1.31491443216726,8.29889018820801,-1.17778064105336,0.234533960603488,1.31491443216726,8.47897309278139,3.314627030814,0.0876999086700367,-0.524716331872459,-7.32435313874478,-6.89872411183919,2.18898498642485,7.73751983137932,-4.06584979657342,0.525085795702376,-4.17224334268229,0.584178522428997,5.57459711,0.15729838,-0.88,0.02563331,83.2349135391731,-116.914583949509,1276.03462142958,0.658124380257382,0.626710765325174,6.50928667876834,0.13868888881354,-0.911302342549973,-903.944436670356,-904.595835733561,-918.805111090439,-919.789240614756,0.962763422225823,-963.08910464235,1.12714160405946,1857.44411646955,1874.77665452751,NA,2435.15465890965,0.497678652550832,0.897246849914365
"303",-5.86,0.79,-5.86,0.83,1.359326,9.604077,-1.1484446,0.2002995,35,35,-5.51480716182255,0.714272034619317,-5.73601806612524,0.854827925080849,1.55299940883313,8.33569913687895,-0.920691988678723,0.167474874863263,1.55299940883313,8.41768303351211,-5.62541261397389,0.784549979850083,1.55299940883313,8.34793270292454,-0.928465112587239,0.172413864449121,1.55299940883313,8.6598781472232,2.7476812384734,0.0789127156388372,-0.45077499900663,-7.21710044178848,-6.60091572234286,2.20144511858909,10.2293233037015,-4.15635147467656,0.54837890642966,-4.11939127883775,0.620166065347289,4.87962933,0.09001799,-0.795,0.02627958,80.9212012997156,-112.287159470594,1308.08682028873,0.29377730307868,0.261406505017195,7.2681302103282,0.163166052603109,-1.03818696020765,-937.228157834725,-938.696119891737,-960.107218039443,-961.884653708082,1.74876003723526,-973.261313203277,1.82771030672288,1924.01155879829,1957.38086842551,NA,2503.88648110686,0.451186703402613,1.05538488648659
"304",-5.86,0.79,-5.86,0.83,1.359326,9.604077,-1.1484446,0.2002995,35,35,-5.57383451516327,0.816463240766798,-6.44675013079195,0.917656632344284,1.33605139944853,10.2190000093013,-1.24062113474592,0.212317973578114,1.33605139944853,9.19978254394695,-6.01029232297761,0.867059936555541,1.33605139944853,10.4094954273034,-1.26270445767252,0.214877999202853,1.33605139944853,9.26457051502605,3.1857563517048,0.0893160413625678,-0.518018344808291,-6.66729903290182,-6.93733060730685,2.02514778515733,9.93449405690342,-4.13085308407203,0.607579917853416,-4.48146539160889,0.648209739875878,5.92379231,0.14174453,-0.868,0.02598384,78.0055720939873,-106.455901059137,1282.16218101119,0.884286989586757,0.838249921622928,7.27871097168858,0.144677230896341,-0.98874544375627,-911.470793289556,-911.993381830852,-928.826573348036,-929.26979997869,0.431929015584095,-951.879620903219,0.391850715670084,1872.49682970795,1894.8195790427,NA,2457.86846096324,0.506100517304235,0.953052783100434
"305",-5.86,0.79,-5.86,0.83,1.359326,9.604077,-1.1484446,0.2002995,35,35,-5.76798039112882,0.727540301291012,-6.14956126201427,0.912206712499097,1.37017573254318,7.65469923899918,-0.895401870154606,0.154192258649311,1.37017573254318,7.28057406688997,-5.95877082657154,0.819873506895054,1.37017573254318,7.6911002292556,-0.913018162657623,0.162717679506429,1.37017573254318,7.66566539779751,2.47743942326204,0.0672828215580274,-0.391726860834782,-7.39122477169168,-6.67261095069206,1.94848433578313,8.53566209285841,-3.80237137649731,0.478117479992777,-4.32392291525697,0.645620526808586,3.62855719,0.08919114,-0.839,0.02653822,86.6602101467199,-123.765177164602,1254.91305694609,0.0579771953324707,0.0491179003607108,8.41006484039259,0.175098432102079,-1.15952544432525,-902.11996222715,-904.912799099219,-920.413797980448,-923.595746954285,3.16236655697804,-937.633927517278,3.30742740825002,1853.79516758314,1877.99402830752,NA,2386.06093672758,0.401255611311033,1.16224817807771
"306",-5.86,0.79,-5.86,0.83,1.359326,9.604077,-1.1484446,0.2002995,35,35,-6.0524045729985,0.833084659536458,-5.67894992302172,0.827516760077923,1.24306348540992,8.46155527037757,-0.941473328046156,0.160525766657842,1.24306348540992,9.42945575790209,-5.86567724801011,0.830300709807191,1.24306348540992,8.4964223642749,-0.941993167532005,0.160533517033937,1.24306348540992,9.51101803018363,2.75818643682123,0.0742847681019613,-0.442037604622319,-7.04684297882884,-6.70656043302171,1.80409107342852,11.1013090079961,-4.56330611774772,0.626923760299413,-4.22862389800557,0.615465983405058,5.97574029,0.10723072,-0.858,0.02418314,96.2705545662511,-142.985866003665,1265.17438041886,0.712889056418327,0.690298696462262,5.98363236047487,0.132301985325574,-0.852592410829159,-890.623019264022,-890.948326921066,-912.71109433865,-913.256391258806,0.531785612201537,-927.109799902788,0.631154233354859,1830.80128165688,1862.58862102393,NA,2387.36289483406,0.414355728356447,0.844700313349154
"307",-5.86,0.79,-5.86,0.83,1.359326,9.604077,-1.1484446,0.2002995,35,35,-5.51900258224998,0.811431215737974,-6.4886529364365,0.850857942506518,1.18293579341942,9.65409483085212,-1.13321901078468,0.211056723960147,1.18293579341942,12.3636751283154,-6.00382775934324,0.831144579122246,1.18293579341942,9.88915028319563,-1.14277654567856,0.211445340656067,1.18293579341942,12.7659267886283,3.45628075765011,0.0892858437749947,-0.539993274173604,-6.64244660297408,-7.37720272152033,1.89397895936267,13.0874732202428,-4.00411724381814,0.590992147341901,-4.87069572347464,0.637696300007374,5.62019426,0.12712642,-0.833,0.02211942,111.70473429505,-173.854225461263,1325.29131159358,0.205128635021689,0.17749133104591,7.41528203149807,0.149118229397424,-0.993422502202619,-894.979432649984,-896.321155142686,-917.917527044091,-919.993464610781,2.04682564029989,-944.341462486759,2.40782617033036,1839.51410842881,1873.00148643481,NA,2476.7283977259,0.511758740009452,1.05104777784363
"308",-5.86,0.79,-5.86,0.83,1.359326,9.604077,-1.1484446,0.2002995,35,35,-6.8443691210639,0.923648032312741,-6.73169265233058,0.885500901271665,1.3240815216606,9.51521121873061,-0.955443107181002,0.152497523099707,1.3240815216606,10.3905096866993,-6.78803088669724,0.904574466792203,1.3240815216606,9.51838521538215,-0.956517678185504,0.152861324001373,1.3240815216606,10.4016301612034,2.56424493371077,0.0695376742454563,-0.402004283593833,-7.29925438696019,-7.41384865364363,1.80402394827606,13.4834867995038,-4.75079235723919,0.642995985699499,-4.42730517886309,0.579863219505215,3.98952042,0.07178059,-0.758,0.02535153,95.7082090715535,-141.86117501427,1389.46703681881,0.801086138816585,0.796406476249662,10.9649898588102,0.210035418085522,-1.47743521764596,-907.349150477909,-907.440387024849,-934.350679853515,-934.418987022763,0.0663879217941008,-933.39002751593,0.0598077293899635,1864.25354408466,1905.86779205366,NA,2637.07289862335,0.426780784449668,1.35585037007237
"309",-5.86,0.79,-5.86,0.83,1.359326,9.604077,-1.1484446,0.2002995,35,35,-4.80234984723649,0.633510885277587,-6.38055597479589,0.836922857433163,1.35899197489413,9.06386764402814,-1.12332940122227,0.194494742002987,1.35899197489413,7.92302640586666,-5.59145291101619,0.735216871355375,1.35899197489413,9.68655128929464,-1.20358590644099,0.204838849607043,1.35899197489413,8.07709518494481,3.06276741524886,0.0754436439775862,-0.463773601631733,-6.98579715643294,-7.35212739076742,2.17372200145188,7.94120048546503,-3.61824068187582,0.487512460849119,-4.46330160651596,0.592655057272543,5.24853282,0.12392281,-0.861,0.02594257,83.3109859185491,-117.066728708261,1274.10802758992,0.504133818919739,0.496410542740792,7.45916822960473,0.142850407860729,-1.00188152563842,-907.775396823806,-909.55312235604,-923.63643467462,-924.834768570841,1.17411699806541,-962.181348508204,0.821660964108685,1865.10603677645,1884.43930169587,NA,2431.14932647158,0.451084221469753,0.933918837989925
"310",-5.86,0.79,-5.86,0.83,1.359326,9.604077,-1.1484446,0.2002995,35,35,-5.91959045921073,0.817692118671293,-5.3497564371179,0.764421887406609,1.37840765958236,11.548021114906,-1.41806729979431,0.220798769782204,1.37840765958236,7.74203468749317,-5.63467344816431,0.791057003038951,1.37840765958236,11.6291988180896,-1.42565609732915,0.221508199166952,1.37840765958236,7.78707017700508,3.21449128758704,0.087786915457712,-0.517162921347075,-7.0057336403908,-6.75326987144517,2.16414693716888,7.68524012491719,-4.12228398993892,0.576157187830582,-3.70880916514027,0.53117454572092,4.18743461,0.07598527,-0.849,0.02954535,63.9317789461655,-78.3083147634937,1229.32829653661,0.810023427016292,0.784045779421176,10.0879083814964,0.21399830588959,-1.43346041254617,-912.053614382561,-912.316879180206,-925.677484729326,-926.037171230883,0.3503089836959,-960.083191488378,0.403530633939086,1873.66247189396,1888.52140180528,NA,2380.34827830973,0.494582959656069,1.29530828091105
"311",-5.86,0.79,-5.86,0.83,1.359326,9.604077,-1.1484446,0.2002995,35,35,-6.74840766660385,0.887202153748815,-6.13036534765335,0.922413829704147,1.23734634827309,6.86171602211651,-0.724090344295065,0.132265974673832,1.23734634827309,9.23410335912382,-6.4393865071286,0.904807991726481,1.23734634827309,6.95721009911994,-0.718649767829673,0.132575940204728,1.23734634827309,9.72094119366703,1.76786150916879,0.0554376228517985,-0.29054054923301,-7.42042804589083,-6.59260367331727,1.65704712697674,12.1181106526511,-4.93536321857005,0.648833326433939,-4.67393317482476,0.725724376316957,2.86958581,0.06901969,-0.722,0.02170135,130.094596593684,-210.633950058531,1293.0386551889,0.0584181973524944,0.0554275468789841,8.16776807030544,0.164615932660554,-1.09960665337006,-884.811624922229,-886.704866726372,-910.258089925623,-913.511223711013,3.23477021750276,-909.103772050985,3.75160605971506,1819.1784929733,1857.68261219787,NA,2375.44336031927,0.362436425623363,1.14310058358405
"312",-5.86,0.79,-5.86,0.83,1.359326,9.604077,-1.1484446,0.2002995,35,35,-5.79399183495038,0.797916587507102,-5.89987640156239,0.902507016341205,1.36206464196046,7.43322234581967,-0.915896883034167,0.187267129884785,1.36206464196046,9.35985584298338,-5.84693411825639,0.850211801924153,1.36206464196046,7.43602523118132,-0.918665511091383,0.190001919335711,1.36206464196046,9.54957122038381,2.46784964407893,0.0670063919210586,-0.387128642413656,-6.9979525134962,-6.48071436996034,1.9915631706191,10.8148685328841,-4.45784544023954,0.62147473432573,-4.03505523802462,0.61914146617262,4.01014445,0.12226105,-0.808,0.02512192,87.9730149111176,-126.390786693398,1278.89288484251,0.430083237667887,0.394640660841434,7.2379322819104,0.155859479085049,-1.01503666301195,-912.384872172114,-913.259613092402,-934.640972384188,-935.911255000162,1.24525339529384,-950.492800288566,1.35302265990457,1874.32498747306,1906.448377115,NA,2431.39498299161,0.411153506699816,1.0172745666069
"313",-5.86,0.79,-5.86,0.83,1.359326,9.604077,-1.1484446,0.2002995,35,35,-5.3455685209455,0.737365303939715,-5.53126077864072,0.740302423903,1.23777469084438,11.4906470661825,-1.37205534947119,0.23425801092741,1.23777469084438,11.4572300512196,-5.43841464979311,0.738833863921358,1.23777469084438,11.4992674698245,-1.37219169958046,0.23426016759583,1.23777469084438,11.4772434996313,3.06943078108514,0.0795434465190143,-0.478588011696467,-6.91027807814148,-7.07847173513344,2.13404903824863,10.9190264208007,-3.69021694101701,0.511763599129812,-3.53358658096808,0.476603364682641,4.68998689,0.10505048,-0.84,0.02578187,81.5176911020498,-113.480139075262,1274.48417445469,0.928645496038911,0.914421253750698,9.12735658964287,0.17855803322091,-1.21861540510231,-904.899352614571,-904.967874056733,-924.103178956318,-924.215548819416,0.109246958304775,-967.729818014892,0.132349105660062,1859.35394835798,1885.37279025926,NA,2435.48820983412,0.462133818463402,1.23033452151204
"314",-5.86,0.79,-5.86,0.83,1.359326,9.604077,-1.1484446,0.2002995,35,35,-5.10143595067048,0.658912407544361,-5.24675595021556,0.746008916887578,1.23651322734584,6.02022612268232,-0.822462348216446,0.167687060027874,1.23651322734584,7.3540135095246,-5.17409595044302,0.702460662215969,1.23651322734584,6.02550559824926,-0.82562656439098,0.169583510512817,1.23651322734584,7.46640573522477,2.49859970455144,0.0650091354602538,-0.389747533806569,-7.13354756334865,-6.75996909817429,2.00135537191707,7.21535092689202,-4.01605371854675,0.523478582311573,-3.91390308123597,0.554904930981502,2.92392827,0.07372039,-0.768,0.02320051,115.111912756958,-180.668582385079,1198.31953768283,0.591232622740938,0.580559478457219,5.9104864473308,0.138551526430248,-0.876496201329788,-878.786822868946,-879.436709966453,-895.884225900766,-896.819704710843,0.914850249990372,-938.977073727478,1.01009052580999,1807.12888886673,1828.93488414816,NA,2215.97049298058,0.379673792914205,0.828934941073031
"315",-5.86,0.79,-5.86,0.83,1.359326,9.604077,-1.1484446,0.2002995,35,35,-5.68493626291774,0.795763630233602,-4.68525977717986,0.669117354225346,1.3549726939049,9.82136232365193,-1.03321474282629,0.172785437768694,1.3549726939049,10.543943249887,-5.1850980200488,0.732440492229474,1.3549726939049,10.0712005926862,-1.06486606885922,0.176795257575384,1.3549726939049,10.6090606339745,2.34738396411538,0.0592734924699418,-0.360413457969144,-6.90172370377873,-6.65657295826487,2.09098338963329,11.8439525207275,-4.26110098648321,0.600230071532596,-3.48280139457563,0.501097860981003,6.65705044,0.13335033,-0.845,0.02338648,94.4984315153879,-139.441619901938,1284.76452793866,0.610035059566983,0.570508127341701,5.3302087402577,0.105961517691188,-0.71292460336416,-915.6788373243,-916.370506195786,-940.937563650692,-941.331312032339,0.383576220196453,-965.350885841232,0.266295681532376,1880.91291777744,1919.04155964801,NA,2430.08743597537,0.349915427386411,0.740437276806523
"316",-5.86,0.79,-5.86,0.83,1.359326,9.604077,-1.1484446,0.2002995,35,35,-6.05917232831684,0.793401705747208,-6.47294869659677,0.864037179818988,1.35649155186814,6.31952297642392,-0.637253929132662,0.113387044923603,1.35649155186814,7.84108732647184,-6.2660605124568,0.828719442783098,1.35649155186814,6.36232569716065,-0.64456075161595,0.114634387472939,1.35649155186814,7.84929371896626,3.47511746122865,0.0931873610182598,-0.552660353693022,-7.290031504073,-7.28297999616168,1.78310832613849,10.5603155209767,-4.09480284104836,0.527145648884856,-5.25021551231109,0.702822562025387,2.7613854,0.05745146,-0.686,0.02386351,114.658523855736,-179.761804582635,1308.71267060854,0.167802822217623,0.131733665806621,8.2199841439938,0.16066665496616,-1.1230241324637,-897.000639794267,-897.230196931693,-922.539470333522,-922.604414951091,0.0631183325098321,-922.642849312929,0.000287053958883787,1843.55652271737,1882.24537301367,NA,2437.66353663445,0.531846773526033,1.00873860221707
"317",-5.86,0.79,-5.86,0.83,1.359326,9.604077,-1.1484446,0.2002995,35,35,-6.18783689169639,0.718362910953546,-4.95687005526478,0.703095888642405,1.41232982380719,6.66394347030568,-0.691458538823102,0.119024748301892,1.41232982380719,7.31541435499502,-5.57235347348059,0.710729399797975,1.41232982380719,7.04276330840429,-0.696156838362122,0.119083018794454,1.41232982380719,8.12095401722288,2.71371639049026,0.0751390333271032,-0.435942421292469,-7.86575778905829,-6.72574792091195,2.01315068086322,8.91466640256252,-4.0463079377734,0.476254619503681,-3.54972733363152,0.507145958097811,3.8096848,0.09001006,-0.824,0.02875159,70.0405379040857,-90.525832679334,1294.30359928971,0.0651090298362296,0.0574438012267829,7.90331794496958,0.132061029335547,-0.958068943093629,-904.588302148846,-908.384856840508,-928.131618349279,-934.604060698611,6.58736831299214,-946.997154764572,7.74836006901551,1858.73184742653,1893.42966904519,NA,2498.08136590008,0.436342816997587,1.07607873887728
"318",-5.86,0.79,-5.86,0.83,1.359326,9.604077,-1.1484446,0.2002995,35,35,-7.05180819492939,0.981033069697073,-6.02310309496649,0.873584955192654,1.35049706953632,11.2952029707586,-1.48231553711602,0.246080155866678,1.35049706953632,7.75483289374744,-6.53745564494794,0.927309012444864,1.35049706953632,11.559761516431,-1.50994864295905,0.248966430194317,1.35049706953632,7.87165089254479,2.76709014372336,0.0695219183242437,-0.425243430396903,-7.16480825760522,-6.77625121953115,2.10389307104754,7.51808502597219,-4.97085798985943,0.688490341038714,-3.96954511144912,0.577091107470436,6.0109006,0.1409669,-0.898,0.026871,76.836200481832,-104.117157834827,1286.82225943487,0.339250849602657,0.288401953792326,10.4704592217028,0.213733347466215,-1.46317312850186,-909.933987031702,-910.740192504528,-920.768110235455,-921.695961727599,0.907341580887668,-952.485006238629,1.00251501766574,1869.42321719224,1878.70265281754,NA,2469.52736103492,0.405451452578304,1.30495372495088
"319",-5.86,0.79,-5.86,0.83,1.359326,9.604077,-1.1484446,0.2002995,35,35,-5.91522248148245,0.828836849735882,-5.76760065702202,0.849882008343012,1.28007349002474,8.91148787214506,-0.791977082282625,0.143450433580197,1.28007349002474,13.4818123057128,-5.84141156925223,0.839359429039447,1.28007349002474,8.91693592290933,-0.791200401105216,0.143561158255397,1.28007349002474,13.5335271607951,2.82650065286768,0.0686311879172282,-0.418147668421034,-6.93496823889968,-6.66196480530972,1.78194124552537,17.6566513719669,-4.20832951237078,0.583698849849343,-3.91640057838536,0.580702861931359,4.98456556,0.10047481,-0.758,0.02236034,107.696741413391,-165.838239697945,1345.21873080063,0.759462276070351,0.732504572334104,8.1009015296129,0.161264252956784,-1.08882887527827,-907.99752336391,-908.146922708953,-942.87721409498,-943.126740294265,0.242829424340169,-939.23429919333,0.266781741619507,1865.55028985666,1922.92086053659,NA,2524.59922190331,0.437932452199049,1.10866125627265
"320",-5.86,0.79,-5.86,0.83,1.359326,9.604077,-1.1484446,0.2002995,35,35,-5.31852347552039,0.745100452304643,-7.11374085429454,1.03235603611411,1.02715388101872,9.78333883591559,-1.07238187648566,0.159700972816079,1.02715388101872,10.4934836404229,-6.21613216490746,0.888728244209378,1.02715388101872,10.5890401951788,-1.20130343053683,0.180329915423509,1.02715388101872,10.6780045196771,2.91476964648024,0.0798044482175448,-0.469180448632143,-6.83714902038103,-6.92097196389208,1.59819696135209,11.3543213023423,-3.75989647796571,0.531301617689317,-5.10360325713426,0.747235095015868,3.84079879,0.08325267,-0.82,0.02388662,105.171482608385,-160.787722087932,1234.63394622998,0.0850104044410558,0.0703682135582247,9.81139394284937,0.194666731659632,-1.35595233464038,-850.857232317161,-854.045788859723,-872.768477726583,-873.883359472276,1.09169858172155,-898.144731133963,0.0423470911347941,1751.26970776316,1782.70338779979,NA,2308.48017037202,0.450784423501769,1.19110255745852
"321",-5.86,0.79,-5.86,0.83,1.359326,9.604077,-1.1484446,0.2002995,35,35,-6.18373040530045,0.90487067173334,-5.65302460908371,0.860561407670781,1.22717418069446,9.37890593325048,-1.23080273132756,0.243414804736212,1.22717418069446,11.3269680692153,-5.91837750719208,0.882716039702061,1.22717418069446,9.44931809378499,-1.23668152714359,0.243905632456653,1.22717418069446,11.3812485685957,2.44301793451123,0.059857863146488,-0.365888027036584,-6.75048632651473,-6.48376365968273,1.99067693233288,11.4077252239581,-4.16926886967672,0.613939317448416,-4.07947402533135,0.619976763562633,4.7025695,0.1472185,-0.83,0.0250156,83.9772272632976,-118.399211397758,1293.99851285317,0.929259411000663,0.923070898372475,7.93024226686383,0.171998045328376,-1.13026695969471,-901.793893723784,-902.077740769713,-921.260095939496,-921.567656871548,0.29943080383928,-952.097369323889,0.342747156002657,1853.14303057641,1879.68662422562,NA,2469.59781430859,0.370077411183079,1.0652172640127
"322",-5.86,0.79,-5.86,0.83,1.359326,9.604077,-1.1484446,0.2002995,35,35,-5.69391288319342,0.822835794232087,-5.06767329893893,0.758377887364991,1.364104783506,8.15387204814839,-0.903521915645643,0.136324773245198,1.364104783506,6.60183402689487,-5.38079309106617,0.790606840798539,1.364104783506,8.25191605237019,-0.913613438845233,0.13736347868462,1.364104783506,6.64623584356602,2.95481532289272,0.074042075699365,-0.452652730242166,-6.74941137641025,-6.5071953215094,1.90106406067905,7.91687064048034,-4.05495615899493,0.580065032556604,-3.83741348120649,0.585852866913277,4.27354427,0.08101766,-0.844,0.02611842,86.0354457705076,-122.515648412178,1181.75732992255,0.665713417048336,0.659100563709701,5.9147466889693,0.125938592722527,-0.839039657255236,-894.722113612151,-895.060223953595,-913.339251315443,-913.74692730048,0.397183564249938,-929.249329900192,0.411854291837527,1838.99947035314,1863.84493497751,NA,2240.99901143292,0.435309364029451,0.772303642088878
"323",-5.86,0.79,-5.86,0.83,1.359326,9.604077,-1.1484446,0.2002995,35,35,-5.15532301569902,0.670666822233622,-5.24546953227808,0.701501501076877,1.54598328428044,11.1772793784374,-1.23428215843338,0.193969566862329,1.54598328428044,8.71106690372741,-5.20039627398855,0.686084161655249,1.54598328428044,11.1793109770503,-1.23497706815527,0.194207261217171,1.54598328428044,8.71738783771919,2.82571763690049,0.0759861275890086,-0.445701929161438,-7.11740486734627,-7.02384634646129,2.41346268009673,9.37168793906135,-2.93987450271201,0.373058345175917,-3.24899739181209,0.437822870113631,4.14479616,0.10587613,-0.805,0.03183807,39.5831175522638,-29.6109919756903,1305.66940505955,0.819177971895547,0.794196606676841,10.7935425236487,0.199365782358601,-1.42961241564838,-940.301730170336,-940.357012672033,-961.145245762903,-961.190793944775,0.0442612038102104,-993.007989272447,0.0416124826266241,1930.15870346951,1959.45692387243,NA,2581.72781814341,0.449823787939797,1.31125608976683
"324",-5.86,0.79,-5.86,0.83,1.359326,9.604077,-1.1484446,0.2002995,35,35,-5.86457027389074,0.709451069213993,-6.40452385809113,0.896594434746444,1.20759072736886,7.03429570448399,-0.776264479480457,0.144118669989079,1.20759072736886,9.46659769015239,-6.13454706599093,0.803022751980218,1.20759072736886,7.1071831727567,-0.801526662225099,0.152874329804782,1.20759072736886,9.77061580813078,2.53892395013113,0.0653029544394337,-0.394702762719315,-7.59558561822127,-7.02058745763303,1.77556110367814,11.1138175245324,-4.42841354442522,0.555336727945934,-5.36746612572072,0.761181023689542,5.76893206,0.11471393,-0.847,0.02340005,106.513359644463,-163.471476160089,1319.79982098471,0.102466563482021,0.068205383008531,5.06782868633385,0.11677140353957,-0.715222831758515,-881.76637194502,-883.872991017291,-905.866786121637,-907.871071868146,1.97516257283696,-923.240556846135,1.82920854786697,1813.08798701888,1848.9000045899,NA,2476.12816580934,0.378875426621243,0.816475850357466
"325",-5.86,0.79,-5.86,0.83,1.359326,9.604077,-1.1484446,0.2002995,35,35,-6.66663156306122,0.908807946631127,-5.19385965750463,0.715945143910473,1.17701867496864,8.81856293255598,-0.895603605522519,0.165497099605039,1.17701867496864,13.2076811023919,-5.93024561028292,0.8123765452708,1.17701867496864,9.36082720400517,-0.966614334890991,0.174796114773356,1.17701867496864,13.3558302045854,2.89132202230771,0.0755031844873422,-0.453178729988674,-7.20993021928236,-6.88618498526403,1.79928773072449,15.2986620350627,-5.11538788307381,0.702498798748925,-4.08820085365013,0.568637026732668,5.7233989,0.10275039,-0.778,0.02132111,119.448200568023,-189.341158007208,1350.60973118817,0.415227029415108,0.378980506909525,6.62264960483536,0.140675942692046,-0.925161085772414,-891.30298791739,-893.001105786904,-920.975923355068,-921.702061681458,0.709062856672796,-936.878552947063,0.42530565362724,1832.16121896362,1879.11827905676,NA,2511.87830436913,0.435485897866593,0.913713292632531
"326",-5.86,0.79,-5.86,0.83,1.359326,9.604077,-1.1484446,0.2002995,35,35,-4.3900038011893,0.640872637078255,-5.85689232040489,0.8125811299149,1.37955143432086,9.40943459556395,-1.08246364720151,0.173707725173421,1.37955143432086,7.91119351608875,-5.1234480607971,0.726726883496577,1.37955143432086,9.94737507751557,-1.14543295139998,0.181078676801479,1.37955143432086,8.0836672376114,2.51025693021379,0.067438361407978,-0.395757815289306,-6.5295916981565,-6.97348545002595,2.13741139443841,8.41276862191603,-3.0799854925799,0.454099402054519,-4.53442287473564,0.632378054143679,6.79682687,0.13579669,-0.896,0.02597468,75.8413075711304,-102.127372013423,1217.66349437841,0.164679873798235,0.138126141117599,5.6486474851108,0.114404686258886,-0.769395251367534,-908.928485744332,-910.43888966612,-927.222261906079,-928.564148391504,1.31612146480329,-959.853120553603,1.16546576792606,1867.4122146175,1891.61095615879,NA,2333.1996167434,0.39928541588996,0.765513290173059
"327",-5.86,0.79,-5.86,0.83,1.359326,9.604077,-1.1484446,0.2002995,35,35,-5.01073925335019,0.688349058958445,-5.72146724671007,0.809355940150029,1.35812624978954,10.4654686281699,-1.51761800741574,0.288736165883545,1.35812624978954,8.67000292420494,-5.36610325003013,0.748852499554237,1.35812624978954,10.5917521983062,-1.53911875187874,0.292396832207473,1.35812624978954,8.69403083775757,3.06782482842542,0.0833327119001028,-0.487958836343689,-6.86747491422004,-6.85727522236847,2.41146224102214,7.20022677492994,-3.41042109478643,0.460256059073872,-4.04024173405734,0.5718220950286,5.56965364,0.16389775,-0.887,0.02730416,67.1803543363148,-84.8054655437923,1252.80894057123,0.651427782730339,0.612492930721277,7.6261786025613,0.170757415231717,-1.10418191009878,-917.348987271495,-917.708497466071,-929.107852204463,-929.28157167145,0.168965628489029,-984.582703716567,0.000626058238567311,1884.25321767183,1895.38213675555,NA,2420.81241559867,0.486187682741591,1.04387939007281
"328",-5.86,0.79,-5.86,0.83,1.359326,9.604077,-1.1484446,0.2002995,35,35,-4.77736169130078,0.672272072871126,-5.68871321975347,0.835535492311424,1.31897291095475,10.4845030100955,-1.15575138666725,0.194877225471505,1.31897291095475,10.94665170747,-5.23303745552713,0.753903782591275,1.31897291095475,10.6921434121988,-1.19294897837909,0.20154096150334,1.31897291095475,10.9940592044349,2.61899927027534,0.0699935104709963,-0.415620306363568,-6.72987987504019,-6.66855019811211,2.09564162519841,11.7554635769867,-3.31078180012179,0.46443894335108,-3.89534594704564,0.576349901646498,6.66706116,0.14083291,-0.85,0.02563276,74.0089210374878,-98.4625989461382,1284.48495811614,0.605387636670053,0.565921138169596,6.51668386912117,0.138568919927713,-0.910761188673787,-913.514737903271,-914.378556815502,-936.740521889972,-937.017750844225,0.269842117486041,-965.654114634835,0.0167446105903312,1876.58471893538,1910.64747612657,NA,2470.50731728615,0.400441139769164,0.899846915839084
"329",-5.86,0.79,-5.86,0.83,1.359326,9.604077,-1.1484446,0.2002995,35,35,-5.2680880891422,0.77801777160306,-5.56939674553604,0.751003980860145,1.35122575306231,8.15705047742304,-0.95258965296086,0.167928965917538,1.35122575306231,8.27217012944917,-5.41874241733912,0.764510876231602,1.35122575306231,8.17974720402751,-0.950554780712649,0.168111402140114,1.35122575306231,8.41173772604127,3.06990917817372,0.0778508886342386,-0.473165776086104,-6.59060076363144,-7.05285059491799,2.01369913717975,9.2898772815291,-3.70958577558614,0.54646648618617,-3.93874707046634,0.53568744306352,4.6688819,0.09515457,-0.826,0.0255569,84.5582200964556,-119.561197064074,1240.42109758233,0.634201514029042,0.626406421247393,6.67160510594971,0.145691412877348,-0.950324313227013,-905.28573793271,-905.925212366297,-924.919078796408,-925.964889293861,1.02355720783423,-948.363985472274,1.22714449852831,1860.12671899426,1887.00458993944,NA,2361.28099810058,0.456006896469866,0.914006924594941
"330",-5.86,0.79,-5.86,0.83,1.359326,9.604077,-1.1484446,0.2002995,35,35,-5.60574061427337,0.743484388243895,-5.58474626501922,0.765640596179871,1.30331584017082,6.14733853680817,-0.800192457249873,0.174206711013489,1.30331584017082,8.69695452521628,-5.5952434396463,0.754562492211883,1.30331584017082,6.14744872748333,-0.800076168457985,0.174329435401015,1.30331584017082,8.71350660653659,2.36940540951835,0.0685675702437189,-0.388052047870108,-7.13399425061936,-6.98099894784044,1.99839181276571,9.44630590380972,-4.32876796591816,0.579519179028647,-3.63554289387614,0.489625947623245,2.70045492,0.08840576,-0.772,0.02270009,118.544180302516,-187.533117476195,1261.35103394428,0.485085803027174,0.397734733259532,7.36761481905462,0.15799946961303,-1.03845813058566,-897.064041008969,-897.136443769452,-919.210069678959,-919.329453341759,0.116071651862926,-947.022552810416,0.133431932248775,1843.68332514678,1875.58657170455,NA,2335.16895041237,0.399834079257249,1.00525582732164
"331",-5.86,0.79,-5.86,0.83,1.359326,9.604077,-1.1484446,0.2002995,35,35,-6.31855214151975,0.840978675445124,-4.55633957385559,0.709374756172842,1.31185056615776,11.7939332997575,-1.59284611923815,0.283339253960676,1.31185056615776,9.58098092662041,-5.43744585768767,0.775176715808983,1.31185056615776,12.5702815831658,-1.65082463936202,0.287669151852632,1.31185056615776,10.2484900132233,3.47272730694889,0.100630104760272,-0.58017860928074,-7.26596004329928,-6.28780957153779,2.31404982852787,8.25301072052777,-4.71716583097479,0.624404902264139,-3.31746336512185,0.530747674086608,7.1557291,0.18569228,-0.886,0.02303247,95.7922232375192,-142.029203346201,1278.44536115417,0.0221262161283083,0.0236881997323832,7.51123056327483,0.14217366375141,-0.983408495077596,-914.420798885075,-917.652613046125,-926.916453523176,-931.198756812865,4.28983080149034,-978.707890336267,5.31743912964427,1878.39684089899,1890.99933939298,NA,2414.86151896215,0.544736953574303,1.01057493019547
"332",-5.86,0.79,-5.86,0.83,1.359326,9.604077,-1.1484446,0.2002995,35,35,-5.55689007767575,0.719636781938843,-6.66026225356677,0.974410064353944,1.28030075668738,9.34827540972753,-0.92034511457327,0.154004381762797,1.28030075668738,11.5894131104843,-6.10857616562126,0.847023423146393,1.28030075668738,9.65263294936014,-0.99062255231758,0.170231738120938,1.28030075668738,11.8195072574952,3.02338266648231,0.0761435401482939,-0.464583457827802,-7.22722158134661,-6.81272046824312,1.85407665882778,14.2194842397743,-3.95292991997647,0.513253838974133,-5.1424794398078,0.753316305442446,6.03904833,0.08840224,-0.816,0.02433694,95.1307337734266,-140.706224418016,1344.63308323285,0.0390514956687074,0.0332345912312503,8.00777383777573,0.191452947510046,-1.18669018386578,-904.100674249876,-906.879028592952,-933.118096511971,-934.385921382227,1.2428221919031,-941.829826992812,0.724553972472068,1857.75659162859,1903.40262537057,NA,2548.55994204768,0.446078922549058,1.18555789219844
"333",-5.86,0.79,-5.86,0.83,1.359326,9.604077,-1.1484446,0.2002995,35,35,-5.4165425896984,0.741319153400444,-6.15744806801109,0.81195730922725,1.40990241181566,5.22090520453149,-0.737229275169183,0.177483408203722,1.40990241181566,7.91146071677225,-5.78699532885474,0.776638231313847,1.40990241181566,5.35814043647992,-0.75031332432668,0.178730845468375,1.40990241181566,7.982900944275,3.29898631588503,0.091071476854883,-0.535395568614996,-6.95769613494425,-7.2777577598632,2.08735418992993,8.85130344404513,-4.13098726592855,0.576547127089968,-4.30175596890328,0.561143746785536,3.08351445,0.06917029,-0.786,0.02735862,84.0053417821165,-118.455440435396,1279.00061169751,0.647104810348648,0.643026475032254,7.24970002408667,0.182959294471591,-1.09006469490344,-909.254233511885,-909.990656362746,-932.556073299406,-933.11500270846,0.545133466283956,-955.640858333523,0.592822022013233,1868.06371015261,1902.27857894544,NA,2439.54578295962,0.505481576537201,1.16657956669889
"334",-5.86,0.79,-5.86,0.83,1.359326,9.604077,-1.1484446,0.2002995,35,35,-6.06184306401575,0.840291393501599,-6.63566269837102,0.944232610023559,1.19544750704127,9.0078540793321,-1.03743386531649,0.185116417058616,1.19544750704127,10.7951486142259,-6.34875288119339,0.892262001762579,1.19544750704127,9.090171322525,-1.05234474303126,0.187817361181632,1.19544750704127,10.8167444318638,3.19358239881906,0.0864083919877752,-0.504555082794563,-7.01334561376698,-6.96791037693358,1.78638411639765,12.275021480435,-4.33442321747251,0.592277414704832,-4.78402443033946,0.689957511882913,4.31709329,0.09504637,-0.798,0.02284017,110.014312979777,-170.473382830717,1302.46912785399,0.588989899792132,0.536217030637177,8.50334934400142,0.180002631952236,-1.19692717064837,-889.696848005103,-890.070338314136,-911.75560969813,-911.883655988466,0.12450166143797,-927.93324262845,0.0103591106671718,1828.94893913904,1860.67765174289,NA,2434.46487287726,0.513650346082911,1.12897507493622
"335",-5.86,0.79,-5.86,0.83,1.359326,9.604077,-1.1484446,0.2002995,35,35,-6.19508392300004,0.815312567491795,-4.70977861367611,0.745419678600031,1.3888439844149,11.1939397289226,-1.29840900992359,0.199759565164716,1.3888439844149,8.36802924569035,-5.45243126833808,0.780366123045913,1.3888439844149,11.7454726943991,-1.32436207966233,0.200980819144125,1.3888439844149,9.09567628248703,3.27150260222534,0.0757319137770861,-0.481578891156725,-7.29540385435155,-6.22650229087497,2.12733343426232,8.90961122825625,-4.33441986636111,0.561731777361463,-3.96272490127899,0.620106377310831,6.68998347,0.09969508,-0.885,0.02744914,74.0529099251444,-98.5505767214514,1271.77293750396,0.0375757422363566,0.0353109170022868,7.51159612509572,0.167036418530284,-1.06491858261537,-914.87231031019,-918.072657754846,-932.366648772503,-937.602963295485,5.28179376947787,-960.495535601493,6.44956172663982,1879.29986374922,1901.89972989163,NA,2444.99529828648,0.457171429943309,1.09595890226716
"336",-5.86,0.79,-5.86,0.83,1.359326,9.604077,-1.1484446,0.2002995,35,35,-5.51026369316761,0.650816655410572,-5.90206187594429,0.881395797786943,1.32331022500903,10.3933426536925,-1.23178874578881,0.197061600813452,1.32331022500903,8.49308458652571,-5.70616278455595,0.766106226598757,1.32331022500903,10.4317191076993,-1.25437386803113,0.210353286038208,1.32331022500903,9.21991775723668,3.04163329986997,0.0725927646697647,-0.455255841776376,-7.59060770212264,-6.60867502154245,2.10873601962672,8.62551891432503,-4.01700937419288,0.489067337418384,-4.14722777215506,0.615822060893013,6.24655184,0.13280312,-0.895,0.02641089,79.857381527522,-110.159519926207,1280.01232491669,0.0364286930939401,0.0307289202861129,7.21070217357305,0.153075247977427,-0.980178702983764,-904.62014898434,-909.236483321061,-921.45273713805,-926.616983094551,5.20638525421948,-957.326241650694,5.6528052328894,1858.79554109752,1880.07190662273,NA,2449.86512990717,0.431161060874256,1.0964302397845
"337",-5.86,0.79,-5.86,0.83,1.359326,9.604077,-1.1484446,0.2002995,35,35,-5.18568471202871,0.657415120356897,-6.90168308099362,1.02787211798433,1.53149201193411,8.79392739824893,-1.16116047201545,0.209734163966912,1.53149201193411,6.70817169174352,-6.04368389651116,0.842643619170613,1.53149201193411,9.5300899988215,-1.32008637294053,0.244043760739695,1.53149201193411,7.04511177687947,3.16904246499363,0.0871743768978239,-0.507060827569988,-7.22671677431707,-6.73562821450575,2.32801562454037,6.88207906196042,-3.75658374528282,0.492202551505848,-5.01248973631507,0.751941479182323,5.62826076,0.12775529,-0.893,0.02744815,73.3654750064732,-97.1757068841089,1270.92510186445,0.0338673342860606,0.023999781198821,8.261409158305,0.202120251606413,-1.23685659624907,-929.461572251091,-933.736191548629,-942.66894870662,-945.663804172566,2.97242027104647,-974.569570247655,1.56401141360497,1908.47838763102,1922.50432975987,NA,2444.6744968448,0.508170256217648,1.2484349311366
"338",-5.86,0.79,-5.86,0.83,1.359326,9.604077,-1.1484446,0.2002995,35,35,-5.88328058536649,0.797078409530718,-6.38918522683206,0.853232365632426,1.34284426707791,9.70298946935505,-1.22734354718892,0.210429527984561,1.34284426707791,8.03345925855233,-6.13623290609927,0.825155387581572,1.34284426707791,9.76697434591915,-1.23444568394604,0.211217844681029,1.34284426707791,8.05781034802713,2.40505853113607,0.0641057561954529,-0.37516563579052,-7.09223491140045,-7.26358881336076,2.05931302923173,8.3122992263639,-4.06472554336051,0.56216277168644,-5.1342310703697,0.678972988497488,5.79694652,0.11200506,-0.868,0.02678543,80.6260288435052,-111.696814558173,1302.39569101773,0.350254984301728,0.357159822912307,7.42066976514979,0.15904135906478,-1.05373757846513,-907.131166590445,-907.326722210966,-921.568896010964,-921.757337986538,0.183304538925021,-950.357891432451,0.182203060813276,1863.81757630973,1880.30422436856,NA,2493.09456747728,0.389728295849203,0.981342589029286
"339",-5.86,0.79,-5.86,0.83,1.359326,9.604077,-1.1484446,0.2002995,35,35,-6.21489264086505,0.860209694514816,-6.7336079410667,1.0320150820971,1.38443449079478,5.21454397167634,-0.478632835125289,0.0939068749784719,1.38443449079478,7.79443640568647,-6.47425029096587,0.94611238830596,1.38443449079478,5.28181036234215,-0.500912355924291,0.101286147779047,1.38443449079478,8.00291082361379,2.74099798433617,0.0693983095444327,-0.418870991126495,-7.04772710743456,-6.54287036646896,1.6931708518098,11.5779485978063,-4.24696111720713,0.596134348746673,-5.08410929424775,0.772835181290863,3.32082481,0.05502198,-0.773,0.02744038,84.9239395002772,-120.292635871717,1283.3696292049,0.106359341581024,0.0866077504703793,7.12914373380821,0.17449874333587,-1.06321834411499,-897.8908199088,-899.861447572693,-927.164709773406,-928.804715621556,1.61195780663006,-912.915700793018,1.42420557436988,1845.33688294644,1891.49585189344,NA,2446.44662253807,0.419049077188606,1.09425407781131
"340",-5.86,0.79,-5.86,0.83,1.359326,9.604077,-1.1484446,0.2002995,35,35,-5.7333517483717,0.800441391204173,-5.33614471209853,0.809199466579269,1.37797617626556,4.51157015664818,-0.581035583474023,0.11570198095026,1.37797617626556,5.05178612430515,-5.53474823023511,0.804820428891721,1.37797617626556,4.55101351406441,-0.580165891183223,0.115721156921329,1.37797617626556,5.18014413926964,1.76394152141375,0.0488399527667652,-0.276924753574289,-6.92227029983335,-6.47288491680089,1.83376512310571,6.22195332567093,-4.20412949094399,0.589836141456295,-3.677109746685,0.56018102409999,1.81459902,0.04319617,-0.737,0.0313537,65.044397617626,-80.5335521064147,1156.09896738826,0.332111240623699,0.289851121944715,7.21547680029137,0.168416906161754,-1.07092965779216,-883.860143746357,-884.795007575685,-899.855514697901,-901.324684433106,1.44227585679724,-913.040240267251,1.81462320386304,1817.27553062155,1836.87746174243,NA,2231.66438267012,0.308075425776781,0.996976923287204
"341",-5.86,0.79,-5.86,0.83,1.359326,9.604077,-1.1484446,0.2002995,35,35,-5.94052889303748,0.832497145249463,-6.29380544712237,0.880753095301425,1.30614139519187,10.3829430194889,-0.989326454087152,0.152127915856338,1.30614139519187,11.7388999853865,-6.11716717007993,0.856625120275444,1.30614139519187,10.4141441004055,-0.993588378024267,0.152710075035192,1.30614139519187,11.7457608912824,2.67634969638764,0.0681326570021571,-0.410531739938126,-6.93846755695878,-7.00424764781725,1.81956529295191,15.084474140867,-4.08297526720421,0.573843174867618,-4.87532717696696,0.691324872030125,4.64450474,0.06227542,-0.773,0.02713896,77.7912045555383,-106.027165982239,1329.26097366329,0.480204810113361,0.411651906810143,8.92457441380658,0.185343523962534,-1.22741525218931,-908.552915757091,-908.647969931937,-938.840038738302,-938.877729129917,0.0366233820389645,-939.161205158283,0.0175938703879516,1866.66107464302,1914.84650982323,NA,2552.49478134434,0.409210395537852,1.23750907746365
"342",-5.86,0.79,-5.86,0.83,1.359326,9.604077,-1.1484446,0.2002995,35,35,-5.45445305825157,0.708659779289268,-6.12215229450012,0.907140263665505,1.33880723567391,11.1670613643132,-1.41167894748457,0.260280940058003,1.33880723567391,11.0999158589826,-5.78830267637585,0.807900021477387,1.33880723567391,11.278516931835,-1.44481026444163,0.270129565727559,1.33880723567391,11.3385152963954,1.76559772228363,0.0580375692621359,-0.303560257841857,-7.19018270319168,-6.67538657428443,2.24860579511129,10.7550654932558,-3.71197439551823,0.482050279949623,-4.77501866906533,0.723040972892936,6.00086543,0.1519959,-0.844,0.02518314,82.2533374086219,-114.951431688406,1334.93726024548,0.0918227235722418,0.0832346721356033,8.2424168685832,0.186310242126613,-1.18077577268299,-922.929253368239,-924.366822188837,-941.289654444138,-942.656558172939,1.34089872468188,-980.055872639791,1.19310626902449,1895.41374986532,1919.7457412349,NA,2554.92308880256,0.353526912473666,1.20406534006961
"343",-5.86,0.79,-5.86,0.83,1.359326,9.604077,-1.1484446,0.2002995,35,35,-5.61810845720117,0.758069158800607,-5.22035134957425,0.74875249920484,1.35136725781836,11.3866102095294,-1.17148954087477,0.19175079120592,1.35136725781836,12.2270028191436,-5.41922990338771,0.753410829002724,1.35136725781836,11.4261628886963,-1.17241598276815,0.191772491242426,1.35136725781836,12.3029900087868,3.21224018796573,0.0772510288542361,-0.478461926354383,-7.05946980466862,-6.71721894404301,2.09980967195039,13.7577798005165,-3.95980519546762,0.522358605771849,-3.68469245917373,0.53460896338284,6.00752844,0.12073789,-0.814,0.02418943,90.2379057899985,-130.92056845116,1334.66263037495,0.624877309476908,0.611484615635839,7.55850110520601,0.147161463375136,-1.00509503795879,-922.739638420863,-922.972021907751,-949.811741400406,-950.212730413478,0.390650018480653,-971.244288357922,0.449816209330105,1895.03451997056,1936.78991514744,NA,2538.40469229873,0.4735063025969,1.02307543643823
"344",-5.86,0.79,-5.86,0.83,1.359326,9.604077,-1.1484446,0.2002995,35,35,-5.56855007735561,0.768775805196482,-5.7479197794219,0.848117953613173,1.31994973303693,10.5324254298035,-1.3061181695623,0.202414836063722,1.31994973303693,7.07493236879887,-5.65823492838876,0.808446879404828,1.31994973303693,10.5404688023083,-1.309676063943,0.203988630192566,1.31994973303693,7.14256960158872,2.41917695332068,0.0661574470980537,-0.383739556955273,-6.94612399615331,-6.65279370930587,2.03313747209293,7.0655049733243,-3.94052961067368,0.545317448123231,-3.9943888634635,0.589861489888244,5.82554728,0.11697476,-0.911,0.02904133,63.0935365093457,-76.6318298898539,1203.69672067136,0.606891237070357,0.585148525840429,7.14610055508751,0.153349211910878,-1.01227154134142,-896.970444124595,-897.558102821288,-909.503841264713,-910.087733131135,0.569581467639447,-942.192889964116,0.624399385759244,1843.49613137803,1856.17411487605,NA,2330.76161145287,0.39442293729755,0.957497031210352
"345",-5.86,0.79,-5.86,0.83,1.359326,9.604077,-1.1484446,0.2002995,35,35,-5.95128388132318,0.907616317117223,-4.99676259422432,0.702534964357777,1.36835420889381,7.29744649243736,-0.48217140921814,0.078270195399246,1.36835420889381,11.5846478894726,-5.47402323777375,0.8050756407375,1.36835420889381,7.52522421431858,-0.53111003841712,0.0887847857116571,1.36835420889381,11.6986453748124,2.76134881514026,0.0701702208129987,-0.423535979133754,-6.50168195783042,-6.76898230160903,1.74403016068939,17.1651525694233,-4.12138041714653,0.6500413384127,-3.63513127076083,0.514431796767539,2.71310374,0.04128045,-0.484,0.02404584,103.581488368641,-157.607733608445,1310.21782299096,0.225207553785353,0.203268492072248,7.87105320901631,0.161117196744356,-1.07811002527034,-906.630790245792,-909.074819233098,-949.387450770065,-950.01868800375,0.615975041271239,-933.031220266755,0.268381734260897,1862.81682362042,1935.94133388676,NA,2462.82791237347,0.420330225385232,1.07090979366509
"346",-5.86,0.79,-5.86,0.83,1.359326,9.604077,-1.1484446,0.2002995,35,35,-5.6852438092764,0.71116606192908,-6.44997302623225,0.879262228882357,1.50182727020271,8.38751394501416,-0.994648462828006,0.17659225434935,1.50182727020271,7.57971886657139,-6.06760841775433,0.795214145405719,1.50182727020271,8.53371663883065,-1.02678547535987,0.183656334685446,1.50182727020271,7.65418735480077,4.24350512666593,0.103651692088272,-0.644019968524231,-7.4060416707988,-7.16929742326071,2.1703072224152,8.73549278433156,-4.12649198888497,0.519802059662317,-5.20340399153261,0.721400776635449,5.87206128,0.09836631,-0.867,0.02531257,94.9556952145915,-140.356147300346,1323.83210238366,0.116608583604412,0.107141431931692,7.19173812151586,0.169770585530262,-1.059197962609,-926.801431425462,-927.848823165193,-945.37518552999,-945.980135626957,0.590212485787625,-964.774960276253,0.315665178562781,1903.15810597976,1927.91680340661,NA,2507.30805746698,0.605536321820203,1.05516860658533
"347",-5.86,0.79,-5.86,0.83,1.359326,9.604077,-1.1484446,0.2002995,35,35,-5.00346279482076,0.648999358795051,-7.38421448363975,1.03212783141102,1.27749115596025,7.95470235681357,-0.896528720503837,0.139901311499008,1.27749115596025,7.10475158884827,-6.19383863923025,0.840563595103036,1.27749115596025,9.3716970077672,-1.12456216005762,0.17659816813127,1.27749115596025,7.36671333190689,2.87104241765817,0.072126198227042,-0.43928581095115,-7.09463378674955,-7.19280517780582,1.87611223773702,8.03073288420185,-3.75643009126906,0.490794809318447,-5.21956695594379,0.727400751046704,5.20296136,0.09890344,-0.891,0.02760081,79.59642839514,-109.637613661443,1257.66388055188,0.0790090452322575,0.0561717618391463,8.38211973734683,0.176921336057361,-1.18504743717284,-883.308484764711,-888.902953758671,-901.75145609722,-903.978200153757,2.19789568288515,-926.456465519518,0.0676916403090339,1816.17221265826,1840.66934454107,NA,2405.69014744231,0.427905562959964,1.0850096982731
"348",-5.86,0.79,-5.86,0.83,1.359326,9.604077,-1.1484446,0.2002995,35,35,-6.14758219976625,0.787702805022694,-5.85689422265911,0.758529438091115,1.39793541731754,11.4134202016644,-1.43224454131554,0.242371703977475,1.39793541731754,8.9282642782103,-6.00223821121268,0.773116121556905,1.39793541731754,11.4345450766731,-1.43436462807022,0.242584475312006,1.39793541731754,8.93816809525304,3.42014030050108,0.0944602908966175,-0.550682583013894,-7.41239395133559,-7.2955133452201,2.26929766267926,8.71711542771103,-4.03730267066515,0.519475930961316,-4.16396401871895,0.54292717318347,4.84397804,0.10803349,-0.86,0.02634316,85.0212429361547,-120.487242743472,1325.28596167824,0.974651317880703,0.970097564424173,10.1101665601802,0.197126542924078,-1.36008703760756,-923.127048460965,-923.188840396409,-938.031007296551,-938.100800124713,0.0678325576389065,-975.636233600962,0.0737230075514152,1895.80934005077,1913.22844693973,NA,2530.084680613,0.541364721051834,1.3134162582077
"349",-5.86,0.79,-5.86,0.83,1.359326,9.604077,-1.1484446,0.2002995,35,35,-5.79987157070524,0.742952064229483,-6.30771924135417,0.870585118330167,1.48175605062433,12.4112920411212,-1.39903771344022,0.220427904365916,1.48175605062433,9.74342006875979,-6.05379540602971,0.806768591279825,1.48175605062433,12.4757693552671,-1.41524225074593,0.224500453490683,1.48175605062433,9.80551889738136,3.93103328406847,0.0974296101299807,-0.594800684695846,-7.33129665577971,-7.0787396176783,2.25763809649414,10.7102299970676,-3.63566402057406,0.460917633279088,-4.24208470241213,0.586615144403499,5.50008285,0.11669802,-0.847,0.02859139,62.8669405028367,-76.1786378768359,1359.58717551923,0.467815458361878,0.40873597160251,11.2928658900419,0.214651206559177,-1.50551463240517,-937.516015107866,-938.173251813882,-957.821261660101,-958.224708905781,0.393051776737841,-980.904278221479,0.287108574400061,1924.58727334457,1952.80895566683,NA,2642.99571316163,0.590168305136701,1.43110001488057
"350",-5.86,0.79,-5.86,0.83,1.359326,9.604077,-1.1484446,0.2002995,35,35,-6.16212005640651,0.897814471284599,-5.907880125815,0.959876313659841,1.48572787311336,11.9218493505331,-1.48417010004758,0.242071460436746,1.48572787311336,8.11397367888822,-6.03500009111076,0.92884539247222,1.48572787311336,11.9380088361099,-1.48022545042312,0.243034378506498,1.48572787311336,8.34904446828512,3.02788572845694,0.0779704555974197,-0.472085427233385,-6.77091499396271,-6.14692666623086,2.22089111869428,8.58723177220654,-4.20068244371782,0.612017888820791,-3.95140574238253,0.655797680687296,5.73922515,0.14092046,-0.879,0.02851194,58.2255815865927,-66.8959200443481,1271.8629328816,0.216645815057686,0.196519434788148,9.31934677619435,0.202833267658184,-1.32903806760828,-933.004885532954,-934.23742297637,-946.963174201504,-948.745747814058,1.75387972822616,-969.882595341262,2.17610275703657,1915.56501419475,1931.09278074964,NA,2476.82994571886,0.448090615581192,1.26004537453359
"351",-5.86,0.79,-5.86,0.83,1.359326,9.604077,-1.1484446,0.2002995,35,35,-5.54963999801871,0.723663802466754,-6.4149899818898,0.91237751078328,1.54545681021363,8.85604191332827,-1.01177357903161,0.173828598852668,1.54545681021363,7.7266389174009,-5.98231498995426,0.818020656625017,1.54545681021363,9.04324956197471,-1.0525994301436,0.182731814779312,1.54545681021363,7.81581821118419,2.75124719403475,0.0750208138183849,-0.441616318004581,-7.19597955545563,-6.93702209858787,2.18505948920878,9.22273860116747,-3.78368351780011,0.488312859361004,-4.47289610661943,0.636834519500381,4.778158,0.08310428,-0.834,0.03058627,54.4140078634917,-59.2727725981461,1311.94566543359,0.241176864863758,0.213282775487281,9.360704605287,0.214790882335783,-1.37002683323613,-933.84065617294,-935.170409848456,-953.579788198031,-954.291501989987,0.694905797599983,-968.143937570252,0.357250859977081,1917.23655547472,1944.32600874269,NA,2564.61855826904,0.425346347084887,1.30796326693799
"352",-5.86,0.79,-5.86,0.83,1.359326,9.604077,-1.1484446,0.2002995,35,35,-5.78098736588082,0.808730434383327,-5.7446034728656,0.768508576908051,1.32029535969444,11.3691053028004,-1.55269001498336,0.261909546436657,1.32029535969444,7.50123896695304,-5.76279541937321,0.788619505645689,1.32029535969444,11.3694362497182,-1.55305587192317,0.262313995891347,1.32029535969444,7.53133924817577,3.52927813852326,0.0994891551702699,-0.577899750562113,-6.92052194303522,-7.12376946865517,2.22998647869059,6.38634425482799,-4.1029745737258,0.570483596053797,-4.40730516338271,0.598718929400262,7.55115746,0.17219474,-0.916,0.02430667,90.4282047523126,-131.301166375788,1245.01676956047,0.880050819852804,0.85699990403752,6.06500185980743,0.129228822861684,-0.858853231438868,-904.535209718432,-904.729014981385,-913.169305112333,-913.416715909739,0.240767155364336,-961.755936537028,0.298445971413784,1858.6256625657,1863.50504257129,NA,2358.73237274514,0.554002709152576,0.799067799870758
"353",-5.86,0.79,-5.86,0.83,1.359326,9.604077,-1.1484446,0.2002995,35,35,-5.59808185976264,0.719293960713784,-5.65876413743545,0.815114191698057,1.34791560546827,7.72383984633227,-0.806510999564008,0.142844381414053,1.34791560546827,9.20987849223251,-5.62842299859904,0.76720407620592,1.34791560546827,7.72476043103816,-0.807964647029823,0.145139760580523,1.34791560546827,9.39398647212531,3.55663268157783,0.0881233482745744,-0.546801939243699,-7.27045580358061,-6.76026594043238,1.93858216396673,11.1926896397578,-3.81153602688303,0.487618233038779,-4.0001005306088,0.585674638718122,5.71558068,0.13030215,-0.865,0.02508922,85.4843691725116,-121.413495216186,1284.23440036907,0.292259474658568,0.28353375363674,6.25545781127701,0.119545969446858,-0.812384864507926,-905.653994648099,-906.633170865064,-931.061836268732,-932.312854136854,1.22619898387971,-944.988592278198,1.31046938807548,1860.86323242503,1899.29010488409,NA,2447.05530552195,0.500675120445993,0.884862936692612
"354",-5.86,0.79,-5.86,0.83,1.359326,9.604077,-1.1484446,0.2002995,35,35,-5.84564345232762,0.697131817802991,-6.64105326761113,0.964348546344209,1.29030493717846,12.009556924275,-1.21371211407809,0.188822009748543,1.29030493717846,12.8285522550127,-6.24334835996938,0.8307401820736,1.29030493717846,12.1677261178373,-1.26684881625049,0.20667320475161,1.29030493717846,13.3818617601315,2.88106835788984,0.0722694479898354,-0.441381735164169,-7.65005370871453,-6.85345540297234,1.98761245501554,14.616064347406,-4.1148951236929,0.497188351718705,-4.73310260347529,0.700672453939029,6.7960791,0.1589796,-0.821,0.018573,142.619740449094,-235.68423776935,1404.49579751168,0.0867932280011933,0.0820618541866342,8.62908971816046,0.166613885885656,-1.13824142737953,-913.649007361967,-917.395701033812,-941.596614462799,-944.342879237175,2.72082323978902,-959.769252565699,2.43288969455846,1876.85325785277,1920.35966127223,NA,2573.307357254,0.425540795135681,1.18088571998801
"355",-5.86,0.79,-5.86,0.83,1.359326,9.604077,-1.1484446,0.2002995,35,35,-5.81794962032114,0.816724710210722,-5.61286534712833,0.836149996857805,1.35152476684917,8.12244229653761,-1.03029192098078,0.188354441693604,1.35152476684917,7.79489253597774,-5.71540748372473,0.826437353534263,1.35152476684917,8.13295718631536,-1.02929596578239,0.188448777133934,1.35152476684917,7.86214668304742,3.24799447731595,0.0897145882328081,-0.525395006850154,-6.90985637077319,-6.58904126641485,1.99920061751339,8.54016753921128,-4.46583087895513,0.635095176516829,-3.86783052887015,0.586563708554478,5.06224317,0.13934078,-0.886,0.02586009,83.3484416440955,-117.141640159354,1229.63018653046,0.46061163250317,0.426045061207239,6.39279970973591,0.12972793009514,-0.873311149405208,-904.939290484814,-905.270721761349,-921.274048369572,-921.807298933642,0.519992937040518,-943.945883225284,0.642161400173331,1859.43382409846,1879.71452908577,NA,2342.11873290158,0.505026656963595,0.860650169752377
"356",-5.86,0.79,-5.86,0.83,1.359326,9.604077,-1.1484446,0.2002995,35,35,-6.07402925952686,0.827138586012563,-5.79854225784358,0.820662791352422,1.34254943404125,9.67232639481214,-1.11082979507169,0.192748123758206,1.34254943404125,9.82139574750545,-5.93628575868522,0.823900688682493,1.34254943404125,9.69129966683625,-1.1112757943853,0.192758607737326,1.34254943404125,9.85804396997227,2.4350959283129,0.0648604421429172,-0.381844259677724,-7.10389283274823,-6.8669869399099,2.00562448391894,11.1094728311677,-4.58336462493441,0.615729905138969,-4.85241392958566,0.682422551261271,8.6190151,0.1635571,-0.883,0.0233928,96.3926143856474,-143.229985642458,1319.07984273981,0.776531138249746,0.714321578304432,5.50140207017688,0.122974829285258,-0.788236704306036,-913.102934005507,-913.24684693495,-934.156390046505,-934.393054651288,0.230291839046601,-953.078553656015,0.274994386556896,1875.76111113985,1905.47921243964,NA,2494.92969983717,0.386296359081997,0.781285320693369
"357",-5.86,0.79,-5.86,0.83,1.359326,9.604077,-1.1484446,0.2002995,35,35,-6.55754705487949,0.855470490757616,-6.8271001147162,1.00630554067956,1.30388891489043,12.7604846054437,-1.4955002001752,0.228119740685925,1.30388891489043,9.70987684792483,-6.69232358479785,0.930888015718589,1.30388891489043,12.7786493184605,-1.50566471248447,0.233807543757163,1.30388891489043,10.0142277495675,3.68452570118923,0.101762158016115,-0.59571002223687,-7.41861647107154,-6.78953333503095,2.01086216755893,10.2236919910789,-4.56874897948762,0.599183016504032,-5.17819078502786,0.763157803638624,8.80852147,0.17814122,-0.901,0.02183926,110.416323642528,-171.277404156219,1342.13957410336,0.172348734386315,0.143927078393437,8.27671405721319,0.167659545797547,-1.13700427286367,-908.882005099882,-910.832479420918,-926.272589879846,-928.234093704868,1.93240889746682,-951.058897236192,2.08662787286695,1867.3192533286,1889.71161210632,NA,2513.00174405049,0.573874637371945,1.08548289452697
"358",-5.86,0.79,-5.86,0.83,1.359326,9.604077,-1.1484446,0.2002995,35,35,-5.60154060990724,0.800033798338669,-5.1972664476465,0.749329272223679,1.27841795514184,10.6031870931853,-1.2590012759866,0.186664202440311,1.27841795514184,7.39543171805084,-5.39940352877687,0.774681535281174,1.27841795514184,10.6440464927533,-1.26412590844109,0.187306939682448,1.27841795514184,7.40704848376735,3.37252129679655,0.0822495235933094,-0.511546918179106,-6.79288749418883,-6.69069777772047,1.98388394441169,7.5028048009663,-3.69462728676328,0.522753649285727,-3.47961121789108,0.497643231725239,5.20621476,0.10393857,-0.891,0.03049692,50.9098360311289,-52.2644289334203,1182.48942973132,0.950465623190348,0.959712055368804,8.23435894137473,0.170017179016392,-1.15782256792404,-889.31148358779,-889.418574999838,-904.395739838761,-904.492531945635,0.0940916554683442,-938.032589558966,0.0736686782634761,1828.17821030442,1845.95791202415,NA,2312.71443052921,0.480314867094395,1.02982816376618
"359",-5.86,0.79,-5.86,0.83,1.359326,9.604077,-1.1484446,0.2002995,35,35,-6.13332207725448,0.847703994555709,-6.31208595964733,0.885796332361559,1.43851268206614,4.53659460872842,-0.411905369086665,0.0787916671624406,1.43851268206614,6.38765806571941,-6.22270401845091,0.866750163458634,1.43851268206614,4.54458374014046,-0.413607752635566,0.0791544237123193,1.43851268206614,6.39131180378934,2.31949101100028,0.0546875013337788,-0.342814568843668,-7.04066226808271,-6.99248185897544,1.72567667656322,9.6712411361551,-4.88726413028534,0.675364247820363,-4.54146407131248,0.642434590621216,3.27516589,0.05403983,-0.746,0.02762022,83.1606851722911,-116.766127215745,1265.48529591706,0.851901297010042,0.866519621511014,6.09480296551491,0.131070196415785,-0.86684470785832,-897.121268775204,-897.204652178069,-924.351017227163,-924.38562879649,0.0336309810963958,-911.820930734013,0.0150007704383225,1843.79778067924,1885.86846680095,NA,2414.20446461838,0.334688966774851,0.807828703910451
"360",-5.86,0.79,-5.86,0.83,1.359326,9.604077,-1.1484446,0.2002995,35,35,-7.11592228197969,0.914208835745187,-5.7668070749131,0.89608722006749,1.45336320481535,8.82884909361123,-0.852711875523758,0.166112822910339,1.45336320481535,12.00829862336,-6.44136467844639,0.905148027906339,1.45336320481535,9.28387705409581,-0.858823912345607,0.166194921149031,1.45336320481535,12.9362355080379,2.42344232665176,0.0680845629886428,-0.385333482296612,-7.62704383844633,-6.38589252826036,1.97249241710143,15.9353473322713,-4.92154755819174,0.63573431680339,-4.08638616021426,0.634496848664125,5.69596936,0.11469399,-0.778,0.02317903,102.736800665741,-155.918358202646,1435.9607003732,0.100011750991133,0.0894541766353824,8.51723652658619,0.170312701851392,-1.11396550545816,-934.86366070101,-937.675726954824,-966.471685883394,-971.295022568098,4.85072721537801,-960.73697883129,5.48765715937533,1919.28256453086,1970.10980411342,NA,2716.00304254376,0.420385756484631,1.29477867078702
"361",-5.86,0.79,-5.86,0.83,1.359326,9.604077,-1.1484446,0.2002995,35,35,-5.43636913660906,0.771406442015339,-5.3099816384222,0.737360131716188,1.41984018135367,8.83969095008963,-1.11362949419937,0.216088011580158,1.41984018135367,9.34031544714347,-5.37317538751563,0.754383286865764,1.41984018135367,8.84368440001413,-1.11470525119467,0.216377799391404,1.41984018135367,9.34573179206918,3.14826090357587,0.0881987121423803,-0.514786282369737,-6.79827040196941,-6.87472201038754,2.23977482308489,9.7606676623113,-3.89427554807359,0.54250912885054,-3.85148712243166,0.53863751079945,6.07229587,0.13894491,-0.861,0.02642553,71.8190498451374,-94.0828565614375,1276.78996234331,0.9975886422378,0.995478545541579,6.14818183683792,0.143185577547872,-0.889068287493022,-925.067877628559,-925.110472065773,-944.686765245061,-944.723422238935,0.035618976696646,-975.998254556937,0.0288586916363222,1899.69099838596,1926.53996283675,NA,2459.49706812519,0.488213381835015,0.933503115479408
"362",-5.86,0.79,-5.86,0.83,1.359326,9.604077,-1.1484446,0.2002995,35,35,-5.27193893449004,0.774859534637609,-4.88211064202029,0.66118715056174,1.34978127839798,4.67243979510853,-0.49565880197182,0.135406234158053,1.34978127839798,10.1556482460222,-5.07702478825517,0.718023342599675,1.34978127839798,4.710431319511,-0.506736979818136,0.138636586883426,1.34978127839798,10.2304690268713,2.26955400522068,0.0618924015601705,-0.356156803811286,-6.61326756756304,-6.90066992443575,1.99619673831255,12.2041948602396,-3.76704610051973,0.554992021376129,-3.45623184926751,0.475084028223873,3.58704908,0.09711973,-0.769,0.02428007,94.565631185788,-139.576019242739,1258.52346844982,0.679278372678927,0.685932452466244,5.02525633395568,0.120242037371882,-0.716920999922071,-904.073057876092,-904.641578844098,-937.602024999912,-938.069946622767,0.456075073858032,-954.953307408111,0.372917140607448,1857.70135888102,1912.37048234645,NA,2377.47091765689,0.381894638172029,0.851042081177704
"363",-5.86,0.79,-5.86,0.83,1.359326,9.604077,-1.1484446,0.2002995,35,35,-6.97864033204715,0.905116934162296,-6.46775403947961,0.920613378321115,1.32898808969364,8.47670699191943,-1.01480464903477,0.187782384750826,1.32898808969364,9.28875748940026,-6.72319718576338,0.912865156241705,1.32898808969364,8.54195819290278,-1.0128254188087,0.187842419696218,1.32898808969364,9.5287245051265,2.56450119731627,0.0724498524429022,-0.417643634273752,-7.54392908543498,-6.94071898858116,1.90810169983655,10.8859798717797,-5.52792368095148,0.722588517312312,-5.15515337909193,0.733900810608594,9.71586045,0.19429277,-0.912,0.01863945,144.070719658053,-238.586196187269,1358.71386548957,0.386721234077044,0.370382281927718,4.89388971816954,0.110362982667809,-0.684302405461301,-907.779561612216,-908.749176279026,-928.135872165703,-929.749749883305,1.58597936497144,-940.214139277568,1.90918343361242,1865.11436635327,1893.43817667803,NA,2478.84153479186,0.41371501716723,0.774532308286185
"364",-5.86,0.79,-5.86,0.83,1.359326,9.604077,-1.1484446,0.2002995,35,35,-6.54981202513618,0.853980887250041,-5.96857544403855,0.840605824946366,1.26537850720905,10.685835929571,-1.30788662507169,0.21558640012641,1.26537850720905,9.13177480051554,-6.25919373458737,0.847293356098203,1.26537850720905,10.7702949203725,-1.30983014394302,0.215631123199317,1.26537850720905,9.30603662729544,3.37308776340971,0.0878855459635811,-0.531657766161387,-7.41975611356194,-6.91820469260723,1.97343757337248,9.40961323064968,-4.48592090090917,0.589415102447605,-4.53144774978632,0.650476894664568,7.4265238,0.18967925,-0.901,0.02246743,106.77488394427,-163.994524759702,1312.20887736838,0.524339284830329,0.503745159194272,7.36762177691773,0.133095444815712,-0.957827708206167,-899.246671352623,-899.991398845418,-915.043203332807,-916.236934230817,1.16956845709106,-943.820782639132,1.45720249242889,1848.04858583408,1867.25283901224,NA,2460.42322997705,0.493625561355026,0.915998894224729
"365",-5.86,0.79,-5.86,0.83,1.359326,9.604077,-1.1484446,0.2002995,35,35,-6.59745920753902,0.927386750833268,-6.36789676690048,0.870666510624119,1.28574932458373,9.78740918762345,-0.955282807902152,0.145135863001431,1.28574932458373,10.6842509128522,-6.48267798721975,0.899026630728693,1.28574932458373,9.80058391616142,-0.958538017096153,0.145940159413777,1.28574932458373,10.6978028788797,2.57828951777004,0.069958836522357,-0.405747214523151,-7.0300701559575,-7.13843222899912,1.74841159893785,13.9735236996148,-4.97849059316126,0.701201589103826,-4.57818723176609,0.635013349083462,6.02146534,0.09282363,-0.862,0.02383638,104.616100903153,-159.676958677469,1330.09378342833,0.808134467159595,0.777948857624468,7.36808660617563,0.151318886052486,-1.00062916437135,-900.51341055995,-900.683627710385,-928.935523103732,-929.016665482121,0.0788697278709041,-926.883196602251,0.0533745071345295,1850.58206424874,1895.03747855409,NA,2500.5106081792,0.42390513144821,1.04299368417236
"366",-5.86,0.79,-5.86,0.83,1.359326,9.604077,-1.1484446,0.2002995,35,35,-5.2523810729738,0.695533313184749,-5.94337360786287,0.78635359291726,1.28584165265004,8.75474983902108,-1.02182310797792,0.178956543901024,1.28584165265004,9.21590473603814,-5.59787734041833,0.740943453051005,1.28584165265004,8.87411750983919,-1.03751214180585,0.181018624703697,1.28584165265004,9.2454532206064,3.82312463476414,0.0952783333171773,-0.588487418741581,-7.06631480623145,-7.21622361602102,2.02109842450248,9.78845074688891,-3.6539749675755,0.482574540958746,-4.6246290136138,0.624048872232679,4.54414521,0.09502725,-0.806,0.02364002,104.251439445225,-158.947635761613,1286.63094107906,0.369487979025223,0.292016882762244,7.11029645119332,0.147431496482978,-0.988862387046179,-899.452681845659,-899.815560589249,-919.552391033942,-919.754566799794,0.196683211380563,-950.918626644363,0.122646377908375,1848.46060682015,1876.27121441451,NA,2414.3142463965,0.544242828949996,0.940569010871222
"367",-5.86,0.79,-5.86,0.83,1.359326,9.604077,-1.1484446,0.2002995,35,35,-5.08711908719769,0.664282757263313,-6.47893886228416,1.01958676773437,1.39066098718068,9.49146809161914,-1.05449415005015,0.155991139024757,1.39066098718068,7.19730493753893,-5.78302897474092,0.841934762498843,1.39066098718068,9.97575866319958,-1.17812393703544,0.187551373988961,1.39066098718068,7.72976177996556,3.29159104317958,0.090856305515386,-0.529818979984778,-7.08723554593474,-6.36224596858699,2.02044863476095,8.22333833041095,-3.27518064831351,0.430624070392125,-4.56776512228343,0.725689725175926,3.6368737,0.0707454,-0.828,0.02896826,69.3769950265131,-89.1987469241888,1227.17801145999,0.00133171581195507,0.000895071416436007,10.1537664929512,0.235906727238819,-1.49365869571129,-904.405135364842,-911.231830284184,-923.342156949484,-927.74744230018,4.41694746760046,-945.353975788957,3.35640634831861,1858.36551385852,1883.8507462456,NA,2365.15727599578,0.520794940838761,1.43640849151513
"368",-5.86,0.79,-5.86,0.83,1.359326,9.604077,-1.1484446,0.2002995,35,35,-5.47571127293015,0.731226588464057,-5.20138721365132,0.778840453067147,1.32242780313765,8.7710742406798,-0.900461769946828,0.147007531339047,1.32242780313765,9.61528584806413,-5.33854924329073,0.755033520765602,1.32242780313765,8.78988766305458,-0.897196362792858,0.147574301364657,1.32242780313765,9.8251098730882,2.32221863686554,0.0515352210827549,-0.331444244558555,-7.07699370841585,-6.51899856486265,1.93753835431558,11.4589998497079,-3.70005781464796,0.487128958710058,-3.77936467298485,0.576325039130918,5.2280761,0.09644358,-0.83,0.02675886,73.3413250336986,-97.1274069385598,1255.88272325228,0.228908428004763,0.214629068708442,6.77675611948263,0.143831438450645,-0.939188396723058,-903.551078088114,-904.435142587047,-929.11050946888,-930.480647489278,1.3441026370702,-945.612872781349,1.53487958872629,1856.65739930507,1895.38745128439,NA,2414.638039566,0.32871637539205,0.961589435963214
"369",-5.86,0.79,-5.86,0.83,1.359326,9.604077,-1.1484446,0.2002995,35,35,-5.88671122580081,0.780460827944512,-6.50109335527686,0.856351792056168,1.42487579087625,5.53846044626194,-0.657146429503584,0.134462135774523,1.42487579087625,6.93294560877894,-6.19390229053884,0.81840631000034,1.42487579087625,5.63282679651682,-0.66880294253831,0.135901995382972,1.42487579087625,6.95809331156706,2.68081036091738,0.0694232111882927,-0.416454858163635,-7.19466880279691,-7.3569122063863,1.92529665009346,8.76027020766668,-4.78994331410094,0.643653344469337,-4.61889466678313,0.607295650418287,3.35724427,0.05873493,-0.727,0.02410943,110.803294939297,-172.051346749756,1306.39188347348,0.914963735574535,0.878455284251681,7.11550449492634,0.154378373386567,-1.02136025982918,-905.499299605387,-905.88559418823,-927.002328706263,-927.223880069076,0.215562273325007,-935.515698908007,0.16669461186565,1860.55384233961,1891.17108975915,NA,2440.73242019721,0.40868672985417,0.929188585353573
"370",-5.86,0.79,-5.86,0.83,1.359326,9.604077,-1.1484446,0.2002995,35,35,-4.47275554260617,0.608126605906348,-6.84921073619253,0.930380889563245,1.28762754872245,10.274635680391,-1.21553889301904,0.207211865007207,1.28762754872245,9.98146667895256,-5.66098313939935,0.769253747734796,1.28762754872245,11.6865205021719,-1.40699460953201,0.233173820841012,1.28762754872245,10.3023459447179,3.07849548610888,0.0830137035383256,-0.490795068403591,-6.80743581961123,-7.26398338085053,2.13634167756231,9.91041931344175,-3.31249888441147,0.461350081107128,-5.15262963334385,0.692743773537492,6.15708175,0.10482092,-0.858,0.02428172,96.649710493157,-143.744177857477,1298.54983854956,0.0655860723163905,0.043303993993042,8.63871498980136,0.191157767850184,-1.23968521627228,-905.846675649605,-909.500329911679,-924.950858410177,-926.966949789552,1.9869650120476,-964.898262503419,1.06415982928336,1861.24859442805,1887.06814916698,NA,2453.35549924163,0.473883826130353,1.18856492142747
"371",-5.86,0.79,-5.86,0.83,1.359326,9.604077,-1.1484446,0.2002995,35,35,-5.43740104819365,0.732653843815751,-5.75247537010087,0.799751172469829,1.50892234933927,8.56396177258697,-0.997765156031641,0.174302003764434,1.50892234933927,7.66516335033801,-5.59493820914726,0.76620250814279,1.50892234933927,8.58877972966829,-1.00305031736351,0.175427516642562,1.50892234933927,7.67595176506213,3.18389623322558,0.0827752252149105,-0.500458311455408,-7.03018026562456,-6.94550606617397,2.19072250781267,8.83339504935896,-4.15074667599231,0.559768018872077,-4.2037659697607,0.581092463001675,5.58160596,0.10629243,-0.85,0.02763322,69.8072399690677,-90.0592368092981,1282.08801233795,0.948138100241812,0.944993861976252,6.52239889094507,0.142819277197601,-0.930566691061127,-928.12383825431,-928.291095441078,-947.223586927114,-947.310685031601,0.0846622471591385,-967.419023457855,0.0396057555616944,1905.80291963746,1931.61360620086,NA,2474.11678786661,0.468304740580486,0.894017280522321
"372",-5.86,0.79,-5.86,0.83,1.359326,9.604077,-1.1484446,0.2002995,35,35,-5.85988893289056,0.778082692156868,-5.98699204928309,0.93268046161962,1.59699907751194,4.92974477225623,-0.390543901925701,0.0820624526660946,1.59699907751194,7.44585626593594,-5.92344049108683,0.855381576888244,1.59699907751194,4.93378357280542,-0.395456366497215,0.0880375702468092,1.59699907751194,7.82449083428389,2.19840118201729,0.0575230867645684,-0.340027561490252,-7.18201482751969,-6.38806443868904,1.91984632606243,11.4593530594696,-4.17999422379104,0.554917345082406,-4.23965742270103,0.644544235617649,2.48768266,0.03981055,-0.635,0.02835196,77.8897859552638,-106.22432878169,1284.80848104218,0.185430479707438,0.171801550775477,7.92956549676681,0.183286505699779,-1.1418194833683,-926.834542153208,-929.260902970793,-959.328138396353,-962.397986083579,3.04849500594799,-943.366447302192,3.13596880052795,1903.22432743525,1955.82270913933,NA,2463.39263330268,0.350199731203997,1.20038476345567
"373",-5.86,0.79,-5.86,0.83,1.359326,9.604077,-1.1484446,0.2002995,35,35,-6.27055083768316,0.916386393695822,-5.2856661596182,0.705752536489952,1.33711986410825,11.0543858903984,-1.41266330454185,0.244529988292183,1.33711986410825,9.22015268819615,-5.77810849865068,0.811069465092887,1.33711986410825,11.2968853476701,-1.4645258192028,0.255621643742539,1.33711986410825,9.34160494705684,3.05577782188154,0.0827038605582936,-0.488940351288894,-6.76869906736618,-7.03871640484995,2.2003499532594,8.83773696247884,-4.7211215737488,0.685956321779085,-3.95425259904858,0.526080315832576,7.57465768,0.17071138,-0.904,0.02413531,89.6688085239578,-129.782373919078,1270.51052056267,0.327319863038746,0.298236923783166,6.47935815967897,0.146069269265979,-0.923941998849861,-914.492908422725,-915.84514199002,-929.162084688325,-929.989033156941,0.808085148479752,-968.508803067161,0.400814383180387,1878.54105997429,1895.49060172328,NA,2411.23866720627,0.468483376243638,0.956534468557191
"374",-5.86,0.79,-5.86,0.83,1.359326,9.604077,-1.1484446,0.2002995,35,35,-6.42535007426723,0.921244159558196,-7.34732102587701,1.0302086672842,1.35071741510404,10.8441890350304,-1.43621999887161,0.27110469214511,1.35071741510404,10.4744326082285,-6.88633555007212,0.975726413421197,1.35071741510404,11.0566966439335,-1.46133552659157,0.274073008131102,1.35071741510404,10.5421737252744,3.63328122296823,0.0872734126470722,-0.547271693097245,-6.8945569919854,-7.16734560328894,2.16459777328741,10.469420628321,-4.73887819519012,0.669165459839657,-5.56440058591856,0.785280570657927,6.33819245,0.14172752,-0.833,0.02183249,114.542843512865,-179.530443896892,1375.54298284103,0.596024962105029,0.550439916595084,8.84465060338702,0.210205526137155,-1.32455910462561,-923.079451859469,-923.648261786971,-939.744161011359,-940.156201936601,0.40144869174828,-969.866302653511,0.356681630774447,1895.71414684778,1916.65475436935,NA,2571.55552178517,0.510779584731374,1.23691251445749
"375",-5.86,0.79,-5.86,0.83,1.359326,9.604077,-1.1484446,0.2002995,35,35,-4.87039257496207,0.670334620750109,-6.15147148554149,0.930589269015634,1.29385965896237,8.60653164034136,-1.10769212917715,0.204193600296923,1.29385965896237,8.58664587874149,-5.51093203025178,0.800461944882872,1.29385965896237,9.0168224341242,-1.19104381449545,0.221126720782876,1.29385965896237,8.75208672498739,2.37812874515944,0.0621183421823311,-0.365862698421594,-6.83445359708438,-6.56500265934446,2.06708467451906,8.61899855504733,-3.11858938697972,0.423179285401227,-4.38977331571565,0.666325182084716,5.11185226,0.13485416,-0.867,0.02687464,71.8993286940837,-94.24341425933,1231.84456757014,0.0913689028876588,0.0685208005091567,7.77311277042645,0.182754940571029,-1.15302642953869,-900.275952034815,-902.435184633169,-916.625141646215,-917.822856305887,1.17350507017975,-952.414901808337,0.434528467123654,1850.10714719847,1870.41671563906,NA,2369.44572088095,0.38458005789042,1.09756214377873
"376",-5.86,0.79,-5.86,0.83,1.359326,9.604077,-1.1484446,0.2002995,35,35,-5.26012437774474,0.696522035348478,-6.28112664494463,0.926693468604857,1.30373447919294,7.58135616720662,-0.952991790722439,0.189789820230027,1.30373447919294,9.24728715042127,-5.77062551134468,0.811607751976667,1.30373447919294,7.84196757461344,-1.01174317952229,0.203034542401851,1.30373447919294,9.41995385281139,3.41891435263867,0.0908988251744865,-0.545497658362185,-7.06816756020235,-6.71786798947946,2.01053637385034,9.96296116385286,-3.75496504901317,0.50198521537616,-4.59142096298374,0.68467905049153,4.6234082,0.12523792,-0.815,0.02389728,97.1329089236935,-144.71057471855,1284.05511274393,0.230783672084829,0.192410899159386,6.78126920628782,0.158063177741259,-0.997304889264078,-902.588333880136,-904.411483707298,-923.152832948886,-924.32250531992,1.14579942868543,-950.196543205531,0.662500730351904,1854.73191088911,1883.4720982444,NA,2423.39965076932,0.504092586529065,0.968368155982967
"377",-5.86,0.79,-5.86,0.83,1.359326,9.604077,-1.1484446,0.2002995,35,35,-6.04464828169096,0.870173258849546,-5.63862428789961,0.742650230691423,1.33036457542786,9.10506160674902,-1.27536204277276,0.219369632152475,1.33036457542786,5.92505280959484,-5.84163628479528,0.806411744770484,1.33036457542786,9.14627547763258,-1.28830639507105,0.223435162830129,1.33036457542786,6.03451327938328,3.12215871474139,0.0829530226310945,-0.495709821788356,-6.81812241022383,-7.17184761908842,2.10349897372672,5.27293037087896,-4.42019531812213,0.639925203841334,-3.75100341695706,0.486956944814397,4.86970676,0.12459646,-0.903,0.02963428,63.2033343779951,-76.8514256271529,1215.36042541686,0.238185069535185,0.217658103602459,7.60465603811241,0.164376893474952,-1.09012285394001,-893.374065450614,-894.380791066116,-900.676069004513,-901.773866726904,1.07483829369511,-941.7309309529,1.128408147876,1836.30337403007,1838.51857035565,NA,2353.86942520657,0.468715379219087,0.988820339713492
"378",-5.86,0.79,-5.86,0.83,1.359326,9.604077,-1.1484446,0.2002995,35,35,-6.66163520565054,0.985609114975365,-5.95074517644901,0.825664941204491,1.30441216503066,9.573685548007,-1.14576876970311,0.197609085408363,1.30441216503066,9.22289835177505,-6.30619019104978,0.905637028089928,1.30441216503066,9.70002670641154,-1.17419444929376,0.204004620089175,1.30441216503066,9.30577407222298,3.0301907385079,0.0752922425768043,-0.461873906785175,-6.74737237470069,-6.98938834410209,1.93530507983793,10.2912413757537,-4.76541830233424,0.705262554851721,-4.60649020095348,0.653133316755636,5.52116172,0.13526772,-0.848,0.02191774,112.227832052771,-174.900420976704,1282.57711772562,0.813469343326076,0.803686084889546,7.69252888501352,0.15707682845115,-1.06885025202117,-904.726366728023,-905.679392774933,-923.113351419461,-923.678544514102,0.551267243059374,-941.885757292167,0.318965624527594,1859.00797658488,1883.39313518555,NA,2390.25381447453,0.445105430856171,0.982787122346094
"379",-5.86,0.79,-5.86,0.83,1.359326,9.604077,-1.1484446,0.2002995,35,35,-4.62758078592274,0.602667356600812,-5.9798705507112,0.855951239767403,1.3661358272983,8.55083823105892,-0.998355801567094,0.187598966419188,1.3661358272983,9.71036418899073,-5.30372566831697,0.729309298184107,1.3661358272983,9.00801013304683,-1.08398410226511,0.203637147787175,1.3661358272983,9.83045585807668,2.77044533563348,0.0723376783809107,-0.430122278356551,-6.99478585760127,-6.83807578870627,2.18667862137511,10.2326171838285,-3.39992185401872,0.439540348463857,-3.96538387029594,0.567617182080878,4.12768483,0.07995793,-0.804,0.02840539,66.7565630969254,-83.9578830650135,1272.9776700018,0.330189511490511,0.286016326896637,8.07613152794797,0.190733900050152,-1.1819077723334,-915.554411061872,-917.619580643725,-937.701330143984,-938.481848612066,0.762460860690279,-971.622670511447,0.118980241870574,1880.66406525258,1912.5690926346,NA,2461.99745693858,0.432748992519185,1.21494259511119
"380",-5.86,0.79,-5.86,0.83,1.359326,9.604077,-1.1484446,0.2002995,35,35,-5.7331789815979,0.757137559892432,-6.25438216357316,0.883488808409198,1.34120188959589,8.35470166461409,-0.980605736145584,0.200473550897036,1.34120188959589,11.2088479248049,-5.99378057258553,0.820313184150815,1.34120188959589,8.42261485383938,-0.997069404338957,0.204464710397473,1.34120188959589,11.2702848845915,2.92334498817035,0.0774010448254901,-0.456185628237809,-7.18009055429057,-6.9485256934919,2.04274670557301,12.6304676814848,-4.10820467350246,0.544837812493147,-4.25331708945232,0.604768136617581,5.84888327,0.15172526,-0.825,0.02304896,99.0469489087404,-148.538654688643,1358.06495612558,0.763464329359727,0.747031071285716,7.37166322227808,0.151613586954616,-1.01213200528643,-917.258834110292,-917.801904000546,-942.354851674447,-942.706220021381,0.342187345703233,-961.713000794755,0.229174873268009,1884.07291134942,1921.87613569552,NA,2567.59125756252,0.46481103297755,1.00517079827673
"381",-5.86,0.79,-5.86,0.83,1.359326,9.604077,-1.1484446,0.2002995,35,35,-6.78591561220282,1.00825576684296,-5.8766088889154,0.946040072362624,1.21672926413999,8.67404842657635,-1.09887795225797,0.203316725515104,1.21672926413999,9.53135710161311,-6.33126225055911,0.977147919602792,1.21672926413999,8.88075810583028,-1.11302123957921,0.204284423675022,1.21672926413999,9.74707517954369,2.89551429563531,0.075077480957147,-0.453703534511727,-6.7367298896957,-6.1980881745785,1.82361325966479,10.4037759691698,-4.94990606951553,0.730179405029265,-4.46860519768721,0.710902194964921,5.77417648,0.1368127,-0.851,0.02282044,103.296581091844,-157.037919054851,1274.12611345345,0.514011901270675,0.485227483728757,6.40791100818613,0.150596678154205,-0.949726587395242,-890.404217691511,-891.465661163785,-908.145635344693,-909.564986413888,1.39287170283425,-927.668800594793,1.66021950496682,1830.36367851186,1853.45770303601,NA,2391.21430785206,0.428120749990761,0.906839963136574
"382",-5.86,0.79,-5.86,0.83,1.359326,9.604077,-1.1484446,0.2002995,35,35,-4.98116623777994,0.724937620103494,-6.65694699928348,0.915793467528923,1.43801458124089,9.70552721421847,-1.27612465391387,0.227786441253925,1.43801458124089,7.70003313440601,-5.81905661853171,0.820365543816209,1.43801458124089,10.4075875043748,-1.35608279324787,0.236892929878045,1.43801458124089,7.93291431078831,3.03779751582042,0.0780691789273425,-0.469992287421079,-6.61991671936271,-7.15862772963749,2.23559509901807,7.73756941023423,-3.30098877317928,0.485171417345369,-4.55989936563048,0.638027372454505,4.5076843,0.11982047,-0.872,0.02839006,66.7104623976154,-83.8656816663934,1255.62804436784,0.147118388729257,0.124188564271311,9.78371655426599,0.198168809965403,-1.34465713667698,-922.197431650863,-924.263158254052,-935.712292466835,-937.561402529224,1.82021375658562,-968.251329832696,1.76796994328149,1893.95010643056,1908.5910172803,NA,2427.39040706928,0.460890892423965,1.28044985443481
"383",-5.86,0.79,-5.86,0.83,1.359326,9.604077,-1.1484446,0.2002995,35,35,-6.32841004441163,0.816022846298872,-6.46859569268051,0.870537717536124,1.26681111948235,7.66576601893109,-0.965360563993872,0.176320306422016,1.26681111948235,7.92741449503879,-6.39850286854607,0.843280281917498,1.26681111948235,7.67067902292623,-0.967271114635043,0.17706327421852,1.26681111948235,7.95616555523104,2.90485470389572,0.0765377924689555,-0.453240256683176,-7.42449831842929,-7.23989847066966,1.86426531768245,8.77170238476942,-4.42057665118193,0.565369313622802,-4.58670940224881,0.607995963862109,5.18666042,0.12153585,-0.861,0.02197214,121.34990454978,-193.144565970722,1308.49715897136,0.885129196680696,0.857933667235709,7.47346621938,0.153120829304913,-1.04244533503359,-889.723944016784,-889.921962054781,-906.461948110131,-906.687023396145,0.218996451230021,-927.664481432737,0.222603345493035,1829.00313116241,1850.09032856689,NA,2423.84975197199,0.456164486084757,0.947694763792295
"384",-5.86,0.79,-5.86,0.83,1.359326,9.604077,-1.1484446,0.2002995,35,35,-5.66251241783139,0.793291531561218,-5.47203328027732,0.815517093767993,1.40382108867669,8.27663651469051,-0.906485327619278,0.168914157953264,1.40382108867669,9.72347101638426,-5.56727284905435,0.804404312664606,1.40382108867669,8.28570709015136,-0.905426951139079,0.169037651857116,1.40382108867669,9.78923821327898,3.14926273513139,0.0884009944378165,-0.511067273555022,-6.89402798287792,-6.57113469700046,2.01807956279056,11.7352189525981,-4.0401419479907,0.568131614229442,-3.87842817021845,0.594038055147743,4.38404018,0.09861754,-0.79,0.02609456,78.7588104692969,-107.962377809756,1281.3684880292,0.622894673088669,0.612586742291178,7.48707118028256,0.160385885831465,-1.04858018719186,-919.793660918968,-920.047660325072,-944.453801318367,-944.881801164943,0.417044945802366,-956.358732003579,0.48274778541538,1889.14256496677,1926.07403498336,NA,2454.77459824865,0.50588226163618,1.04427438983335
"385",-5.86,0.79,-5.86,0.83,1.359326,9.604077,-1.1484446,0.2002995,35,35,-5.69301216868582,0.824597297151376,-6.43039634438816,0.916919122359089,1.40946965106869,7.15182465375783,-0.732523115506668,0.121716574761429,1.40946965106869,7.58096193778175,-6.06170425653699,0.870758209755232,1.40946965106869,7.28775850940188,-0.7495422787517,0.12384740461385,1.40946965106869,7.61619241824713,3.52012031556745,0.090030729518781,-0.54380002057126,-6.73801608333331,-6.92537071454953,1.82595057102989,10.2904011735539,-3.93752017944328,0.577308990727722,-4.55171620900769,0.648075205855402,4.03901902,0.07873122,-0.797,0.02855286,67.9653141670921,-86.3753852053467,1266.63395295971,0.656634111643678,0.594534692594114,7.79146232751541,0.161683716906166,-1.09386525826991,-905.824968536376,-906.293437141649,-929.835410164446,-930.12221774104,0.279184628601791,-927.632907663997,0.202617725852714,1861.20518020159,1896.83725267552,NA,2446.89252071408,0.530273804790104,0.993707914608736
"386",-5.86,0.79,-5.86,0.83,1.359326,9.604077,-1.1484446,0.2002995,35,35,-6.01784843125592,0.863584913134496,-6.78736314994493,0.914893929267395,1.41056234132018,9.3298773118359,-1.08015445317271,0.160760463638334,1.41056234132018,6.38624633442389,-6.40260579060043,0.889239421200945,1.41056234132018,9.47791553740566,-1.09002521395164,0.161418617422465,1.41056234132018,6.52384805666092,2.88019463628742,0.0749227003944683,-0.449406555859019,-6.83057421869407,-7.29440309648779,1.92523105785483,7.60611639257472,-4.87609582265298,0.707462119588134,-4.94312071593732,0.668611302053636,7.03374417,0.14437863,-0.917,0.02513188,94.0064505434794,-138.457657958122,1266.86685783723,0.47305553634605,0.459233098517167,5.92441222782438,0.11203260877719,-0.78701860318469,-903.602513821871,-904.416232424948,-919.530427874345,-920.822491328004,1.26680274234968,-931.10270952696,1.54515643605971,1856.76027077258,1876.22728809532,NA,2395.27605771634,0.436908664801731,0.752243777249284
"387",-5.86,0.79,-5.86,0.83,1.359326,9.604077,-1.1484446,0.2002995,35,35,-4.24560759600008,0.546799578863937,-4.47910197714537,0.555885419170961,1.52593504169628,10.5416624367209,-1.30050454381052,0.217199807998291,1.52593504169628,7.58432449359177,-4.36235478657272,0.551342499017449,1.52593504169628,10.5552923432275,-1.30103491697544,0.217220446121812,1.52593504169628,7.6028922943521,3.37587956132248,0.0931444285977143,-0.545554379659878,-6.9456584305405,-7.12502172627774,2.76607767832968,6.52352810587233,-2.75610638192272,0.356685711933001,-2.88899434878127,0.354754848973608,4.73686445,0.09703588,-0.869,0.03441608,26.2867202150225,-3.01819730120754,1230.33457175366,0.874269153135513,0.8439230571168,8.28188461032899,0.173584035362642,-1.14672861467779,-934.419199552214,-934.515935066085,-949.314331987061,-949.465577715197,0.147083262363261,-1015.18154040308,0.183962029579865,1918.39364223327,1935.79509632075,NA,2457.65094620611,0.525285578616233,1.14434719759375
"388",-5.86,0.79,-5.86,0.83,1.359326,9.604077,-1.1484446,0.2002995,35,35,-6.53215477844358,0.84651392164345,-5.93608214423031,0.893003610698117,1.18970854011399,9.70267844873665,-1.08331891049555,0.180144622867412,1.18970854011399,10.7265515783819,-6.23411846133695,0.869758766170784,1.18970854011399,9.79150409505114,-1.07639110264091,0.180684945664512,1.18970854011399,11.2911744702822,2.25346325255255,0.0628166531535346,-0.356813836837224,-7.44658511572811,-6.57353894425528,1.77537920054857,12.2421379305127,-4.3287039820112,0.549951699168893,-4.20110050730233,0.642822940301097,4.39572251,0.11094376,-0.821,0.02200783,116.356152185927,-183.157061243017,1301.16907157583,0.0745142946163677,0.0703913020703649,9.3359005690895,0.177032082397074,-1.22617862287662,-887.980976832061,-889.99320214245,-910.168322263631,-913.460131465306,3.27413872634177,-926.332460095418,3.85808819220963,1825.51719679296,1857.50307687389,NA,2419.18108190865,0.388747662420931,1.24644657003495
"389",-5.86,0.79,-5.86,0.83,1.359326,9.604077,-1.1484446,0.2002995,35,35,-5.83512303890964,0.749941887908149,-6.6573067518296,0.947029639435221,1.22749542748604,9.06486396809831,-1.05629935534329,0.174242041669514,1.22749542748604,8.85558530764662,-6.24621489536962,0.848485763671685,1.22749542748604,9.23386048254602,-1.09680994017369,0.183952937120013,1.22749542748604,9.01424235839809,2.53311271411754,0.0704940039353631,-0.406003705595052,-7.32490456326198,-6.97289045294426,1.84061062662216,9.79532362669692,-4.32347033345334,0.554162308268955,-4.60817577628117,0.655166137841344,5.16276667,0.11397955,-0.854,0.02198112,118.924588199407,-188.293933269976,1290.87315412811,0.35067875756538,0.342939414459399,7.8847138231333,0.16213876801727,-1.09720057087965,-887.013745241771,-888.780319799244,-905.661649051758,-906.779547986568,1.09467668477584,-928.022695590448,0.742112103237175,1823.58273361238,1848.48973045014,NA,2393.45237498625,0.416467167671684,1.01915198625765
"390",-5.86,0.79,-5.86,0.83,1.359326,9.604077,-1.1484446,0.2002995,35,35,-4.98926567544493,0.689421628492282,-5.91595630612703,0.886650256313947,1.30178634532524,8.01277212391119,-1.10701413660389,0.229262110114916,1.30178634532524,9.52320368878476,-5.45261099078598,0.788035942403115,1.30178634532524,8.22746100515968,-1.15270661698005,0.23898689302302,1.30178634532524,9.63106781842966,2.72905328016573,0.0782152719941867,-0.445399619597309,-6.8396112445808,-6.59126474751655,2.14308653893042,9.27491688588971,-3.34771876085258,0.457991798811714,-4.46922918582916,0.683633061680632,3.80636093,0.10761434,-0.8,0.02654951,77.6965523617179,-105.837861594598,1260.43843284984,0.0995903228555977,0.0803078557027071,7.57420241347018,0.184988072959654,-1.14352335950989,-905.976556527671,-907.102439696872,-924.646340949496,-925.360197203902,0.697008347721185,-963.570118734215,0.333307443622171,1861.50835618418,1886.45911424562,NA,2415.03900410509,0.454356813998392,1.1032387602211
"391",-5.86,0.79,-5.86,0.83,1.359326,9.604077,-1.1484446,0.2002995,35,35,-5.91754760673993,0.759000167540776,-6.91546940496097,0.939500491444814,1.39271483075846,7.86260926873942,-0.988192713472621,0.183007779426179,1.39271483075846,7.66096171910665,-6.41650850585045,0.849250329492795,1.39271483075846,8.11157124758061,-1.03322401542507,0.191152871158545,1.39271483075846,7.71672025488457,2.5354848683285,0.0623863997876943,-0.381557930146048,-7.3533622450504,-7.27590982148625,2.02648010951997,8.61176362357273,-3.81975622368762,0.486005154224127,-5.2225501488026,0.715007835068498,4.58788046,0.13001447,-0.87,0.02461182,100.333905575785,-151.112568022732,1320.24546301624,0.129959879043505,0.101710409271272,9.05352386915454,0.172580512376012,-1.21322241466213,-910.432662188183,-911.506982939278,-927.555149826587,-928.004359439802,0.437778223235188,-947.528037875214,0.0366497956729641,1870.4205675052,1892.2767319998,NA,2489.37835800976,0.381343422721596,1.13143669212064
"392",-5.86,0.79,-5.86,0.83,1.359326,9.604077,-1.1484446,0.2002995,35,35,-5.22545380255237,0.78562808041787,-5.47248692533577,0.767666230883515,1.0112664673767,9.10944587563343,-1.13348085363249,0.230456391132219,1.0112664673767,15.1203921713455,-5.34897036394407,0.776647155650692,1.0112664673767,9.12470221657145,-1.13237156068713,0.230537048141893,1.0112664673767,15.2295587466488,2.45404975273959,0.0747744752677506,-0.414819373707513,-6.50262622644115,-6.85667140076579,1.84221881391051,13.925165614426,-4.07324688381681,0.613651648186856,-4.15738270394508,0.583083064202832,7.09886865,0.18545916,-0.841,0.01734076,148.152912319751,-246.750581510664,1290.81310727865,0.764589560391406,0.749700329863176,4.04254396958733,0.0914961093839509,-0.572077861644664,-868.487693246566,-868.766234711847,-892.630686814602,-893.103125817524,0.460492960823957,-939.574414672207,0.542505253026254,1786.53062962197,1822.42780597583,NA,2334.87563304663,0.424776306964131,0.619173770941585
"393",-5.86,0.79,-5.86,0.83,1.359326,9.604077,-1.1484446,0.2002995,35,35,-6.16436128083212,0.804644810238421,-6.09612590185149,0.933780033048146,1.23634393152027,7.05556132232225,-0.783043358380608,0.152906681875096,1.23634393152027,10.0242061999168,-6.1302435913418,0.869212421643284,1.23634393152027,7.05672533905842,-0.780840460663566,0.157075658317626,1.23634393152027,10.5506959574492,2.8624203797016,0.0653169536621778,-0.417044722908265,-7.32823694940568,-6.49064732922216,1.75247802901176,12.2980350060354,-4.35522059297233,0.565768917235913,-4.44235505263124,0.688599287048386,3.87703268,0.08631794,-0.762,0.02375707,104.321174999707,-159.087106870577,1306.29163085063,0.0827452218910419,0.0734399640056591,7.2386694581751,0.162379218546406,-1.02775260290599,-889.951561621114,-892.10581518513,-915.265273190156,-918.530932263437,3.24751758656991,-923.298997796818,3.58236209578978,1829.45836637107,1867.69697872694,NA,2453.49615483069,0.401385946630836,1.07276145779268
"394",-5.86,0.79,-5.86,0.83,1.359326,9.604077,-1.1484446,0.2002995,35,35,-6.82715746406786,0.888997963824909,-5.23645807385436,0.743945949495547,1.37454331072989,10.7703412019957,-1.21913041253066,0.190916265865151,1.37454331072989,8.92537390944599,-6.03180776896111,0.816471956660228,1.37454331072989,11.4029223395021,-1.2768139502164,0.196176287580403,1.37454331072989,9.29539366184867,2.93803191131638,0.0780170858794973,-0.461026799256285,-7.48847887162291,-6.76196184770112,2.05566206971478,9.95356373330683,-4.76536619675118,0.627359995078542,-3.88132594803576,0.557930225085366,6.36819203,0.13286763,-0.873,0.02446609,90.5812679153308,-131.607292701824,1307.46221243426,0.305754438477634,0.279474326885799,8.81851899125553,0.158756048319402,-1.14524963433953,-914.35247705789,-916.262121725834,-933.876273108367,-936.438418606756,2.53505242149475,-955.604654235279,2.78953227018364,1878.26019724462,1904.91897856336,NA,2483.3171321667,0.461071832568944,1.09222053317705
"395",-5.86,0.79,-5.86,0.83,1.359326,9.604077,-1.1484446,0.2002995,35,35,-5.44556117328382,0.702150240602722,-5.04883011962128,0.728061214887976,1.24537057560504,8.67265321077437,-1.2973934301951,0.258511722790564,1.24537057560504,8.56041096734216,-5.24719564645255,0.715105727745349,1.24537057560504,8.71200209300941,-1.29482350816269,0.258679567437666,1.24537057560504,8.77499869954534,2.30222837255312,0.071975800303278,-0.388638458011149,-7.22007296524626,-6.66897103177015,2.2523988328614,6.97860455167399,-4.14451756433706,0.547706906511881,-3.59371873213223,0.519736115341652,6.11704231,0.17598882,-0.898,0.02542697,80.7988495125617,-112.042455896286,1236.66519346123,0.383633603282717,0.282010356488117,5.43464174422839,0.121011052586028,-0.770607611077659,-894.027097868686,-895.066305512496,-907.075149770505,-908.628957863932,1.52629064165355,-966.90557482341,2.01112283307642,1837.60943886621,1851.31673188764,NA,2361.28793102618,0.429482626836685,0.794943066136558
"396",-5.86,0.79,-5.86,0.83,1.359326,9.604077,-1.1484446,0.2002995,35,35,-4.69309381311481,0.6764978996982,-5.92281849020548,0.83570556922286,1.22221604362903,9.680287100002,-1.08546276927952,0.185329591470458,1.22221604362903,10.8687172459894,-5.30795615166014,0.75610173446053,1.22221604362903,10.0583427953634,-1.13440816927866,0.191666361979326,1.22221604362903,10.9714191722788,2.71765706948311,0.0785326915521772,-0.449119144697513,-6.62043561413493,-6.90164219433655,1.96643297358715,11.4565853461638,-3.55541288346371,0.51815107484048,-4.16466996312417,0.585994062463077,5.18441621,0.10556218,-0.824,0.02446369,89.2700894251295,-128.984935721422,1259.05901706486,0.674489405359864,0.653043475824344,6.41465409730037,0.138679323138347,-0.903887121003131,-895.10558563158,-896.176578887577,-917.616392640576,-918.219508259336,0.588414977198763,-949.23281210647,0.384166740959618,1839.766414392,1872.39921762778,NA,2389.1330984083,0.441496534338683,0.89391534118456
"397",-5.86,0.79,-5.86,0.83,1.359326,9.604077,-1.1484446,0.2002995,35,35,-5.10130217396686,0.690341964885401,-5.50824766057542,0.880163515811417,1.40561121275207,11.7865544917814,-1.56177881711113,0.29243551116363,1.40561121275207,10.7067507249797,-5.30477491727114,0.785252740348409,1.40561121275207,11.8279556490492,-1.58109057296373,0.30144356646262,1.40561121275207,11.0899891556067,2.89111458178452,0.074955252753774,-0.452836536344761,-6.94616461702779,-6.22220242330639,2.43550248511231,9.80080660324156,-3.1483747921514,0.421594929880636,-3.90924425595613,0.640490283520029,7.28661866,0.2245217,-0.891,0.02711341,56.292310139041,-63.0293771492446,1305.98608812797,0.122520655761645,0.0982819189211539,7.44758236673116,0.162947807833631,-1.03890430000261,-934.551686821915,-936.307081359724,-950.907175091383,-953.162022595474,2.22608423932968,-996.654118044656,2.37101318614865,1918.65861677267,1938.98078252939,NA,2548.9427991067,0.428015336081132,1.10862935434167
"398",-5.86,0.79,-5.86,0.83,1.359326,9.604077,-1.1484446,0.2002995,35,35,-5.48986160034304,0.760411674769416,-6.63964734872753,0.925207503911509,1.42101244538184,10.8229063282012,-1.33085716245372,0.215139275366833,1.42101244538184,7.75321052215153,-6.06475447453529,0.842809589340462,1.42101244538184,11.1534081449982,-1.37822713638892,0.221928691692491,1.42101244538184,7.81305791827915,3.11259514008147,0.0908329868549486,-0.519003852613498,-6.91726684384074,-7.08524168638253,2.15184988690198,8.12276438107822,-3.59001320803746,0.501439072261756,-4.52393653361077,0.642709596996334,6.07659507,0.14056719,-0.901,0.03021298,50.7192258865369,-51.8832086442365,1273.85933617224,0.468791060893112,0.412966128631264,9.33383034622504,0.178659165441074,-1.251994526953,-918.877372754142,-919.733962885292,-933.224873541802,-933.701848370252,0.464929173859102,-960.407263478217,0.171039735718761,1887.30998863712,1903.61617943023,NA,2495.83546370023,0.502216549229974,1.17355185518387
"399",-5.86,0.79,-5.86,0.83,1.359326,9.604077,-1.1484446,0.2002995,35,35,-6.30282973341972,0.935718206135388,-6.01723191668379,0.868466323695591,1.34432796433271,9.73808329827712,-1.18357775870702,0.205930627364358,1.34432796433271,9.02817764679124,-6.16003082505176,0.902092264915489,1.34432796433271,9.7584748265082,-1.18837950640606,0.207061331287282,1.34432796433271,9.04427326487199,3.23853175990521,0.0796058040609614,-0.488959698032396,-6.6858040270773,-6.80087552316064,1.98629812438807,10.0540827035676,-4.90696458304748,0.727716871305049,-4.21606266397672,0.609563976140294,6.40753258,0.14404324,-0.858,0.02288917,100.547718956,-151.540194783163,1283.29552519709,0.6032566378889,0.545235581384391,6.74580902779537,0.148847591514118,-0.975392451700123,-911.474124832897,-911.644931666838,-929.15189112173,-929.264153795791,0.109142664603825,-947.514678999718,0.071765437776314,1872.50349279463,1895.47021459009,NA,2415.05085561101,0.479739139104546,0.893497291825715
"400",-5.86,0.79,-5.86,0.83,1.359326,9.604077,-1.1484446,0.2002995,35,35,-5.58203826458964,0.822556182081881,-5.58153739220298,0.846154115702424,1.19368474823621,9.77570239100909,-1.12212294025218,0.177328113359942,1.19368474823621,9.23512401940927,-5.58178782839631,0.834355148892153,1.19368474823621,9.77570245372737,-1.12211998536385,0.177467328977732,1.19368474823621,9.25075291343593,2.5780803411883,0.065399982705074,-0.393015521724022,-6.63920261464221,-6.49811136017723,1.80086181780831,10.1549820032597,-4.11960566023158,0.60977621669634,-3.98362156952223,0.617360028036333,5.52865265,0.1238939,-0.867,0.02651091,72.7299514237405,-95.9046597186437,1212.4629749682,0.830680258648252,0.819742083097159,6.75565309617108,0.137471683062604,-0.934952207175325,-882.479902019004,-882.566405980635,-901.463667594253,-901.570475108299,0.103835067537778,-923.820906587347,0.117922828321294,1814.51504716685,1840.09376753513,NA,2329.02129021776,0.399793039243141,0.86969212043315
"401",-5.86,0.79,-5.86,0.83,1.359326,9.604077,-1.1484446,0.2002995,35,35,-6.7831047554124,0.889458984200886,-5.93602391257775,0.852557945636472,1.33203042162205,7.1152518935509,-0.786017083008716,0.154327220683649,1.33203042162205,9.50982054577478,-6.35956433399508,0.871008464918679,1.33203042162205,7.29463838212528,-0.793831623720872,0.154667642345432,1.33203042162205,9.77052848102513,3.66423402123484,0.0912238986565731,-0.563736710069826,-7.44167952286553,-6.81444551892282,1.83964651911775,12.0041026199049,-4.89643727083344,0.636070064697532,-4.25969933702977,0.612869427858149,4.97871755,0.12614003,-0.847,0.02366131,103.712144030779,-157.86904493272,1331.79794074994,0.271790510945321,0.22817844471731,8.02303204114838,0.155148016909574,-1.06308254448226,-904.945814630534,-906.081648776232,-930.184169652793,-931.899411122794,1.68681658452778,-934.409646331688,1.95700249516607,1859.44687238991,1897.53477165221,NA,2505.72683656716,0.521233667113402,1.08352503540287
"402",-5.86,0.79,-5.86,0.83,1.359326,9.604077,-1.1484446,0.2002995,35,35,-5.79422907552867,0.769762851637942,-5.85530443106679,0.801038959519235,1.3002259132177,10.6810205327634,-1.26011353448544,0.213613496683093,1.3002259132177,10.2043811391045,-5.82476675329773,0.785400905578588,1.3002259132177,10.6819530825269,-1.26059108433762,0.213858045414144,1.3002259132177,10.2166118334392,2.70296897755363,0.0751220158324228,-0.432751384188444,-7.16592242704598,-7.04066282513995,2.0703948588059,10.6105120324786,-4.17460520219324,0.556717238943009,-4.51528351191304,0.626511515945252,6.34307714,0.12556342,-0.847,0.02441829,91.0438857336369,-132.532528338436,1311.44455808947,0.796468184727131,0.785573494284475,7.70843264007573,0.164267640249248,-1.08792365173026,-909.516643422964,-909.585541212031,-928.743039564706,-928.819409838708,0.0742287507389619,-959.392901503469,0.0776719953693885,1868.58852997477,1894.65251147604,NA,2490.3565878405,0.444632491155668,1.0298087802227
"403",-5.86,0.79,-5.86,0.83,1.359326,9.604077,-1.1484446,0.2002995,35,35,-5.8216696621023,0.785799883993635,-5.92469511130994,0.802823040489202,1.3036948849375,6.34028993151412,-0.696644669826439,0.125544744170203,1.3036948849375,7.55595159066611,-5.87318238670612,0.794311462241419,1.3036948849375,6.34294349231022,-0.697083124412662,0.125617191134472,1.3036948849375,7.55644732173948,2.2062803408323,0.0587339118692275,-0.345339625638719,-7.09781852474425,-7.09942441263032,1.80129092727521,9.42192399216753,-4.34836814482405,0.590953522563988,-4.42584943452828,0.598788230258339,4.89450163,0.10036959,-0.85,0.02692472,79.9544403375198,-110.353637546202,1259.60628096731,0.992951255231956,0.990747076928398,5.17814182310762,0.106020030551218,-0.710050054698625,-888.354312696491,-888.36717847403,-910.518381383453,-910.522437059729,0.0039399139454923,-921.500168959853,1.63472853036172e-05,1826.26386852182,1858.20319511353,NA,2408.85892438842,0.351862895089945,0.701919215242393
"404",-5.86,0.79,-5.86,0.83,1.359326,9.604077,-1.1484446,0.2002995,35,35,-6.29531735714165,0.895302707667806,-5.54357220837176,0.805826172055748,1.20332281676102,11.2727979068198,-1.43545519799092,0.247199988703769,1.20332281676102,10.3860800142383,-5.9194447827567,0.850564439861777,1.20332281676102,11.4140780989945,-1.4522710858847,0.249201501310053,1.20332281676102,10.4356353480359,2.97100120619912,0.0760447778153728,-0.463693086296729,-6.9190767323581,-6.70040962893846,2.00792915271573,9.85890502625731,-4.28767626941809,0.610512864583336,-3.98535010360249,0.582931829853668,6.89767551,0.15930805,-0.874,0.02294833,97.3817791426507,-145.208315156464,1272.94034922081,0.8910196173635,0.870519050891027,7.41254657728086,0.164568126668267,-1.07194602006046,-895.780014615762,-896.148408511999,-910.893542630849,-911.19754071011,0.2959545949109,-949.544833259438,0.260963306042431,1841.11527236036,1858.95351760833,NA,2400.67238328515,0.430543320624813,0.997265516611137
"405",-5.86,0.79,-5.86,0.83,1.359326,9.604077,-1.1484446,0.2002995,35,35,-5.6352955712674,0.800373657985588,-6.10444724340915,0.82756876029498,1.42309027569396,7.95091310541034,-0.82436181960184,0.140231935234626,1.42309027569396,8.51433683075446,-5.86987140733828,0.813971209140284,1.42309027569396,8.00593892827866,-0.827551476532466,0.140416828632031,1.42309027569396,8.5734908566448,2.73749040880053,0.0804771449654748,-0.454146113588074,-6.82461765971807,-7.131747949572,1.94172084553345,10.9292197297992,-3.93108160299526,0.560807749225714,-4.37997387625774,0.592895664881433,3.0288624,0.05406199,-0.699,0.02763825,78.7636157657295,-107.971988402622,1282.29788993095,0.685249182968189,0.653544286620753,8.94063481749983,0.186126245438139,-1.24876722597116,-914.789342197198,-915.069304195316,-939.419402932986,-939.853270540798,0.422780255954478,-944.620340667842,0.484611180380297,1879.13392752323,1916.0052382126,NA,2456.62379145927,0.459852200190962,1.17416415104417
"406",-5.86,0.79,-5.86,0.83,1.359326,9.604077,-1.1484446,0.2002995,35,35,-5.15031033433456,0.734033130081504,-5.45380801644857,0.726910347554711,1.25353377338208,5.83990385327111,-0.618548946460005,0.125072076639715,1.25353377338208,9.00917167939386,-5.30205917539157,0.730471738818108,1.25353377338208,5.86293156403325,-0.618008509463233,0.125084760147446,1.25353377338208,9.09279440861024,2.11284884216365,0.0548781735605932,-0.324881733907739,-6.73487212111177,-7.0808054983593,1.8394489547081,10.7515904370273,-4.24640502105697,0.600424631979127,-3.68682736528664,0.48720848546909,3.74213459,0.05672313,-0.782,0.02419461,105.298195090171,-161.041147051505,1225.74398393891,0.367555320526393,0.313628065415803,5.97205175172659,0.149245204650971,-0.900612773384199,-885.071756776157,-885.411476370082,-911.886822583578,-912.469215846539,0.568113503180333,-930.838663021834,0.658790772148656,1819.69875668115,1860.94007751378,NA,2290.44682082632,0.337385282912164,0.927553636231139
"407",-5.86,0.79,-5.86,0.83,1.359326,9.604077,-1.1484446,0.2002995,35,35,-4.91176000754222,0.632278069239853,-6.13299969192245,0.794841415026403,1.35434377933838,8.05590155875461,-1.09768890316462,0.21492820125165,1.35434377933838,8.14334350403305,-5.52237984973234,0.713559742133128,1.35434377933838,8.42875815043088,-1.14732110543966,0.221534911599979,1.35434377933838,8.22797431159151,1.68396047306959,0.0438186653275163,-0.253533998854658,-7.10255211567591,-7.35528145234647,2.25392214349759,7.69189717802482,-3.28918876148953,0.415913611719061,-4.43721676985201,0.58587821959263,4.17201479,0.10546333,-0.845,0.02445009,99.9676957264712,-150.380148324105,1280.72084645914,0.231405977596471,0.175813534848884,7.59886165635657,0.162871140963987,-1.06606138404297,-908.560236753592,-909.744728327995,-924.504385401502,-925.149325355794,0.629408149375182,-970.068183436137,0.387975932799696,1866.67571663602,1886.17520314963,NA,2411.06154459417,0.290681906615218,1.05437379616533
"408",-5.86,0.79,-5.86,0.83,1.359326,9.604077,-1.1484446,0.2002995,35,35,-6.50085857983991,0.838528252458142,-5.5720659796416,0.803857941950457,1.28098186840193,8.91583281976758,-1.05206616297514,0.17090882258965,1.28098186840193,7.87005820423143,-6.03646227974075,0.8211930972043,1.28098186840193,9.13149674331337,-1.06011654493667,0.171209330197325,1.28098186840193,8.22844966007729,2.90819422217033,0.0827958628763119,-0.474949611708372,-7.46286546768038,-6.74062960585709,1.88304946344654,8.77412384827401,-5.0672753196976,0.662151825116586,-4.11451363204473,0.595607309632853,5.17409172,0.10930285,-0.883,0.02568773,92.7920416356579,-136.028840142478,1267.73879795171,0.134362721220107,0.12574399715377,6.93453694894722,0.131575066691926,-0.910092352254708,-891.704655618789,-893.421008113574,-908.736159143248,-911.508838752084,2.74751511617957,-930.129394569305,3.3726051098783,1832.96455436641,1854.63875063312,NA,2399.44875576094,0.474201042348958,0.929713800820364
"409",-5.86,0.79,-5.86,0.83,1.359326,9.604077,-1.1484446,0.2002995,35,35,-6.5516817156745,0.811137118866852,-5.63979913370993,0.818386441962612,1.33630798741719,4.85967887502386,-0.536257944538951,0.109712545150268,1.33630798741719,6.92184509029236,-6.09574042469222,0.814761780414732,1.33630798741719,5.06756133584646,-0.534605311673437,0.109725683321604,1.33630798741719,7.51920685088798,2.97228477477247,0.0771604826363805,-0.459917989518538,-7.67687788945336,-6.72180571639023,1.76312467299634,9.14400040395339,-6.18776206528039,0.798899910411813,-4.32274401509734,0.625910889712325,2.52606841,0.03192437,-0.663,0.02517898,111.193387430674,-172.83153173251,1283.08693294699,0.00990846242588561,0.00585927525727278,6.7980243665329,0.147238487113667,-0.947624891794585,-887.565274400872,-890.617463353914,-911.18166301746,-916.270599964895,5.12766902880735,-915.307232823318,6.06913871766807,1824.68579193058,1859.52975838155,NA,2393.34233416146,0.463024256193088,0.990697981443001
"410",-5.86,0.79,-5.86,0.83,1.359326,9.604077,-1.1484446,0.2002995,35,35,-5.37662767928894,0.79070252744841,-5.80190203218401,0.767179244150181,1.5391340432062,10.9086977580962,-1.44054771702157,0.247319734801644,1.5391340432062,7.16442985043031,-5.58926485573647,0.778940885799295,1.5391340432062,10.9539123269038,-1.43804675475092,0.247458071015926,1.5391340432062,7.34697863423387,4.28883555244816,0.105323146473508,-0.655474067425807,-6.62356786088348,-7.18898784855378,2.41720626812459,6.94140578958419,-3.89730911473248,0.568508390910974,-3.72889073038997,0.492933352913832,6.08700839,0.13567242,-0.881,0.02991831,49.6460161436027,-49.7367891583679,1268.06277606622,0.501353914014972,0.473296994422246,7.99648658391873,0.178358638341298,-1.15599042055117,-936.454460667066,-937.467105065704,-947.91385137797,-949.46174301492,1.52041447180634,-984.043089627223,1.98188374218429,1922.46416446297,1932.99413510257,NA,2486.38876297407,0.603591179025311,1.09047061566419
"411",-5.86,0.79,-5.86,0.83,1.359326,9.604077,-1.1484446,0.2002995,35,35,-6.10790187932979,0.811456037963081,-4.96305069626479,0.713557307406122,1.40638693657301,7.14140384752507,-0.760534138992071,0.135485547083731,1.40638693657301,8.04431907308963,-5.53547628779729,0.762506672684601,1.40638693657301,7.4690749053664,-0.788554008366745,0.137881587444897,1.40638693657301,8.25568769203127,2.95330278216406,0.0715371941491575,-0.440781604542907,-7.23119801565995,-6.66960213601711,1.98209217172407,9.90989073425067,-3.76648718571478,0.495223822535303,-3.76676126997453,0.546856689239907,3.62161542,0.07213624,-0.786,0.0301955,57.6163940317398,-65.6775449346422,1263.86594178411,0.511266260080547,0.501218708367043,8.15389821444501,0.163489270689031,-1.11169274759588,-909.292661599769,-910.623335342163,-932.980329682126,-934.597428683555,1.58918166993874,-946.53579384227,1.73560358941094,1868.14056632838,1903.12709171088,NA,2462.05433863358,0.440115553572228,1.07471208850043
"412",-5.86,0.79,-5.86,0.83,1.359326,9.604077,-1.1484446,0.2002995,35,35,-5.5978450650804,0.756430139442032,-6.16457735582244,0.897468473389068,1.49396422747936,5.00287687462721,-0.436755315238539,0.09669901410619,1.49396422747936,8.14491529475407,-5.88121121045142,0.82694930641555,1.49396422747936,5.08317324696964,-0.456738059758601,0.101671967016829,1.49396422747936,8.21832910159262,2.17894174184924,0.0608756970596505,-0.348779856890202,-7.0489712657575,-6.7754336593064,1.88397680950352,11.7980102822819,-4.22041045642931,0.567668636590285,-4.45522658361189,0.641360257408125,4.32401486,0.07795015,-0.806,0.02779912,74.8144089201596,-100.073574711482,1292.49203643474,0.584462370779492,0.568550960124336,5.63808650126176,0.138574320969261,-0.830707328189747,-916.669411031793,-917.688697596178,-948.5548624873,-949.114566834379,0.545892302347006,-939.684313585325,0.369286166102872,1882.89406519242,1934.27615732123,NA,2484.910498158,0.363755300415562,0.912982732509551
"413",-5.86,0.79,-5.86,0.83,1.359326,9.604077,-1.1484446,0.2002995,35,35,-5.96391635861595,0.799539726679078,-5.86885363805217,0.735311477349094,1.28729055229991,14.4851032436703,-1.78353467042412,0.283552827793328,1.28729055229991,10.9251403175016,-5.91638499833406,0.767425602014086,1.28729055229991,14.4873624738805,-1.78506109845372,0.284584144796326,1.28729055229991,10.9884817362353,2.13894352921635,0.06119661527688,-0.345423252439979,-7.15820679399456,-7.44579936260675,2.29085387979551,9.63952625486861,-4.85254162630987,0.667985820949536,-4.09304252309615,0.522094419321293,9.241244,0.1958776,-0.903,0.0220202,108.199967243102,-166.844691357366,1351.46531864807,0.477211855334298,0.427711860600661,6.83053388787624,0.125743368647333,-0.886940558524689,-915.573349971196,-915.907972577434,-930.657514818085,-931.028341928319,0.361187907161937,-981.126572028562,0.403815143308019,1880.70194307123,1898.4814619828,NA,2536.08594593877,0.368352526466859,0.890586764812062
"414",-5.86,0.79,-5.86,0.83,1.359326,9.604077,-1.1484446,0.2002995,35,35,-4.67654754871376,0.666158123946643,-5.93965122065923,0.831230438771916,1.33226680419716,8.40901587761997,-0.81674001523448,0.130817648941234,1.33226680419716,9.59616467910505,-5.30809938468649,0.748694281359279,1.33226680419716,8.8078735991405,-0.868865876982563,0.137629866221677,1.33226680419716,9.69298042524133,3.48987799959574,0.094413912987429,-0.556771928558931,-6.66549105803982,-6.94513659398835,1.92723216587076,11.7518281035847,-3.1972891655539,0.456589181546885,-3.87124995666746,0.549535571682518,3.27804268,0.0600466,-0.726,0.02957219,59.810919936476,-70.0665967441146,1255.76722566992,0.548287169021556,0.509560352634568,8.90207658937083,0.180272757760248,-1.22804602121812,-902.871156863785,-904.161546325106,-930.800383774889,-931.437060251696,0.621306947998758,-945.11928508896,0.378665952941278,1855.29755685641,1898.76719989641,NA,2441.46785459573,0.540598239241167,1.14713517360215
"415",-5.86,0.79,-5.86,0.83,1.359326,9.604077,-1.1484446,0.2002995,35,35,-5.586586688657,0.833556979095708,-5.85096177964245,0.765219002106736,1.43792246889529,8.26497505377948,-1.06956324282152,0.195601538218499,1.43792246889529,7.20540730540927,-5.71877423414973,0.799387990601222,1.43792246889529,8.28244860096288,-1.06504652810046,0.196769057993235,1.43792246889529,7.48702522416259,3.04647156690671,0.0760843762193874,-0.462451551299939,-6.57821113677538,-7.2497262108556,2.14024416045104,7.72886962650098,-3.58392832255889,0.53132799790173,-3.95634139013061,0.511602234624548,3.99777819,0.10382527,-0.853,0.03054643,54.2262824952149,-58.8973218615925,1257.54784414451,0.209801557516896,0.181524280195207,8.52295762058394,0.184609580609182,-1.20396081178693,-916.600593105711,-918.108758750799,-931.599255550262,-933.961418755401,2.33382911566148,-957.537516536755,2.87234872781115,1882.75642934026,1900.36494344715,NA,2456.19836642743,0.460883361282058,1.1819170057931
"416",-5.86,0.79,-5.86,0.83,1.359326,9.604077,-1.1484446,0.2002995,35,35,-6.48073722554653,0.962589321839324,-6.26963932493955,0.90499889190443,1.56723223299011,5.29179552615699,-0.579970017444658,0.113267688833661,1.56723223299011,6.00575504868686,-6.37518827524304,0.933794106871877,1.56723223299011,5.30293610706716,-0.583009322158235,0.114096853238682,1.56723223299011,6.02018780926955,2.50228916215042,0.0739847195335402,-0.416627893433203,-6.70362036527365,-6.83563134355397,1.91831293999248,8.58042119990327,-4.38919547217449,0.654815239819066,-4.34063615686671,0.62184803494402,3.2305066,0.08010226,-0.797,0.03027747,60.3875727729941,-71.2199024171508,1266.03055611801,0.839250778954542,0.818561234510375,8.19220881131792,0.183958905999395,-1.19616186729394,-919.847548078564,-920.028464292529,-941.632351444028,-941.776412147483,0.140088785977049,-933.974435845317,0.112839980088232,1889.25033928596,1920.43113523468,NA,2460.84120981887,0.421342727858329,1.09165967547729
"417",-5.86,0.79,-5.86,0.83,1.359326,9.604077,-1.1484446,0.2002995,35,35,-5.75143276382793,0.765792212983305,-5.69086548159969,0.824836884799771,1.37537968369135,5.99785748841226,-0.534060301653125,0.107646483285322,1.37537968369135,9.48825759432242,-5.72114912271381,0.795314548891538,1.37537968369135,5.99877458733138,-0.533166257827629,0.1085180516028,1.37537968369135,9.60205835995175,2.08880202258998,0.0523702944167461,-0.315152308616806,-7.14678215296815,-6.73444199503608,1.82108770038508,13.0363485871797,-3.95280917950899,0.532712512120834,-4.01184533191635,0.583766795819443,3.67075336,0.06822035,-0.786,0.02734633,78.1819628723736,-106.80868261591,1278.95302565167,0.604830518186601,0.557082596446177,6.70964964431687,0.141526582320997,-0.904793822273281,-905.56736813419,-906.077029003519,-937.88663027745,-938.642060487651,0.737820557247145,-934.598961748943,0.791540645785783,1860.68997939722,1912.93969290153,NA,2451.09736868743,0.326546364121913,1.03339085737398
"418",-5.86,0.79,-5.86,0.83,1.359326,9.604077,-1.1484446,0.2002995,35,35,-5.98548566258385,0.802439229948187,-5.38671619665913,0.796999236690975,1.27025292888756,9.75986320561516,-1.11386405643853,0.190029888564018,1.27025292888756,10.2370892124556,-5.68610092962149,0.799719233319581,1.27025292888756,9.84949442394609,-1.11467838190284,0.190037286945677,1.27025292888756,10.4580950884938,2.62944941438269,0.061281569247985,-0.381224342868252,-7.16250160778903,-6.59614221398474,1.95223351276397,11.2419030129499,-4.84664583358053,0.652436777112238,-4.07315764792816,0.596094278599224,7.07009257,0.11998775,-0.86,0.02172029,114.25035407116,-178.945465013483,1287.52873896277,0.445417859423701,0.397852615839573,5.56692159345463,0.128258108394355,-0.804596448830547,-901.995539714173,-902.810453705043,-923.233199480032,-924.596563633308,1.33739256549946,-946.848803695043,1.59716755626198,1853.54632255718,1883.63283130669,NA,2396.11201291205,0.396186146742209,0.824753357742779
"419",-5.86,0.79,-5.86,0.83,1.359326,9.604077,-1.1484446,0.2002995,35,35,-5.92516154361083,0.770573679783071,-5.80440991959653,0.754382557999916,1.56831026395458,9.70791470598443,-1.1766287137194,0.202528575880334,1.56831026395458,7.56748309194645,-5.86478573160368,0.762478118891494,1.56831026395458,9.71155994465997,-1.17711748978188,0.202594113986484,1.56831026395458,7.5681837340686,2.8147581701885,0.0762976146741133,-0.441618473210817,-7.29202419085731,-7.26773508065349,2.33581215125624,8.29177088732621,-3.9764727833548,0.515367869187395,-3.59575361135468,0.474391195740342,3.47033392,0.08558128,-0.797,0.0279228,74.7244132354823,-99.8935833421272,1318.91867804605,0.819402103759053,0.838285735684595,11.1155962695898,0.218959845176326,-1.51778418185827,-939.201382764708,-939.211174667435,-955.887761177709,-955.893485489354,0.00556098725783567,-981.147515309572,0.00323469819441444,1927.95800865825,1948.94195470205,NA,2537.94377274997,0.466649473066954,1.39421254995806
"420",-5.86,0.79,-5.86,0.83,1.359326,9.604077,-1.1484446,0.2002995,35,35,-5.56878653670081,0.725645121315671,-6.42491274692247,0.944305124134191,1.31114410046567,11.7894112360869,-1.41015334452189,0.219701378184507,1.31114410046567,8.92388910939732,-5.99684964181164,0.834975122724931,1.31114410046567,11.972649258044,-1.45695348440691,0.231654427392656,1.31114410046567,9.13803264374467,2.73999338324734,0.0702109103691156,-0.425729681644727,-7.20332190914139,-6.75672840517835,2.07828115658767,9.01117305773995,-4.11268217938337,0.534006600479611,-4.45991966729769,0.656734661925036,7.93581027,0.13328842,-0.909,0.02515174,87.9527193716647,-126.350195614492,1286.02765705031,0.143371376082934,0.137976058253333,7.12821395652137,0.17179458194009,-1.06301574121915,-906.326329937712,-908.495150478377,-922.296551917001,-923.790986690979,1.46734412034397,-955.137033736278,1.14072903519566,1862.20790300426,1881.75953618063,NA,2445.70511848613,0.405571829282401,1.05177183364373
"421",-5.86,0.79,-5.86,0.83,1.359326,9.604077,-1.1484446,0.2002995,35,35,-6.5863734301727,0.933192055616448,-7.23005585049976,0.994152292367822,1.20116703840889,8.63660117760454,-1.23892801719275,0.239714211859181,1.20116703840889,8.71703161737398,-6.90821464033623,0.963672173992135,1.20116703840889,8.74018294216406,-1.24873777537671,0.240643249475376,1.20116703840889,8.78122134347746,3.38621606078954,0.0893802084903895,-0.5341863254478,-6.98439787493063,-7.26489497936207,1.91815281234982,8.32170544292543,-5.32646549796433,0.764241405137834,-4.63393151488019,0.639505699703124,4.0661384,0.114731,-0.876,0.0243238,108.482034635587,-167.408826142337,1299.23950195118,0.520900702756748,0.454075168015212,9.60369022193365,0.206121797795627,-1.35617616413605,-886.082343298618,-886.548100494575,-899.358430025999,-899.819322298629,0.449201108621729,-932.995825530293,0.523630756489876,1821.71992972607,1835.88329239863,NA,2431.07017776002,0.51210644436357,1.30337438151489
"422",-5.86,0.79,-5.86,0.83,1.359326,9.604077,-1.1484446,0.2002995,35,35,-5.91723771191102,0.857993298527211,-6.24995873729125,0.899453646661358,1.32287458706861,10.5866555335429,-1.27542335562856,0.228062420272402,1.32287458706861,10.75135531195,-6.08359822460114,0.878723472594284,1.32287458706861,10.6143313537254,-1.27887203801451,0.228492160389253,1.32287458706861,10.7591023065821,2.49558044567447,0.0686060330105595,-0.399457565852258,-6.76327689223832,-6.84898789212183,2.04352642618314,11.5829007759046,-4.69740201143029,0.698645706844011,-4.37259175457653,0.635114645226873,5.22130257,0.11334719,-0.803,0.02398363,96.5358809899486,-143.51651885106,1323.75102242907,0.841330162995676,0.748938561626402,7.7044776045995,0.171524890159658,-1.11060828986532,-916.551124733486,-916.623391622741,-936.310417984592,-936.356549765834,0.0448285002880052,-959.007593817612,0.0339984450185713,1882.65749259581,1909.78726831581,NA,2503.98552600707,0.398916345306435,1.05759286885926
"423",-5.86,0.79,-5.86,0.83,1.359326,9.604077,-1.1484446,0.2002995,35,35,-6.80365755983484,0.901319519849651,-6.30103470654828,0.877049228901621,1.34296820320817,3.90647361421844,-0.401950301161737,0.0995191319410854,1.34296820320817,7.563643291907,-6.55234613319156,0.889184374375636,1.34296820320817,3.96963104737993,-0.405000001883337,0.0996663936967608,1.34296820320817,7.6481347588522,2.1906604183172,0.056920488454488,-0.336946013112087,-7.39157032504122,-7.03354358480437,1.67468858450647,10.8762735542536,-5.09056231466762,0.680464748948297,-4.94098994410762,0.696928023548656,3.34493411,0.0698557,-0.73,0.02181094,128.961349129384,-208.36745512993,1313.27325171419,0.738057168265762,0.7160056511282,5.42373177862215,0.11973487273888,-0.772594811864423,-888.61342113906,-889.130339413547,-917.8528306403,-918.540086794439,0.670908345482281,-908.217542881913,0.766943970889793,1826.78208540696,1872.87209362723,NA,2418.17904829844,0.349769984613445,0.763515796130528
"424",-5.86,0.79,-5.86,0.83,1.359326,9.604077,-1.1484446,0.2002995,35,35,-4.73135259515293,0.616063544432386,-6.56619881419788,0.879761586327226,1.16361352577396,7.41108807409471,-0.844584330753005,0.155970130762122,1.16361352577396,9.86496197265839,-5.64877570467541,0.747912565379806,1.16361352577396,8.2527532359806,-0.965545669538082,0.173354295086915,1.16361352577396,10.0501014917228,3.1991139953377,0.0822004156606176,-0.491906866549679,-7.01874664625996,-7.28254816878845,1.86560373391184,10.4432614950031,-3.02817190725716,0.393193208090262,-4.95191201478082,0.678745535284494,3.62457591,0.09734781,-0.801,0.02346478,107.230678562833,-164.906113996829,1271.18815783306,0.0118120208627508,0.00737729808082794,8.72446092145815,0.165742415566094,-1.16848921695812,-876.520323674934,-879.521358067545,-899.392815783885,-900.575570712207,1.15872354896987,-933.367173769853,0.387911211870704,1802.59589047871,1835.9520639144,NA,2377.4702016693,0.496694717927275,1.08375293623145
"425",-5.86,0.79,-5.86,0.83,1.359326,9.604077,-1.1484446,0.2002995,35,35,-6.21092787511486,0.837457114467042,-6.03320484024486,0.828303146504969,1.34195070128238,10.980307528898,-1.29108424847497,0.196941462629928,1.34195070128238,8.05133823890663,-6.12206635767986,0.832880130486005,1.34195070128238,10.9882038981788,-1.2914909662168,0.196962411412291,1.34195070128238,8.06137152986588,3.61354031016734,0.0866375847751516,-0.548754261498218,-7.17931632592813,-7.05613026340558,2.00835013200009,8.6843081364452,-4.94162181877937,0.669471540583516,-3.98922621412361,0.549041824131364,7.11933197,0.11511801,-0.916,0.02805314,71.7319389352358,-93.9086347416342,1278.05216321449,0.523686149980077,0.440148436247211,7.52113394654643,0.163924067275197,-1.06824470992526,-905.194915777219,-905.243176888621,-921.544218704896,-921.621769822089,0.075377117418498,-945.589442302715,0.0928457610417209,1859.94507468327,1880.25486975642,NA,2462.19569168735,0.488513267090498,1.03705919935758
"426",-5.86,0.79,-5.86,0.83,1.359326,9.604077,-1.1484446,0.2002995,35,35,-5.19047313575195,0.724595710452966,-5.21431680496749,0.802775699040822,1.26803877748211,8.40915771897091,-1.07126051183302,0.198437628504295,1.26803877748211,8.81062671357498,-5.20239497035972,0.763685704746894,1.26803877748211,8.40929984911133,-1.07172653627981,0.199965656158195,1.26803877748211,8.95610715985368,2.85780900269365,0.076479064786157,-0.453596582706356,-6.83126062655666,-6.38932815438679,2.02605646689272,8.91305223515261,-3.57628775991322,0.488148011949476,-4.50199571730549,0.687542509860289,5.57309927,0.12395083,-0.868,0.02518604,85.8190717238803,-122.082900318923,1212.15819259449,0.125441057874738,0.105645348959022,5.55603900938006,0.140504401077238,-0.839639922714098,-896.147134305077,-896.858457003416,-913.303014343858,-914.333413719385,1.00836273112536,-948.557074401303,1.15717714910307,1841.84951173899,1863.77246103434,NA,2302.23348487006,0.438296943388141,0.882533619141597
"427",-5.86,0.79,-5.86,0.83,1.359326,9.604077,-1.1484446,0.2002995,35,35,-6.36903882626927,0.878111209461427,-5.0345877349684,0.768452632052724,1.39113821919198,7.53725265156869,-0.806443928156396,0.145143811144236,1.39113821919198,8.67633649228688,-5.70181328061883,0.823281920757076,1.39113821919198,7.9824425803372,-0.843027430229781,0.148150062044061,1.39113821919198,8.98735849438534,3.08147057854111,0.0937512810931252,-0.522428955903996,-7.09522069915855,-6.41408703572916,1.92267592160039,10.9367802147614,-4.36046035203462,0.603275252918585,-3.23710997653858,0.49574354796286,3.22418315,0.07281526,-0.773,0.03059234,54.8319819337403,-60.1087207386432,1262.9102476038,0.132477104950336,0.121239064985345,9.53807741835804,0.195185922215633,-1.31036285863328,-910.827190622095,-912.603011070146,-935.037674360657,-937.252248583146,2.18569250455003,-942.227627144176,2.40557203253643,1871.20962437303,1907.24178106794,NA,2465.71177446895,0.525243946235232,1.28197255226357
"428",-5.86,0.79,-5.86,0.83,1.359326,9.604077,-1.1484446,0.2002995,35,35,-6.29002854953431,0.825983312099233,-5.73473286725074,0.887516253871402,1.29027858714263,11.2531499088852,-1.34231067061918,0.246046066236676,1.29027858714263,12.5243841567319,-6.01238070839252,0.856749782985318,1.29027858714263,11.3302382325759,-1.33376842639811,0.24699264196746,1.29027858714263,13.1072548705682,2.22018920232604,0.0618977983681761,-0.355279561417535,-7.32677494578128,-6.40488191928697,2.08297514777207,13.0355293698907,-4.89490434408908,0.657363534440983,-3.8355766133961,0.582760823926123,7.80469141,0.19897016,-0.872,0.02153661,106.382580886904,-163.20991864497,1354.26401614172,0.174689646329423,0.162923019076384,7.94469080009126,0.160706023525276,-1.06211515895866,-918.314185042301,-920.081935431749,-940.034729320481,-942.988372662704,2.93064793794223,-967.515920364472,3.45935502929595,1886.18361321344,1917.23589098759,NA,2545.31811363847,0.368962405258549,1.14951706408876
"429",-5.86,0.79,-5.86,0.83,1.359326,9.604077,-1.1484446,0.2002995,35,35,-6.18227247739861,0.881419475292916,-5.57618218686552,0.756131019642069,1.47117224283505,5.88636369152185,-0.723165020392303,0.141613931041165,1.47117224283505,6.31812495362094,-5.87922733213206,0.818775247467492,1.47117224283505,5.97820005159147,-0.74214904951377,0.145538230321008,1.47117224283505,6.35355272769343,2.45038075980855,0.0635316448285633,-0.378319782769273,-6.88874455854321,-7.02909046590762,1.99975059178115,7.77283700396946,-4.48922588642714,0.635493310748456,-3.63113481063013,0.48591793459554,2.3445187,0.04880602,-0.768,0.03175366,60.4693324725208,-71.3834218162043,1234.09081762636,0.233804985267087,0.180325239211503,9.06403427030667,0.211840963964315,-1.3396147937409,-910.611539071499,-911.237217266243,-929.189255301214,-929.527314664155,0.329194794048546,-941.078494624747,0.133607418346406,1870.77832127184,1895.54494294906,NA,2396.79821343652,0.383642452462488,1.27836330008618
"430",-5.86,0.79,-5.86,0.83,1.359326,9.604077,-1.1484446,0.2002995,35,35,-6.30781664338129,0.800564640602979,-5.60094327861988,0.79511495359917,1.28427346947543,8.09287170599479,-0.951417147253454,0.164340387624765,1.28427346947543,8.19461520106361,-5.95437996100058,0.797839797101074,1.28427346947543,8.21778919444707,-0.952380206900773,0.164347812396875,1.28427346947543,8.50454606152748,3.01106602163031,0.074134647741625,-0.457762549756302,-7.49600090681808,-6.82159536701088,1.89237213824142,9.25732816748198,-5.21489891438569,0.666719392085101,-4.25654100511502,0.606415033163249,5.96974429,0.12064658,-0.878,0.02403965,102.823323039436,-156.091402950035,1282.05593415452,0.147056440935589,0.127247977212056,6.05862563061709,0.121297935236128,-0.813035351961204,-893.105516396304,-894.517333858225,-911.88046729956,-914.201121892681,2.29213491273735,-933.028244750225,2.78835730344699,1835.76627592145,1860.92736694575,NA,2408.02046535901,0.43600279922236,0.845023663494169
"431",-5.86,0.79,-5.86,0.83,1.359326,9.604077,-1.1484446,0.2002995,35,35,-5.8324313488298,0.798891580423708,-5.76031546214356,0.861878659735287,1.34752985383867,10.76544092698,-1.1719034499958,0.183094587242413,1.34752985383867,9.78048427457219,-5.79637340548668,0.830385120079497,1.34752985383867,10.7667411022581,-1.17076785772722,0.184086430282463,1.34752985383867,9.91698937719215,2.67359803158524,0.0775913724530399,-0.445595161561772,-7.03058327187722,-6.58320666580732,1.97826467342741,11.359942963124,-3.91369127371796,0.535949125643973,-3.82519921422709,0.57789456644162,3.50346933,0.07652226,-0.792,0.02861638,66.9445480925767,-84.3338530563161,1263.76299786445,0.479729482744247,0.468584068699663,10.8428637873808,0.209278625647067,-1.45276295516848,-912.539539360651,-913.217570016682,-934.798434165184,-935.679226409279,0.861032467720578,-950.429918628811,0.974075544787459,1874.63432185014,1906.763300677,NA,2443.19214267258,0.425339388785152,1.39708836202102
"432",-5.86,0.79,-5.86,0.83,1.359326,9.604077,-1.1484446,0.2002995,35,35,-4.25082788389469,0.569559702048926,-4.73841764534999,0.624428138656229,1.25029265305592,14.5869135609318,-1.98539204830166,0.342640419206076,1.25029265305592,11.0915367290237,-4.49462276462234,0.596993920352578,1.25029265305592,14.6463495048008,-1.99208037028086,0.343393055540008,1.25029265305592,11.1149604135068,3.29515393531969,0.0938074062728641,-0.538349506712959,-6.81527979413177,-6.97597760857584,2.7491021858175,7.32771673562507,-2.85998130370663,0.381599664216084,-3.29155787340013,0.445901101568737,6.68720306,0.16261779,-0.896,0.02564167,71.013283547864,-92.4713239668907,1232.97545548779,0.847375687707574,0.821377352942748,7.56378088736374,0.16656123491013,-1.06854952972758,-913.647150287073,-913.786468272116,-924.482808107323,-924.618280696845,0.13172937241491,-1017.22773059337,0.134230149633716,1876.84954370298,1886.13204856127,NA,2373.47958700868,0.536441582437718,1.09190609810086
"433",-5.86,0.79,-5.86,0.83,1.359326,9.604077,-1.1484446,0.2002995,35,35,-5.77763949294733,0.712116261742046,-5.45034365894316,0.741551142899076,1.36083675999889,9.87534983650371,-1.23134005943429,0.195745210720139,1.36083675999889,6.81160593801905,-5.61399157594524,0.726833702320561,1.36083675999889,9.90213047724284,-1.22893158094001,0.195961813777321,1.36083675999889,6.97548327087744,2.88848710045038,0.0727213166496171,-0.447689481116351,-7.49277630986709,-6.99011507078803,2.16262553878409,6.59244041195059,-3.84753353327491,0.469468779053426,-3.94296346411134,0.538124870232181,7.02697425,0.16320702,-0.915,0.02671407,75.0765590118395,-100.597874894842,1258.69149018639,0.416282967388424,0.383341353580596,6.9640357811244,0.127971594855655,-0.915821036321175,-902.110198970163,-903.099528892476,-914.657066008453,-916.110383362322,1.42655155966511,-955.204376342487,1.83119686794183,1853.77564106916,1866.48056436353,NA,2416.78510547793,0.411217189055073,0.860501055177955
"434",-5.86,0.79,-5.86,0.83,1.359326,9.604077,-1.1484446,0.2002995,35,35,-6.24204338682878,0.891394781357833,-6.08076833975149,0.843489325117047,1.36727425730274,6.90533598622924,-0.690304288349528,0.11455717217512,1.36727425730274,7.77463666256911,-6.16140586329014,0.86744205323744,1.36727425730274,6.91183839643168,-0.692235777027151,0.115130905359529,1.36727425730274,7.78822808392158,2.98066165275975,0.078366479786533,-0.469634935699493,-6.88908517574669,-7.01321844046606,1.76049896812977,10.6959212602833,-4.24438576638382,0.606876891390913,-4.30277272710648,0.594278743268849,4.35207842,0.08214882,-0.824,0.02742616,76.3007125979373,-103.046182067037,1269.25839090394,0.89461027631855,0.903849754399595,7.23165464291474,0.150362490067939,-1.00941168305249,-898.762181489717,-898.914028099279,-923.951152013014,-924.059494210979,0.105328196198774,-919.924619252943,0.0890539332554995,1847.07960610827,1885.06873637266,NA,2435.47059974084,0.448045962990902,0.949263299223724
"435",-5.86,0.79,-5.86,0.83,1.359326,9.604077,-1.1484446,0.2002995,35,35,-5.43115796079118,0.725633178391768,-5.219656250574,0.706136945340851,1.38443209442943,12.5204413114958,-1.3185007153465,0.199201956845796,1.38443209442943,11.08938822843,-5.32540710568259,0.71588506186631,1.38443209442943,12.531624554852,-1.31953158700477,0.19929698262159,1.38443209442943,11.0957443448693,2.68541368333328,0.079649712531635,-0.446337107184064,-7.0657644860819,-6.9704162873455,2.21418357107313,11.8931428262362,-3.60802878739399,0.497276396441235,-4.22262650877213,0.576887479544141,8.49621442,0.15416444,-0.869,0.02344303,92.4568983664384,-135.358553604039,1330.60041367955,0.780581409615904,0.756199329189097,6.05785641165622,0.114275620975519,-0.796373309867335,-924.778526441331,-924.806664870998,-949.438899382353,-949.47569290909,0.0357516782239934,-979.510744916799,0.0378965373429219,1899.1122960115,1936.04423111133,NA,2525.84227375505,0.459122589386235,0.796532153281893
"436",-5.86,0.79,-5.86,0.83,1.359326,9.604077,-1.1484446,0.2002995,35,35,-5.61204521894072,0.765696018106248,-5.60105031735472,0.753490376907217,1.36689069863171,11.0377719654554,-1.27569318589139,0.209766644022794,1.36689069863171,9.77020125670641,-5.60654776814772,0.759593197506732,1.36689069863171,11.0378021874206,-1.27572673584733,0.209803888442064,1.36689069863171,9.7728822445714,3.35952578783707,0.0905635115031647,-0.533974638646257,-7.00796771226612,-7.06969086249245,2.15984225038612,10.272580737811,-4.1130623373749,0.571073558327487,-3.59584620865869,0.487604579259926,5.83284525,0.11646077,-0.86,0.02758955,66.6044748221171,-83.6537065153969,1294.24934073214,0.749190713196715,0.702875327315999,8.34415799239047,0.167462061413799,-1.13465763088391,-918.683335290803,-918.697817142363,-938.226660086793,-938.244082769253,0.0169269979710115,-968.721567314394,0.0186207745229154,1886.92191371044,1913.61975252021,NA,2504.84497494888,0.522862170067488,1.11359671835649
"437",-5.86,0.79,-5.86,0.83,1.359326,9.604077,-1.1484446,0.2002995,35,35,-5.77172731453546,0.816936645664142,-6.95897072229121,1.02002351148016,1.3419989375085,12.9706501941873,-1.53381484859789,0.223124446843628,1.3419989375085,8.29607253810921,-6.36534901841333,0.918480078572151,1.3419989375085,13.3230369215021,-1.59409323425835,0.233435515610372,1.3419989375085,8.36471053935597,3.42523038105995,0.0802963510448894,-0.509021465506757,-6.86237140839853,-6.83967582237273,2.05340811666739,8.56539492852952,-4.39255292295248,0.623450565141624,-5.31305353581698,0.78311445589854,7.66494694,0.12928784,-0.907,0.02543414,87.8564559191298,-126.157668709422,1279.46120311476,0.328981270795309,0.298632996879628,7.89827918003675,0.174481162264543,-1.1476556211492,-907.612772541086,-908.883885114737,-923.420581969083,-923.935531608132,0.50208128923752,-950.592920077827,0.00312069685939884,1864.78078821101,1884.00759628479,NA,2432.76473752009,0.476346178219314,1.0280228083288
"438",-5.86,0.79,-5.86,0.83,1.359326,9.604077,-1.1484446,0.2002995,35,35,-7.47698782780902,0.910463721387686,-4.90493908230086,0.71468462592818,1.43464062051682,9.05307479966867,-0.941780490679904,0.140014595972777,1.43464062051682,7.70119909864297,-6.19096345505494,0.812574173657933,1.43464062051682,10.7069334869862,-1.06766883489824,0.149596959527513,1.43464062051682,8.96566067092225,2.97644400908502,0.0760527269288611,-0.459384857773343,-8.01042180649511,-6.60477425001476,1.98201978793372,9.61654148412627,-5.19502238818435,0.636567616788372,-3.23724450138793,0.467593694835937,5.24373268,0.0977535,-0.871,0.02788379,75.5562438740239,-101.557244619211,1336.40588359235,0.00511014452114199,0.0029529404319891,11.318392475144,0.181206266547786,-1.37080247404277,-912.300986645186,-918.351571582906,-935.146163221506,-944.644071712405,9.88178594010119,-945.572869666821,11.1740033750644,1874.15721641921,1907.45875878964,NA,2571.25452256549,0.448834764140808,1.42006118965852
"439",-5.86,0.79,-5.86,0.83,1.359326,9.604077,-1.1484446,0.2002995,35,35,-5.25851336132975,0.731316192082212,-6.37847754601578,0.981445010239633,1.49705560310652,9.45877463558309,-1.08712455922551,0.176830154759388,1.49705560310652,7.55340674130217,-5.81849545367277,0.856380601160923,1.49705560310652,9.77235457932795,-1.15715838869905,0.192471261177595,1.49705560310652,7.72640327780589,2.73064784876875,0.0688087901211278,-0.415954454044622,-6.8592619616452,-6.48902337353681,2.12850797789984,8.85145085160043,-3.3034403193874,0.459667707122681,-4.27509901734106,0.653383645200841,4.59906332,0.08349025,-0.847,0.03300286,36.4398090619404,-23.3243749950435,1259.91206719854,0.107907626395449,0.0845370709319083,9.54425440170722,0.22852057688367,-1.43074694405198,-926.070443741084,-928.551390594163,-944.380517674767,-945.782172224489,1.37533088721819,-960.424744463155,0.777919837236528,1901.696130611,1925.92746769616,NA,2496.49975940203,0.41733609567008,1.35617789820747
"440",-5.86,0.79,-5.86,0.83,1.359326,9.604077,-1.1484446,0.2002995,35,35,-5.38209442757393,0.739233243180766,-5.76322153800141,0.912727768186807,1.42730114659117,8.74789572138863,-1.0160535100359,0.190258411443378,1.42730114659117,9.50839075669557,-5.57265798278767,0.825980505683787,1.42730114659117,8.78421018996432,-1.03258437678354,0.197783498995146,1.42730114659117,9.81627350876139,3.20296853780284,0.0900620860320691,-0.523388666075581,-6.93567528613803,-6.28316691172531,2.10310822230644,10.976239386919,-3.68409929609216,0.515204127692696,-4.10883490924236,0.649975392323807,3.74295107,0.07481939,-0.757,0.02878905,63.7613757574559,-77.9675083860744,1283.52886546327,0.205987958907815,0.182289680120281,8.47101424581112,0.20953496425012,-1.27123007428642,-924.938693266924,-926.689472962898,-947.099476301476,-949.120918709126,1.99231524837769,-964.319250820045,2.011578807183,1899.43262966269,1931.36538494958,NA,2489.09022254046,0.503252526745512,1.30505707653813
"441",-5.86,0.79,-5.86,0.83,1.359326,9.604077,-1.1484446,0.2002995,35,35,-5.97169376743672,0.820873752747593,-6.39087215514155,0.897911271007035,1.35604956584474,8.3646385087369,-1.06630951649665,0.187363392313652,1.35604956584474,7.18901670579861,-6.18128296128913,0.859392511877314,1.35604956584474,8.40856613891662,-1.07438263217084,0.188847087118545,1.35604956584474,7.19976476206869,2.81084411694312,0.0778925172601997,-0.451780877121162,-7.03888159610105,-6.99909038500032,1.97422607235866,7.87547748643855,-4.60072951753816,0.646277130104733,-4.76591779100622,0.683227392680975,4.41568784,0.10321816,-0.856,0.02655402,84.754946053489,-119.954648978141,1257.52467813485,0.922251477966469,0.920143118473675,7.05750089544075,0.145924748021859,-0.980049685730135,-902.738876661348,-902.937513491202,-917.096506141434,-917.188320660804,0.089249766195711,-938.338338569654,0.0107530748049998,1855.03299645153,1871.3594446295,NA,2395.09470729157,0.452084633968547,0.932625365467868
"442",-5.86,0.79,-5.86,0.83,1.359326,9.604077,-1.1484446,0.2002995,35,35,-5.62542321137515,0.753387887037819,-6.46881973258857,0.887860266614133,1.27778002192418,8.0643987954138,-0.914859450943474,0.160670538278072,1.27778002192418,8.9691078069518,-6.04712147198186,0.820624076825976,1.27778002192418,8.24222821841253,-0.943212835226962,0.165191243495301,1.27778002192418,9.00178078268317,2.58351431209801,0.0694287552666227,-0.408706584819744,-7.09467436463347,-7.13691924572373,1.86261873495976,10.4582093624207,-4.07120345723807,0.545850799610853,-4.45559743926249,0.608139464777419,6.09518318,0.14073552,-0.872,0.02185305,113.494625618441,-177.434008108044,1287.67411749422,0.862721719376959,0.871608572920398,6.91681514048342,0.139686379457568,-0.951168662971023,-894.888804720046,-895.575267394109,-916.299690232768,-916.528734657255,0.222864712946886,-933.020544740233,0.00995071814823629,1839.33285256893,1869.76581281216,NA,2397.91422688039,0.405977952265753,0.896650261714544
"443",-5.86,0.79,-5.86,0.83,1.359326,9.604077,-1.1484446,0.2002995,35,35,-6.42924117711275,0.880651237067368,-6.57292415533489,0.991709138133849,1.37530278081583,9.14026401592168,-0.987336219859412,0.159116051216126,1.37530278081583,8.72284670879951,-6.50108266622382,0.936180187600609,1.37530278081583,9.1454252154794,-0.991325502354499,0.16219951556345,1.37530278081583,8.91347255316944,2.54806161501392,0.0686714851752176,-0.404865804367376,-7.14029022280831,-6.62231896490864,1.86800218171984,11.0660741818093,-4.22037086771211,0.569976681832441,-4.40289948321386,0.670148651551989,5.5980299,0.12135421,-0.859,0.02427506,93.5634735337064,-137.571703938575,1301.51232713632,0.253608463785323,0.230047718003347,8.97259138546075,0.189254214452189,-1.25821123144673,-910.274337778,-911.492905490765,-932.568480772336,-933.927618208729,1.33320598435682,-935.536831149199,1.41649457082828,1870.10391868484,1902.3033938913,NA,2465.45295033407,0.396797239259414,1.19855422195372
"444",-5.86,0.79,-5.86,0.83,1.359326,9.604077,-1.1484446,0.2002995,35,35,-6.1367275860963,0.888601699170443,-5.61388263159802,0.778212759691292,1.44624447273212,6.39863053859424,-0.768072364865074,0.142084841664695,1.44624447273212,6.41513099998687,-5.87530510884716,0.833407229430868,1.44624447273212,6.46697225020532,-0.782501439874846,0.145131271154528,1.44624447273212,6.44485408874801,2.42813744834507,0.0673080529338085,-0.38821947012581,-6.80040983592133,-6.9352336175146,1.95853640020056,7.92287790778457,-4.14625900967947,0.590984697051986,-3.86587008292962,0.534713725365948,3.02679264,0.05938511,-0.807,0.03036095,63.8636838737611,-78.1721246186849,1227.45499132206,0.797375338437028,0.80688197501823,8.13649556197734,0.190858492848698,-1.2063305912436,-907.868079096027,-908.37433079506,-925.924159775711,-926.204189530196,0.27257374627108,-936.569907446729,0.123777974557395,1865.29140132089,1889.01475189805,NA,2376.73785802543,0.39864840973742,1.14415659498542
"445",-5.86,0.79,-5.86,0.83,1.359326,9.604077,-1.1484446,0.2002995,35,35,-5.56942880270008,0.745736224886577,-6.23798377536538,0.927255242638461,1.40021110543939,7.20282236687944,-0.812732255583173,0.152442384031112,1.40021110543939,8.29076483853431,-5.90370628903273,0.836495733762519,1.40021110543939,7.3145638047483,-0.843071116071006,0.160679672482514,1.40021110543939,8.44959339982623,2.83764677230202,0.0693949436773181,-0.42884955398818,-7.08426657903631,-6.67137821557817,1.95555512299406,10.2027244553309,-3.98830623690187,0.5278461784007,-4.25611013062774,0.621143529182314,5.2937468,0.1149267,-0.842,0.0236573,100.699335698212,-151.843428267586,1279.82823209482,0.444710459151214,0.414247376868512,6.83586519736135,0.161834498707556,-1.01042575758441,-911.258446949744,-912.794583637212,-933.783981415904,-934.970539896776,1.16248149162655,-944.160531758728,0.926016086946791,1872.07213702833,1904.73439517844,NA,2407.81303592206,0.413107488991605,0.99650863147404
"446",-5.86,0.79,-5.86,0.83,1.359326,9.604077,-1.1484446,0.2002995,35,35,-6.76725492431665,0.905648188718733,-6.56885230959399,0.94071161837063,1.27285495135766,7.10997238161501,-0.692442465074275,0.138031912855441,1.27285495135766,11.299086256133,-6.66805361695532,0.923179903544682,1.27285495135766,7.1198132809972,-0.690703296043253,0.138339273880179,1.27285495135766,11.4152738757177,2.94574233723976,0.0783959581171153,-0.469426738351293,-7.32937860052987,-6.92207714529834,1.70026937393912,15.2226940604029,-5.62285539529374,0.768650780106854,-4.12694406551629,0.594376975300083,3.27496453,0.07919269,-0.727,0.02128139,130.910156449501,-212.265069770164,1354.80531874575,0.0675781850791989,0.0523006688853025,9.04276112809547,0.170446413516486,-1.18555079958914,-898.925854347872,-899.312041950399,-930.055910099005,-930.71408560882,0.642385781124252,-922.847010788646,0.715711795403169,1847.40695182458,1897.27825254464,NA,2497.34556772133,0.437739506325127,1.19907732799614
"447",-5.86,0.79,-5.86,0.83,1.359326,9.604077,-1.1484446,0.2002995,35,35,-7.19180864629017,0.982267238008548,-6.60195301070065,0.958736086216783,1.6282218791627,9.02494658055106,-1.06987699881085,0.204425387821682,1.6282218791627,8.71028223846021,-6.89688082849541,0.970501662112666,1.6282218791627,9.11192899826024,-1.07334699443492,0.204563816597843,1.6282218791627,8.81969784626601,3.67489179648389,0.0976152571889318,-0.584094659790823,-7.29745585353174,-6.8477927311658,2.23696477381962,10.7830378175281,-4.95257487825239,0.682159441173041,-4.61263016203497,0.659975192570222,6.07740174,0.14268699,-0.845,0.02740862,69.2210968398193,-88.8869505508013,1400.50741165643,0.820227077921128,0.814287522137447,9.50806622388358,0.204637818407235,-1.34498902620118,-952.530560508092,-953.047781683296,-973.837549864649,-974.621900145358,0.766225033225607,-978.867401271768,0.912861914519531,1954.61636414502,1984.84153207593,NA,2712.12787276206,0.548943341455173,1.29062554224225
"448",-5.86,0.79,-5.86,0.83,1.359326,9.604077,-1.1484446,0.2002995,35,35,-6.08014725140507,0.895214903328499,-6.04412575203959,0.821433491036135,1.21316824904729,9.77961866856624,-1.11980158737644,0.178683996986668,1.21316824904729,9.32668686917021,-6.06213650172233,0.858324197182317,1.21316824904729,9.77994305567037,-1.12046601665046,0.180044921186632,1.21316824904729,9.45411639610062,2.87341892686977,0.0734696637745642,-0.448489273983827,-6.704429742154,-7.10797880482416,1.8061557422695,10.441973135487,-4.62701793457471,0.687284987939951,-4.51809425532397,0.622903992676634,6.38999525,0.1183215,-0.872,0.02328598,102.200039648154,-154.84483616747,1263.26835816354,0.51753988133104,0.49516551147419,5.76505047039455,0.125795098892345,-0.815671502749608,-886.723097626263,-887.433895984789,-906.053741141946,-906.912242960097,0.839108219417148,-925.429145338845,0.937742344257041,1823.00143838136,1849.27391463052,NA,2371.69188015962,0.415073220988432,0.809196965891398
"449",-5.86,0.79,-5.86,0.83,1.359326,9.604077,-1.1484446,0.2002995,35,35,-5.99048115833173,0.801179805609155,-4.89656282094618,0.681590787902527,1.1310311954356,9.44061155188922,-1.10707064668075,0.198738693976682,1.1310311954356,11.7847768597297,-5.44352198963895,0.741385296755841,1.1310311954356,9.73977588410633,-1.13977580153556,0.202314077265691,1.1310311954356,11.9254377020134,2.13904766876905,0.060179308570326,-0.339784807728492,-7.17500042784786,-6.79356251193064,1.92871297857887,11.576008679923,-4.21004492792783,0.555458831594419,-3.47784427778617,0.488413468659666,5.40159515,0.12429277,-0.818,0.02055393,123.495669639813,-197.436096150789,1280.49106527511,0.500695939723369,0.497701465880031,6.98477420477289,0.136072548182279,-0.942331232102147,-882.100290597302,-883.006409857102,-903.824537978152,-904.590487027486,0.748150505889237,-944.821531525214,0.713812669055949,1813.75582432344,1844.81550830293,NA,2363.54603439943,0.373646219515528,0.89533281557158
"450",-5.86,0.79,-5.86,0.83,1.359326,9.604077,-1.1484446,0.2002995,35,35,-5.67389621480773,0.708946738155548,-6.96236473443564,0.966349178726085,1.42037079679051,13.1497601474399,-1.69215117604355,0.263549783249865,1.42037079679051,7.41945580231534,-6.31813047462169,0.837647958440816,1.42037079679051,13.5647979289579,-1.77506491143119,0.280113787352783,1.42037079679051,7.56012252145189,3.95546340729991,0.111515181677624,-0.645663409650435,-7.40791623307884,-7.1628476197689,2.32850997724517,6.64927613855988,-4.06621346490047,0.508080220257977,-4.60796030900403,0.642818040952903,6.83183603,0.16647656,-0.919,0.02864267,64.390231242861,-79.2252193568846,1304.95529035027,0.317667461739584,0.284745787198411,10.7105453547553,0.204424774027631,-1.4443024589684,-920.208740783481,-922.233213955234,-930.392945589579,-931.552797198118,1.1360991881037,-973.572266229495,0.401258186302289,1889.9727246958,1897.95232352579,NA,2530.68536134365,0.628771963156192,1.30831487724622
"451",-5.86,0.79,-5.86,0.83,1.359326,9.604077,-1.1484446,0.2002995,35,35,-5.50487299458888,0.758238609272078,-5.5175613185832,0.805435031953732,1.33762219236432,10.4915466282978,-1.01583314044944,0.138566844567711,1.33762219236432,9.5707687452731,-5.51121715658604,0.781836820612905,1.33762219236432,10.4915868766893,-1.01598285132502,0.139123720146198,1.33762219236432,9.62162700017814,3.08495556824103,0.0760693284206292,-0.47395583003132,-6.94522479999596,-6.67672905066246,1.89090848777964,11.9451827888347,-3.9206713840127,0.544552930366734,-4.06621770218335,0.58570399704471,5.8069641,0.07830933,-0.862,0.02862082,65.1737388423088,-80.7922345557802,1263.65160598328,0.828193449604618,0.791938531671586,7.35165908513625,0.153833366082325,-1.02362440494458,-903.107459794688,-903.450457187397,-931.615278931285,-931.95125648857,0.327162708491672,-940.984273705426,0.350463740727049,1855.77016271821,1900.3969902092,NA,2446.51097741079,0.429697378709975,0.990149045542512
"452",-5.86,0.79,-5.86,0.83,1.359326,9.604077,-1.1484446,0.2002995,35,35,-5.18973635324284,0.6566765979727,-5.56282863581328,0.788411237706872,1.38560397938578,7.27109432552385,-0.662729848891708,0.120841911121171,1.38560397938578,10.0294278126404,-5.37628249452806,0.722543917839786,1.38560397938578,7.30589378835225,-0.675017143249711,0.125180414947645,1.38560397938578,10.1643238086985,2.00839468911347,0.0545633283287389,-0.311769496640123,-7.23516834078894,-6.82341972877128,1.9846522282657,12.6198966647835,-4.02892664822944,0.514355402785284,-3.83926682691919,0.551871756987309,5.16872482,0.09102253,-0.831,0.02785888,69.1336542658402,-88.712065402843,1290.41268025357,0.384354134234295,0.374034072656027,6.03072355602381,0.12613861724147,-0.79844676315293,-911.784111424049,-912.849659190669,-943.222920257119,-944.073865709673,0.831677570928844,-954.617197485131,0.746368016127979,1873.12346597694,1923.61227286087,NA,2492.1132951043,0.347589949350129,0.968062627467522
"453",-5.86,0.79,-5.86,0.83,1.359326,9.604077,-1.1484446,0.2002995,35,35,-6.64641837217668,0.855625164397393,-6.06785546711487,0.894134593387029,1.38109641072375,10.0437548470169,-1.12666193961766,0.174428074463995,1.38109641072375,8.2446517460913,-6.35713691964578,0.874879878892211,1.38109641072375,10.1274386057953,-1.12109190784053,0.174798818494272,1.38109641072375,8.66065501829885,3.33220062164896,0.0839318774214239,-0.516008895006115,-7.50656628284779,-6.69857416494348,1.94545018731377,9.82177169524491,-4.94882629430185,0.645112474462353,-4.5495886121427,0.663852847096284,7.6299812,0.12965711,-0.912,0.02617615,84.2200502269296,-118.884857325022,1310.75313303042,0.190768621908154,0.175469290578393,7.27490906587765,0.155645840465188,-1.00589083361197,-910.580145287344,-912.557370124387,-930.068077539095,-933.149215634544,3.05995545176422,-941.680366582763,3.69013901303647,1870.71553370353,1897.30258742482,NA,2502.62140873583,0.476730970505209,1.06086423688783
"454",-5.86,0.79,-5.86,0.83,1.359326,9.604077,-1.1484446,0.2002995,35,35,-5.27013053135328,0.665877075653548,-6.58033008355174,0.901215246603433,1.23866838516403,6.80827411142166,-0.721531634839658,0.145273147634855,1.23866838516403,10.5572841459844,-5.92523030745251,0.78354616112849,1.23866838516403,7.23742982806691,-0.798616626388091,0.159119161311364,1.23866838516403,10.662617513851,2.44139870242278,0.0645950442484547,-0.37497119079156,-7.26074845368278,-7.16886408177633,1.84900387532033,12.4179124826023,-3.63598713031464,0.452662271313828,-4.93339534313566,0.676368688453211,4.06332109,0.07852354,-0.753,0.02146899,127.590928512341,-205.626613895845,1325.14831765988,0.0755043789194625,0.0695408399757093,7.42190087718931,0.167632102999977,-1.07059019998424,-891.086830956242,-893.282097126827,-919.031039599004,-919.666131550417,0.619753648387753,-936.749077940248,0.0404955672718972,1831.72890504132,1875.22851154464,NA,2444.67002142391,0.410272903200736,1.05417091131952
"455",-5.86,0.79,-5.86,0.83,1.359326,9.604077,-1.1484446,0.2002995,35,35,-6.10600794613248,0.803658584331582,-5.35393548028581,0.72004143921305,1.39110010877917,12.6376410302602,-1.61068687892568,0.257582255306022,1.39110010877917,8.1582630297889,-5.72997171320915,0.761850011772316,1.39110010877917,12.7790442787314,-1.62640841705477,0.259330212045465,1.39110010877917,8.20998261481047,3.42050878187925,0.0857771935582458,-0.524478122320604,-7.27575929345349,-7.02185614063003,2.32760799194311,7.38174112816368,-4.39712965006504,0.584187959110876,-3.86000197359916,0.515413285573835,5.700994,0.12645878,-0.877,0.02598785,83.9365780021852,-118.317912875533,1282.79184610912,0.776088847595829,0.723218202311116,8.83880744350055,0.177904267943296,-1.2217464900147,-919.351090335699,-919.705859305167,-931.179084153381,-931.573284077455,0.384017337133417,-976.677905737902,0.393223138992215,1888.25742380024,1899.52460065339,NA,2447.26577934271,0.503117606281851,1.1124927115526
"456",-5.86,0.79,-5.86,0.83,1.359326,9.604077,-1.1484446,0.2002995,35,35,-5.5375070694737,0.648415105608432,-5.3817427029639,0.718460113711683,1.30627599586647,7.4154198820919,-0.950316177299717,0.196508883851042,1.30627599586647,9.55484359105822,-5.4596248862188,0.683437609660058,1.30627599586647,7.42148551656046,-0.947588548221122,0.197735459641088,1.30627599586647,9.78317686056853,2.52158176940606,0.0671390662934873,-0.395692482839107,-7.63215889070128,-7.05908449144596,2.18915454951883,9.40357127964462,-4.15841513338032,0.492259703830471,-3.6210583756333,0.481951988256679,3.52030118,0.08921168,-0.751,0.02360224,109.127598653418,-168.699954177998,1328.25342084051,0.34906271366611,0.317197624813255,7.33487842976968,0.155329561084451,-1.01743379398781,-904.344931469872,-905.249790239079,-925.7000043911,-927.19816950992,1.47104617825456,-969.216378768635,1.71597164436262,1858.24510606858,1888.56644112883,NA,2487.80688750302,0.398531352866335,1.03186357363296
"457",-5.86,0.79,-5.86,0.83,1.359326,9.604077,-1.1484446,0.2002995,35,35,-6.97537411723176,0.856062056337501,-6.08815149980316,0.900649107977709,1.38956142978959,9.39737862290436,-1.22255376531177,0.209554170466589,1.38956142978959,7.05350050715847,-6.53176280851746,0.878355582157605,1.38956142978959,9.59416961612357,-1.21266410514685,0.210051171760081,1.38956142978959,7.89360013230379,3.24214406293856,0.075915216126562,-0.481272578972656,-7.83291913877816,-6.68005840546021,2.0558336618463,7.3987313138263,-4.08839601558821,0.502308960378481,-4.38728495344316,0.655939964217706,2.50390852,0.08985631,-0.85,0.03133638,64.0467216118644,-78.5382000948915,1315.85633429492,0.030611747453932,0.027644758460373,13.4227111419281,0.249961163178526,-1.76544640709348,-909.654422623079,-914.10580877579,-921.909464155576,-928.855220405966,7.09340919009122,-946.329657317836,9.16007427645388,1868.864088375,1880.98536065778,NA,2553.17446849494,0.451522168788926,1.71003726668069
"458",-5.86,0.79,-5.86,0.83,1.359326,9.604077,-1.1484446,0.2002995,35,35,-5.50735158333821,0.77678476682649,-5.20839440299119,0.736453947649986,1.45361041639345,10.2421417380847,-1.05995237203147,0.162535723207596,1.45361041639345,9.13584523616831,-5.3578729931647,0.756619357238238,1.45361041639345,10.264485587005,-1.062966669027,0.162942366951458,1.45361041639345,9.14040456025467,2.75072479702695,0.0740683729469628,-0.437233557399204,-6.83721018122183,-6.77853358512989,2.11196487096137,10.8959224533476,-3.87974257182011,0.551536822244662,-3.55425476545126,0.495402760680783,7.2095915,0.12197465,-0.891,0.03098255,40.4172488287307,-31.2792545286241,1275.72830770935,0.870840799239541,0.876446325042968,6.22418772865266,0.13742557774033,-0.876435811522532,-924.638381821532,-924.701254159966,-949.047702443069,-949.079182888874,0.0305878819820376,-965.113319931338,0.0163076721039951,1898.8320067719,1935.26183723277,NA,2520.17736089007,0.426693583978126,0.915181769931134
"459",-5.86,0.79,-5.86,0.83,1.359326,9.604077,-1.1484446,0.2002995,35,35,-6.09905615997807,0.762875090120666,-5.32471433810627,0.769528710256965,1.22403716617812,9.70222764342908,-1.01642080044398,0.153546788329299,1.22403716617812,9.81105288839442,-5.71188524904217,0.766201900188816,1.22403716617812,9.85212895770399,-1.01513275635938,0.153557855994529,1.22403716617812,10.2847678931724,2.15679976368028,0.0573610123456839,-0.338888838130216,-7.51178501227055,-6.69780264338272,1.84103388648808,11.2280641984406,-4.46064173053473,0.567349999007587,-3.8476272927227,0.557903207104303,4.52274049,0.07870219,-0.818,0.02235344,118.841447623499,-188.12765211816,1277.04292117802,0.205012107116879,0.186551229331818,7.78352602184213,0.145802322012269,-1.01285417944601,-887.255247157182,-889.052803535787,-911.447577415225,-914.44951453095,2.9796006603099,-932.440749783589,3.50233323239088,1824.0657374432,1860.06158717708,NA,2365.95819023788,0.338172290475883,1.04655091689126
"460",-5.86,0.79,-5.86,0.83,1.359326,9.604077,-1.1484446,0.2002995,35,35,-5.36092227666697,0.725079323563516,-4.707580792158,0.720963649689434,1.15227905317943,8.17968991803721,-1.12626927755405,0.228162751967966,1.15227905317943,10.4419333933583,-5.03425153441249,0.723021486626475,1.15227905317943,8.2864036918823,-1.12694151267371,0.228166986660825,1.15227905317943,10.7422312368474,2.48658900268403,0.0718144329486428,-0.406838381495439,-6.99882852570351,-6.37000716112415,2.05571299288479,9.2931507380327,-4.0734322998424,0.547736256592572,-3.3105574643315,0.50518719188686,4.42518496,0.1374825,-0.846,0.02181539,112.445728670343,-175.336214211849,1222.8293485806,0.178548684860523,0.166452637323604,5.73289470394371,0.127576108839047,-0.81107757537734,-882.455303689988,-883.66671376043,-900.616562309091,-902.430043629068,1.78468556451427,-953.434207692874,2.22377439383297,1814.46585050881,1838.39955696481,NA,2270.32248294936,0.418857622414078,0.844278114734425
"461",-5.86,0.79,-5.86,0.83,1.359326,9.604077,-1.1484446,0.2002995,35,35,-6.31589608471216,0.805279915726697,-4.86522404405563,0.717538181686247,1.38753074268225,10.3397610848048,-1.26047996183816,0.204795535317162,1.38753074268225,7.84447870429564,-5.59056006438389,0.761409048706472,1.38753074268225,10.8658734271904,-1.29230108193096,0.206720188290269,1.38753074268225,8.39980400353551,3.10984091086519,0.0742802128678086,-0.465531168406553,-7.4759879591327,-6.54805846497706,2.16876729797407,7.99835356600537,-4.37310627012199,0.558832449596717,-3.50157993907279,0.524623036014589,4.91884187,0.10237277,-0.862,0.02849867,66.805771218164,-84.0562993074905,1264.61422452288,0.075477900098573,0.0696315631973622,9.40172434731097,0.18430286669116,-1.2644231837365,-913.046736752834,-915.808491177067,-928.109220711711,-932.37190216012,4.26956993293121,-961.845278562082,5.25050298411891,1875.6487166345,1893.38487377005,NA,2445.17214973827,0.44152380865887,1.23846022464181
"462",-5.86,0.79,-5.86,0.83,1.359326,9.604077,-1.1484446,0.2002995,35,35,-6.23867348719464,0.885053738739125,-6.27828222691637,0.89999683605627,1.33172807011855,9.82474438597268,-1.18477285264398,0.200809813204854,1.33172807011855,8.79204804874854,-6.25847785705551,0.892525287397697,1.33172807011855,9.82513659903826,-1.18492082195705,0.200865637244211,1.33172807011855,8.79402529723268,3.00244660587858,0.0807322917308491,-0.4756985467661,-6.9234935671644,-6.87407519989308,1.96116148968746,9.79906937100019,-4.41273335609466,0.631520770586785,-4.31687150428226,0.630537426936854,4.72938259,0.11298886,-0.857,0.02667079,79.362140529162,-109.169037929487,1283.02289750283,0.953186738030735,0.936076091692489,8.85162032487927,0.178015828638807,-1.21727359598425,-907.899981549066,-907.913950702897,-925.176788488964,-925.190921734757,0.0137308248746375,-943.577519061457,0.0137222099302824,1865.35520622697,1887.52000932456,NA,2456.87675707618,0.469802302875875,1.1354959464087
"463",-5.86,0.79,-5.86,0.83,1.359326,9.604077,-1.1484446,0.2002995,35,35,-5.95349739529544,0.776547584841445,-5.02378578862949,0.687797184156867,1.19115715283705,8.83995820811733,-1.12505922567837,0.20427831832286,1.19115715283705,9.41429495568989,-5.48864159196247,0.732172384499156,1.19115715283705,9.0560491260097,-1.14568729508155,0.206247476728278,1.19115715283705,9.54708821756424,2.61092895126729,0.0760829191947873,-0.43298337805304,-7.28476906207042,-6.88380937675859,2.01486614448527,8.91979341109905,-3.73763761662283,0.48293914456228,-3.84868859791843,0.512835528655545,3.64795788,0.09088543,-0.808,0.02501644,95.1595427959971,-140.763842463157,1251.2437701092,0.935362694154277,0.907751754762894,8.31264719975505,0.176213383671611,-1.17137723895336,-885.404746981694,-886.224809970431,-902.159119522246,-903.046050753155,0.867071832118802,-947.223931711579,0.957193081952149,1820.36473709223,1841.48467139112,NA,2361.72369775524,0.428527365651882,1.1026766510535
"464",-5.86,0.79,-5.86,0.83,1.359326,9.604077,-1.1484446,0.2002995,35,35,-5.73637155974348,0.846722420728494,-4.96711477054219,0.749040244364388,1.55731449934604,8.22212180265957,-0.91712321709165,0.16359266009242,1.55731449934604,7.90281252543377,-5.35174316514283,0.797881332546441,1.55731449934604,8.37006080459264,-0.935908886429661,0.165978111987227,1.55731449934604,7.93613857591344,3.05458335035025,0.0823506059366058,-0.485302638106632,-6.64955971343258,-6.46226805381013,2.17019432162423,9.71935914939671,-3.89182387345407,0.576124982199925,-3.15207962250739,0.477204412592414,4.2397992,0.08565865,-0.802,0.03115847,44.3687662620589,-39.1822893952804,1254.75287011996,0.548993595234614,0.483111067323651,8.55900433631512,0.192900432826087,-1.24433446826997,-935.17597841789,-935.621713638864,-956.851489579475,-957.113032563051,0.25454556367928,-968.131773932119,0.179438815003059,1919.90719996462,1950.86941150558,NA,2470.32345084464,0.476293803854827,1.17218152907073
"465",-5.86,0.79,-5.86,0.83,1.359326,9.604077,-1.1484446,0.2002995,35,35,-5.51506901524879,0.761220267370162,-6.08070525735714,0.885522795344654,1.4360996996321,9.72778313609346,-1.10739367332369,0.205169097006441,1.4360996996321,10.5679298589621,-5.79788713630297,0.823371531357408,1.4360996996321,9.80776922569007,-1.1249711770257,0.209031876621654,1.4360996996321,10.6104846018897,3.83557438009125,0.084977883257043,-0.551100510466783,-6.9376568732706,-6.76273081944885,2.14794885351398,12.101593778337,-4.47465761525395,0.621444597335325,-5.0388120125836,0.740930896679501,8.11926875,0.15797378,-0.844,0.02425984,85.434726796576,-121.314210464315,1343.91864335108,0.576316837301384,0.524999273995215,5.55297211493047,0.131660475105353,-0.817150067921822,-931.929196032204,-932.432746946668,-955.329513160048,-955.586548459589,0.250150420547045,-972.631341716649,0.129392139409525,1913.41363519324,1947.82545866672,NA,2566.52307623786,0.52678312129115,0.826486664120674
"466",-5.86,0.79,-5.86,0.83,1.359326,9.604077,-1.1484446,0.2002995,35,35,-6.26067260078064,0.778354291020134,-5.33054793609878,0.76660590654207,1.48108705688204,12.5273599227323,-1.5720764217596,0.2679695120436,1.48108705688204,9.42277930084413,-5.79561026843971,0.772480098781102,1.48108705688204,12.7436428956947,-1.5748082873029,0.268004018178061,1.48108705688204,9.8600619423117,2.43290880780236,0.0722902965976697,-0.404810502810122,-7.58118037966401,-6.7210495495752,2.42862900953706,9.14099264648575,-4.13644450342042,0.515354457914318,-3.50845294162523,0.495322691754375,6.2511589,0.1430626,-0.874,0.027806,64.601881956958,-79.6485207850786,1335.89791294769,0.272348441587677,0.251348427715245,10.4789337380177,0.207660405397057,-1.41081993370535,-940.250256350806,-942.050855115895,-955.589639684591,-958.466519978535,2.85290696094719,-993.755478942532,3.57465673906255,1930.05575583045,1948.34571171581,NA,2592.14730511031,0.416337523159602,1.4101544792795
"467",-5.86,0.79,-5.86,0.83,1.359326,9.604077,-1.1484446,0.2002995,35,35,-5.55873472822885,0.771199246907173,-5.46627994948689,0.732565574063811,1.32317062190792,6.54390021171468,-0.774789658427659,0.164597054097164,1.32317062190792,9.4492730284867,-5.51250733885787,0.751882410485492,1.32317062190792,6.54603718324273,-0.775682625346339,0.164970194266506,1.32317062190792,9.46432152654397,2.76790636830769,0.075404572055819,-0.441272594523443,-6.92187040842781,-7.05958505525832,1.99443287978332,10.7340439197784,-4.42934207886687,0.627033955329178,-4.48333593686077,0.610223911283093,4.58889029,0.09468902,-0.765,0.02361094,102.095073687756,-154.634904246675,1286.26284147005,0.898955507469469,0.883576532925543,4.95570136699809,0.117544192666936,-0.731168326117534,-903.367142228138,-903.451827925737,-928.144706393903,-928.245444221925,0.0979300536127779,-950.605319731194,0.0964362007010323,1856.28952758511,1893.45584513443,NA,2417.89077869342,0.43826366068262,0.731050936761697
"468",-5.86,0.79,-5.86,0.83,1.359326,9.604077,-1.1484446,0.2002995,35,35,-6.57612967532778,0.779619041957133,-5.98382031443484,0.844554245638818,1.31747122701829,8.85432203357508,-1.03466322046194,0.175822834565585,1.31747122701829,8.53608613688988,-6.27997499488131,0.812086643797976,1.31747122701829,8.94202962832542,-1.0250477882139,0.17687697973488,1.31747122701829,9.1799781772864,2.77704598418296,0.077046746057828,-0.447173821459694,-7.88910239540788,-6.90992589424997,1.94622891170768,9.62751282266986,-5.19227093703368,0.633769391028051,-4.2644357147874,0.612743113486602,5.4287491,0.10797678,-0.866,0.02390225,107.695147528418,-165.835051927998,1342.95412692978,0.0327583562820342,0.0301884347303038,7.46278578873573,0.140124372430206,-0.955619718094742,-901.749143909121,-904.598155458547,-920.685671006147,-925.259451710046,4.59147055914106,-941.144431990004,5.51624274016661,1853.05353094708,1878.53777435892,NA,2520.07320193156,0.444956755426279,1.06752700615259
"469",-5.86,0.79,-5.86,0.83,1.359326,9.604077,-1.1484446,0.2002995,35,35,-5.76312548438839,0.823911246184419,-5.66848462012885,0.881516261544182,1.28199321725655,15.7577957871609,-1.75461059432237,0.258142976761499,1.28199321725655,12.7472782565827,-5.71580505225862,0.8527137538643,1.28199321725655,15.7600350104578,-1.75324764721254,0.258972561210149,1.28199321725655,12.8838725775018,3.56264134376555,0.0943397192581373,-0.567734317550017,-6.81221671316772,-6.37438007383377,2.11366342468651,12.8982671306825,-4.17530721182306,0.597964003032712,-4.40140125734871,0.673353456942308,9.80262614,0.16514938,-0.886,0.02107656,110.857124476395,-172.159005823952,1325.06843339439,0.617168526515931,0.574603890453975,7.39438072040676,0.16388952206354,-1.05897210770213,-917.807526378862,-918.378969935269,-939.60067803288,-940.292772286356,0.675654747735445,-970.755179309538,0.776559393883367,1885.17029588656,1916.36778841239,NA,2477.97786096483,0.521884425411603,1.02974688884326
"470",-5.86,0.79,-5.86,0.83,1.359326,9.604077,-1.1484446,0.2002995,35,35,-6.07557874154459,0.841805470539737,-6.27497665320319,0.871293289793121,1.27763677741662,6.98337095108072,-0.851643033911487,0.181367928955382,1.27763677741662,10.2287255553037,-6.17527769737389,0.856549380166429,1.27763677741662,6.99331083287418,-0.853112986306109,0.181585311826462,1.27763677741662,10.2306233080246,2.88707478832418,0.0748390783273211,-0.447705161133972,-7.01806081210003,-7.04177792720444,1.87668828487866,11.8898587584003,-4.05989481437741,0.556889914144297,-4.62536114065523,0.652795920868629,2.40383127,0.08567372,-0.731,0.02270633,118.859704494016,-188.164165859196,1303.36226603738,0.600710647481801,0.518499361603911,9.31862207994994,0.197175027241973,-1.3067863048207,-900.164255517604,-900.201115323005,-924.601116070922,-924.612945682866,0.0114925940958119,-938.984936208753,0.00276713522281087,1849.88375416405,1886.36866448847,NA,2418.56036621556,0.444321262927928,1.25446057856306
"471",-5.86,0.79,-5.86,0.83,1.359326,9.604077,-1.1484446,0.2002995,35,35,-5.39104761873523,0.720221325351997,-5.82556951376996,0.910433005092947,1.40170716555672,7.03752625821062,-0.773757657638897,0.13203758582868,1.40170716555672,7.09091155949316,-5.60830856625259,0.815327165222472,1.40170716555672,7.08472857752676,-0.79442044252359,0.141082706606148,1.40170716555672,7.45302637115025,2.99037599158072,0.0746734481041886,-0.448347342187076,-7.05789656401271,-6.35918649219166,1.92082139810782,8.85669147906768,-3.89778394307969,0.526360355693026,-4.62040182107463,0.711712679383474,5.04541876,0.10148294,-0.858,0.02527344,90.8693266672111,-132.183410205585,1224.75005581113,0.0703949803616056,0.0507846692853245,5.76536325693959,0.138253796925,-0.848263674497239,-903.55151517007,-906.456493420366,-924.366049354738,-927.4308681496,3.04339097166267,-935.289612945195,3.06847663284422,1856.65827346898,1885.8985310561,NA,2317.31670141667,0.47346544641279,0.883368261845303
"472",-5.86,0.79,-5.86,0.83,1.359326,9.604077,-1.1484446,0.2002995,35,35,-6.2112041424617,0.873598007811731,-5.95308906501187,0.907021877012747,1.34605336787871,7.77006002364565,-0.780487310581534,0.13000995352022,1.34605336787871,8.87979248038647,-6.08214660373678,0.890309942412239,1.34605336787871,7.78671587194737,-0.77833050943466,0.130289242278311,1.34605336787871,9.0175450487111,2.49784388889666,0.0651309830341169,-0.382437572984343,-6.96427450289952,-6.50702866183842,1.76778006699924,11.9766854696883,-4.67719849009343,0.661006889076054,-4.14764574718072,0.639375570946441,4.71974154,0.09910866,-0.806,0.02490875,91.8994302486288,-134.24361736842,1287.90341730576,0.467408416106154,0.45868646676078,6.548702192783,0.131521696174148,-0.893466479438316,-902.322357290245,-902.925262670485,-928.422622318423,-929.391881027701,0.948114514011416,-924.572799734259,1.08456223614723,1854.19995770933,1894.01167698347,NA,2441.5632172431,0.409121529475072,0.864221954765292
"473",-5.86,0.79,-5.86,0.83,1.359326,9.604077,-1.1484446,0.2002995,35,35,-6.01739013329117,0.844719939725075,-6.21109680241549,0.940946646132117,1.37734116889979,10.6067560750432,-1.2068748732426,0.217067663919211,1.37734116889979,11.3901863171528,-6.11424346785333,0.892833292928596,1.37734116889979,10.616136643459,-1.21153481193732,0.219382558675698,1.37734116889979,11.4966625672728,2.06812844477052,0.0613120774577209,-0.341577222496541,-6.94250855061701,-6.562921403535,2.06144811683627,13.0165500718849,-4.48095098219179,0.637836172345659,-4.78955299212319,0.726367372452549,8.10046209,0.17576242,-0.865,0.02200996,104.274004152471,-158.992765176105,1348.63979844769,0.642719142981626,0.60374823054077,5.92595208731349,0.133136203180198,-0.83592198317454,-926.768085114917,-927.302397802915,-949.901175717197,-950.500157373804,0.584364498065693,-964.923371317206,0.593412126719357,1903.09141335867,1936.96878378102,NA,2538.28683171928,0.361339222266336,0.902158306452647
"474",-5.86,0.79,-5.86,0.83,1.359326,9.604077,-1.1484446,0.2002995,35,35,-4.92033135160316,0.584309185064345,-5.69441388236458,0.749879751664387,1.35760651154505,8.26379116397823,-0.989718792266899,0.179120332473779,1.35760651154505,8.46528567125776,-5.30737261698387,0.667094468364366,1.35760651154505,8.41359210508573,-1.02176011307024,0.185973735604844,1.35760651154505,8.53922304382349,2.3058604297295,0.0656797532018942,-0.374393204960727,-7.39690965875534,-7.18456559837827,2.23708514929076,8.45786045938121,-3.04310073060657,0.356369035323305,-4.09014318893489,0.539433301015508,2.00713227,0.06598909,-0.724,0.02613135,96.2806418122253,-143.006040495613,1274.14151408039,0.123392905286936,0.085445220807288,10.6428327954174,0.208226665067508,-1.44269704059783,-908.298932957836,-909.300094308549,-927.516240560922,-928.060915750411,0.531176924721525,-971.1870656647,0.253601477539378,1866.15310904451,1892.19891346847,NA,2405.27698766516,0.384803499172149,1.35236215244455
"475",-5.86,0.79,-5.86,0.83,1.359326,9.604077,-1.1484446,0.2002995,35,35,-6.10600199174816,0.805301848754039,-5.75676297578471,0.728426812440702,1.24361455352941,10.611787105359,-1.49033750723817,0.261688056599283,1.24361455352941,7.89964469034443,-5.93138248376644,0.76686433059737,1.24361455352941,10.6422790779268,-1.49704944774673,0.263165499401327,1.24361455352941,7.91852877973121,3.96920661925529,0.0990789940684687,-0.613970390062322,-7.2659631948674,-7.37472575232005,2.1844846023207,6.4338949880065,-4.48497111009033,0.59057428988149,-4.27739914886643,0.55346374798804,6.01561084,0.16349191,-0.911,0.02400724,102.623597978253,-155.691952827668,1281.37033005548,0.953467181329263,0.95175232446256,7.20835613494943,0.138883541467396,-0.967675206478053,-892.879158210169,-893.067280735422,-901.716090975357,-901.864466088465,0.144288690501798,-956.929709966468,0.0866842854851291,1835.31355954918,1840.59861429734,NA,2407.04870728328,0.556198553185854,0.917767981096762
"476",-5.86,0.79,-5.86,0.83,1.359326,9.604077,-1.1484446,0.2002995,35,35,-5.77196379187123,0.733782461297424,-6.9464770960533,0.865292533674828,1.33243178349046,8.67262613860064,-0.999881331464177,0.162809804724297,1.33243178349046,7.75150768543135,-6.35922044396227,0.799537497486126,1.33243178349046,9.01749651402582,-1.03849641387448,0.167133529508475,1.33243178349046,7.88075571574866,2.87231885441608,0.0722876509737092,-0.442756554399779,-7.35801899839847,-7.7490293221928,1.94675965485397,8.80835488101067,-4.20639307935444,0.535372709985491,-4.93815621234032,0.613806713745329,5.7814999,0.13320013,-0.883,0.02164019,127.068413271283,-204.581583413728,1339.16995912004,0.567936770710094,0.509933150611184,8.02156104387541,0.138390208836175,-1.02560324234325,-899.139387228697,-900.209787428308,-917.442092675931,-918.468339161183,1.0042687931598,-938.403828276776,0.952828857136111,1847.83401758623,1872.05061769849,NA,2473.75833482636,0.417710494934225,0.959258769311959
"477",-5.86,0.79,-5.86,0.83,1.359326,9.604077,-1.1484446,0.2002995,35,35,-5.65813941786744,0.769024229631067,-4.78683918061267,0.743961273939725,1.33563344192093,5.98969749531151,-0.694487242918357,0.142673175520327,1.33563344192093,8.23108283120617,-5.22248929924006,0.756492751785396,1.33563344192093,6.17948852117156,-0.6999465827284,0.142830213457323,1.33563344192093,8.57361416173468,2.56619909207522,0.0688481160786801,-0.403287891063152,-7.03423328816864,-6.31225165538653,1.93457412918281,9.74470768258329,-3.78043287191061,0.515991245797816,-3.27396102207441,0.513659171709432,2.4217543,0.08040495,-0.718,0.02785745,73.3668690632277,-97.178494997618,1232.08198264818,0.25366944627274,0.228540604702802,7.46698528135711,0.153924467509943,-1.03074935256854,-898.176611501039,-899.837523347109,-921.76461491286,-924.315025110902,2.52322841229401,-940.056715062029,2.98414058698201,1845.90846613092,1880.69566217235,NA,2366.98547029874,0.411602278306607,1.00273159644203
"478",-5.86,0.79,-5.86,0.83,1.359326,9.604077,-1.1484446,0.2002995,35,35,-6.42776341160031,0.856925052292112,-6.60806975018532,0.904758903899903,1.29689554597822,5.67844191315749,-0.761767893040375,0.165764582715143,1.29689554597822,7.84363951939483,-6.51791658089281,0.880841978096007,1.29689554597822,5.68656950709098,-0.763924079701331,0.166336602055052,1.29689554597822,7.85495295776325,3.15170058580924,0.0874208378308244,-0.511393834031407,-7.28016692656644,-7.17549155522907,1.83185840085069,9.20520556549018,-5.39738171144392,0.731608834453646,-4.74131549530114,0.649742761833431,2.83675324,0.07466826,-0.723,0.02400434,111.671375004788,-173.787506880738,1316.7471830535,0.61015851043911,0.485752373752022,7.19739679474835,0.155909473024935,-1.03188638761066,-890.938597168726,-891.034911160648,-911.552251341803,-911.64174329374,0.086990634044434,-924.887397090938,0.0697464847906073,1831.43243746629,1860.27093503023,NA,2459.70685922626,0.489883909649143,0.940648268757044
"479",-5.86,0.79,-5.86,0.83,1.359326,9.604077,-1.1484446,0.2002995,35,35,-6.0252887679487,0.800874597578833,-6.77311301678727,0.925707117975026,1.31718219230208,4.89087103782807,-0.45853152236527,0.0842901560001114,1.31718219230208,6.99687037365794,-6.39920089236799,0.863290857776929,1.31718219230208,5.03068131461582,-0.481869718814247,0.0881859455372279,1.31718219230208,7.02317410425642,3.55686120354716,0.0916038209767064,-0.555355585987864,-7.21162638793086,-7.21573078313687,1.63387568424333,10.1702956238964,-4.4092817798952,0.598241753739764,-5.57060678239227,0.766234358009285,1.66712609,0.03284827,-0.424,0.02327629,124.50389463176,-199.452546134682,1285.44126894125,0.125708980878374,0.0973302664682169,7.54060220863637,0.153736995990223,-1.05902280842478,-881.210642671353,-882.06604796342,-908.309613856987,-908.539483730203,0.223669210218605,-900.027867684452,0.000109840279233414,1811.97652847154,1853.7856600606,NA,2371.42999174782,0.523536364380649,0.916754570728367
"480",-5.86,0.79,-5.86,0.83,1.359326,9.604077,-1.1484446,0.2002995,35,35,-6.45900099709454,0.874754141007313,-5.27092478647479,0.806677487668534,1.30073386135088,7.73634616281138,-1.05945644062089,0.209010419636265,1.30073386135088,8.23928391246771,-5.86496289178466,0.840715814337924,1.30073386135088,8.08922743337152,-1.07967650370349,0.210169027318717,1.30073386135088,8.65909164355073,2.89317419955838,0.0793915838835963,-0.465575728737087,-7.20518341512545,-6.4226902889153,1.99868850872822,8.51570043417466,-4.95653249428227,0.679563141375787,-3.78993530437816,0.578803574881625,4.98878554,0.14220344,-0.866,0.02659885,76.9199685566834,-104.28469398453,1258.17473419432,0.0933326964034616,0.0742589064865971,7.05830661026925,0.145650414828138,-0.969578042433475,-899.218036693941,-901.587828296618,-915.339898561608,-918.45036445473,3.0897335750364,-943.793239038549,3.83108816703426,1847.99131651672,1867.84622946984,NA,2412.06477440412,0.450766076135243,0.968306673995243
"481",-5.86,0.79,-5.86,0.83,1.359326,9.604077,-1.1484446,0.2002995,35,35,-5.09201245038235,0.694398239581362,-6.51720565646384,0.915269871460631,1.45007398132447,9.16348007059758,-0.873628110358173,0.131955501174869,1.45007398132447,9.1059329861172,-5.80460905342309,0.804834055520996,1.45007398132447,9.67127398926282,-0.952324297650794,0.144151570617122,1.45007398132447,9.18790879582671,2.40315440426745,0.0632908429495123,-0.375667641585709,-6.91270865844619,-7.02200583670188,1.99009230119544,11.8197873138465,-3.56889925982261,0.483465328308914,-4.82555184220463,0.676450913518863,4.94543316,0.06717213,-0.804,0.02538956,90.6809514036164,-131.806659678395,1298.17561544067,0.13010897541807,0.102022246316992,8.52510468559138,0.187866873829015,-1.2266667125023,-920.027061602944,-921.972071177856,-948.244039872559,-948.809564917295,0.551592323826442,-953.16887635319,0.0557199632559034,1889.60936633473,1933.65451209175,NA,2464.54457120295,0.374249707120378,1.14811953799134
"482",-5.86,0.79,-5.86,0.83,1.359326,9.604077,-1.1484446,0.2002995,35,35,-5.99028208930313,0.824695454824028,-6.8037350648128,0.93304067294104,1.2057484931387,9.93489862262778,-1.07841956602741,0.17225669086431,1.2057484931387,10.5565252795838,-6.39700857705796,0.878868063882534,1.2057484931387,10.1003250584692,-1.10045300104229,0.175191362436516,1.2057484931387,10.5986338940279,2.88580495322724,0.076983761860505,-0.455044442115033,-7.0347012059372,-7.20266140837754,1.7683552981449,12.3458397369368,-4.49831201185123,0.622137221157358,-5.00604604485836,0.683240792059448,7.38392814,0.14355997,-0.865,0.02049309,124.48579543543,-199.416347742022,1324.43465278608,0.828610337596146,0.870618856690178,6.63555841222563,0.130605475969962,-0.904957622217676,-889.341416555192,-889.820280059511,-912.427027747961,-912.681623817746,0.247772207728997,-925.634272589476,0.142247390124696,1828.23807623922,1862.02048784255,NA,2449.45295783013,0.450085208818407,0.834795615277069
"483",-5.86,0.79,-5.86,0.83,1.359326,9.604077,-1.1484446,0.2002995,35,35,-5.22214036481341,0.783327189267427,-5.32220322469562,0.750880423198109,1.21876729217903,7.86324553949864,-1.02070380676588,0.17381678729683,1.21876729217903,6.63982304959766,-5.27217179475452,0.767103806232768,1.21876729217903,7.86574868348058,-1.01989212771417,0.174079985453919,1.21876729217903,6.70353383467765,2.94915358098508,0.0723314434280628,-0.447587475658076,-6.51302090277537,-6.80639319865498,1.8953280267857,6.55185229876015,-3.81889425591387,0.578460024176334,-3.76426005248491,0.535688744596256,3.60381272,0.09900038,-0.86,0.02877513,67.4902479937221,-85.4252528586067,1154.37577310382,0.700113862520315,0.673828157167775,6.74010052804703,0.142365231375639,-0.956916117202627,-874.153237429464,-874.552450757942,-886.086875463228,-886.668205953166,0.567072477636429,-922.693653312972,0.715562031751737,1797.86171798776,1809.34018327308,NA,2223.32629334904,0.425505983019755,0.858835333466275
"484",-5.86,0.79,-5.86,0.83,1.359326,9.604077,-1.1484446,0.2002995,35,35,-6.17334496238296,0.831084261853796,-6.72690385010389,0.942200057524653,1.23262758086085,10.7284750021507,-1.32978761459067,0.21027866281532,1.23262758086085,8.18126594025362,-6.45012440624343,0.886642159689224,1.23262758086085,10.8050818626944,-1.34516489865562,0.213365342827212,1.23262758086085,8.21187435352368,2.85441784689811,0.0805329182881263,-0.461812646323769,-7.17970121996407,-7.0712609504917,1.90294994071901,8.28187494550396,-4.54007291723686,0.611865240754592,-5.10731513126168,0.705742225048111,6.55535575,0.13642284,-0.908,0.02392722,101.950137984161,-154.345032839485,1266.94809492913,0.710906387606787,0.689590715484003,7.92720002201089,0.16600803218263,-1.1152072140961,-888.215115734597,-888.666179156834,-901.722731256052,-901.955708428248,0.2266977251186,-930.896400363577,0.0792255131691828,1825.98547459803,1840.61189485873,NA,2379.55115701877,0.470347125179808,1.02628103315982
"485",-5.86,0.79,-5.86,0.83,1.359326,9.604077,-1.1484446,0.2002995,35,35,-6.30554883607651,0.897827531861079,-6.93857309516545,0.899112256446847,1.52320844311556,5.96073721363339,-0.711072769001036,0.134996907065217,1.52320844311556,6.02595799545311,-6.62206096562098,0.898469894153963,1.52320844311556,6.06091714178216,-0.711276084458296,0.134997319694532,1.52320844311556,6.25061902166764,3.04706759914574,0.0727416354415247,-0.448453427657707,-6.91426596209773,-7.5396361645526,1.95377891865328,7.94709615182605,-4.44120999624174,0.630708990122038,-5.22553535457822,0.675531784511325,4.1484787,0.09383947,-0.849,0.02563538,98.7073577992945,-147.859472469752,1314.37865560065,0.187894087094003,0.166678539384905,7.34062594534949,0.148758273701554,-1.0029743274686,-916.348465409367,-917.716145026336,-934.85332891961,-937.056597969329,2.17435825726185,-936.068921270069,2.66234177004302,1882.25217394757,1906.87309018585,NA,2480.89783873154,0.461160466681853,0.98432767715858
"486",-5.86,0.79,-5.86,0.83,1.359326,9.604077,-1.1484446,0.2002995,35,35,-5.20980995070589,0.705470102686939,-5.03374050123969,0.672970942732874,1.20685325387299,6.67902401010546,-0.796854531954915,0.161837439007843,1.20685325387299,9.68499970484689,-5.12177522597279,0.689220522709907,1.20685325387299,6.6867741228643,-0.798285059255223,0.162101487857273,1.20685325387299,9.68716803817746,2.7745591591961,0.0719335104635208,-0.434726109005816,-6.96454286345065,-6.98209499918922,1.97339095399403,9.99947037666491,-3.65195747860285,0.486255933615771,-3.65220663827816,0.484938224129648,4.05870518,0.0961705,-0.791,0.02432527,96.1596457393964,-142.764048349955,1239.1953251847,0.999617375874433,0.996434377675871,5.52348586766302,0.125363906694127,-0.797006380866258,-883.744627300411,-883.784944894322,-907.162748647419,-907.176952478821,0.0137994076323393,-945.744103680363,0.00168897021781361,1817.04449772966,1851.49192964147,NA,2335.62660201945,0.410207822265524,0.793232539603683
"487",-5.86,0.79,-5.86,0.83,1.359326,9.604077,-1.1484446,0.2002995,35,35,-5.6460189245574,0.817738463200656,-6.62820837190628,0.900318882276321,1.25110942661077,8.0600222877232,-0.97497117127645,0.175451996065108,1.25110942661077,8.71709590028301,-6.13711364823184,0.859028672738488,1.25110942661077,8.30119631534407,-0.995248575319892,0.177156877468786,1.25110942661077,8.89726553181123,3.61107128048548,0.0808950198840272,-0.523843761968963,-6.7318859970241,-7.22208267683977,1.8349490278352,9.86885237026184,-3.96721480959522,0.582674950195639,-4.48046042355615,0.612730076854547,3.80458218,0.09521368,-0.855,0.02570357,92.7783446424047,-136.001446155972,1252.38355338361,0.430591055425809,0.415601146327906,9.17742452972584,0.186514493508533,-1.25227829465717,-890.610135199701,-891.653746363688,-909.339478387899,-910.625498223764,1.26082268505364,-927.50551272161,1.43377167898496,1830.77551352824,1855.84538912243,NA,2368.76566061125,0.49110943552461,1.24541986155769
"488",-5.86,0.79,-5.86,0.83,1.359326,9.604077,-1.1484446,0.2002995,35,35,-5.71786898267498,0.83350131421482,-6.45100432781802,0.906444746015376,1.2010144781618,6.81632748362137,-0.78324311380282,0.140974260089089,1.2010144781618,8.29237427085648,-6.0844366552465,0.869973030115098,1.2010144781618,6.95069934219587,-0.796612465815075,0.142304446149799,1.2010144781618,8.36716039705469,2.20220686225065,0.0607951663979953,-0.353387670006659,-6.7098250677493,-7.00838232178283,1.67279061690689,10.1269897687192,-4.12588327011446,0.59925780142166,-5.20743380451827,0.741502167868251,4.17914524,0.07833327,-0.794,0.02308221,112.134862211159,-174.714481293481,1242.26102314581,0.287950844834221,0.229330338188164,6.13984909938929,0.137795341776118,-0.896658237212112,-875.32809310415,-875.88243295203,-896.199284312896,-896.760397648067,0.547272035461163,-905.658808315042,0.569879381508729,1800.21142933714,1829.56500097242,NA,2309.80756499815,0.35268150034413,0.816316534587045
"489",-5.86,0.79,-5.86,0.83,1.359326,9.604077,-1.1484446,0.2002995,35,35,-5.62410921514754,0.789893115988566,-5.62653122990066,0.813356892255343,1.37833589924887,9.09253272348465,-1.30588751386194,0.265603788531466,1.37833589924887,9.22875637421922,-5.6253202225241,0.801625004121955,1.37833589924887,9.09253419002352,-1.30590172126501,0.26574142573064,1.37833589924887,9.24162335803443,1.94637226663257,0.0547785101499725,-0.310453905034344,-6.87587166076857,-6.73850256824123,2.28239205619327,8.68140331291607,-3.94492367301602,0.55937126873819,-4.05190237471373,0.591934056804863,5.80225643,0.18426351,-0.894,0.02684093,69.3967806842245,-89.2383182396116,1273.82073328366,0.939566520707843,0.948564152172014,6.79797000513848,0.145253171974554,-0.949729411602889,-920.50462560819,-920.560472613095,-936.658932538363,-936.746931783855,0.085538736814574,-976.917011319625,0.101624040992322,1890.56449434522,1910.48429742335,NA,2458.4031483277,0.335461854659149,0.951159012070569
"490",-5.86,0.79,-5.86,0.83,1.359326,9.604077,-1.1484446,0.2002995,35,35,-6.23102511508754,0.89277325961345,-4.77815858569139,0.641735986980777,1.18257365289214,9.96536418565819,-1.32410670612832,0.260937332290271,1.18257365289214,12.171940720339,-5.50459185038947,0.767254623297113,1.18257365289214,10.4930694737181,-1.41528761888805,0.276692260352984,1.18257365289214,12.2917254287014,3.00529585246411,0.0799899099173954,-0.47633447900321,-6.86985428726705,-6.91260286734826,2.16298746346688,10.7114604472197,-4.75684101065117,0.684466328205228,-3.56630153689692,0.48364570652276,6.1394299,0.1407464,-0.853,0.0220824,107.62194090275,-165.688638676663,1290.17654147836,0.21872368410885,0.18492219276082,6.46824518710686,0.167340003116032,-0.987672688725214,-897.799383204594,-899.487418405046,-916.830917426583,-917.464615479056,0.61838724767915,-970.414893350869,0.0085847033217199,1845.15400953803,1870.82826719979,NA,2414.66444428006,0.456541232605961,1.04859889339526
"491",-5.86,0.79,-5.86,0.83,1.359326,9.604077,-1.1484446,0.2002995,35,35,-6.11548015254568,0.841189238448326,-7.22596482789815,1.02564860908895,1.40035847294421,8.18641283775279,-1.14115047814789,0.217216947477659,1.40035847294421,7.12519454389261,-6.67072249022192,0.933418923768638,1.40035847294421,8.49470689130097,-1.19236030422829,0.225723262331943,1.40035847294421,7.17927644424079,2.47594992441812,0.0630356093747786,-0.381131020814573,-7.06163357443948,-7.07315705203197,2.08235870167132,7.40107995012219,-4.56898426817936,0.628164725384147,-4.70681713921167,0.659705028031056,4.64475313,0.12230944,-0.892,0.02786255,77.3206662394399,-105.086089350042,1290.3264494949,0.943583536625546,0.947039388484869,9.59861011767645,0.216129697666572,-1.39665433383839,-911.367304140706,-912.399109200803,-924.426181003167,-924.890562449381,0.452613067146884,-949.480294870615,0.000903282143353423,1872.28985141025,1886.01879435296,NA,2475.56680963976,0.37355662451815,1.30688850914975
"492",-5.86,0.79,-5.86,0.83,1.359326,9.604077,-1.1484446,0.2002995,35,35,-6.49645249597793,0.829856331643818,-5.2305801886398,0.815672559063659,1.17892767154265,9.84952939356721,-1.26693617528081,0.210593496263237,1.17892767154265,8.20340710405421,-5.86351634230887,0.822764445353738,1.17892767154265,10.2501375681886,-1.27142488651151,0.210643791114388,1.17892767154265,9.23962491584561,3.12834285701785,0.0830870044426539,-0.497473767638575,-7.51012444399882,-6.3287553833611,1.896189831072,7.8478404854743,-4.43212071605528,0.566210118377129,-3.92233888475812,0.616164813478998,5.02829383,0.11782601,-0.877,0.02202511,118.326576677164,-187.09791022549,1237.96830795,0.0133809144771972,0.0131618567484117,7.70382548595874,0.153237844960632,-1.0276281621992,-878.566523656629,-883.325117310027,-890.978335706314,-898.446722277716,7.65616585305406,-928.348348411022,9.89917608317824,1806.6882904421,1819.12310375926,NA,2288.83870567451,0.466191867880435,1.08212356281392
"493",-5.86,0.79,-5.86,0.83,1.359326,9.604077,-1.1484446,0.2002995,35,35,-4.51339884996482,0.617162013165938,-5.63343291251645,0.837910212441764,1.22586674721036,15.8471111733524,-1.96956331565764,0.31025412825679,1.22586674721036,11.9321188084651,-5.07341588124064,0.727536112803851,1.22586674721036,16.1607302486713,-2.03137469126661,0.32243657012767,1.22586674721036,12.0476389435986,3.66371126792346,0.0817637922641213,-0.527749681249302,-6.79424850860789,-6.5991219228444,2.40129044743355,9.39614480129874,-3.11991868396882,0.436722366278072,-4.08412221981282,0.625205007262956,8.66048525,0.18547828,-0.9,0.02368937,82.3178628544598,-115.080482580082,1256.99651079032,0.261207441750126,0.242645937328851,7.31864115136093,0.156926876135243,-1.02890422587249,-909.939018707003,-911.214947368442,-924.353659483148,-924.976179741521,0.607430948123748,-991.851646278064,0.181494236981408,1869.43328054284,1885.87375131292,NA,2398.91253900056,0.507505930552659,1.00828772157388
"494",-5.86,0.79,-5.86,0.83,1.359326,9.604077,-1.1484446,0.2002995,35,35,-6.15058139302452,0.921465650193425,-4.83041454103691,0.697527517615951,1.35416028144384,8.13464028332681,-0.905060267728988,0.164965200061911,1.35416028144384,9.36873484686673,-5.49049796703072,0.809496583904688,1.35416028144384,8.57035041259853,-0.978969192610185,0.177502271867483,1.35416028144384,9.45116319466756,3.47427010836585,0.0933910452701314,-0.553181775486367,-6.61846872685308,-6.63246732033337,1.98767513709678,10.9711431538657,-4.58185379461308,0.696761981184323,-3.24435865072652,0.467609500039634,4.08571394,0.09476023,-0.776,0.02370103,98.4157115934557,-147.276180058074,1254.33371809863,0.0755526425622085,0.0554718668742716,7.61165771850157,0.17049085181955,-1.10430715302108,-909.955251065558,-911.737627147215,-933.275010432658,-933.829289275157,0.540579707479956,-950.473939175521,0.000980019541069676,1869.46574525995,1903.71645321194,NA,2361.39125613919,0.532820416220909,1.03436119188346
"495",-5.86,0.79,-5.86,0.83,1.359326,9.604077,-1.1484446,0.2002995,35,35,-6.75332102434488,0.977982748211344,-5.30265124921404,0.73166831990051,1.41661243984628,5.70256154737323,-0.698958019243896,0.140695515049076,1.41661243984628,6.73368041654087,-6.02798613677946,0.854825534055927,1.41661243984628,6.22867224649277,-0.788288243326185,0.155863214447599,1.41661243984628,6.82903619632502,2.37097521630267,0.0616882622736041,-0.367502501157926,-6.88449411310156,-6.90130196310812,1.94091843662168,8.27044915752936,-5.11734152956353,0.739678390589848,-3.68886929739919,0.515064372864336,2.09163234,0.03267066,-0.68,0.03214536,59.383340988603,-69.2114388483686,1242.10312629525,0.0318084812938453,0.0187324288530358,9.08185854637681,0.229606258202087,-1.39986933181415,-903.95316319965,-906.346360170755,-923.796584067638,-924.654401926009,0.838435605827917,-935.693509449253,0.0018683714705543,1857.46156952814,1884.7596004819,NA,2414.99481374212,0.369152931811683,1.33754553087459
"496",-5.86,0.79,-5.86,0.83,1.359326,9.604077,-1.1484446,0.2002995,35,35,-5.11103957839605,0.585935183413526,-6.17815621662536,0.908347824541262,1.3936527032442,9.38953916409147,-1.22323772198354,0.221735958661719,1.3936527032442,8.15623722957103,-5.6445978975107,0.747141503977394,1.3936527032442,9.67422364398793,-1.30925069541426,0.24772343645146,1.3936527032442,8.77961587848784,2.72146448411641,0.0722886395091038,-0.429330167006001,-7.5779306081431,-6.72419616119221,2.31716760517314,7.71118801131779,-3.16794148335899,0.354327116732078,-4.5084195429999,0.674289567534576,3.96176926,0.10219585,-0.847,0.02677035,83.4487406693722,-117.342238209907,1288.24450799413,0.00184922903005109,0.00121784889198811,9.54932438331084,0.225650868944845,-1.38751687147298,-916.757973716779,-921.212493660396,-931.61274846706,-936.223291155799,4.62960352200585,-976.925834589403,4.29692462840395,1883.0711905624,1900.39192928075,NA,2459.14677777836,0.418756126412685,1.47647104751508
"497",-5.86,0.79,-5.86,0.83,1.359326,9.604077,-1.1484446,0.2002995,35,35,-6.73429033887077,0.93820419660909,-6.4439472672391,0.926055565174066,1.28125780780703,10.3482658181282,-1.17435106615371,0.194837465760386,1.28125780780703,10.2871798492498,-6.58911880305493,0.932129880891578,1.28125780780703,10.3693405929393,-1.17523288389545,0.194874363071822,1.28125780780703,10.3198805477422,2.97443137006186,0.0804893817285446,-0.47048690921491,-7.10245374458532,-6.88448907534444,1.87235999716969,11.9132523231216,-5.01474408412572,0.692368189528606,-5.17131252598077,0.749392138374404,9.15812782,0.18353562,-0.891,0.02170412,109.522011061157,-169.488778993477,1336.02986187044,0.755931482715121,0.721727953551003,6.18874995156949,0.127156368663597,-0.853579789341154,-904.636718892637,-904.761031600849,-925.657963280265,-925.860470855398,0.197006473466586,-938.482692735367,0.23382674061202,1858.82868091411,1888.48235890716,NA,2502.5709447474,0.476459728131177,0.827169843166042
"498",-5.86,0.79,-5.86,0.83,1.359326,9.604077,-1.1484446,0.2002995,35,35,-5.63223515028131,0.775944412217368,-4.76932812739568,0.703144224916221,1.36840893339469,14.0034695567672,-1.66119120247619,0.254388188246255,1.36840893339469,9.93703042697136,-5.20078163883849,0.739544318566794,1.36840893339469,14.1896216893035,-1.67689615069857,0.255713155064026,1.36840893339469,10.0634189934954,3.20006965899661,0.0818355583480325,-0.49434022512822,-6.96710036346768,-6.53791801803143,2.32715474342205,9.3308238587964,-4.10892306599613,0.575034585120997,-3.08641365055604,0.45416560129795,8.736856,0.18383484,-0.912,0.02693987,60.8186018778924,-72.0819606269475,1262.29112884359,0.452706007015861,0.410725496647509,7.6627297908543,0.149872059413227,-1.02895559162158,-922.873702002043,-923.41893962132,-939.574615656603,-940.378898952581,0.785809510270571,-983.94786585648,0.911738805411609,1895.30264713292,1916.31566365983,NA,2452.50029706023,0.481975236816477,1.01002028684527
"499",-5.86,0.79,-5.86,0.83,1.359326,9.604077,-1.1484446,0.2002995,35,35,-5.51517981229962,0.708658996804704,-5.89084776016771,0.823649035513245,1.41264320238334,9.93659785514956,-1.27539930789665,0.225028495489587,1.41264320238334,8.17235139572469,-5.70301378623367,0.766154016158974,1.41264320238334,9.97187945691341,-1.28619882586337,0.228334172740135,1.41264320238334,8.25245337744902,2.91564914380571,0.0745984567959371,-0.450032558394638,-7.25091411908028,-6.9415011722737,2.25128380767895,8.10637898933141,-3.70584360983522,0.486725100062242,-4.47186403044532,0.633564103029092,5.06467966,0.13502613,-0.868,0.02695926,74.6539799748701,-99.7527168209029,1279.11897086001,0.424219885868125,0.384438729009925,8.1896018388813,0.163321019283921,-1.11179830781252,-920.396114455473,-921.014048084662,-935.051766067705,-935.660420988791,0.593842791478066,-971.411667221154,0.555709673522798,1890.34747203978,1907.26996448204,NA,2458.48522489912,0.441124506488976,1.08346431888156
"500",-5.86,0.79,-5.86,0.83,1.359326,9.604077,-1.1484446,0.2002995,35,35,-4.82934908693316,0.681105766991105,-5.49683722964111,0.921086933364627,1.43897491073749,6.50909437621446,-0.795131385956221,0.155401305321749,1.43897491073749,7.16391751597093,-5.16309315828714,0.801096350177866,1.43897491073749,6.62047948137838,-0.835177531713108,0.169799045375248,1.43897491073749,7.60617494756236,2.67628837894371,0.0780304299411324,-0.439052005056661,-6.72923840699911,-5.96698086033516,2.059356499201,8.36868133989804,-3.09392584351634,0.426697357809232,-4.39208763402259,0.730683818111829,3.04070493,0.08030333,-0.784,0.03036748,56.6598679874328,-63.7644928460282,1210.85892127693,0.00389405765278336,0.00219213813881953,7.21158421693449,0.192812806894642,-1.12627341860968,-911.873074869494,-915.140001325886,-931.423664350041,-935.116571837861,3.68371009253647,-950.574334635935,3.58377243580282,1873.30139286783,1900.01376104671,NA,2357.95334970783,0.458053687836248,1.17291570874909
"501",-5.86,0.79,-5.86,0.83,1.359326,9.604077,-1.1484446,0.2002995,35,35,-5.90263153566236,0.774686939056615,-6.76487127737504,0.955717057656175,1.46751006079374,8.16170536461588,-0.914005829906063,0.144742542811586,1.46751006079374,6.62098950745236,-6.3337514065187,0.865201998356395,1.46751006079374,8.34756970766307,-0.95302867058194,0.152935518771628,1.46751006079374,6.69851293703702,2.47279997083422,0.068119374914785,-0.390364368305873,-7.24498844854439,-7.02869758877084,1.97453221814062,8.28160941106804,-4.26162057383555,0.561400781412633,-4.38115654863427,0.615656275833484,4.80380764,0.0904088,-0.88,0.02957722,66.9647173139804,-84.3741914991234,1282.4273900563,0.594255878513754,0.562677965990511,8.81096856093079,0.186542031404527,-1.24004436104985,-912.916127154263,-914.369684303919,-931.417262988701,-932.125730696866,0.691720308314528,-939.942326946634,0.303763635904368,1875.38749743736,1900.00095832403,NA,2480.48058861348,0.418178724248584,1.17095069484898
"502",-5.86,0.79,-5.86,0.83,1.359326,9.604077,-1.1484446,0.2002995,35,35,-6.28424158880128,0.895256088177269,-5.86644328184466,0.882188501840966,1.42925916875344,10.7065220574297,-1.13972526362222,0.185413758613789,1.42925916875344,10.2318560396774,-6.07534243532297,0.888722295009117,1.42925916875344,10.7501609137536,-1.14109016748405,0.185456449066953,1.42925916875344,10.302869601743,3.99016332147463,0.101954938196116,-0.62344418356784,-6.90827871087863,-6.56833370181684,2.01549714077008,12.585081933456,-4.19438659407466,0.607343515101213,-4.00818266363515,0.612998036109511,5.25927886,0.10243239,-0.811,0.02667563,73.5102702126461,-97.4652972964548,1321.35662898792,0.810402263932841,0.783350903235905,9.54629292986671,0.198971122034277,-1.33083941238004,-927.941200771146,-928.202045675168,-952.095943710056,-952.537126432111,0.429930921782091,-958.306052674963,0.502249891715528,1905.43764467113,1941.35831976674,NA,2545.24796067939,0.572830007620052,1.26703545343049
"503",-5.86,0.79,-5.86,0.83,1.359326,9.604077,-1.1484446,0.2002995,35,35,-6.27895780210035,0.831920460094977,-5.92741489734263,0.823261646800914,1.3238093585092,7.03141000399481,-0.918757379484309,0.193437506772924,1.3238093585092,9.09836258313895,-6.10318634972149,0.827591053447945,1.3238093585092,7.06230560746618,-0.919518365578596,0.193456250534839,1.3238093585092,9.1579583944925,2.9496766711368,0.067914239354386,-0.432591913909178,-7.28033220694337,-6.98037627115217,1.98514062230268,10.0690570945226,-4.70979631722226,0.64083198718245,-4.03793862251146,0.55485117014151,4.22783875,0.10711202,-0.803,0.02343058,105.506412005658,-161.457580882479,1310.19528339043,0.621240558053612,0.585635553019042,7.20863347737005,0.160835324063912,-1.03173176271671,-904.794699563615,-905.077891041542,-925.87180882187,-926.283701863651,0.401304185572375,-947.419245850361,0.487259122155752,1859.14464225607,1888.91004999037,NA,2458.93298589839,0.412484022753905,1.02318274159847
"504",-5.86,0.79,-5.86,0.83,1.359326,9.604077,-1.1484446,0.2002995,35,35,-6.13929591739735,0.934433104185345,-7.16875898743118,1.00972467670766,1.35421184215989,9.12939217468093,-1.05159069243671,0.172633399177921,1.35421184215989,8.18060049860081,-6.65402745241426,0.972078890446503,1.35421184215989,9.39434072782178,-1.07096816578583,0.174050604401142,1.35421184215989,8.40793413568655,4.00619752442622,0.108566993215631,-0.644626187243564,-6.52992651592769,-7.11082188005971,1.87226948555991,9.91800917323756,-4.28353894992073,0.658830491237701,-5.04471029367623,0.714720327753574,4.61623278,0.10988417,-0.853,0.02682754,80.4327754176794,-111.310307706521,1287.2233883844,0.300447020578369,0.269483957298361,10.1294296261473,0.203925649606508,-1.39564181052551,-905.975002210603,-907.142323882975,-924.76517101507,-926.477425192561,1.68384272076606,-932.596433090425,1.96440471791214,1861.50524755004,1886.69677437677,NA,2463.13646906228,0.602695423912394,1.29273415912088
"505",-5.86,0.79,-5.86,0.83,1.359326,9.604077,-1.1484446,0.2002995,35,35,-6.46463802171861,0.803193209921416,-5.48367468198135,0.849621606520296,1.28687043779006,11.5001813800803,-1.34354854917056,0.205174875262195,1.28687043779006,8.96136560049455,-5.97415635184998,0.826407408220856,1.28687043779006,11.7407536485574,-1.33216241042399,0.205713774264881,1.28687043779006,10.0404108164758,2.42452233279849,0.0656391773185704,-0.38759420282898,-7.63716194935054,-6.37959023694467,1.98573681306127,9.42598009921197,-4.77254043432128,0.58419285425042,-3.81543861465761,0.603430407668942,5.36450325,0.0994278,-0.838,0.02289451,112.243691402948,-174.932139677059,1307.15756651619,0.00389498476486639,0.00393076820895476,8.76943863317284,0.172938949336653,-1.1621513522557,-900.71609241662,-905.378095289952,-917.982120352102,-925.181486029979,7.36596543380355,-945.397967237948,9.09020970751106,1850.98742796208,1873.13067305083,NA,2439.38299335531,0.373323035567594,1.23700613610858
"506",-5.86,0.79,-5.86,0.83,1.359326,9.604077,-1.1484446,0.2002995,35,35,-6.77735430581236,0.895050873420384,-5.5042500916394,0.854105276417982,1.4621569502745,11.6994593110873,-1.418724504598,0.22577368646621,1.4621569502745,8.09528092674329,-6.14080219872588,0.874578074919183,1.4621569502745,12.1046578961235,-1.4317565076219,0.22619282194468,1.4621569502745,8.73167065748163,2.23449632424697,0.0587663002203154,-0.343507494741537,-7.40261404430785,-6.37345310159072,2.17902573931849,8.6929638146856,-4.75569131734222,0.640703224859227,-3.71693695074231,0.57470690579756,5.9717804,0.13339275,-0.888,0.03106282,46.3830518707678,-43.2108606126981,1309.45145277229,0.0853709910473136,0.0750705507795012,9.59307271532589,0.182091560431856,-1.26245223743917,-927.834258924828,-930.784991958189,-942.901393867927,-947.635485721156,4.75790709916008,-965.603967495889,5.967529874897,1905.22376097849,1922.96922008248,NA,2575.69204493188,0.368680797282888,1.27420370682281
"507",-5.86,0.79,-5.86,0.83,1.359326,9.604077,-1.1484446,0.2002995,35,35,-5.48526076806512,0.744247404972138,-5.47481504317095,0.715561803993756,1.286586134037,11.7966948746107,-1.5968150792075,0.288162404363757,1.286586134037,10.1470245557943,-5.48003790561803,0.729904604482947,1.286586134037,11.7967221529029,-1.59688998968156,0.28836812028963,1.286586134037,10.1659556648599,2.74264613032665,0.0725781013129193,-0.430296852846155,-7.00896854818992,-7.16942421095736,2.35725018694383,8.44885840131287,-3.77660629470627,0.517491489925981,-3.62199375723072,0.484829489049829,6.49437824,0.19441168,-0.908,0.02625649,72.9405207575356,-96.3257983862339,1283.64913529852,0.963398449804209,0.957089711278531,8.02651093739131,0.145273226288633,-1.03249124810838,-912.579661995505,-912.662955299112,-925.80007787923,-925.918858780702,0.11548511533431,-983.972631168331,0.137553624753079,1874.71456711985,1888.76658810509,NA,2470.97247221081,0.426696899878422,1.0440443476587
"508",-5.86,0.79,-5.86,0.83,1.359326,9.604077,-1.1484446,0.2002995,35,35,-5.90716070367837,0.814762181662728,-6.04290522679978,0.857648687577419,1.39070629130266,7.02938838597551,-0.750401588029314,0.129876841080278,1.39070629130266,7.62008807751819,-5.97503296523908,0.836205434620074,1.39070629130266,7.03399502986488,-0.751856990102747,0.130336654177671,1.39070629130266,7.63205154430738,2.16006177119391,0.0579220876615756,-0.339159578350143,-7.01075969137622,-6.89099750999103,1.85641928297452,9.92221211319436,-4.52692871643474,0.631715640040219,-4.79274365988877,0.679710113324718,5.21659646,0.09150845,-0.851,0.0275832,74.7066075815793,-99.8579720343212,1269.27478951328,0.89038370325344,0.870471213491834,5.49123825734724,0.125702161536964,-0.797714286819922,-904.085798396763,-904.202886717013,-926.870429066697,-926.967511843423,0.0943744117634525,-930.526960948093,0.0841782086737775,1857.72683992236,1890.90729048002,NA,2438.69160699224,0.347134635181533,0.785235182553789
"509",-5.86,0.79,-5.86,0.83,1.359326,9.604077,-1.1484446,0.2002995,35,35,-5.18822413110637,0.648205187384681,-5.26766849146677,0.633619433226021,1.31386805648603,9.80752530830053,-1.26876359563805,0.222982075299173,1.31386805648603,8.4461892345679,-5.22794631128657,0.640912310305351,1.31386805648603,9.8091031598988,-1.26847390666068,0.223035261355267,1.31386805648603,8.46497643696854,4.14637587166791,0.107665319080659,-0.65707783168482,-7.28412659079056,-7.45046910007538,2.35685455480343,7.2923128735571,-3.74088917745307,0.479604067863891,-3.82391600660566,0.456969781548084,5.26496631,0.12425772,-0.881,0.02420274,101.720437382764,-153.885631636691,1282.04125026791,0.722216228530879,0.739094039432882,6.94565360216279,0.135097215804432,-0.923458271573616,-905.168990273538,-905.259191173625,-919.351677430468,-919.49075977193,0.135242872180516,-979.361732675059,0.168478697456277,1859.89322367591,1875.86978720756,NA,2410.19686889914,0.587512476921367,0.938566164141495
"510",-5.86,0.79,-5.86,0.83,1.359326,9.604077,-1.1484446,0.2002995,35,35,-5.99802287019527,0.723418500503782,-5.88160290706827,0.855077185976825,1.35286191395902,9.59551273975903,-1.06907603015796,0.186017672131684,1.35286191395902,10.1726597747016,-5.93981288863177,0.789247843240304,1.35286191395902,9.59890114171266,-1.06524410533093,0.190351174496806,1.35286191395902,10.7259659664121,2.93383249212476,0.0794200184839589,-0.469725789070019,-7.64582387325083,-6.74501553136886,2.04852649884913,11.4821520575935,-4.19885736266535,0.508192574131124,-4.34552574264984,0.643788268497077,5.77476298,0.11941622,-0.831,0.02370749,100.010513574469,-150.4657840201,1354.36518925313,0.0658900551480594,0.0646749357453338,7.70756605894199,0.158251505609026,-1.03702519551135,-915.428756863515,-917.788782452726,-938.267220222151,-941.650739781081,3.36757959116528,-959.324958516119,3.7764236167991,1880.41275685587,1913.70087279093,NA,2558.26459448615,0.448921886019943,1.12729282889505
"511",-5.86,0.79,-5.86,0.83,1.359326,9.604077,-1.1484446,0.2002995,35,35,-5.95172064870176,0.80809120118966,-5.41073144370386,0.842976576331069,1.25848263734445,6.64451980794566,-0.882028647258513,0.184111651679569,1.25848263734445,8.72531442262449,-5.68122604620281,0.825533888760364,1.25848263734445,6.71768713792674,-0.877310494417564,0.184415899029258,1.25848263734445,9.11733739257791,3.08719573919155,0.0854651883195077,-0.499629558157229,-7.09506361180978,-6.34623636900137,1.89513997033019,9.52504476043653,-4.34375133896295,0.59232803087306,-3.77786785561156,0.585078001019387,3.80326497,0.10670862,-0.814,0.02355697,103.585710561164,-157.61617799349,1239.50424696103,0.212538323159425,0.19510911605717,6.59383830443072,0.146362000191179,-0.936045266485519,-890.861394628257,-892.558528966508,-910.838287796478,-913.604569173371,2.74104885440181,-934.288109602471,3.34537641185438,1831.27803238535,1858.84300793958,NA,2321.39231592857,0.482143308401035,0.953131274890994
"512",-5.86,0.79,-5.86,0.83,1.359326,9.604077,-1.1484446,0.2002995,35,35,-5.86150409886698,0.814669313841286,-6.60977947417278,0.903034663742134,1.24178646020434,8.72902804668907,-1.15069326687253,0.234149913704138,1.24178646020434,11.0591790863588,-6.23564178651988,0.85885198879171,1.24178646020434,8.86900705601132,-1.1672236707128,0.236102022469913,1.24178646020434,11.1078236143527,2.38730163194035,0.0583939068347464,-0.358130241898566,-6.9656563690136,-7.18747385589521,2.00044029406403,11.2698285618478,-4.53435323016435,0.630452570974174,-5.06558734253215,0.696424067930661,6.77974813,0.16341462,-0.855,0.02206295,109.558976731506,-169.562710334174,1342.4732728213,0.805694338714092,0.748997254360442,5.5584863159996,0.123033355947281,-0.789004693257883,-902.232325020005,-902.680870734634,-922.622713609355,-922.904512854419,0.274299592028106,-952.904885621261,0.238547260856972,1854.01989316885,1882.41185956534,NA,2515.38383530843,0.357839431976429,0.798204329089444
"513",-5.86,0.79,-5.86,0.83,1.359326,9.604077,-1.1484446,0.2002995,35,35,-5.12595780834139,0.635426396833594,-5.9173604239354,0.877228074787619,1.31764101836591,12.3289574869419,-1.60960783883217,0.285782964464638,1.31764101836591,10.6764095628384,-5.52165911613839,0.756327235810606,1.31764101836591,12.4855370119341,-1.65744845892913,0.300399977329984,1.31764101836591,11.0548930782243,3.24796172470823,0.0898037185326447,-0.525843190366673,-7.29799299536371,-6.64880378468263,2.38373210675997,9.22429945039725,-3.56759868536874,0.447860647979689,-3.62597004581552,0.5328222663615,5.84631296,0.14434155,-0.872,0.02743888,64.5442279542241,-79.5332127796108,1302.17280181855,0.276190658933806,0.273284703957863,9.59414762314058,0.213846307161454,-1.36599418689457,-920.043131691618,-922.263754979349,-934.891360826365,-937.124368694136,2.20417748347522,-989.470238819396,2.05777810233016,1889.64150651207,1906.94915399936,NA,2524.81239085748,0.504729064667671,1.3855953181445
"514",-5.86,0.79,-5.86,0.83,1.359326,9.604077,-1.1484446,0.2002995,35,35,-5.64208360759085,0.793607517834845,-5.56901284773485,0.752249129730594,1.16449676141529,6.88247158372435,-0.82911402219371,0.173106111038789,1.16449676141529,10.7816365918789,-5.60554822766285,0.772928323782719,1.16449676141529,6.88380641771083,-0.829869544405008,0.173533740105434,1.16449676141529,10.8074759814025,2.98047360597813,0.0780349151453147,-0.466896486295498,-6.87171660818682,-7.0450484223536,1.83150016450034,11.6656639080194,-4.21083718355438,0.602477063572345,-4.30068536570106,0.592907496952818,4.29729604,0.10177843,-0.795,0.02249785,111.099774846531,-172.644306564224,1268.04825016712,0.901879009690894,0.88931206789503,5.58133728856548,0.121754282998794,-0.783012298335053,-880.690954507458,-880.80673334207,-905.248640314237,-905.401995637331,0.149137046784967,-932.399367165407,0.154123408469647,1810.93715214375,1847.6637129751,NA,2363.45219377001,0.453118788961449,0.80821908230624
"515",-5.86,0.79,-5.86,0.83,1.359326,9.604077,-1.1484446,0.2002995,35,35,-6.34172086413639,0.844673448723509,-5.93649911354844,0.765456229785915,1.35804417923081,7.62701298641205,-0.949426573364187,0.18288973738589,1.35804417923081,8.4282564115497,-6.13910998884241,0.805064839254712,1.35804417923081,7.66806415319945,-0.957451708397838,0.184458579329942,1.35804417923081,8.44139526306244,3.67515600714157,0.0942881313654159,-0.57348060220704,-7.26711626281909,-7.33385020363639,2.01723364117507,9.40945110679485,-4.94181288455387,0.665002261148347,-4.32563756853938,0.568412408100168,4.37690522,0.12692856,-0.825,0.02357962,107.279805263084,-165.00436739733,1329.93578491509,0.686957298908878,0.674213590750688,7.55735302725154,0.143276751077289,-1.00888719128556,-907.983166084718,-908.196009419484,-927.320826465041,-927.418307835698,0.0947621557865169,-949.198013271408,0.025238089331723,1865.52157529827,1891.80808527671,NA,2494.86720243286,0.536505924533981,0.946601017164453
"516",-5.86,0.79,-5.86,0.83,1.359326,9.604077,-1.1484446,0.2002995,35,35,-6.14056278291627,0.78611669355338,-6.41955692124656,0.885154105310994,1.44672923578254,9.42361060537246,-1.40172355306934,0.259325125743245,1.44672923578254,6.2530793462714,-6.28005985208142,0.835635399432187,1.44672923578254,9.44307003767813,-1.40863126740828,0.261777227975157,1.44672923578254,6.32666165880439,3.52625813854665,0.0903471799485247,-0.548100802822427,-7.41482417618202,-7.10377904315297,2.30248185317311,5.48393996387145,-4.25825886811567,0.549045421271825,-4.86666828667532,0.668184745107066,5.3953265,0.1526684,-0.905,0.02662604,84.5639367045969,-119.572630280356,1292.02386620769,0.583513600436203,0.519282162138459,8.04038894278799,0.171226015274138,-1.14177939652425,-916.565854948542,-917.119766329474,-924.459510115058,-925.166080363185,0.68985833648923,-965.033337235954,0.771185012817018,1882.68695302592,1886.08545257674,NA,2464.47510213502,0.520997827778225,1.0457137076545
"517",-5.86,0.79,-5.86,0.83,1.359326,9.604077,-1.1484446,0.2002995,35,35,-5.04466103235994,0.693425458972184,-4.80676579436148,0.730855332118847,1.42988710221367,9.06028911038027,-1.21198701428654,0.222121092966404,1.42988710221367,7.50762627113614,-4.92571341336071,0.712140395545516,1.42988710221367,9.07443764644587,-1.20976091714142,0.222471341817348,1.42988710221367,7.63979259883072,3.01628153371386,0.0779230745280306,-0.470046886755832,-6.87115281556701,-6.41026007908201,2.33465569941566,7.11719753605793,-3.62532152712646,0.504686260057304,-3.4249049639313,0.531777764556883,5.46485803,0.13211581,-0.878,0.03022517,46.0149246394714,-42.4746061501053,1206.77372781309,0.447729453313942,0.427760129567914,6.01998801261183,0.141322966873716,-0.87890288474847,-919.177696718833,-919.867433960029,-932.758184598578,-933.837277168973,1.05638282604431,-976.296139899105,1.33388298168023,1887.9106365665,1902.68280154378,NA,2371.07284947608,0.451237176692663,0.900073683299812
"518",-5.86,0.79,-5.86,0.83,1.359326,9.604077,-1.1484446,0.2002995,35,35,-5.47352350641706,0.725536165418235,-5.76925831100584,0.819198666222165,1.59781649530471,7.19158362389292,-0.808841679207787,0.160925516740637,1.59781649530471,8.04912318979341,-5.62139090871145,0.7723674158202,1.59781649530471,7.21344839255421,-0.815766494550923,0.163118682754848,1.59781649530471,8.0989970830442,3.35151601890904,0.0779730520191182,-0.491552765666514,-7.10870800990007,-6.84642587172685,2.23471370899768,9.94490473324737,-3.80406662974095,0.503415997883108,-3.70585602260777,0.517426834993634,3.62050679,0.09135473,-0.773,0.02959486,58.9010686210897,-68.2468941133421,1310.59650078522,0.849277947949136,0.857204692483174,8.75421855174267,0.18753334631536,-1.23476335850111,-940.598729984708,-941.011732999896,-964.28294368358,-964.667686705335,0.374779375849237,-976.038187944248,0.334695993293412,1930.75270309825,1965.73231971379,NA,2552.9461074571,0.48138212806341,1.18795484193232
"519",-5.86,0.79,-5.86,0.83,1.359326,9.604077,-1.1484446,0.2002995,35,35,-5.61608761277217,0.780219477045675,-6.4727729540238,0.911635796902491,1.50514795347781,9.0097150920148,-1.03176957904058,0.175423061738826,1.50514795347781,7.87788493788067,-6.04443028339798,0.845927636974083,1.50514795347781,9.19319253549367,-1.05991518774622,0.179740624020003,1.50514795347781,7.90654621941092,2.95911836574846,0.0826073145059615,-0.476233610313229,-6.92548309596921,-6.99922401009044,2.10809763049867,9.48387219099559,-3.7628974703978,0.534620538377823,-4.64835251524454,0.654021121762437,4.33046385,0.09705778,-0.842,0.02748294,75.3656004622493,-101.175957795661,1285.26971684795,0.439346113736612,0.419028198184046,9.05729938313211,0.178958643011416,-1.22819502915101,-928.769445449895,-929.363365863521,-948.307659812961,-948.533283160294,0.219530570366047,-960.241770830448,0.0292786843378956,1907.09413402863,1933.78175197255,NA,2469.36347590024,0.483196319049361,1.17711025387999
"520",-5.86,0.79,-5.86,0.83,1.359326,9.604077,-1.1484446,0.2002995,35,35,-5.84688692126577,0.81853084889792,-5.64219379568808,0.780303099268732,1.28946453996281,8.04670341936199,-0.833968039069596,0.160434416589255,1.28946453996281,11.4316372731623,-5.74454035847692,0.799416974083326,1.28946453996281,8.05717823827667,-0.835924278458444,0.160799756799683,1.28946453996281,11.4345167183358,2.49641634163877,0.0697814389490152,-0.402874272599087,-6.92803316479366,-6.95109107931906,1.88516737406497,13.8095318460895,-4.60911569095055,0.640953052578908,-3.97970466568281,0.562618762459261,4.79241989,0.08467199,-0.746,0.02427099,95.0689824648209,-140.582721800804,1328.7194500902,0.690100590591508,0.590088117656609,6.39671389451795,0.14626423317814,-0.925969876091009,-905.470898426171,-905.525764941909,-933.982630904333,-933.998842592165,0.0157503205326442,-944.948436212969,0.00226618711717079,1860.49703998118,1905.13169415529,NA,2516.85617837959,0.404882813251608,0.924556910922973
"521",-5.86,0.79,-5.86,0.83,1.359326,9.604077,-1.1484446,0.2002995,35,35,-4.87370021826531,0.629840462111416,-5.25901439281526,0.669781311463389,1.47660475626894,9.02583607286319,-0.806245879971787,0.135208191452348,1.47660475626894,10.8124026104195,-5.06635730554029,0.649810886787402,1.47660475626894,9.06295282614047,-0.810093323821507,0.135607009314087,1.47660475626894,10.8276708420614,2.7718610716483,0.0743837174232256,-0.432391745085442,-7.07901495889109,-7.2263718884881,2.24182102405314,12.8298273596432,-3.70471745919223,0.502923202299619,-3.35049250258034,0.436292526626782,3.97531458,0.07494143,-0.756,0.02975118,56.3463074978127,-63.1373718667881,1332.84962019328,0.784382640304552,0.735791098445109,8.22208517330868,0.14794718762457,-1.03718408275973,-931.138126585581,-931.244739649076,-963.607999981393,-963.698420712588,0.087894036961806,-985.004530186959,0.0833432424266962,1911.8314963,1964.38243230941,NA,2602.56186851978,0.45709089351885,1.13345968768041
"522",-5.86,0.79,-5.86,0.83,1.359326,9.604077,-1.1484446,0.2002995,35,35,-5.79688234027963,0.739683406407517,-6.07743295185028,0.902278787083408,1.27971285653017,11.5123556914681,-1.37661549089418,0.228552709765515,1.27971285653017,10.3990337630045,-5.93715764606495,0.820981096745462,1.27971285653017,11.5320328528812,-1.38801954926598,0.235162024219799,1.27971285653017,10.7687351254638,2.8050212967191,0.0711894928127829,-0.436570047719635,-7.34778124282739,-6.65963065110735,2.07151015951189,10.5045424283884,-4.29939824759189,0.559957096702443,-4.52120891386683,0.6692209030577,5.39590328,0.10763293,-0.819,0.02285433,107.041049653147,-164.526856177456,1311.12392454882,0.249126379460621,0.222309200966187,8.69149356183699,0.188215418931959,-1.23083467891929,-908.073061798897,-910.033009714502,-926.052634735489,-928.286884609589,2.20542312356503,-959.203931862431,2.36459909481582,1865.70136672663,1889.27170181761,NA,2457.72099292018,0.401478218359934,1.19293301766397
"523",-5.86,0.79,-5.86,0.83,1.359326,9.604077,-1.1484446,0.2002995,35,35,-4.67563263817978,0.603274046020629,-5.26966114056562,0.782724467983144,1.28544382969784,10.1697289030857,-1.11769511958428,0.171694084428096,1.28544382969784,9.20893650447351,-4.9726468893727,0.692999257001886,1.28544382969784,10.2579463684974,-1.14434478593701,0.179744697913727,1.28544382969784,9.41825261477779,2.39528846589941,0.0634852764434162,-0.371973889817275,-7.03922321128794,-6.56413253597326,2.09734458634375,9.44558767908434,-2.79612538574057,0.353028311541335,-4.00581581920561,0.602774515803475,4.25221615,0.08309053,-0.808,0.02687638,75.8704948764037,-102.18574662397,1222.24825910438,0.0223101657797767,0.0143542626778383,8.24937765019901,0.17707584259324,-1.16567270555425,-898.208399300413,-900.148163868534,-919.428816403635,-920.849526767448,1.3942192210182,-958.860824451829,1.22601929810579,1845.97204172966,1876.0240651539,NA,2342.3107715848,0.388761001313192,1.11708376399826
"524",-5.86,0.79,-5.86,0.83,1.359326,9.604077,-1.1484446,0.2002995,35,35,-4.58589353644666,0.647230836016829,-6.12733966594547,0.908479936931127,1.27589137285734,10.2575636740824,-1.02564856402814,0.148580570954822,1.27589137285734,10.1159280174193,-5.35661660119607,0.777855386473978,1.27589137285734,10.8515777166192,-1.12632391788799,0.165643344136955,1.27589137285734,10.2349652383954,2.25661758135439,0.0575482572396677,-0.341981460757967,-6.68760092944779,-6.67259251908021,1.91295540703282,11.7801693680941,-3.4891728726239,0.49814679067651,-3.99744125330667,0.597737046235134,5.66993312,0.10302551,-0.843,0.02724752,67.8225396458879,-86.0898361629384,1248.35651092925,0.59489825042966,0.548746839863602,7.75028279175055,0.157652798706945,-1.07010542490036,-896.679262602859,-899.368291768086,-923.559451135385,-924.305075407114,0.72819210539024,-943.375293846726,0.00109641482104258,1842.91376833456,1884.2853346174,NA,2410.62318569555,0.362459935413155,1.00629494021276
"525",-5.86,0.79,-5.86,0.83,1.359326,9.604077,-1.1484446,0.2002995,35,35,-6.12481033477145,0.846143351109457,-6.25789400964727,0.869123492472055,1.27927631185237,9.12895441719753,-1.1824544532548,0.208400349333885,1.27927631185237,8.11435253543905,-6.19135217220936,0.857633421790756,1.27927631185237,9.13338223332715,-1.18321902367023,0.208532371058146,1.27927631185237,8.11527995905866,2.91216050052221,0.0760965715239961,-0.455776575283147,-7.04144843540504,-7.03762237460939,1.95725935839848,8.36772986874382,-4.1817790787958,0.581986089388714,-4.6608457472755,0.648855512310053,5.35387814,0.11654974,-0.883,0.02685881,80.3224749735183,-111.089706818199,1263.87321605373,0.812902812789613,0.781186616659961,7.49595965881087,0.166736102257426,-1.07776401663715,-896.244353572326,-896.260835085564,-910.311568848383,-910.318691279781,0.00691928536762172,-938.112934940544,9.50097023537047e-05,1842.04395027349,1857.78957004339,NA,2416.65672528927,0.441944434639871,1.03722423895316
"526",-5.86,0.79,-5.86,0.83,1.359326,9.604077,-1.1484446,0.2002995,35,35,-5.57203513424688,0.740086576918277,-5.54096575662523,0.850795737999722,1.28769694887882,14.2135314469762,-1.79539592613437,0.285113524476409,1.28769694887882,9.96074898491187,-5.55650044543605,0.795441157459,1.28769694887882,14.2137727735326,-1.79453600995142,0.288177654063248,1.28769694887882,10.3060217856666,3.03084327608379,0.0843572016757096,-0.490848502277318,-7.12053205121989,-6.42988614006391,2.26561960334994,8.65362883888472,-4.29239270134296,0.584617159346957,-3.60472325335923,0.558911860863805,6.63935068,0.14974273,-0.882,0.02422389,88.5253350446305,-127.495426960424,1262.27401627642,0.225989830842451,0.205256091295115,9.00283357769267,0.184221496031053,-1.24192459567114,-911.949704248874,-913.67302275501,-924.831875881693,-927.002916637414,2.14205712434841,-975.009395311977,2.59525633893992,1873.45465162659,1886.83018411001,NA,2397.05260559241,0.479234010556485,1.19050397637107
"527",-5.86,0.79,-5.86,0.83,1.359326,9.604077,-1.1484446,0.2002995,35,35,-6.27732898712506,0.805366691415771,-5.71190519991867,0.809421233373217,1.45720532372772,9.5426304279977,-1.1241859542287,0.184613102853124,1.45720532372772,7.6117094633052,-5.99461709352186,0.807393962394494,1.45720532372772,9.6225564427824,-1.12361282061146,0.184617212680745,1.45720532372772,7.82045851439122,2.97144692987879,0.0734045516750268,-0.452440085600981,-7.43690387444503,-6.84732417544924,2.1141901678527,8.62949042565687,-3.9918238128175,0.521224433293326,-4.39130595837435,0.62162726383051,5.1591078,0.10469482,-0.869,0.02906884,64.3989876536435,-79.2427321784497,1290.0320119939,0.46540396032998,0.402007928759024,8.68098073146773,0.16860919326027,-1.16160749562927,-921.074334416193,-922.107376605315,-938.245987944744,-939.922558767653,1.64832958361335,-957.973542843342,2.03181727741015,1891.70391196122,1913.65840823612,NA,2500.82129180936,0.431501109355384,1.14101508017111
"528",-5.86,0.79,-5.86,0.83,1.359326,9.604077,-1.1484446,0.2002995,35,35,-5.99473513492791,0.795242221016342,-6.10027403725376,0.881064160609941,1.49290325053606,5.20795298473002,-0.538507561614217,0.108161826207024,1.49290325053606,6.81117450652803,-6.04750458609084,0.838153190813142,1.49290325053606,5.21073759970606,-0.540771949939262,0.110003177535926,1.49290325053606,6.91863907091008,2.66468671214668,0.0752422436095268,-0.428343526901001,-7.21462899698036,-6.80886299133482,1.8964845174569,9.49664176982873,-4.336858685174,0.578938469305061,-4.17970379369742,0.595337663630312,2.59459842,0.04337128,-0.737,0.03039538,67.6366447262027,-85.718046323568,1267.00163763014,0.641258766197191,0.623741796805759,8.07734426327687,0.187050853002809,-1.17951596619567,-912.363411336966,-913.094801801675,-937.345819924798,-938.302301260144,0.935530293411383,-934.367289380136,0.984234544181677,1874.28206580277,1911.85807219622,NA,2448.28522893671,0.450603582620195,1.16593917362189
"529",-5.86,0.79,-5.86,0.83,1.359326,9.604077,-1.1484446,0.2002995,35,35,-5.96353112495623,0.834895951495908,-5.56191423047124,0.808348519945181,1.43767155318548,9.56592935530229,-1.09065794630619,0.165269916575765,1.43767155318548,6.95335726674379,-5.76272267771373,0.821622235720545,1.43767155318548,9.60625338778623,-1.09332342056018,0.16544610810625,1.43767155318548,6.99051976367921,2.74492930162369,0.0669437711107827,-0.414080864939053,-6.94717832199985,-6.70372415502019,2.02220733658029,8.14475364195599,-4.11335675263253,0.571726285607028,-3.91553247064189,0.557624203177174,5.98218762,0.10120813,-0.898,0.03114631,48.7369857116004,-47.9187282943634,1232.55546915302,0.925984770508942,0.923727559364823,7.47030580738543,0.170613451609917,-1.09425041185491,-911.971900107027,-912.177785683709,-929.372553715419,-929.698870770101,0.317733720095185,-945.267658897176,0.381402639522908,1873.49904334289,1895.91153977747,NA,2417.19221001168,0.399564301076538,1.02768748066695
"530",-5.86,0.79,-5.86,0.83,1.359326,9.604077,-1.1484446,0.2002995,35,35,-6.50338694080699,0.91346815503351,-5.22411104164933,0.826232914788173,1.36376952802986,9.45544306374751,-1.18294817550365,0.193550097105449,1.36376952802986,6.98485953723169,-5.86374899122816,0.869850534910842,1.36376952802986,9.86457977028894,-1.21084766060443,0.195452593890615,1.36376952802986,7.36741343675292,3.49788324150677,0.0922137150212384,-0.554861503849709,-7.018921281288,-6.25937036966524,1.9931289447045,7.51629567364487,-5.01723643278396,0.694284031131812,-3.5395669034961,0.569883238418657,1.148304,2.582684e-08,0.011,0.03664883,40.9414225716095,-32.3276020143815,1222.33306126145,0.0137200270774006,1,14.3439412017186,0.331784893297256,-2.13336946655085,-903.573154148761,-905.780538752532,-916.720066087149,-919.995899360588,3.25787386066683,-939.227138381858,4.04459101546598,1856.70155142636,1870.60656452093,NA,2412.33852050851,0.515564804365416,1.91719946314282
"531",-5.86,0.79,-5.86,0.83,1.359326,9.604077,-1.1484446,0.2002995,35,35,-6.00328921901932,0.818647111399833,-5.64544901445389,0.790641053703222,1.27992397889422,11.7537761786131,-1.38672925744165,0.238256253550373,1.27992397889422,11.7371876301323,-5.8243691167366,0.804644082551527,1.27992397889422,11.785788581614,-1.38923468079546,0.238452338367299,1.27992397889422,11.7634858861903,2.45585759040098,0.0641091252344368,-0.381117565138169,-7.08374280064604,-6.8927554407147,2.09959461001529,11.9021704369846,-4.23957348144516,0.591127337961959,-3.97934162670646,0.558183970199751,7.01779515,0.16083291,-0.86,0.02177953,107.727872656261,-165.900502183685,1325.838001396,0.947418776319088,0.93389400481031,7.85090548806564,0.157716669403049,-1.07026996355765,-913.676082763879,-913.783162094937,-933.86286023917,-934.007239059242,0.140398450888277,-966.516074850196,0.160235222733063,1876.9074086566,1904.89215282497,NA,2485.77550060832,0.384001229760385,1.04001069154757
"532",-5.86,0.79,-5.86,0.83,1.359326,9.604077,-1.1484446,0.2002995,35,35,-6.26390545358272,0.844191213265182,-5.33910215935199,0.766573595585902,1.2268800210112,6.47334025153872,-0.563874899258811,0.0977333519815694,1.2268800210112,9.90407103978413,-5.80150380646736,0.805382404425542,1.2268800210112,6.68715553479373,-0.581820156388847,0.0992394756251211,1.2268800210112,10.0674592924562,2.77792269817614,0.0699270777842608,-0.422917779004376,-7.19217388633817,-6.72979627314417,1.63318126373083,13.5675625669445,-5.10466870237844,0.692433601569423,-3.80556487804436,0.54851347336168,4.36867748,0.05351306,-0.771,0.02660453,85.8989557928394,-122.242668456841,1280.74851360158,0.193983089278144,0.166447640636359,6.41073003724093,0.135875033708305,-0.895408805384985,-880.003277884558,-880.879676654385,-912.615638675236,-913.656748542817,1.01892230352923,-909.217590322635,1.06934853312522,1809.56179889795,1862.3977096971,NA,2439.25435874632,0.424306159958848,0.880282239946723
"533",-5.86,0.79,-5.86,0.83,1.359326,9.604077,-1.1484446,0.2002995,35,35,-5.82365120666988,0.837505728357007,-4.71086429147922,0.650382150994408,1.35235702935505,9.02542188947091,-1.16539854162538,0.205473820680427,1.35235702935505,7.64580318622987,-5.26725774907455,0.743943939675707,1.35235702935505,9.3349955691258,-1.21745570872858,0.214227628981671,1.35235702935505,7.70334837688318,2.4141585013249,0.0620429047596515,-0.364947782646042,-6.79175002850655,-6.79379696530912,2.1814389826995,7.42512792461108,-4.38153365530829,0.638133541899705,-3.08073921926664,0.417093984897345,4.90151007,0.10838938,-0.874,0.03024469,51.8767317281628,-54.1982203274882,1208.18847131907,0.112439524588348,0.0845226551356913,7.41857869238568,0.173993460416131,-1.09782541684659,-906.200670949167,-907.276792237094,-920.228072182726,-920.692438189727,0.45259796922718,-960.968796370063,2.71291543539452e-05,1861.95658502717,1877.62257671208,NA,2362.17872231065,0.398789990021407,1.05065428160382
"534",-5.86,0.79,-5.86,0.83,1.359326,9.604077,-1.1484446,0.2002995,35,35,-6.88059002615205,0.864234758220321,-5.94808206902506,0.839499339412412,1.32269486573211,9.80695805934428,-0.969194808718913,0.145862772898203,1.32269486573211,10.0720642791333,-6.41433604758856,0.851867048816366,1.32269486573211,10.0243508318706,-0.974961302434224,0.146015733134104,1.32269486573211,10.4808887142103,2.3605393873243,0.0511822179031947,-0.328119358364165,-7.68944420472915,-6.90430347207999,1.8203920679087,12.938702125734,-4.87836049826641,0.615038449256364,-4.18537598403013,0.590801577054343,5.72344137,0.09743978,-0.825,0.0227486,111.357648317835,-173.160053506833,1361.29936316551,0.291431878185676,0.271611685967127,8.76631458809748,0.162312591863255,-1.1449497994283,-904.737498910834,-906.195128685377,-932.109094573784,-934.647196406407,2.5108291357762,-934.261022108968,2.89104404058714,1859.03024095051,1901.3846214942,NA,2549.43867282419,0.348430176150103,1.13254928285248
"535",-5.86,0.79,-5.86,0.83,1.359326,9.604077,-1.1484446,0.2002995,35,35,-6.96895501445844,0.960189497128247,-6.39754333692688,0.753108739971412,1.18999228951451,10.8908476749152,-1.54188253962876,0.274124624683788,1.18999228951451,8.66119030026976,-6.68324917569266,0.856649118549829,1.18999228951451,10.9724755012201,-1.57146463033663,0.28484523467995,1.18999228951451,9.06383037295045,2.9243441263002,0.0797206019056657,-0.470775330536755,-7.20613568881197,-7.86845757617201,2.09493931963688,7.08126864374397,-5.07569111043297,0.717068844950488,-4.48556561121361,0.526344036115611,5.51035912,0.14915878,-0.903,0.02101485,134.923209769021,-220.291176409204,1339.50446297123,0.0367973992320538,0.0385278443052448,9.40039790223988,0.198603400375978,-1.30099162341982,-887.464101205603,-889.828726860648,-896.665034266115,-899.523203206236,2.8339701518479,-949.597615942629,3.08343063879405,1824.48344554004,1830.49650087886,NA,2458.71774953325,0.446566649237678,1.32623634641843
"536",-5.86,0.79,-5.86,0.83,1.359326,9.604077,-1.1484446,0.2002995,35,35,-5.69901627713979,0.774779695572201,-4.8627090309045,0.71234657282125,1.43193709042494,8.18752512187063,-1.20218958067636,0.242901273623795,1.43193709042494,7.580819332927,-5.28086265402214,0.743563134196726,1.43193709042494,8.36237757439704,-1.21524289891679,0.243875747327904,1.43193709042494,7.71862458241256,2.64515382869972,0.0720099146328305,-0.422037170947983,-7.04082057070455,-6.57647371401192,2.34945078583001,7.01202256847932,-4.14142512341727,0.567739615362636,-3.55532454431427,0.524031036496626,4.82519104,0.1430567,-0.873,0.02893852,59.2738932216446,-68.9925433144518,1244.41428022454,0.45323666303683,0.44650470677919,6.1198899631593,0.136524238570953,-0.873191709408453,-919.562586618489,-920.568302902477,-933.708832825464,-934.824079252617,1.09205853211011,-977.38738469022,1.36308665273394,1888.68041636581,1904.58409799756,NA,2419.83601713463,0.416754235149391,0.87864541052861
"537",-5.86,0.79,-5.86,0.83,1.359326,9.604077,-1.1484446,0.2002995,35,35,-6.67962734151945,0.939249557319464,-5.75518371249517,0.809928136332623,1.43308478262778,8.11391938566384,-0.95394534712008,0.17667441194847,1.43308478262778,8.46724143583795,-6.21740552700731,0.874588846826043,1.43308478262778,8.32756839147476,-0.983832938051995,0.180855419429984,1.43308478262778,8.50765333040529,2.58527217179698,0.0695672896136954,-0.408284432963161,-7.0415627586294,-6.88758269136478,2.01560156244505,10.1929362698408,-4.58906143254192,0.635900950900357,-4.34735483571382,0.613377321423572,5.48891546,0.09779539,-0.843,0.02594965,84.321145584225,-119.087048039613,1306.84507068449,0.935080824379685,0.937579860476844,7.49400392917606,0.178558570258472,-1.11530329642484,-920.119211450355,-920.795252836316,-940.786692473711,-941.084858754119,0.290264999493582,-951.539617175212,0.12506254264946,1889.79366602955,1918.73981729405,NA,2494.60309332938,0.410363492113144,1.0817514749946
"538",-5.86,0.79,-5.86,0.83,1.359326,9.604077,-1.1484446,0.2002995,35,35,-6.19253150934201,0.742914014994571,-5.94223628839202,0.903660515634936,1.44092338520375,8.21767136017486,-0.938047749149988,0.175450773268663,1.44092338520375,9.02026528351021,-6.06738389886701,0.823287265314753,1.44092338520375,8.23333328458246,-0.927989228926307,0.181910632635694,1.44092338520375,9.94622851414234,2.15909863885308,0.0541392940259468,-0.326919960867644,-7.72418328191209,-6.51620200648872,2.07249497071398,10.7329917811879,-4.38020221542291,0.538445412289174,-4.11911710502135,0.63008940092235,4.77980565,0.11293286,-0.832,0.02413014,98.8539095888848,-148.152576048932,1343.78378344602,0.0289367606668406,0.0247798173837243,7.45590472413692,0.154035025737378,-0.981393715457783,-923.549036445366,-927.517580575428,-946.097167432308,-952.284145312952,6.28381563775597,-960.008574639043,7.14109999663785,1896.65331601957,1929.36076721124,NA,2539.41499084312,0.333228265375424,1.18826890678028
"539",-5.86,0.79,-5.86,0.83,1.359326,9.604077,-1.1484446,0.2002995,35,35,-5.72379402009746,0.723714812978751,-5.27076903173376,0.784862090736979,1.29721574565129,9.60836343117468,-1.08062851143858,0.166159251055461,1.29721574565129,8.2344218978078,-5.49728152591561,0.754288451857865,1.29721574565129,9.65967134119516,-1.07370320023986,0.167093998449772,1.29721574565129,8.69142118694601,2.24791366134442,0.05997070157707,-0.355702182933417,-7.36982967010388,-6.55250502392628,1.97125046922115,8.99704315962421,-4.08305184088363,0.523812697787685,-4.11593583145851,0.61300282785148,4.84793178,0.08279081,-0.839,0.02640358,83.727963590871,-117.900684052905,1244.60647360628,0.135207006065033,0.120612738533017,6.75907972977739,0.139116208605251,-0.923421830679949,-895.375323573936,-897.658921672599,-914.639499377823,-918.020714125387,3.36522978972574,-942.133692898662,4.03387814439559,1840.30589027671,1866.44543110227,NA,2371.31226315965,0.345936166082051,0.940735204534403
"540",-5.86,0.79,-5.86,0.83,1.359326,9.604077,-1.1484446,0.2002995,35,35,-5.38383359242,0.808312865751025,-5.38621719647037,0.731852089874022,1.40247001055866,11.5561161915052,-1.25155770791306,0.206266612866491,1.40247001055866,11.2013980953434,-5.38502539444519,0.770082477812523,1.40247001055866,11.5561176118973,-1.2515121448593,0.20772817542842,1.40247001055866,11.3414865136493,2.06772139384784,0.0513772740901676,-0.309619272344352,-6.52585593543151,-6.98377305641638,2.17465223354304,12.4064924173224,-3.91829062575711,0.590804048492538,-3.70973864932988,0.499864179146834,6.3470197,0.1066461,-0.827,0.0258824,77.0309316011362,-104.506620073435,1320.67492143369,0.406193931782568,0.370338013909977,7.26661604301804,0.165834999849871,-1.04274138445301,-929.312194351663,-929.938455437225,-953.255988249306,-954.055103425495,0.780731221976599,-976.463595700922,0.855885645064231,1908.17963183216,1943.67840884524,NA,2536.84322279394,0.32480898075283,1.07997036226757
"541",-5.86,0.79,-5.86,0.83,1.359326,9.604077,-1.1484446,0.2002995,35,35,-6.17875023980601,0.783631351367654,-5.29715692347182,0.799107932628662,1.32002810347175,5.71286421418245,-0.754105760866008,0.158726674032637,1.32002810347175,7.32977485630059,-5.73795358163891,0.791369641998158,1.32002810347175,5.90716590803373,-0.750694748216156,0.158786555174519,1.32002810347175,7.95876213198732,2.38721331454361,0.0673201841141828,-0.387307704087337,-7.46781865868277,-6.49401987606754,1.91952346727915,8.29866619681796,-4.33371552134814,0.551782297358734,-3.8897551331745,0.586939864553864,3.66556334,0.0964581,-0.832,0.02623796,87.9460514920755,-126.336859855314,1249.19531323719,0.0699083426709239,0.0677890571688251,6.32071699992982,0.136118437040728,-0.868671545436593,-892.24780305511,-895.481016064085,-911.693422799105,-916.789117233153,5.13472878733879,-933.084220698173,6.32224515476208,1834.05084923906,1860.55327794484,NA,2372.05376661907,0.388749802595726,0.955882653106462
"542",-5.86,0.79,-5.86,0.83,1.359326,9.604077,-1.1484446,0.2002995,35,35,-5.72305390596104,0.748099079368609,-5.17334924671271,0.830675071677015,1.41419801098124,7.76748970143219,-0.968036466551707,0.179299443810434,1.41419801098124,7.55450016773154,-5.44820157633687,0.789387075522812,1.41419801098124,7.84303350453202,-0.956688364623212,0.181004142436863,1.41419801098124,8.23658136539451,2.75666034756884,0.0801424800935667,-0.453180382945633,-7.22381440672873,-6.18214335348101,2.08199158266218,8.41094608768032,-4.17801561023868,0.548587237872078,-3.97297371756251,0.634298061855023,4.98556611,0.11961343,-0.853,0.02775646,69.2583894953356,-88.9615358618338,1253.09077584103,0.0492401727441556,0.0426771401886191,6.05881909109705,0.138773775334329,-0.855614609435253,-912.999250343139,-916.300831684909,-930.439740325182,-935.809745189405,5.42188561945885,-953.410060575041,6.59015908036641,1875.55374381512,1898.04591299699,NA,2417.22001582022,0.464554439354195,0.960900105155378
"543",-5.86,0.79,-5.86,0.83,1.359326,9.604077,-1.1484446,0.2002995,35,35,-6.09291130124638,0.738150948158556,-5.54187204172455,0.849466120254034,1.44939114212989,8.48647024705386,-0.989161626582498,0.166037427446689,1.44939114212989,7.28135437604047,-5.81739167148547,0.793808534206295,1.44939114212989,8.56238131343746,-0.973826869081239,0.16913519433135,1.44939114212989,8.19041896613263,3.0715576326306,0.0794783490838753,-0.477030140114783,-7.65294019348752,-6.43871394362711,2.07655375070612,8.44085118196553,-4.63490080754309,0.565543917094347,-4.30573947378559,0.658375418664511,6.57171913,0.12791078,-0.881,0.02391471,100.65302605375,-151.750808978663,1297.37672440035,0.00858815738288372,0.00834800233868227,5.96973074333669,0.131768511243545,-0.814683568960045,-916.248819208034,-920.9609775182,-934.190511896775,-941.481361733872,7.4645268538578,-952.880365202933,8.94935771047654,1882.05288154491,1905.54745614018,NA,2443.00263982203,0.467721203238403,0.975601006802833
"544",-5.86,0.79,-5.86,0.83,1.359326,9.604077,-1.1484446,0.2002995,35,35,-5.87008133705121,0.751947488568627,-5.90351005691344,0.841706265232189,1.4387855270087,10.3075854430226,-1.38307701232745,0.258537052278544,1.4387855270087,8.90553464896894,-5.88679569698232,0.796826876900408,1.4387855270087,10.3078648128505,-1.38382714257751,0.260551211775578,1.4387855270087,9.07082762337147,2.68879719557785,0.0741912226892409,-0.433773891775196,-7.34791401165733,-6.84658316701991,2.33317116182082,8.63002861477712,-3.93872258761464,0.505389339484238,-4.00887372093896,0.566425536343096,4.48345022,0.13363401,-0.843,0.02725157,73.4849491273942,-97.414655125951,1318.36753845019,0.594685954763674,0.581709452941927,9.97458936960325,0.209550184229209,-1.39665851112832,-929.982974074148,-930.771299855514,-944.927283777651,-946.085730157832,1.13471131621774,-982.121845367478,1.33113356717931,1909.52119127713,1927.02099990193,NA,2539.32042177443,0.421273741988324,1.32691061897438
"545",-5.86,0.79,-5.86,0.83,1.359326,9.604077,-1.1484446,0.2002995,35,35,-6.64399538863238,0.806009486240733,-5.44435884299634,0.802281650581255,1.18756484953431,7.10721351387505,-0.817878125969201,0.157818543830395,1.18756484953431,9.91547149321448,-6.04417711581436,0.804145568410994,1.18756484953431,7.46699547428144,-0.818996137942509,0.157822018020071,1.18756484953431,10.9369513452692,3.07630109216515,0.0759980207895158,-0.467098297633168,-7.79974067072112,-6.62231360529291,1.76888923467498,11.3988565073364,-4.73710834836687,0.575915906172778,-4.25795902494617,0.630829526770539,4.73596669,0.11486437,-0.812,0.02064197,132.336226061419,-215.117208994,1324.04582938275,0.0499600638430205,0.0409366616771795,6.58775666560948,0.125744684630766,-0.847024716265151,-881.152006908384,-884.912525206435,-904.709256346616,-910.971285425019,6.36350248204136,-923.132220710295,7.52198941577314,1811.85925694561,1846.58494503986,NA,2432.9744497715,0.451743331650633,0.961798921328851
"546",-5.86,0.79,-5.86,0.83,1.359326,9.604077,-1.1484446,0.2002995,35,35,-6.60394589250988,0.867035703492514,-4.96614164117628,0.753956555658796,1.30046528799966,9.80747305439215,-1.0823654918155,0.186072636542524,1.30046528799966,10.7324323874473,-5.78504376684308,0.810496129575655,1.30046528799966,10.4780737458138,-1.12866586908031,0.189269359961224,1.30046528799966,11.3796882326488,2.73186808189905,0.0752866390348757,-0.43639586128529,-7.39611276395534,-6.43200481394509,1.96772290625477,12.1657505867249,-4.84965246819616,0.650228640871774,-3.10662839837316,0.479399171144824,5.17056975,0.12277823,-0.836,0.02565399,81.0649554902533,-112.574667851669,1314.97295468266,0.0237937760033269,0.0150945867140382,8.98831933512809,0.154203338180075,-1.12055246943459,-908.616589516974,-911.201967765358,-932.011789676171,-935.77079513379,3.751429884292,-951.331401766868,4.26961509004181,1866.78842216279,1901.19001169897,NA,2517.37124151364,0.442976596711516,1.16995792697485
"547",-5.86,0.79,-5.86,0.83,1.359326,9.604077,-1.1484446,0.2002995,35,35,-5.15411956998451,0.771939918857595,-5.89862357844391,0.813917188552968,1.3311242800213,8.30920656714213,-1.16456485016583,0.223446501646271,1.3311242800213,7.70807942308739,-5.52637157421421,0.792928553705282,1.3311242800213,8.44777812179515,-1.17237791155392,0.223887024439041,1.3311242800213,7.87170493253221,3.23148464588743,0.0863407240608369,-0.513670018336297,-6.51284251836641,-7.007256816431,2.1216053759891,7.42722285963145,-3.20584313026032,0.480344024193135,-3.99488336708768,0.557288065942113,3.093034,0.12180933,-0.86,0.02863754,67.5638702009095,-85.5724972729816,1217.76423085352,0.224130742850291,0.188260306637351,9.84303773907243,0.198988101953982,-1.36465584015167,-903.356623264162,-904.347649949123,-916.85332732868,-918.156428231264,1.27772544342537,-954.16363461208,1.62697139945595,1856.26848965716,1870.87308700399,NA,2349.95596443406,0.490510710533617,1.23715340019568
"548",-5.86,0.79,-5.86,0.83,1.359326,9.604077,-1.1484446,0.2002995,35,35,-5.50237654360031,0.776943369200175,-5.89067615019062,0.817945591148992,1.4959497673116,8.81477537977836,-1.23279222715317,0.229603542823877,1.4959497673116,6.68750167337946,-5.69652634689547,0.797444480174584,1.4959497673116,8.85246952589791,-1.23677251381618,0.230023838375062,1.4959497673116,6.70213120744379,2.95500115793194,0.081667542461123,-0.473946373616162,-6.83129022958303,-6.97530920793959,2.2991340288778,6.57768314187404,-3.93109232214568,0.548283291621007,-4.3966034695742,0.618397077160957,4.47984188,0.09629148,-0.847,0.03005847,57.3550975486671,-65.1549519684969,1246.8171980107,0.795518512216328,0.729336676816666,7.89718821741991,0.190143807225681,-1.19250067417177,-925.115717558083,-925.256419651359,-936.728109568974,-936.861194964955,0.1294059316851,-970.132616728477,0.1416725406089,1899.786678245,1910.62265148458,NA,2428.47944405291,0.475595392022381,1.10607373523465
"549",-5.86,0.79,-5.86,0.83,1.359326,9.604077,-1.1484446,0.2002995,35,35,-5.76131590220565,0.840365751518403,-5.37316773159711,0.745069165516584,1.45652854002393,8.32199250434542,-1.06676153909967,0.20486016858341,1.45652854002393,8.17679756201054,-5.56724181690138,0.792717458517493,1.45652854002393,8.3596572549321,-1.07600883798013,0.207130528409311,1.45652854002393,8.21003281304657,2.39820564017364,0.0622253239433659,-0.373618946847201,-6.71237544613438,-6.89197967504493,2.19761589470653,8.84419114118837,-4.54241402109708,0.662471271372615,-3.61608717376558,0.500033352686454,5.43452018,0.12154284,-0.862,0.03147036,41.9964136525184,-34.4375841761995,1273.91626678882,0.357382146349388,0.278775929130467,6.44430688456202,0.15529545673281,-0.954651586479362,-924.757577513098,-925.081202235221,-942.581055451893,-942.834113761433,0.246272956897933,-968.22714218782,0.177438661461547,1899.07039815503,1922.32854325041,NA,2513.39494940143,0.363470450554508,0.974808853670088
"550",-5.86,0.79,-5.86,0.83,1.359326,9.604077,-1.1484446,0.2002995,35,35,-5.18611322665312,0.776547559563968,-5.83208022743168,0.838991727292453,1.34306475173165,5.35427831602034,-0.582543230738842,0.139480349525536,1.34306475173165,9.68921592922907,-5.5090967270424,0.80776964342821,1.34306475173165,5.45859665754405,-0.592627448674763,0.140455168046361,1.34306475173165,9.74455866742414,1.72319894694026,0.0494134518367988,-0.276050237959182,-6.51738504402477,-6.79132585214263,1.86876001152958,12.318831970793,-3.56281058282214,0.542861592568659,-3.97434736936361,0.57165099467126,2.68808328,0.09544189,-0.717,0.02606188,82.7522650414428,-115.949286954048,1268.94602201649,0.664125786146457,0.616557577676616,7.00615365921819,0.147585019668347,-0.978969687804155,-903.391950447188,-903.868019957379,-933.390119604231,-933.75160519002,0.3520656914577,-939.093548562103,0.358790350434213,1856.33914402321,1903.94667155509,NA,2421.94275707893,0.307010349828591,0.946087060572287
"551",-5.86,0.79,-5.86,0.83,1.359326,9.604077,-1.1484446,0.2002995,35,35,-6.64287493384476,0.915113378184074,-5.3779144173016,0.714380900240744,1.13944992310118,13.040895038305,-1.39416607329811,0.212152397522637,1.13944992310118,13.8158824689905,-6.01039467557318,0.814747139212409,1.13944992310118,13.4409263154083,-1.45764573804465,0.222225779447955,1.13944992310118,13.8981328524767,2.71800052566635,0.0645977074963816,-0.40361978795831,-7.14860746052879,-7.07955910406621,1.89964349245177,14.1884059418008,-4.8138649106777,0.670005642200817,-3.838111163329,0.515284011917865,7.12291924,0.13691667,-0.874,0.02284842,102.460318787889,-155.365394446942,1340.53522032674,0.408337869593948,0.394151192060652,8.15848510893025,0.148947408550779,-1.04988953154951,-890.981418159501,-892.236364007495,-915.962540909708,-916.350071271183,0.37750205489021,-947.706741302325,0.0196638862117186,1831.51807944784,1869.09151416604,NA,2525.70504620653,0.393119401849952,1.08002443090945
"552",-5.86,0.79,-5.86,0.83,1.359326,9.604077,-1.1484446,0.2002995,35,35,-5.30454997312551,0.706402476718189,-5.2874671086068,0.72391375568037,1.34963993005633,10.4914147376821,-1.35505876537445,0.239867176742402,1.34963993005633,8.99475664089595,-5.29600854086615,0.715158116199279,1.34963993005633,10.4914876937472,-1.35498397967294,0.239943837965125,1.34963993005633,9.00481817008536,3.3915947327975,0.0813583232441891,-0.510961988752232,-7.05372804266233,-6.93231750947733,2.30106194173294,8.28456195035537,-3.55152551946171,0.463229160279746,-3.60355391178628,0.488365032698817,5.44787471,0.13631719,-0.876,0.02752196,68.2006597720471,-86.8460764152567,1263.22263408297,0.924977016488266,0.903200864267832,7.97046835252825,0.168722684268645,-1.11676759525725,-915.09840948612,-915.146549982155,-929.884395047768,-929.954827255385,0.0684542915312528,-977.448065705163,0.0821050682154322,1879.75206210108,1896.93522244216,NA,2439.59919175068,0.474700738019502,1.07779564816712
"553",-5.86,0.79,-5.86,0.83,1.359326,9.604077,-1.1484446,0.2002995,35,35,-5.04158035358997,0.683129170581964,-5.29147084879831,0.762628362818951,1.30483888586004,7.31282516944445,-1.02550979123538,0.183446593689673,1.30483888586004,5.5542700922279,-5.16652560119414,0.722878766700458,1.30483888586004,7.32843648434331,-1.03047631436457,0.185026624081256,1.30483888586004,5.59860507094983,3.0324063633342,0.0859493070069588,-0.493580862335917,-6.92941475865735,-6.70566963850883,2.08067343517428,5.02600824067095,-3.46157236191868,0.473095202640258,-3.67922786549756,0.534452380610231,3.8844705,0.09871903,-0.871,0.02910222,64.0827080989952,-78.6101730691531,1153.68485514523,0.709215539308161,0.689210669122486,6.30022668286928,0.14024670846127,-0.918656329028558,-883.15867553485,-883.574582431446,-892.077550090638,-892.549456077097,0.459971668953061,-937.652293572786,0.475138762394942,1815.87259419854,1821.3215325279,NA,2228.75953722132,0.494657904763165,0.824814825965933
"554",-5.86,0.79,-5.86,0.83,1.359326,9.604077,-1.1484446,0.2002995,35,35,-5.99472158226213,0.826669715621802,-5.67156637795664,0.870599094674329,1.2849625714869,7.22887772391386,-0.847689945176099,0.153539959345113,1.2849625714869,8.08447126663991,-5.83314398010938,0.848634405148065,1.2849625714869,7.25498504543129,-0.844140943310415,0.154022406931098,1.2849625714869,8.32074878817549,2.70729378373507,0.0736482030762696,-0.434790161313236,-7.02737856394215,-6.44250348683891,1.80925407886184,9.68486003543345,-4.32288095590068,0.608909096167698,-4.42016367503103,0.685027813633461,3.64645678,0.09595833,-0.8,0.02443091,98.0954692136871,-146.635695298537,1230.24332712078,0.419144704692366,0.407731506520291,6.89745240380343,0.13964702782541,-0.943183188179777,-891.214656711927,-892.315489311611,-911.168286101682,-912.96563871421,1.76860831993831,-923.452942960123,2.105740229831,1831.98455655269,1859.50300454999,NA,2313.85095894303,0.414916575550673,0.919941004057505
"555",-5.86,0.79,-5.86,0.83,1.359326,9.604077,-1.1484446,0.2002995,35,35,-6.15646892110062,0.795888765752742,-5.93298832381758,0.859926088573129,1.27362888793015,6.40044778221064,-0.865363082680162,0.177523500557417,1.27362888793015,7.80793158808819,-6.0447286224591,0.827907427162935,1.27362888793015,6.41293367655113,-0.861785307892084,0.178548695235918,1.27362888793015,8.06654990663128,2.52305300515493,0.0732220441359798,-0.412010303300325,-7.37251083691986,-6.76751244119901,1.89046305095603,8.52476301302385,-4.32348998944725,0.558471681351343,-4.58667917091417,0.672966060703184,3.35729494,0.09899263,-0.825,0.02332054,113.544144342772,-177.533045556706,1264.2099792345,0.22188516006634,0.208914123070748,6.63458366941416,0.142664550356849,-0.927677712609099,-888.795657189114,-890.03182578117,-906.833768935601,-908.859511132092,1.99661469722514,-930.187548571186,2.41898421951485,1827.14655750706,1850.83397021783,NA,2350.88691291229,0.433645464658422,0.939688122494204
"556",-5.86,0.79,-5.86,0.83,1.359326,9.604077,-1.1484446,0.2002995,35,35,-5.9362135840758,0.778334580412507,-5.18603126948135,0.746306331761184,1.34619521353409,9.34513485916077,-1.13986618366684,0.21503108334924,1.34619521353409,10.2480899772555,-5.56112242677857,0.762320456086846,1.34619521353409,9.48582823544333,-1.14587294009326,0.215287535527157,1.34619521353409,10.4531561375059,2.35664734027936,0.068826486461097,-0.388120665232343,-7.2568387936589,-6.69747249658512,2.15153231480932,10.6730609764487,-4.55409517971727,0.618101419351007,-3.98844402815819,0.569288467622488,6.3913344,0.1498379,-0.865,0.0264056,73.2253050627082,-96.8953669965791,1310.59911323397,0.654144296958062,0.633958193312667,5.63057230280615,0.114637169046152,-0.747572565831766,-916.945462682337,-917.78793819231,-937.527916678027,-938.792606872446,1.23972149273564,-968.998982741322,1.48254172591038,1883.44616849351,1912.22226570268,NA,2524.30285947136,0.399459736500042,0.846100752279045
"557",-5.86,0.79,-5.86,0.83,1.359326,9.604077,-1.1484446,0.2002995,35,35,-6.68861162518455,0.939238830360352,-6.02718500984521,0.816768910172649,1.36122144904663,7.9490219723834,-0.988580690738188,0.175357994588129,1.36122144904663,7.30039349585896,-6.35789831751488,0.8780038702665,1.36122144904663,8.05839326425321,-1.00883190693585,0.179107714925825,1.36122144904663,7.32787285102152,2.86364480161706,0.0722883312134516,-0.440385105651491,-7.05061095074106,-7.11882842836172,1.93605580614338,8.35840591381282,-4.62693145217449,0.646271730572345,-4.37322072205118,0.598701389424709,3.5340384,0.07779256,-0.796,0.02563546,94.0543321438607,-138.553421158884,1273.01609537677,0.884365258384211,0.867686153763339,9.26176994581944,0.196785813986604,-1.32170155340071,-902.948205345132,-903.470928587235,-918.974779006367,-919.206138857396,0.225121393580419,-935.409444549336,0.0305645865598663,1855.4516538191,1875.11599035936,NA,2407.47876959466,0.42385514361639,1.17280239277397
"558",-5.86,0.79,-5.86,0.83,1.359326,9.604077,-1.1484446,0.2002995,35,35,-5.37065890289943,0.808547760357218,-6.45719489448304,1.02320736209629,1.51434024468289,5.73491115627585,-0.653125098535702,0.137332898646109,1.51434024468289,7.34050953169159,-5.91392689869124,0.915877561226754,1.51434024468289,6.03005127152749,-0.711433944342829,0.148852584800804,1.51434024468289,7.42951158718687,2.91337004095999,0.0726228640510099,-0.443755438459449,-6.51128180463087,-6.3189314364781,1.9763902877355,9.77961446127089,-3.93304064804467,0.586525097766696,-4.57603941822726,0.722158844860483,3.83867069,0.09092629,-0.809,0.03111197,49.7839730826269,-50.0127030364163,1262.08567228617,0.389476378032703,0.388471863996063,7.12452077905022,0.183043998746737,-1.10125631241946,-921.659805276358,-923.429602258752,-945.428649133719,-946.171665774578,0.725631899428012,-945.409532285955,0.206660304874067,1892.87485368155,1928.02373061407,NA,2474.15864153592,0.43283635502876,1.08395972478124
"559",-5.86,0.79,-5.86,0.83,1.359326,9.604077,-1.1484446,0.2002995,35,35,-6.88236209503177,0.918374848710994,-6.57207538056713,0.946291040247596,1.32090928688737,11.3997682662095,-1.38359519446686,0.240995890281944,1.32090928688737,10.8100435546107,-6.72721873779945,0.932332944479295,1.32090928688737,11.4238377275028,-1.3814296886288,0.241190718719421,1.32090928688737,10.9618250100594,3.59028752237858,0.0869202937099106,-0.539876420026772,-7.36866362428653,-6.89205946451448,2.04917476224875,11.4900827011399,-4.52976165633119,0.599458821832492,-5.04629624693473,0.723106713554386,7.9319831,0.18448528,-0.89,0.02189855,110.642103412074,-171.728963695312,1363.83234062255,0.486160754151481,0.435670660875918,8.37999919342518,0.169727962122916,-1.1410290037865,-917.71815563463,-918.26978256617,-936.294890062251,-937.188790870746,0.87392895062493,-959.424707853084,1.05613225384345,1884.9915543981,1909.75621247113,NA,2555.9357175498,0.519019330155794,1.13725297959092
"560",-5.86,0.79,-5.86,0.83,1.359326,9.604077,-1.1484446,0.2002995,35,35,-5.46682582489914,0.750763324565757,-6.21671871186393,0.82247527057973,1.22192727361916,9.67041088687054,-1.30023031381659,0.258545835852251,1.22192727361916,11.4894456801003,-5.84177226838153,0.786619297572744,1.22192727361916,9.81099572235065,-1.31367438337316,0.259831486652529,1.22192727361916,11.5733459489024,2.38527226265698,0.0671566796500877,-0.386020102114719,-6.95171344220847,-7.27436511170886,2.1267797802636,10.6155495770394,-4.05183206534235,0.564962613398627,-4.38079889169422,0.561136292606927,6.59563993,0.16873676,-0.855,0.01822887,144.64594920081,-239.736655272782,1325.95826290902,0.591408050707477,0.574513912273229,6.64426239786709,0.146474142429949,-0.944660781866996,-902.443591461977,-902.944980546461,-921.12694667919,-921.595612807193,0.456803162019495,-965.991149008054,0.501478720505871,1854.44242605279,1879.42032570501,NA,2412.17987054527,0.390400650233939,0.938891173545376
"561",-5.86,0.79,-5.86,0.83,1.359326,9.604077,-1.1484446,0.2002995,35,35,-5.23952596317466,0.72376386847139,-6.33531214854926,0.910258939349717,1.47858340599882,9.65096647460301,-1.23706225759362,0.218683909686665,1.47858340599882,7.64185825725887,-5.78741905586196,0.817011403910553,1.47858340599882,9.95115331561747,-1.28815193817086,0.227379012552143,1.47858340599882,7.6942739830192,3.35408597058273,0.089598220815829,-0.532019987366509,-6.88526935325002,-6.86996616562617,2.25157635115353,7.96651891161078,-3.62217536682633,0.494097849392204,-4.49587163718768,0.648775950167531,5.50467023,0.12468676,-0.874,0.03000082,52.8324987347668,-56.1097543406962,1270.33152232305,0.385503823061531,0.31416904812607,8.50857410905579,0.196810146197899,-1.25383933653192,-927.531549069552,-928.527425032263,-942.058811241835,-942.482101965836,0.412442468459727,-970.901784453006,0.00138038496360937,1904.61834126794,1921.2840548303,NA,2484.5532903054,0.513154790067587,1.18146843024518
"562",-5.86,0.79,-5.86,0.83,1.359326,9.604077,-1.1484446,0.2002995,35,35,-5.42553960588126,0.745737749253573,-5.27539696929137,0.723148424873715,1.29356673284964,9.95823148238261,-1.11692090734296,0.158281463603864,1.29356673284964,7.22352844150332,-5.35046828758631,0.734443087063644,1.29356673284964,9.96386718521313,-1.11776881252325,0.158409032997849,1.29356673284964,7.22456891904022,3.42888060554306,0.0855560469433494,-0.526774769253103,-6.94036830043339,-6.92480701306345,1.97193171679292,7.70601985183425,-3.68349267431006,0.507043993846125,-3.90762444152672,0.53634820329914,4.24837232,0.07321567,-0.86,0.02844995,73.6160930944941,-97.6769430601508,1196.65472861097,0.94586376388716,0.926166057644072,7.90802149450385,0.156383519948361,-1.08751678565193,-887.361437573642,-887.380765550919,-905.833648509424,-905.84250466173,0.00860366362353007,-937.378735744416,0.00167851985087356,1824.27811827612,1848.83372936548,NA,2295.63251416178,0.493655809845472,0.972253333819176
"563",-5.86,0.79,-5.86,0.83,1.359326,9.604077,-1.1484446,0.2002995,35,35,-5.63182313423606,0.649693548031704,-5.60544448992093,0.757599076707958,1.36445273861197,10.5760456546964,-0.942099764486935,0.145725866347478,1.36445273861197,12.5514248365832,-5.61863381207849,0.703646312369831,1.36445273861197,10.5762196129153,-0.941388164096789,0.148636767127203,1.36445273861197,12.8576190856361,3.01892181505384,0.0808563242729289,-0.476091865821658,-7.71885832632809,-7.04960646485332,2.06513885672882,14.991763076625,-3.58446347120929,0.418122213785025,-4.44780624110423,0.600958942736066,4.92848084,0.06195044,-0.745,0.02427101,101.573950330248,-153.592657531659,1405.12988185182,0.103624659348273,0.0744997390490649,9.32736607829046,0.183800254096244,-1.24081884006266,-920.011007562376,-921.369150357003,-953.868888892641,-955.43293389778,1.53645902085462,-969.975843083693,1.61391453107054,1889.57725825359,1944.90421013191,NA,2656.66710617198,0.47573481078585,1.29549957707668
"564",-5.86,0.79,-5.86,0.83,1.359326,9.604077,-1.1484446,0.2002995,35,35,-5.19079313498277,0.687239116623499,-6.53428246894855,0.843490455730481,1.35358991800171,7.41575443224523,-0.614738424758431,0.0770132462124608,1.35358991800171,7.80890371558393,-5.86253780196566,0.76536478617699,1.35358991800171,7.86699532986519,-0.667218926635458,0.0831168664556423,1.35358991800171,7.95902776435723,1.91577000223243,0.0537556437055682,-0.303525053062079,-7.05414154506465,-7.46672583376084,1.76301753688964,10.9819911553809,-3.41687519548841,0.454103656526656,-4.6725422637305,0.605681729083013,2.98256006,0.04501659,-0.753,0.02681116,92.3495019685602,-135.143760808283,1275.215767682,0.139872656264783,0.108252121227122,9.15983169281624,0.155018961439922,-1.15996750554869,-888.195368177537,-889.751845374828,-921.759555060323,-922.942465237824,1.15887693249776,-921.120627148285,0.958929559682166,1825.94597948391,1880.68554246727,NA,2415.28777455572,0.335398191961215,1.09001831893634
"565",-5.86,0.79,-5.86,0.83,1.359326,9.604077,-1.1484446,0.2002995,35,35,-5.92899915196189,0.800121572844657,-5.86609925888843,0.794060417800876,1.51199930920276,8.5103653019841,-0.763537543061116,0.120515095597156,1.51199930920276,9.25043703490165,-5.89754920542516,0.797090995322767,1.51199930920276,8.51135440112131,-0.763632854562159,0.120524279997272,1.51199930920276,9.25090634375028,2.83156967881637,0.0762100677612601,-0.452536577015455,-7.1198230984502,-7.09303399868363,1.99113867116345,12.7321639898374,-4.16914733959964,0.573686457120514,-4.03457764945098,0.533946090973279,4.95638351,0.09245375,-0.823,0.03005995,56.0677115494999,-62.5801799701624,1338.38130027232,0.874645331375605,0.855397985096175,8.29912200522107,0.15626027850041,-1.08854837834221,-928.69592119916,-928.698939126305,-959.483346341954,-959.486551167979,0.00311333083632254,-955.703944445914,0.00312336480576142,1906.94708552716,1956.13312503053,NA,2614.18242057447,0.429360480978623,1.09591117943305
"566",-5.86,0.79,-5.86,0.83,1.359326,9.604077,-1.1484446,0.2002995,35,35,-5.52368711566649,0.703343321750545,-5.73654977999275,0.776779103210812,1.46882966072298,6.23816471816286,-0.728034566374706,0.133204878733641,1.46882966072298,6.26611241269679,-5.63011844782962,0.740061212480678,1.46882966072298,6.24949234662888,-0.731942500399334,0.134553082233311,1.46882966072298,6.30433582018719,2.65030716568293,0.0702786639624024,-0.413183933664287,-7.29109083888358,-7.06644212023301,2.06775630861732,7.46727112613487,-3.44569288404465,0.429720745694679,-4.04135218430121,0.553226504848182,3.21497455,0.09161339,-0.832,0.03046134,59.770735074418,-69.9862270199986,1255.96381774205,0.44479916445278,0.385281042975089,8.18082228278922,0.157758306756742,-1.10425966081681,-909.540284919256,-909.901432613599,-928.299533561048,-928.66680361609,0.357714216587891,-948.030878001302,0.343014147067498,1868.63581296735,1893.76549946872,NA,2441.94140846409,0.424592051324367,1.0208487422597
"567",-5.86,0.79,-5.86,0.83,1.359326,9.604077,-1.1484446,0.2002995,35,35,-6.87365775459564,0.875348336396275,-4.8597647615076,0.718768270019089,1.2635977130154,7.83681800942466,-1.0009085344059,0.19066042750928,1.2635977130154,8.75887208616873,-5.86671125805162,0.797058303207682,1.2635977130154,8.85075925632694,-1.07974240903948,0.196789756805951,1.2635977130154,9.61122722822614,2.43870463834661,0.0564265269976814,-0.356151898518848,-7.61630011025895,-6.53527063445168,1.9687666080581,9.16330929780323,-4.92122821435997,0.630401955773423,-3.91917674302545,0.585448175234577,4.86535477,0.11501634,-0.818,0.02287062,109.474760633595,-169.394278138352,1296.68287294822,0.0769002637699249,0.0772608504490086,7.5338989158628,0.142658250110272,-0.990872075798776,-894.042860898466,-898.76414633948,-912.073189398445,-917.93469429662,5.93922629051064,-942.402103581246,6.95012564073629,1837.64096492577,1861.31281114352,NA,2423.97146775808,0.351134640521495,0.997431759517903
"568",-5.86,0.79,-5.86,0.83,1.359326,9.604077,-1.1484446,0.2002995,35,35,-5.27572871756507,0.709159369842783,-7.02808765095332,1.03337547938015,1.4266746934583,13.2467335729839,-1.82719972079429,0.319041019216612,1.4266746934583,8.85467725435668,-6.1519081842592,0.871267424611465,1.4266746934583,14.0144240308403,-1.96923546976834,0.345320040637499,1.4266746934583,9.03812513075836,3.04918486534752,0.080952864567358,-0.486704236010403,-7.00848193126628,-6.82924518137297,2.49903510291159,7.41119020629441,-3.73578736473339,0.503982759620906,-5.15283229445356,0.757596890745863,7.85802405,0.20597308,-0.908,0.02759509,62.394285495906,-75.2333278629747,1314.66626741888,0.170204258456844,0.109675611563864,9.34197258098603,0.204034276260323,-1.34102782843345,-932.496807175656,-934.766904903547,-942.495969670471,-943.787061306142,1.26584111009814,-994.211236947093,0.18187427341785,1914.54885748015,1922.15837168757,NA,2554.09920697478,0.446985574579734,1.24107502884492
"569",-5.86,0.79,-5.86,0.83,1.359326,9.604077,-1.1484446,0.2002995,35,35,-5.90219572889236,0.783167631718261,-5.40557657245065,0.7213225953415,1.20855731481386,9.09768003211487,-1.2881699307333,0.242506745469167,1.20855731481386,8.6074013374831,-5.65388615067151,0.752245113529881,1.20855731481386,9.15933767875109,-1.29584828818218,0.243462947600277,1.20855731481386,8.62632694053963,3.30744130519305,0.0883019181667611,-0.524889637257537,-7.19402686944357,-7.0658644361061,2.11187672025431,7.38214187356888,-4.71812917330885,0.645754721127639,-4.02273768982752,0.539561764462731,6.44962671,0.15353833,-0.906,0.02494387,90.7899041472701,-132.024565165703,1252.59234991369,0.664944732419719,0.633555358119665,5.06913090808938,0.115371262100441,-0.720426755682453,-887.691663275232,-887.889597068421,-900.066945334932,-900.204702572881,0.133953080821484,-952.849866204115,0.110419272179513,1824.9385696793,1837.30032301649,NA,2373.16013466168,0.504200811013961,0.774907649890087
"570",-5.86,0.79,-5.86,0.83,1.359326,9.604077,-1.1484446,0.2002995,35,35,-5.87032751144643,0.777675445825982,-5.39265185079923,0.725448590138706,1.30035983856857,12.3116210572994,-1.33647425264018,0.209457226405437,1.30035983856857,11.717721155317,-5.63148968112283,0.751562017982344,1.30035983856857,12.3686645664931,-1.34271112708866,0.210139137519182,1.30035983856857,11.741041762098,3.20715211231946,0.0812780907758261,-0.492540520936981,-7.19487967433192,-7.02835810513583,2.10593834414607,12.3198961448367,-3.71775198716352,0.49191667118777,-3.61265395208828,0.492365571672773,5.87348184,0.12165587,-0.843,0.02596385,77.5943601663603,-105.633477203883,1326.86188356889,0.948979513132974,0.938784863848386,9.94442285212035,0.17964273521463,-1.29120994111733,-914.189743877586,-914.323515297922,-937.636679529526,-937.764921654766,0.124692249636646,-968.370420220288,0.117636328136427,1877.93473088401,1912.43979140568,NA,2548.09028993389,0.482303250000685,1.24246137651575
"571",-5.86,0.79,-5.86,0.83,1.359326,9.604077,-1.1484446,0.2002995,35,35,-6.0635996273806,0.798017201137277,-5.51329477943798,0.894023890277295,1.3962749897273,11.1624968185384,-1.35536031311913,0.232569955286252,1.3962749897273,9.67179166987133,-5.78844720340929,0.846020545707286,1.3962749897273,11.2382056749556,-1.34215207650196,0.234874276376159,1.3962749897273,10.4757689060071,2.67616741422618,0.0618438669668281,-0.393012616300677,-7.26696087595361,-6.14467301774776,2.16251215380344,10.2232073758903,-4.43251820613882,0.576495587848169,-4.52634010741429,0.729259026115612,8.5100882,0.184893,-0.903,0.0246762,85.5378280181108,-121.520412907384,1314.63049226479,0.0141283362361589,0.0144046115669867,5.56027616232264,0.133845626958449,-0.780525667623181,-925.154608446142,-928.388397243218,-942.795111417598,-947.879476925317,5.12289348859579,-968.870603642764,6.17561119180929,1899.86446002112,1922.75665518182,NA,2507.7405716222,0.375817279120256,1.0027059098806
"572",-5.86,0.79,-5.86,0.83,1.359326,9.604077,-1.1484446,0.2002995,35,35,-7.08610335788065,0.968764443893751,-5.70930441524339,0.764856906948746,1.39566640404319,11.392747521934,-1.35593978287502,0.221690511123149,1.39566640404319,9.19840835920628,-6.39770388656202,0.866810675421249,1.39566640404319,11.8666413540458,-1.42612470319043,0.232085082028894,1.39566640404319,9.28106341873704,3.33805847449295,0.0837003255420419,-0.514122854830235,-7.27219671834267,-7.11022611570854,2.13594746421013,9.82891769650559,-4.88674809352923,0.662023026724941,-4.02202329344897,0.547113253090932,6.08078206,0.14116787,-0.872,0.02556828,83.7420284213584,-117.92881371388,1336.53063564683,0.547767304300525,0.499383168468431,9.62884590819389,0.182675193595582,-1.28876157017287,-922.130118043554,-923.370367266862,-939.512240311801,-940.077282774415,0.55111972869942,-964.590615202013,0.134972017003609,1893.81547921594,1916.19091297023,NA,2555.13245757979,0.482157042354957,1.19539810769132
"573",-5.86,0.79,-5.86,0.83,1.359326,9.604077,-1.1484446,0.2002995,35,35,-5.40265680092153,0.626707993439041,-5.35882299603095,0.760707658508084,1.35796934660489,10.3549758154502,-1.01518160921508,0.158431590114147,1.35796934660489,11.0427095853304,-5.38073989847624,0.693707825973562,1.35796934660489,10.355456166063,-1.01371318042156,0.162920567673801,1.35796934660489,11.5290961329094,2.89015810419042,0.0851546396319417,-0.478314151841192,-7.62663397930898,-6.78446484500532,2.11872907077528,12.466799798028,-4.12344058121737,0.489404546613021,-4.06243983858298,0.573129169781849,7.02687724,0.11220529,-0.849,0.02099824,125.572120623378,-201.588998117918,1354.53488345046,0.159223529214864,0.135603620540977,5.9443676421486,0.126009444867138,-0.79959783811831,-915.945409054922,-918.221015082932,-944.439705516977,-947.211297199224,2.74641558039882,-970.2378610782,2.95805178600651,1881.44606123868,1926.04584338058,NA,2507.480768783,0.492907875911671,0.933038352501168
"574",-5.86,0.79,-5.86,0.83,1.359326,9.604077,-1.1484446,0.2002995,35,35,-5.23500852360174,0.693944131899419,-5.74967358935052,0.784791320712078,1.6825710738862,8.93361576122862,-1.11927206786555,0.18731395051217,1.6825710738862,5.66082559055847,-5.49234105647613,0.739367726305749,1.6825710738862,8.99983579370419,-1.13096103646639,0.18937725344096,1.6825710738862,5.67209412099966,3.18098622942883,0.0800382298201538,-0.483622689759893,-7.05841018772524,-7.03183121103826,2.44502270491813,6.1172166986174,-3.43625638826606,0.458516077494425,-4.13799166855997,0.567854171659296,5.5369596,0.12116736,-0.914,0.03576377,23.3452603965117,2.86472233581405,1249.06383325953,0.622225813331082,0.577760766591959,7.40905058817673,0.154862573023717,-1.02211289354712,-942.736146330715,-942.994012127471,-955.496063072949,-955.614386341335,0.115039803937723,-983.011297267612,0.00483092603741394,1935.02753579027,1948.15855849253,NA,2500.99238885487,0.487817006129983,1.03124231552076
"575",-5.86,0.79,-5.86,0.83,1.359326,9.604077,-1.1484446,0.2002995,35,35,-6.8700844486511,0.98769050706851,-5.00304148044023,0.771017012287054,1.17457232128579,8.51695667904545,-1.12162277451432,0.214033240290779,1.17457232128579,9.81233641420859,-5.93656296454566,0.879353759677782,1.17457232128579,9.38841904033188,-1.22275745572167,0.225770091125981,1.17457232128579,10.1484585158942,3.2529050533287,0.0912546184788769,-0.527592871962841,-6.94342122221174,-6.36726286734904,1.88670628024541,9.82300105344067,-5.3268896885506,0.762770422558397,-3.61905082150196,0.571561788988696,4.87604843,0.13736998,-0.84,0.02527947,86.5796722591193,-123.604101389401,1268.67619286106,0.0336207117384148,0.027675296551905,7.42492832595318,0.152577189921789,-1.03127298257383,-884.180712659732,-887.020492591504,-901.349527634096,-903.492472342292,2.11390970822772,-934.172444134069,1.93454436346129,1817.9166684483,1839.86548761482,NA,2413.74828433272,0.522762256799353,0.965417934172978
"576",-5.86,0.79,-5.86,0.83,1.359326,9.604077,-1.1484446,0.2002995,35,35,-5.43735659225976,0.680381730892785,-4.96842824466597,0.664456232307812,1.36231271082058,6.2769950325282,-0.808030166014989,0.186141538890323,1.36231271082058,9.57972946636309,-5.20289241846286,0.672418981600299,1.36231271082058,6.33196848132248,-0.809897145449004,0.186204944266618,1.36231271082058,9.67000741370716,1.76958846317489,0.0477128907019936,-0.273239011773876,-7.34155953204082,-6.967511183978,2.23205555971351,9.82143057767157,-3.85762540685568,0.483552444307198,-3.70256803252357,0.509963334257807,4.6105596,0.12654508,-0.824,0.02601808,81.9194675755685,-114.2836920223,1305.1730097768,0.627798917454985,0.617268694344441,5.72613339448807,0.126579292161615,-0.797124807724828,-911.113160877993,-911.552382936445,-936.155696826275,-936.750480128336,0.580251171725587,-975.349497551558,0.689307121101139,1871.78156488482,1909.47782599918,NA,2496.0623275313,0.306045600953444,0.879200947042451
"577",-5.86,0.79,-5.86,0.83,1.359326,9.604077,-1.1484446,0.2002995,35,35,-6.90247573215545,0.973562075927107,-6.27774614318289,0.90497744503479,1.3696778279706,7.95362881556159,-0.991345104293475,0.194946427099908,1.3696778279706,9.0867501331161,-6.59011093766917,0.939269760480948,1.3696778279706,8.05120058039606,-1.00205681636027,0.196122389998567,1.3696778279706,9.12422118492202,3.12044492550155,0.0841716630822588,-0.497029913097136,-7.05998604244508,-6.84386593669683,1.9617573884668,10.6199492127791,-5.20334607108143,0.732196206010109,-4.5034456555618,0.644442998059124,5.19949132,0.13392128,-0.852,0.02383112,101.15715334536,-152.759063561882,1318.04387704907,0.628407548333601,0.562322726545483,7.8831855763779,0.16980993248722,-1.11211958173034,-913.758688330183,-914.094742955459,-934.136479670724,-934.396039351499,0.252611742055279,-946.216170675206,0.24383035855383,1877.0726197892,1905.43939168808,NA,2483.32869053626,0.482486872346995,1.08380671082496
"578",-5.86,0.79,-5.86,0.83,1.359326,9.604077,-1.1484446,0.2002995,35,35,-5.16211013979303,0.75506281390872,-5.33269014893893,0.727260238622995,1.49970095336064,8.66406653553722,-0.970667645431798,0.168784586888442,1.49970095336064,8.20970247204685,-5.24740014436598,0.741161526265857,1.49970095336064,8.67134092041728,-0.969482004545168,0.168977832686572,1.49970095336064,8.27680359052862,2.47955133067007,0.0608435214657074,-0.371752144379751,-6.62138251217503,-6.95760307040607,2.19894373262694,9.51552079455209,-3.70036922302985,0.542278385999034,-3.77901735118897,0.519014081047769,5.59707588,0.11336234,-0.857,0.02980627,51.5817335746937,-53.6082240205499,1263.53642023715,0.758190783070568,0.776412635403136,6.23371987899999,0.138161426615627,-0.882332556395763,-928.726442403604,-929.044786378023,-949.988011743323,-950.496176878038,0.495442287154132,-970.684108319453,0.58176901631852,1907.00812793605,1937.14245583327,NA,2473.46461645374,0.375558418845692,0.907628883028816
"579",-5.86,0.79,-5.86,0.83,1.359326,9.604077,-1.1484446,0.2002995,35,35,-7.11168194820637,0.962004469734667,-5.45371037118286,0.759541394605004,1.40757914690789,10.5977119145028,-1.25331556522454,0.194886352631301,1.40757914690789,7.64926673518114,-6.28269615969461,0.860772932169836,1.40757914690789,11.2849293520573,-1.33723507121498,0.205134176829041,1.40757914690789,7.84084863658702,3.19415947826998,0.0852511520779058,-0.509093191406813,-7.33804948543096,-6.88630051869789,2.07287297943406,8.39591915737478,-4.80061274811914,0.654726824894105,-3.5294748459778,0.500228053371319,4.62733484,0.11031603,-0.865,0.02662319,80.9410137637212,-112.326784398605,1282.44217276673,0.171586040490745,0.126941280973459,11.3490646684964,0.207103461874385,-1.50176280717286,-914.063389822284,-915.796523504658,-930.061570919346,-931.595153655663,1.50620505696855,-952.278734126695,1.24689342630167,1877.6820227734,1897.28957418532,NA,2452.55756113486,0.478228156299424,1.34409952948403
"580",-5.86,0.79,-5.86,0.83,1.359326,9.604077,-1.1484446,0.2002995,35,35,-5.66514129921073,0.676900225452589,-5.67912839576942,0.777781455080067,1.23351786082065,8.71024903265818,-0.913914260647392,0.140745064166464,1.23351786082065,9.00509217460048,-5.67213484749008,0.727340840266328,1.23351786082065,8.71029794237572,-0.914267019522332,0.143289319789252,1.23351786082065,9.2678800224314,2.26657553205198,0.056563565596443,-0.340786106383664,-7.59008614749596,-7.00304898295106,1.87840701838095,10.1515039817918,-3.59058323614673,0.418433461161548,-4.21159232711327,0.580288331335389,4.77469738,0.11132162,-0.848,0.02278577,113.29965275926,-177.044062389683,1287.40676949546,0.160406532067605,0.140675274200976,7.70259796038652,0.136799137078216,-0.988364432475336,-884.28847930052,-885.824192513333,-907.914657414257,-909.729505238166,1.78604787848601,-934.138885714155,1.95773997524364,1818.13220172988,1852.99574717514,NA,2397.76947660123,0.354660424767801,0.969782657461718
"581",-5.86,0.79,-5.86,0.83,1.359326,9.604077,-1.1484446,0.2002995,35,35,-5.38682210875127,0.799770461888526,-6.37725403528891,0.852824664400034,1.35510655898502,13.3504263156148,-1.65711137644323,0.263744816939889,1.35510655898502,9.39260410512173,-5.88203807202009,0.82629756314428,1.35510655898502,13.595665165891,-1.67024802044432,0.264448504040922,1.35510655898502,9.69085255052851,2.52118112085373,0.0606375627232665,-0.372748998618246,-6.57973788345929,-7.25408660025944,2.22812900199303,8.92845843285058,-3.91058311741222,0.577262127851452,-3.9530626066946,0.529574072015959,7.98095608,0.18095433,-0.911,0.02756911,60.6935969932433,-71.8319508576493,1290.70631788156,0.493513710025794,0.470784651008951,8.90478950234251,0.171649995472429,-1.19244787598097,-919.567146051866,-920.834299490238,-933.60711260659,-935.587697127522,1.95147376754842,-971.903808143304,2.4462107973752,1888.68953523257,1904.38065755981,NA,2509.58068490547,0.382289473950913,1.14629967386956
"582",-5.86,0.79,-5.86,0.83,1.359326,9.604077,-1.1484446,0.2002995,35,35,-4.63681530907442,0.637562376575379,-5.68221864972061,0.859977949243262,1.27774486356284,11.1544638817084,-1.27657953064463,0.203079066899927,1.27774486356284,10.04582219689,-5.15951697939752,0.74877016290932,1.27774486356284,11.4276809178669,-1.33470802631431,0.215446238641223,1.27774486356284,10.1854338707677,3.08851909146516,0.0877732569893544,-0.504891951515117,-6.79612488152227,-6.51643379464936,2.10318306687649,10.0970612216361,-3.83035374630784,0.54317328094433,-4.61678638957578,0.686482939307454,8.46641879,0.13613448,-0.879,0.02401801,89.5935627800485,-129.63188243126,1258.34814273484,0.413465622262365,0.361449556877727,4.86704768570978,0.125614843161786,-0.755105622900794,-903.796031758471,-905.615755811079,-923.472231696177,-924.351439386319,0.859473713632006,-961.659418519236,0.398858779566404,1857.14730664578,1884.11089573898,NA,2387.06440303842,0.499248746699849,0.738942477975226
"583",-5.86,0.79,-5.86,0.83,1.359326,9.604077,-1.1484446,0.2002995,35,35,-5.75314754844527,0.701011755138648,-5.669540896265,0.863609034610482,1.36903470643574,13.4510028164975,-1.4082233658864,0.212049151011876,1.36903470643574,12.1091825523469,-5.71134422235514,0.782310394874565,1.36903470643574,13.4527503345697,-1.40482481233883,0.218658619834786,1.36903470643574,12.8598642547329,4.99597689396959,0.133593036266271,-0.800296066279239,-7.53444214219699,-6.48212297419114,2.15738755681896,13.2555503136958,-3.84827913964526,0.468697190026016,-4.19623938564525,0.656364825278246,6.71147085,0.15695907,-0.855,0.02348581,94.3464488534953,-139.137654578153,1356.8001840971,0.0277585740966533,0.0273876543541424,10.2404467973806,0.18294390896864,-1.2874642074524,-926.867327114428,-930.115443388352,-952.367732194822,-956.265630173476,3.89393889042382,-976.660018891216,4.2847922215276,1903.28989735769,1941.90189673627,NA,2574.46271361605,0.736710535936834,1.40715577898547
"584",-5.86,0.79,-5.86,0.83,1.359326,9.604077,-1.1484446,0.2002995,35,35,-4.68762128671504,0.655080201249699,-5.69577105301692,0.716973131961719,1.49128184633526,7.30403183378096,-0.785862143666683,0.125540229655728,1.49128184633526,6.37197374041065,-5.19169616986598,0.686026666605709,1.49128184633526,7.55812332160458,-0.801461479574946,0.126497913373759,1.49128184633526,6.61756807372697,3.5869899814069,0.095694750004515,-0.57066458968581,-6.74256419283751,-7.38197189397927,2.15823155973993,7.46252614786583,-3.39895874936229,0.474089643005285,-3.87370916896786,0.485249740908993,4.20945063,0.07153509,-0.824,0.03065505,56.7412209490196,-63.9271987692019,1243.21320506268,0.400780947795944,0.417044298657621,6.88227037302665,0.139599747895074,-0.94513642830389,-912.807995272115,-914.264259305621,-933.028696879479,-935.322715221459,2.26539258732894,-958.503396937489,2.66381846024569,1875.17123367307,1903.22382610559,NA,2422.49921135616,0.540338362940754,0.906743505247122
"585",-5.86,0.79,-5.86,0.83,1.359326,9.604077,-1.1484446,0.2002995,35,35,-5.51474530072173,0.739676790616184,-5.85036695155276,0.933944103524765,1.17694213342451,13.5056041347151,-1.71045276681099,0.298362278076834,1.17694213342451,13.3012939646266,-5.68255612613724,0.836810447070474,1.17694213342451,13.5337646078417,-1.72675284587621,0.307797225293014,1.17694213342451,13.8746183750302,3.07024704076833,0.0706049490559667,-0.451211630726412,-7.06568361844229,-6.24391088948023,2.16792090873228,11.5382792536379,-3.88865567453447,0.510529872339477,-4.23578563754776,0.68139534112084,7.73173316,0.17929124,-0.867,0.02024053,118.067226598647,-186.579210068457,1313.81468765651,0.0677088727778895,0.0740757573253016,7.35270523776499,0.175909441619034,-1.07267037687744,-904.682529726777,-906.912355689449,-921.41970002299,-924.171139303331,2.72605122332812,-973.360709368279,2.95643979072581,1858.92030258239,1880.00583239261,NA,2441.05016524456,0.424430017781648,1.15480210906478
"586",-5.86,0.79,-5.86,0.83,1.359326,9.604077,-1.1484446,0.2002995,35,35,-6.33702007263734,0.820141210667978,-5.37429777275495,0.694111357863453,1.46516283810011,8.8526741351942,-1.0795859566065,0.187184775633368,1.46516283810011,7.42533635145261,-5.85565892269615,0.757126284265715,1.46516283810011,9.0843826918669,-1.10991889404295,0.191155656582851,1.46516283810011,7.47623651720127,2.92596821764275,0.0710319147299633,-0.437878382379346,-7.40857219745225,-7.19670314785777,2.20638862767373,8.01736690777991,-4.05793936868611,0.529360648288646,-3.64591347925634,0.473572073086666,5.15613051,0.13826766,-0.896,0.02809296,70.1578857122432,-90.7605282956491,1294.18101039742,0.846528758420573,0.821797137131925,9.01048678161127,0.159862433958733,-1.15571157282074,-921.585525620376,-922.255617983651,-938.048684364487,-938.470304577204,0.410809862838516,-966.13269745357,0.268485135843888,1892.72629436959,1913.2638010756,NA,2497.60149249918,0.434064523174657,1.13363641593565
"587",-5.86,0.79,-5.86,0.83,1.359326,9.604077,-1.1484446,0.2002995,35,35,-5.85256829320668,0.790125139953957,-5.96146526173757,0.7980654561994,1.30165540714234,7.32268119302655,-1.0413296998158,0.200526450246441,1.30165540714234,6.8342625072066,-5.90701677747212,0.794095298076678,1.30165540714234,7.32564583046535,-1.04154586890788,0.20054221240196,1.30165540714234,6.83692016012348,1.97549502131263,0.053192954140355,-0.30749426571059,-7.10294840008271,-7.16453901913741,2.0215332636787,6.68137714946888,-4.08681250306881,0.544569736103834,-4.32448168496747,0.584099933059308,3.9714424,0.1172324,-0.867,0.0237606,108.363440610162,-167.171638091487,1245.8734937217,0.932490453670579,0.915643011245574,7.02246480996922,0.1464125745778,-0.986250795392165,-891.412510969531,-891.432416028475,-903.966380210838,-903.990122606024,0.0230679528777299,-939.082625833469,0.0290707421364711,1832.3802650679,1845.0991927683,NA,2324.57534935191,0.331168356552196,0.905216705122367
"588",-5.86,0.79,-5.86,0.83,1.359326,9.604077,-1.1484446,0.2002995,35,35,-6.18500429127821,0.782792061687548,-5.49329164003346,0.837419774707217,1.32908632619347,8.77693759060674,-1.01941766615792,0.16905402717315,1.32908632619347,8.05811872840824,-5.83914796565583,0.810105918197382,1.32908632619347,8.89655418857975,-1.00997099610685,0.169800073930589,1.32908632619347,8.74425797451626,3.15081359704183,0.0830864415035688,-0.499001260601375,-7.47907298088621,-6.46190255147337,1.93909115400218,9.18173231494812,-4.50984458726058,0.559066669996562,-3.87601859366899,0.601540813675531,5.43597632,0.1010279,-0.854,0.02529886,91.702875979879,-133.850508830921,1279.06465405406,0.013341053163707,0.0112314796207179,7.02936862641608,0.152130004422947,-0.973346726294688,-900.789949029743,-903.975389669164,-919.236657630213,-924.347828955041,5.15090054947255,-938.744461615877,6.23612071741391,1851.13514118832,1875.63974760705,NA,2424.27879927721,0.467823884314236,1.04730896499315
"589",-5.86,0.79,-5.86,0.83,1.359326,9.604077,-1.1484446,0.2002995,35,35,-5.01426652107766,0.687048485653445,-5.43169082776258,0.724938609766007,1.12467199404848,9.71786656901556,-1.18783452091286,0.197149810117616,1.12467199404848,9.53134534378784,-5.22297867442012,0.705993547709726,1.12467199404848,9.76142733196839,-1.19178858560983,0.197508725493932,1.12467199404848,9.56276853471654,2.97794637717058,0.0748860490192098,-0.459572585635927,-6.87875066114959,-7.0704354131922,1.9660695726233,8.69384561992215,-3.80761017823704,0.530607056621936,-3.91791521881784,0.513373982964697,5.8844693,0.1233213,-0.878,0.0216255,116.94048794048,-184.325732752122,1214.1685978609,0.750365737716888,0.741046429158598,5.991181101544,0.123882212788166,-0.830996137050194,-872.633965469722,-872.797567508268,-888.870207848352,-889.078761286979,0.202896867721804,-940.410993895568,0.229417802309035,1794.82317406828,1814.90684804333,NA,2244.01146296968,0.430091786527307,0.795511294317548
"590",-5.86,0.79,-5.86,0.83,1.359326,9.604077,-1.1484446,0.2002995,35,35,-5.97147860695789,0.836840978781269,-5.62227312010639,0.74383942814999,1.36235897651824,10.2298891652572,-1.13668945259854,0.188583319023872,1.36235897651824,9.91243882293941,-5.79687586353214,0.790340203465629,1.36235897651824,10.260375283269,-1.14480861554008,0.190745641128827,1.36235897651824,9.95350640026738,3.1485531777801,0.0803030540192549,-0.487035309529995,-6.94353783474968,-7.14841152056547,2.05783162082156,11.1575025451536,-4.25431210265271,0.608975546545782,-3.77823178295932,0.498691023254895,4.32221647,0.09971332,-0.781,0.02573528,84.811943921019,-120.068644713201,1316.32884697819,0.519953324647028,0.457530325149394,9.37062437302161,0.188468458485136,-1.29195787520755,-916.350447104928,-916.741083636326,-938.331459308381,-938.594400952456,0.255909362115399,-959.512948018391,0.199648070544846,1882.25613733869,1913.82935096339,NA,2512.58904924317,0.468319670797017,1.18973602324118
"591",-5.86,0.79,-5.86,0.83,1.359326,9.604077,-1.1484446,0.2002995,35,35,-6.42974826109601,0.890083521518626,-6.02941699198931,0.817595965059643,1.40165010478042,5.44232786753921,-0.727715862374548,0.164095866076564,1.40165010478042,7.52252866095186,-6.22958262654266,0.853839743289134,1.40165010478042,5.48239414879534,-0.734970621242464,0.165409477536912,1.40165010478042,7.53148055139674,3.20710389832025,0.08575691213645,-0.510502383038625,-7.08460219682145,-7.11613303150594,1.95509465071064,9.01079842891165,-4.71341896575672,0.63993508207452,-4.15343612095068,0.565687309627285,3.62580238,0.10939783,-0.829,0.02474675,100.768633038197,-151.982022947557,1293.36210823224,0.694093127560378,0.617519780824956,7.05881274500259,0.153746328931388,-1.00382293991099,-906.292993782333,-906.48809026504,-927.994093694727,-928.067581679974,0.0714258143878001,-940.165592337915,0.00604479242834639,1862.1412306935,1893.15461973608,NA,2434.74219351693,0.485195076801636,0.966981247111196
"592",-5.86,0.79,-5.86,0.83,1.359326,9.604077,-1.1484446,0.2002995,35,35,-5.83541907552565,0.799993550629383,-5.91129367830204,0.824253546872266,1.3382270789847,12.287810393497,-1.49240364456173,0.239227223591656,1.3382270789847,9.42591864258143,-5.87335637691384,0.812123548750824,1.3382270789847,12.2892496323336,-1.4928638239563,0.239374360446082,1.3382270789847,9.42997844106762,2.23602034557698,0.0656065598090389,-0.366777736436841,-7.02700574524428,-6.95834556816027,2.15213619875432,9.36783400636312,-4.03186038159731,0.552624516785113,-3.55791688791993,0.501318924315797,6.67190485,0.17974782,-0.902,0.02713357,65.2066628298874,-80.8580825309374,1285.53513268877,0.76518257587203,0.742776353007612,10.0318541570263,0.180694686527898,-1.31369660127047,-915.032187135667,-915.063582311681,-930.760210402548,-930.78746273281,0.0264788462796308,-964.917593567348,0.0251419531102771,1879.61961740017,1898.68685315172,NA,2490.21218284659,0.389433380289925,1.20272060715824
"593",-5.86,0.79,-5.86,0.83,1.359326,9.604077,-1.1484446,0.2002995,35,35,-5.87660408736741,0.787331847488275,-6.48848595253764,0.967497572007093,1.44387464464879,7.74105543229562,-1.03186408481765,0.203182105007994,1.44387464464879,7.69349598665348,-6.18254501995252,0.877414709747684,1.44387464464879,7.83465528652666,-1.05942411970723,0.211297027080841,1.44387464464879,7.87252614435222,2.47041754565164,0.0648592542003908,-0.38406857129035,-7.1436259079342,-6.68212700787216,2.1145195128283,8.48127511610363,-3.9304836080036,0.53076646638089,-4.35684161177548,0.673951716338077,3.86276961,0.11864598,-0.877,0.03070018,56.2524045679855,-62.9495660071337,1278.74472475156,0.155951666689467,0.1351887325128,9.16917776622602,0.193685476527619,-1.26650906421403,-919.821088862175,-921.178900984939,-936.656047605577,-938.082955176494,1.40036306938015,-957.468803198461,1.2641827387859,1889.19742085319,1910.47852755778,NA,2494.53988349598,0.389528176387018,1.30252013281623
"594",-5.86,0.79,-5.86,0.83,1.359326,9.604077,-1.1484446,0.2002995,35,35,-5.9374111716904,0.815850812975569,-5.0310689919821,0.67745469097496,1.44554239179931,12.9454742948114,-1.6354387060164,0.284039895014182,1.44554239179931,10.3187492685592,-5.48424008183625,0.746652751975265,1.44554239179931,13.150838331491,-1.66679726673571,0.288828266660384,1.44554239179931,10.3522478366619,3.10510045988917,0.0764703081416872,-0.472189455379017,-7.03452437573127,-6.95271047816398,2.49159244221969,9.52656561546982,-3.99383745898538,0.559013926221682,-3.36085649120329,0.456635124177195,7.512203,0.18342486,-0.889,0.02790466,55.5180934466952,-61.4809437645529,1326.70885883055,0.723038834453721,0.692860305150473,8.56605531815866,0.169452824890262,-1.15459238788448,-939.510074102326,-939.990480033809,-955.410850883787,-955.617714433973,0.201250383494931,-1001.33235555709,0.0303694844915255,1928.57539133349,1947.9881341142,NA,2591.93677389656,0.44944584749632,1.14299224803769
"595",-5.86,0.79,-5.86,0.83,1.359326,9.604077,-1.1484446,0.2002995,35,35,-6.31859108409657,0.870391035245105,-5.99840918596599,0.830618646247684,1.44519169928379,9.54449113779256,-1.04539209960447,0.163447361365419,1.44519169928379,8.00362002469209,-6.15850013503128,0.850504840746394,1.44519169928379,9.57012024976519,-1.04857569935507,0.16384282209706,1.44519169928379,8.01024653238424,2.8725586791154,0.0812252189523296,-0.470646645778368,-7.09076775721866,-7.00753946084104,1.99691559096158,9.85311484349735,-4.54444681447158,0.628201165147551,-4.59485716639202,0.64705431507609,5.193513,0.08820915,-0.834,0.02658787,82.3434607314061,-115.131678333975,1298.33371250593,0.95874322440978,0.957263196499289,8.51736771275132,0.17341375386132,-1.18443683324033,-918.611960392188,-918.683027206459,-939.333036044712,-939.384535877677,0.0500468169280912,-948.178632986778,0.0380342507301217,1886.77916391321,1915.83250443605,NA,2481.53574667788,0.453798252009904,1.07642044059589
"596",-5.86,0.79,-5.86,0.83,1.359326,9.604077,-1.1484446,0.2002995,35,35,-5.89290595175289,0.774600045574549,-5.73037354671237,0.82196502916998,1.31523129028523,9.17885166430323,-1.07344612861372,0.17730640017604,1.31523129028523,8.33464477346147,-5.81163974923263,0.798282537372265,1.31523129028523,9.18545585997529,-1.0715215424391,0.177867260593789,1.31523129028523,8.47001281740349,2.43201663137569,0.0651945383600815,-0.38360844260749,-7.23578055351566,-6.79105983284151,1.96286099182405,9.23344579989828,-3.96976530198268,0.522117030561612,-4.36098382802057,0.627283951385719,6.05094467,0.13167663,-0.877,0.02463895,91.4425670058063,-133.329890882775,1264.05987370174,0.448017918197551,0.436771683581173,6.6977600926242,0.132748547735549,-0.906499201003052,-900.609948604611,-901.293445270177,-918.77424328224,-919.782070913749,0.986114331230655,-941.906787899283,1.17168333508501,1850.77514033806,1874.71491891111,NA,2394.7898565207,0.383881827551157,0.883575335013852
"597",-5.86,0.79,-5.86,0.83,1.359326,9.604077,-1.1484446,0.2002995,35,35,-6.02563708880899,0.813812989568126,-5.98740956907204,0.820736207178938,1.38016620247058,7.30558908066264,-0.852249801598315,0.152964671421428,1.38016620247058,7.52806778217219,-6.00652332894052,0.817274598373532,1.38016620247058,7.30595441647895,-0.852183637238849,0.152976654156949,1.38016620247058,7.53214929058818,2.40536075345537,0.0613260555286092,-0.370864000016695,-7.13489111738422,-7.05541685864178,1.93240451186946,9.06028590693785,-4.24087012587129,0.575711241548426,-4.51176780626678,0.624196220001962,4.75088095,0.10616531,-0.862,0.02901369,65.4025894564866,-81.2499357841358,1278.08674752808,0.901225388548177,0.893170348075652,6.32574910292441,0.129733089271285,-0.866737005766872,-904.714441121379,-904.735379447366,-924.255240841161,-924.288734623022,0.032544602057175,-937.478173420001,0.0386626454788133,1858.9841253716,1885.67691402895,NA,2474.92355927203,0.36202250428315,0.863493291375619
"598",-5.86,0.79,-5.86,0.83,1.359326,9.604077,-1.1484446,0.2002995,35,35,-5.72398410256449,0.823600111535675,-6.37038641371334,0.870850500554297,1.36184395295671,6.79260708244015,-0.876081582956797,0.15086683335949,1.36184395295671,5.37609049571834,-6.04718525813891,0.847225306044986,1.36184395295671,6.89706606940479,-0.883717273122877,0.151424983175093,1.36184395295671,5.46528401206173,3.24958110228153,0.0875940769179088,-0.513484783014504,-6.77492899106878,-7.13982571141902,1.87970868440866,6.08744971922927,-3.56970216966096,0.518040642534216,-4.42976533538334,0.601861306523,2.96188596,0.06796435,-0.842,0.03048096,66.2254444650167,-82.8956458011961,1206.74649357027,0.24212757881453,0.206576798871714,9.01440368020471,0.190153101769819,-1.28135976321966,-888.819863131394,-889.527412372211,-900.624449838793,-901.596876357117,0.951234791197493,-918.44489477085,1.18934086875891,1827.19496939163,1838.41533202421,NA,2330.59734133935,0.517111828427956,1.13875985728601
"599",-5.86,0.79,-5.86,0.83,1.359326,9.604077,-1.1484446,0.2002995,35,35,-6.60369442170295,0.901192130514153,-6.64939667515629,0.891352277589257,1.48708756917714,7.01581080566534,-0.768837595017963,0.140129933496795,1.48708756917714,7.49507042581215,-6.62654554842962,0.896272204051705,1.48708756917714,7.01633297965802,-0.768725169154885,0.140154139173191,1.48708756917714,7.50161914716872,3.14889935161507,0.0952243871134878,-0.530243628851895,-7.19236613960572,-7.29669169052868,1.93427543792079,10.0053290413622,-5.12504043151145,0.714418828878491,-4.57302698760481,0.615005446454412,5.59474209,0.1533605,-0.874,0.02262897,110.981676189923,-172.408109251009,1331.01925136265,0.711912498844918,0.680710404859399,8.02179297858427,0.145678742294827,-1.04901159672313,-919.863917327342,-919.897475388025,-942.264695560835,-942.318636713984,0.0524201719262852,-940.857705142319,0.0608424909543695,1889.28307778352,1921.6958234683,NA,2489.6303934743,0.541290354430595,0.986177733793239
"600",-5.86,0.79,-5.86,0.83,1.359326,9.604077,-1.1484446,0.2002995,35,35,-5.49882343843881,0.784040086552648,-5.84971476591214,0.868377669033394,1.41025808499322,11.0723299010576,-1.36392217189971,0.24764840212867,1.41025808499322,10.522250678339,-5.67426910217547,0.826208877793021,1.41025808499322,11.1031110819816,-1.37132050346785,0.249426609083344,1.41025808499322,10.5477136764707,2.09506685566732,0.0612655569134279,-0.341501145607292,-6.78545671885171,-6.6338865539252,2.23885889755323,10.9192142429759,-3.68734422319298,0.532306645959887,-4.17225567386246,0.616798287251174,5.63607012,0.13417606,-0.83,0.02766228,61.5879785694517,-73.620714010066,1314.9259943649,0.767866680748335,0.753529212357297,8.41396132902621,0.18972048678081,-1.21982201118194,-931.638307190367,-931.862897294409,-950.603799827586,-950.758322007646,0.150273060471681,-979.476939435649,0.102447191780378,1912.83185750957,1938.3740320018,NA,2556.23127471973,0.369811419061211,1.16674126607409
"601",-5.86,0.79,-5.86,0.83,1.359326,9.604077,-1.1484446,0.2002995,35,35,-7.10414084022901,0.893300930820076,-5.8841913617891,0.871856214568299,1.32778030677017,6.5665040456369,-0.759128634911507,0.174277040165792,1.32778030677017,10.9384462772244,-6.49416610100906,0.882578572694188,1.32778030677017,6.93857322812334,-0.765669002513167,0.174392009129572,1.32778030677017,11.7253130444858,2.25519369709099,0.0650364619463488,-0.364444173987138,-7.73982628390482,-6.64763887564779,1.88539557080217,13.4675083584627,-4.64990292888613,0.583645857961013,-4.39820196220859,0.647176001910369,4.37670631,0.11884749,-0.789,0.02390231,100.875775784979,-152.19630844112,1394.42150805326,0.180497071744246,0.162894496213659,8.14234222606381,0.166617668441813,-1.08731390069167,-909.738934944417,-912.671005507237,-938.322967708981,-942.791011073237,4.481901491306,-944.160292335816,5.20409322137735,1869.03311301767,1913.81236776459,NA,2636.6467076654,0.395592916833241,1.21315590081834
"602",-5.86,0.79,-5.86,0.83,1.359326,9.604077,-1.1484446,0.2002995,35,35,-6.49040279637841,0.914987055911701,-6.91316004907749,1.00222578319695,1.39749397123449,10.0156965813868,-1.27604207096941,0.218521190884831,1.39749397123449,7.81999610076624,-6.70178142272795,0.958606419554328,1.39749397123449,10.0603775050642,-1.28526227213843,0.220423839769419,1.39749397123449,7.83798883585507,3.63477248062248,0.0950602288027613,-0.573385896354335,-6.99688791847285,-6.89989940875554,2.05573216164906,8.42202056583656,-4.61888290024177,0.650898521827493,-5.13397257193466,0.740616800973949,5.92375165,0.1262445,-0.871,0.02464879,93.8050951015164,-138.054947074195,1303.44645704499,0.728323958659902,0.74937334057716,8.47091408123838,0.186309639632861,-1.22762504506734,-915.804241676322,-916.052775123026,-929.668131183232,-929.810785273904,0.138719560877534,-950.341472522221,0.0577932284228249,1881.16372648148,1896.50269471309,NA,2468.83796701579,0.535751934626536,1.10180196435341
"603",-5.86,0.79,-5.86,0.83,1.359326,9.604077,-1.1484446,0.2002995,35,35,-5.00535948170024,0.721217787853432,-6.56189288321431,0.940638705825199,1.39866823682225,9.1260023251189,-0.984803813685541,0.181797218482058,1.39866823682225,10.7756725590372,-5.78362618245727,0.830928246839316,1.39866823682225,9.73170138262614,-1.07018781063902,0.193833603292952,1.39866823682225,10.8910479695833,2.38190981021556,0.0641124464404806,-0.376277530319915,-6.66627176124858,-6.91555211299678,2.05774084415345,12.7576293902234,-3.17910924378273,0.461052434779991,-4.82346769593423,0.693366940371647,6.61923993,0.14682903,-0.875,0.02810172,59.057459307335,-68.5596754858326,1313.71214886178,0.116899676410813,0.13172420069877,8.47602362976846,0.176991070086238,-1.15956393331817,-924.331688841739,-926.142237648324,-950.104912673276,-950.787418955362,0.666248817450129,-963.829787331155,0.261209383990752,1898.21862081232,1937.37625769318,NA,2558.86462223772,0.377944709387549,1.21400390836172
"604",-5.86,0.79,-5.86,0.83,1.359326,9.604077,-1.1484446,0.2002995,35,35,-5.09461168465457,0.654333404003656,-6.21227714496163,0.785376477009043,1.3582950661057,8.45774070736743,-1.16236562807603,0.232677884531323,1.3582950661057,8.90888078884591,-5.6534444148081,0.71985494050635,1.3582950661057,8.77003472765827,-1.19898120720369,0.236970956276996,1.3582950661057,9.01011360859344,3.47280300888703,0.0913268945444556,-0.548381456199383,-7.15400381552038,-7.49094855685284,2.29304452938489,8.34270541598479,-3.54610471304376,0.453865085167392,-4.5983186650836,0.599598432917221,4.74781927,0.14455988,-0.852,0.02332335,104.747770621323,-159.940298113809,1316.5493490753,0.331117073670878,0.269789262958764,7.6143413202338,0.152445590266346,-1.03416179204943,-913.856683588323,-914.890472604124,-930.846499510788,-931.558017196127,0.694713347503439,-976.811440430405,0.630636615861568,1877.26861030548,1898.8594313682,NA,2473.15840003679,0.517785993123294,1.01509023505993
"605",-5.86,0.79,-5.86,0.83,1.359326,9.604077,-1.1484446,0.2002995,35,35,-5.53985741813384,0.734679290934078,-5.15069017506502,0.718409123956107,1.3862215247914,9.08593542235521,-1.09407939460528,0.1932034913654,1.3862215247914,8.57909182320256,-5.34527379659943,0.726544207445092,1.3862215247914,9.12379820812466,-1.09566234861205,0.193269670948773,1.3862215247914,8.63342212210303,3.62775327254703,0.0936738759738275,-0.564653794899424,-7.12056954575833,-6.8283357473162,2.18050184360906,8.96846490170833,-4.01702939513464,0.529013384550926,-3.65403514636858,0.502310705568838,4.41382023,0.07761936,-0.8,0.0264615,82.3855295329415,-115.215815937046,1263.27187734247,0.802108827057844,0.766016289742467,7.88921329845158,0.18052963280158,-1.15720068802331,-915.116861784748,-915.371737737996,-933.463197428944,-933.859098878541,0.385679602348421,-966.750800464062,0.467544664377094,1879.78896669833,1904.09282720452,NA,2411.32793874789,0.544575312739638,1.08482176450029
"606",-5.86,0.79,-5.86,0.83,1.359326,9.604077,-1.1484446,0.2002995,35,35,-6.2843391897649,0.866026802381844,-6.81343344887146,0.913141929976544,1.26096883930867,7.5583563626897,-0.968730783036314,0.186624011187684,1.26096883930867,8.64231524574259,-6.54888631931818,0.889584366179194,1.26096883930867,7.62834154644458,-0.974962868918171,0.18717896999975,1.26096883930867,8.68904179919906,2.56125386848147,0.0675667267730331,-0.397457346795436,-7.08251683295458,-7.33091135382467,1.85174467924299,9.65930884637301,-4.69972383438592,0.64073119332555,-5.25530340395856,0.71213400972911,3.99563953,0.09391424,-0.825,0.0247013,103.575307128331,-157.595371127825,1316.67779203607,0.734409786296065,0.694757017940057,7.39908586920764,0.157910015995373,-1.04092670099833,-892.498954687584,-892.813695418788,-910.721853473326,-911.060253421599,0.329527250879164,-929.056481398788,0.371981065350708,1834.55315250401,1858.61013929328,NA,2475.76021294431,0.411759407936718,1.0048829289847
"607",-5.86,0.79,-5.86,0.83,1.359326,9.604077,-1.1484446,0.2002995,35,35,-6.04441544236068,0.798686260878355,-5.61157514430292,0.825062741348124,1.44510200542147,9.39045615271049,-1.13781188153195,0.205688731172444,1.44510200542147,8.85512851807824,-5.8279952933318,0.81187450111324,1.44510200542147,9.43729383361616,-1.13495768061488,0.205862660852937,1.44510200542147,9.06695972978511,3.99090304200863,0.0977262701154443,-0.612222983315104,-7.24379060612881,-6.65380606286909,2.15998658209279,9.82471683287155,-4.18321085529884,0.553994331244761,-4.34358647548175,0.642554970581855,4.96334098,0.10843622,-0.836,0.02579798,84.4886270598971,-119.422010990957,1306.37765638539,0.352707523855985,0.333969987126451,7.35573425675817,0.160590651009941,-1.03405066312806,-926.785298569365,-927.689023313052,-945.643398179446,-947.132071806357,1.46162704724177,-967.318997664759,1.77157944045479,1903.12584026757,1928.45322870552,NA,2493.33330177982,0.548538935424605,1.05921000965461
"608",-5.86,0.79,-5.86,0.83,1.359326,9.604077,-1.1484446,0.2002995,35,35,-5.48890342016046,0.792985851993872,-4.827623938208,0.7681189500574,1.17398691099831,10.8333872130917,-1.40876921666206,0.237699823563034,1.17398691099831,9.20633380285865,-5.15826367918423,0.780552401025636,1.17398691099831,10.9427098514045,-1.41288020966964,0.237854414266014,1.17398691099831,9.40374901465252,3.22789378044878,0.0912451794884593,-0.530322967969959,-6.7222401449686,-6.20911122995008,2.02149800596324,8.18333743612479,-3.84194520872268,0.555430412287951,-3.61062664105053,0.565140667444005,7.77637739,0.17958203,-0.91,0.02552986,74.2535116224777,-98.9517801161181,1200.4491034654,0.615575230574178,0.653528254539646,5.49092032635491,0.126086465308683,-0.799668774251613,-884.616171975216,-885.493730074561,-897.189840683391,-898.530882114429,1.31528467138933,-945.329067352164,1.68781980120541,1818.78758707927,1831.54611371341,NA,2301.94642681469,0.503959759924616,0.783809774535132
"609",-5.86,0.79,-5.86,0.83,1.359326,9.604077,-1.1484446,0.2002995,35,35,-6.03636231270081,0.899158033957109,-4.99987345398492,0.734184515965889,1.36607894532423,10.4867069314706,-1.4563211318542,0.246352423913909,1.36607894532423,6.41504882549978,-5.51811788334287,0.816671274961499,1.36607894532423,10.7552842200311,-1.49906943519946,0.253156489323509,1.36607894532423,6.46116707418189,3.0776853087189,0.0941418948568793,-0.524859266488404,-6.63715265152766,-6.58353332283705,2.21582503085029,5.5497271195859,-4.58980657106722,0.682847332173619,-3.43661602466803,0.502651977367943,7.29771589,0.16227976,-0.93,0.02980546,51.6707099920677,-53.7861768552981,1189.44091554805,0.327041272758769,0.271102330663268,6.40205398373026,0.155686308766702,-0.969721468209773,-904.687947228449,-905.431749711109,-911.952105861319,-912.386125879812,0.422929232724458,-955.987777937655,0.0235738782182501,1858.93113758574,1861.07064406927,NA,2325.0956542408,0.520963193672288,0.909786585490161
"610",-5.86,0.79,-5.86,0.83,1.359326,9.604077,-1.1484446,0.2002995,35,35,-7.15793329175758,0.95319807125613,-5.41154344586827,0.83015928737353,1.37529423962146,9.33185284834856,-1.05014117387029,0.165560067774928,1.37529423962146,7.92973618969271,-6.28473836881293,0.89167867931483,1.37529423962146,10.0943222218049,-1.10385959457608,0.169344703359755,1.37529423962146,8.60753595771594,2.34168089355128,0.060086372327957,-0.36068646199763,-7.43676707228721,-6.42341046204733,1.9118660424323,9.58819216542776,-4.73091474544898,0.625303117514724,-3.61156813420924,0.552959226304888,5.62060709,0.10876372,-0.901,0.02908348,65.3366142847154,-81.1179854405935,1275.86206190456,0.0432254634202786,0.0359401829318943,9.63398477413752,0.187451838392238,-1.27466575901321,-907.321566689906,-910.634142857415,-926.610547605953,-931.73181296474,5.16144970539889,-936.650300362833,6.03659857268819,1864.19837650865,1890.38752755853,NA,2470.60613836853,0.359898743837524,1.32649176274784
"611",-5.86,0.79,-5.86,0.83,1.359326,9.604077,-1.1484446,0.2002995,35,35,-4.62678665130585,0.631317991266653,-6.21910575394662,0.813495467728691,1.14867362295248,7.62634165062172,-0.89302902198034,0.142513823630341,1.14867362295248,7.33082660241543,-5.42294620262624,0.722406729497672,1.14867362295248,8.2602116817804,-0.965550190940689,0.150810981862861,1.14867362295248,7.59080869151601,2.58507396246933,0.0695671945366552,-0.408654942852696,-6.82329865556467,-7.33025149547614,1.82389612444779,7.47435440862089,-3.41658825065536,0.463107843468417,-4.60159944261815,0.606037271714896,4.24961885,0.08517632,-0.863,0.02566717,94.0992775035036,-138.64331187817,1198.28612576193,0.20318746897832,0.185782501079887,6.46989970838416,0.121600705472601,-0.861316286390389,-860.844008925346,-863.047889582384,-877.636205916263,-879.787319334771,2.12209218875273,-917.315298349044,1.97867906408499,1771.24326097953,1792.43884417915,NA,2257.9289396457,0.408889147807081,0.802676538735723
"612",-5.86,0.79,-5.86,0.83,1.359326,9.604077,-1.1484446,0.2002995,35,35,-5.31656934181719,0.763102732040445,-4.56889510002702,0.639883344631933,1.29505963032401,7.10826072115689,-0.805875481741785,0.163273786768152,1.29505963032401,10.0425480377687,-4.9427322209221,0.701493038336189,1.29505963032401,7.24801491411603,-0.828907472255415,0.167069541126485,1.29505963032401,10.0687273725188,3.0431285729948,0.0847220396343161,-0.488959341981323,-6.72794196245849,-6.71437694539038,2.05416139331424,10.8800669339227,-3.71849181362438,0.547479096024784,-3.3605324863173,0.476837893402571,2.8401717,0.06615263,-0.686,0.02708148,76.3142983296558,-103.073353530474,1237.13544116267,0.738401113324007,0.710718944662275,7.383047684018,0.167375977685452,-1.06609167298002,-901.349212044085,-901.933281705066,-926.749189767209,-926.914947214919,0.161212317747426,-958.267631922639,0.000897292835870882,1852.25366721701,1890.66481188105,NA,2371.19752879486,0.496271754998231,1.05432054863541
"613",-5.86,0.79,-5.86,0.83,1.359326,9.604077,-1.1484446,0.2002995,35,35,-6.39953095869078,0.882669562724317,-6.54061673809445,0.909897429752422,1.2364663308587,11.67179389149,-1.49003028088501,0.243905046151306,1.2364663308587,9.04161895910701,-6.47007384839261,0.896283496238369,1.2364663308587,11.6767701907775,-1.4909906470953,0.244090385337031,1.2364663308587,9.04326743984966,2.59804730967096,0.0737911388221405,-0.417725908740243,-7.09855534240398,-7.07742453580426,1.99163162816668,8.67013049428575,-4.22767772966009,0.589244216234542,-4.10351422217889,0.571951137997971,5.79982492,0.15512808,-0.902,0.02850291,62.6953416900724,-75.8354402513074,1290.97110001578,0.986406650582779,0.970077664384467,10.6499733546489,0.200714973601862,-1.4320993283009,-896.026599496769,-896.049173834969,-908.754672585716,-908.766163181177,0.0111632089364364,-943.490127443221,0.00275891145551725,1841.60844212238,1854.67577751806,NA,2506.10675978025,0.445813523837612,1.27568658063402
"614",-5.86,0.79,-5.86,0.83,1.359326,9.604077,-1.1484446,0.2002995,35,35,-6.33479745112119,0.808952926285356,-6.64198322794922,0.975787667613064,1.56406338414791,7.98132386009852,-0.892061896020218,0.164855867185696,1.56406338414791,8.10561343498236,-6.48839033953521,0.89237029694921,1.56406338414791,8.00491463546989,-0.904874210924383,0.171814324914166,1.56406338414791,8.40902654767453,2.96265491206882,0.0757949471983989,-0.45955095685302,-7.4730064790975,-6.78623403888986,2.10751061005641,10.3823577339796,-4.52211823461574,0.591005734190268,-4.80971163363,0.721969531344439,4.86559001,0.118162,-0.823,0.02615307,83.2536562548829,-116.952069380928,1359.99889508459,0.179254681155785,0.154972653462629,8.11031379488273,0.166614579411074,-1.10468486554745,-937.04499536945,-938.968725166455,-959.48761339477,-961.782102459508,2.26586509633738,-963.051466003007,2.33975658658457,1923.64523386774,1956.14165913617,NA,2603.04572078826,0.439543254425082,1.13652450183734
"615",-5.86,0.79,-5.86,0.83,1.359326,9.604077,-1.1484446,0.2002995,35,35,-5.70743826015548,0.697454930557231,-4.76449680833552,0.721589587151011,1.27148775749389,7.91740406861294,-1.00084246395967,0.168155110122029,1.27148775749389,6.57227491444989,-5.2359675342455,0.709522258854121,1.27148775749389,8.13968871400303,-0.995153071927743,0.168300730534254,1.27148775749389,7.3860089559,2.91054356361988,0.0733712297234989,-0.446925339054127,-7.50992349436444,-6.42319400387932,2.02022453086589,6.42241947339172,-4.02422857051183,0.498621752983927,-3.40873856258007,0.511670502747985,5.27473921,0.11873351,-0.906,0.02653031,83.2117849057139,-116.86832668259,1196.89706641146,0.0233679673062242,0.0211215455722305,5.76258392753037,0.112984593764703,-0.747461883168054,-882.816555225145,-887.35370191297,-895.840410000654,-902.985392411863,7.30743606693623,-937.723680508471,9.37226871282096,1815.18835357913,1828.84725234794,NA,2276.92580614033,0.431745536431473,0.863999597916684
"616",-5.86,0.79,-5.86,0.83,1.359326,9.604077,-1.1484446,0.2002995,35,35,-4.91576704442627,0.628594087404842,-5.43280547266942,0.747862238362668,1.24809853129493,7.69803666946366,-0.744602095817407,0.142024811031005,1.24809853129493,11.8553031086818,-5.17428625854784,0.688228162883755,1.24809853129493,7.76486885353369,-0.760018650145082,0.14558103398923,1.24809853129493,11.9068901391617,3.09851376982206,0.073978148369891,-0.459959980471984,-7.12850736302966,-6.93497701086321,1.96751339816043,13.3918612473695,-3.40925319829436,0.431851918446784,-3.73077459467675,0.50827964892821,3.07604912,0.04705781,-0.611,0.02547948,94.1149192671204,-138.674595405403,1306.67580048611,0.63457928976642,0.639405898272505,8.08827448822327,0.182506951062276,-1.16436712832346,-897.138055243739,-897.759762394217,-928.340029090818,-928.620369892967,0.272877118724642,-954.421856418963,0.157402082304875,1843.83135361632,1893.84649052826,NA,2474.67700556681,0.454134503787851,1.15493416609729
"617",-5.86,0.79,-5.86,0.83,1.359326,9.604077,-1.1484446,0.2002995,35,35,-6.59101443340509,0.916213780894948,-5.99394949543489,0.850043646639869,1.44321471101895,9.60724357095696,-1.1967361458713,0.221611637012894,1.44321471101895,9.15844627509192,-6.29248196441999,0.883128713767408,1.44321471101895,9.6963652059953,-1.20661311264742,0.222706258679728,1.44321471101895,9.19013384275817,3.97559603600935,0.107935208988802,-0.639112667581145,-7.09019104548874,-6.88735064457703,2.14361304544286,10.1672858709264,-4.54022744195255,0.629057965383397,-4.08745744489543,0.577738954680711,6.61687228,0.13818707,-0.869,0.02621367,74.9485140596161,-100.341784990395,1327.45540876537,0.837845982857506,0.807874358709167,8.16255067518814,0.183415457392516,-1.1795411361919,-929.020093754691,-929.282829484483,-947.445167188527,-947.663180584722,0.212114583564685,-966.545204635648,0.204532278648036,1907.59543063822,1932.05676672368,NA,2554.56903254035,0.6034672529195,1.13633167911096
"618",-5.86,0.79,-5.86,0.83,1.359326,9.604077,-1.1484446,0.2002995,35,35,-5.98567619647752,0.781144784424806,-5.23104261904794,0.706097469805696,1.3832134749491,6.01561930895459,-0.618839899791377,0.110394298794093,1.3832134749491,7.18779195473867,-5.60835940776273,0.743621127115251,1.3832134749491,6.15798726800063,-0.632998205668252,0.111802323651978,1.3832134749491,7.25666409279678,2.56161925086834,0.0769301340417495,-0.428391831183498,-7.28955893775131,-6.98203784084282,1.90927845995567,9.1111439971936,-4.17858220747926,0.54569354974401,-3.74390520759547,0.50460893390885,3.99423846,0.08211514,-0.83,0.02644642,86.3751491878219,-123.195055246806,1249.2425113708,0.753991036933783,0.734853439785581,6.38124262629938,0.12766721101498,-0.864046618155756,-897.833420528147,-898.422313913453,-921.94528171002,-922.531628602699,0.571986368710965,-934.704940879944,0.582944518854404,1845.22208418513,1881.05699576667,NA,2375.2899674948,0.44308881708957,0.859283393409324
"619",-5.86,0.79,-5.86,0.83,1.359326,9.604077,-1.1484446,0.2002995,35,35,-6.35334507019095,0.843825612659811,-6.77712920359761,0.924747610601826,1.35353997849317,13.8087330159742,-1.81411993152637,0.295385707249254,1.35353997849317,8.86283782361185,-6.56523713689428,0.884286611630818,1.35353997849317,13.8536312639061,-1.82269329621922,0.297022799686986,1.35353997849317,8.87578906678784,2.80334551943342,0.0725187119381604,-0.434433837327444,-7.28379165674678,-7.2254634665852,2.27335541561628,7.83901418766732,-5.39585372647128,0.73294808111846,-4.9119826567065,0.677035330942967,12.44122505,0.27306541,-0.936,0.02221806,103.884698598676,-158.214154068514,1349.56894554046,0.868500095141869,0.828961622176873,6.49259086938562,0.12683703275986,-0.879350778449157,-919.250114798992,-919.418977751125,-929.661281850841,-929.753141042207,0.0892932188197258,-972.758958337048,0.0201480395246166,1888.05547272682,1896.48899604831,NA,2540.92373701241,0.430145306949441,0.824853497104628
"620",-5.86,0.79,-5.86,0.83,1.359326,9.604077,-1.1484446,0.2002995,35,35,-5.36416914647115,0.770955172217755,-6.35101997757069,0.935022744265323,1.36843995728165,6.97786213465852,-0.861967801644816,0.187551365040277,1.36843995728165,9.82277237366106,-5.85759456202092,0.852988958241539,1.36843995728165,7.22133077536898,-0.902445356602723,0.194280907089673,1.36843995728165,9.86654484305332,3.12251260517008,0.0852668803565293,-0.498070878602788,-6.7287589605105,-6.73813765308558,2.00817555762005,11.4081133218567,-3.96043013416719,0.582699660763537,-4.23837848826818,0.627673643454532,3.19685225,0.09954912,-0.761,0.02699664,76.3513488483632,-103.147454567889,1290.4803732293,0.902912288943245,0.896148881945314,8.06124888238594,0.181939211210731,-1.16232749957011,-914.391299454714,-915.343025755183,-938.845040541673,-939.127583047443,0.275024533077838,-954.24267446813,0.00042007238646552,1878.33784203827,1914.85651342997,NA,2477.81329189071,0.496610867748679,1.14471364620711
"621",-5.86,0.79,-5.86,0.83,1.359326,9.604077,-1.1484446,0.2002995,35,35,-5.42054039306257,0.687061987386001,-4.2950042468537,0.594572595508681,1.21391450541374,6.9439923398828,-0.61376755285067,0.100430454297864,1.21391450541374,9.94855688076955,-4.85777231995814,0.640817291447341,1.21391450541374,7.26070024398851,-0.639792591275373,0.102569026200323,1.21391450541374,10.2021277653423,2.52120639272909,0.0678952085481141,-0.399698761533236,-7.28494409330577,-6.71043581043932,1.9001371297559,11.4105430081071,-4.26181669718173,0.553333598888462,-3.05351392436645,0.421665064070736,5.21340961,0.08493273,-0.809,0.025004,89.5926894722548,-129.630135815672,1249.99546001014,0.242800857374937,0.191009864241466,4.91744783373173,0.0931717987031782,-0.641870215324393,-878.25103434378,-879.504555392345,-910.297732419746,-911.90045826048,1.57489432979367,-940.700887653815,1.66557357481623,1806.0573118164,1857.76189718612,NA,2370.36078420461,0.395199295755328,0.670484377374345
"622",-5.86,0.79,-5.86,0.83,1.359326,9.604077,-1.1484446,0.2002995,35,35,-5.44758812679837,0.739748150476372,-6.06064266833145,0.825991376310522,1.40116839184921,8.07762520194005,-0.872652696288247,0.13729235828178,1.40116839184921,7.24745940850461,-5.75411539756491,0.782869763393447,1.40116839184921,8.17158416966364,-0.885870646606769,0.139151831782351,1.40116839184921,7.26540690035958,4.14656769943963,0.111856080655293,-0.664785463855153,-6.9981013009377,-7.09734102009434,1.95320563262391,8.86585232842341,-3.75315369429447,0.49474537113614,-4.33725999357306,0.589615027769467,5.92441157,0.09745272,-0.89,0.02896456,65.1335190896604,-80.7117950504833,1255.30260757189,0.650103800520352,0.639804187178193,6.84793559455849,0.153372277816856,-0.98935261460368,-904.792185660137,-905.111033415092,-925.613326712828,-925.765489868642,0.147976411363604,-939.418289557901,0.0608184623480382,1859.13961444911,1888.39308577228,NA,2429.8934200933,0.624854543243152,0.946156246253651
"623",-5.86,0.79,-5.86,0.83,1.359326,9.604077,-1.1484446,0.2002995,35,35,-5.55529409669937,0.703039552320895,-5.95151480025352,0.799092263770767,1.42478678287236,10.396789567491,-1.2122043809709,0.18803322810043,1.42478678287236,7.62635790887269,-5.75340444847645,0.751065908045831,1.42478678287236,10.4360372789722,-1.22171889919813,0.190339758944648,1.42478678287236,7.659780040042,3.03458877394049,0.084228059451291,-0.488183100438324,-7.32450759957195,-7.14847110384996,2.17242685181313,8.12047695884489,-3.94267447980179,0.499973292586692,-3.79929940029116,0.511952059954557,5.18041081,0.10878543,-0.88,0.02995516,58.4870743130392,-67.4189054972411,1286.83421470338,0.732946517069119,0.697014210100813,9.0211037373212,0.170921615621627,-1.20323229457806,-916.031069076571,-916.46590594806,-932.852881752151,-933.123567095989,0.263460540766076,-962.73015714668,0.186118557570556,1881.61738128198,1902.87219585093,NA,2506.24952390953,0.48854679355876,1.13229700811138
"624",-5.86,0.79,-5.86,0.83,1.359326,9.604077,-1.1484446,0.2002995,35,35,-5.83727340263946,0.820215460772725,-5.96884008595527,0.763521117086735,1.48283114110048,6.12076397127169,-0.778020076728915,0.154876097874896,1.48283114110048,6.46954195515015,-5.90305674429737,0.79186828892973,1.48283114110048,6.12509141931137,-0.776155305038532,0.155679660026392,1.48283114110048,6.60434209984325,2.2712789989178,0.0579504586088848,-0.35011654442383,-6.90838316454397,-7.37772007675619,2.07250433401931,7.64448384925052,-3.65307418020984,0.515407934476772,-3.99977218339092,0.5032881254903,4.23024733,0.11629156,-0.881,0.02900491,66.2751089400198,-82.9949747512022,1270.23765670596,0.281469026870846,0.250656801521901,7.96296588283988,0.160166107895966,-1.08092869937503,-914.527879730702,-915.30681988068,-932.556771262749,-933.808772623597,1.2271716116155,-949.317767009511,1.46312647975739,1878.61100259024,1902.27997487213,NA,2457.48033866071,0.342806181506349,1.07554224019889
"625",-5.86,0.79,-5.86,0.83,1.359326,9.604077,-1.1484446,0.2002995,35,35,-4.55913090975477,0.628313178525178,-7.06250771858928,1.01860236804849,1.47934509512922,9.46814903414955,-1.04326119362197,0.160937026185672,1.47934509512922,7.47239929558838,-5.81081931417203,0.823457773286834,1.47934509512922,11.0348728959021,-1.28752142006984,0.199018439050363,1.47934509512922,7.72000519392359,2.81015942852673,0.0720898693229743,-0.433714987176617,-6.77354481077247,-6.95167962348768,2.16143213040115,8.5892548339049,-2.72124761786443,0.376524881938112,-4.71256424121783,0.679577511892318,3.6548847,0.07757217,-0.817,0.0315285,48.6614094381367,-47.7675757474361,1257.03377904777,0.00737049262697164,0.00402934190125436,12.8541138895064,0.264599738418597,-1.80764207191625,-920.943453652387,-926.021447368033,-940.798717163107,-942.815143824193,1.98730023212686,-963.241293896807,0.182187300624231,1891.44215043361,1918.76386667284,NA,2466.2999823481,0.428321966572446,1.59392886609809
"626",-5.86,0.79,-5.86,0.83,1.359326,9.604077,-1.1484446,0.2002995,35,35,-5.81956839560951,0.774295271734066,-6.1168859784474,0.843105966311834,1.29144247106645,13.1300810367645,-1.65032707009838,0.259390837182628,1.29144247106645,9.02874040746583,-5.96822718702845,0.80870061902295,1.29144247106645,13.1521804730307,-1.6554417274447,0.260574565104696,1.29144247106645,9.04548480973362,2.88813951289776,0.0811094342165217,-0.469595152919036,-7.16425876104761,-7.05162003172174,2.17201805656597,8.2079673173395,-4.35532663982688,0.581954377040614,-4.80525397081069,0.668229396417748,9.56279658,0.19908248,-0.919,0.02530351,79.3733990355826,-109.191554942328,1297.77296831137,0.763721727023573,0.736716377681565,5.68568673336824,0.11434827369567,-0.778678218008734,-906.621922174655,-906.802195795453,-919.322880210787,-919.43965766226,0.113535629395886,-963.018195808009,0.0754910117671363,1862.79908747815,1875.8121927682,NA,2486.35438168041,0.461113452069045,0.741628392728003
"627",-5.86,0.79,-5.86,0.83,1.359326,9.604077,-1.1484446,0.2002995,35,35,-6.36722791581252,0.8481080385034,-6.59005256281841,0.924417783414969,1.59226951086576,8.10780142918121,-0.813601411844783,0.159816798840253,1.59226951086576,9.87376169537571,-6.47864023931546,0.886262910959185,1.59226951086576,8.12021413500953,-0.817852334838039,0.16127259313237,1.59226951086576,9.91141861326864,2.711955643898,0.0703535300551678,-0.422982587320597,-7.27216091735479,-7.04035185083597,2.10848559900309,13.3203395027544,-4.50113310748965,0.600119852896301,-4.61060563072185,0.649210955762624,5.96393895,0.11502957,-0.835,0.02887067,60.65019329883,-71.7451434688226,1406.76193849443,0.772728324414003,0.760988170368201,8.50973815546734,0.181889586060377,-1.17504745583798,-947.443639142245,-947.720960777475,-976.288859648799,-976.530857818245,0.235490761013154,-971.201352935475,0.211779463718148,1944.44252141333,1989.74415164423,NA,2741.77873352003,0.408983981675481,1.24415568079833
"628",-5.86,0.79,-5.86,0.83,1.359326,9.604077,-1.1484446,0.2002995,35,35,-4.64388407083949,0.607060613713343,-6.55767752800105,0.907474272880259,1.36095136502867,8.08319137020369,-0.999055431854454,0.177947185063673,1.36095136502867,7.57916881249685,-5.60078079942027,0.757267443296801,1.36095136502867,8.99884271937229,-1.14278785569336,0.200509276717187,1.36095136502867,7.73642918689614,2.60395200387533,0.0730588350005038,-0.416362026686117,-6.98491525348387,-7.10892186731537,2.12969072455578,7.84022635445138,-3.4062798658234,0.441765424307558,-5.03837772779624,0.705636745469162,5.680002,0.1189246,-0.872,0.0259604,82.8960663328577,-116.236889536878,1251.9206237954,0.0604421584094055,0.0422034961418078,7.19359716174512,0.160163372975709,-1.03961247215654,-904.590148383385,-907.678544869272,-921.238550769785,-922.510066646578,1.24647336972492,-956.770126654042,0.0971978668975862,1858.73553989561,1879.6435338862,NA,2387.60435805392,0.441319710791857,0.977600953874321
"629",-5.86,0.79,-5.86,0.83,1.359326,9.604077,-1.1484446,0.2002995,35,35,-6.52674970602743,0.925188648130268,-5.1705661146635,0.722419568693973,1.53516973729193,6.30367074080223,-0.626753087230395,0.121890383361467,1.53516973729193,7.91494749362711,-5.84865791034546,0.82380410841212,1.53516973729193,6.76347922417342,-0.695501111822264,0.132169208255328,1.53516973729193,7.98697634641074,2.45349549524349,0.0698887932988868,-0.40011553150342,-6.97245638154776,-6.8243184949485,2.01880681810157,10.7245634083402,-4.84778877395652,0.685766687239835,-3.3436301913499,0.47115985663705,4.03366274,0.07067337,-0.783,0.02774618,74.1747321593698,-98.7942211899022,1289.78399074996,0.0773737095648855,0.054524211730852,7.93690339116341,0.178880731460791,-1.14560838794179,-926.357081139654,-928.193204676443,-953.43797006123,-954.001266715621,0.549410077040629,-953.553023920657,0.110328523947364,1902.26940540815,1944.04237246909,NA,2480.77376031001,0.40284986111607,1.11845845621381
"630",-5.86,0.79,-5.86,0.83,1.359326,9.604077,-1.1484446,0.2002995,35,35,-6.86582913989441,0.903871370239004,-4.98377941947593,0.647595999364773,1.26631317467401,8.26083559449671,-0.913762865796592,0.144934777445199,1.26631317467401,7.97515796889323,-5.92480427968517,0.775733684801888,1.26631317467401,9.14636338202855,-1.03434361332259,0.161354043874381,1.26631317467401,8.17761508944623,4.0766337046637,0.104657736922234,-0.638592933039032,-7.43853864082288,-7.08331126374326,1.89347373600003,8.97509475456902,-4.95823325270238,0.65846820817064,-3.83028296796619,0.503492850528456,5.8691463,0.1069628,-0.889,0.0259256,87.8133052577488,-126.07136738666,1269.60373251064,0.341025568911377,0.350070372620555,6.97617682276876,0.13575044965973,-0.935047663080864,-886.414857365889,-889.240834156568,-906.738987025171,-908.300465929592,1.53390995961512,-932.194291363159,0.795029977156873,1822.38495786061,1850.64440639697,NA,2413.13609763462,0.586856674161852,0.915033037647661
"631",-5.86,0.79,-5.86,0.83,1.359326,9.604077,-1.1484446,0.2002995,35,35,-5.2334210158806,0.713514970415102,-5.84696467961691,0.841754343841426,1.26564561099833,7.3758204884154,-0.81224386820455,0.144159955295356,1.26564561099833,8.79560357575962,-5.54019284774875,0.777634657128264,1.26564561099833,7.46992944524315,-0.83191398195636,0.14827128951955,1.26564561099833,8.84013430478328,3.11450590037823,0.07467037936437,-0.464468479855043,-6.94022468846988,-6.78975134981084,1.85152343077853,10.3240948888871,-3.68620376296958,0.502602175106751,-4.22379631998966,0.6187307427315,3.75448415,0.08093576,-0.782,0.025919,86.1803435820484,-122.805444035259,1243.24963338449,0.440820778861966,0.394932118925674,7.02770042932853,0.148444921309943,-0.988681533057422,-889.879965034469,-890.585157988019,-912.732915512606,-913.050413779753,0.309127411107386,-931.144677601032,0.128508946516225,1829.31517319778,1862.63226337184,NA,2363.69382273372,0.453301012273614,0.929993810636013
"632",-5.86,0.79,-5.86,0.83,1.359326,9.604077,-1.1484446,0.2002995,35,35,-6.01936406850869,0.719464962009356,-6.07425059763967,0.908874179489813,1.12756177712727,8.53594811730793,-0.92707362998221,0.175235776361796,1.12756177712727,12.8955470697156,-6.04680733307418,0.814169570749585,1.12756177712727,8.53670125007796,-0.929672633615441,0.184204739278435,1.12756177712727,13.8606417771416,2.69673444473912,0.0692051305834245,-0.412569975692048,-7.69071923085762,-6.61715465562783,1.77572631456194,14.2574508093538,-4.67548729914219,0.568655129028864,-5.12178583410056,0.769484392360931,6.77030366,0.12491165,-0.829,0.01860012,147.799586648062,-246.043930167286,1357.7504805432,0.0173445890445486,0.0149123238517956,5.82282346758241,0.14065765232206,-0.829084510836238,-881.828124903043,-885.184501589348,-908.903779282032,-913.604124755253,4.72283961010734,-931.338594900134,5.06226991274585,1813.21149293492,1854.97399091069,NA,2469.45703091911,0.425252234669163,1.01341586835385
"633",-5.86,0.79,-5.86,0.83,1.359326,9.604077,-1.1484446,0.2002995,35,35,-5.16428257895341,0.728969330266654,-5.77295978545422,0.848132551980517,1.32659800332762,9.50149238960713,-0.962003329034576,0.146796121858569,1.32659800332762,9.55624914390829,-5.46862118220382,0.788550941123586,1.32659800332762,9.59411437503553,-0.980136313262184,0.150346090210876,1.32659800332762,9.58680163785364,2.54230988224813,0.0600034586296577,-0.379089825620731,-6.77901317466895,-6.67774674204317,1.90459120805825,11.6385537468364,-3.55273441554836,0.500409288604387,-4.2298570403507,0.625573728729558,5.14085327,0.07968622,-0.841,0.02661238,78.3985917748852,-107.241940420933,1247.7109892073,0.385988191093644,0.372757521036694,7.70111616760572,0.167858461790008,-1.09549850697332,-903.680899508043,-904.293225090252,-929.491497089366,-929.693802431851,0.196809450019753,-941.911712157934,0.050696599372531,1856.91704214492,1896.14942652536,NA,2388.18003799367,0.355135072175822,1.05564094731741
"634",-5.86,0.79,-5.86,0.83,1.359326,9.604077,-1.1484446,0.2002995,35,35,-7.12896027696567,1.00238859630674,-6.36918681439244,0.823635943343945,1.2480458697515,8.43670484275653,-1.13479980851135,0.217358507220967,1.2480458697515,8.92398503670217,-6.74907354567905,0.913012269825343,1.2480458697515,8.58101877136416,-1.16875268903277,0.225346634956277,1.2480458697515,9.04618321935803,2.90830914086028,0.0872651696280869,-0.490092226820676,-7.11472963826673,-7.41991822625525,1.93821624079976,9.14265814584457,-5.8027243185639,0.821033769510343,-4.96707974207731,0.646852703374166,6.6608435,0.1647604,-0.882,0.0214618,121.862999019377,-194.170754909917,1341.00599285641,0.30798924291792,0.277409479285826,6.32457215389869,0.140385850311886,-0.902467312704175,-894.283677117796,-895.374828402891,-910.213561183743,-911.070236945147,0.837312469725404,-938.499316281237,0.563805781276748,1838.12259736443,1857.59355471411,NA,2487.84123080289,0.48770323018624,0.896573212689558
"635",-5.86,0.79,-5.86,0.83,1.359326,9.604077,-1.1484446,0.2002995,35,35,-5.95393913571307,0.820661740428941,-5.14680454531553,0.794939226504092,1.5445039092131,8.11515677837865,-1.13097859084029,0.21965690057032,1.5445039092131,6.78369900734592,-5.5503718405143,0.807800483466517,1.5445039092131,8.27802334013272,-1.13616897352547,0.219822312500974,1.5445039092131,7.02687875353345,2.38534996013263,0.0580944384523082,-0.356259358809317,-7.02239007890954,-6.36850357026613,2.30534513073644,7.06563529827745,-4.93285140817229,0.687044827853005,-3.47625501819863,0.531212732731217,5.54190992,0.11588141,-0.872,0.02859913,62.8760882233923,-76.1969333179473,1240.2208583069,0.100186000022959,0.0686846108696881,6.50585687531031,0.170266737366668,-1.00506382237073,-931.613773444774,-933.132076773463,-945.424275876061,-947.577761349417,2.12446842113835,-972.977765257868,2.73638487967137,1912.78279001839,1928.01498409875,NA,2404.24478329586,0.359542856889612,1.04148321930714
"636",-5.86,0.79,-5.86,0.83,1.359326,9.604077,-1.1484446,0.2002995,35,35,-6.43563641813597,0.858554895679162,-5.23655468188288,0.729649958037508,1.22146658375843,10.3745005705724,-1.2632902900054,0.205422204525659,1.22146658375843,8.98286050707517,-5.83609555000943,0.794102426858335,1.22146658375843,10.7339498231264,-1.30193217911514,0.209576325262758,1.22146658375843,9.14622514171409,2.6225028286398,0.0668569556322175,-0.400519745406629,-7.27832974795633,-6.8472302734656,1.96810566677331,8.91498910459532,-5.05313536849434,0.688360888062881,-3.88316372831858,0.541948137521402,5.40649847,0.12590509,-0.87,0.02369719,101.848871302074,-154.14249947531,1263.09380090503,0.274645872081632,0.210501782108194,7.54844023311289,0.144093533087342,-1.01336111671089,-889.641861701563,-890.69167260119,-905.353560775624,-906.489804687425,1.11278677565147,-941.454064443869,1.13334281366157,1828.83896653196,1847.87355389788,NA,2372.04510233476,0.409142612780873,0.939628243970057
"637",-5.86,0.79,-5.86,0.83,1.359326,9.604077,-1.1484446,0.2002995,35,35,-5.44948936560364,0.694192002615736,-5.07275591881564,0.622423643084741,1.37780529607593,10.4358447328762,-1.3352614035004,0.225059587756303,1.37780529607593,7.83827704628874,-5.26112264220964,0.658307822850239,1.37780529607593,10.4713267553584,-1.34202078886451,0.226347262113746,1.37780529607593,7.8482268480309,2.71948388835103,0.0722050990708431,-0.430121863127886,-7.27141428014078,-7.32225814795347,2.39448320633498,6.9247408258771,-3.53450621660789,0.449723029055692,-3.52987349016749,0.433259724310233,3.92649904,0.11121662,-0.869,0.02961936,63.9755227353687,-78.3958023419001,1272.33583667534,0.933718537496201,0.935199637384674,9.42568052591685,0.173142955147892,-1.23781528158854,-913.26395321767,-913.420478147531,-926.336825675643,-926.415584733916,0.0765518567616154,-981.655537524761,0.0162116515314743,1876.08314956418,1889.84008369791,NA,2466.27587100877,0.41376663408856,1.17022427879836
"638",-5.86,0.79,-5.86,0.83,1.359326,9.604077,-1.1484446,0.2002995,35,35,-6.65194422529969,0.812444897789836,-6.05163875567355,0.847406503460577,1.41874765433032,9.55479192880931,-1.28602176134284,0.219952027617437,1.41874765433032,6.40671412950441,-6.35179149048662,0.829925700625206,1.41874765433032,9.64488359302509,-1.28077485056507,0.220257606085206,1.41874765433032,6.81187278452296,3.22529327605605,0.0890597272722092,-0.516756656267865,-7.76934899066912,-6.96075132146486,2.15712750810632,6.27225981363629,-4.8918480379121,0.606089627793886,-4.42497042349693,0.61154275581861,5.48519912,0.11731336,-0.883,0.02369049,109.716164834315,-169.877086539793,1307.16799082139,0.213502789446266,0.217120935255175,8.46402897914464,0.17425711834599,-1.17364650590195,-911.371824755648,-913.854499572457,-921.141729008696,-924.869776731523,3.71970458958501,-953.072711643504,4.95982928133727,1872.29889264013,1879.44989036402,NA,2444.458895103,0.519916626919194,1.11312913774296
"639",-5.86,0.79,-5.86,0.83,1.359326,9.604077,-1.1484446,0.2002995,35,35,-7.39910302066666,0.939356791913854,-5.39346560668183,0.769268185174601,1.46782906450871,7.81049043253584,-0.744155288591901,0.127452626952226,1.46782906450871,9.03984323797079,-6.39628431367425,0.854312488544228,1.46782906450871,8.81613579162979,-0.829439306934102,0.134685160487851,1.46782906450871,9.67061153416374,2.2362469622465,0.0570812409619285,-0.345278613701397,-7.7603995618123,-6.76810605298298,1.92982233841536,12.3378645917051,-5.29425026232004,0.683936657525353,-3.84638263368616,0.549186869835599,3.65396178,0.05028523,-0.735,0.02521337,100.289305875375,-151.023368621913,1363.45041779114,0.0820919489834863,0.0679808144419878,10.5888072804771,0.201877414481694,-1.39565748961515,-922.223235861348,-925.656709178084,-950.766384471686,-955.031615840333,4.27220257572366,-947.020971374494,4.55222404996882,1894.00171485153,1938.69920129,NA,2575.87746696036,0.335774145917723,1.41229378257156
"640",-5.86,0.79,-5.86,0.83,1.359326,9.604077,-1.1484446,0.2002995,35,35,-5.90634138822197,0.745860199237503,-6.50375448828253,0.980663227113872,1.39510124049014,9.68430949816852,-1.08763357927077,0.1660949552461,1.39510124049014,7.63165630948856,-6.20504793825225,0.863261713175687,1.39510124049014,9.77353510119954,-1.12270218046758,0.179878070721078,1.39510124049014,8.12237633174716,2.26720854438416,0.0635561455085944,-0.363519682853791,-7.4204405574562,-6.61895797736498,1.98352088115883,8.94994694322367,-4.03368274650478,0.508706235729348,-4.6850061244235,0.709128243768937,5.52084264,0.10396178,-0.872,0.02623392,84.6955215401532,-119.835799951469,1283.0136712919,0.0161278541443148,0.0115573875165321,8.50340245446516,0.191753033790562,-1.22116059426978,-908.883967596821,-913.114953830338,-927.737341746115,-931.607916253566,3.86588162423745,-943.488738574034,3.87326841907651,1867.32317832248,1892.64111583886,NA,2446.19154263234,0.379575087980181,1.22355849284098
"641",-5.86,0.79,-5.86,0.83,1.359326,9.604077,-1.1484446,0.2002995,35,35,-5.53447467611752,0.758179165072864,-5.28003346971161,0.744859425155713,1.53724914246855,7.30359847795123,-0.747125098163209,0.145180308015148,1.53724914246855,8.93212133546813,-5.40725407291456,0.751519295114289,1.53724914246855,7.31978355983056,-0.747972370836594,0.145224661883013,1.53724914246855,8.94982659710451,2.90011013723468,0.0731263467000958,-0.445551759058524,-6.97518063468116,-6.80009499195502,2.15053567899782,11.2843100573536,-3.74056087872079,0.511107496072255,-3.56334517269156,0.511785792858005,3.87583951,0.0874562,-0.778,0.02784489,68.732943762845,-87.9106443968527,1290.29180131891,0.852270638459347,0.885404198728732,7.82031714023738,0.160883577320995,-1.06605436471504,-934.101717052924,-934.186234410183,-961.332731427723,-961.457404185781,0.121218594760256,-970.671836987033,0.138086305166157,1917.75867723468,1959.83189520207,NA,2492.67295824096,0.429617899138227,1.09618301937545
"642",-5.86,0.79,-5.86,0.83,1.359326,9.604077,-1.1484446,0.2002995,35,35,-5.56812006957541,0.777702763192076,-5.2675675212627,0.78390399932112,1.25250585736044,9.63252036504064,-1.03291100936235,0.168571655739716,1.25250585736044,10.4410948298481,-5.41784379541906,0.780803381256598,1.25250585736044,9.65510332361496,-1.03244506003203,0.168581269572098,1.25250585736044,10.5207369298198,2.70089556944282,0.0701378635185023,-0.422838032249379,-6.89250948266262,-6.55501157418578,1.89442022431365,11.8854709761061,-4.15918771170576,0.583035452781265,-3.57370308025585,0.535103805521967,4.98453903,0.07478984,-0.818,0.02459386,94.8653110272718,-140.175378925706,1249.38657858137,0.622372648825374,0.60521290210108,7.75441511538603,0.177609219714227,-1.12979231665835,-897.110263200621,-897.39783294771,-921.045525572854,-921.531111340785,0.473351797062472,-941.277041285793,0.555280617620015,1843.77576953008,1879.25748349234,NA,2358.59777823703,0.402444968152568,1.09789475571141
"643",-5.86,0.79,-5.86,0.83,1.359326,9.604077,-1.1484446,0.2002995,35,35,-5.6721398374545,0.809903248883878,-6.10971321196405,0.855102611458345,1.37943949712662,12.5246780431735,-1.84361645574219,0.34834726856849,1.37943949712662,9.65767626825467,-5.89092652470928,0.832502930171111,1.37943949712662,12.5725456576934,-1.84856096514404,0.348858014162774,1.37943949712662,9.67893190172215,2.84969330185351,0.0678201289131671,-0.420626310411863,-6.80468708930361,-6.97297435782509,2.49631069568167,7.74508698358646,-4.21715854391261,0.609185882444787,-4.13348236928452,0.584103835721092,9.12221336,0.24868385,-0.935,0.02470941,81.812160682233,-114.069078235629,1298.25125431243,0.959605868033287,0.954550777715022,6.65514251817149,0.146070007800604,-0.928841276788715,-928.904240596026,-929.054663904536,-939.73043740647,-939.869906137684,0.135618969783673,-995.30651364659,0.154378463146161,1907.36372432089,1916.62730715957,NA,2482.43343038924,0.423319939025427,0.996158853705683
"644",-5.86,0.79,-5.86,0.83,1.359326,9.604077,-1.1484446,0.2002995,35,35,-5.94345511289629,0.830064065473277,-6.04989476664873,0.869688047440592,1.33304451521799,9.13090737394869,-1.10509606608472,0.190084838962389,1.33304451521799,8.3833090284786,-5.99667493977251,0.849876056456935,1.33304451521799,9.13373972392143,-1.10615045681494,0.190477353949125,1.33304451521799,8.39695651045506,3.2962256198834,0.0802316165902496,-0.495122801732166,-6.95588943651651,-6.82625965919809,1.96425023129474,9.3368352656086,-4.13593153052643,0.590815862177054,-4.17270139077327,0.595674112116035,5.39786114,0.1393379,-0.872,0.02447296,89.9669312915942,-130.378619454351,1254.55464913511,0.99865475193201,0.998980062372687,7.86682486001838,0.15320615686283,-1.0670430322606,-905.189479066817,-905.288754375487,-922.434186242492,-922.535923239185,0.0989020793819118,-942.431962350325,0.0984854567234405,1859.93420126247,1882.03480483161,NA,2378.73067881587,0.485378398032409,0.985909238427186
"645",-5.86,0.79,-5.86,0.83,1.359326,9.604077,-1.1484446,0.2002995,35,35,-5.27379972129606,0.695370388553163,-5.59394986026815,0.834636647604108,1.48255582907314,7.47741495982717,-0.83888693737819,0.159934670257561,1.48255582907314,8.41554540624003,-5.4338747907821,0.765003518078636,1.48255582907314,7.50303898769812,-0.850033465425509,0.164783442985072,1.48255582907314,8.5978661249603,2.78843481190542,0.074712164655685,-0.440914460809756,-7.08870411734872,-6.5791419227991,2.13448097484699,10.0528381050512,-3.68189889242903,0.488878555155517,-3.60753462049787,0.531609395938024,4.28103119,0.09532924,-0.839,0.03119178,47.5570956464164,-45.5589481639955,1265.39100677813,0.48534303188206,0.483236101406485,7.22251235810278,0.16617939409129,-1.02783901987318,-925.52542764465,-926.722991983516,-948.718267494552,-950.06077685752,1.31673825976788,-965.138695500262,1.30971036066547,1900.60609841814,1934.60296733573,NA,2485.22306539226,0.435427024351205,1.12743117195463
"646",-5.86,0.79,-5.86,0.83,1.359326,9.604077,-1.1484446,0.2002995,35,35,-5.96928453381673,0.814358383510832,-5.58022020038987,0.791719855351099,1.26136484512405,5.92915344753483,-0.567374562015545,0.119366444877407,1.26136484512405,10.2906953514893,-5.7747523671033,0.803039119430965,1.26136484512405,5.96699621142103,-0.569576522982601,0.119494570616717,1.26136484512405,10.3364195560033,3.11652688584246,0.076344116961427,-0.467819857350221,-7.0752892464128,-6.82109940559394,1.73040505712898,13.5051380876404,-4.25714494830423,0.581176933185074,-4.45639862712468,0.637898831158864,4.36048716,0.08781559,-0.751,0.02084041,126.504257464385,-203.453271799932,1294.68946862222,0.79071878842796,0.781541984255424,4.86202092333642,0.109124474719244,-0.694163913178541,-890.300245874567,-890.508403052793,-921.846023468154,-922.128931712158,0.275381259538055,-923.23458603617,0.306332938174929,1830.15573487797,1880.85847928294,NA,2385.92566544451,0.467821921899739,0.706855282248359
"647",-5.86,0.79,-5.86,0.83,1.359326,9.604077,-1.1484446,0.2002995,35,35,-5.6599998877613,0.729234557579187,-5.99067461964774,0.819190928053876,1.30113661017687,8.05361955866278,-0.898375401132909,0.15480110969977,1.30113661017687,8.70694829207987,-5.82533725370452,0.774212742816531,1.30113661017687,8.08095600323982,-0.905811975804958,0.156824146847014,1.30113661017687,8.74910371434999,3.43345946117118,0.0923023501157639,-0.549391582437864,-7.27315032778159,-7.06788828237301,1.91690248900269,10.0630305284249,-3.83116082799891,0.495331153444638,-4.51595605395434,0.638795976804944,4.13246871,0.09604716,-0.825,0.02696886,79.9010855816883,-110.246928034539,1282.02357396911,0.329396452769667,0.252580768413997,7.49964568095519,0.143625461117241,-0.996873992767665,-897.20311407206,-897.622032788971,-918.872176128814,-919.175514563114,0.295311011052448,-938.83029119647,0.236423223183736,1843.96147127296,1874.91078460426,NA,2453.80021990368,0.516409775816721,0.978651835264316
"648",-5.86,0.79,-5.86,0.83,1.359326,9.604077,-1.1484446,0.2002995,35,35,-5.81253117246225,0.899060392168808,-5.79268260009944,0.729233559932012,1.56516323128305,5.81720047667962,-0.724070059782902,0.15063431192966,1.56516323128305,6.52713835656289,-5.80260688628084,0.81414697605041,1.56516323128305,5.81729896813583,-0.7249127648251,0.157844600166556,1.56516323128305,7.11815731422093,2.41479832234257,0.0641326444783596,-0.380875417411795,-6.41390323579705,-7.40583898384344,2.13524216665364,8.04772099258496,-3.8421368175693,0.598618715868876,-4.40879848670882,0.559501833677951,3.21437531,0.08736367,-0.788,0.02786191,77.4025547845063,-105.249866440175,1278.90705711582,0.0289756665669054,0.0286746801353404,7.332701566886,0.165391482922768,-1.03580694962657,-926.26885802609,-929.662456955671,-946.3335062026,-951.624684362157,5.33925207920568,-958.219949316226,6.06076867480999,1902.09295918102,1929.83344475183,NA,2452.56424779146,0.371695522060878,1.12115144931269
"649",-5.86,0.79,-5.86,0.83,1.359326,9.604077,-1.1484446,0.2002995,35,35,-5.9707701745462,0.771352211891271,-4.39784963351527,0.586867705634874,1.35730673065895,7.50767216176146,-0.922513366974818,0.180385474701836,1.35730673065895,8.7064146226109,-5.18430990403074,0.679109958763073,1.35730673065895,8.12619191886072,-0.995058234322977,0.188894107964003,1.35730673065895,8.90686456319857,2.93858765470697,0.0813086297861713,-0.475221628983046,-7.33299452895263,-6.85918493717613,2.22216105827158,8.80340398784682,-4.64210863789552,0.601487253209723,-3.20226691174184,0.430572407962306,6.36650766,0.12692919,-0.859,0.02513263,85.0929288209521,-120.630614513067,1276.8414112573,0.18656950106153,0.13492797654557,6.02562495978655,0.131308462903613,-0.849909752355438,-908.695897956981,-910.777456493075,-929.223054883727,-930.65392060201,1.40428742124916,-970.803061912545,1.22631552259115,1866.9470390428,1895.61254211408,NA,2433.05220800153,0.459616073404142,0.853019222221765
"650",-5.86,0.79,-5.86,0.83,1.359326,9.604077,-1.1484446,0.2002995,35,35,-5.65787912466301,0.795663954709638,-6.56482041534692,0.92229376836378,1.32123307907112,7.8237844492652,-0.836232217488153,0.141601872106661,1.32123307907112,8.59730344309067,-6.11134977000496,0.858978861536709,1.32123307907112,8.02942007545203,-0.864943669146788,0.145610649533182,1.32123307907112,8.63968002370366,3.32942964597122,0.0902451688652439,-0.533956982822909,-6.87526040650276,-7.02777403540849,1.81163637270921,10.8797264350962,-4.31754434741193,0.614760945521665,-4.68686814785818,0.652744525391696,4.95253538,0.0825646,-0.806,0.02576556,87.4080891155332,-125.260935102229,1290.12503892049,0.87122053713471,0.860639632931383,6.79325073996149,0.149856281496585,-0.982434381495934,-898.523824362728,-899.236369807454,-921.832168591096,-922.140570939756,0.300251784136078,-927.485521283061,0.128613571834433,1846.60289185429,1880.83076952882,NA,2454.98914273875,0.507905866945796,0.898483602057928
"651",-5.86,0.79,-5.86,0.83,1.359326,9.604077,-1.1484446,0.2002995,35,35,-6.70473251542854,0.894033237212325,-3.98289879577387,0.586853256770773,1.37127397078854,7.54273323345164,-0.919071273529277,0.166463084830387,1.37127397078854,7.46034450014595,-5.3438156556012,0.740443246991549,1.37127397078854,9.39482793281396,-1.12809448072145,0.190052969926405,1.37127397078854,8.12067730698141,2.33989292180388,0.0616433922429718,-0.36612426334996,-7.33605506711812,-6.4443201820281,2.13407005192195,7.84321546305345,-4.38044727989556,0.582497869578453,-2.84116489061872,0.410927438668492,3.80119015,0.08783527,-0.824,0.0299384,58.2943558589153,-67.0334685889932,1237.65835837528,0.0469047056388409,0.0367304146081961,9.91245627476702,0.196919437266804,-1.35571065635533,-904.37247404981,-910.379627998341,-922.113526130055,-927.374318281953,5.30742345823348,-957.285240379587,5.01417626811603,1858.30019122846,1881.39348460674,NA,2408.28324816157,0.363380386734479,1.26126679163163
"652",-5.86,0.79,-5.86,0.83,1.359326,9.604077,-1.1484446,0.2002995,35,35,-5.53886011452633,0.708815441558772,-5.55883544262499,0.859850680549737,1.45492370523405,10.0455141001974,-1.25129833557948,0.206067196756735,1.45492370523405,7.15280670017691,-5.54884777857566,0.784333061054255,1.45492370523405,10.0456138536306,-1.25205258019281,0.211770107611,1.45492370523405,7.65322548346076,3.13954373178341,0.0839425804386564,-0.498384951773174,-7.27366236394542,-6.39380882149647,2.22026712957847,7.3795250736306,-4.07484809256778,0.533616537853788,-3.53279103948204,0.559338651784578,5.21177051,0.12568067,-0.897,0.03375081,32.159026433727,-14.7628097386167,1251.82437929435,0.0322376217838415,0.0299015187921718,7.86592233816561,0.158820846780086,-1.05215191960276,-920.342004823683,-923.510238073061,-934.028837086224,-938.198729480187,4.17383589660764,-965.101316373316,4.95157202979229,1890.2392527762,1905.22410651908,NA,2488.88594885008,0.480028040865739,1.13133119659569
"653",-5.86,0.79,-5.86,0.83,1.359326,9.604077,-1.1484446,0.2002995,35,35,-6.14907456904103,0.864244598306383,-5.45069463992455,0.769931209276437,1.43003648387389,12.0693616535319,-1.52999454000102,0.249958519658973,1.43003648387389,8.18882045403927,-5.79988460448279,0.81708790379141,1.43003648387389,12.19129528488,-1.54646118448738,0.252182273496551,1.43003648387389,8.21404217974874,2.89830151118513,0.0766712750251295,-0.459688935045719,-6.95787012293169,-6.82138496019758,2.27644362352908,7.96424175710601,-3.66936845162734,0.516691654276067,-3.86067239409668,0.546861476719143,5.63051053,0.13698025,-0.899,0.02926848,56.7826816783769,-64.0101202279164,1261.35466453431,0.964404468298827,0.960657489337425,9.93953232427086,0.20343641225457,-1.3765405384241,-925.34122555331,-925.622521942006,-938.175501167816,-938.367375871249,0.186648259896066,-973.583935339963,0.108629401122019,1900.23769423546,1913.51743468226,NA,2458.6992088407,0.431621929142077,1.29461669919826
"654",-5.86,0.79,-5.86,0.83,1.359326,9.604077,-1.1484446,0.2002995,35,35,-6.50506299042119,0.880332600304041,-5.48156551438419,0.675738217172671,1.51164444854843,9.86962702638685,-1.09578370931685,0.187026511813091,1.51164444854843,9.09081473716696,-5.99331425240269,0.778035408738356,1.51164444854843,10.1315137972504,-1.14813416800343,0.197491227215317,1.51164444854843,9.1744611477026,2.30214831292117,0.0524722903748697,-0.325072682858965,-7.21801039149907,-7.4134333073085,2.24284337168303,10.4455681726788,-4.5415768185514,0.622753670759999,-3.6547550582606,0.457950379176735,4.17161507,0.08371988,-0.77,0.02840934,69.3928316292241,-89.2304201296109,1368.55480779587,0.270764859847393,0.227053467597263,10.4826542402249,0.206679484773705,-1.42390646582686,-936.33381626924,-937.730543831734,-958.327205509128,-958.905069045039,0.563676577617991,-978.493355827659,0.17703601973856,1922.22287566732,1953.82084336488,NA,2647.87919546212,0.361149340186152,1.34610675813258
"655",-5.86,0.79,-5.86,0.83,1.359326,9.604077,-1.1484446,0.2002995,35,35,-6.63878880560462,0.891979210864175,-5.16561527457307,0.737884649663499,1.43963960817534,10.7225020102423,-1.27988008066424,0.209558167501456,1.43963960817534,8.36944792184077,-5.90220204008884,0.814931930263837,1.43963960817534,11.2650620733753,-1.33663208787343,0.215494450949363,1.43963960817534,8.59339825736576,2.42033082059567,0.0637888477228765,-0.374988492203979,-7.28234871475646,-6.72723070433775,2.1796840954885,9.00687882491423,-4.51517604194144,0.607129436497322,-3.72144875768776,0.535008885611464,5.53929073,0.13737976,-0.867,0.02802377,64.4947960197787,-79.4343489107201,1291.7448169705,0.406031362694444,0.352415486633155,9.28317466289753,0.172008780181358,-1.2248135591772,-924.365898359691,-925.863628913911,-941.177911993263,-942.831382387668,1.62534900057455,-966.793516349042,1.68122330340732,1898.28703984822,1919.52225633315,NA,2504.05528503027,0.390426577807793,1.15439496957213
"656",-5.86,0.79,-5.86,0.83,1.359326,9.604077,-1.1484446,0.2002995,35,35,-6.58486301296375,0.897372164468953,-6.58681826822211,0.8767708323721,1.51945345257743,5.90554046629437,-0.70861819801899,0.185239029727989,1.51945345257743,10.3828444067301,-6.58584064059293,0.887071498420526,1.51945345257743,5.90554142205015,-0.708608127803262,0.18534513344903,1.51945345257743,10.3924188680731,3.07868630306133,0.0868565401820904,-0.50191083262895,-7.19629310007192,-7.32098576096047,2.1064583115128,13.1367830098469,-5.14812845017684,0.708478058049862,-4.55311787488061,0.616202296672097,4.76157488,0.12888128,-0.789,0.02214685,115.021081643911,-180.486920158985,1420.99639890318,0.717528921019849,0.625266308733228,7.41247914382589,0.16618242374405,-1.04942065780377,-937.173754405215,-937.208761805509,-968.023316827132,-968.082171236444,0.0571968963169113,-970.514148533773,0.0621334239027999,1923.90275193927,1973.21306600089,NA,2661.50587764737,0.492756291277345,1.10842999422519
"657",-5.86,0.79,-5.86,0.83,1.359326,9.604077,-1.1484446,0.2002995,35,35,-6.22129341080542,0.806193886695831,-5.33700551172387,0.872695649636518,1.54766825581493,7.38751999358554,-0.909614052365963,0.152470673152832,1.54766825581493,5.31034465049025,-5.77914946126464,0.839444768166174,1.54766825581493,7.58301126570106,-0.894912376306954,0.153576294271387,1.54766825581493,6.24369861877758,3.12024647125103,0.0809076059380196,-0.486881861544919,-7.37594008269996,-6.09545188866656,2.07913168598793,6.34641349640252,-4.44019237316912,0.572357003359172,-3.62514917652419,0.593694856545965,3.64042432,0.06506631,-0.859,0.03251912,54.1560672218716,-58.7568913149058,1232.44944532285,0.00105184387781247,0.00128523412915016,8.61281025643576,0.195667515559047,-1.2198939568459,-917.838545934582,-924.002592857526,-931.236816462724,-940.892731270441,10.0577818421705,-944.405144710305,12.7744071040076,1885.232334998,1899.64006527208,NA,2406.14199933079,0.469127911288994,1.32676957506384
"658",-5.86,0.79,-5.86,0.83,1.359326,9.604077,-1.1484446,0.2002995,35,35,-6.47696792927958,0.848799172698511,-6.26834456348547,0.902274121496352,1.37889570791153,9.18426129987674,-1.07299270273654,0.177494865643199,1.37889570791153,7.99546893192865,-6.37265624638252,0.875536647097432,1.37889570791153,9.19514222706557,-1.07020367178557,0.178209758180432,1.37889570791153,8.17645776460873,2.69537304556437,0.0739084725182228,-0.428727895822997,-7.37778333213203,-6.8505700591029,1.95287107286827,9.38113057659186,-4.48596637399965,0.577298012849888,-4.29511208041413,0.619644903679832,5.96515224,0.1120762,-0.891,0.02645465,83.931494342484,-118.307745556131,1301.76316185668,0.238272043792299,0.21216347510171,8.25173084790784,0.179682063432374,-1.16436784482766,-909.729069189497,-910.664994781069,-927.764678125839,-929.159096829285,1.36815998314018,-941.158179465426,1.6315538263638,1869.01338150783,1892.69578859831,NA,2485.21857815722,0.438125987000379,1.16420739814288
"659",-5.86,0.79,-5.86,0.83,1.359326,9.604077,-1.1484446,0.2002995,35,35,-4.54938253088926,0.607557142713001,-6.49349672648949,0.957494110816522,1.39090754497027,8.99232365575589,-1.175022619219,0.227901605391085,1.39090754497027,9.20856070092798,-5.52143962868938,0.782525626764761,1.39090754497027,9.93721865713947,-1.34510197603284,0.258515575802456,1.39090754497027,9.41667889159708,3.89234480271585,0.10290851432777,-0.616583148819313,-6.8874555222404,-6.74673581500365,2.2970871761503,8.99331078563779,-3.12641995148396,0.419607539315232,-4.62096318445179,0.676209436451369,4.89660153,0.12364315,-0.839,0.02807345,63.586818755954,-77.6183943830707,1285.11711343022,0.0744109685072272,0.0526532315487178,8.5359190051616,0.205417912912269,-1.27850611572906,-920.812965491981,-924.160547238403,-938.745075773109,-940.157788362104,1.38629111195008,-979.599198855943,0.102652595814385,1891.1811741128,1914.65658389284,NA,2492.61583247736,0.581633821947332,1.23353802710297
"660",-5.86,0.79,-5.86,0.83,1.359326,9.604077,-1.1484446,0.2002995,35,35,-6.14297626537408,0.762083493441126,-6.14335707169645,0.843134940167724,1.36660808608466,8.85686682517978,-1.08711761469301,0.211790139905194,1.36660808608466,10.1385249711678,-6.14316666853527,0.802609216804425,1.36660808608466,8.85686686143315,-1.08712533091885,0.213432474159313,1.36660808608466,10.2982690132401,2.26669649424185,0.059898610027491,-0.347654167041923,-7.56042124584194,-7.07791850623495,2.11450789285844,10.970597696379,-4.36124432264175,0.557338087633427,-4.37349204258066,0.60568003478964,4.0710277,0.10460327,-0.785,0.02264387,114.145982748438,-178.736722368038,1358.417342265,0.660163526570733,0.636556938288698,9.48363156370511,0.193454669792513,-1.29690079683599,-919.237094171093,-919.898279505915,-940.529864457559,-941.52664429169,0.97522741018543,-965.627169172027,1.09451415497033,1888.02943147102,1918.22616126175,NA,2538.09796216197,0.381578366101307,1.28757521627836
"661",-5.86,0.79,-5.86,0.83,1.359326,9.604077,-1.1484446,0.2002995,35,35,-6.73889687442674,0.866463389481225,-5.02314048973065,0.763016837985313,1.23694886120464,6.86006330425679,-0.754122113261677,0.154092753244437,1.23694886120464,10.5688698326021,-5.88101868207869,0.814740113733269,1.23694886120464,7.59601829716315,-0.798494383562655,0.156768050498537,1.23694886120464,11.4431753228068,2.44873052097995,0.0644069769299086,-0.38176086772349,-7.53447344465387,-6.43502484492563,1.80318549584507,12.6667035812043,-5.14847282514076,0.678967964325916,-3.31332250242103,0.500802292639193,2.77285626,0.05566628,-0.65,0.02341964,112.311108842782,-175.066974556728,1299.6333366195,0.00750284617120932,0.00445155391131032,9.37031729331711,0.194997114000274,-1.28006400473074,-891.751056100352,-895.514221265761,-918.760830296881,-923.86064180961,5.1390303628773,-931.244499111837,5.83703962979311,1833.05735532954,1874.68809294039,NA,2424.19969868227,0.383927560731996,1.33848608982116
"662",-5.86,0.79,-5.86,0.83,1.359326,9.604077,-1.1484446,0.2002995,35,35,-6.79729978668901,0.943748966034825,-6.5025646408123,0.798434228223908,1.34042013843908,10.2407873865154,-1.23267513832124,0.199901274133264,1.34042013843908,8.24077151825891,-6.64993221375065,0.871091597129366,1.34042013843908,10.2625045880692,-1.24338247843292,0.205180367389528,1.34042013843908,8.48862472230036,3.36422831554163,0.0874584556888884,-0.529326863606271,-7.13242889098398,-7.70344134991718,1.997652248118,8.95094217385857,-4.81096147053069,0.683252377187686,-4.86850202501223,0.605453319171393,5.85054298,0.11475115,-0.896,0.02623739,89.8867947345664,-130.218346340295,1339.01067477023,0.0973701128559658,0.0871821766351865,8.60947484302598,0.172102047223825,-1.15331942896047,-906.695325082849,-908.409844737353,-922.714517594788,-924.567298852782,1.82387561920736,-945.231525280051,1.95188415686999,1862.94589329454,1882.5954675362,NA,2547.80300320016,0.492761549080504,1.20427882771079
"663",-5.86,0.79,-5.86,0.83,1.359326,9.604077,-1.1484446,0.2002995,35,35,-5.71049638530748,0.850937914774443,-5.43185133192186,0.781143105300628,1.44262116151398,7.11969699605874,-0.78809036479599,0.141803372031421,1.44262116151398,7.57598507537339,-5.57117385861467,0.816040510037536,1.44262116151398,7.1391077625028,-0.792952359398956,0.143021200888793,1.44262116151398,7.59490253878458,2.61536895559296,0.0643063306946307,-0.392748386593831,-6.59856971631343,-6.73574407698299,1.9667003392733,9.56593068119288,-3.9875826621382,0.597170111822467,-3.50714107716982,0.504089516867639,4.01031515,0.09815648,-0.826,0.03007473,53.0804073500427,-56.6055715712481,1238.48845121906,0.654780536958696,0.606048102511221,7.55214423935302,0.162855899850987,-1.0734542536958,-913.631637337354,-913.864284544773,-935.490610701234,-935.64485118132,0.149998804878464,-943.504607127681,0.107757349630436,1876.81851780355,1908.1476537491,NA,2420.37133086688,0.395789764896994,1.01058095965681
"664",-5.86,0.79,-5.86,0.83,1.359326,9.604077,-1.1484446,0.2002995,35,35,-5.82408570331187,0.884161743453887,-5.550964857518,0.717203863943925,1.36167055502205,10.008424152632,-1.345804608402,0.254060143689069,1.36167055502205,9.34479682537506,-5.68752528041493,0.800682803698906,1.36167055502205,10.0270729017337,-1.35720452771793,0.261028877071685,1.36167055502205,9.72486744032645,2.62745520262921,0.0690112398619721,-0.409455350400627,-6.51422006036962,-7.23579105703684,2.25287279561201,8.89569705607611,-3.84561068989288,0.581919890265177,-4.43563908835368,0.589931624059575,5.39337188,0.13286534,-0.845,0.02508383,86.1313609205031,-122.707478712169,1288.72254497225,0.242441089261394,0.193375918177393,7.85030987002841,0.178970391347152,-1.13199414387315,-919.002975601695,-920.83659670529,-934.468250578722,-936.993950940742,2.49833827120692,-974.493900999162,2.77921430357159,1887.56119433223,1906.10293350407,NA,2454.73761123233,0.411057028400979,1.14290899004009
"665",-5.86,0.79,-5.86,0.83,1.359326,9.604077,-1.1484446,0.2002995,35,35,-4.87843903134596,0.624764716859175,-5.19653508069494,0.767393439109434,1.2357457953783,9.32423577270403,-1.21059135773389,0.226124890684025,1.2357457953783,9.91309507286418,-5.03748705602045,0.696079077984305,1.2357457953783,9.34953204685689,-1.22193376600176,0.23121062878671,1.2357457953783,10.1498181501139,3.04518403471406,0.0761276434406332,-0.466837348809562,-7.11399374873494,-6.58234477892467,2.19457528207026,8.89510412022136,-3.58581920814012,0.462750935284722,-3.60937220533997,0.527929015975587,5.21638981,0.11104266,-0.842,0.02656279,74.1751407597034,-98.7950383905694,1241.09548608799,0.416729725018177,0.390233775771598,6.98081739656174,0.168487068074421,-1.03785961519766,-897.412909050459,-898.618546918184,-914.43761716395,-915.939798780726,1.47503243997298,-968.068475761545,1.54890956971044,1844.38106122976,1866.04166667453,NA,2383.39593378541,0.444486890930307,1.04597085249355
"666",-5.86,0.79,-5.86,0.83,1.359326,9.604077,-1.1484446,0.2002995,35,35,-5.90273133271778,0.814358883794666,-5.65977484840554,0.842805296738217,1.32661160256774,9.68419883215445,-1.28081324216346,0.23080670185816,1.32661160256774,8.44605677765438,-5.78125309056166,0.828582090266441,1.32661160256774,9.69895579547179,-1.27908543204345,0.231009001460498,1.32661160256774,8.55960667801687,2.72043680596847,0.0756384284677518,-0.434384483826979,-7.00873306475223,-6.59630021319527,2.0982096558299,8.35670103482148,-3.72255743755934,0.511831437418981,-4.23980831018956,0.637785710002074,4.95334434,0.13773463,-0.874,0.02852342,62.3218024569267,-75.0883617850159,1252.15209087605,0.433652045604889,0.387282372684991,8.40746672903106,0.177225906200744,-1.18040854648963,-907.794961028708,-908.327732006068,-921.715563945853,-922.552008053134,0.817419734646909,-955.108815273476,1.03105499074822,1865.14516518625,1880.59756023833,NA,2429.21581996708,0.452416342582609,1.11585980794804
"667",-5.86,0.79,-5.86,0.83,1.359326,9.604077,-1.1484446,0.2002995,35,35,-7.11612569889254,1.01034895241253,-5.74288080930219,0.841017402451787,1.55171869588396,7.96646038483407,-0.928684366739714,0.163228201922993,1.55171869588396,7.01266550306489,-6.42950325409737,0.925683177432157,1.55171869588396,8.43791076653058,-0.986817788147215,0.170396495376019,1.55171869588396,7.12861405057255,2.70264361770218,0.07684008865914,-0.440914466976601,-7.05446931841519,-6.6900579855974,2.07300413659518,8.84706940704009,-4.69634391124439,0.668587808570818,-3.86908661263068,0.56460650858214,3.4292693,0.08221374,-0.817,0.03230055,47.546103202095,-45.5369632753526,1292.44010441693,0.450976519075549,0.419633238992923,10.7621712467678,0.223501256395391,-1.50490555045499,-929.92393656312,-931.362538679147,-948.595497112012,-949.60118416508,0.984004789355633,-953.93568046199,0.774147192044316,1909.40311625508,1934.35742657065,NA,2539.34324555851,0.440805623828306,1.3981909379451
"668",-5.86,0.79,-5.86,0.83,1.359326,9.604077,-1.1484446,0.2002995,35,35,-5.30554028510147,0.791619144985453,-5.85405050666404,0.899200232878779,1.17179581974759,6.82697275881685,-0.647788589016054,0.114020216242387,1.17179581974759,10.2896696718422,-5.57979539588276,0.845409688932116,1.17179581974759,6.90218862460652,-0.662540920605134,0.116913638860465,1.17179581974759,10.3179995322026,1.8138679585882,0.0490212252069716,-0.281037652142145,-6.54701949660326,-6.45458943523538,1.58905001219721,13.6372914853513,-3.66413268047308,0.538643693183145,-4.44412877504523,0.686267150702596,5.17125087,0.09878325,-0.835,0.02262236,108.021485903008,-166.487728677178,1224.81445138215,0.315038957420766,0.2734889669711,5.45523100405118,0.130123840504583,-0.800506627587012,-873.799756333188,-874.372167439096,-903.793727501104,-903.969162770024,0.170636569581205,-902.67332665705,0.0437094313817279,1797.15475579521,1844.75388734884,NA,2283.14117408712,0.311869156670511,0.832923336157517
"669",-5.86,0.79,-5.86,0.83,1.359326,9.604077,-1.1484446,0.2002995,35,35,-5.33773783380844,0.745035204580873,-6.38290809354941,0.874588625566657,1.14726381452596,10.5975979371258,-1.24900394650928,0.199324900633046,1.14726381452596,10.0562972260846,-5.86032296367893,0.809811915073765,1.14726381452596,10.8706931550875,-1.28285529217479,0.203520922855326,1.14726381452596,10.1457875548093,3.65817277935737,0.0846310157958761,-0.540064400029139,-6.85675210772316,-7.13007660974536,1.85752154362373,10.1319692953003,-3.95021050940585,0.553135828397361,-4.61049334498746,0.639049372541811,5.0577509,0.11988172,-0.865,0.02332421,104.549316343726,-159.543389558615,1244.25433731609,0.642705035592104,0.598713564291653,8.62947642395481,0.158169091827872,-1.13751684396462,-879.266860285445,-879.991861547096,-897.147946628457,-897.712250115964,0.550396052932232,-931.338177712666,0.429930477665714,1808.08896369973,1831.46232560354,NA,2328.96528507356,0.504433894497018,1.04965711298966
"670",-5.86,0.79,-5.86,0.83,1.359326,9.604077,-1.1484446,0.2002995,35,35,-6.98368627014882,0.903966525140335,-5.97695779623988,0.797504056131627,1.42766302437572,7.8381869460116,-0.955983702140475,0.173026210922997,1.42766302437572,7.42370646048595,-6.48032203319435,0.850735290635981,1.42766302437572,8.09156250105635,-0.982778401878903,0.175859775249854,1.42766302437572,7.52637083846735,2.35107627091106,0.0570962523764308,-0.349152994870597,-7.55582886279837,-7.18337622997011,2.01479159353049,8.70248886587675,-4.7363669666207,0.619440581436206,-4.35803588717242,0.59341975509673,5.56571461,0.13123024,-0.884,0.02719007,78.21024722715,-106.865251325463,1332.12216620899,0.736399749096581,0.724331727915744,7.94058087854131,0.14902346289475,-1.04139909357785,-914.033055726362,-914.92825802147,-931.682896664413,-932.530868530786,0.828753676957092,-946.439628372812,0.844453568753543,1877.62135458156,1900.53222567545,NA,2557.37908109252,0.359329339612339,1.04130854820058
"671",-5.86,0.79,-5.86,0.83,1.359326,9.604077,-1.1484446,0.2002995,35,35,-5.80642524274174,0.776863060026663,-7.50686301735324,1.05172299758568,1.30220356936579,9.60571754038576,-1.12260742035006,0.207471577976031,1.30220356936579,11.0746147798338,-6.65664413004749,0.914293028806173,1.30220356936579,10.3285896967172,-1.23945297548824,0.226358574294768,1.30220356936579,11.2062065235956,2.71781990559812,0.0683911656963666,-0.415700847830336,-7.13581738999864,-7.19871078208815,1.99471712131912,12.2631963636008,-4.37665100718417,0.588756852633794,-5.83323452299466,0.811412345481511,7.5496823,0.15114521,-0.862,0.02176956,114.426006556527,-179.296769984216,1385.87894386024,0.20273964269577,0.171587209474902,7.31657056633774,0.164303133120309,-1.05534525139459,-911.97159819434,-914.317030482643,-934.351433338817,-935.110181334623,0.741078596622568,-954.927686960741,0.0177921111782985,1873.49843951752,1905.86929902426,NA,2592.46111773626,0.40741851728314,1.02431918461636
"672",-5.86,0.79,-5.86,0.83,1.359326,9.604077,-1.1484446,0.2002995,35,35,-5.0867079852934,0.702058270394428,-5.94306505191413,0.853855882229602,1.51791637974607,6.41944466956262,-0.833009823525675,0.171222376469042,1.51791637974607,6.93144298275149,-5.51488651860377,0.777957076312015,1.51791637974607,6.60278152595043,-0.865508062923475,0.176983005208758,1.51791637974607,6.96650876636442,2.996340531246,0.0743800640507318,-0.458481117888091,-6.86176771195774,-6.81375388790414,2.18844830449535,7.91792433264422,-3.8503717989911,0.541743041323034,-3.85607399067208,0.544834999497952,2.6655914,0.06787613,-0.778,0.03337941,42.0296583436958,-34.5040735585543,1241.20031353279,0.998523468835712,0.99750175550204,8.35749605771668,0.192298929051313,-1.22169360857983,-923.674919149446,-924.464649526863,-942.48628511369,-942.795080721102,0.300635494810266,-963.744319223256,0.0140565738767174,1896.90508142773,1922.13900257401,NA,2447.89655350702,0.432293960489711,1.18187890311938
"673",-5.86,0.79,-5.86,0.83,1.359326,9.604077,-1.1484446,0.2002995,35,35,-6.06503522328639,0.81763023073415,-5.73097113725508,0.860638398298566,1.55073493455645,8.62422390692155,-0.85872493597184,0.134424115426239,1.55073493455645,7.91046157276311,-5.89800318027074,0.839134314516358,1.55073493455645,8.65212361031554,-0.855133064924519,0.134886541045551,1.55073493455645,8.1097242459838,2.45205170113752,0.0675505680590605,-0.392125266057169,-7.15154711678123,-6.56125149761661,2.02711248793634,10.6889596881472,-4.51972818872334,0.615516332944489,-4.35491294582607,0.645314182931304,5.45821769,0.07453948,-0.842,0.02837232,70.7675349470851,-91.9798267653328,1299.38648374928,0.497197106416928,0.487571564415082,7.21256209780012,0.163804625049831,-1.04170324144599,-930.682393946732,-931.680550879377,-955.874301974767,-957.422449792426,1.52066889782959,-954.452476943542,1.74997712462093,1910.9200310223,1948.91503629616,NA,2506.79314073322,0.395586016742933,1.03376684439776
"674",-5.86,0.79,-5.86,0.83,1.359326,9.604077,-1.1484446,0.2002995,35,35,-6.00368056664921,0.839578345295556,-6.29395627624826,0.920078022790334,1.2364635627606,13.2339804332849,-1.84297705053406,0.312518421115553,1.2364635627606,8.94634731734895,-6.14881842144873,0.879828184042945,1.2364635627606,13.2550454301807,-1.84881882578588,0.314138470634744,1.2364635627606,8.98335900061133,3.65434963626306,0.0925405205627871,-0.567852676235843,-6.9594312730967,-6.77011073506835,2.21011257044261,7.05560426623107,-4.24979647346619,0.590669328086318,-4.12044357692121,0.601254691318657,6.7379332,0.1591387,-0.912,0.0254522,82.3722236090274,-115.189204089217,1255.62966991133,0.775300001965042,0.745997709666893,8.56642118864615,0.19384089119016,-1.25166890375738,-900.246274791275,-900.511884455797,-908.086816046594,-908.346811930677,0.253037057880713,-962.598407883141,0.239568604710525,1850.04779271139,1853.34006443982,NA,2396.07013573345,0.523236393654568,1.16171706727526
"675",-5.86,0.79,-5.86,0.83,1.359326,9.604077,-1.1484446,0.2002995,35,35,-6.13053647270771,0.789218141676076,-7.09042601200439,0.959342490172494,1.39094314957309,7.22215903967437,-0.963082302028987,0.217842474301511,1.39094314957309,10.145919923697,-6.61048124235605,0.874280315924285,1.39094314957309,7.45250602158718,-1.00390744765433,0.225078047789344,1.39094314957309,10.1939748084022,2.89297756908941,0.0768328378696854,-0.457248492612095,-7.38632024061959,-7.33265293462046,2.10473022211206,11.230863359997,-4.56078730637397,0.601606650991339,-5.23831918644762,0.70642954530273,4.9600243,0.13330609,-0.808,0.02211934,119.366397924115,-189.177552719393,1408.09921804786,0.66603188737748,0.627071049192973,7.62468352557608,0.164282789493878,-1.06993341823654,-921.041676904093,-921.936492165078,-944.900626877943,-945.20177844182,0.293177430155897,-965.244458308361,0.0133141363395529,1891.63859693702,1926.96768610251,NA,2627.02088337634,0.441693091628495,1.07063800709104
"676",-5.86,0.79,-5.86,0.83,1.359326,9.604077,-1.1484446,0.2002995,35,35,-6.07236925511588,0.827388933568534,-5.96343142818727,0.850352196302405,1.42581679953309,7.41485824001414,-0.706396203562567,0.123574689279289,1.42581679953309,9.07739974179564,-6.01790034165158,0.838870564935469,1.42581679953309,7.41782510254811,-0.705770811577211,0.123706517138136,1.42581679953309,9.11528296779509,2.56265000135569,0.0683910657502927,-0.401631989944667,-7.10074132238116,-6.85499431828336,1.86931730722644,12.4349434529593,-3.99529751396344,0.551910541668281,-4.67098694207761,0.665970293000746,4.321954,0.0656079,-0.774,0.02805409,72.0405397251535,-94.5258363214696,1312.15455780734,0.495842951808181,0.462612816189013,7.46834884625417,0.162029710840631,-1.05557494671056,-915.19215326502,-915.357862825335,-943.913036307214,-944.175688770912,0.255627387418026,-939.470402955417,0.286157119640658,1879.93954965888,1924.99250496106,NA,2529.78327929322,0.40945763974306,1.03761258294829
"677",-5.86,0.79,-5.86,0.83,1.359326,9.604077,-1.1484446,0.2002995,35,35,-5.83397578074616,0.817409471851313,-6.82544641202776,0.942744764017251,1.5084021103523,5.91806814559233,-0.770071344220506,0.180314489146424,1.5084021103523,8.35432556444794,-6.32971109638696,0.880077117934282,1.5084021103523,6.16382164876581,-0.801137909531913,0.184241723012004,1.5084021103523,8.41222036909776,3.44353824125438,0.0906294222798158,-0.545459045205912,-6.9218028985392,-7.16655829208628,2.0969633650915,10.2095016581049,-4.58600809336416,0.645147824638017,-4.7330891092458,0.644572803733584,6.20439345,0.15389426,-0.865,0.02233943,110.631573121591,-171.707903114344,1332.79429868181,0.897925468987942,0.890966326338788,5.6937806320407,0.133705462235864,-0.826349337282029,-928.147630735179,-929.092160886053,-952.496068657382,-952.927970105474,0.420858424165848,-961.286662600193,0.30327342392817,1905.85050459919,1942.15856966139,NA,2493.88069424927,0.508116412716741,0.870659700792612
"678",-5.86,0.79,-5.86,0.83,1.359326,9.604077,-1.1484446,0.2002995,35,35,-5.45420914845976,0.683468342614935,-6.35327859110982,0.886389059946694,1.4448670598533,9.38617150584397,-1.15614481457365,0.210135161177022,1.4448670598533,8.72669961097361,-5.90374386978479,0.784928701280814,1.4448670598533,9.58825297152077,-1.20175476863206,0.220429365557632,1.4448670598533,8.84818742682546,3.82364335178576,0.093757098153596,-0.580012533450223,-7.34002285432218,-7.0301431728657,2.23510938310245,9.25751487046097,-4.18350389197904,0.538398394046305,-4.71691961414033,0.663571780548916,5.2808781,0.1380958,-0.848,0.0253034,88.2752663926559,-126.995289656474,1322.22406535926,0.478427172125235,0.476091181012127,8.06564410660279,0.169824166038789,-1.12347285827752,-926.549659526541,-927.91848339177,-944.685348891868,-945.554243438653,0.849329352024616,-973.811343221089,0.498416287661495,1902.65456218192,1926.53713013036,NA,2517.45284106204,0.55244386021059,1.10134377442047
"679",-5.86,0.79,-5.86,0.83,1.359326,9.604077,-1.1484446,0.2002995,35,35,-6.83690911529863,0.903214687185685,-5.8257053518652,0.826008229874658,1.42104175208273,6.93833282730231,-0.925411688279999,0.16712544833393,1.42104175208273,5.58641393165724,-6.33130723358192,0.864611458530172,1.42104175208273,7.19396609009779,-0.944929553328568,0.16861565759656,1.42104175208273,5.78283169022693,3.06463282276973,0.0784742613027646,-0.472377990535915,-7.41353096392902,-6.86230329445417,1.97500016683002,6.2540425174752,-5.6544920426052,0.753981177600935,-4.17334823869471,0.600794006804562,4.44779995,0.11506318,-0.874,0.02638894,90.2487783723562,-130.942313615875,1267.98569970561,0.0534322362751214,0.0372919008271435,6.87697512518986,0.133959066518436,-0.932305021166676,-901.399746584139,-902.992535046579,-913.321120087748,-915.378114605618,2.02787248437914,-931.373721135281,2.52383957879511,1852.35473629712,1863.80867252212,NA,2405.02908579535,0.467150900469867,0.864145511499448
"680",-5.86,0.79,-5.86,0.83,1.359326,9.604077,-1.1484446,0.2002995,35,35,-4.89300079107606,0.778831878735079,-6.03913865555632,0.876404902118889,1.3092295457385,6.16991385274306,-0.733642864343817,0.156083122422453,1.3092295457385,8.99510620466692,-5.46606972331619,0.827618390426984,1.3092295457385,6.49832185384192,-0.761600898506818,0.158463246145517,1.3092295457385,9.22448180612151,2.68401691991691,0.075367804921656,-0.434122204171414,-6.21066322593908,-6.77548626605161,1.8668414457758,10.8314867038159,-3.52031391269631,0.566567284516085,-4.28996615653952,0.624126362486768,3.28280478,0.09615074,-0.781,0.0246563,94.0645303487438,-138.57381756865,1232.46880784577,0.251139870214664,0.219893470107815,6.76452429345087,0.151881117982477,-0.969580840158974,-898.095980653797,-899.653884853953,-922.439086464455,-924.027346414741,1.56051777535181,-934.697377662666,1.71879869531245,1845.74720443643,1882.04460527554,NA,2326.36379812289,0.437052492090417,0.969942470784545
"681",-5.86,0.79,-5.86,0.83,1.359326,9.604077,-1.1484446,0.2002995,35,35,-5.3447239828778,0.806509094180564,-5.27268438633825,0.804944451133878,1.52708514369936,6.02409980626421,-0.527355804147287,0.106071162345525,1.52708514369936,8.65158189238966,-5.30870418460803,0.805726772657221,1.52708514369936,6.02539723213161,-0.527383983210739,0.106071774372491,1.52708514369936,8.65383931674629,2.40782942972079,0.0684126906506431,-0.391535835141604,-6.49749273014448,-6.4347748719947,1.95323504872083,12.3443366863088,-3.41795792574803,0.51669370252643,-3.82447776960343,0.596209425239584,2.50305477,0.05585642,-0.629,0.0282789,69.7999010773432,-90.044559025849,1255.94817168737,0.669983001178084,0.596976275782646,7.61718273808891,0.16912978960636,-1.09006055549412,-925.913692339652,-925.923446661613,-957.701801226497,-957.718171727194,0.0159046317963191,-949.9924182894,0.0179588241881754,1901.38262780814,1952.57003479962,NA,2421.8517843489,0.396869239260282,1.06868478175642
"682",-5.86,0.79,-5.86,0.83,1.359326,9.604077,-1.1484446,0.2002995,35,35,-5.82219760383713,0.829283084994282,-5.47592187004061,0.758333845884986,1.42783148507549,12.9861850007181,-1.43961349659857,0.229487947626447,1.42783148507549,11.1801700934188,-5.64905973693887,0.793808465439634,1.42783148507549,13.0161617216722,-1.44575549655729,0.230746396258994,1.42783148507549,11.1915841392238,3.10883522660473,0.0783951110777562,-0.475324430929824,-6.83928480705702,-6.91570628035235,2.23756077887357,12.0832248001769,-4.15480750872265,0.589121427149937,-3.52322691922171,0.482406230669335,6.47870327,0.10230827,-0.839,0.02774194,64.8842364439977,-80.213229759158,1343.72212046702,0.602899962325262,0.524572733792614,9.4819180415564,0.212227230418892,-1.3680084479353,-935.367342032526,-935.527320859627,-957.524955250983,-957.590521582987,0.0637228469546206,-982.5961133326,0.0237404052908946,1920.28992719389,1952.21634284859,NA,2607.23101117488,0.469343327971524,1.31506267701013
"683",-5.86,0.79,-5.86,0.83,1.359326,9.604077,-1.1484446,0.2002995,35,35,-5.09253560306451,0.676458524868658,-5.19166826176284,0.719755655600101,1.53985413600644,10.7845615462311,-1.20480340011248,0.192318777555816,1.53985413600644,8.50878280137928,-5.14210193241367,0.69810709023438,1.53985413600644,10.7870183672362,-1.20587644003333,0.19278743793821,1.53985413600644,8.52582152637367,2.58571234441612,0.0588606376719678,-0.374125103994157,-7.02011198913002,-6.86129154692083,2.3811872572427,9.2155525329215,-3.36850609849735,0.449272858698249,-3.28820063383815,0.462235858922317,5.35464528,0.12192002,-0.86,0.03027923,46.9147653651403,-44.2742876014432,1278.25057576896,0.868737740051699,0.845276297618299,8.40137636921717,0.157171793098576,-1.10635159126741,-938.445183738258,-938.575057945083,-958.69847794476,-958.823798234863,0.121848750131343,-989.178584036672,0.123396929134273,1926.44561060535,1954.56338823615,NA,2512.22686393647,0.370217193338159,1.07663721680064
"684",-5.86,0.79,-5.86,0.83,1.359326,9.604077,-1.1484446,0.2002995,35,35,-6.24956143003992,0.83351798525817,-5.71865215715973,0.839664427069165,1.37017696267079,7.19389993508128,-0.783766814059089,0.151265679947871,1.37017696267079,9.21700557611178,-5.98410679359982,0.836591206163667,1.37017696267079,7.26436609908881,-0.78295101332092,0.151275124634605,1.37017696267079,9.42275357484877,2.94403282462552,0.0768877594456013,-0.458075627128523,-7.24141819335191,-6.67389001067542,1.89756089503744,11.6154830770051,-4.65032962899339,0.620642350322254,-3.79904125190262,0.555740872646023,3.9382087,0.07868959,-0.762,0.02529311,91.2280204195672,-132.900797710297,1298.87790325656,0.306424290076221,0.260186167449769,7.63593149696331,0.164113616122946,-1.07243723306234,-909.950630739485,-910.771965126166,-935.12390527279,-936.519545299034,1.36937029248835,-940.941735797543,1.60111387093129,1869.45650460781,1907.41424289221,NA,2464.85500880282,0.456333406777304,1.06216734355016
"685",-5.86,0.79,-5.86,0.83,1.359326,9.604077,-1.1484446,0.2002995,35,35,-6.36906174871596,0.862751266380016,-6.25541345512751,0.914447600611347,1.47428013515019,6.43681387351187,-0.826768671138121,0.143558698968426,1.47428013515019,4.85647793570922,-6.31223760192174,0.888599433495682,1.47428013515019,6.44004285717077,-0.82529987109558,0.144226826711666,1.47428013515019,4.96602183010776,1.64040032585482,0.0452390602360497,-0.258312608945333,-7.18675418779469,-6.76511251230671,1.93842736681857,5.83107111188184,-4.62937653629577,0.63001867476105,-4.85556964822826,0.707868326304158,4.45020814,0.08377025,-0.876,0.02949694,70.4276269787804,-91.3000108287234,1232.09736761939,0.422382482976852,0.401879106101168,6.71703494807639,0.15498122570892,-0.994304942967734,-902.31330500404,-903.203799562936,-914.10987597254,-915.407112972257,1.27192228859624,-924.691600400264,1.59770164850163,1854.18185313692,1865.38618429171,NA,2372.89472441006,0.280662455605312,0.909544078832987
"686",-5.86,0.79,-5.86,0.83,1.359326,9.604077,-1.1484446,0.2002995,35,35,-5.91704958711075,0.88251675106591,-5.53112161414486,0.791529474699853,1.16996845316939,8.61965019768156,-0.982700103511986,0.157848031951709,1.16996845316939,8.71728842512046,-5.72408560062781,0.837023112882882,1.16996845316939,8.65688529776095,-0.991478737295397,0.159917703066838,1.16996845316939,8.75124979504236,3.34177382073318,0.0875549687268154,-0.520870721402619,-6.6169843831417,-6.77313505800428,1.72254439675977,9.89171184576643,-4.28178671466036,0.639354421719501,-4.51838182063166,0.651627215492327,6.3563746,0.119826,-0.872,0.0236133,98.779542786588,-148.003842444339,1221.14610749659,0.874462151929428,0.856210637025889,5.01863458909216,0.11319716738571,-0.731605324957442,-873.57249374653,-873.992253787457,-892.912656445447,-893.156875942467,0.237656129329193,-912.091567485079,0.154656481386535,1796.7002306219,1822.99174523752,NA,2294.28837254885,0.518973496718638,0.681201293175979
"687",-5.86,0.79,-5.86,0.83,1.359326,9.604077,-1.1484446,0.2002995,35,35,-5.7432908088864,0.687811637686413,-5.30368153056587,0.730692902463457,1.36980796512832,11.6533545494502,-1.51052061098518,0.245441272128502,1.36980796512832,7.6398234859214,-5.52348616972613,0.709252270074935,1.36980796512832,11.7016686288466,-1.50580786051965,0.245900972845722,1.36980796512832,7.9514266743812,3.84303257841371,0.0975983235949443,-0.59688512211473,-7.60322828662661,-6.90814352914131,2.3489551377854,6.63583495586577,-3.96614167091396,0.480255225123286,-3.87943191584234,0.536016747003331,7.42849984,0.16835072,-0.927,0.02904484,58.9928556404881,-68.4304681521388,1275.45647220698,0.235842107333457,0.209778070431151,7.13718889976537,0.13422356636412,-0.926612380600974,-912.409110751385,-914.102579293341,-923.320918812984,-925.801072839325,2.45248260566831,-975.652510209545,3.2054664534997,1874.37346463161,1883.8082699726,NA,2482.48247626181,0.555785000232946,0.976149556726527
"688",-5.86,0.79,-5.86,0.83,1.359326,9.604077,-1.1484446,0.2002995,35,35,-4.45109377413702,0.642114264271179,-6.60167246774493,0.911445580521813,1.45178250990233,9.26077570361585,-1.14735742936063,0.208445251911146,1.45178250990233,8.48029493610884,-5.52638312094098,0.776779922396496,1.45178250990233,10.417022882966,-1.29216197692313,0.226580091389471,1.45178250990233,8.77099747242724,3.07386754780062,0.0798680404250351,-0.481657197014079,-6.58328437758442,-7.12925678378541,2.27083389520947,8.85051114021458,-3.08855578067938,0.451651900274213,-4.52302439190799,0.627454604217878,5.61866286,0.14206798,-0.862,0.02708373,67.2692839901462,-84.983324851455,1275.34811532288,0.13392481414716,0.0950510074441186,8.2922366343992,0.163878644453622,-1.12500942070986,-926.36584131211,-929.517803390983,-944.059030234003,-946.1732492706,2.08514319468682,-976.279242483336,1.58578466704009,1902.28692575306,1925.28449281463,NA,2465.71290579431,0.457101347307133,1.07613704978808
"689",-5.86,0.79,-5.86,0.83,1.359326,9.604077,-1.1484446,0.2002995,35,35,-7.04805138846489,0.969516045218474,-5.94835620749317,0.876491039736335,1.35812823221235,10.4316672577997,-1.16390178474095,0.20231346245263,1.35812823221235,10.9735039122871,-6.49820379797903,0.923003542477405,1.35812823221235,10.7339996305628,-1.18947657230059,0.204476875363868,1.35812823221235,11.1793631348788,3.10461561458182,0.0758158947122795,-0.468232877387884,-7.22966690272594,-6.68419063235353,1.98160228787964,12.9119752541646,-5.09629628413246,0.69515803095094,-4.11408824375921,0.606026442036752,7.12755306,0.15914169,-0.839,0.02292105,99.0389181413036,-148.52259315377,1369.7497733766,0.378324240711432,0.357898465698422,8.39272486175554,0.169823118042639,-1.15707056148922,-920.89150750275,-921.846163844931,-944.064941080554,-945.25821511367,1.16911701359806,-954.983040880905,1.28437958734632,1891.33825813434,1925.29631450774,NA,2590.97695359943,0.453919753671047,1.08205343878964
"690",-5.86,0.79,-5.86,0.83,1.359326,9.604077,-1.1484446,0.2002995,35,35,-5.45896078497561,0.787008143727982,-7.08500132180111,0.904867861915374,1.40067873119704,9.9978277356173,-1.28029373084926,0.216601292145463,1.40067873119704,7.44850718113681,-6.27198105338836,0.845938002821678,1.40067873119704,10.6588296924672,-1.32820490070714,0.220074020438266,1.40067873119704,8.00374045229283,3.55440035984248,0.097993165080137,-0.56989165510281,-6.72791114878147,-7.65177398318373,2.12313505209097,7.67377990295957,-4.02769560411465,0.584906526951979,-4.87017998921006,0.616224374530349,5.47658678,0.1141094,-0.892,0.02644685,86.4007004336503,-123.246157738463,1297.81485878021,0.0642705104566372,0.0568394326595313,9.64157040997087,0.194915965706337,-1.31083637002817,-914.253837094152,-917.385129768364,-927.213611675563,-931.669135195465,4.46893890590611,-955.349524397752,5.51538630182514,1878.06291731714,1891.59365569775,NA,2472.38355982196,0.56898050224389,1.31016409245438
"691",-5.86,0.79,-5.86,0.83,1.359326,9.604077,-1.1484446,0.2002995,35,35,-5.81214635361909,0.842136450500356,-6.61126531132934,0.976793443703962,1.46528445638774,9.23853598666793,-1.21102065223161,0.211240743470752,1.46528445638774,6.79105028435251,-6.21170583247421,0.909464947102159,1.46528445638774,9.39818376381091,-1.23792239124593,0.21577386992541,1.46528445638774,6.81855779702413,1.86604755037086,0.0484520328539813,-0.287813430509913,-6.75265653121678,-6.7495239685849,2.12895478606566,7.27224141938332,-3.78727172536537,0.548404927616964,-4.93077021932116,0.73257066346572,3.5670856,0.07527359,-0.845,0.03053401,62.0197955627087,-74.4843479965801,1238.75514779653,0.172259640009614,0.125378904168438,10.2817438443865,0.235892423159082,-1.51128283284248,-920.274261982489,-920.81161840234,-932.590279546249,-932.83699014528,0.240084557717013,-954.361205243142,6.63066136540815e-05,1890.10376709382,1902.34699143913,NA,2403.02594759647,0.294377732182593,1.41163155654551
"692",-5.86,0.79,-5.86,0.83,1.359326,9.604077,-1.1484446,0.2002995,35,35,-6.9003315193108,0.967258869017217,-6.00891130978685,0.841612757181707,1.51508410632546,9.03699792899003,-1.27863999640065,0.237125551205952,1.51508410632546,6.51530742402464,-6.45462141454882,0.904435813099462,1.51508410632546,9.23565542647695,-1.30664086723521,0.241072287560798,1.51508410632546,6.55025011589903,3.54831067202714,0.0872523723117923,-0.542310072641791,-7.09539470528988,-6.95254151666103,2.25649214187975,6.5522763849624,-4.89568802707095,0.68798165201691,-4.27828683715076,0.608296776766149,5.71777946,0.15207298,-0.904,0.02898203,64.1712186705894,-78.7871942123414,1291.87370095481,0.701391835066587,0.681418122547658,8.18140614314329,0.171582637272476,-1.14799179910827,-927.530244947696,-928.094259762409,-938.256199920792,-938.580913136458,0.316168443071578,-965.428404342968,0.142500089876509,1904.61573302423,1913.67883218821,NA,2504.96020769728,0.501147212022065,1.07448760666176
"693",-5.86,0.79,-5.86,0.83,1.359326,9.604077,-1.1484446,0.2002995,35,35,-6.69424777847401,0.862732981816512,-4.56870162637273,0.789609949150907,1.37269489095417,9.02669457961004,-1.20780762554098,0.240708679365021,1.37269489095417,9.66432761858124,-5.63147470242337,0.826171465483709,1.37269489095417,10.1561811907882,-1.24666422071907,0.242045423841575,1.37269489095417,11.4933350241353,4.0435855297086,0.0919475928905005,-0.590013084572827,-7.5120491522506,-5.82215110673751,2.17946227817561,9.8400255080263,-4.97518573013042,0.632110044820807,-3.23841565302029,0.556396463094566,5.18056239,0.11601593,-0.841,0.02410807,98.0345721694265,-146.513901210016,1311.54326041728,0.000292905394129397,0.00027506852079484,8.94991817923054,0.198408688745578,-1.21252047203346,-920.307994265153,-927.843400772762,-938.573273509596,-949.653643489399,11.662479626092,-969.567623812455,14.3842859464008,1890.17123165914,1914.31297936582,NA,2476.57261962455,0.55857105235655,1.50995598737286
"694",-5.86,0.79,-5.86,0.83,1.359326,9.604077,-1.1484446,0.2002995,35,35,-5.98913076067968,0.788157247200162,-6.24386865558938,0.87293893412318,1.39090840987097,5.57582574986977,-0.760285638404412,0.171275099999662,1.39090840987097,7.62710634747147,-6.11649970813453,0.830548090661671,1.39090840987097,5.59204859864553,-0.765684915517828,0.17307208360904,1.39090840987097,7.67802540652779,3.22267605879427,0.0957101297746717,-0.541130093128424,-7.25123506335159,-7.00086560651522,1.98884172547239,8.83636949439336,-4.37989281895839,0.573612861979431,-4.5615754589236,0.637871616149781,3.11582457,0.09214639,-0.797,0.02525228,99.5803737072391,-149.605504285641,1293.14896997553,0.687033292690184,0.705045949016702,7.02972456543274,0.158394748262083,-1.01484705545767,-905.66877225825,-906.010151252743,-926.963002742739,-927.374943486233,0.401350797865648,-943.743258726988,0.381306842457536,1860.89278764534,1891.09243783211,NA,2436.69243566543,0.532092669401143,0.989297711790611
"695",-5.86,0.79,-5.86,0.83,1.359326,9.604077,-1.1484446,0.2002995,35,35,-5.47387119256009,0.788917054542899,-6.27417232883486,0.894957849160006,1.39709200311774,4.49882527053486,-0.44633490692137,0.0875083626376651,1.39709200311774,6.28523653179562,-5.87402176069747,0.841937451851453,1.39709200311774,4.65894574771554,-0.467551049027258,0.0903195251684219,1.39709200311774,6.32091380573806,2.08856551429803,0.0540544588365094,-0.324827163124312,-6.73144875969917,-6.89998628180181,1.73875926308072,9.00907292512161,-4.1221293103399,0.59348197847861,-4.33609545894453,0.629209026192578,3.35678553,0.08347794,-0.8,0.02816481,72.6519608189876,-95.7486785091379,1219.5470343206,0.937414162447175,0.910886111145463,6.0180980932278,0.122011888362289,-0.834213599397394,-891.199444197474,-891.950859329399,-916.215644048814,-916.557611519382,0.333009726931666,-911.429189327208,0.194225773727431,1831.95413152378,1869.59772044426,NA,2343.34539013206,0.316468766716093,0.762504466524206
"696",-5.86,0.79,-5.86,0.83,1.359326,9.604077,-1.1484446,0.2002995,35,35,-4.97530519493482,0.654403991227069,-5.69863589511213,0.856819211927231,1.29256205112442,8.2098937232715,-1.03270180514593,0.178608863066923,1.29256205112442,7.30582095122889,-5.33697054502348,0.75561160157715,1.29256205112442,8.34069554872626,-1.06930509097483,0.188851843459696,1.29256205112442,7.53393518728283,3.53464944086104,0.0802261446049534,-0.518977912271164,-7.03427678538937,-6.55166997958393,2.02914815666128,7.37961886699656,-3.55953593963148,0.467970401099598,-4.5337730029432,0.689629484871294,5.00279058,0.1110718,-0.853,0.02572279,84.0871641262448,-118.619085123652,1207.30241587119,0.0569095311657376,0.0451279384867991,5.72654030964497,0.140038545480166,-0.863740803508199,-891.696183085555,-893.812031230403,-906.340294499031,-908.236874616059,1.86757794837526,-943.048905439739,1.63003084207447,1832.94760929995,1849.84702134469,NA,2295.98574661873,0.473656645541029,0.840071235766953
"697",-5.86,0.79,-5.86,0.83,1.359326,9.604077,-1.1484446,0.2002995,35,35,-5.11261133051132,0.70888253326892,-6.40459357531433,0.91808703300432,1.2537348807578,7.81742314549081,-0.967363494697758,0.191378627326618,1.2537348807578,9.96573122646188,-5.75860245291282,0.81348478313662,1.2537348807578,8.23472767571237,-1.03493561949552,0.202320258004003,1.2537348807578,10.0447638779037,3.98168941840858,0.107369299498544,-0.637115278439077,-6.84701386488266,-6.89260983607144,1.95633495892452,10.6748618259421,-3.82687299498544,0.532294642396638,-4.60603470770005,0.671051329322882,4.63876731,0.11882154,-0.835,0.02354988,100.894673285969,-152.2341034431,1271.94591398118,0.441208711012102,0.430862281722355,6.61292019996396,0.146192180920731,-0.939291843481746,-896.94252025467,-898.46489689003,-918.315251204192,-918.817948608387,0.490092287240734,-945.703047108105,0.0108319073722105,1843.44028363818,1873.79693475501,NA,2391.65772451926,0.604084424139174,0.944423967107313
"698",-5.86,0.79,-5.86,0.83,1.359326,9.604077,-1.1484446,0.2002995,35,35,-4.88049390292708,0.657399837560145,-5.76547807017768,0.788798040970818,1.49916809380663,11.423363071351,-1.32431188715963,0.197894912596323,1.49916809380663,7.4016956062003,-5.32298598655238,0.723098939265482,1.49916809380663,11.6191623154221,-1.35338321956554,0.202211284561211,1.49916809380663,7.43338035164053,3.30805208457864,0.0901177119610744,-0.529346332848594,-6.92161701616376,-7.0237646893821,2.32556285606815,7.67468322928261,-2.92026367720209,0.396401115317445,-4.0587032098521,0.549528622811728,4.14186958,0.08738902,-0.839,0.03115378,49.3490960679453,-49.1429490070532,1248.53738976367,0.241876874218473,0.189732588996629,10.5421744730511,0.208708987249963,-1.450938505859,-926.824808720248,-927.359718614026,-943.473265087194,-943.736754816037,0.25644379312499,-977.664903714784,0.0615491714902583,1903.20486056933,1924.11296252102,NA,2447.93183052028,0.516312629962224,1.29538269594903
"699",-5.86,0.79,-5.86,0.83,1.359326,9.604077,-1.1484446,0.2002995,35,35,-6.4970716376767,0.939024919668696,-6.29216770318368,0.876703620041394,1.2431609856374,6.93510130402839,-0.786906836157202,0.167879916979029,1.2431609856374,11.1038597279916,-6.39461967043019,0.907864269855045,1.2431609856374,6.94559770962107,-0.79009930603129,0.168850903075838,1.2431609856374,11.1302896839548,2.40318503589052,0.0633711485058211,-0.372340602428272,-6.86034538778047,-7.02673562959588,1.76865539293674,13.6247574140478,-4.48665249774408,0.644739380621701,-4.50200398393291,0.642685252883379,2.17209207,0.07884663,-0.672,0.02372292,110.363947511837,-171.172651894836,1318.19477302083,0.996422290329617,0.995295477321346,9.54121778221153,0.197613628556586,-1.32622337082851,-895.822255465726,-895.995227860262,-923.15263128956,-923.305316462825,0.148484619442905,-928.878734734233,0.127371063059548,1841.19975406029,1883.47169492575,NA,2465.21689414683,0.38817116618595,1.26132831918688
"700",-5.86,0.79,-5.86,0.83,1.359326,9.604077,-1.1484446,0.2002995,35,35,-5.1433290125117,0.7713073335483,-6.11798747312805,0.867895035116142,1.31315943979372,8.0728194247414,-0.931619938634112,0.172276401616795,1.31315943979372,9.39415286985743,-5.63065824281987,0.819601184332221,1.31315943979372,8.31030920345415,-0.955154943765258,0.174608697640335,1.31315943979372,9.51613615480494,2.5107406090496,0.0635497066304578,-0.385694878068743,-6.50582074047239,-6.90503466912901,1.92699448847542,10.895342301883,-3.36284215024245,0.500271936002953,-4.45969643884698,0.640269738897599,3.54555341,0.08874336,-0.786,0.02809167,68.8018665689874,-88.0484900091374,1255.08001069273,0.229356874873001,0.211113231642187,8.75013117521766,0.185012019365167,-1.23072196797366,-903.853412486329,-904.689604682397,-925.913745758016,-926.73046587137,0.798031689574769,-942.655598151825,0.827372184141636,1857.2620681015,1888.99392386266,NA,2422.11153137633,0.375910113295377,1.16190994194273
"701",-5.86,0.79,-5.86,0.83,1.359326,9.604077,-1.1484446,0.2002995,35,35,-6.77867120780508,0.921214813101551,-5.06500805051271,0.658146602211605,1.33229513808464,8.24079697924777,-0.943508504739243,0.151251234754881,1.33229513808464,7.22756356968325,-5.92183962915889,0.789680707656578,1.33229513808464,8.97495733341309,-1.05621107995347,0.16855245565009,1.33229513808464,7.35707507076307,1.92509260833865,0.0467934675061821,-0.283543210591213,-7.24805296411795,-7.10168213319614,1.9628255635464,8.12035225593915,-5.39543849157836,0.730974420297903,-3.15186088522893,0.403773251700672,3.23672205,0.06490263,-0.781,0.02675965,90.0993463264631,-130.643449524089,1266.20887395369,0.00235950019023515,0.00116636554648013,10.3838858064373,0.213675072024138,-1.4643682809652,-895.057564066478,-897.667319816599,-913.095441315467,-914.188740912014,1.07039976037119,-937.872013292965,0.142417290796959,1839.67037126179,1863.35731497756,NA,2401.77429838329,0.303812655008884,1.27081589584825
"702",-5.86,0.79,-5.86,0.83,1.359326,9.604077,-1.1484446,0.2002995,35,35,-5.29557441894759,0.732308710530827,-5.92483416873208,0.884900834280156,1.41169569335887,8.32129771665051,-0.957745966495688,0.148629581141749,1.41169569335887,6.35281491375069,-5.61020429383983,0.808604772405492,1.41169569335887,8.42028967482523,-0.981750986898085,0.154450670199332,1.41169569335887,6.43801112761478,2.38810702147909,0.0581396920621722,-0.351945964188883,-6.89040985118,-6.61056521390132,1.97791314832279,7.44610361381304,-3.68232535579652,0.50779146791267,-4.30409916304707,0.647192244511282,5.64178197,0.1093534,-0.906,0.03053318,54.1309732497308,-58.7067033706242,1202.35457107387,0.232761335516657,0.192625439999668,6.45650563012594,0.145354127028299,-0.932071154954641,-902.82373243908,-904.092651355038,-919.409649066489,-920.216067979252,0.787908115560405,-937.059933351632,0.557849844962164,1855.202708007,1875.98573047961,NA,2346.00243877711,0.377556819113191,0.906734444586363
"703",-5.86,0.79,-5.86,0.83,1.359326,9.604077,-1.1484446,0.2002995,35,35,-6.61642253491338,0.946027518505238,-5.81035680132592,0.826296351016913,1.45963016336034,8.4466097616871,-0.960152836659279,0.170882867469002,1.45963016336034,8.40544200348621,-6.21338966811965,0.886161934761076,1.45963016336034,8.60904525340306,-0.984280634497967,0.174466755586031,1.45963016336034,8.43242469115392,3.65342676929709,0.0936845274475428,-0.566425096433689,-6.93797661321023,-6.84523819270638,2.01501134875564,10.394049012602,-4.7117196073478,0.6916262734713,-4.00918335625479,0.582725036767402,3.16219534,0.08357137,-0.763,0.02684066,81.8805619025319,-114.205880676226,1296.26856973997,0.528870300988971,0.501636991037989,9.95034865178178,0.200818950219028,-1.37236261871711,-923.625732967191,-924.156196057597,-944.824930612887,-945.025461751479,0.195080971284991,-952.091156105827,0.0445769932132189,1896.80670906322,1926.8162935724,NA,2478.33125880371,0.546520199148143,1.27249977279586
"704",-5.86,0.79,-5.86,0.83,1.359326,9.604077,-1.1484446,0.2002995,35,35,-5.33273153530914,0.639825527189658,-5.45481492801787,0.845812869050186,1.53172910808683,12.1939901027273,-1.58164002956859,0.254122924678162,1.53172910808683,6.8857136889708,-5.39377323166351,0.742819198119922,1.53172910808683,12.1977161914211,-1.58792693795594,0.264730620929854,1.53172910808683,7.64495889836631,3.82494250557671,0.0835863333282913,-0.547746942248467,-7.47855784203218,-6.37342195524181,2.51217229900174,6.20799121506741,-4.22915413293016,0.525751956245523,-3.93584274463043,0.606501255357507,6.72203167,0.11894432,-0.911,0.03182391,45.7567482705001,-41.9582534121628,1266.00853363979,0.00852527403452152,0.00782376583080744,7.87705313485412,0.199912702543946,-1.18186151547862,-934.089936014985,-939.247789521334,-944.300894424083,-950.735548957247,6.54711498226264,-990.092761795903,8.0262864279772,1917.73511515881,1925.76822119479,NA,2490.05881386741,0.51389991257081,1.29494842289033
"705",-5.86,0.79,-5.86,0.83,1.359326,9.604077,-1.1484446,0.2002995,35,35,-6.95777938125038,0.873021688047799,-5.35890853225832,0.694816704079681,1.30839089832431,8.38538950710242,-1.03940380112232,0.194705512614056,1.30839089832431,9.11101024015845,-6.15834395675435,0.78391919606374,1.30839089832431,9.02448650504157,-1.11063548962525,0.202644766691825,1.30839089832431,9.35792508112388,2.19285185972617,0.0575350747454833,-0.342183476416773,-7.71428330570756,-7.17711163712716,2.04722355089698,9.59395928229457,-4.98651454143513,0.629124629106741,-3.9548597338549,0.521073641861499,6.3266388,0.1440157,-0.901,0.0245535,98.457236717082,-147.359230305327,1343.16574512389,0.311851158238611,0.310133699170983,7.33910186224402,0.134937021430695,-0.932830992258652,-904.071511206387,-906.140092681537,-923.089152749888,-924.778041500015,1.66058670566491,-953.428524747257,1.58325034474231,1857.69826554161,1883.3447378464,NA,2538.97225994245,0.34036405489873,1.03073535687024
"706",-5.86,0.79,-5.86,0.83,1.359326,9.604077,-1.1484446,0.2002995,35,35,-6.77696815869188,0.931336903369199,-6.61957344110159,0.842834803687211,1.59642541013493,8.41401399713074,-0.825544780256159,0.128339751267106,1.59642541013493,7.58262127597364,-6.69827079989674,0.887085853528205,1.59642541013493,8.42020727141207,-0.829027221002557,0.130297906679136,1.59642541013493,7.66851047076109,2.179769232943,0.0547724059492658,-0.330551319555,-7.18604512048152,-7.55592301112472,2.02030446301539,10.6441965559356,-4.72870172498875,0.638603426824393,-5.07082748427239,0.654663393034179,5.37945513,0.08506042,-0.834,0.02290351,117.136953073078,-184.718663017318,1367.30673934534,0.762864574883349,0.730721029514622,8.8317550423067,0.174711078253939,-1.19945441183964,-934.931428498164,-935.645753249997,-960.364555397941,-961.061587152302,0.680499005810325,-953.493972945396,0.692049811787386,1919.41810012516,1957.89554314251,NA,2549.89481567337,0.33633679696815,1.14411184281391
"707",-5.86,0.79,-5.86,0.83,1.359326,9.604077,-1.1484446,0.2002995,35,35,-6.74094982395299,0.874447163767688,-5.47359985575035,0.790948948803897,1.16797172298259,8.81748992890719,-0.832220575080307,0.135028288347179,1.16797172298259,12.0972373516415,-6.10727483985167,0.832698056285792,1.16797172298259,9.21903391438301,-0.858675940100144,0.136771276322714,1.16797172298259,12.5545538271882,3.06329691132667,0.0763750048697681,-0.468051678485702,-7.48896113294115,-6.7190719226753,1.65619292949401,15.3179873678983,-5.13094154087356,0.669913287863021,-3.64665917972008,0.520288404775826,4.64592419,0.09823484,-0.743,0.01899136,147.122959735576,-244.690676342315,1343.76022373299,0.0931540102372124,0.075676023772297,8.55033843489897,0.151300930620784,-1.10620500677769,-882.331478788279,-883.904178441165,-913.388798797592,-915.791286150099,2.37435724055791,-916.617042292493,2.60991226862205,1814.2182007054,1863.94402994181,NA,2442.82977112367,0.449802158744467,1.03329737284378
"708",-5.86,0.79,-5.86,0.83,1.359326,9.604077,-1.1484446,0.2002995,35,35,-6.71482680502215,0.853780932221571,-4.81400944880045,0.65126992849933,1.46796596406963,8.13689103038005,-1.02184946975487,0.206773569226958,1.46796596406963,9.12120539180459,-5.7644181269113,0.752525430360451,1.46796596406963,9.04016768580846,-1.11808357743015,0.217026245884106,1.46796596406963,9.47063409611345,2.46295509858913,0.0685684254605787,-0.396924241075627,-7.5859621737652,-6.89165297398605,2.2925366560777,9.71779140271266,-4.7769320480533,0.607899872189502,-3.23932534182124,0.446474978608084,4.79767493,0.13058944,-0.831,0.02408731,99.1587026294845,-148.762162130132,1353.86853857444,0.059609050554691,0.0486292583492833,8.70099805767021,0.161158616926014,-1.12937693891239,-930.284389539399,-933.240762624964,-951.354222382072,-953.730149751534,2.34766028088342,-981.56299414302,2.33470069345584,1910.12402220764,1939.87487711077,NA,2558.97491501875,0.397135063404117,1.15173585555179
"709",-5.86,0.79,-5.86,0.83,1.359326,9.604077,-1.1484446,0.2002995,35,35,-7.12067605139385,0.885895892402323,-6.32434699600488,0.888375188466129,1.42082766865297,8.35993541643688,-0.949945522456834,0.165451131643497,1.42082766865297,8.21217548574216,-6.72251152369937,0.887135540434226,1.42082766865297,8.51847040755104,-0.949451938583704,0.16545266837074,1.42082766865297,8.61733479337799,4.29256828139818,0.110623326607582,-0.677067183878458,-7.80047879776222,-6.98937873799208,1.94884423355962,10.1940226923531,-5.2824102467768,0.663480266832535,-4.74505273144379,0.673405160750518,7.65154743,0.18054192,-0.907,0.02143293,122.023129903562,-194.491016678287,1367.36023032108,0.14186588554117,0.132406071134085,6.62697003100476,0.112865869247742,-0.809197563225851,-916.135722001928,-917.937319813034,-936.770397403097,-939.783277645526,2.9906977957462,-943.291120987769,3.58866167638905,1881.82668713269,1910.70722715282,NA,2540.22944396388,0.606987539102283,0.913929334573348
"710",-5.86,0.79,-5.86,0.83,1.359326,9.604077,-1.1484446,0.2002995,35,35,-7.08096882342037,0.984640408453803,-4.66484258566044,0.661990207213067,1.40782498095112,11.7173808585158,-1.25785525930693,0.183239880459511,1.40782498095112,9.19579890349054,-5.87290570454041,0.823315307833435,1.40782498095112,13.1767973577138,-1.45274616351599,0.209265668549683,1.40782498095112,9.51172563965564,3.3935165887167,0.0938429218506039,-0.550408592152264,-7.17247729525398,-6.67861746435411,2.12042577077726,10.3383418222147,-5.42854901678662,0.764680576814589,-3.19710304975224,0.463810637389679,6.5319117,0.1035538,-0.875,0.0281837,65.6472212362407,-81.7391993436441,1301.90559456454,0.0200121811840492,0.0155231550769296,9.6375550969983,0.192348810315887,-1.32096670182145,-919.250528736082,-922.760026320977,-941.619441640553,-943.755533530831,2.10704607481732,-964.412674932814,1.20720700984695,1888.056300601,1920.40531562773,NA,2522.07198978544,0.523783317807195,1.22959143014202
"711",-5.86,0.79,-5.86,0.83,1.359326,9.604077,-1.1484446,0.2002995,35,35,-4.78625177458302,0.641254627589351,-6.80969090035197,0.93348806924866,1.48824598453523,6.46877024645706,-0.449888625247478,0.0781786969785286,1.48824598453523,9.59900576674935,-5.79797133746749,0.787371348419005,1.48824598453523,7.49234672038021,-0.597717770175367,0.0995287930845399,1.48824598453523,9.77341858367886,2.2999460836874,0.05976323703304,-0.356853872365459,-6.92356387093272,-7.20595177248857,1.91713944763644,13.9543908850426,-2.91491122183961,0.377385511880258,-5.1291753021596,0.713964492708347,3.34515759,0.07904772,-0.711,0.02654994,83.1944958378432,-116.833748546849,1337.2549222079,0.00273967587759964,0.00209409682768173,9.89051652780715,0.184312969988465,-1.30787880642635,-919.30144244341,-923.819574021145,-957.944662908658,-959.087178892584,1.11897962999636,-949.409434912871,0.330991394002066,1888.15812801566,1953.05575816394,NA,2557.67609586896,0.35550061224016,1.23546586686993
"712",-5.86,0.79,-5.86,0.83,1.359326,9.604077,-1.1484446,0.2002995,35,35,-6.03406730072089,0.847080080132576,-5.20468006388817,0.78023600827016,1.28302979924731,10.1925580241033,-1.08526011382312,0.175211066849089,1.28302979924731,10.7077266171039,-5.61937368230453,0.813658044201368,1.28302979924731,10.3645288212586,-1.09912001883827,0.176328099334876,1.28302979924731,10.842238048027,3.08061850068776,0.0759613123294846,-0.469561706256865,-6.94512461223194,-6.51397705832751,1.90841836364461,12.4376075204347,-4.32608419237063,0.605481540678577,-3.6047613635997,0.543511175796966,4.10060306,0.07228236,-0.759,0.02673274,78.291681028015,-107.028118927193,1281.88389443667,0.481804890149161,0.459756588799706,9.08323683509406,0.190258806868893,-1.27390733157162,-904.220929306048,-904.796255940345,-928.557268902098,-929.356922124033,0.781259898006559,-944.549217229706,0.862587728147184,1857.99710174093,1894.28097015082,NA,2456.73966994614,0.443234345069616,1.19154029271079
"713",-5.86,0.79,-5.86,0.83,1.359326,9.604077,-1.1484446,0.2002995,35,35,-5.89396402375816,0.751964554148269,-6.47168021652517,0.91964259491571,1.35803162863776,9.30162764469243,-1.32595097241154,0.260713776672437,1.35803162863776,8.8101518987671,-6.18282212014167,0.83580357453199,1.35803162863776,9.38506664453874,-1.35016855224224,0.267742758011339,1.35803162863776,8.97050676422472,2.79649394057715,0.0785522137682168,-0.453365260536759,-7.37169502605683,-6.95042884194668,2.2312975982871,8.2554537890902,-3.54482888684873,0.4442212816171,-4.59337474769676,0.661165825609119,3.71352607,0.1228029,-0.833,0.02576561,89.1013262532862,-128.647409377735,1315.51981067991,0.14096936119786,0.113713800438707,10.9903128482206,0.234568648756049,-1.55860192012161,-915.614279341311,-916.626455345455,-930.098022567023,-931.232978351202,1.11151498607164,-969.795243677844,1.02259801243777,1880.78380181146,1897.36247748067,NA,2502.39221198209,0.451790784767621,1.44557139024868
"714",-5.86,0.79,-5.86,0.83,1.359326,9.604077,-1.1484446,0.2002995,35,35,-6.18208113281127,0.769123637987712,-5.32564542164934,0.798756011643691,1.41024458257264,8.18006012989984,-0.909055731765838,0.162928225268609,1.41024458257264,8.7984357708435,-5.75386327723031,0.783939824815701,1.41024458257264,8.3634306617382,-0.902711176014469,0.163147744660731,1.41024458257264,9.46187675322621,2.25108788110928,0.0608932518546116,-0.350174178680529,-7.55758275384746,-6.524605028407,2.0320130594924,10.4809297946663,-4.07072296407651,0.50437932371218,-3.89654672661521,0.591735776089591,4.76037587,0.10738025,-0.823,0.02465971,93.897098372299,-138.238953615761,1305.03409271936,0.0703562393923318,0.0719908518988537,7.55271715380347,0.14926853005348,-0.994406183063304,-916.621710109565,-919.320424695884,-939.257446590783,-943.84350406262,4.60420294188864,-954.415543946263,5.4428368796402,1882.79866334797,1915.68132552819,NA,2471.82923182297,0.382633370690448,1.09521732955582
"715",-5.86,0.79,-5.86,0.83,1.359326,9.604077,-1.1484446,0.2002995,35,35,-5.74872920392703,0.756782566774393,-4.57254798267015,0.632950044056682,1.26377196353783,7.58473951417714,-1.01448811669369,0.197515323196972,1.26377196353783,8.33348213720777,-5.16063859329859,0.694866305415538,1.26377196353783,7.93059008048648,-1.05090048864405,0.20134894661763,1.26377196353783,8.49353025372732,2.95084180375113,0.0837514648587689,-0.478661069798013,-7.19775573375548,-6.75933663873197,2.13630392973179,7.80742852271812,-4.30163324136552,0.57285538356136,-3.2964731561447,0.45513775788754,5.4551448,0.15588337,-0.882,0.02293116,103.609728084494,-157.664213040151,1230.52154735227,0.295237557883145,0.266553335005726,5.49326492805921,0.104160047598408,-0.723929522769861,-892.382931123794,-893.745511897982,-908.987166155567,-910.177332477478,1.16604625833519,-957.399638362878,1.21566445150307,1834.32110537643,1855.14076465776,NA,2303.37888166439,0.489405507861984,0.72403679852609
"716",-5.86,0.79,-5.86,0.83,1.359326,9.604077,-1.1484446,0.2002995,35,35,-5.9271247981517,0.786493435988809,-5.83257366700118,0.847165930531935,1.4973477247691,7.01801670038115,-0.845244323412499,0.14612463768111,1.4973477247691,5.85374187062016,-5.87984923257644,0.816829683260372,1.4973477247691,7.02025167948162,-0.843810160165305,0.147044925579631,1.4973477247691,5.98072819444597,3.3238704550925,0.0826307280639244,-0.507836315690382,-7.19914165747673,-6.74311950404834,2.03249149595429,7.08344765463262,-4.49364557338106,0.603902084485705,-3.93900600943984,0.581622827287222,4.4791914,0.1014655,-0.884,0.031641,52.3055756981314,-55.0559082674254,1238.53926084279,0.272260513377818,0.253041691092011,6.80025352381193,0.138959457284494,-0.926859447019635,-913.197506200827,-914.079772669047,-928.920877670397,-930.205970960339,1.2599059292226,-942.19281047896,1.50623757027053,1875.95025553049,1895.00818768742,NA,2422.02261341816,0.484348191203095,0.938826724771686
"717",-5.86,0.79,-5.86,0.83,1.359326,9.604077,-1.1484446,0.2002995,35,35,-5.86026484226535,0.775110689497917,-5.66857144200216,0.871550251029131,1.29561378846914,9.24506465350582,-0.951253166028835,0.152267840463352,1.29561378846914,10.0003037391137,-5.76441814213375,0.823330470263524,1.29561378846914,9.25425124343193,-0.946631459161379,0.154592987720436,1.29561378846914,10.412790487157,2.4760980657072,0.0688012738927648,-0.400353455228233,-7.20009715967193,-6.43384180745307,1.84619235922921,12.2713537882952,-3.82119563016612,0.508096199131529,-4.43416257870007,0.679124752160419,4.33947692,0.08628303,-0.794,0.02537435,88.7919157627013,-128.028588396565,1279.60572391067,0.102499572774778,0.0858364467682449,8.00362458745087,0.164308599006088,-1.09232065813636,-901.016386565517,-902.872567872351,-926.585698169294,-929.162525146033,2.54984767077043,-935.991863244997,2.85168681392288,1851.58801625987,1890.33782868522,NA,2431.18285942478,0.39216174008525,1.11152743972988
"718",-5.86,0.79,-5.86,0.83,1.359326,9.604077,-1.1484446,0.2002995,35,35,-5.45225703597275,0.825303560539847,-5.77067280747996,0.808139337352387,1.4098320118557,7.15235097991858,-0.968054377692626,0.19767403191202,1.4098320118557,7.78523256167392,-5.61146492172635,0.816721448946117,1.4098320118557,7.17769813080471,-0.966688037850486,0.197747684551427,1.4098320118557,7.89553069222597,3.1701311126081,0.0816619977174042,-0.488310897769992,-6.49305321611136,-6.91372898778665,2.09533596277428,8.47202780341138,-3.59534890170285,0.537926868802929,-4.25690985089726,0.597651668775455,3.52580522,0.07989777,-0.823,0.02948701,63.0550413000284,-76.5548394712194,1231.64006817526,0.449958088581758,0.407398300662289,7.65123830871865,0.192314356491909,-1.15922219382825,-913.750117150212,-914.298442773169,-931.545221248844,-932.418596361289,0.853736406507835,-955.201793370943,1.0610731630469,1877.05547742926,1900.25687484432,NA,2386.7252968793,0.492202536225825,1.18547534741032
"719",-5.86,0.79,-5.86,0.83,1.359326,9.604077,-1.1484446,0.2002995,35,35,-6.14482975861533,0.800676803002745,-5.9166836173439,0.832164845525118,1.29395101499108,10.3621897052813,-1.21982282865367,0.18646112932843,1.29395101499108,7.89661569912434,-6.03075668797961,0.816420824263932,1.29395101499108,10.3752023707255,-1.21802685980425,0.186709003533902,1.29395101499108,8.01519902416927,3.00093256171445,0.0798131896462774,-0.47538922068609,-7.33234578749855,-6.9166020370337,1.94707189621794,8.45752640920482,-4.34904088370094,0.575587381572451,-4.15445029382959,0.581640141875197,4.40931877,0.08016649,-0.85,0.02887049,69.9696436987928,-90.3840442687482,1265.70632389077,0.712507849983259,0.700605245388445,9.21638177482378,0.185161122035041,-1.27212670269993,-895.203888781953,-895.854199185449,-911.413430750781,-912.340299876973,0.906374555871771,-937.168291549438,1.11696321195088,1839.96302069274,1859.99329384819,NA,2441.02860351279,0.45587974389234,1.16144640374361
"720",-5.86,0.79,-5.86,0.83,1.359326,9.604077,-1.1484446,0.2002995,35,35,-5.63280848546693,0.828798565973943,-5.66725640255845,0.767979022032373,1.46209037339565,10.3004262332967,-1.25945330636037,0.219491131141244,1.46209037339565,8.71758121151274,-5.65003244401269,0.798388794003158,1.46209037339565,10.3007228980447,-1.25892952970856,0.220415885372559,1.46209037339565,8.81742880908053,4.00988003693973,0.109076442698986,-0.648732268958976,-6.65278232763112,-7.04957734926449,2.23567336639889,9.31075960828887,-4.51791314412269,0.670198006389932,-3.66972621438342,0.497376798173093,5.41628153,0.11290403,-0.822,0.02667445,73.9034655957281,-98.2516880626188,1296.45429946879,0.251410810664359,0.193495834348576,7.90023613935419,0.179141889789112,-1.15286230728809,-930.288144849901,-930.790827876323,-947.522910846661,-948.238486900894,0.69869615564068,-974.054364268513,0.812793788638506,1910.13153282864,1932.21225403995,NA,2494.65691087496,0.596410659060007,1.08291137304239
"721",-5.86,0.79,-5.86,0.83,1.359326,9.604077,-1.1484446,0.2002995,35,35,-5.41265535619627,0.776413123455467,-5.19340016454818,0.696840389047024,1.33043045425948,8.33267750632795,-0.829726681520086,0.1481269491159,1.33043045425948,10.7334436033178,-5.30302776037222,0.736626756251246,1.33043045425948,8.34469571609411,-0.834088365303259,0.14970990413121,1.33043045425948,10.7867254558475,2.14127452741765,0.0633355703232687,-0.357269200139039,-6.74472810911436,-6.99954667805017,1.97959561239563,12.7689980612412,-3.15522481541477,0.460665588342378,-3.54217765807999,0.484755605121921,3.01640947,0.08987632,-0.754,0.02666165,77.4825454932787,-105.40984785772,1269.8394226762,0.670167254273793,0.654347255569204,9.71329214756887,0.175011645529602,-1.25610526487918,-909.020277138441,-909.392326688659,-937.599026927348,-937.916179074334,0.308789652425258,-954.373249420731,0.283485131023449,1867.59579740572,1912.36448620132,NA,2434.26899749469,0.358101893708788,1.22569267426738
"722",-5.86,0.79,-5.86,0.83,1.359326,9.604077,-1.1484446,0.2002995,35,35,-5.27987750358336,0.77420116719857,-5.65246671186561,0.803547331541499,1.3993800455824,9.87163308137606,-1.17586184319263,0.193686503994982,1.3993800455824,8.07221172837252,-5.46617210772448,0.788874249370034,1.3993800455824,9.90633876090815,-1.17859535922729,0.193901803335393,1.3993800455824,8.09803149965298,3.23879261541858,0.0809547792317753,-0.495954619833247,-6.62512851949254,-6.82288087452108,2.10603290407514,8.75671724848896,-3.7507986538253,0.554766525674008,-4.32226188704817,0.607604821858969,7.02553107,0.12142313,-0.898,0.02800076,64.672954300642,-79.7906654724466,1243.76881895329,0.687392081850741,0.659078298327127,5.93568838754397,0.145820870110442,-0.894314975974154,-915.07416257658,-915.215409315375,-931.972189167337,-932.171128189061,0.19352992408458,-957.485820344244,0.226475599718982,1879.703568282,1901.1108106813,NA,2407.74697243414,0.474681570487154,0.885048339174677
"723",-5.86,0.79,-5.86,0.83,1.359326,9.604077,-1.1484446,0.2002995,35,35,-5.91489165415799,0.806339648295076,-5.48540230308654,0.788498204109271,1.30051388325517,7.07775310787383,-0.954629633858433,0.221752018566397,1.30051388325517,11.1340073590654,-5.70014697862227,0.797418926202173,1.30051388325517,7.12386838354477,-0.956545311429817,0.221831597849056,1.30051388325517,11.2048296398931,2.16200153442344,0.060203133336031,-0.340296205892822,-7.06866991616294,-6.74547527272333,2.07945353705981,11.6561118137737,-4.04963034403051,0.544434667097671,-3.71900771544861,0.5425979053426,2.94863664,0.10605544,-0.744,0.02488345,93.8372149347063,-138.119186740575,1314.76804352855,0.601101265777344,0.608388346541924,8.50999203212049,0.192474418505148,-1.2284715230338,-909.193067230444,-909.516881387327,-934.376796677331,-934.784176343866,0.396894031277067,-963.480548348227,0.472308482941618,1867.94137758972,1905.92002570129,NA,2491.41690031653,0.379684642335427,1.20943028746153
"724",-5.86,0.79,-5.86,0.83,1.359326,9.604077,-1.1484446,0.2002995,35,35,-4.53173401228417,0.594297094686374,-5.38911510371813,0.807843849170223,1.37901838784068,4.23559177682818,-0.406669006058174,0.0885200400668152,1.37901838784068,6.99674947875904,-4.96042455800115,0.701070471928298,1.37901838784068,4.41936736081531,-0.452441743416059,0.0999205941544616,1.37901838784068,7.17945392207274,2.55980272615216,0.0636868283322573,-0.386233285773325,-6.94880693847781,-6.53393172615073,1.93989215822143,8.84719315637215,-3.50451692161583,0.469490117225169,-3.91063265721095,0.584067401233169,2.71512602,0.04138884,-0.686,0.03232949,48.8928715299932,-48.2304999311489,1200.7653269887,0.26057004182148,0.221149735616417,5.47342933945646,0.139641239791971,-0.838290869895256,-891.516735105283,-894.048798445596,-919.548464909436,-921.129782181032,1.55361902712247,-937.676341055593,1.07223972314168,1832.5887133394,1876.2633621655,NA,2353.30015404625,0.392292265404556,0.846589322274023
"725",-5.86,0.79,-5.86,0.83,1.359326,9.604077,-1.1484446,0.2002995,35,35,-5.85334030932409,0.779662764512862,-5.15602666932159,0.759087720528972,1.23905866380723,9.65670580635794,-1.19291085761401,0.185058103950823,1.23905866380723,7.00871579916956,-5.50468348932284,0.769375242520917,1.23905866380723,9.77826738449134,-1.19649767231742,0.185163937059558,1.23905866380723,7.24273937196343,2.29628913272367,0.0588658756515519,-0.35121694688566,-7.16605254173124,-6.59131968958446,1.94534358090183,6.87382170166878,-3.90087643718787,0.514523266444561,-3.74456794406812,0.550116675700877,4.85686112,0.09518208,-0.896,0.02920451,66.1227024598904,-82.6901617909435,1191.96337276073,0.294831657944211,0.29408357492239,7.35527084007126,0.155481534297534,-1.03416362578015,-880.658607834145,-881.955488518159,-893.43323847909,-895.449400402924,1.98703554340544,-930.536364850289,2.56623907668184,1810.87245879713,1824.03290930481,NA,2301.23658373052,0.361447664677485,0.977491513610569
"726",-5.86,0.79,-5.86,0.83,1.359326,9.604077,-1.1484446,0.2002995,35,35,-5.11321342156789,0.607707441753746,-4.67034107348963,0.563698282697244,1.39137614565801,9.57914480282476,-0.946504297742579,0.15249774789819,1.39137614565801,10.3167394281534,-4.89177724752876,0.585702862225495,1.39137614565801,9.62817878199781,-0.951376907644652,0.152981949418406,1.39137614565801,10.3403621368307,2.91254574307803,0.0806524224039174,-0.466759088364194,-7.45039097012713,-7.26971380346564,2.35330369886644,10.6385378607564,-3.27948632795436,0.396020683632024,-3.43701229534527,0.427206420093039,4.02578218,0.08857767,-0.766,0.02666834,79.4280344588775,-109.300825788918,1329.07067671501,0.951264800489824,0.953771557448465,8.28701667949375,0.140303194478024,-1.0325912779209,-918.287582801378,-918.428118002286,-946.041547020001,-946.187513634649,0.141944082061511,-990.857086708937,0.141832939288304,1886.13040873159,1929.24952638663,NA,2548.84052764111,0.472710492213486,1.05101702562432
"727",-5.86,0.79,-5.86,0.83,1.359326,9.604077,-1.1484446,0.2002995,35,35,-6.42045458481213,0.860852275411632,-5.90618872717224,0.888718820745737,1.24039632313428,10.1500448774458,-1.25061693710775,0.230434328797769,1.24039632313428,11.322864750956,-6.16332165599218,0.874785548078685,1.24039632313428,10.2161622205294,-1.24703423389882,0.230628464884983,1.24039632313428,11.6507180449863,4.11407117893139,0.112763769743766,-0.668465579603864,-7.24946072067895,-6.56917319695919,1.97025474245324,11.8070400821218,-4.18143456347823,0.554110496318326,-3.93128082678102,0.597426134937239,3.56694903,0.10327996,-0.778,0.02419517,99.2742203744775,-148.993197620118,1321.54312259011,0.287517646098106,0.253216838116268,10.9127050644154,0.229221333319766,-1.5257835798026,-904.09453698155,-905.200906956995,-923.862414715107,-925.700440866649,1.80915918859927,-950.679604278887,2.18253302278008,1857.74431709194,1884.89126177684,NA,2494.09304756011,0.614529342182598,1.45959210310773
"728",-5.86,0.79,-5.86,0.83,1.359326,9.604077,-1.1484446,0.2002995,35,35,-6.5569581616221,0.771980658394369,-6.48572871581092,0.922247777908769,1.40085246377773,10.8040122541137,-1.45697104447798,0.257994319312054,1.40085246377773,8.13555223666189,-6.52134343871651,0.847114218151569,1.40085246377773,10.8052806626013,-1.45429518356632,0.263639371113843,1.40085246377773,8.75482441452831,3.35883247223139,0.0778665215121343,-0.494104509552268,-7.91543839438606,-6.94895633510251,2.25133200959808,7.70921274217385,-4.37357212477263,0.509773003222553,-4.60664735187057,0.650709754886482,6.73470241,0.17654767,-0.912,0.02385254,103.14051403532,-156.725784941802,1363.91170611243,0.0529512362421096,0.048637823093627,9.34023026132492,0.188155817853707,-1.25609716989165,-920.827153818011,-923.991063787616,-932.716869862364,-937.308053210022,4.60951970981276,-969.856131417184,5.66912599521135,1891.20955076486,1902.60017207136,NA,2571.09762728307,0.472422115663957,1.31090258534511
"729",-5.86,0.79,-5.86,0.83,1.359326,9.604077,-1.1484446,0.2002995,35,35,-4.84399469850317,0.615617087620295,-6.00072617131866,0.882892724856362,1.5805294597126,7.24972109817146,-0.881458771927621,0.148461513769249,1.5805294597126,5.30002493352361,-5.42236043491091,0.749254906238328,1.5805294597126,7.58422802322194,-0.958750307304565,0.166320580334235,1.5805294597126,5.50553214174483,2.81810993932641,0.0669992315533663,-0.421208206376169,-7.13404862376709,-6.69842101279676,2.2596772493564,5.94554474503535,-3.53130642171348,0.452807926600153,-4.35903823948141,0.64068086563879,4.45536826,0.0694877,-0.888,0.03383566,43.1231049107644,-36.6909666926914,1214.41950535999,0.0313387272539644,0.0227580229914064,7.31352891600417,0.191584600701871,-1.13815319196811,-922.148271864408,-925.358866545958,-936.269806184015,-938.516758763257,2.21816426228442,-962.842783926517,1.43888150936877,1893.85178685765,1909.70604471466,NA,2392.14804402729,0.397613099346322,1.142056149248
"730",-5.86,0.79,-5.86,0.83,1.359326,9.604077,-1.1484446,0.2002995,35,35,-5.2449553911806,0.689780828309942,-4.93651661628071,0.68779294974098,1.66531379405241,9.31937340466888,-0.939098288910194,0.168111171063233,1.66531379405241,9.50727804933335,-5.09073600373065,0.688786889025461,1.66531379405241,9.34315702413432,-0.939251573617811,0.168112158978534,1.66531379405241,9.5535045120668,2.50694732622058,0.0671855514076661,-0.401425594900584,-7.09316094075291,-6.79656543196393,2.45046156939059,11.3820058597574,-3.61676151183952,0.478480730737541,-3.19891449124646,0.451918669504631,5.94289621,0.12907082,-0.829,0.03069611,39.9969261791441,-30.4386092294508,1343.12500711212,0.741562208256432,0.727491396791257,6.88514864932589,0.131353921745267,-0.894423637046749,-957.671874114346,-957.850314663634,-984.877977582525,-985.185265080346,0.299164012898107,-1002.93614962046,0.345014383631603,1964.89899135753,2006.92238751168,NA,2655.81140499479,0.372648404845299,0.969353802651339
"731",-5.86,0.79,-5.86,0.83,1.359326,9.604077,-1.1484446,0.2002995,35,35,-6.44115440070727,0.86680218953873,-5.02389273811973,0.680185508531967,1.29371569768885,10.7372772932869,-1.42118651249383,0.227755876463167,1.29371569768885,6.67080819190584,-5.7325235694135,0.773493849035349,1.29371569768885,11.239434948347,-1.48730767939138,0.236462322870662,1.29371569768885,6.79373550489028,4.46952832798656,0.120129337404721,-0.719487826587356,-7.234712487863,-6.92926471995011,2.14642928022693,5.75757208539412,-4.34301490228444,0.586247643351834,-3.55062622442949,0.487484568067589,5.9734296,0.1581684,-0.933,0.0288151,65.0168825888454,-80.4785220488535,1216.12195158933,0.493810893716435,0.459968467832664,8.23814883401615,0.145288540956679,-1.06922421617101,-892.371868657146,-893.66153297404,-900.991443529821,-902.104323847774,1.08972315221784,-949.285496689551,0.765444314910161,1834.29898044313,1839.14931940627,NA,2351.76538112981,0.65544580658494,0.97487139042394
"732",-5.86,0.79,-5.86,0.83,1.359326,9.604077,-1.1484446,0.2002995,35,35,-5.77257443798317,0.84247041906169,-4.93221699234539,0.662997720017232,1.33512517936807,11.4347572840227,-1.41173176228435,0.23486124455895,1.33512517936807,9.29612129055876,-5.35239571516428,0.752734069539461,1.33512517936807,11.6113074431324,-1.44943706701703,0.242913856984526,1.33512517936807,9.38407424423306,3.34496319321078,0.0872484756047726,-0.522723902492259,-6.71109491731342,-6.93998937046574,2.23610029278975,8.83070609270198,-3.70411062032156,0.554218547112576,-3.36344059003629,0.444487693782259,4.41445172,0.11094907,-0.857,0.02881508,60.9265457172652,-72.297848305693,1242.16898360842,0.336907746480512,0.346075615890041,9.77103460040635,0.201411230555773,-1.35472368317047,-913.746898399727,-914.795698754231,-929.314727230455,-929.910151376051,0.580879020465322,-972.432442886767,0.283623039929708,1877.04903992829,1895.79588680754,NA,2412.04011891114,0.508124182196908,1.28950876090849
"733",-5.86,0.79,-5.86,0.83,1.359326,9.604077,-1.1484446,0.2002995,35,35,-5.25658909754405,0.602407544000739,-5.66370399524238,0.72238779078337,1.36024956645163,6.59489621553589,-0.709080403472973,0.119672572581885,1.36024956645163,6.94096594813645,-5.46014654639321,0.662397667392055,1.36024956645163,6.63633185051787,-0.721291839946656,0.123271387486391,1.36024956645163,7.02538758649901,3.11274288762185,0.0841540833309014,-0.495189446194241,-7.62534206546215,-7.31764570009559,2.06326016208347,7.78001513725708,-3.66486806218607,0.414574482169194,-3.78993741577023,0.486969531341917,3.44314705,0.07361007,-0.823,0.02666429,91.900244955125,-134.245246781413,1286.53500464189,0.382075482318712,0.369542702278048,7.21983894140009,0.135346158697854,-0.94682774201199,-894.233408740087,-895.177787627302,-915.701031911953,-916.441284812523,0.722918527311045,-948.767012895805,0.621931331827848,1838.02206060901,1868.56849617053,NA,2438.82476250237,0.486646817700476,0.944573386566839
"734",-5.86,0.79,-5.86,0.83,1.359326,9.604077,-1.1484446,0.2002995,35,35,-5.73702642405224,0.703432007876493,-5.21364107915575,0.791706676958359,1.35584282069829,8.77391630943272,-0.950190251448901,0.150469177232723,1.35584282069829,8.19593553824336,-5.475333751604,0.747569342417426,1.35584282069829,8.84239936424583,-0.938639834418142,0.152417281533102,1.35584282069829,8.91926794227713,2.3432101813874,0.0634988859707617,-0.368582573735175,-7.50390177828023,-6.45459879781359,1.99630548754897,9.47205342929961,-3.9666518060298,0.488424697246561,-3.66362772958904,0.550692698028419,4.3231326,0.07714529,-0.828,0.02823208,72.2493415655227,-94.9434400022081,1260.95503110989,0.0528789416263166,0.0477490851508579,8.24091633812142,0.171151277457992,-1.1221624709808,-903.595785661673,-907.086662195201,-925.176893939192,-930.477120711335,5.34873295596108,-946.852798777842,6.26743623807387,1856.74681445218,1887.52022022501,NA,2426.96662221756,0.384608871886099,1.18544632963932
"735",-5.86,0.79,-5.86,0.83,1.359326,9.604077,-1.1484446,0.2002995,35,35,-5.44242753934617,0.686141057483423,-6.65658231930278,0.942693456706263,1.3535966738394,8.88542132123275,-1.09862138311627,0.179697669414573,1.3535966738394,6.79921438725929,-6.04950492932448,0.814417257094843,1.3535966738394,9.25396427865563,-1.17649496357271,0.196152452801322,1.3535966738394,6.97114375253384,2.18931376352971,0.0631208087007656,-0.353977765756907,-7.31231790164007,-6.99799987504337,2.0368921347994,7.13273246617705,-4.08988465431915,0.521600660716357,-5.09577284014046,0.723340348557114,6.65595423,0.1330894,-0.901,0.02506218,91.9374708383149,-134.319698547792,1261.18747678574,0.123150538065977,0.0963771594265006,6.75523595196119,0.153155274992332,-0.98499133739149,-899.492406292844,-902.079650491754,-913.238978789379,-914.765327437252,1.49902237047977,-942.935444806735,0.709710159955782,1848.54005571452,1863.64438992539,NA,2388.05525502368,0.383102782240469,0.928571893097569
"736",-5.86,0.79,-5.86,0.83,1.359326,9.604077,-1.1484446,0.2002995,35,35,-5.52399981936247,0.668349114952132,-4.87962020583806,0.71737954174072,1.40086333642269,7.14225535719516,-0.799124129873368,0.158648836823933,1.40086333642269,9.13048486002965,-5.20181001260027,0.692864328346426,1.40086333642269,7.24606162877664,-0.791225578007128,0.159249832511701,1.40086333642269,9.68209455083185,2.55115049562509,0.0773308191611454,-0.430616915061784,-7.49988997124016,-6.56339976250371,2.15227915699842,10.2259287474569,-3.72071729522658,0.453570114516324,-3.70513553630309,0.530983571377207,4.81627564,0.08495278,-0.833,0.03077804,51.4681379702786,-53.3810328117198,1292.75172910898,0.195167095103612,0.177661375149377,6.73658615694719,0.161070343549169,-0.96472537289826,-915.220392947147,-917.379045531683,-939.955059213474,-943.666441881888,3.70263215362426,-967.716998851247,4.31949088834708,1879.99602902313,1917.07655077358,NA,2532.12242540625,0.437533871432024,1.12506094301543
"737",-5.86,0.79,-5.86,0.83,1.359326,9.604077,-1.1484446,0.2002995,35,35,-6.10112672182213,0.812350524347834,-5.64187131486638,0.827839113994799,1.36227994081372,9.16166699932766,-1.21190638316096,0.228153012911036,1.36227994081372,8.73257990127685,-5.87149901834425,0.820094819171316,1.36227994081372,9.21439588153219,-1.21012807852559,0.228212987013349,1.36227994081372,8.92835291670549,3.53664633197001,0.0839419111257554,-0.529117832411748,-7.21909373973801,-6.66756132364508,2.1344284385734,8.88476914173203,-3.98255754549558,0.524115691976365,-3.74205046152288,0.556060723919037,4.3287847,0.11302105,-0.842,0.02851984,64.112885545451,-78.6705279620647,1281.83636888337,0.344260646101221,0.329793864846229,9.07002242468745,0.195067966059622,-1.28077583663704,-914.411930620344,-915.287832685397,-930.307544164249,-931.701635091633,1.36783516643934,-961.223440478032,1.71569828781675,1878.37910436953,1897.78152067513,NA,2485.00220980468,0.494815562580808,1.23744972304066
"738",-5.86,0.79,-5.86,0.83,1.359326,9.604077,-1.1484446,0.2002995,35,35,-6.1904268049762,0.740009950168642,-4.77590575033248,0.682878307094308,1.32209945713353,6.54596098947725,-0.778034206611891,0.160485945319554,1.32209945713353,8.94609477639133,-5.48316627765434,0.711444128631475,1.32209945713353,7.04617844298485,-0.798237684615651,0.161301951479647,1.32209945713353,9.71518894497273,3.30046993271543,0.0927107620874272,-0.537562721198306,-7.73938024429485,-6.66523473514342,2.04679988098205,9.80908668349101,-4.63321588011317,0.569496521003101,-3.42107508034899,0.496518536089228,3.58613076,0.07769416,-0.786,0.02405079,106.385360008756,-163.215476888675,1297.64740579112,0.0313095558617513,0.030028849363434,7.26994873665316,0.142027090429984,-0.941216850046252,-901.020717143615,-904.567813707638,-924.491618400853,-929.705377518918,5.25818470860279,-954.081428420295,6.20595772424173,1851.59667741607,1886.14966914833,NA,2432.07933469357,0.523775040308071,1.0885772302661
"739",-5.86,0.79,-5.86,0.83,1.359326,9.604077,-1.1484446,0.2002995,35,35,-5.70497110871177,0.769149350181981,-5.78539849219452,0.864935210149871,1.30242165489767,12.4551048707135,-1.7591823158684,0.309534647389277,1.30242165489767,8.77838329438175,-5.74518480045314,0.817042280165926,1.30242165489767,12.456722011717,-1.76110826739137,0.311828380131725,1.30242165489767,8.95550238194897,3.06687812451299,0.0806401755474468,-0.484970145096545,-7.08031954314803,-6.59007955943117,2.32562187892205,7.02600274181079,-3.82888536984391,0.51130526495902,-4.46889252959234,0.675203847397273,7.54587422,0.17564441,-0.921,0.02569168,77.9757952165613,-106.396347304285,1246.80210190986,0.166091995305967,0.165205193052684,6.96717065645486,0.168635382100256,-1.03197423086829,-910.826268389332,-911.75056453901,-919.627281730608,-920.883868423682,1.2317064684395,-974.950844870893,1.53223723337434,1871.2077799075,1876.42099580784,NA,2387.20785651544,0.454465939025625,1.06615889748592
"740",-5.86,0.79,-5.86,0.83,1.359326,9.604077,-1.1484446,0.2002995,35,35,-6.53738417092855,0.893818638813728,-6.73811522821464,0.882842539471971,1.3212114838091,8.79038308212448,-0.961927827533386,0.158214239142033,1.3212114838091,8.86425714191194,-6.6377496995716,0.88833058914285,1.3212114838091,8.80045632146428,-0.96137701652695,0.158244357831224,1.3212114838091,8.91136307041498,3.29148225874423,0.0891330691298004,-0.52403451139128,-7.16998524434538,-7.43610906122648,1.82707323578781,11.0035697992239,-4.77901114388355,0.650720855862457,-4.50796364945676,0.599663195666272,4.27710404,0.11481332,-0.843,0.02411336,104.00270748833,-158.450171847823,1334.30620605028,0.894995585475615,0.886497708022087,9.81633443300074,0.173838850776696,-1.27442407574198,-901.759966913233,-901.963161433553,-923.748660747988,-924.082144218682,0.324728268142638,-929.927288035138,0.384280255493798,1853.0751769553,1884.6637538426,NA,2510.16224025273,0.515362101526426,1.17162130244191
"741",-5.86,0.79,-5.86,0.83,1.359326,9.604077,-1.1484446,0.2002995,35,35,-6.31581810507399,0.891617002065827,-5.8239685321568,0.796589832893593,1.30709525395354,11.6372006294932,-1.43385319165604,0.244314264816021,1.30709525395354,10.2944880893446,-6.0698933186154,0.84410341747971,1.30709525395354,11.6976796300879,-1.44553795979926,0.246571805536244,1.30709525395354,10.3135370428448,2.76710025403664,0.0783129071010045,-0.453258375513443,-6.96153596051769,-7.03583367136587,2.10975494826003,10.3165414305132,-5.27675267736289,0.747832522669374,-3.65404944697405,0.495323128577141,7.12082609,0.14140472,-0.888,0.02354088,98.4560255314892,-147.356807934141,1305.0291608144,0.0992602047579486,0.082327953244643,8.32617853242233,0.18706545096998,-1.19823723018189,-913.793236358177,-914.052675494376,-930.59471055905,-930.712671066681,0.114686812519889,-963.109265333732,0.0275138962778592,1877.14171584519,1898.35585346473,NA,2462.70151369466,0.438661166815838,1.17748231782488
"742",-5.86,0.79,-5.86,0.83,1.359326,9.604077,-1.1484446,0.2002995,35,35,-6.13755939748822,0.770377618773052,-6.38236623819629,0.892135488033191,1.43597702077781,8.64526541049828,-1.15271516253686,0.233968963634053,1.43597702077781,9.28396461723012,-6.25996281784226,0.831256553403122,1.43597702077781,8.66024800781265,-1.16016695236309,0.237675208315745,1.43597702077781,9.44764914852165,1.99037973987025,0.0531099153371616,-0.305599539563517,-7.50559012549772,-7.02499508841495,2.22463263680751,9.76101679742657,-4.58609093827737,0.578952969198094,-4.72034015568808,0.666533852527065,5.32588883,0.1328434,-0.811,0.02272667,110.314282622427,-171.073322116017,1375.65766802739,0.438719317264021,0.435591458377784,7.95718528619136,0.178663513027588,-1.1481163885159,-928.071474252337,-928.879892872595,-947.073030410846,-948.178410379292,1.08232073350151,-974.337422715041,1.1481375244447,1905.69819163351,1931.31249316832,NA,2580.24201393876,0.341975607237134,1.11220095593263
"743",-5.86,0.79,-5.86,0.83,1.359326,9.604077,-1.1484446,0.2002995,35,35,-5.6958579609482,0.688490962418408,-6.38499597717449,0.837431083626179,1.25798956847178,10.2010426841439,-1.30990068530971,0.210137195196855,1.25798956847178,7.19320501333413,-6.04042696906135,0.762961023022293,1.25798956847178,10.3197704854959,-1.33556076022612,0.215682985123201,1.25798956847178,7.25972049268442,3.0371717631338,0.0827208964664528,-0.485212599735104,-7.55174819772391,-7.35353951300162,2.06359738992692,6.56924111209277,-3.83756749097477,0.467130888291269,-4.37175154108031,0.571616318388874,4.3463998,0.09831767,-0.898,0.02601073,97.9696570272213,-146.384070925605,1275.06458774569,0.520247415425073,0.472119177923176,9.58043563402159,0.181938095660262,-1.27947342025423,-887.744700270038,-888.631037163459,-898.742384230969,-899.308375843763,0.55204923939519,-943.613567291543,0.299305716231456,1825.04464366891,1834.65120080857,NA,2403.74510456578,0.476749474868147,1.20293514846956
"744",-5.86,0.79,-5.86,0.83,1.359326,9.604077,-1.1484446,0.2002995,35,35,-6.76457300064768,0.950816812629457,-6.52795177687244,0.897780954886249,1.12607645797596,7.04074403301342,-0.633418926804058,0.134476464741308,1.12607645797596,14.3223157992453,-6.64626238876006,0.924298883757853,1.12607645797596,7.05474143389865,-0.636556279194851,0.135179665292947,1.12607645797596,14.332759961346,3.17110703930357,0.0864713447228949,-0.509598259685251,-7.05759370387718,-7.13694639645697,1.54362258877714,19.0769503147422,-5.52519282734072,0.787535974527736,-5.09277671678845,0.715172820424147,3.80762175,0.07820457,-0.637,0.01984116,140.611415184985,-231.667587241133,1393.55663176127,0.780391886500783,0.797343957308368,6.23730625301756,0.127748404841378,-0.853945243927712,-879.11171161355,-879.238315847012,-915.422763577127,-915.470461477537,0.0463508931781587,-906.627251677543,0.0241786154131861,1807.77866635594,1868.01195950088,NA,2555.4456762814,0.488052349741357,0.851265667741774
"745",-5.86,0.79,-5.86,0.83,1.359326,9.604077,-1.1484446,0.2002995,35,35,-6.08301648635866,0.85006569075833,-5.29250260824464,0.793326542721264,1.32276103101387,12.2964940200972,-1.30106851122771,0.214237058757657,1.32276103101387,13.0765669046193,-5.68775954730165,0.821696116739797,1.32276103101387,12.4527220679699,-1.31228178221663,0.21504189148765,1.32276103101387,13.2174071089601,3.04884831684705,0.0774631552059844,-0.471546739789872,-6.97628630234736,-6.52380958585945,2.05418118488754,14.6306259607394,-4.53125355422924,0.64121178265644,-3.62231651769799,0.532467580749638,8.33404561,0.13757454,-0.865,0.02294937,97.2482957367154,-144.941348344593,1351.03830389673,0.571893794473942,0.576327394057267,6.53128741451434,0.15099637540615,-0.933321457871944,-922.874302833764,-923.351030729299,-948.927390138868,-949.6242802772,0.68036005938605,-967.872951001418,0.758794747966846,1895.30384879636,1935.02121262436,NA,2557.13525944886,0.449023122627924,1.01635609087997
"746",-5.86,0.79,-5.86,0.83,1.359326,9.604077,-1.1484446,0.2002995,35,35,-5.74067028396002,0.76600776529808,-5.36945533843256,0.76649347418639,1.39048308016458,12.9171163844304,-1.50461701869799,0.238685351852808,1.39048308016458,10.2375263525389,-5.55506281119629,0.766250619742235,1.39048308016458,12.9515665183761,-1.50457194309836,0.238685410831089,1.39048308016458,10.3255987376784,3.36450490364438,0.0816707313009177,-0.510086691204657,-7.13473546818725,-6.76062679479003,2.25966267043031,10.3366727138701,-3.7103522447324,0.487378170688968,-3.88216148344852,0.549365191881584,4.55894032,0.10060666,-0.846,0.02853111,65.5262723528513,-81.4973015768652,1297.7886290164,0.659728786877932,0.616094232676135,9.90570919168446,0.194784872381407,-1.32875505977916,-926.785872345069,-927.121111854157,-945.392543890283,-945.939019455742,0.532939545733478,-979.989188413939,0.650149593763592,1903.12698781898,1927.95152012719,NA,2514.07995645593,0.474014148240695,1.32751059721586
"747",-5.86,0.79,-5.86,0.83,1.359326,9.604077,-1.1484446,0.2002995,35,35,-6.6762223270002,0.905544003668077,-5.87199833837015,0.836169695422988,1.26297902150341,12.1989862748472,-1.4536467203551,0.235451723785664,1.26297902150341,10.6231874882221,-6.27411033268517,0.870856849545532,1.26297902150341,12.3606803308192,-1.46759484107643,0.236654922446785,1.26297902150341,10.7375244172175,3.61932341471329,0.0882114953061744,-0.547920736887032,-7.23896671078529,-6.8480568987027,2.01365618165637,10.8741993964209,-4.79839251496804,0.664899130657308,-4.30143183133467,0.612069704281172,7.10771767,0.1491861,-0.871,0.02278432,101.846875520135,-154.138507911432,1320.79550027014,0.801428849192924,0.773999303612587,8.33067418943735,0.163111001555956,-1.13178994118984,-906.493172050043,-906.996566100432,-924.190965101626,-924.876188135266,0.668913856854382,-953.371014824118,0.760519663718221,1862.54158722892,1885.54836254988,NA,2487.45249262884,0.518589031669511,1.05092471644944
"748",-5.86,0.79,-5.86,0.83,1.359326,9.604077,-1.1484446,0.2002995,35,35,-6.26515039050857,0.836661098227481,-6.00526474324455,0.82616412795856,1.27417133146829,7.44667017861272,-1.06466911374288,0.217597857792284,1.27417133146829,8.34191398619734,-6.13520756687656,0.83141261309302,1.27417133146829,7.46355531602617,-1.06535111672104,0.217625404388491,1.27417133146829,8.36885120381302,2.84760071477942,0.0888472226939969,-0.487390930200049,-7.23828130009217,-7.04093388539135,2.00325928070427,8.31656969433462,-4.6636601038077,0.631669545944607,-4.43930576447226,0.614230106773641,4.6740287,0.14094475,-0.86,0.02232333,115.249634342777,-180.944025556717,1282.64469021047,0.901558194577824,0.890322324335618,6.65069043581068,0.137618851455754,-0.923026898704065,-894.902435240666,-895.054770646285,-911.058189753595,-911.259742871992,0.196076607060613,-943.612685004104,0.248322826927817,1839.36011361017,1859.28281185382,NA,2384.34535486422,0.50297997946266,0.882557509447332
"749",-5.86,0.79,-5.86,0.83,1.359326,9.604077,-1.1484446,0.2002995,35,35,-5.08272338486343,0.727777399174269,-5.77223266420372,0.81951096625666,1.27983875263721,7.80572743772894,-1.00217433390911,0.199014650175138,1.27983875263721,9.39040719912814,-5.42747802453358,0.773644182715464,1.27983875263721,7.92458319930302,-1.01798712034168,0.201118412007553,1.27983875263721,9.41899721332229,2.54278394189717,0.0583049011836805,-0.368026572398186,-6.70455519759162,-6.84753962213303,2.02761935732107,9.74063822869635,-3.87770689417436,0.55863774737161,-4.73935029373816,0.683481533592879,4.87907657,0.11388646,-0.796,0.02288529,104.172214938309,-158.789186747782,1255.88124893884,0.475621596346525,0.395305242233689,5.62179747906452,0.132165552836864,-0.834501216123145,-899.896944305783,-900.289668760398,-919.591544371563,-919.783890314113,0.187107293096802,-951.55237096348,0.111714078542987,1849.3491317404,1876.34952108975,NA,2352.97331112989,0.370335880029448,0.791403434189907
"750",-5.86,0.79,-5.86,0.83,1.359326,9.604077,-1.1484446,0.2002995,35,35,-5.53650638865819,0.728945993044377,-6.14232807853551,0.880086291330605,1.49119219578378,7.99595278629869,-1.15072803307238,0.235404579687106,1.49119219578378,7.59992438279856,-5.83941723359685,0.804516142187491,1.49119219578378,8.08770776628014,-1.17361905080146,0.241115427128619,1.49119219578378,7.68490659284187,2.94954663027947,0.0792648544026614,-0.46085773760986,-7.15137602150509,-6.8567429247398,2.3189022765842,7.61259939953491,-3.9379057415165,0.52576024606885,-4.57686563920111,0.654460046018841,4.75227364,0.1687403,-0.889,0.02442331,97.5312538590787,-145.50726458932,1281.59492339867,0.570727261463331,0.537317479426253,7.97132684977965,0.168905386836277,-1.12036622386897,-928.254606674591,-928.974660942866,-943.798723205139,-944.487049593134,0.671958266808037,-976.710807165301,0.51724145914052,1906.06445647802,1924.76387875691,NA,2417.68258220802,0.485342961153508,1.06731391394027
"751",-5.86,0.79,-5.86,0.83,1.359326,9.604077,-1.1484446,0.2002995,35,35,-5.56628524860516,0.780806656921279,-5.62186762766372,0.806929890604997,1.37301238079855,7.94693968002915,-0.772863581536336,0.119254655976314,1.37301238079855,8.3451096615855,-5.59407643813444,0.793868273763138,1.37301238079855,7.94771203024461,-0.773226579405548,0.119425261810837,1.37301238079855,8.35259387142045,2.99967742161803,0.0737689067486153,-0.456042923971068,-6.87218246604778,-6.77212937872304,1.85280129558216,10.9649281779754,-3.92917268037436,0.551183087372575,-3.96222099522581,0.568998533602355,5.52541166,0.10811826,-0.855,0.02697688,73.1097615290618,-96.6642799292861,1250.95231597981,0.954757498828872,0.948617596962652,5.94156153555894,0.117428216458587,-0.801532578341019,-902.769666762611,-902.832638583967,-929.386353863308,-929.442392265618,0.0544591007709716,-933.240354798489,0.0537364544252926,1855.09457665406,1895.93914007324,NA,2405.24035203034,0.432953780019434,0.788485574621551
"752",-5.86,0.79,-5.86,0.83,1.359326,9.604077,-1.1484446,0.2002995,35,35,-5.44231922007645,0.666303339898614,-5.16371909530935,0.72689285230534,1.44584064098326,7.74105557436563,-0.865418968190457,0.142836735245486,1.44584064098326,6.92791916927299,-5.3030191576929,0.696598096101977,1.44584064098326,7.7604600817457,-0.861198906761436,0.143754507498907,1.44584064098326,7.18111773051458,1.99715589119226,0.0513749155039653,-0.303875608138537,-7.43039757033817,-6.79082080938859,2.14458570444029,7.83137843461425,-3.70892453689569,0.453819048265666,-3.8092315439203,0.524918318764504,5.05835561,0.09205149,-0.878,0.02948089,63.2804559253847,-77.005668721932,1243.08196214805,0.326684977243738,0.290198960106452,6.40878396568162,0.138792730984044,-0.890401724022653,-911.124810739287,-912.577086715678,-930.536496530743,-932.737169255188,2.17175551324487,-958.442635430081,2.57016147792908,1871.80486460741,1898.23942540811,NA,2409.15825557417,0.323214437822985,0.944989333380326
"753",-5.86,0.79,-5.86,0.83,1.359326,9.604077,-1.1484446,0.2002995,35,35,-4.57806424750822,0.603347442076253,-5.87442039525398,0.844257229947282,1.73797320816295,8.00464260965247,-0.761396217158741,0.144539919408689,1.73797320816295,8.92081399420514,-5.2262423213811,0.723802336011768,1.73797320816295,8.42477742510203,-0.839472438298424,0.159049300881705,1.73797320816295,9.0047449280969,2.54519629844849,0.0673757646197164,-0.398756496810044,-6.94121754590965,-6.80229551770059,2.43531735049316,11.3911721205308,-3.03404443199159,0.419573255186554,-3.76481909047485,0.541016609769556,3.34681237,0.05511028,-0.738,0.03445109,29.9775844207737,-10.3999257127101,1318.97386976314,0.41032173260461,0.359647144776933,9.58988486259633,0.216052720396159,-1.3522439744185,-962.032854706357,-964.071479789217,-991.320634228676,-991.910349191561,0.575285809004552,-1001.44321534891,0.0761064105059527,1973.62095254155,2019.80770080398,NA,2627.54781381357,0.398474383326268,1.47144567642706
"754",-5.86,0.79,-5.86,0.83,1.359326,9.604077,-1.1484446,0.2002995,35,35,-5.98484698942997,0.849702096974782,-5.50984352576319,0.758615176530294,1.38720438148552,9.93593132182759,-1.18030772677019,0.191682586087494,1.38720438148552,7.97932913904512,-5.74734525759658,0.804158636752538,1.38720438148552,9.99233839445145,-1.19112437744666,0.193756792856509,1.38720438148552,7.9955095847689,2.45177232186198,0.0643837508017336,-0.3777666671545,-6.88028300309396,-6.94795184089007,2.07499569109217,8.69503539208758,-4.03909562859863,0.572569874449913,-4.54615293666749,0.639342572307043,7.42653706,0.15305305,-0.902,0.02521779,83.0454288857051,-116.535614642573,1257.20157925481,0.825484805529305,0.780231766408229,5.76275126162965,0.120958104949151,-0.801601004779316,-912.410769009448,-912.69857441521,-929.110812368176,-929.236836475985,0.122533687336709,-953.62634303275,0.0270868060802738,1874.37678114773,1895.38805708298,NA,2397.86754386705,0.399736036788238,0.7850603610176
"755",-5.86,0.79,-5.86,0.83,1.359326,9.604077,-1.1484446,0.2002995,35,35,-6.38581775018668,0.817920063348638,-5.3951728139876,0.793105770708529,1.21391639938893,10.8652028645241,-1.31082172731508,0.236514485250279,1.21391639938893,12.230246929097,-5.89049528208714,0.805512917028584,1.21391639938893,11.1105472119283,-1.3169672656524,0.236668422530086,1.21391639938893,12.7433817794853,1.99128946910133,0.0523865404341853,-0.307582459180235,-7.47060289596433,-6.62779509412515,2.02729725856589,12.1711646907498,-4.808872334004,0.626695442811564,-3.78411483915978,0.565637590003515,4.70499973,0.10726374,-0.805,0.02477103,92.6581001858938,-135.76095724295,1331.64385725023,0.119858890473001,0.108514217572726,9.12629584516141,0.178315596753688,-1.20611868302805,-903.024339118289,-904.676754044664,-923.54897372283,-926.212595580691,2.6373785775435,-958.653288441581,3.16564668886832,1855.60392136542,1884.26437979229,NA,2527.5267572575,0.323258183922656,1.27359539485517
"756",-5.86,0.79,-5.86,0.83,1.359326,9.604077,-1.1484446,0.2002995,35,35,-5.38437082336444,0.749871730294455,-6.08187367499873,0.844479909492359,1.36014002351927,7.36067197145899,-0.99200727961921,0.179136934144605,1.36014002351927,6.05700895194228,-5.73312224918158,0.797175819893407,1.36014002351927,7.48229952846848,-1.00850464831383,0.181374611037391,1.36014002351927,6.08315982608091,1.99068542862592,0.0532999138848171,-0.313812402385334,-6.87457032862449,-7.00842213033851,2.01948938842834,6.25529151413733,-4.04466220489643,0.569678236512911,-4.19494765279061,0.578420147288328,5.062096,0.1310954,-0.896,0.0271969,76.4920655144998,-103.428887900162,1206.87295243116,0.92937263943461,0.928431593904238,6.41558808683908,0.13437952509548,-0.902599927544597,-895.686973675463,-896.101345361714,-907.420347272856,-907.679264023492,0.251984864060175,-936.837420459671,0.145512050887787,1840.92919047976,1852.00712689234,NA,2310.31701696215,0.313901901276036,0.830829914334837
"757",-5.86,0.79,-5.86,0.83,1.359326,9.604077,-1.1484446,0.2002995,35,35,-5.00633916745885,0.68498126559086,-5.58720234043393,0.782464089896028,1.33839285384117,9.89856630417445,-1.05782991375987,0.155116199183422,1.33839285384117,8.35200719977035,-5.29677075394639,0.733722677743444,1.33839285384117,9.98291681060412,-1.07198595941898,0.15749192444205,1.33839285384117,8.36778678713413,2.19391683619295,0.0597248475496862,-0.343522243659002,-6.8831392697295,-6.88322500110661,2.0151755747476,9.38970516784094,-3.60392930609633,0.501552354568993,-3.77013531298332,0.528727467743031,5.90298814,0.10227179,-0.874,0.02735129,70.8521479925373,-92.1490528562372,1231.99296746869,0.965328387130529,0.983033957607352,6.6850363915886,0.134024960888609,-0.913623202705383,-901.173017698977,-901.541555027559,-923.181286032555,-923.299297093772,0.114736004562016,-948.881470997256,4.1774436924821e-08,1851.90127852679,1883.52900441174,NA,2371.83688208114,0.370407139610357,0.872574692979748
"758",-5.86,0.79,-5.86,0.83,1.359326,9.604077,-1.1484446,0.2002995,35,35,-6.30724848860104,0.887982816332488,-5.54897178103375,0.848362560913823,1.44600518005519,7.09505257931332,-0.818191844166588,0.140491177193578,1.44600518005519,6.50964644067648,-5.9281101348174,0.868172688623155,1.44600518005519,7.23879847062308,-0.825702623374548,0.140883618353438,1.44600518005519,6.67708832005821,2.88535459060651,0.0751906029657084,-0.446630383559405,-6.97461788222641,-6.45238840391744,1.91496805030563,8.28169295114819,-4.95317062161071,0.693202418931503,-3.67436098174965,0.570402373497192,1.361263,6.028526e-09,-0.009,0.03280717,60.8533457084981,-72.1514482881588,1231.79480479945,0.0633885582410551,1,12.2603817860227,0.281508228079935,-1.82137292865058,-908.545094268613,-909.545136777771,-926.770221289765,-928.313858775724,1.51618959532957,-932.438149830784,1.82591685307194,1866.64543166606,1890.70687492616,NA,2391.43816131074,0.45341594166517,1.61365206556902
"759",-5.86,0.79,-5.86,0.83,1.359326,9.604077,-1.1484446,0.2002995,35,35,-6.22259775014297,0.893777861315383,-5.54694492020552,0.807693216206497,1.31751798811363,8.01536755770515,-1.01824827229699,0.172329964156009,1.31751798811363,6.47376733725762,-5.88477133517425,0.85073553876094,1.31751798811363,8.12949424435577,-1.03278910581748,0.174182605686889,1.31751798811363,6.5038657691023,2.50033681184401,0.064035459189525,-0.380445433260519,-6.85544176534296,-6.69265897485673,1.89967654109728,7.06044279974977,-4.51681645432614,0.65702705830236,-4.12164263756071,0.600015214730494,5.1168253,0.1078122,-0.876,0.030192,55.7154966870868,-61.8757502453362,1216.18501298577,0.862716546045547,0.873795330344947,6.26986514194117,0.13749270098125,-0.906195014390888,-890.742244245551,-891.113281052931,-903.636490704305,-903.91782929102,0.273850291704304,-925.536267910538,0.205932731203845,1831.03973161994,1844.43941375524,NA,2370.4942757262,0.400115678416275,0.818351438402502
"760",-5.86,0.79,-5.86,0.83,1.359326,9.604077,-1.1484446,0.2002995,35,35,-5.83610515886675,0.859485921253416,-5.85267913750171,0.871192173660131,1.47071821312506,8.1240727670663,-0.848599946022873,0.144607956616195,1.47071821312506,8.35947877902886,-5.84439214818423,0.865339047456774,1.47071821312506,8.12414144125825,-0.848648450817195,0.144642215702548,1.47071821312506,8.36136772706318,2.42881621708188,0.0631718094768925,-0.374951725594366,-6.67325167923701,-6.62008283525751,1.95305618759639,11.0265745114853,-3.96434805817951,0.591365492618141,-3.66311921642049,0.549783514170875,3.79850859,0.09382161,-0.829,0.03197062,42.9061351438318,-36.2570271588261,1262.52419699529,0.899238600671907,0.878302212435243,9.0578256817663,0.183199329976211,-1.23853478987971,-922.140198918542,-922.152660934697,-946.336114624605,-946.350240733999,0.0137238909736467,-946.330915543689,0.0143220344139366,1893.83564096592,1929.83866159584,NA,2488.79136683175,0.383577635082946,1.20535918575278
"761",-5.86,0.79,-5.86,0.83,1.359326,9.604077,-1.1484446,0.2002995,35,35,-6.94379108043384,0.96949166755345,-6.73553846381214,1.06736137310292,1.41885208949487,13.51218621522,-1.48627797318324,0.204383453574654,1.41885208949487,8.82147182674356,-6.83966477212299,1.01842652032818,1.41885208949487,13.5230285033025,-1.48118256761608,0.206778073390739,1.41885208949487,9.22265665936514,2.95238694519845,0.0811519928588126,-0.468159198796972,-7.1255518305149,-6.33421683395488,2.03258395852318,10.2260059115832,-4.56542552124702,0.640470104243539,-4.92402790912463,0.772214466735831,6.4990316,0.1104775,-0.901,0.0283368,70.5252040860952,-91.495165043353,1320.82929115322,0.0897326812822665,0.0743440299042428,10.8647476680843,0.232104295918176,-1.52732813160432,-919.825918393332,-922.30496963351,-940.912649154369,-943.715134604908,2.77764566243353,-953.698465829721,3.26583279975364,1889.2070799155,1918.99173065537,NA,2550.16341726309,0.488521854714595,1.4836256436408
"762",-5.86,0.79,-5.86,0.83,1.359326,9.604077,-1.1484446,0.2002995,35,35,-5.43956909409537,0.779609844255701,-6.37868874560246,0.830827357940097,1.52832671915483,8.19763063379702,-0.945216675036258,0.170175415236942,1.52832671915483,7.80339265373516,-5.90912891984892,0.805218601097899,1.52832671915483,8.4181170637587,-0.957241518436843,0.170831223663944,1.52832671915483,8.03732040894903,3.52054475896944,0.0814248252535888,-0.52135921432556,-6.75259661170051,-7.38657557022241,2.14695797146558,9.4124097873875,-3.96587204966102,0.566139050244645,-4.23395747342398,0.542452127359741,4.2191991,0.09429648,-0.801,0.029376,62.629559247431,-75.7038753660245,1320.841949295,0.435423112085302,0.428690372528926,8.71900638908789,0.178934181868575,-1.20578414713981,-931.11435045031,-932.338406777848,-951.461988476155,-953.297776241482,1.80692694058061,-964.477549388104,2.13954711729168,1911.78394402946,1940.09040929894,NA,2565.98002322398,0.478976834133951,1.14979471537717
"763",-5.86,0.79,-5.86,0.83,1.359326,9.604077,-1.1484446,0.2002995,35,35,-6.71238282220247,0.852778789352511,-5.8277133203378,0.838613722076041,1.37747755463793,14.5429011308161,-1.7903393003248,0.269037338408752,1.37747755463793,8.74789175678168,-6.27004807127014,0.845696255714276,1.37747755463793,14.7385611626985,-1.79347215107764,0.269087500691489,1.37747755463793,9.15503796693326,2.70550581840705,0.0748111096145556,-0.432640099157045,-7.58948869883506,-6.78921100231179,2.24539174565698,8.21632071649961,-5.08337091111849,0.662349578708691,-4.1412392661987,0.595393172801942,7.98269399,0.1293309,-0.914,0.02705621,75.8268475112139,-102.098451893591,1321.70018362487,0.238887774180706,0.227078323205386,9.9698902660443,0.210718968480383,-1.399641560504,-919.78421107974,-921.66341173143,-933.135675550557,-935.99999870548,2.84019796086125,-971.189638602534,3.68280468694104,1889.12366528832,1903.43778344774,NA,2541.30191535615,0.440957967628851,1.33258575165962
"764",-5.86,0.79,-5.86,0.83,1.359326,9.604077,-1.1484446,0.2002995,35,35,-5.95276715498726,0.827657790272539,-5.81333768441203,0.87931000534956,1.27740401033669,10.2515352567493,-1.2251344542628,0.209417196314308,1.27740401033669,9.91460860572274,-5.88305241969964,0.853483897811049,1.27740401033669,10.2563954010655,-1.22333399401224,0.210084184144898,1.27740401033669,10.0562140193886,1.93060852686622,0.0472074091802419,-0.285565213188672,-6.97953744358208,-6.532377441612,1.96353746598912,10.6545010785987,-4.30634946641952,0.60113927633083,-4.15694576090335,0.631260596047195,5.1629678,0.11187901,-0.849,0.02742655,69.9718284277982,-90.388413726759,1271.88445944458,0.540032173630978,0.528449248322119,7.75450363264217,0.169452787638594,-1.09659992645452,-904.00629830098,-904.609681461435,-922.570356328714,-923.472690882387,0.882227524332088,-946.542298152629,1.03977646090211,1857.5678397308,1882.30714500406,NA,2453.3805051624,0.304533672581452,1.0944586724455
"765",-5.86,0.79,-5.86,0.83,1.359326,9.604077,-1.1484446,0.2002995,35,35,-5.93187864366775,0.83980448735783,-6.32006178219621,0.85544632265005,1.23721358372717,10.4779720365186,-1.28352098805871,0.217459819476224,1.23721358372717,9.77451967064768,-6.12597021293198,0.84762540500394,1.23721358372717,10.5156435737781,-1.28503896223773,0.217520986229051,1.23721358372717,9.83650337257709,3.30297853632295,0.0869777198144954,-0.524662389438708,-6.88628205422695,-7.18127518571915,1.95057252260539,10.0517720525242,-3.93262998233132,0.556099746779679,-4.33911767005856,0.592128904600096,5.47289813,0.13759158,-0.871,0.02467981,88.8317491356621,-128.108255142487,1287.5565914997,0.768464662733911,0.720453477367552,8.95321969112504,0.172811904156222,-1.20890510607804,-897.047220022895,-897.302139887304,-913.833891839866,-914.235434240151,0.391190685064297,-943.060676685795,0.480370964173966,1843.64968317463,1864.83421602636,NA,2447.00492785691,0.482556716498088,1.11828750389385
"766",-5.86,0.79,-5.86,0.83,1.359326,9.604077,-1.1484446,0.2002995,35,35,-4.72224982369254,0.661264289570096,-6.04236260159249,0.931549683394544,1.31837779154652,7.52290089412796,-0.721275375271496,0.109742567975344,1.31837779154652,8.23662902928233,-5.38230621264251,0.79640698648232,1.31837779154652,7.95857533072163,-0.810477175788337,0.128006116504053,1.31837779154652,8.415662373712,2.47955038179365,0.0635272591091781,-0.38786110172377,-6.74034953185745,-6.45017187505217,1.82051128831845,10.5820304806951,-3.55081415772767,0.495131916800513,-4.30008117147049,0.652988429374225,5.079093,0.0859279,-0.873,0.02819888,69.6210044447899,-89.6867657607425,1213.13709226251,0.164146765766278,0.134594117628409,5.88868825752235,0.140875347905235,-0.863645847076104,-891.524017432999,-895.239601719596,-918.620769531208,-919.964595737938,1.31804226223898,-927.794559663278,0.475222309470979,1832.60327799484,1874.40797140904,NA,2336.58741876427,0.356996128676981,0.907424421731488
"767",-5.86,0.79,-5.86,0.83,1.359326,9.604077,-1.1484446,0.2002995,35,35,-6.3241894022673,0.872845241355892,-6.00289205758789,0.822131554338967,1.53355690629618,8.38813369324587,-0.908906335003831,0.146846122926525,1.53355690629618,7.17389018750846,-6.16354072992759,0.847488397847429,1.53355690629618,8.41394168917037,-0.912979878248191,0.147489092439237,1.53355690629618,7.17782672996936,2.25004430664316,0.0515604927542545,-0.322266834063744,-7.08174455045578,-7.0625862298519,2.03952078831806,9.26019641875872,-4.4486905778333,0.628168912541668,-4.23811525057633,0.577088049323453,5.74445378,0.12265778,-0.862,0.02835028,64.4165821216219,-79.2779211144064,1299.82370214014,0.854419495940766,0.854874744414738,7.32614418150813,0.141263788277836,-0.98737759326611,-926.245664950105,-926.342477243435,-947.105531918166,-947.139235776785,0.0327487745982549,-951.384544479939,0.0020872670797555,1902.04657302905,1931.37749618296,NA,2520.36948316587,0.34006905484588,0.919750168292295
"768",-5.86,0.79,-5.86,0.83,1.359326,9.604077,-1.1484446,0.2002995,35,35,-6.16168011855398,0.938525148009756,-5.81809338146113,0.859361823661788,1.12831817803494,12.6724013189016,-1.5243197349853,0.247074631629349,1.12831817803494,12.1186631537464,-5.98988675000756,0.898943485835772,1.12831817803494,12.7019142803782,-1.53111960206283,0.248641339609804,1.12831817803494,12.143721823688,2.68594319091235,0.0652383758578906,-0.400721990817605,-6.5279313788759,-6.65597924316961,1.89535484419792,11.7062950242962,-4.58030219336875,0.716920724987795,-4.39285786449122,0.654520615541714,6.79342853,0.15379209,-0.851,0.02068116,116.834995918402,-184.114748707967,1277.95304086325,0.760635974509903,0.716452835815272,7.19387839272795,0.150830497070751,-1.01498144625473,-887.470463156604,-887.697276304925,-905.040798765723,-905.174382020233,0.129890487777628,-940.907783336064,0.0810181226460045,1824.49616944204,1847.24802987807,NA,2371.79133301854,0.403681950718259,0.923030184067852
"769",-5.86,0.79,-5.86,0.83,1.359326,9.604077,-1.1484446,0.2002995,35,35,-5.1563406970229,0.648779091762932,-6.93323352543801,0.9217806431143,1.38632359245665,9.72288151374331,-1.26458091154587,0.226773669097059,1.38632359245665,8.2809678814407,-6.04478711123046,0.785279867438616,1.38632359245665,10.5122185446616,-1.38585453623148,0.245406130857123,1.38632359245665,8.41472695395076,3.65594945730259,0.0973584665435885,-0.585249465683636,-7.2488239829306,-7.39924421295466,2.25012995208465,8.02821860957499,-4.39164085307817,0.579408884360115,-4.95199368445462,0.669075974888623,6.80611865,0.14447949,-0.905,0.02744047,75.395792859281,-101.236342589725,1316.63756201449,0.760048203504263,0.740055608285074,7.0217273776187,0.153186699993873,-0.977189800336322,-916.685986652599,-918.9115420477,-931.268049693812,-932.269702204864,0.980028920137976,-970.984361737594,0.132540862092823,1882.92721643404,1899.70253173425,NA,2532.03878143926,0.534205695374517,1.04696326490137
"770",-5.86,0.79,-5.86,0.83,1.359326,9.604077,-1.1484446,0.2002995,35,35,-5.63827384646308,0.68270766593487,-5.1635264986379,0.732915667169768,1.28925186632221,13.5864409003508,-1.74108473952923,0.274948797400365,1.28925186632221,8.95362251733751,-5.40090017255049,0.707811666552319,1.28925186632221,13.6427871614176,-1.73512571067276,0.275579008247365,1.28925186632221,9.36442097074524,3.86637765033459,0.110642850975285,-0.641586982718501,-7.52861946714516,-6.75474584027756,2.35882957130163,7.26164968616152,-3.99530462715059,0.490403095007759,-4.16211559456921,0.589380950807202,8.44151878,0.17640204,-0.927,0.02672009,74.0357403601608,-98.5162375914843,1279.60350692323,0.175931898258248,0.165237616807706,6.20277893303195,0.128109095676488,-0.834553367061012,-907.030044696205,-909.0133245918,-918.380655140723,-921.211617780639,2.80644506892526,-979.437291486509,3.65698951107452,1863.61533252125,1873.92774262807,NA,2460.69077625498,0.600895660736859,0.919208036083373
"771",-5.86,0.79,-5.86,0.83,1.359326,9.604077,-1.1484446,0.2002995,35,35,-5.55904100579991,0.779037267099386,-5.84955746187333,0.747417738693153,1.42725822941462,9.52553361936073,-1.04335184516115,0.190726760574788,1.42725822941462,10.6616739315749,-5.70429923383662,0.76322750289627,1.42725822941462,9.54663357217308,-1.04105534682733,0.190976709218946,1.42725822941462,10.8038324021143,3.3813439693841,0.0943181945121467,-0.54259680469907,-6.8754797899367,-7.35437721407499,2.15928216092409,12.1850333860012,-4.23656549158328,0.605691886420535,-4.20426191293708,0.535774575331219,7.31014962,0.15734737,-0.855,0.02341613,95.9117205253848,-142.268197921932,1356.68866595058,0.463681412046545,0.455415154773676,6.94259472344501,0.137876048588155,-0.92469130136809,-929.505924349366,-930.009594919202,-954.381466578981,-955.229623404531,0.82893554162114,-974.142842808715,0.958608626657405,1908.56709182757,1945.92936550459,NA,2571.10913397922,0.556968332563624,0.976999653697314
"772",-5.86,0.79,-5.86,0.83,1.359326,9.604077,-1.1484446,0.2002995,35,35,-6.1575135961443,0.762014317209718,-6.68074710388964,0.922768104946723,1.35698112780839,16.7689643157555,-2.08333660936253,0.322299765939468,1.35698112780839,10.8419916489509,-6.41913035001697,0.84239121107822,1.35698112780839,16.8374076416624,-2.10436455142277,0.328760211007416,1.35698112780839,11.0060464440283,3.94922232099679,0.0932597582690109,-0.590846963940144,-7.57537071069816,-7.14087474933403,2.40477249540915,9.41740799175605,-4.80318655183739,0.605240213665929,-4.99987079459756,0.696213745093568,12.07580866,0.23789547,-0.936,0.02399967,89.6676415322114,-129.780039935585,1383.18437578183,0.337597817531399,0.31202409209083,7.89343194695416,0.159395953190661,-1.06101310752479,-929.314479810603,-930.485504151486,-943.084815292868,-944.047914795289,0.942048128048587,-992.278169228992,0.896777658405054,1908.18420275004,1923.33606293236,NA,2636.58871162808,0.544988801465252,1.11592089403683
"773",-5.86,0.79,-5.86,0.83,1.359326,9.604077,-1.1484446,0.2002995,35,35,-6.75828447876662,0.948741839123903,-6.43802158806128,0.935328614110237,1.33432707427923,6.27314290169427,-0.728920881332321,0.138585188252349,1.33432707427923,7.49856966864148,-6.59815303341395,0.94203522661707,1.33432707427923,6.298784981485,-0.729994820886461,0.138630166903666,1.33432707427923,7.53675153977944,1.96521292995477,0.0543075513072053,-0.310701176024621,-7.0636673372017,-6.82331697019006,1.75507274773427,9.75823124263736,-5.82352636022434,0.833718612297973,-5.32289885896551,0.779811023205111,6.78354734,0.15795452,-0.866,0.02147203,117.478163902382,-185.401084675926,1292.94459369426,0.796808906277691,0.78448650411781,3.76988024631395,0.0761504598659163,-0.515771549241884,-894.727013046351,-894.934006328477,-915.737372161338,-916.051159664671,0.305506377968666,-916.243397221124,0.364083118995439,1839.00926922154,1868.6411766693,NA,2400.48810271259,0.333283653795223,0.499018624267233
"774",-5.86,0.79,-5.86,0.83,1.359326,9.604077,-1.1484446,0.2002995,35,35,-5.8223956296725,0.746131226249028,-5.42300891835156,0.803595806007842,1.21769421051678,8.13575515233223,-1.07389197164847,0.194885478721096,1.21769421051678,7.91060567325055,-5.62270227401203,0.774863516128435,1.21769421051678,8.17563258862717,-1.06815432426665,0.19571102320281,1.21769421051678,8.31198087487745,3.28241148853435,0.0939736706860484,-0.539637490610637,-7.33488009010567,-6.59313428268028,1.94782031305684,7.73703708401185,-4.50106859677179,0.571320410752031,-3.98483528875759,0.59203918024624,7.04411358,0.16058898,-0.911,0.02189061,113.886683894827,-178.218124660817,1226.38886767812,0.0718963098377523,0.0715618756279387,4.75696050977157,0.105914283107045,-0.663103037329918,-882.564542930747,-884.521028234826,-896.641810762219,-899.725984246503,3.06303686993626,-934.489055678886,3.84719404812655,1814.68432899033,1830.45005387107,NA,2274.55961069542,0.529969921532035,0.739047713847696
"775",-5.86,0.79,-5.86,0.83,1.359326,9.604077,-1.1484446,0.2002995,35,35,-6.3032791336125,0.796951300129613,-5.69237559242248,0.867027864759071,1.28893044059846,11.3889736049837,-1.2951130910825,0.198962869111323,1.28893044059846,9.57065013426299,-5.99782736301749,0.831989582444342,1.28893044059846,11.4822743891433,-1.28441058571085,0.200190550338889,1.28893044059846,10.297083590613,3.01638121365235,0.0725678394088101,-0.452627334262838,-7.51299074456617,-6.48458916501336,1.96577987496425,10.4068360853273,-4.21487419280695,0.53757555662664,-4.38471687454544,0.677364430487432,6.7543123,0.14782149,-0.875,0.02559744,79.6245621089464,-109.693881089055,1302.98363322159,0.0520200080725711,0.0466466423354846,8.03099422784416,0.148543229773197,-1.03634085344205,-903.155608076109,-906.264711576612,-922.529698524249,-927.18212935567,4.67307823117565,-946.070147532081,5.61270667245053,1855.86645928106,1882.22582939513,NA,2496.27338535412,0.432384716214628,1.08283822379659
"776",-5.86,0.79,-5.86,0.83,1.359326,9.604077,-1.1484446,0.2002995,35,35,-7.06159468139859,0.94504346496339,-6.53373300361097,0.957615733868204,1.16722503483869,7.67997348481312,-0.891193217618445,0.16712279617099,1.16722503483869,10.2473558066978,-6.79766384250478,0.951329599415797,1.16722503483869,7.74963297253232,-0.889534112879022,0.167162311657344,1.16722503483869,10.5200197364432,3.09934991898625,0.0806866128723882,-0.483641376954944,-7.38901149605442,-6.78624749345559,1.6695804397651,12.2475505138492,-5.03017853015823,0.676929484075882,-4.80427163847551,0.70834923563023,4.65388599,0.11451449,-0.826,0.02282313,112.31082411549,-175.066405102143,1330.01520843596,0.417913522929581,0.378697116593637,7.79423396486353,0.155101961781965,-1.05698703370549,-879.902094299757,-880.89605118766,-902.57334140667,-904.250072888235,1.64848943532519,-911.293553158191,1.95478341366983,1809.35943172835,1842.31311515997,NA,2484.96401176978,0.47100471839453,1.03016604936371
"777",-5.86,0.79,-5.86,0.83,1.359326,9.604077,-1.1484446,0.2002995,35,35,-5.7949071492688,0.705197518172683,-5.95083238572739,0.828575661291174,1.55442970778203,6.31625300261204,-0.688068197649843,0.137653075782267,1.55442970778203,7.5500835495347,-5.8728697674981,0.766886589731929,1.55442970778203,6.3223311724532,-0.692877639184736,0.141458617332109,1.55442970778203,7.76064129769258,2.62634214445182,0.0655686196534383,-0.40219837506814,-7.55126405001286,-6.97213423631051,2.13462660239381,9.57759356736582,-4.06948264972116,0.49977188721253,-4.16062170332055,0.58314367607562,4.43501962,0.10185719,-0.808,0.02736523,75.8858852263505,-102.216527323864,1332.72576843779,0.343610795971987,0.304976132793526,6.86792867281792,0.141476764720407,-0.93463054861432,-929.255309296573,-930.537063822688,-953.56739418882,-955.270358038231,1.67459496644511,-963.617185285057,1.76762450790534,1908.06586172198,1944.30122072427,NA,2563.23500955171,0.383579220928321,0.971702790247056
"778",-5.86,0.79,-5.86,0.83,1.359326,9.604077,-1.1484446,0.2002995,35,35,-6.43468510948475,0.880026125621367,-5.37155654743091,0.790867252790082,1.34506874358999,11.1114838510258,-1.38682844577831,0.227285246444422,1.34506874358999,8.40854925661808,-5.90312082845783,0.835446689205724,1.34506874358999,11.3940444358895,-1.41052528184517,0.229272572595559,1.34506874358999,8.60575818296636,2.5146050493803,0.068253736889989,-0.398239307648764,-7.14945840741561,-6.61751533806571,2.10468734103618,8.46661563592921,-4.59310754133105,0.634236833675795,-3.80258317652667,0.560089436236363,6.56590589,0.13456024,-0.898,0.02782333,66.4104017112646,-83.2655602936919,1268.24244825841,0.449151921215556,0.400981157001594,7.64673397492194,0.15916078057956,-1.06168253496721,-910.765400150998,-911.818696680062,-924.822250207494,-926.274327271999,1.42532144179936,-956.272779086671,1.69003203932515,1871.08604343083,1886.81093276162,NA,2453.21933622313,0.404249547352925,1.02793707108281
"779",-5.86,0.79,-5.86,0.83,1.359326,9.604077,-1.1484446,0.2002995,35,35,-5.77860192155978,0.736619995194554,-5.28338949690398,0.821426780266679,1.28442907368027,9.90770075792295,-1.20944512275991,0.201962992506334,1.28442907368027,8.66029902381725,-5.53099570923188,0.779023387730617,1.28442907368027,9.96900959430632,-1.1989457793442,0.203761040204901,1.28442907368027,9.35461951545356,2.85692502428068,0.0730305710838583,-0.442481650646414,-7.34775183539603,-6.34728253071643,2.0329099883732,8.80897472094234,-3.94388924918896,0.507920520304299,-3.63366860012717,0.582178182044344,4.618633,0.1037741,-0.858,0.0293896,59.3632943005412,-69.1713454722449,1252.68855111923,0.0246764254482009,0.0234138845265007,7.96733906493099,0.16532407576544,-1.07960769616379,-899.275435316017,-902.443561671166,-915.368611601448,-920.227181929209,4.88740496695444,-949.015025982717,5.97327808365747,1848.10611376087,1867.90365554952,NA,2436.20575676622,0.425454155394596,1.16391955001702
"780",-5.86,0.79,-5.86,0.83,1.359326,9.604077,-1.1484446,0.2002995,35,35,-5.24141519904586,0.708942648959452,-5.3589588789592,0.809751337438399,1.27332200275196,6.23113360158954,-0.801167785128115,0.171978198811554,1.27332200275196,8.86721840556488,-5.30018703900253,0.759346993198926,1.27332200275196,6.23458773076143,-0.804130141180878,0.174518796729765,1.27332200275196,9.04529882931195,3.34613582255836,0.0847140407327916,-0.516950314902353,-6.97545957968914,-6.49241117989038,1.96206756500207,9.59970174424154,-3.81572772814984,0.511080690878949,-3.89416865380742,0.593974176058443,3.4615071,0.08587622,-0.76,0.02487652,93.4426505758121,-137.330058022787,1233.15149147674,0.338938362041661,0.318381693852564,5.93554651714562,0.144429836373561,-0.885515225965979,-892.584926389422,-893.422436956444,-914.724303320358,-915.976376261598,1.2272424017666,-943.038491839682,1.33512108073623,1834.72509590768,1866.61503898734,NA,2328.97292493069,0.490192081395919,0.896332091560086
"781",-5.86,0.79,-5.86,0.83,1.359326,9.604077,-1.1484446,0.2002995,35,35,-6.52552595854296,0.880106955113892,-5.79172341877774,0.880327493385186,1.39988343514564,11.0268639570402,-1.43078624235659,0.259219840470341,1.39988343514564,9.59497593982133,-6.15862468866035,0.880217224249539,1.39988343514564,11.1614804988817,-1.43074578447069,0.259219852629623,1.39988343514564,9.9327517621033,4.55748139855316,0.118895245483714,-0.716825302193173,-7.23981769527358,-6.50470124555664,2.21052071652664,9.70103092315683,-4.46466715443675,0.599161346166174,-4.32834851639077,0.658508184306029,6.39424138,0.15845525,-0.893,0.02541743,83.7919437937902,-118.028644458743,1311.47439894175,0.22546748888521,0.21329622073197,8.20019871609459,0.17161910072088,-1.11550530130473,-927.237025437094,-928.624133117083,-942.921774001,-945.118591840883,2.1678912765479,-972.582670235672,2.71856070464423,1904.02929400302,1923.00998034863,NA,2504.92015342477,0.67509001542903,1.20467369466418
"782",-5.86,0.79,-5.86,0.83,1.359326,9.604077,-1.1484446,0.2002995,35,35,-6.06500274044808,0.856324171070087,-5.29419844329519,0.788772118140856,1.36882681210973,11.0149580515199,-1.08334473519412,0.175052287167746,1.36882681210973,12.1823116574386,-5.67960059187164,0.822548144605471,1.36882681210973,11.1634928676472,-1.09636208836396,0.176193107131485,1.36882681210973,12.2764512471257,2.36211672001653,0.0566127083110601,-0.35176771848063,-6.92098615024512,-6.55263950401248,1.98423187857406,14.9293287675951,-3.93089103772905,0.550966026381502,-3.83750876992721,0.586408196211581,5.73719914,0.10738499,-0.793,0.02467297,85.1692843690711,-120.783325609305,1336.8273620611,0.669444013794557,0.659546592576611,8.50467378587575,0.17289384923692,-1.16377668175119,-923.535885442004,-923.940002551691,-952.719932324386,-953.218050782086,0.485612255655699,-960.047360500569,0.51082307003229,1896.62701401284,1942.6062969954,NA,2552.8713985129,0.345376311572584,1.14242652118056
"783",-5.86,0.79,-5.86,0.83,1.359326,9.604077,-1.1484446,0.2002995,35,35,-5.97575491262082,0.768072217699847,-5.75488134630274,0.755202901595135,1.51140112803815,14.4893323561041,-1.7306612752924,0.267602105625394,1.51140112803815,9.36898720365942,-5.86531812946178,0.761637559647491,1.51140112803815,14.5015286391787,-1.73137189822843,0.267643510449645,1.51140112803815,9.38126911142276,2.9961162387812,0.0794657754012536,-0.475613712130594,-7.35752062365627,-7.21331911249954,2.47284299906373,9.13984225508394,-4.52845382476756,0.597089367052145,-4.04147708809888,0.535328246609828,6.75706689,0.13703567,-0.863,0.02551764,82.3950722445514,-115.234901360266,1354.18147348989,0.839229860409353,0.759711036664728,10.1857997103504,0.192261616803743,-1.36257587624134,-944.054237185838,-944.106364717522,-960.191330263404,-960.274195133194,0.0805449665915645,-998.171699339933,0.0986867488961284,1937.66371750051,1957.54909287344,NA,2593.12804561951,0.447914802635195,1.25175541946584
"784",-5.86,0.79,-5.86,0.83,1.359326,9.604077,-1.1484446,0.2002995,35,35,-5.57708030942338,0.732266821416303,-5.74728400285542,0.820016335596188,1.35395433584521,6.73085842209691,-0.849150813639479,0.178476650243146,1.35395433584521,8.79191263058409,-5.6621821561394,0.776141578506246,1.35395433584521,6.73810074641138,-0.852884636492049,0.180401644552847,1.35395433584521,8.88489157312193,2.69193414399509,0.0753668107818209,-0.438293894648312,-7.17216530616049,-6.81958010103415,2.03701520036866,9.79445736366535,-4.19667849355653,0.565949845815417,-3.9435960211207,0.558895549155493,2.98286436,0.06684638,-0.723,0.02689262,83.2278663780261,-116.900489627215,1272.8895965145,0.792902821919444,0.760673481005844,7.88928761094831,0.185511754675265,-1.16064125824495,-907.264344742276,-907.75514389174,-929.231072388682,-929.892620306001,0.645692862171274,-952.860000947869,0.672790803035354,1864.08393261339,1895.62857712399,NA,2428.87870340179,0.423814923022589,1.15089840235526
"785",-5.86,0.79,-5.86,0.83,1.359326,9.604077,-1.1484446,0.2002995,35,35,-7.33831483102209,0.956624305119222,-6.48060529374595,0.879515563810645,1.56154695559317,9.24757535547789,-1.18525763007219,0.216920754560935,1.56154695559317,7.56494247041684,-6.90946006238402,0.918069934464934,1.56154695559317,9.4314917680615,-1.20179185577912,0.218407194057483,1.56154695559317,7.66230571801452,2.89865919486896,0.0801368978966611,-0.465270959496739,-7.59673599680131,-7.1984203868271,2.22862278962487,8.57133224470737,-5.60826118263533,0.738327217146702,-4.78208184814372,0.655079334767832,3.18288624,0.04512975,-0.694,0.02707602,90.9235168238896,-132.291790518942,1385.84780995951,0.479580803932168,0.420188420913581,12.5473358410461,0.276462367819641,-1.8202412488348,-939.085744389797,-939.775773528984,-954.808157503364,-955.599404001257,0.773000035844952,-970.675949323244,0.88510064181478,1927.72673190843,1946.78274735336,NA,2639.40382940008,0.465576273789553,1.63285825546112
"786",-5.86,0.79,-5.86,0.83,1.359326,9.604077,-1.1484446,0.2002995,35,35,-5.26715830924981,0.648667921863482,-6.35565007783777,0.885886777772324,1.30604320387805,11.2922073582395,-1.47335483866282,0.254148217539835,1.30604320387805,9.11924006997589,-5.81140419354379,0.767277349817903,1.30604320387805,11.5884109408105,-1.53790753166548,0.26821641393951,1.30604320387805,9.28567190811019,3.03972616630832,0.0826115109077466,-0.487140123974357,-7.36030391665102,-7.03550712681309,2.26131000062185,8.11318091091514,-4.2988742202202,0.529206484224821,-4.76342389272838,0.670470219618287,9.22655093,0.21425348,-0.918,0.02388967,92.858879053117,-136.162514977397,1307.35201135957,0.237733582080865,0.210950011128185,6.1912663543558,0.132691747890908,-0.863335352562083,-909.516294947404,-911.235885853911,-922.706098397603,-923.84802805131,1.11840068175784,-972.526496328518,0.60917254620039,1868.58783302365,1882.57862914183,NA,2478.54150774173,0.468537696247408,0.878857193752631
"787",-5.86,0.79,-5.86,0.83,1.359326,9.604077,-1.1484446,0.2002995,35,35,-6.01793011521531,0.784935575303693,-6.81751940656899,0.956844616628762,1.46541255148009,12.4650022433384,-1.57884094489521,0.261853817421308,1.46541255148009,8.62655930148049,-6.41772476089215,0.870890095966227,1.46541255148009,12.6248380020503,-1.61320510202781,0.269241997043634,1.46541255148009,8.70149908188861,3.3730651123584,0.0886976558886773,-0.533543421988155,-7.29922830537495,-7.07462801338434,2.31262644117003,8.55311674443994,-4.02794707086932,0.530896586346281,-4.93422235797727,0.695013028455925,6.9213437,0.14527292,-0.885,0.02813189,63.8412840655565,-78.1273250022756,1348.660555144,0.370222531470585,0.285542497110537,9.43438621081586,0.20023906974605,-1.33163688109371,-933.886479946927,-934.777958350923,-947.420210281607,-947.963028480057,0.529358923386874,-979.674289649833,0.271717132394291,1917.32820302269,1932.00685290984,NA,2619.19378528572,0.499353201547243,1.24707885320451
"788",-5.86,0.79,-5.86,0.83,1.359326,9.604077,-1.1484446,0.2002995,35,35,-5.37993946797655,0.720849148295817,-5.99356565092821,0.899023291280137,1.38471334826339,7.49593216690708,-0.740144871823623,0.136048673357135,1.38471334826339,9.73454626315359,-5.68675255945238,0.809936219787977,1.38471334826339,7.59006644000803,-0.767477951638661,0.143985179664184,1.38471334826339,9.91225933602475,3.14322335394819,0.0817931658082734,-0.494924604632451,-7.04304800661637,-6.59515875175712,1.91841442309829,12.5137564394692,-3.56460501601303,0.463616155655128,-4.59145186713732,0.699780813345254,4.45026046,0.08826129,-0.775,0.0240626,97.4136718507979,-145.272100572758,1298.14007687234,0.0361789498984131,0.0265200510198684,6.94898545292365,0.160910368809382,-1.00763977347186,-912.711577594367,-914.332147397021,-941.168404323567,-942.317783573366,1.12575684700515,-946.02692771691,0.920809370834942,1874.97839831757,1919.50324099376,NA,2451.00805317193,0.460254993256888,1.02987953083756
"789",-5.86,0.79,-5.86,0.83,1.359326,9.604077,-1.1484446,0.2002995,35,35,-5.50223968613802,0.764467089414496,-6.62972787834624,0.956808233842465,1.08629277234599,8.93500002492357,-1.05331187176809,0.19064608516307,1.08629277234599,11.7132141373063,-6.06598378224213,0.860637661628481,1.08629277234599,9.25280743081582,-1.10752746407268,0.199894864123035,1.08629277234599,11.7891745987836,2.0025129283587,0.0568510033752248,-0.324573165811712,-6.90548381859922,-6.88705324438758,1.73617311719094,12.3308781492605,-3.88335440749233,0.534558234525776,-5.15392006184146,0.757344051896203,4.7354144,0.1061287,-0.796,0.0223355,111.040068228531,-172.524893328225,1285.03252009793,0.115122507475961,0.0791083295969444,7.14648966234053,0.161952862499468,-1.04192869293769,-871.893397113142,-873.161314261175,-893.543656154442,-893.960656152604,0.406294688713025,-921.095203231115,0.00174651736226617,1793.34203735512,1824.25374465551,NA,2397.54014686763,0.333343605848792,0.98162016262598
"790",-5.86,0.79,-5.86,0.83,1.359326,9.604077,-1.1484446,0.2002995,35,35,-6.25378350480347,0.910463206234811,-6.59516523375588,0.908423449520919,1.31596113959682,12.8604456113733,-1.73335907191317,0.311257316617977,1.31596113959682,10.7587599237058,-6.42447436927968,0.909443327877865,1.31596113959682,12.889580982589,-1.73318498799476,0.31125835676984,1.31596113959682,10.8418720237392,2.74385136461275,0.0669887541399149,-0.413491169639831,-6.78722055263709,-7.1407546242634,2.26258314760386,9.65077599573095,-4.48898544007829,0.651685824409282,-4.71595508431924,0.650293866907251,7.88704592,0.18405396,-0.899,0.02370201,93.5251583483724,-137.495073567907,1345.70528687648,0.758250697117745,0.761153767411123,7.80081612111884,0.174253062285841,-1.1129612387311,-921.663423017773,-921.982121289106,-935.070764752422,-935.56379147017,0.48063085214229,-978.121278452047,0.617196866588373,1892.88208916438,1907.30796185147,NA,2553.91550018506,0.402161293733273,1.12388894790323
"791",-5.86,0.79,-5.86,0.83,1.359326,9.604077,-1.1484446,0.2002995,35,35,-6.55352674736696,0.85330235435876,-6.07013878854034,0.860048554492756,1.43651047734723,6.69602799228625,-0.72773793222234,0.137476642089432,1.43651047734723,7.92713014445536,-6.31183276795365,0.856675454425758,1.43651047734723,6.7544439719709,-0.726922674244189,0.137488019893494,1.43651047734723,8.09418094552991,2.74763843894087,0.0699230052734296,-0.426828161385617,-7.42751335917514,-6.90393328566311,1.90478554891467,10.4275819340264,-4.11980263893784,0.539352130295645,-4.1116067083547,0.571932626801073,2.86522793,0.06508501,-0.741,0.02858232,73.8764774842239,-98.1977118396104,1314.05066841293,0.758874059547568,0.723681613084376,10.1152890742169,0.2111406645023,-1.41248923783575,-913.510092869271,-914.27605790007,-937.259668031887,-938.557452744746,1.27246430703432,-938.411438034654,1.49869324404187,1876.57542886738,1911.6857684104,NA,2529.90362498626,0.399359768711834,1.33864365398203
"792",-5.86,0.79,-5.86,0.83,1.359326,9.604077,-1.1484446,0.2002995,35,35,-6.02916927614294,0.87819835087006,-6.05733930591851,0.936426489324436,1.38449084381208,9.62732201146288,-0.972226264523597,0.132048153407826,1.38449084381208,7.74877008347146,-6.04325429103072,0.907312420097248,1.38449084381208,9.62752039910727,-0.972636336622106,0.132895782434791,1.38449084381208,7.8184201308824,3.7685974354868,0.102771804109995,-0.608205229611385,-6.75483198306915,-6.43609383161805,1.80374510093532,10.3613498204216,-4.58988268936035,0.665772239043573,-4.66028092858635,0.726251730761235,6.07481706,0.09044792,-0.871,0.02791783,70.5225125851169,-91.4897820413965,1257.97833044398,0.464442452977767,0.425406924521276,5.82422932566204,0.130456093177334,-0.842860250408596,-901.993789825363,-902.564347578468,-926.810250584456,-927.365322716801,0.541356462537692,-924.854437455424,0.589942879817404,1853.54282277956,1890.78693351554,NA,2424.46687884657,0.57029662743488,0.799554410249991
"793",-5.86,0.79,-5.86,0.83,1.359326,9.604077,-1.1484446,0.2002995,35,35,-5.36183174542121,0.71306048358067,-5.9239640264832,0.852034608546353,1.2365823244111,9.52218098003245,-1.24267343728613,0.227549041491114,1.2365823244111,9.5379828948536,-5.6428978859522,0.782547546063512,1.2365823244111,9.60117915538543,-1.26220389775502,0.232377493343608,1.2365823244111,9.62270020342537,2.84815005181193,0.0729020132781938,-0.4407875135333,-7.07134313296256,-6.80550353978735,2.06528121852798,9.06155382720174,-4.07711241802796,0.548466048638067,-4.89014797258966,0.713890547834923,8.16079095,0.20396785,-0.902,0.02314062,94.9166885311794,-140.278133933521,1267.62806369763,0.396313560500199,0.388376494983389,5.07450193289988,0.106465030769029,-0.700144127243805,-896.372661451178,-897.070147417506,-912.155000835638,-912.715497229477,0.546667900333552,-953.775405685414,0.404708231879117,1842.30056603119,1861.4764340179,NA,2394.97799346174,0.426940585442479,0.712282905394221
"794",-5.86,0.79,-5.86,0.83,1.359326,9.604077,-1.1484446,0.2002995,35,35,-5.48370706663403,0.749925218632254,-5.61773429483795,0.778246092045961,1.25384955604482,7.812856582493,-0.875738211423719,0.161116829105194,1.25384955604482,9.78672377150164,-5.55072068073599,0.764085655339107,1.25384955604482,7.81734740696801,-0.876687153464706,0.161317347072923,1.25384955604482,9.7889857489195,2.89950732836996,0.084859740498971,-0.483474079261976,-6.97358790221865,-6.93888669521081,1.89678474063269,11.0896561089371,-4.09012399098922,0.55770392762646,-4.06176789753355,0.567162670490722,5.03030165,0.09563563,-0.808,0.02662334,76.8835447761885,-104.21184642354,1274.77726612531,0.963427863217792,0.960777628048413,6.47753025406785,0.144398519020512,-0.934069551312833,-893.718918360382,-893.750808191082,-917.185531717881,-917.200209188365,0.0142596090965835,-939.351390649779,0.0062489079725648,1836.9930798496,1871.53749578239,NA,2445.34268582708,0.471723892009665,0.890932310782993
"795",-5.86,0.79,-5.86,0.83,1.359326,9.604077,-1.1484446,0.2002995,35,35,-5.85813232831289,0.759399708995839,-6.6030272812888,0.959962659229385,1.2162488170232,8.75414539604499,-1.08826505093176,0.197159323513392,1.2162488170232,9.4555844956576,-6.23057980480084,0.859681184112612,1.2162488170232,8.89286251878725,-1.12561463327749,0.207215697764988,1.2162488170232,9.67477522008071,2.92453780225909,0.0856003265968551,-0.487293302926053,-7.29156660202337,-6.84155939714494,1.88861497342852,9.96655244995089,-4.85196626093812,0.635085555300614,-5.70474724329611,0.821964597760892,9.20760543,0.18388575,-0.903,0.02008089,127.549551760107,-205.543860391376,1299.93036602768,0.191740677336751,0.20926304823114,4.58122687577865,0.117717082879425,-0.697290045632924,-889.605461750133,-891.329698339402,-907.543406431345,-908.995714985444,1.42555103131359,-934.881346489181,1.16351596571856,1828.7661666291,1852.25324520932,NA,2394.31687166399,0.477269671980897,0.738438997676997
"796",-5.86,0.79,-5.86,0.83,1.359326,9.604077,-1.1484446,0.2002995,35,35,-6.64379446063238,0.961201851500134,-5.25890995092947,0.817719610426521,1.36291815244759,8.76290602732699,-1.12723014880254,0.200328820214608,1.36291815244759,7.57780239028015,-5.95135220578092,0.889460730963327,1.36291815244759,9.24238230363075,-1.17690673207262,0.205475608590484,1.36291815244759,7.79174844640002,2.62774753892956,0.0715013395754209,-0.417656509910089,-6.87494378960495,-6.34488934334592,2.00799162552742,8.19180887641591,-4.89943003986408,0.712648663322837,-3.81401013209946,0.576962968867279,4.41607553,0.08037692,-0.856,0.02819028,74.8944001001355,-100.233557071434,1234.22681094369,0.291246034891288,0.304845626645766,8.71318577676465,0.212341602418726,-1.318040193768,-907.092903626841,-908.766063070665,-921.581208532637,-923.30571845414,1.69604417940849,-943.718910108792,1.81144454123533,1863.74105038252,1880.3288494119,NA,2368.22006481594,0.419550400243781,1.25205209827844
"797",-5.86,0.79,-5.86,0.83,1.359326,9.604077,-1.1484446,0.2002995,35,35,-6.43880891281048,0.82742143670769,-6.15619057011542,0.867812603233454,1.47936572469768,8.66158882986782,-1.14415603026871,0.229100964970741,1.47936572469768,8.85353123783228,-6.29749974146295,0.847617019970572,1.47936572469768,8.68155711177475,-1.14130220913296,0.229508826554069,1.47936572469768,9.01792616582058,2.42214412841664,0.0666842380324703,-0.389137228113274,-7.46698733478351,-6.94372887394256,2.22825466017398,9.5918543172829,-4.27305702146881,0.549693686640271,-4.27364438501252,0.620254066092053,4.47106081,0.12670687,-0.838,0.02718398,75.5776416991406,-101.600040269444,1351.47320310954,0.366713391197432,0.33703148825386,9.24948677842041,0.189588293933375,-1.26167413638806,-932.798508115257,-933.503034718343,-951.373264450163,-952.531499326288,1.13450242693537,-974.181425628444,1.38051985756491,1915.15225935935,1939.91296124695,NA,2601.34636594963,0.383271220702376,1.28241567571677
"798",-5.86,0.79,-5.86,0.83,1.359326,9.604077,-1.1484446,0.2002995,35,35,-6.5538570830403,0.844203181265418,-5.82162316211667,0.772282844638851,1.30541907347566,13.1713533017176,-1.82082637713431,0.319349558483209,1.30541907347566,9.71012408674351,-6.18774012257848,0.808243012952134,1.30541907347566,13.3053949304554,-1.83399200465486,0.320642692188329,1.30541907347566,9.78077353252063,2.93264452780812,0.0778514913775253,-0.466026546512246,-7.48205421354729,-7.17830304743268,2.36450823052863,7.87253956836065,-4.5650167451456,0.591104237842771,-4.54371986591121,0.62375754064876,7.6920213,0.1831501,-0.897,0.0221144,109.630323227364,-169.70540332589,1342.62337693859,0.75909781598972,0.763295005515289,7.8326743721771,0.159596951110346,-1.07550445395216,-916.268586739466,-916.6796739051,-926.561553191582,-927.021792601537,0.448562712619748,-982.523184224796,0.523352248359285,1882.09241660777,1890.28953872979,NA,2515.54135055128,0.437668865448945,1.04395211551643
"799",-5.86,0.79,-5.86,0.83,1.359326,9.604077,-1.1484446,0.2002995,35,35,-6.10452190658583,0.796736617410481,-5.79680192526022,0.84247147507963,1.18675176281415,6.90710208674314,-0.951086921222581,0.18945845233482,1.18675176281415,8.20006941043655,-5.95066191592302,0.819604046245056,1.18675176281415,6.93077498346989,-0.947568538835611,0.189981371636325,1.18675176281415,8.45218444310676,2.97458561418903,0.0835547728981279,-0.487280896783586,-7.31551254162668,-6.73531611310884,1.84613613115376,8.36075087013468,-4.59303026889808,0.601602816315257,-4.75593811036416,0.70840415669328,4.3410351,0.1099263,-0.845,0.02263681,117.391581100459,-185.22791907208,1251.1073963649,0.175740557536107,0.164126487336113,5.38911053133893,0.123637947939886,-0.773923168213793,-876.257767997896,-877.43154750117,-892.573544421081,-894.46598351188,1.86344487815781,-923.766518983451,2.31804922719427,1802.07077912463,1822.31352118879,NA,2316.98687365772,0.461408008205304,0.808987419082539
"800",-5.86,0.79,-5.86,0.83,1.359326,9.604077,-1.1484446,0.2002995,35,35,-5.26391477718996,0.813414260803911,-5.40733584941888,0.771943728153247,1.25707469277341,10.1227849745481,-1.32408113155015,0.240289532343759,1.25707469277341,9.70316251285496,-5.33562531330442,0.792678994478579,1.25707469277341,10.127927375538,-1.32259419448548,0.240719483613342,1.25707469277341,9.81234094853882,3.31473058926064,0.0838203541155709,-0.51212466160827,-6.37554432856342,-6.76603610300302,2.09774025152406,9.19197317801387,-3.92539944728627,0.607885219583684,-3.8825783647209,0.557595317899449,6.90723001,0.18258191,-0.869,0.02191521,101.914511052266,-154.273778975695,1243.21053833093,0.711133797178382,0.678380005342147,5.22343765486356,0.119355217853511,-0.762326846655252,-901.927112603408,-902.382865665619,-917.270530031402,-917.980953202271,0.693639250790193,-958.046767809208,0.848712811322172,1853.40946833565,1871.70749240943,NA,2332.14729768617,0.48392603547227,0.730146456953541
"801",-5.86,0.79,-5.86,0.83,1.359326,9.604077,-1.1484446,0.2002995,35,35,-6.03027887848959,0.78920089017217,-5.3513374543403,0.741546946071379,1.51468677966244,8.18320031191694,-1.14157129039695,0.221980805889587,1.51468677966244,6.98705685935838,-5.69080816641494,0.765373918121775,1.51468677966244,8.29844067627342,-1.14965984956548,0.222548530486677,1.51468677966244,7.08053528922339,3.20181685950148,0.0935647659306233,-0.535467208070465,-7.28616542639756,-6.89113386979858,2.33726625823239,7.01553723662917,-4.64550000739127,0.610376767031142,-3.47147487625738,0.471671577147041,4.67488426,0.11174846,-0.833,0.02675556,79.6035229393766,-109.651802749916,1287.91276345174,0.244288806920607,0.149517497583612,7.49363852711177,0.167940386021416,-1.08823476361073,-928.501164895292,-929.168978151412,-942.453569507962,-943.268074115442,0.795854260555694,-976.128829987439,0.991219223584035,1906.55757291942,1922.07357136255,NA,2466.17372415356,0.512621847283889,1.0158126259273
"802",-5.86,0.79,-5.86,0.83,1.359326,9.604077,-1.1484446,0.2002995,35,35,-6.41902467611611,0.822504137766703,-5.83514239194169,0.867368704762057,1.28315021486116,7.45228253189313,-0.721219895625722,0.107878760908431,1.28315021486116,8.07857590021164,-6.1270835340289,0.84493642126438,1.28315021486116,7.5375121623363,-0.714670989161784,0.108381968251351,1.28315021486116,8.57610767178775,3.38669840149631,0.0773470057922331,-0.495175859349022,-7.47649909273101,-6.62532532799389,1.67555757632807,10.9943368197196,-4.64278883474618,0.593023892441573,-4.18477681366067,0.621632519723742,4.4773771,0.06336614,-0.82,0.02553378,95.644469664981,-141.733696201125,1278.43323909035,0.103022750379793,0.0998835803578056,7.14312488457803,0.147212580280316,-0.97945622186964,-884.23394463894,-886.589284306342,-910.777044283618,-914.511815252539,3.72659333788092,-908.690860367081,4.28990646807948,1818.02313240672,1858.72052091386,NA,2415.13278197957,0.469332149435502,0.983689679852288
"803",-5.86,0.79,-5.86,0.83,1.359326,9.604077,-1.1484446,0.2002995,35,35,-5.85663386742944,0.759183010295727,-5.2524433293246,0.818834156607292,1.30650665090249,9.24235865570668,-0.976254586739596,0.178871510451938,1.30650665090249,11.8222922870004,-5.55453859837702,0.789008583451509,1.30650665090249,9.33362020729055,-0.967244422192459,0.179761075266009,1.30650665090249,12.4450191485268,2.56863614145329,0.073976417676974,-0.423360863587462,-7.2913591759201,-6.33178254400694,1.97108961026573,13.721865578518,-4.37997477147543,0.575668154302581,-3.75241976396474,0.608178427857141,5.42642031,0.11000344,-0.786,0.02383986,95.9807234154159,-142.406203701994,1341.1296657181,0.0808606358118637,0.0755760364414363,6.64556368387417,0.137919533390659,-0.887546464009451,-912.215174342381,-914.156873884718,-939.365287808442,-942.684930910362,3.30248489396271,-955.660256191538,3.77604421703019,1873.9855918136,1915.89700796351,NA,2539.85312773421,0.417613437098985,1.02038834087447
"804",-5.86,0.79,-5.86,0.83,1.359326,9.604077,-1.1484446,0.2002995,35,35,-5.53753748725898,0.788425288988046,-6.23585255478379,0.911631832312827,1.23318556340287,5.51412402807345,-0.721933917583725,0.160917865502571,1.23318556340287,8.60641956662362,-5.88669502102138,0.850028560650437,1.23318556340287,5.63603501145651,-0.743443163989062,0.164712828582082,1.23318556340287,8.63468136174647,2.26779221693225,0.060745082568202,-0.354180665543059,-6.79804486631979,-6.76232723084974,1.78791010418237,9.9618569859483,-4.25146591832527,0.608146683330959,-4.46495152670958,0.657531427631488,3.68339478,0.11149705,-0.818,0.02518242,91.1371816063703,-132.719120083903,1244.63456324647,0.884738220605783,0.849773762690847,5.83601993952431,0.133116832207646,-0.849780356284988,-882.252425695284,-882.852370787519,-905.002265894525,-905.207901433643,0.200053938413353,-921.441253332207,0.00774609023989168,1814.06009451941,1847.17096413568,NA,2356.55000640904,0.370596309025172,0.819431294533026
"805",-5.86,0.79,-5.86,0.83,1.359326,9.604077,-1.1484446,0.2002995,35,35,-6.18021724738173,0.841033525338196,-6.12106200225905,0.837935991722649,1.51202857774636,6.11358784773863,-0.713731526662206,0.130775479081144,1.51202857774636,5.97933492810016,-6.15063962482039,0.839484758530423,1.51202857774636,6.11446268349501,-0.713777335502282,0.130777877759768,1.51202857774636,5.98030767368843,2.41153573794677,0.059878448118495,-0.362941602794584,-7.12729836769184,-7.08659742630239,1.97589758694162,7.7397202189849,-4.93514624148626,0.676999784291995,-4.61986409762535,0.634635549090319,5.08911959,0.0960688,-0.881,0.02881441,71.9379264971675,-94.3206098654976,1270.83677530949,0.91741400229727,0.908125808658245,5.37465282553087,0.121108872733971,-0.769375901748785,-914.128518106248,-914.135106001899,-932.582419011346,-932.592174589369,0.00947750762553804,-938.006196016559,0.0114154729483694,1877.81227934133,1902.33127036932,NA,2447.35294075349,0.371167817306137,0.781306110477867
"806",-5.86,0.79,-5.86,0.83,1.359326,9.604077,-1.1484446,0.2002995,35,35,-6.39683189602862,0.849198322986827,-6.35010624734065,0.90579611748692,1.48496955040906,10.346823111763,-1.34632431063878,0.236264992772293,1.48496955040906,7.75662306320615,-6.37346907168463,0.877497220236874,1.48496955040906,10.3473689333243,-1.3456631684732,0.237065820357862,1.48496955040906,7.84826786414076,3.17135265499298,0.0821073323861945,-0.489784602287737,-7.29526926475134,-6.91134860223252,2.2319127042094,8.10477298692483,-4.34269488521089,0.575371168454419,-4.68053492980189,0.675007015337219,4.5467869,0.1043465,-0.846,0.029193,64.3348717769372,-79.1145004250371,1311.19176356427,0.442308103888626,0.421786405162267,9.9643347541214,0.21136848667498,-1.4054368311482,-930.567678807204,-931.072886450944,-944.038200240363,-944.76699703214,0.711672344301195,-969.288277093505,0.863144699833759,1910.69060074324,1925.24283282735,NA,2543.26902670351,0.494082214056998,1.31905022397294
"807",-5.86,0.79,-5.86,0.83,1.359326,9.604077,-1.1484446,0.2002995,35,35,-6.0521853955366,0.753839362699113,-6.63876835402271,0.997017132191177,1.4101468038495,8.357981115505,-1.09953610221788,0.196725425073927,1.4101468038495,6.79784360603139,-6.34547687477965,0.875428247445145,1.4101468038495,8.44400100730159,-1.13519708608456,0.21150928196771,1.4101468038495,7.35232415807984,2.53216547383092,0.0631386624023206,-0.38160009306612,-7.51874677363319,-6.65653950855153,2.08287546581002,7.20233171134536,-4.58115391752432,0.585759853492408,-4.97713477818803,0.753406506621075,4.7158069,0.1167356,-0.871,0.0252912,96.3106998585201,-143.066156588203,1284.93091081316,0.0312563543449272,0.0278184214539609,7.57780394638186,0.173172709130829,-1.08469595395614,-910.166721441455,-914.113051525808,-923.254172417892,-928.062654957574,4.83526978024172,-948.703124437563,5.17809106833279,1869.88868601175,1883.67477718241,NA,2426.79566503811,0.392030304389502,1.14022120191743
"808",-5.86,0.79,-5.86,0.83,1.359326,9.604077,-1.1484446,0.2002995,35,35,-6.13322673413441,0.836288337588488,-5.18003563951775,0.78237605657869,1.40734473857991,10.332347273818,-1.06281064416266,0.187842988703487,1.40734473857991,11.9696369905505,-5.65663118682608,0.809332197083589,1.40734473857991,10.5594905895321,-1.07565782069991,0.188569622214407,1.40734473857991,12.2225605980363,2.46011703723019,0.0732081604354388,-0.406859400476849,-7.10857845514592,-6.47658277991477,2.07384009144698,14.3138387215743,-4.38546333253205,0.60388930935226,-2.98979586129402,0.458270454368955,3.97488494,0.09841629,-0.751,0.02815506,63.3084001738202,-77.0615572188031,1346.66636757459,0.0882183637483116,0.0666269340592597,10.6565543518443,0.20642540746118,-1.41864295100137,-930.535348122966,-931.419720239615,-958.380319333877,-959.732264148497,1.32608224282341,-969.489864464314,1.49663479970627,1910.62593937477,1953.92707101438,NA,2616.27117793039,0.432143513926075,1.4196584744102
"809",-5.86,0.79,-5.86,0.83,1.359326,9.604077,-1.1484446,0.2002995,35,35,-5.83158913030876,0.763522076613183,-6.39670584302994,0.87269333677314,1.22580771924909,4.39370191383983,-0.49791413546166,0.114622185354029,1.22580771924909,8.0530339321244,-6.11414748666935,0.818107706693162,1.22580771924909,4.47354113858903,-0.513337761377966,0.117601776365258,1.22580771924909,8.07983552985392,3.12272066049466,0.0856483610685293,-0.505093037693791,-7.2404634044994,-7.15516599941413,1.67232290469063,10.3200961442866,-4.43115277353349,0.58931610245255,-4.66981143691175,0.637911222046934,4.27735952,0.11852577,-0.833,0.02270847,114.634608945918,-179.713974762999,1281.41395693647,0.900607584588995,0.923643371830692,5.12499825124443,0.10119803748241,-0.692350534784868,-872.738388642561,-873.304018328763,-899.378874650191,-899.58580419449,0.201314681826234,-906.192503185721,0.0457349645155392,1795.03202041396,1835.92418164701,NA,2383.11393910993,0.476067945386574,0.674964053556596
"810",-5.86,0.79,-5.86,0.83,1.359326,9.604077,-1.1484446,0.2002995,35,35,-6.35710791707234,0.804161720192301,-5.36096624392535,0.732962801789108,1.29719466023328,11.0890238363911,-1.26650319949543,0.221928063087147,1.29719466023328,11.9769070830739,-5.85903708049885,0.768562260990705,1.29719466023328,11.3370983946361,-1.28423425192153,0.223195384582593,1.29719466023328,12.2062550044241,3.01833802080588,0.076602293602323,-0.466430074328046,-7.52386171113157,-6.95190476969999,2.11728766290572,12.4248384624122,-4.84445073021263,0.620913566606332,-4.16387621637764,0.59366847315246,8.58068014,0.18416826,-0.875,0.02188422,107.892636370919,-166.230029613001,1374.81273728528,0.364265347623383,0.335484664277607,6.4742127002291,0.123884630875968,-0.83654300344839,-915.868952100208,-916.748596854454,-938.451854113282,-939.678196833687,1.20180090309472,-969.961899528903,1.36957145566156,1881.29314732925,1914.07014057319,NA,2583.39544495756,0.444680019739545,0.934463483244444
"811",-5.86,0.79,-5.86,0.83,1.359326,9.604077,-1.1484446,0.2002995,35,35,-6.23439974734826,0.861292955803663,-6.4609838472622,1.0120971016394,1.37350071145975,7.99080677696242,-1.01964146533833,0.183521879044644,1.37350071145975,7.18974440588855,-6.34769179730523,0.936695028721532,1.37350071145975,8.00364186554588,-1.0281839207502,0.189207351644956,1.37350071145975,7.51411439698596,2.69562427203508,0.0706453938461135,-0.42261231136692,-7.06078042347414,-6.38891244605937,1.94603591935126,8.17807390634078,-4.87439737337106,0.673166294578825,-4.57692164320381,0.727243167238738,5.16218522,0.12905312,-0.871,0.02713885,76.3390891733685,-103.1229352179,1263.59432865464,0.0972360396497878,0.0904042619586864,7.04468724824487,0.157789336069009,-1.00804333173487,-905.110289946271,-907.179889302451,-920.23554193483,-922.954524939219,2.69326590690238,-935.988127368469,3.00754714062559,1859.77582302138,1877.63751621629,NA,2424.06572209138,0.40961629073831,1.01047941628229
"812",-5.86,0.79,-5.86,0.83,1.359326,9.604077,-1.1484446,0.2002995,35,35,-5.63749373805294,0.780295546872058,-6.38789794321356,0.947737706841536,1.3413659838413,8.28974429392073,-0.791920184890895,0.151912265103918,1.3413659838413,12.0850152019569,-6.01269584063325,0.864016626856797,1.3413659838413,8.43052091170143,-0.823332510131467,0.158921484337729,1.3413659838413,12.1713204106518,2.42122571427327,0.0678504317736393,-0.394004228138534,-6.94643601690897,-6.69926316194787,1.86707690143509,15.636347315494,-4.67981907668474,0.659180191793055,-4.67030504518663,0.695230001019236,6.0661769,0.1216939,-0.775,0.0216927,112.764691915737,-175.974140702636,1360.96096138441,0.812724902433344,0.831602897166166,5.44154100344166,0.12424774040536,-0.779659520857793,-915.37526643838,-916.489962757737,-947.236299101392,-947.696484136802,0.448509543220089,-946.657170856094,0.234060605718774,1880.3057760056,1931.63903054941,NA,2545.94778206618,0.383002186100674,0.814249818720383
"813",-5.86,0.79,-5.86,0.83,1.359326,9.604077,-1.1484446,0.2002995,35,35,-6.21332508693604,0.87007056995963,-5.46334933364726,0.774843991712178,1.46295531261776,4.98358979772401,-0.477969216323205,0.10826122362961,1.46295531261776,8.14863431408427,-5.83833721029165,0.822457280835904,1.46295531261776,5.12420570535427,-0.495823622511765,0.110528248930789,1.46295531261776,8.18236112656379,2.15224834849757,0.0540928884781878,-0.32858546305925,-6.98741100930225,-6.80477056744794,1.88387754625826,11.4107482994641,-4.77326343235752,0.662692411520185,-4.14775477746122,0.588792657471373,5.05974205,0.09541213,-0.82,0.02541519,88.6570240783982,-127.758805027959,1287.22400645232,0.696355918933418,0.581848079562541,5.0450922644797,0.119130461818679,-0.734660358827638,-913.313538994604,-913.918711648039,-943.44455542234,-943.702138764739,0.250684765602324,-938.595966066944,0.169781443631608,1876.18232111804,1924.05554319131,NA,2446.68920787667,0.323896956216109,0.772585607684694
"814",-5.86,0.79,-5.86,0.83,1.359326,9.604077,-1.1484446,0.2002995,35,35,-6.18502139026704,0.92022624844618,-6.17526044160322,0.86260205537824,1.35504072718163,10.3431764203685,-1.2210931052133,0.211257482202358,1.35504072718163,9.88843100511583,-6.18014091593513,0.89141415191221,1.35504072718163,10.3432002393982,-1.22123372191088,0.212087619109041,1.35504072718163,9.96571850729045,2.10823149030027,0.0545373679523745,-0.325551014494886,-6.66029275898592,-6.99384184121923,2.0184385599222,11.0873133054848,-4.44001352449897,0.674173105911926,-4.63467353031588,0.641868396049109,7.46437192,0.14915088,-0.887,0.02408139,90.1945432336913,-130.833843338545,1304.55773583282,0.441028127478201,0.436132656167993,6.67492260449035,0.154273717460478,-0.965258615520248,-917.307068495473,-917.673440567082,-936.857660919204,-937.352774920689,0.482672861260248,-954.574790288826,0.542651675026086,1884.16938011978,1910.88175418504,NA,2478.2816283271,0.327901892424056,0.994677966636097
"815",-5.86,0.79,-5.86,0.83,1.359326,9.604077,-1.1484446,0.2002995,35,35,-6.25502243193531,0.786224588080701,-7.08005664863488,0.976483570164714,1.24073507314487,10.3215617551304,-1.24208673651698,0.209119407139022,1.24073507314487,9.803406571915,-6.66753954028509,0.881354079122707,1.24073507314487,10.4917321198116,-1.28132927908042,0.218169027204933,1.24073507314487,9.93535441456689,2.96213520315558,0.0777997724493682,-0.470411915389595,-7.52864101752712,-7.22016145225136,1.92892715419944,10.3273402494935,-4.27282931213655,0.548080509441093,-5.09274057248478,0.705625013360051,5.75655066,0.14685097,-0.868,0.02246398,114.810473407327,-180.065703685816,1355.67632201864,0.396879562451239,0.367790837322254,9.93281384378249,0.182467575231416,-1.30992650856676,-897.01406226737,-898.384814695361,-914.717668011978,-915.567436995617,0.830520747377388,-941.188729158097,0.518269902679822,1843.58336766358,1866.60176837058,NA,2531.28694035147,0.429959362734819,1.21239163969812
"816",-5.86,0.79,-5.86,0.83,1.359326,9.604077,-1.1484446,0.2002995,35,35,-5.9776123326355,0.857862552329667,-5.77711416742474,0.898663379240147,1.37551948393238,8.75562450931718,-0.84933493284464,0.142907078444163,1.37551948393238,10.3581187554988,-5.87736325003012,0.878262965784907,1.37551948393238,8.7656743878804,-0.847289810110982,0.143323255313308,1.37551948393238,10.4859734609903,2.54350468983627,0.0628550908196827,-0.388113339227766,-6.82443046497459,-6.38085153105353,1.84413003636167,13.8201752279149,-4.68188156547468,0.68082071638201,-4.30822589756978,0.654946156866967,6.15758407,0.09734947,-0.852,0.02459359,92.1681949418165,-134.781146754796,1293.81856490337,0.803394218829728,0.826872958994206,6.28878564934403,0.150914805558656,-0.91794759373352,-914.635241613995,-915.137946435345,-943.488886299882,-944.272451937011,0.76545422358936,-939.581383908515,0.856729866125255,1878.82572635683,1924.14420494639,NA,2452.85598305194,0.366545426203969,0.993133383547068
"817",-5.86,0.79,-5.86,0.83,1.359326,9.604077,-1.1484446,0.2002995,35,35,-4.66815970537318,0.568639781516441,-4.67139687027523,0.715801579856862,1.3754420426267,8.44819556023192,-1.10792444937431,0.209868250567087,1.3754420426267,8.21660560618835,-4.66977828782421,0.642220680686651,1.3754420426267,8.44819818004107,-1.10804354612644,0.215282399289784,1.3754420426267,8.73700500079688,3.39590473120668,0.0952303383451519,-0.557351563864153,-7.23809226409515,-6.36457751551601,2.39267595254628,7.46210542581256,-3.26442886201506,0.389695263081526,-3.52382557038347,0.539330422136279,4.75537377,0.11412182,-0.83,0.02905649,57.5858928558467,-65.6165425828561,1243.90894205371,0.0634766906892419,0.0516356120086868,5.67396905232027,0.14141571805466,-0.84426116726225,-912.550460975621,-915.102127717991,-928.850273694258,-932.695146986092,3.83950017451326,-983.766845984792,4.4846146269997,1874.65616508008,1894.86697973514,NA,2422.20134152456,0.520238086699427,0.918513106741085
"818",-5.86,0.79,-5.86,0.83,1.359326,9.604077,-1.1484446,0.2002995,35,35,-6.47999790312968,0.856895803192992,-5.26007332552398,0.805686168641519,1.4272636764182,7.8834988176274,-0.818492733086379,0.164468230237477,1.4272636764182,10.7561380668859,-5.87003561432683,0.831290985917255,1.4272636764182,8.25555281138902,-0.834110706036267,0.165123836905201,1.4272636764182,11.2733018631175,3.62989000729876,0.0870194526712251,-0.54587609726568,-7.33257567665958,-6.417744850204,2.00090029949756,13.5968471495037,-4.93774646283621,0.658577677944227,-4.0307298687199,0.633176331160609,4.79144642,0.0914554,-0.747,0.02287256,107.709255603103,-165.863268077369,1352.32635464362,0.12415572094732,0.11947635861711,7.08423109397005,0.153938180961976,-0.974570904137101,-926.205046224666,-928.178528331518,-954.947144823081,-957.960702934036,2.99138526135617,-959.039396866158,3.40991876189119,1901.96533557817,1947.06072199279,NA,2538.78944120987,0.510923803997382,1.0895450628489
"819",-5.86,0.79,-5.86,0.83,1.359326,9.604077,-1.1484446,0.2002995,35,35,-6.47193208832162,0.880975328974703,-5.92712896455419,0.833486258289786,1.46322852265837,11.400556098056,-1.31126507828352,0.20889562352971,1.46322852265837,8.90161274114844,-6.19953052643791,0.857230793632245,1.46322852265837,11.4747587089727,-1.317733126797,0.209459426488339,1.46322852265837,8.94604765575046,2.42499440754966,0.0648860793178341,-0.382965552117594,-7.18105027829848,-6.91917474893384,2.14429881103087,10.0989255787811,-4.96686886548657,0.67834820126292,-4.16145815758065,0.591851547686607,6.0800423,0.11052328,-0.856,0.02616223,81.1883270734953,-112.821411018153,1320.86842254673,0.561604917393684,0.479233470994302,9.08565423374546,0.186102918910232,-1.26157578920618,-930.222686126699,-930.452559870871,-949.026817817119,-949.340250146844,0.305159802946114,-966.408660139729,0.342902422818768,1910.00061538224,1935.22006798087,NA,2528.91543407532,0.379099217151438,1.17317771503873
"820",-5.86,0.79,-5.86,0.83,1.359326,9.604077,-1.1484446,0.2002995,35,35,-5.74993510715383,0.770384588600977,-6.25275337027972,0.821438385155943,1.53011250617964,6.06228736739762,-0.802578882324014,0.167002574169626,1.53011250617964,6.52151633781574,-6.00134423871678,0.79591148687846,1.53011250617964,6.12549391883085,-0.808996577651449,0.167654196705294,1.53011250617964,6.54786916770473,3.03039572278142,0.0828963272509859,-0.486402119228781,-7.11792431073213,-7.31657726516493,2.15032996453119,7.61181464353261,-4.31114362049542,0.573215592900584,-4.9488498770681,0.658814589076873,4.67993511,0.12528615,-0.856,0.02392373,106.054952733744,-162.554662338652,1296.50195283079,0.678315586751394,0.661485453140034,5.95297682934343,0.125444513417488,-0.830483534666873,-922.517848761175,-922.804220341247,-940.73223455858,-940.977062056295,0.238248825365388,-958.216827286707,0.253592986157493,1894.59094065119,1918.63090146379,NA,2430.44924332294,0.472773428029426,0.809615159629437
"821",-5.86,0.79,-5.86,0.83,1.359326,9.604077,-1.1484446,0.2002995,35,35,-6.16238442963214,0.791419182955006,-4.86290388818707,0.773091657745284,1.56777490746397,7.9731046824275,-0.733807759453854,0.131353931911332,1.56777490746397,9.43309869047236,-5.51264415890961,0.782255420350145,1.56777490746397,8.39526710182608,-0.739761825049571,0.13143790645641,1.56777490746397,10.2243077871736,2.77399703181796,0.0745421012975111,-0.437364909650272,-7.40505496316719,-6.21476507431137,2.09774586532772,12.7339583078576,-4.69318049189927,0.604481037879878,-4.0154391727934,0.638337989895497,2.578987,3.358828e-08,-0.075,0.02781505,85.0245935422427,-120.493943955648,1346.88292028551,0.0774758681874591,1,10.6162785897994,0.24582192541277,-1.54430470226106,-939.165806780264,-942.093920306913,-969.594766231841,-974.711657435452,5.15687814060607,-968.48690871486,5.85199372525416,1927.88685668937,1976.35596481031,NA,2573.27189661538,0.441425607396662,1.55470036936028
"822",-5.86,0.79,-5.86,0.83,1.359326,9.604077,-1.1484446,0.2002995,35,35,-6.16158785810743,0.872976553236877,-6.88319492402206,0.976641427122851,1.13378690037329,10.3133492293946,-1.0486633514692,0.145942933570101,1.13378690037329,10.3997821579922,-6.52239139106474,0.924808990179864,1.13378690037329,10.4435284187891,-1.06736467784002,0.148629535089549,1.13378690037329,10.4291938496487,3.2260911515433,0.0803841886606977,-0.49647309346843,-6.91836068408854,-7.02235925673058,1.59095966719538,12.9043799907705,-4.73833736930991,0.680359162022299,-4.82655966756537,0.699028774532133,4.30231212,0.08929342,-0.809,0.02254987,115.87359220079,-182.191941272743,1280.40308614825,0.979984059970461,0.988236730493099,8.79628565520948,0.15509115899828,-1.14542814147703,-869.955129793261,-870.401345238271,-896.394479439801,-896.574848419503,0.175441513261124,-901.169680307961,0.0581823047753847,1789.46550271536,1829.95539122623,NA,2378.61423102376,0.459444343832733,1.02597811543429
"823",-5.86,0.79,-5.86,0.83,1.359326,9.604077,-1.1484446,0.2002995,35,35,-6.39472205330057,0.84932619902886,-6.605774881046,0.903004260661767,1.34380470278272,9.47448042018866,-1.06105481564524,0.165860965695476,1.34380470278272,8.17814392072022,-6.50024846717329,0.876165229845313,1.34380470278272,9.4856162442135,-1.06388704231912,0.166581299270643,1.34380470278272,8.19060941635614,2.70959512802045,0.0786982997981391,-0.447468466142798,-7.29239756965532,-7.18365039645386,1.88286007912484,9.82108093040772,-4.50063407278916,0.607513526847219,-4.44388339649098,0.600903869156314,4.66918279,0.10013113,-0.834,0.02708577,78.465948228691,-107.376653328545,1315.65464514627,0.996803495905601,0.992402112480759,9.22748456704094,0.176020062105001,-1.2483257600913,-903.219588606478,-903.370976060699,-922.856336726247,-922.9513442439,0.0923556778543036,-933.666272381045,0.0690707579868676,1855.99442034179,1882.87910579912,NA,2523.93263696399,0.44772560827479,1.11035327072275
"824",-5.86,0.79,-5.86,0.83,1.359326,9.604077,-1.1484446,0.2002995,35,35,-5.82995974930257,0.809694351688113,-7.0457388091319,1.02559315329967,1.39700323442679,8.3637983233667,-0.903685411368891,0.154859711997303,1.39700323442679,8.73362787525506,-6.43784927921724,0.91764375249389,1.39700323442679,8.73332800394657,-0.969306721879284,0.166512785131629,1.39700323442679,8.81089260225529,3.30276679087295,0.0899322876041189,-0.527893925953517,-6.96375155658777,-6.89326142450797,1.9105127849918,11.0624839917666,-4.24733598547428,0.591315690327438,-4.99994641581288,0.722374468165964,5.14422093,0.09621753,-0.836,0.02701062,77.649225140049,-105.743207151261,1312.17769476968,0.46008416420327,0.413338553413514,8.31880419138842,0.184333807986851,-1.19801365177584,-913.393949859984,-915.106049318926,-936.48165086849,-937.035111269009,0.53977833376729,-941.039447716456,0.0256576520784969,1876.3431428488,1910.12973408361,NA,2518.61218238809,0.517133683970044,1.13250886597186
"825",-5.86,0.79,-5.86,0.83,1.359326,9.604077,-1.1484446,0.2002995,35,35,-5.66401186084483,0.791878391450211,-7.11037260764431,0.937157773483654,1.24110979340593,11.0966570598754,-1.1905587415687,0.181040281666885,1.24110979340593,10.7059633870314,-6.38719223424457,0.864518082466932,1.24110979340593,11.619646912346,-1.24309034044182,0.186316806377889,1.24110979340593,10.9815981478578,3.05309184925675,0.0797211945016402,-0.476203375136476,-6.90394654899475,-7.4847703315575,1.84759528265556,12.3129292936824,-3.67564770110563,0.514121647923263,-5.16297054701039,0.677740420170927,5.34094766,0.09828465,-0.824,0.02512778,90.9842052545563,-132.413167380275,1342.61167210796,0.136004291050142,0.0902941186133043,10.2246149509277,0.18946026623678,-1.3564755470586,-897.00042461606,-898.381555604342,-920.408233128509,-922.03738386566,1.60116370746213,-936.287442286973,1.63213197395053,1843.55609236096,1877.98289860365,NA,2552.81017683564,0.468601883931921,1.24329276432607
"826",-5.86,0.79,-5.86,0.83,1.359326,9.604077,-1.1484446,0.2002995,35,35,-5.28659776409898,0.784739976672025,-5.70051297061658,0.821980724712705,1.30770935769225,10.0028321785771,-1.32853115228401,0.238559342137168,1.30770935769225,8.68836491418301,-5.49355536735778,0.803360350692365,1.30770935769225,10.0456636281237,-1.33238478026305,0.238906060465825,1.30770935769225,8.71539931167162,3.15336293139174,0.0824528137022063,-0.495807693850882,-6.56906128029106,-6.7611057467637,2.13021559580345,8.29014915727503,-3.49622074194054,0.516568842984015,-3.92019161285556,0.564835446705638,5.07023109,0.12899606,-0.871,0.03048886,45.9012110485235,-42.2471789682096,1233.1967840486,0.804203781559062,0.746549786731401,7.84198229433581,0.177824087328595,-1.14386056621016,-906.344050556116,-906.511467618509,-919.972549383869,-920.167605253098,0.189747087925463,-958.567974918612,0.221770773210451,1862.24334424107,1877.11153111437,NA,2424.14638912899,0.470734905748022,1.07687848509734
"827",-5.86,0.79,-5.86,0.83,1.359326,9.604077,-1.1484446,0.2002995,35,35,-5.71124488089456,0.754433602825651,-6.59192759216344,0.948767924224767,1.419725058622,7.40551545362183,-0.787268065567147,0.149006807830046,1.419725058622,9.1023700555325,-6.151586236529,0.851600763525209,1.419725058622,7.5994159631038,-0.830054784832739,0.15844826494846,1.419725058622,9.20881499508163,2.51560486389849,0.0665878237464814,-0.390812482981652,-7.17426593008865,-6.89715504231761,1.95449637815449,11.5946637934143,-4.01085788078905,0.532584321679873,-5.049081786748,0.735094092538747,4.54324386,0.09716724,-0.803,0.02590045,86.0968879053072,-122.638532681777,1324.97908481699,0.145014854773267,0.121159720436626,7.41068376577484,0.162100885138612,-1.0442616742169,-917.406820456001,-918.910636918172,-943.037277023575,-943.77098251306,0.716490867940151,-948.126919349413,0.37122113307141,1884.36888404084,1923.24098639378,NA,2527.31963695221,0.406331833558669,1.06261165616681
"828",-5.86,0.79,-5.86,0.83,1.359326,9.604077,-1.1484446,0.2002995,35,35,-6.14212384969111,0.914251245749454,-5.72812051327865,0.770732290770623,1.27034108924257,8.76388671982892,-0.986644640945517,0.180583133240346,1.27034108924257,10.6788609698958,-5.93512218148488,0.842491768260039,1.27034108924257,8.8067364104691,-1.00149897249543,0.185732555849899,1.27034108924257,10.8488801410897,2.94433699236246,0.0778003444553937,-0.465057664516494,-6.65299273832676,-7.09403819730503,1.8942183454455,12.29904981736,-4.31664678621154,0.654437257284281,-4.18259727610497,0.560897810707318,4.14080325,0.10298885,-0.763,0.02444874,93.4768253370311,-137.398407545225,1309.85407434449,0.362378633041347,0.338165379729433,7.8790781432101,0.174108102884437,-1.12976925808212,-902.268127814551,-903.340186665179,-925.949445437697,-926.961148949383,0.989934178596972,-942.356658285556,0.918888930869151,1854.09149875794,1889.06532322202,NA,2482.30974114375,0.444408968031905,1.08367094221345
"829",-5.86,0.79,-5.86,0.83,1.359326,9.604077,-1.1484446,0.2002995,35,35,-5.62087246723421,0.747599809094262,-6.63530397941981,0.90105781450237,1.5673888671247,7.74650636184885,-0.943825571200743,0.184976557637911,1.5673888671247,7.89565147194842,-6.12808822332701,0.824328811798316,1.5673888671247,8.00377418507765,-0.982743730321528,0.190863897493869,1.5673888671247,7.93464350483834,2.29399156433234,0.0696744250217326,-0.383748097133297,-7.12460749110039,-7.22477591736385,2.22440324093313,9.35323114080001,-4.26497647719765,0.574534533550224,-4.5303699478859,0.61942003362982,3.51739491,0.07404461,-0.728,0.0252182,95.1519585710906,-140.748674013344,1335.54890302811,0.903490776344392,0.841589138148516,9.24805411305593,0.203546775204498,-1.33327623513379,-938.033998783596,-938.875992322642,-958.374978124851,-958.681136453341,0.298062288622155,-972.960059282021,0.0518464749062444,1925.62324069603,1953.91638859633,NA,2530.34913204287,0.408780768794057,1.23166765279997
"830",-5.86,0.79,-5.86,0.83,1.359326,9.604077,-1.1484446,0.2002995,35,35,-6.57522362720274,0.838747420524515,-6.32719070504276,0.879983556651216,1.08045950473531,8.94067661234441,-0.98780837925127,0.171187866356881,1.08045950473531,11.9257782423289,-6.45120716612275,0.859365488587866,1.08045950473531,8.9560566949632,-0.985251399415744,0.171612971087546,1.08045950473531,12.1266718646212,2.55389647862284,0.0702927913436176,-0.403815325255654,-7.53592476841783,-7.04221761788221,1.64759031877106,13.4498981520381,-4.9098692347139,0.620276414232532,-4.9461305611736,0.699597135229094,7.09798338,0.16462674,-0.843,0.01831346,148.501678476427,-247.448113824017,1355.19453621389,0.403544764040734,0.405597236466243,5.79637654458812,0.109701968836541,-0.769723817611528,-869.316074127152,-869.987227559381,-893.385207832614,-894.464786316716,1.0568621911786,-911.085821951429,1.21834918910168,1788.18739138314,1823.93684801186,NA,2462.94095860377,0.428466806738498,0.73851133974598
"831",-5.86,0.79,-5.86,0.83,1.359326,9.604077,-1.1484446,0.2002995,35,35,-5.50856856814417,0.801870389580301,-5.78310804461331,0.83026596175229,1.28873799101037,7.87721250907326,-1.01693776322821,0.196711018650024,1.28873799101037,8.80399763292081,-5.64583830637874,0.816068175666295,1.28873799101037,7.89605549010825,-1.01888668960774,0.196912595779767,1.28873799101037,8.81292589348315,2.74025550682688,0.0691903816540145,-0.422455262250696,-6.6889735170625,-6.79433952244782,1.97247824237582,9.384631851743,-3.75397818881327,0.543651925158553,-4.22964334181213,0.604044409573481,3.86849958,0.08971655,-0.835,0.02760481,75.1654079338596,-100.775572738882,1234.96929085676,0.76145657627598,0.75457676050147,7.53934312363797,0.179125535702665,-1.11502839788942,-899.073408079319,-899.145237087521,-917.222739271665,-917.286457548557,0.0619259348044426,-943.617558587739,0.0644977650813245,1847.70205928748,1871.61191088996,NA,2369.16300897464,0.401888170530094,1.10681569593792
"832",-5.86,0.79,-5.86,0.83,1.359326,9.604077,-1.1484446,0.2002995,35,35,-5.41465415574706,0.687794230758086,-4.26435306655585,0.614249603587255,1.37823437575437,12.2034038642876,-1.74471706704521,0.31630329491868,1.37823437575437,8.74779627690796,-4.83950361115145,0.65102191717267,1.37823437575437,12.5342020132362,-1.7658666832299,0.317655497965104,1.37823437575437,9.0784893456854,3.50178133207106,0.0902519761055247,-0.548677599698118,-7.27469533946185,-6.56255410782504,2.68038859194146,6.41222116679202,-3.84666466770725,0.48870060251292,-2.81527134426897,0.400361737711675,5.91128,0.1531887,-0.884,0.0273132,65.2576483901703,-80.9600536515032,1248.22130638205,0.163864980165898,0.140822733477274,7.92999899712734,0.171595760892633,-1.11873124013173,-923.538014852019,-925.321974816114,-933.269562152978,-935.604912536159,2.30689358272051,-1006.95007276128,3.03761755366103,1896.63127283288,1903.70555665258,NA,2415.48255911261,0.509188523109815,1.1025605364299
"833",-5.86,0.79,-5.86,0.83,1.359326,9.604077,-1.1484446,0.2002995,35,35,-5.70313841110878,0.81552606879268,-5.46819022209925,0.799622872729761,1.34798276065427,6.82960900393297,-0.822335130086391,0.143507732435912,1.34798276065427,6.46351323983058,-5.58566431660401,0.80757447076122,1.34798276065427,6.8434091668127,-0.823269236865004,0.143570960347166,1.34798276065427,6.47668949685653,3.16530430326509,0.0798689182295903,-0.49106031128223,-6.80218635695731,-6.66198529482358,1.88313321130537,7.61433211838427,-3.96787427219868,0.574522275639315,-3.75539838083786,0.554193554403593,4.17308202,0.10509809,-0.873,0.02871174,65.3811318544865,-81.2070205801356,1188.54115381599,0.919563349616145,0.924515284241258,6.22304679112951,0.125521810052932,-0.85437215863368,-892.614925328642,-892.70181341274,-909.140978338803,-909.264448983373,0.120048755723176,-925.71940110751,0.144193908719066,1834.78509378612,1855.44838902423,NA,2295.87528705184,0.451686459143323,0.80956178163046
"834",-5.86,0.79,-5.86,0.83,1.359326,9.604077,-1.1484446,0.2002995,35,35,-5.83885845020163,0.865293219986832,-6.17492667963754,0.899176982082403,1.35592876547219,7.1942760914634,-0.793483745901564,0.153885269897553,1.35592876547219,9.27315006334496,-6.00689256491959,0.882235101034617,1.35592876547219,7.22251155517245,-0.796330559885084,0.15417229723099,1.35592876547219,9.28665329496029,2.46478540854203,0.0692690993559774,-0.399326928068935,-6.64140658747181,-6.77560413043709,1.85386825200084,11.820452194235,-4.26567655705035,0.641069558371343,-4.35645096287863,0.653472534376768,3.66091285,0.08991428,-0.76,0.0245566,95.6222746162373,-141.689306103637,1280.81542979076,0.990209711489411,1,7.11204487541093,0.153176999076063,-1.0031052941128,-908.08343919006,-908.187937933622,-932.946470936269,-933.038419904118,0.0893805448358808,-935.798570357361,0.0901682995260063,1865.72212150896,1903.05937421917,NA,2419.94155347788,0.399743060980977,0.978296077840143
"835",-5.86,0.79,-5.86,0.83,1.359326,9.604077,-1.1484446,0.2002995,35,35,-6.29443892092018,0.807277948354746,-6.2652548858885,0.840428585959168,1.63704423947223,5.46987513166861,-0.575480403078999,0.127426863956059,1.63704423947223,7.39614143712809,-6.27984690340434,0.823853267156957,1.63704423947223,5.4700880586438,-0.575238535736707,0.127701605149453,1.63704423947223,7.42509969362184,2.57207227037638,0.0694947914790353,-0.407364305169632,-7.44262703397333,-7.2159400784788,2.10739157305921,10.1925637076031,-4.48038147600386,0.581484607843784,-4.31126482707349,0.591462161340251,3.46030278,0.09108165,-0.806,0.02774618,79.654228002337,-109.753212875837,1354.77803585329,0.74339277964412,0.72929045091764,8.16974155607744,0.155607804316212,-1.06621010437616,-938.183653755722,-938.334824121268,-964.982557674781,-965.223571990114,0.234531713921222,-962.449102931142,0.259253845363832,1925.92255064028,1967.13154769619,NA,2599.80285883075,0.408334975193158,1.12753872239875
"836",-5.86,0.79,-5.86,0.83,1.359326,9.604077,-1.1484446,0.2002995,35,35,-5.70758744687998,0.706540202182397,-5.34829605987828,0.802013469697852,1.40603812492701,8.75645209008385,-1.10385469781898,0.226302820765929,1.40603812492701,10.4818457135529,-5.52794175337913,0.754276835940124,1.40603812492701,8.78872466527726,-1.09527901714217,0.228581606968448,1.40603812492701,11.032293167851,3.26451795693985,0.0892415926898029,-0.52475507005359,-7.45594498374025,-6.52784857448105,2.26229013247181,10.8721722183431,-3.64108208682182,0.446624564299893,-3.3828538828443,0.498415781877376,4.39176328,0.12589889,-0.824,0.02869074,60.1315192159159,-70.7077953029944,1331.6097474417,0.208648668478553,0.206866198316551,9.03134805509536,0.197148388716485,-1.25135397948205,-927.469352644807,-929.41830172062,-949.623679759662,-952.901568232232,3.25996602167227,-981.889303135117,3.81640676596718,1904.49394841845,1936.41379186595,NA,2592.5116995804,0.50541825087951,1.36942261831893
"837",-5.86,0.79,-5.86,0.83,1.359326,9.604077,-1.1484446,0.2002995,35,35,-6.29440653901115,0.849557613058293,-5.40926590303338,0.718004916831237,1.35614114184729,7.21636815167519,-0.890780502345593,0.161701214297215,1.35614114184729,7.10386024871631,-5.85183622102226,0.783781264944765,1.35614114184729,7.41223663803997,-0.919891161646344,0.166027742268366,1.35614114184729,7.13885291092303,2.90579084158301,0.0786696857609231,-0.463955032820815,-7.1907033504615,-7.08931963673792,1.98664674535938,7.93409597000047,-4.46034365165022,0.600012422987052,-3.93188841015061,0.531312649924396,3.51492301,0.09909683,-0.836,0.02474194,101.834825613886,-154.114408098935,1250.33241523011,0.705108747477971,0.66585119365058,8.10276678119013,0.159868760543721,-1.10848912134963,-899.44262178677,-900.141624801274,-916.381319212443,-916.682930171152,0.293625624952568,-940.105305434153,0.068914734769378,1848.44048670238,1869.92907077151,NA,2346.55042236129,0.449635889928103,1.01244861298004
"838",-5.86,0.79,-5.86,0.83,1.359326,9.604077,-1.1484446,0.2002995,35,35,-5.8867604125144,0.877712451369019,-6.32461027339388,0.850798961296645,1.42861680741619,10.4195515189471,-1.05155339072028,0.153868455962322,1.42861680741619,9.16786881930433,-6.10568534295414,0.864255706332832,1.42861680741619,10.4674796441152,-1.04860737374929,0.154049539949291,1.42861680741619,9.38816285796278,3.07308868054812,0.0786023344538501,-0.479147148669433,-6.61531798293169,-7.21351145326358,1.93969865351894,11.8307030408043,-3.9378901196291,0.59747136238058,-4.57223202767389,0.614344940121337,5.34302494,0.09115965,-0.84,0.02789185,70.471755788358,-91.3882684478786,1312.97664271782,0.257919768660955,0.241280676530764,9.10731359253674,0.18349530883888,-1.24203014399902,-919.362946585865,-920.324238555309,-945.019309156919,-946.51971286661,1.47326788877663,-946.914809156042,1.71098254776003,1888.28113630057,1927.20505066047,NA,2534.56501698777,0.446276280260355,1.21317470451747
"839",-5.86,0.79,-5.86,0.83,1.359326,9.604077,-1.1484446,0.2002995,35,35,-6.24239257772716,0.829264000822119,-5.08156851712147,0.750165697305071,1.46369883410806,8.58011663248653,-1.07064087692349,0.18082760925531,1.46369883410806,6.45771546246419,-5.66198054742431,0.789714849063595,1.46369883410806,8.91699475740681,-1.09359568039241,0.182391744660128,1.46369883410806,6.7514789312495,3.45447141523615,0.0882996229341824,-0.534679915183404,-7.25959347950639,-6.57001664300206,2.13519535367411,7.03346855155856,-4.50011102103049,0.599494516465554,-3.38465347044042,0.49938696685491,4.97013073,0.12326142,-0.893,0.02807878,70.2822442723982,-91.009245415959,1233.87219239401,0.100616751774756,0.0876663027334772,7.93138850973311,0.153235214231872,-1.06125657417859,-915.428251060858,-917.293675840802,-929.264156895696,-931.9685737128,2.67855698946183,-954.053199750304,3.29891843021158,1880.41174525055,1895.69474613802,NA,2376.73513937207,0.515677681194548,1.02973106873532
"840",-5.86,0.79,-5.86,0.83,1.359326,9.604077,-1.1484446,0.2002995,35,35,-5.74126287366911,0.761777147537166,-6.39507795290269,0.987471063833351,1.40950630235421,9.67837722680343,-1.01644522492013,0.158314228595881,1.40950630235421,8.91038563587857,-6.0681704132859,0.874624105685259,1.40950630235421,9.78524576626172,-1.05333574636156,0.171048664559159,1.40950630235421,9.28695111970134,3.13042766598728,0.0785094770564466,-0.479875086745233,-7.16053298375969,-6.46972211247312,1.96293745832017,11.0805127308056,-4.12569685665497,0.543706294865167,-4.57410983467588,0.724291403681005,4.89286092,0.09263388,-0.829,0.02870576,65.3597241888109,-81.1642052487844,1301.12527731586,0.0243252260305889,0.0197426424835575,8.09079061027742,0.181533618073182,-1.14988123291139,-916.353077566216,-919.579119368339,-939.924387779156,-942.534894214992,2.58379984803473,-947.723961897982,2.39482320840139,1882.26139826127,1917.01520790494,NA,2521.08634938294,0.461027696993628,1.19532743646124
"841",-5.86,0.79,-5.86,0.83,1.359326,9.604077,-1.1484446,0.2002995,35,35,-6.69343897598857,0.93871589815416,-5.20675915818682,0.743788798577569,1.26155264711883,13.8492265352718,-1.66237747769738,0.253335851906611,1.26155264711883,10.2005334098599,-5.95009906708769,0.841252348365864,1.26155264711883,14.4017807554366,-1.73482602391817,0.262834995443947,1.26155264711883,10.3408901230592,2.76117521196489,0.0724860308226693,-0.432308960247504,-7.05855379631051,-6.73319919653698,2.1150617109815,9.63536657404171,-4.86356372057756,0.689463718046501,-3.47004568908301,0.499476280744458,5.49942673,0.11834616,-0.844,0.02508233,84.6716316557664,-119.788020182695,1282.55593849436,0.167809787228372,0.145668595565987,10.7877505809288,0.209273366882812,-1.47790054200402,-905.425708925536,-906.583246532022,-921.321268866929,-922.193005905739,0.85212517549836,-961.551930866102,0.55999655678622,1860.40666097991,1879.80897008049,NA,2445.32385680603,0.423729683449004,1.28327936571202
"842",-5.86,0.79,-5.86,0.83,1.359326,9.604077,-1.1484446,0.2002995,35,35,-5.51675711719203,0.776253987393579,-4.27794179570813,0.657060879777999,1.35637738745063,7.20811146823458,-0.97338744749196,0.185235481653366,1.35637738745063,6.85118192947327,-4.89734945645008,0.716657433585789,1.35637738745063,7.5917773184204,-1.01030200947433,0.188787230879131,1.35637738745063,7.05477645796997,2.89792748927441,0.0781818538059146,-0.462656394571794,-6.84977796158724,-6.32108433169879,2.15368758123651,6.73028091967847,-4.08025467463148,0.576524675709006,-2.75434953921158,0.415988549848036,3.62798398,0.09326885,-0.858,0.03058769,53.7653251270957,-57.975407125354,1166.60783472833,0.0798471548308396,0.064494915181373,7.0570401183488,0.159654629679927,-1.0199027036866,-899.87553803224,-901.614703453409,-914.206644932069,-915.998727501272,1.76335589496455,-954.819437506603,1.99791559340636,1849.30631919332,1865.57972221077,NA,2275.24026233131,0.444216655757648,0.999151139109029
"843",-5.86,0.79,-5.86,0.83,1.359326,9.604077,-1.1484446,0.2002995,35,35,-5.80149971306449,0.805832947957079,-5.19588837497357,0.713153061631556,1.29220056578028,11.9208013807064,-1.41604276122687,0.242262860076534,1.29220056578028,11.5447741283695,-5.49869404401903,0.759493004794318,1.29220056578028,12.0124926539125,-1.4300747587198,0.244410250408862,1.29220056578028,11.561481384631,2.97059039148789,0.0774610986660226,-0.466800506071715,-6.95829676456446,-6.90484820644415,2.18784063010343,11.259248178156,-3.77315239287737,0.513756494071249,-3.59265682322562,0.489896322563759,6.87164105,0.13724933,-0.888,0.02559733,77.7083351581377,-105.861427187438,1294.56841704014,0.974026668736048,0.980069873575609,8.03831932207072,0.177609367155111,-1.13044626676803,-915.534147339897,-915.780557203338,-935.136097848536,-935.229262526983,0.0905630834127855,-974.813888179652,0.0126747507761793,1880.62353780863,1907.4386280437,NA,2483.27540689284,0.441097420773932,1.18944282637459
"844",-5.86,0.79,-5.86,0.83,1.359326,9.604077,-1.1484446,0.2002995,35,35,-5.4985130915828,0.67950368537438,-4.76697080685761,0.673782325087415,1.3924109857167,10.9657077161964,-1.18985583967899,0.223476901450044,1.3924109857167,13.2916736073438,-5.13274194922021,0.676643005230897,1.3924109857167,11.0994962447816,-1.19090219392301,0.223485084940927,1.3924109857167,13.5974108459362,3.16784512932621,0.0849414659858359,-0.502147394219092,-7.40794719935084,-6.71049129870006,2.36447496047027,13.5631099817189,-3.51162200198484,0.438674595927556,-3.61583424131657,0.53152034896011,5.91574615,0.11318075,-0.815,0.02715796,66.5250366946944,-83.4948302605515,1371.17106988395,0.303850184885603,0.271311646355584,7.5363374857901,0.155106322851172,-0.978848023177285,-935.402974970266,-936.276795601114,-962.561286282897,-964.042981267279,1.45470242292668,-999.863306237104,1.68109253066031,1920.36119306937,1962.28900491242,NA,2658.84730950735,0.490974765831825,1.24158968076643
"845",-5.86,0.79,-5.86,0.83,1.359326,9.604077,-1.1484446,0.2002995,35,35,-5.63017692583617,0.731941705665213,-5.83506368684707,0.81134762112818,1.28362067680171,10.4687944818383,-1.37508182633717,0.236582399365398,1.28362067680171,8.40450272905691,-5.73262030634162,0.771644663396697,1.28362067680171,10.4792891280477,-1.37914913154325,0.238158724218026,1.28362067680171,8.46444998142624,2.88006386312769,0.084725051289342,-0.475300631429352,-7.22719887808813,-6.95900574262457,2.14385346431162,7.70104021938621,-4.04983582136364,0.526101347300035,-4.17877906730095,0.59166339866052,5.80312166,0.15264516,-0.876,0.02530453,84.4143788994274,-119.273514670018,1270.21645845254,0.609672953831383,0.625450605487469,7.60724950672613,0.152060960234124,-1.04766367319416,-900.93763760855,-901.335210219937,-913.335843402026,-913.78062927317,0.433453344483517,-957.838570739673,0.458855565085268,1851.43051834594,1863.83811915068,NA,2421.15940223507,0.494187793231321,0.955353445896125
"846",-5.86,0.79,-5.86,0.83,1.359326,9.604077,-1.1484446,0.2002995,35,35,-5.62797731529852,0.816235152665743,-5.89083649073586,0.827871949200786,1.23462043961578,9.52737242989452,-1.24740989533817,0.208974929583951,1.23462043961578,7.40513960637026,-5.75940690301719,0.822053550933264,1.23462043961578,9.54464616642242,-1.24817460502365,0.20900878334235,1.23462043961578,7.43192769918498,2.00219612719073,0.0606921554138518,-0.333686795218926,-6.72280072292084,-6.91633087585405,1.9477859364886,7.11397220516905,-4.0589483469188,0.57500133773351,-4.78462297582733,0.685281845663464,8.0487892,0.1881083,-0.924,0.026124,75.3996910193082,-101.244138909779,1214.94979464948,0.68347956275756,0.605342021657883,4.61736441127448,0.0992481428244782,-0.652803314987421,-884.751821304313,-884.900765023426,-895.935996327455,-896.15873916565,0.216723385536655,-931.895306171031,0.282013240921721,1819.05888573746,1829.03842500154,NA,2328.65545038918,0.359625252429201,0.626068909746777
"847",-5.86,0.79,-5.86,0.83,1.359326,9.604077,-1.1484446,0.2002995,35,35,-5.79109479727508,0.838681495314272,-6.04887403240743,0.850832811778221,1.63694401694267,9.36879832771607,-1.33406715596405,0.25699759166252,1.63694401694267,6.94365910202146,-5.91998441484125,0.844757153546246,1.63694401694267,9.38541086123243,-1.33485024523004,0.257034505285472,1.63694401694267,6.96223013609312,3.27867077754616,0.0871260709545039,-0.525130607563594,-6.75218870383335,-6.93757353986739,2.47000410707625,7.01637844450854,-4.72698946018405,0.676490568174193,-3.9801610623149,0.552394728060001,5.54897585,0.13175155,-0.893,0.03043277,53.2931190111556,-57.0309948934738,1280.44358798924,0.564434905080851,0.508113416744755,7.7457323166,0.196570574799294,-1.1816191498357,-948.514779216125,-948.637270274137,-961.089681505978,-961.25313957566,0.158973377464228,-989.665771961708,0.206547284089812,1946.58480156109,1959.34579535858,NA,2503.856181085,0.475083586113169,1.19930022043066
"848",-5.86,0.79,-5.86,0.83,1.359326,9.604077,-1.1484446,0.2002995,35,35,-6.36104036530458,0.842224486049811,-5.33490220170867,0.686557055665985,1.55693528368267,6.87644109450761,-0.8977327149587,0.185546663446305,1.55693528368267,7.27614443724468,-5.84797128350663,0.764390770857898,1.55693528368267,7.13968097720462,-0.93766678774514,0.191604750666881,1.55693528368267,7.31621038678368,2.89352488018536,0.0731694808368854,-0.444816460857298,-7.30102604987957,-7.20231415447863,2.28919193023413,8.13642520676005,-4.42004142831808,0.586736419283695,-3.81063506897747,0.494270286141763,3.75053667,0.10138899,-0.803,0.02812762,72.7610248844511,-95.9668066400648,1325.44214793477,0.669780290011839,0.641387483523822,7.99683929927058,0.171021015617734,-1.13057420797054,-932.577241301407,-933.487378291404,-951.682521302526,-952.020583253181,0.329197319997364,-975.618030218684,0.055440537717107,1914.70972573165,1940.53147495168,NA,2554.91748922948,0.430914495356182,1.07059151464398
"849",-5.86,0.79,-5.86,0.83,1.359326,9.604077,-1.1484446,0.2002995,35,35,-5.87793132514456,0.75512096056678,-6.29375237488805,0.937924643802158,1.36390610290189,7.2259362259245,-0.842242813703201,0.146402974149621,1.36390610290189,7.07895752146034,-6.0858418500163,0.846522802184469,1.36390610290189,7.26916301227695,-0.861246218568181,0.154757270800726,1.36390610290189,7.42421916479949,2.51549281109042,0.0693798287336281,-0.401675287280752,-7.33685727478443,-6.66358128388647,1.89228259774905,8.54986374488278,-4.23380799835816,0.552840336962716,-4.30067599985199,0.636124978023817,4.26373954,0.09738046,-0.864,0.02681656,84.5389937272257,-119.522744325614,1255.50808482835,0.191338256541078,0.177552431805476,7.53225529607368,0.162819756891738,-1.05410701767833,-899.066719018222,-901.703906890931,-917.564696188011,-920.494052451364,2.90604223189662,-930.515359198663,2.98503925170209,1847.68868116528,1872.29582472265,NA,2391.49342533109,0.409376856560657,1.07690006125948
"850",-5.86,0.79,-5.86,0.83,1.359326,9.604077,-1.1484446,0.2002995,35,35,-5.90708726924785,0.849606838483803,-6.89711534861043,0.881805667442898,1.20969069165881,10.4734952742244,-1.35307516867811,0.225964486173993,1.20969069165881,8.5219709038599,-6.40210130892914,0.86570625296335,1.20969069165881,10.718534173706,-1.36104460487613,0.226223677320578,1.20969069165881,8.98471817082772,1.82695559712647,0.0493165594223874,-0.28213612468049,-6.80309080835107,-7.60128659686031,1.93347858309615,8.21143605060584,-4.12377411317316,0.580053269597353,-4.97908069070811,0.64316911517556,5.40700989,0.09674856,-0.878,0.02564715,93.2416611215623,-136.928079114287,1292.37339755213,0.266966968409823,0.245441171766245,9.29785476266883,0.199561384168742,-1.31493109447588,-887.268760584082,-889.41928201331,-899.671362676321,-902.993134704858,3.30465346633818,-934.529067944594,4.25695557713714,1824.092764297,1836.50915769927,NA,2447.81871598997,0.316721920058666,1.2545455584418
"851",-5.86,0.79,-5.86,0.83,1.359326,9.604077,-1.1484446,0.2002995,35,35,-5.86263564567204,0.903781300707599,-7.21849811924636,0.975863473628425,1.48808514966698,11.1928632983922,-1.20397866297334,0.173416174486878,1.48808514966698,8.09725315132545,-6.5405668824592,0.939822387168012,1.48808514966698,11.652454060204,-1.2284120412926,0.174715134400124,1.48808514966698,8.60966488130726,3.54718704162969,0.0828632740237555,-0.528451720642548,-6.43588175756134,-7.36229729756379,2.01653263826427,10.159593130656,-3.84626381791495,0.605590572889767,-4.39951228199544,0.591035692396571,4.16820631,0.08314966,-0.814,0.03067221,53.2419893819423,-56.9287356350472,1316.39856533429,0.110458055431664,0.10659498108772,13.1051200467054,0.250374252368638,-1.76237175179033,-925.754525905259,-928.033106989143,-947.223046380046,-951.058824763413,3.83016687116006,-951.548346312762,4.53842337934617,1901.06429493936,1931.61252510672,NA,2575.86839503353,0.483707099388986,1.6230882927398
"852",-5.86,0.79,-5.86,0.83,1.359326,9.604077,-1.1484446,0.2002995,35,35,-5.07850533169181,0.762401740067455,-5.10383429076299,0.664172400328737,1.40851721569284,10.9656879960204,-1.25611676891482,0.201147073282293,1.40851721569284,9.06731982414642,-5.0911698112274,0.713287070198096,1.40851721569284,10.9658483850623,-1.25549475718336,0.203559324078669,1.40851721569284,9.31412055964567,2.94326248071175,0.0786350991100263,-0.464490182088927,-6.49405428111262,-7.1046082275592,2.25529333287713,9.36460727310996,-3.36055951970025,0.514164802205614,-3.31308471934095,0.435524228560553,5.02538395,0.10051095,-0.86,0.03069641,46.6019736731109,-43.6487042173845,1243.34014707836,0.24166214802772,0.220070971210772,8.80016451167548,0.179434769369114,-1.19531259703839,-921.631271207451,-922.953417494987,-940.852192534936,-942.547548273328,1.66702263433574,-976.377382381599,1.89775069877662,1892.81778554374,1918.8708174165,NA,2443.03158993934,0.459464800732686,1.22439471158254
"853",-5.86,0.79,-5.86,0.83,1.359326,9.604077,-1.1484446,0.2002995,35,35,-6.9282717148938,0.965471518601255,-5.43585584896416,0.778459391868844,1.13410607859517,11.2053556545437,-1.51805848979804,0.269852246116514,1.13410607859517,10.4331924542848,-6.18206378192898,0.87196545523505,1.13410607859517,11.7621819337633,-1.58783345606221,0.278595630002759,1.13410607859517,10.6121101048447,3.90087422716017,0.107602740663816,-0.629422900256814,-7.13398347213885,-6.75573746418785,2.00821730388189,8.95959719592275,-4.85560795508974,0.679456989285751,-4.1681722219196,0.584302284949302,7.48729027,0.17602061,-0.901,0.02104398,117.841343711239,-186.127444293641,1279.51132224747,0.698928570678835,0.70001041097444,6.89213771218905,0.151588914137476,-0.988650245483848,-884.17070302353,-885.624360751428,-896.668295768461,-897.755240680678,1.06412975087451,-946.554279955902,0.851222684045408,1817.8966491759,1830.50302388355,NA,2372.89520020129,0.61024098690314,0.935142685737992
"854",-5.86,0.79,-5.86,0.83,1.359326,9.604077,-1.1484446,0.2002995,35,35,-5.69714658980922,0.758117182440722,-7.03579263297596,0.954461818765182,1.31808384156203,8.22916650192578,-1.01235895345441,0.186999013399883,1.31808384156203,8.70655459837252,-6.36646961139259,0.856289500602952,1.31808384156203,8.67715980914728,-1.0780679460826,0.196636817453229,1.31808384156203,8.79048736840181,3.18744200753703,0.0873073499270087,-0.508059903158922,-7.13822182485592,-7.30709733286636,1.96195717674939,9.67572924433393,-4.37240318923705,0.579336437849337,-5.55709015096275,0.754266101668915,5.0046035,0.1091054,-0.845,0.02283507,115.573956492953,-181.592669857069,1321.21561236329,0.275462928491603,0.231169686263106,7.50102035179702,0.162689644993272,-1.06509226868321,-903.347545503332,-904.787682998639,-922.039844966884,-922.642534360116,0.587997347992921,-943.274852694643,0.162029176106846,1856.2503341355,1881.2461222804,NA,2460.83855486951,0.512581438108835,1.02276704399506
"855",-5.86,0.79,-5.86,0.83,1.359326,9.604077,-1.1484446,0.2002995,35,35,-5.61337560121323,0.703459931772764,-6.60483156438344,0.970465225439273,1.32956605476767,8.11223897021921,-1.04298063991487,0.181074205614308,1.32956605476767,6.76984316601345,-6.10910358279834,0.836962578606018,1.32956605476767,8.35798520194565,-1.10916163756579,0.198897162325793,1.32956605476767,7.12537025673898,2.80485144258736,0.0774357170555824,-0.451367555750996,-7.3800845920931,-6.78079210850816,1.99770459297799,7.06531349130382,-3.93630968625933,0.492517018711695,-4.62406644615173,0.676737088367306,3.66187681,0.09746968,-0.864,0.02837173,76.8306174078658,-104.105991686894,1251.54977306103,0.066242581364069,0.0576010673392686,9.18690114715892,0.202197032430711,-1.31474703261437,-895.358968874182,-898.822821747144,-908.586270367819,-911.718162600947,3.11149680280356,-937.884632013242,2.65260205713063,1840.2731808772,1854.33897308227,NA,2398.99355443516,0.444415363007431,1.2603523995553
"856",-5.86,0.79,-5.86,0.83,1.359326,9.604077,-1.1484446,0.2002995,35,35,-6.11768318954931,0.788815435459675,-6.26176999365528,0.779499415338496,1.38334763441252,10.4972224938553,-1.42673152877643,0.237992140795498,1.38334763441252,6.44910111702702,-6.18972659160229,0.784157425399086,1.38334763441252,10.5024127456346,-1.42639594988487,0.238013837853222,1.38334763441252,6.47443766994968,3.14958544965318,0.0796893018773542,-0.479450480086408,-7.37586617689029,-7.57545541817345,2.22668117943945,5.73411568092265,-4.2520006390732,0.550178952323152,-4.14346748235412,0.50459754919049,5.19769591,0.12527331,-0.894,0.02311719,114.691443351783,-179.827643574729,1293.17228841355,0.748014505483942,0.737766503275301,10.0111264606566,0.1951070473472,-1.37084657640972,-907.222275978408,-907.387454703334,-915.350481142242,-915.588167448946,0.23128771803118,-958.156901803208,0.316142297384605,1863.99979508565,1867.86739463111,NA,2406.51693325238,0.487721782685951,1.20767874152619
"857",-5.86,0.79,-5.86,0.83,1.359326,9.604077,-1.1484446,0.2002995,35,35,-5.76822410483893,0.697473267564741,-5.75073705173546,0.874908957197919,1.43011846826684,5.60615517596269,-0.565241360226398,0.0907090370410741,1.43011846826684,5.68057007458487,-5.7594805782872,0.78619111238133,1.43011846826684,5.60623162521926,-0.564465653394633,0.0985798930299746,1.43011846826684,6.43602775791521,2.94468208015937,0.0734700677100754,-0.443234864957277,-7.57060009190222,-6.4959971149645,1.85769151817293,7.64791490230363,-4.18209319674627,0.50155246937471,-3.79254252874706,0.570967418686988,3.06901377,0.05744495,-0.83,0.03110755,65.1016009661031,-80.6479588033688,1238.44128334871,0.00412622114021517,0.00397033689169991,7.29445573941961,0.162218546834091,-1.01907756486736,-893.96318693988,-899.699301299837,-915.874648995909,-923.373992480253,7.6896315573271,-922.522996095851,8.55377917884658,1837.4816170086,1868.91573033845,NA,2396.23460789404,0.45863819147981,1.12163395022913
"858",-5.86,0.79,-5.86,0.83,1.359326,9.604077,-1.1484446,0.2002995,35,35,-4.93201626685644,0.636437390342112,-5.5504586410965,0.751599305275811,1.62399844661561,6.20160298572061,-0.734690574895214,0.132699623594847,1.62399844661561,5.37626265702398,-5.24123745397647,0.694018347808961,1.62399844661561,6.29722072828454,-0.752495826918622,0.136015190257647,1.62399844661561,5.396878469064,2.61506980034738,0.0713891423616224,-0.417564925500984,-7.09802821616962,-7.03036570166189,2.30446865332889,6.25841332868963,-3.42245392995486,0.436516925556741,-3.68019400884411,0.496165125568149,2.89928781,0.05660796,-0.806,0.03309716,48.2607024446703,-46.9661617605032,1222.81909798415,0.731964353816386,0.715253436882311,8.06018610095779,0.17486470113836,-1.14785492247181,-926.900200569355,-927.419865444414,-943.758995619121,-943.984955401707,0.219858449083314,-969.193807226123,0.0325709726204354,1903.35564426755,1924.68442358487,NA,2398.67203420779,0.41391759100767,1.0869804724125
"859",-5.86,0.79,-5.86,0.83,1.359326,9.604077,-1.1484446,0.2002995,35,35,-7.21724603346863,0.94908389185173,-5.56438053616568,0.791079639746634,1.58746095318669,11.3671730994885,-1.36148524572937,0.216986843696053,1.58746095318669,7.49056100793294,-6.39081328481715,0.870081765799182,1.58746095318669,12.0501641875321,-1.42677518991229,0.223228179616876,1.58746095318669,7.80455771732686,3.18356570004607,0.0860454916481265,-0.508029173041434,-7.52059103026424,-6.80907398027267,2.29894692081584,8.35713148656006,-4.41253905275157,0.57765489353521,-3.56078964653556,0.509784954968679,2.39908929,0.05997666,-0.716,0.02953558,68.8212851046216,-88.0873270804057,1321.57833445176,0.217837789285817,0.197731081345025,16.1254455892615,0.310466452678262,-2.19422902584931,-942.69465571078,-944.659628371648,-958.230021137977,-960.772031449313,2.51476624675768,-977.495272119262,2.80056661874433,1934.9445545504,1953.62647462258,NA,2555.06934182312,0.491375210537059,1.93754255726637
"860",-5.86,0.79,-5.86,0.83,1.359326,9.604077,-1.1484446,0.2002995,35,35,-5.52920836976427,0.816330916433435,-5.43172857669882,0.777403839244429,1.40920389772442,6.6454560987653,-0.718690011191418,0.134297769921666,1.40920389772442,7.92260472358743,-5.48046847323154,0.796867377838932,1.40920389772442,6.64783167627932,-0.719638662048674,0.134676599256286,1.40920389772442,7.93621662558839,2.86027897209756,0.0758263156446883,-0.451894588362432,-6.62346124163945,-6.75789890131362,1.93054853126311,10.0593563395574,-3.82659413588238,0.572602235946603,-3.92228642180743,0.570692547451335,3.25512904,0.0705763,-0.769,0.03069497,53.6663206338347,-57.7773981388321,1237.86088438827,0.938390814466329,0.954732128368463,6.64821512057938,0.148074045603355,-0.951424459586148,-908.78564429616,-908.889032182616,-932.522143885357,-932.628851187698,0.103737570444876,-940.55659220245,0.100734508855347,1867.12653172116,1902.21072011734,NA,2417.94437063771,0.435213065626485,0.939919509302294
"861",-5.86,0.79,-5.86,0.83,1.359326,9.604077,-1.1484446,0.2002995,35,35,-6.09868328117507,0.829315231964049,-5.78702814807965,0.764735626110263,1.26039518863529,9.934580571036,-1.27163772031767,0.223950302311414,1.26039518863529,9.16450654885092,-5.94285571462736,0.797025429037156,1.26039518863529,9.95886280153218,-1.27666936173208,0.224992933684472,1.26039518863529,9.17556927831839,2.38269770870481,0.0670223096139726,-0.385912733447642,-7.11557896106776,-7.18867240839666,2.04917541055306,8.94572329746817,-4.90589632972276,0.687795866114183,-3.89253081163176,0.517445812026109,5.88791244,0.15080202,-0.879,0.02376436,99.2625635595817,-148.969883990326,1290.19673983396,0.358618508815075,0.287678875997483,7.38965667797611,0.149014537318264,-1.0106413054297,-899.114473032173,-899.248630042327,-914.302216216586,-914.378360587498,0.0740090628278245,-951.452054651673,0.0311952408730403,1847.78418919318,1865.7708647798,NA,2431.42359567759,0.387821857789217,0.975517352341563
"862",-5.86,0.79,-5.86,0.83,1.359326,9.604077,-1.1484446,0.2002995,35,35,-6.7435507842187,0.878395114709205,-6.44410098009032,0.858963622503512,1.23731926576422,13.4792809470557,-1.71187356433408,0.290454230247815,1.23731926576422,11.6790727566285,-6.59382588215451,0.868679368606358,1.23731926576422,13.5016984933538,-1.7133282534678,0.29054862597015,1.23731926576422,11.70361034806,4.22886803114068,0.110415343272469,-0.671830350155769,-7.46804122310783,-7.28435922125736,2.14937509591404,10.6195403877109,-5.24428642418796,0.702979475886646,-4.21497802088496,0.562854824311449,8.47854615,0.17430091,-0.888,0.02133758,115.841842198022,-182.128441267206,1389.61808297567,0.515796241901176,0.420085172989364,8.58735123042057,0.171576169752699,-1.16938295364407,-910.13944404258,-910.23216981403,-925.248632109543,-925.383970988272,0.131599230430444,-968.592369141371,0.160760373595037,1869.834131214,1887.66369656571,NA,2597.10772468414,0.602476396421428,1.12759133270148
"863",-5.86,0.79,-5.86,0.83,1.359326,9.604077,-1.1484446,0.2002995,35,35,-5.70210208860486,0.787882999317291,-5.61726386563505,0.814634866581057,1.28714086034806,10.1260492399304,-1.07784230586012,0.178161107198672,1.28714086034806,11.0381217758859,-5.65968297711995,0.801258932949174,1.28714086034806,10.1278486209496,-1.07727491064018,0.178340022799196,1.28714086034806,11.0799027615052,2.48857229623299,0.05980806510359,-0.368412856109532,-6.96584028919584,-6.72162136364419,1.93263954127331,12.7298282811968,-3.92421648380854,0.556461108431491,-4.16683062001645,0.602249845224964,5.52330682,0.12048345,-0.842,0.02296005,101.433532009778,-153.311820890719,1282.14185444454,0.909748070010482,0.860160381883903,7.58275130712619,0.141644410853623,-0.990490079245947,-906.47871420706,-906.643014879121,-931.289097252544,-931.531627225471,0.236009161146855,-948.392099317457,0.267478960929659,1862.51267154296,1899.74462685172,NA,2410.97188799837,0.374785009062387,0.998962139460474
"864",-5.86,0.79,-5.86,0.83,1.359326,9.604077,-1.1484446,0.2002995,35,35,-5.38066801958132,0.658609178259716,-5.94799368990768,0.83672196411257,1.20255846077575,9.92241458880609,-1.22509244108831,0.198989351936491,1.20255846077575,8.42090083946691,-5.6643308547445,0.747665571186143,1.20255846077575,10.0028791928589,-1.25035442999523,0.206920393057557,1.20255846077575,8.65696708208111,3.16619233847056,0.0834651706969426,-0.502140789107903,-7.41458619387083,-6.92076197629817,2.00438107063803,7.93938421540247,-3.74516957303543,0.453521887186408,-4.55242167378689,0.645864738327489,3.66711993,0.07469131,-0.828,0.02611943,94.0853724498569,-138.615501770876,1251.35829352768,0.0504970722911453,0.0419463335444746,8.66444872890124,0.189690298689511,-1.23801166473271,-882.946080341732,-884.861176566426,-897.475609059792,-899.20803330129,1.70392457911424,-942.303369456775,1.61958532761409,1815.4474038123,1832.11765046621,NA,2364.10108528448,0.467007949068052,1.18013974150867
"865",-5.86,0.79,-5.86,0.83,1.359326,9.604077,-1.1484446,0.2002995,35,35,-4.5538519362404,0.633701390182442,-5.81550443805603,0.827727694638046,1.34685149045314,11.5088789129835,-1.37442240244633,0.225518782999391,1.34685149045314,9.63965974775625,-5.18467818714822,0.730714542410244,1.34685149045314,11.9068206718179,-1.43562084555494,0.234930334704565,1.34685149045314,9.70903627459148,3.2646425521758,0.0831624356150341,-0.499287626692673,-6.73616426651064,-6.84185825453031,2.25787392719635,9.32107308709843,-2.86477095954113,0.407862540705914,-4.16259211710474,0.601036122000925,5.7093652,0.14339157,-0.885,0.02746425,63.9787676484245,-78.4022921680117,1238.0367574408,0.200721368476325,0.163468007278884,9.18765059490147,0.172505206601867,-1.2124623790285,-916.297992939228,-917.393426908621,-933.754638228884,-934.209595662218,0.443397997364566,-976.51024146004,0.0570457099163009,1882.15122900729,1904.6757088044,NA,2397.67122271359,0.505643394397117,1.17755031853644
"866",-5.86,0.79,-5.86,0.83,1.359326,9.604077,-1.1484446,0.2002995,35,35,-7.06441470710358,0.879223435320313,-6.07214712305135,0.835852281755272,1.36274737750866,8.09659611127684,-1.12056861453354,0.210397134037965,1.36274737750866,7.0548347636067,-6.56828091507746,0.857537858537792,1.36274737750866,8.34274485086707,-1.13132756197493,0.210867398278356,1.36274737750866,7.40371047389263,3.2713454417481,0.0927788656365676,-0.533963740876883,-7.7839702261361,-7.05009675187909,2.04773024355403,7.22860528490638,-5.43208106332363,0.689923752868714,-4.53896717221174,0.625522260798305,6.05869833,0.15551254,-0.905,0.02593178,90.9381008127999,-132.320958496762,1339.14103191555,0.186135086493644,0.151404005022178,6.95546162666158,0.128115082470066,-0.899461550735932,-904.435498140797,-906.548324194453,-917.147140647835,-920.115198642905,2.9452557371668,-944.645795393961,3.80356084051218,1858.42623941043,1871.4607136423,NA,2545.96110533434,0.528879337818221,0.92207287370706
"867",-5.86,0.79,-5.86,0.83,1.359326,9.604077,-1.1484446,0.2002995,35,35,-6.02358026348492,0.759005390606334,-6.54200928577608,0.901524101159369,1.53574964869846,11.5722165369958,-1.19241594220273,0.159279062599274,1.53574964869846,7.79906151101729,-6.2827947746305,0.830264745882851,1.53574964869846,11.6394086997842,-1.21088740114529,0.164356958313699,1.53574964869846,7.89074956527266,2.71393782842796,0.0709711075125256,-0.422189748151151,-7.45936378412237,-7.12870320847863,2.10814304878696,9.74818088921672,-4.28767927901322,0.544828703138471,-4.5578440152512,0.632750191303187,6.9546806,0.1085204,-0.9,0.0290263,64.4163625191165,-79.2774819093957,1338.60860479755,0.372337651088774,0.313422380106042,8.47729622975277,0.162062728022063,-1.13054844717407,-928.463198008499,-929.8108722522,-952.614601039421,-953.340241493664,0.708574168001717,-961.118494134409,0.57421793455171,1906.48163914584,1942.39563442547,NA,2597.9397276857,0.422459184772225,1.08755403377643
"868",-5.86,0.79,-5.86,0.83,1.359326,9.604077,-1.1484446,0.2002995,35,35,-5.22185146370121,0.772248414762579,-5.41534090928417,0.860993264321199,1.42303415111419,11.2561569098353,-1.51947775995239,0.267710159852097,1.42303415111419,8.19783924281033,-5.31859618649269,0.816620839541889,1.42303415111419,11.2655164512233,-1.52377055788724,0.269679071932893,1.42303415111419,8.27923874908836,2.3507520592769,0.0682063487455962,-0.387378915473509,-6.57873647331064,-6.24350706971147,2.32179483523203,7.61185678009882,-3.58497187607948,0.54231171966297,-3.90914609249938,0.617535345894493,6.51915369,0.16344218,-0.89,0.02744094,61.5083700493444,-73.4614969698515,1229.45466802462,0.765846389129804,0.726504904753246,7.35444102510838,0.173524874232252,-1.09140936731927,-925.420416735285,-925.922553854139,-937.041555637672,-937.658320074571,0.601789863987063,-977.013207489277,0.668821970087887,1900.39607659941,1911.24954362197,NA,2385.44783907938,0.3904761828369,1.04633836095817
"869",-5.86,0.79,-5.86,0.83,1.359326,9.604077,-1.1484446,0.2002995,35,35,-4.97179736838321,0.599644447039796,-5.42099612836047,0.748308184762201,1.32328340065082,6.16179830637538,-0.916908132726029,0.1996493424642,1.32328340065082,7.48509629747672,-5.19639674837184,0.673976315900999,1.32328340065082,6.21224318786665,-0.93360302438565,0.205174569192599,1.32328340065082,7.64820108639049,3.6126953947221,0.0954280314336166,-0.567156249512302,-7.35701215298852,-6.92051083330331,2.24622094088883,6.82802762807973,-3.60987365224755,0.437277653566104,-3.81848389349401,0.529366699627273,2.89394702,0.12662007,-0.855,0.02628706,90.912191457798,-132.269139786759,1247.78360287227,0.454158412864689,0.451582937185483,6.87114755383827,0.137977644528505,-0.936407816615913,-896.076741591412,-897.092796240981,-913.5901064531,-914.922912379286,1.30713020304016,-965.565810998478,1.289475995918,1841.70872631166,1864.34664525283,NA,2363.29806595779,0.557940956226207,0.910450641749682
"870",-5.86,0.79,-5.86,0.83,1.359326,9.604077,-1.1484446,0.2002995,35,35,-5.31478089289274,0.790082475366845,-5.15976852572041,0.767651392553683,1.23663289590882,11.4032715958803,-1.49375599582578,0.259858383796553,1.23663289590882,9.8721097450867,-5.23727470930658,0.778866933960264,1.23663289590882,11.4092788043744,-1.49462526963706,0.259984172165596,1.23663289590882,9.87333722635819,3.18461788714257,0.0838581159180403,-0.498444178815184,-6.56541518433848,-6.54404140407986,2.15191942176684,8.77401967401326,-3.66272662434957,0.552059663569779,-4.03623631378345,0.596977890072271,6.68461572,0.15002999,-0.885,0.02415993,86.614888219521,-123.674533310205,1221.95110210903,0.877053180623413,0.868982260713915,6.00247660755798,0.141057010517074,-0.883408919124967,-900.822363825581,-900.837562555229,-914.350043769765,-914.357946452952,0.00767732559902293,-962.828603235639,0.0025847016947392,1851.19997078,1865.86651988616,NA,2320.22767090785,0.493390362966193,0.872936525461063
"871",-5.86,0.79,-5.86,0.83,1.359326,9.604077,-1.1484446,0.2002995,35,35,-6.01164837399561,0.759219806470831,-5.35237886896483,0.766787089589876,1.45485790377029,11.4710189349928,-1.45341350186459,0.247856702199487,1.45485790377029,8.61257067560583,-5.68201362148022,0.763003448030353,1.45485790377029,11.5796780050587,-1.45216628211551,0.247871018142938,1.45485790377029,8.9110374773542,3.00439408128305,0.0753779510884122,-0.463401102914676,-7.44615446039674,-6.74180104072713,2.35578586204897,8.38467730691304,-3.72133020689583,0.451111779018353,-4.10239044334852,0.587085420594476,6.30150996,0.13863404,-0.874,0.02657407,75.13784734074,-100.720451552643,1311.25377399214,0.176752279636225,0.14930918099132,8.61074987978124,0.18500361139034,-1.2096279450019,-931.123531262218,-932.471835103418,-945.547417007198,-947.687831194559,2.11137511533667,-983.581842204564,2.67037996683943,1911.80230565327,1928.26126636102,NA,2521.78709643163,0.432122399360434,1.19572773450093
"872",-5.86,0.79,-5.86,0.83,1.359326,9.604077,-1.1484446,0.2002995,35,35,-6.04518420074222,0.799519460477737,-6.57598050275081,0.875604791252136,1.3649202627483,9.72614975021673,-1.23427548936815,0.226264083534864,1.3649202627483,9.29546349425013,-6.31058235174652,0.837562125864937,1.3649202627483,9.79658592877324,-1.24437194242119,0.227711327924627,1.3649202627483,9.30873962298384,2.55186754249871,0.0600562458836045,-0.380018115577247,-7.23959537690413,-7.31709496674568,2.11786283768015,9.72649846648903,-4.95074119437118,0.662971732831241,-4.5951452688302,0.618958651986099,6.93424622,0.18316786,-0.9,0.01914179,141.681925839746,-233.808608550654,1325.48734400515,0.894047622421655,0.848596488488939,7.09291331421676,0.126256901169692,-0.898289329363713,-917.511807561703,-917.709137075932,-934.717639307311,-934.807847031889,0.0876868491055952,-962.174816068748,0.0314622635487042,1884.57885825224,1906.60171096125,NA,2417.16607945964,0.355613253575453,0.942540019334993
"873",-5.86,0.79,-5.86,0.83,1.359326,9.604077,-1.1484446,0.2002995,35,35,-5.76660849382933,0.791957414040507,-6.72947848889546,0.915331929881258,1.43867570149979,11.2929767378895,-1.43421079749192,0.238950754459767,1.43867570149979,8.00888163260356,-6.2480434913624,0.853644671960883,1.43867570149979,11.5247563947392,-1.46390920235664,0.242756072249502,1.43867570149979,8.06396605167883,3.1752029460359,0.0877329566501917,-0.509940569309337,-7.00607238583492,-7.23390894112225,2.22148312260117,8.10863663584219,-3.87805885766474,0.541266331231021,-4.60436283507499,0.622881786221999,5.65852097,0.13589997,-0.881,0.02645638,78.4938231511613,-107.432403173485,1298.91649414849,0.567868316391883,0.552130354409296,10.0321730211559,0.197880022527234,-1.37365775177378,-925.022709368346,-925.586083744002,-938.266791470082,-938.693500237051,0.415783073845921,-968.155574106774,0.305279314260142,1899.60066186553,1913.70001528679,NA,2490.4005851235,0.508144025488019,1.24800920193005
"874",-5.86,0.79,-5.86,0.83,1.359326,9.604077,-1.1484446,0.2002995,35,35,-5.59394402997336,0.804769793434489,-5.37926432706961,0.770426284296688,1.26542123344528,10.7711905294764,-1.2757838497553,0.203533849685411,1.26542123344528,9.15763465674055,-5.48660417852149,0.787598038865589,1.26542123344528,10.7827123731861,-1.27762706333989,0.203828718840385,1.26542123344528,9.15977623736636,3.02823841705814,0.0832720316872445,-0.48523054749083,-6.75707508100663,-6.74700511848246,2.00309121758784,9.39557111254296,-3.9596793729848,0.578220849428273,-3.74898116386129,0.537419914113209,5.8033014,0.1302537,-0.874,0.0251007,83.1849303616417,-116.814617594446,1228.53453109953,0.926978776948685,0.907955822381392,7.40057667345736,0.153096475042427,-1.03117248007829,-898.076321401189,-898.113883864717,-915.229912783157,-915.244669648108,0.0143367513674292,-947.427617453007,0.000579500199163702,1845.70788593122,1867.62625791294,NA,2340.25444460462,0.482474948248217,0.965980917373771
"875",-5.86,0.79,-5.86,0.83,1.359326,9.604077,-1.1484446,0.2002995,35,35,-6.52418003156413,0.825913207053862,-5.81102611990944,0.812236880579284,1.49606744352929,12.2827188968886,-1.37978376223414,0.208699407347042,1.49606744352929,8.84253373809995,-6.16760307573678,0.819075043816573,1.49606744352929,12.4098660223157,-1.38222209366474,0.208746167823501,1.49606744352929,9.0761803613368,2.44181863930223,0.0661206347341346,-0.386737616150035,-7.56134409553036,-6.92967019799076,2.21162212940637,9.96191182924913,-4.40286807223113,0.551440700514252,-3.69097650655775,0.515765797740268,6.40787724,0.11663693,-0.878,0.02962571,56.8098810485421,-64.0645189682469,1350.78604546226,0.297211498914932,0.294183279885516,10.7588410967909,0.204371738783725,-1.43058973807037,-934.46149234905,-935.459039734875,-954.04559375597,-955.687869831651,1.61421548585651,-973.547745051076,1.95855418930628,1918.47822782694,1945.25761985857,NA,2637.50757195627,0.389950733988241,1.37554882177454
"876",-5.86,0.79,-5.86,0.83,1.359326,9.604077,-1.1484446,0.2002995,35,35,-7.33850975054147,0.985818721370203,-6.57686704446074,0.909362147060504,1.43226284316572,10.7366025417067,-1.122484105378,0.197532631446818,1.43226284316572,11.9123111875136,-6.95768839750111,0.947590434215354,1.43226284316572,10.8816274446383,-1.13704225341673,0.198994033385612,1.43226284316572,11.9786360877956,2.2290871675937,0.0608358243175806,-0.347911809072164,-7.42299813893098,-7.116863917934,2.0300621116372,14.7844463701127,-4.35459436279374,0.589226125607276,-4.37335134663687,0.609172133255583,4.07575388,0.09348985,-0.761,0.02628484,83.1960185051412,-116.836793881445,1431.26676349032,0.944229154629272,0.953449115558644,13.5844504262139,0.260439017524279,-1.81118385225428,-935.354277255394,-935.733660442753,-962.370188443002,-962.72882755544,0.349286286062672,-965.322023373937,0.348042308811515,1920.26379763963,1961.90680923263,NA,2745.6967330992,0.383027145459336,1.75629075293489
"877",-5.86,0.79,-5.86,0.83,1.359326,9.604077,-1.1484446,0.2002995,35,35,-6.14934530206253,0.798124953085868,-5.9841558505797,0.884682436602646,1.23954102567138,9.63176314336205,-1.24845934428055,0.21557058919341,1.23954102567138,8.3435387445406,-6.06675057632111,0.841403694844257,1.23954102567138,9.63858503208235,-1.24488474847458,0.217443638681599,1.23954102567138,8.68422487987293,2.89839534376215,0.0845684773051473,-0.480303525305195,-7.35206459240878,-6.67118805259681,1.95840388982933,8.23771628928051,-4.39566555807382,0.570155848258898,-4.28127946876408,0.633078627856584,5.28611951,0.13649399,-0.873,0.02303677,106.987981106338,-164.420719083838,1263.17980457463,0.221949203148122,0.217569691064383,7.67569903509125,0.154547694716328,-1.05111490368697,-890.970614958419,-892.680408890578,-904.31942231922,-906.826346287497,2.47943074203386,-937.766996672317,3.04941701510378,1831.49647304567,1845.80527698507,NA,2361.93889006542,0.478771843196891,1.00440723098777
"878",-5.86,0.79,-5.86,0.83,1.359326,9.604077,-1.1484446,0.2002995,35,35,-5.63805155540923,0.798804837510832,-6.05314836183582,0.795885287219095,1.23063228615853,10.2010349935326,-1.13337461990108,0.194261797981662,1.23063228615853,11.6179932478386,-5.84559995862253,0.797345062364964,1.23063228615853,10.244111333209,-1.1330716459005,0.194263928925139,1.23063228615853,11.7510030419833,2.85202304099174,0.0756997974160534,-0.445777945355673,-6.83672027028512,-7.26921100185839,1.92797199019705,12.6784988590606,-4.62583719158861,0.660853647398582,-4.63673527166939,0.611519208982201,9.47862573,0.18562292,-0.892,0.02068902,117.044186590552,-184.533130052268,1321.83296348848,0.596009651079902,0.57727454063052,4.89875635067726,0.100256585705079,-0.651533879611431,-900.156039170796,-900.587796770847,-923.582931745572,-924.316959280545,0.716807009179753,-947.668586051287,0.844036858467115,1849.86732147043,1884.33229583777,NA,2459.13279692469,0.453700358872999,0.740102249146282
"879",-5.86,0.79,-5.86,0.83,1.359326,9.604077,-1.1484446,0.2002995,35,35,-5.23190877093899,0.64291137581143,-5.90331964691526,0.838204510172802,1.2870485810796,8.90519365808284,-0.953538631742421,0.151061118124786,1.2870485810796,8.9437411498997,-5.56761420892713,0.740557942992116,1.2870485810796,9.01789179917766,-0.986319115345853,0.160595970206958,1.2870485810796,9.174228975291,3.99240125810824,0.0976030035861517,-0.613376417427398,-7.35935039009798,-6.86725530751706,1.96238115217659,10.0189385009644,-3.63058300010293,0.443825317603015,-4.39755984958931,0.631558754780581,4.47617118,0.07752733,-0.796,0.02344726,107.813508829466,-166.071774530094,1276.79521360544,0.0666577313735987,0.0582210559059684,7.29434449358643,0.157424027871195,-1.03213309145954,-895.159257265144,-897.405166656613,-917.892074368743,-919.496098397771,1.57618464623514,-944.435282183941,1.33266775170534,1839.87375765913,1872.95058108411,NA,2387.51865268079,0.542696882700592,0.995872570683095
"880",-5.86,0.79,-5.86,0.83,1.359326,9.604077,-1.1484446,0.2002995,35,35,-5.54476241230689,0.640330644896533,-5.34687553164922,0.753161648717818,1.43675656894527,14.3999942122809,-1.56369056224375,0.225910818163618,1.43675656894527,10.6218457972231,-5.44581897197805,0.696746146807176,1.43675656894527,14.409784016665,-1.55810861839683,0.229093527019448,1.43675656894527,11.1026093044912,2.12049311372414,0.0517799382163915,-0.315628896847265,-7.68757935844157,-6.81747455427445,2.38811247082484,10.7005586675027,-3.16962083082699,0.352919876025551,-3.37207640673863,0.490419449521111,5.63453999,0.1064594,-0.881,0.03098688,47.692145743776,-45.8290483587146,1339.96531492602,0.0274442049564736,0.0267839780906003,11.984755658747,0.213584835177484,-1.50737904379624,-933.237631349536,-935.5796224332,-955.767048915328,-958.604463143094,2.81297128396278,-994.640468646466,3.22425008128928,1916.03050582791,1948.70053017728,NA,2634.10158149333,0.325857194277642,1.63623910486933
"881",-5.86,0.79,-5.86,0.83,1.359326,9.604077,-1.1484446,0.2002995,35,35,-5.95368156639073,0.859791574963338,-6.70218192277007,0.952035786178757,1.2388018010307,8.37167345035736,-1.05829562934355,0.233005643018119,1.2388018010307,13.0637845369103,-6.3279317445804,0.905913680571047,1.2388018010307,8.51173664623237,-1.07555683558572,0.235132891643808,1.2388018010307,13.1070021367703,3.0066101009792,0.0775288526613983,-0.46718247438914,-6.78900708105123,-6.9879402970264,1.96177966886568,14.0185168286745,-4.63652980409299,0.664118938299627,-4.6118706006106,0.675379562413813,4.43038098,0.12520485,-0.749,0.02135729,118.605749806532,-187.656256484226,1367.13578341615,0.969538653372527,0.953025334788163,8.01352309098896,0.182821625566522,-1.16188642085321,-906.943266726276,-907.390231626679,-932.79752534198,-933.012303466466,0.208962017497138,-955.198571214593,0.15983956670303,1863.44177658139,1902.76148303059,NA,2546.61531034807,0.452652461882429,1.14459530672285
"882",-5.86,0.79,-5.86,0.83,1.359326,9.604077,-1.1484446,0.2002995,35,35,-6.7276051238111,1.00666222497731,-6.82281878682599,0.962840878090283,1.39812902179735,10.5515700471814,-1.30101143057488,0.206626370536601,1.39812902179735,7.28057079365096,-6.77521195531855,0.984751551533797,1.39812902179735,10.5538364575876,-1.29996833283604,0.20710644814735,1.39812902179735,7.36306846672518,3.202082393729,0.0743507267700365,-0.475188379325079,-6.68791331137899,-7.04420321950506,2.01251680591566,7.9851802764373,-4.83833556959587,0.726317253652455,-4.57505684018943,0.638258726011522,5.48897914,0.10882496,-0.88,0.02758559,74.7983069750343,-100.041370821231,1282.42007217409,0.416451587683465,0.399502408407215,9.77118056189291,0.214274642585357,-1.41288803635506,-911.848041470028,-912.362515875833,-925.361772248609,-926.055717162875,0.677470419472551,-943.474651572039,0.835386962074816,1873.25132606889,1887.88997684385,NA,2464.79877352695,0.436516259454267,1.27292941385152
"883",-5.86,0.79,-5.86,0.83,1.359326,9.604077,-1.1484446,0.2002995,35,35,-5.66087256862303,0.777391204750558,-5.04277269684182,0.696633081212798,1.37578988308032,11.8028818049791,-1.4512396309819,0.257645289860548,1.37578988308032,10.9648375887245,-5.35182263273242,0.737012142981678,1.37578988308032,11.898393667853,-1.46371877743289,0.259275758489883,1.37578988308032,10.9873035560937,2.6027380787003,0.0668133282011417,-0.397263574756793,-6.98711816628288,-6.85015429677512,2.34901999864947,10.4795449985075,-3.66315139151085,0.502991897820408,-3.49590052109302,0.49540745519546,5.29728583,0.13377279,-0.845,0.02832182,57.902284238286,-66.2493253477347,1309.51407300501,0.925628167548647,0.899029767001221,9.00142855033056,0.180158700237951,-1.22124426962727,-928.685901890345,-928.911905975608,-947.17979810596,-947.311111475192,0.127681280232658,-989.929281459437,0.0827842287010714,1906.92704690953,1931.52602855855,NA,2552.77882066229,0.414270527126278,1.20406223938555
"884",-5.86,0.79,-5.86,0.83,1.359326,9.604077,-1.1484446,0.2002995,35,35,-7.35844147884848,0.981273169674761,-4.4009423073117,0.700583278108775,1.2741481219124,6.82735185105384,-0.820071421172618,0.148770633932135,1.2741481219124,7.45581542252197,-5.87969189308009,0.840928223891768,1.2741481219124,9.01405218846405,-1.02760645161391,0.168467337738967,1.2741481219124,8.72757961422392,2.33320320365075,0.065199104180462,-0.377447787971295,-7.47001108798787,-6.18478965633047,1.84833175066297,8.53765336192158,-5.10613317215114,0.66940951083418,-3.42297196994025,0.542734077173065,4.0481207,0.07709964,-0.825,0.02647332,87.3206128111173,-125.085982493397,1250.42228805777,0.00491569289969662,0.00528376244040268,9.07463196979941,0.174306807034722,-1.20145877786271,-885.639978065788,-894.199287434064,-904.077755523231,-913.885503819826,10.2272768165438,-924.712994530089,11.1501682624364,1820.83519926041,1845.32194339309,NA,2375.75859362214,0.374625220912764,1.2105203611083
"885",-5.86,0.79,-5.86,0.83,1.359326,9.604077,-1.1484446,0.2002995,35,35,-5.81543775034649,0.788699406811076,-5.47451106555177,0.760432764136313,1.40552780741787,10.6201647584572,-1.2555633312423,0.21275829248938,1.40552780741787,9.34234271728728,-5.64497440794913,0.774566085473694,1.40552780741787,10.6492225095585,-1.25797254443664,0.212958043261406,1.40552780741787,9.36213518881784,3.20504303953525,0.0845444379337923,-0.507431045621948,-7.07431200635111,-6.90179066405879,2.18715746959173,9.92042749417847,-4.14302193186562,0.563362320152698,-4.02995803441957,0.559905770156706,6.40493011,0.14381731,-0.869,0.02387988,93.976654771228,-138.398066413619,1297.44165294125,0.959260646874888,0.939136031988237,6.71954124643412,0.135708250575775,-0.91559511553433,-923.533983784428,-923.635164179633,-942.218289589407,-942.352122805145,0.13013377151274,-970.689782084753,0.148290362364569,1896.62321069769,1921.60301152544,NA,2456.48523946888,0.476922528333627,0.903245164628404
"886",-5.86,0.79,-5.86,0.83,1.359326,9.604077,-1.1484446,0.2002995,35,35,-7.2861647968622,0.939529137900265,-5.78157238895323,0.836158879437532,1.3949807886363,12.6992642180896,-1.45572627218059,0.219523669730473,1.3949807886363,9.29098909787247,-6.53386859290772,0.887844008668898,1.3949807886363,13.265213796574,-1.49460879870225,0.222195022314136,1.3949807886363,9.80344950402525,3.33287673194872,0.0830204130053157,-0.508712023943448,-7.64643454521874,-6.75769538812828,2.09066416803702,10.1990832226525,-5.55183130337681,0.716159792115856,-4.33973296867604,0.62725448628628,9.04143506,0.17523242,-0.906,0.02271014,107.558689496778,-165.562135864719,1369.00393024622,0.128507378271129,0.118650004024135,8.2608663641821,0.145547881956985,-1.05146543739299,-921.479837932541,-923.603641070576,-940.024445673047,-943.426222666028,3.386196145674,-960.517039279117,4.01447579728412,1892.51491899392,1917.21532369272,NA,2572.44572462772,0.49019360463819,1.05396135754271
"887",-5.86,0.79,-5.86,0.83,1.359326,9.604077,-1.1484446,0.2002995,35,35,-5.19822994571835,0.699412060347345,-5.05003844195402,0.646437787707831,1.27764386184521,6.76001431989114,-0.651756891857817,0.126605343432499,1.27764386184521,10.4355271339353,-5.12413419383619,0.672924924027588,1.27764386184521,6.76550450033811,-0.653719476138634,0.127306911822921,1.27764386184521,10.4596035846237,2.60022283196028,0.0730124820501138,-0.41992775298655,-6.98905510708393,-7.1564706115632,1.97187831843559,12.0294413853237,-3.96982496315112,0.53682259907845,-4.2089405926407,0.556262613160274,4.47104869,0.07329923,-0.762,0.02386798,102.776717556909,-155.998191984981,1283.65804769229,0.926463491564695,0.932694140135054,4.97893702807032,0.111984002488989,-0.699981318234383,-895.397610237391,-895.568359497322,-925.879949947387,-926.027173581107,0.143167746238325,-951.483989087207,0.129817249965931,1840.35046360362,1888.9263322414,NA,2411.3179033996,0.425805951659808,0.768894775831078
"888",-5.86,0.79,-5.86,0.83,1.359326,9.604077,-1.1484446,0.2002995,35,35,-5.82782040392028,0.769975429932874,-6.13553467573763,0.856674701861675,1.49306280249113,9.1698212250456,-0.933427500471877,0.148078129002068,1.49306280249113,8.62578971766235,-5.98167753982896,0.813325065897274,1.49306280249113,9.19349324331562,-0.940097151304044,0.149957319940314,1.49306280249113,8.66253261750902,2.42158640351779,0.068216058967563,-0.391419972309719,-7.19824726896523,-6.98942971378517,2.04067739964528,11.0636605897661,-4.13374575414842,0.559787085574787,-4.39614517936274,0.626045744406591,4.79555655,0.08783309,-0.813,0.02677562,78.923900150131,-108.292557171425,1314.06559146217,0.72492457444429,0.722555937390357,8.20177401309228,0.155733316352491,-1.08479610927228,-927.038071288803,-927.448782257742,-951.994343711872,-952.261034205285,0.259564904580147,-957.190843745616,0.210779082796801,1903.63138570644,1941.15511977037,NA,2519.83862575292,0.398742975044913,1.06955194093409
"889",-5.86,0.79,-5.86,0.83,1.359326,9.604077,-1.1484446,0.2002995,35,35,-5.67657390423488,0.803224035612877,-5.35412347747654,0.791198660979515,1.43563255114825,5.76742669314433,-0.732018124072014,0.139635342864656,1.43563255114825,5.74392620399692,-5.51534869085571,0.797211348296196,1.43563255114825,5.79342026257348,-0.732987520867629,0.139671495273424,1.43563255114825,5.78248915718213,2.27775279609298,0.0574165997637796,-0.345314674979637,-6.84891418037384,-6.59810782387713,1.97136434665102,6.83485753803573,-4.29689619095766,0.605332454160477,-3.37740349396819,0.496624127467287,3.41050275,0.07809416,-0.841,0.03037471,60.3056235027008,-71.0560038765642,1187.98882545746,0.311713395829138,0.249487422505569,6.88827819043356,0.158996791200488,-1.01532999177377,-901.438455790383,-901.709015998528,-917.478201541101,-917.877333752314,0.388835929883125,-933.618112394915,0.48464756811156,1852.4321547096,1872.12283542883,NA,2304.92164703836,0.35470967668588,0.950177141998053
"890",-5.86,0.79,-5.86,0.83,1.359326,9.604077,-1.1484446,0.2002995,35,35,-5.47087455969799,0.726633203446301,-6.20307855441786,0.970072231022135,1.23067501039472,12.0727217697245,-1.28138984838442,0.18596431627638,1.23067501039472,11.0272469648018,-5.83697655705792,0.848352717234218,1.23067501039472,12.2067524421955,-1.32595160549986,0.200779956313147,1.23067501039472,11.5009448809867,3.21989643665147,0.0806002807257373,-0.495038861741315,-7.0995231944901,-6.38138045758479,1.89377163091951,12.236172285028,-3.79424173477793,0.498688792049265,-4.7782006804944,0.748240302730786,5.99728683,0.09791521,-0.827,0.02347237,100.317245272858,-151.079247416879,1297.08279823907,0.0119465991834489,0.00878774063658981,7.67143981359305,0.182058451405797,-1.13196157353631,-896.113955749228,-899.905812852366,-920.234995121818,-922.939065414834,2.67820710714942,-942.13300155041,2.44837811316606,1841.78315462729,1877.63642259026,NA,2443.08634906126,0.466271500600897,1.13283104659054
"891",-5.86,0.79,-5.86,0.83,1.359326,9.604077,-1.1484446,0.2002995,35,35,-4.90145513401968,0.624373394793136,-5.58225744746428,0.773619833323228,1.21666795036984,10.9882944783895,-1.64079471028818,0.309489833936863,1.21666795036984,9.23063153096657,-5.24185629074198,0.698996614058182,1.21666795036984,11.1041674258874,-1.66619654044434,0.315058458790342,1.21666795036984,9.30254391024847,3.31090032246034,0.0923882993808125,-0.53700748714696,-7.13934124701578,-6.93097190017108,2.41872599256698,6.51445379599442,-3.59619951930652,0.46219006454972,-3.92816231520588,0.544974068365082,5.61116068,0.14389963,-0.877,0.02524875,84.8194378900228,-120.083632651208,1249.47202101922,0.677740367034353,0.659267859503172,6.97602075582481,0.172183346081135,-1.05925022816255,-896.273701045823,-896.842566647395,-906.105326896556,-906.595644348499,0.477980442983199,-982.262906412998,0.284269674347106,1842.10264522048,1849.37708613974,NA,2378.86040938723,0.524217452611659,1.02184040497893
"892",-5.86,0.79,-5.86,0.83,1.359326,9.604077,-1.1484446,0.2002995,35,35,-6.40298586119464,0.841235621967058,-6.69361754391622,1.01725235554855,1.35190790764587,8.56132109137724,-0.892564217887828,0.143268379838809,1.35190790764587,8.73801142815124,-6.54830170255543,0.929243988757806,1.35190790764587,8.58243778512765,-0.905353227754816,0.151013852463984,1.35190790764587,9.1608495338367,2.62729473665263,0.0661996536240675,-0.401289785631349,-7.34886294208649,-6.59083247394676,1.81422788704263,11.3637611181414,-5.5381131071184,0.744990115106704,-5.1599470377081,0.779170466449227,7.50478369,0.13976103,-0.869,0.02334603,102.529061716086,-155.502880303334,1330.26639033166,0.210554121367638,0.196032104643808,4.7601238397268,0.111400524188571,-0.68049176193632,-904.46068603866,-907.284780241627,-928.47409707814,-931.449455678871,2.95265531353663,-929.233513687985,3.04844133333526,1858.47661520616,1894.11462650291,NA,2505.02990036,0.397366736296563,0.761178427642505
"893",-5.86,0.79,-5.86,0.83,1.359326,9.604077,-1.1484446,0.2002995,35,35,-6.07580826875763,0.763782911151501,-7.09643978145001,0.961519765417819,1.32043982182586,10.5076793973238,-1.14986158106618,0.17873568420107,1.32043982182586,9.55462394239127,-6.58612402510382,0.86265133828466,1.32043982182586,10.768101568499,-1.20031569723739,0.188510650084854,1.32043982182586,9.63685625201973,2.72323400815163,0.0740559003986007,-0.431858945192264,-7.48312855826508,-7.32569506156754,1.9349352936374,11.0806464627873,-4.14253105204425,0.525163385520188,-4.97067418516732,0.676553569126064,4.18425446,0.06327339,-0.826,0.02796574,81.3693119939657,-113.183380859094,1353.86093806503,0.240830580335852,0.197166238779584,11.4192272458838,0.228490461937142,-1.55947591496684,-906.560765281904,-908.014834125563,-928.340760395872,-928.884025001621,0.529795953437668,-944.204148043283,0.12617828583743,1862.67677369265,1893.84795313837,NA,2594.53849527097,0.43780317185401,1.48778352048599
"894",-5.86,0.79,-5.86,0.83,1.359326,9.604077,-1.1484446,0.2002995,35,35,-6.62834297196319,0.84964499873495,-5.68909622135356,0.818207763421589,1.39893270655239,9.00305175406123,-1.39235776984898,0.270218321893605,1.39893270655239,6.73031818553908,-6.15871959665837,0.83392638107827,1.39893270655239,9.22359786869392,-1.39973960012803,0.270465396834642,1.39893270655239,7.08555258592621,2.50569550214814,0.0678530157044872,-0.395171707941003,-7.52411916216479,-6.77216732454466,2.28210354217204,5.75919551156991,-4.47336797869632,0.569349706456686,-4.30107179196703,0.619777620180004,5.40022696,0.15279002,-0.901,0.02449901,97.7658773711962,-145.976511613555,1275.53683045362,0.209395882355585,0.195617801643154,7.48129093506304,0.163780609993244,-1.06164610960261,-911.443100467653,-913.898511239026,-920.689233350591,-923.834250300524,3.12483117079354,-964.310434765041,4.3621104475796,1872.44144406414,1878.54489904781,NA,2405.09714929369,0.406585657091176,1.04664627250145
"895",-5.86,0.79,-5.86,0.83,1.359326,9.604077,-1.1484446,0.2002995,35,35,-6.85661602912439,0.889142677937602,-6.77116810828073,0.914222556122365,1.35005840876282,8.07929704136737,-0.977251694843206,0.168248023518563,1.35005840876282,7.34738218840755,-6.81389206870256,0.901682617029983,1.35005840876282,8.0811223781615,-0.97671593898173,0.168405273591003,1.35005840876282,7.38416965494668,2.18288700315274,0.0605182573247683,-0.349709521609616,-7.51707526744366,-7.28220792229056,1.87772095006992,8.69128487763031,-4.90308785762781,0.636477823195976,-4.79281067693152,0.65332538753464,4.13161521,0.10621461,-0.856,0.02265658,122.303494509963,-195.051745891089,1331.08414615342,0.743923814207396,0.732846302507928,9.41164725184114,0.174143883662056,-1.24887919633149,-900.702648348336,-900.906385470717,-917.352464853769,-917.6602817056,0.299680506798325,-929.137228120424,0.360727977712401,1850.96053982551,1871.87136205417,NA,2467.11654641574,0.355854764950191,1.13945134471635
"896",-5.86,0.79,-5.86,0.83,1.359326,9.604077,-1.1484446,0.2002995,35,35,-5.70636191823426,0.805091894372853,-6.65694200233917,0.916919121232807,1.45901888182132,5.50502347712903,-0.734478663582499,0.147229296861582,1.45901888182132,5.6449276922526,-6.18165196028672,0.86100550780283,1.45901888182132,5.73092410120326,-0.761053847260939,0.150355629028379,1.45901888182132,5.71246359929944,2.73325117784558,0.0678493365595639,-0.414582129040441,-6.86757397522675,-7.15191637921064,1.9618009240345,6.80584188453481,-3.93645332731127,0.559343498731145,-4.87957626096016,0.687304507315027,3.27800422,0.09719143,-0.868,0.02947239,71.3017824606771,-93.0483217925169,1238.5599365645,0.331866350614201,0.268599022656185,7.75505351856969,0.155745431918615,-1.06251702903734,-904.628941848035,-905.614366659932,-920.401879724277,-921.109735573549,0.69111988751043,-932.296823812113,0.628283332177343,1858.81312682491,1877.97019179518,NA,2384.07155133649,0.408173652080099,1.00640536491672
"897",-5.86,0.79,-5.86,0.83,1.359326,9.604077,-1.1484446,0.2002995,35,35,-6.06962831879871,0.940781516981215,-6.8240856648975,0.957641484956998,1.41196877662463,8.03306254392932,-0.91070100577546,0.167300559982842,1.41196877662463,8.78694328782366,-6.4468569918481,0.949211500969107,1.41196877662463,8.17536401569993,-0.91388103744904,0.167371624612878,1.41196877662463,9.05245532394547,3.08702536828087,0.0785813077355822,-0.476261128172787,-6.42243671666885,-7.07644673641869,1.91556865845828,11.1380525831327,-4.40889416264531,0.67761763327758,-4.70568888821821,0.666835441397759,3.616381,0.0658688,-0.769,0.02909029,67.6351578999737,-85.71507267111,1301.04864973943,0.505005767309386,0.496978458851493,9.55760202933674,0.217253007668462,-1.38431552489739,-917.205463668181,-918.354046201424,-939.474655213973,-941.348396714586,1.8447862550451,-941.905528247139,2.18911727459572,1883.9661704652,1916.11574277457,NA,2516.38222680774,0.461519243896536,1.35800793575529
"898",-5.86,0.79,-5.86,0.83,1.359326,9.604077,-1.1484446,0.2002995,35,35,-6.3519574963537,0.883558276084754,-5.67706257005493,0.855527186986287,1.40624209956306,8.74743583829249,-0.992557247815411,0.187745930770398,1.40624209956306,10.1086122116309,-6.01451003320431,0.86954273153552,1.40624209956306,8.86130662867846,-0.997286757768208,0.187942366259409,1.40624209956306,10.2703603766555,4.00606406001689,0.0929172340469803,-0.590896109331164,-7.04568715583761,-6.53779420478782,2.01358486999447,12.1599004856013,-4.65058366523053,0.644055656245134,-3.98989120909592,0.610575285283709,5.6236522,0.11288752,-0.821,0.02421972,91.8802185584567,-134.205193988076,1318.86411854817,0.396683597514255,0.395140830921535,7.50396522563889,0.17276967874542,-1.08673070422902,-923.577361970754,-924.234665036884,-947.345966410863,-948.357859934689,0.990121449208276,-956.960563480861,1.15842731052459,1896.70996707035,1931.85836516835,NA,2503.52304310825,0.558188701156491,1.10163742254013
"899",-5.86,0.79,-5.86,0.83,1.359326,9.604077,-1.1484446,0.2002995,35,35,-4.69714170033458,0.695483641351268,-6.06873237621654,0.807883659038084,1.41502658430073,9.62736430697677,-1.23211774222596,0.22393548119361,1.41502658430073,8.56649534995078,-5.38293703827556,0.751683650194676,1.41502658430073,10.0976795525184,-1.27065944628301,0.227093922187609,1.41502658430073,8.89101764513532,2.97243410871195,0.0808358816166975,-0.470628167109403,-6.51137136552254,-7.21331182175801,2.2706665462007,8.54665225920848,-3.48184059791972,0.518821015727346,-4.18972084046971,0.552560760577595,4.7824948,0.10547919,-0.831,0.02932574,57.9649725986483,-66.3747020684592,1278.54560519159,0.262774316065515,0.247409077163194,7.79068303099079,0.172394999747319,-1.1101502837797,-922.311057174632,-924.187483511548,-938.409904119491,-940.745111850873,2.30675030565522,-975.164538483867,2.7048491139241,1894.1773574781,1913.98624058561,NA,2490.71650831473,0.480764374699857,1.10170159234102
"900",-5.86,0.79,-5.86,0.83,1.359326,9.604077,-1.1484446,0.2002995,35,35,-6.38822795121012,0.846035887448572,-5.38746828391052,0.796738492756991,1.38516843671029,9.73613180620171,-1.15068889155724,0.2010113460638,1.38516843671029,9.27450049204876,-5.88784811756032,0.821387190102782,1.38516843671029,9.98651178412512,-1.16302260263481,0.201618904344644,1.38516843671029,9.59420260292922,1.94177177773429,0.0497408487694141,-0.300105114692191,-7.30550629252691,-6.59844774612214,2.07714025854349,10.3159583138948,-4.8067260887918,0.637949155891267,-3.4379202267123,0.511207580426275,6.320149,0.1509679,-0.885,0.0250424,85.3622082948913,-121.169173460945,1295.78029513567,0.0785835499719704,0.0632567755069073,8.27359243294217,0.156017943872659,-1.08030907698579,-918.760763612788,-920.145828900504,-938.182769503985,-940.32769424121,2.11589298737159,-959.290427847761,2.53104899089784,1887.07677035441,1913.5319713546,NA,2470.39141681039,0.293241385984527,1.11489998784638
"901",-5.86,0.79,-5.86,0.83,1.359326,9.604077,-1.1484446,0.2002995,35,35,-5.90594737753765,0.80906621807128,-6.24553066888804,0.921941643879258,1.46612552330069,9.05548687044687,-1.30974611215081,0.220996703097568,1.46612552330069,4.42772891910196,-6.07573902321285,0.865503930975269,1.46612552330069,9.08431607338797,-1.31932876430292,0.224181918535401,1.46612552330069,4.51318171769933,2.72377234413809,0.0686323754462296,-0.414531003459883,-7.04348144236992,-6.71058215550921,2.18402441083649,3.81688183245992,-3.6742536931054,0.502392415793119,-4.4058253965024,0.649188353697445,3.58344076,0.08990375,-0.909,0.03463512,42.5853280211343,-35.6154129134312,1187.90926096225,0.260713196922258,0.219532152934547,9.99391909392859,0.223647303043513,-1.4655978504918,-903.593991008943,-904.582650642197,-907.429026819113,-908.52250390472,1.07057489259845,-941.690781691061,1.25357179043726,1856.74322514672,1852.02448598485,NA,2340.20310901106,0.417663573974549,1.29535386906153
"902",-5.86,0.79,-5.86,0.83,1.359326,9.604077,-1.1484446,0.2002995,35,35,-5.11369546648869,0.6541095099708,-5.62891062082485,0.770356169426176,1.35206407792334,8.13456914600561,-1.06411051986399,0.18518794522285,1.35206407792334,6.46828064059085,-5.37130304365677,0.712232839698488,1.35206407792334,8.20093080982003,-1.07908353001209,0.188566266681484,1.35206407792334,6.51084822472432,2.84422826798832,0.084424781478174,-0.473072897464781,-7.17442150006523,-6.99706913849259,2.15620731620913,6.2120269039225,-3.4898792913567,0.453903126824321,-4.33219008077691,0.599191469357984,4.31435213,0.12692441,-0.903,0.02583937,91.082136237584,-132.609029346331,1203.54401224176,0.406685289533151,0.337398533616296,7.13881507681495,0.134285334146113,-0.9449138372978,-897.765723219702,-898.315003153423,-909.926348550017,-910.324200646411,0.387585290427252,-952.677080046312,0.240698320253055,1845.08668956824,1857.01912944666,NA,2274.47899513718,0.486011405384018,0.908160586820703
"903",-5.86,0.79,-5.86,0.83,1.359326,9.604077,-1.1484446,0.2002995,35,35,-7.35680935438012,0.92931931699007,-5.22998751253661,0.747357993023724,1.31828176396511,9.65815521376939,-1.2036509270677,0.199483496995198,1.31828176396511,7.70829123499847,-6.29339843345837,0.838338655006897,1.31828176396511,10.7889980005051,-1.3004007566133,0.207760977850094,1.31828176396511,8.48580567673076,3.03570785818385,0.0730564784125006,-0.457524377821575,-7.77790657372616,-6.73516321397637,2.0113616113227,7.99640254508254,-5.37335732200976,0.688668899343188,-3.92501715869214,0.555154983922352,6.32472616,0.12433327,-0.896,0.02514115,93.9739398226517,-138.392636516466,1302.77719582369,0.074102252003081,0.0551390516273736,8.9184578647555,0.170803454888723,-1.18280365444678,-900.345305383432,-904.728506680536,-914.479825084326,-920.466291908366,6.07133829255826,-943.377666845113,7.15060503721888,1850.2458538957,1866.12608251528,NA,2467.16175513092,0.427946770030586,1.1740115669298
"904",-5.86,0.79,-5.86,0.83,1.359326,9.604077,-1.1484446,0.2002995,35,35,-6.13234696753361,0.874600780692587,-5.39324194201444,0.817877182070338,1.43628665127882,10.0500617401613,-0.998491206934321,0.158451155131327,1.43628665127882,10.1839880243213,-5.76279445477403,0.846238981381462,1.43628665127882,10.1866307998482,-1.00897238113613,0.159255546791491,1.43628665127882,10.2870066396907,3.73714913167874,0.0981117181017949,-0.587602056218789,-6.87944306663465,-6.47828256335183,1.97825085175955,13.089921671424,-3.9858504446297,0.569326258699023,-3.9331230009126,0.591138898940899,4.93913531,0.08591111,-0.796,0.02725314,70.6425164285237,-91.72978972821,1306.88590930912,0.838572019689189,0.80585634354476,8.41809388095819,0.178663120883955,-1.17696074226088,-925.670261958639,-926.117336848771,-952.99866110345,-953.640497720491,0.626365642549146,-955.013169392947,0.687057929375074,1900.89576704612,1943.16375455353,NA,2522.04202889004,0.564126153473141,1.15529807925823
"905",-5.86,0.79,-5.86,0.83,1.359326,9.604077,-1.1484446,0.2002995,35,35,-7.04874209562529,0.986529437478381,-4.93614719712406,0.70226068347474,1.34286301275962,9.09513839261112,-1.04608796585356,0.168548016516192,1.34286301275962,7.92635903378663,-5.99244464637468,0.844395060476561,1.34286301275962,10.2109026939045,-1.19622414573141,0.188750197641888,1.34286301275962,8.17448707134765,3.05245966275353,0.0764170548012578,-0.462134645880301,-7.12899622135416,-6.7100009990343,1.97391624964896,8.94684457577506,-4.74212729014103,0.673228022801097,-3.3551634288136,0.473762237547725,4.4899785,0.11914035,-0.853,0.02463599,92.5463690915581,-135.537495054279,1252.74141097025,0.125750997358292,0.0879516256584899,10.1936698873608,0.194209801677647,-1.38382081376278,-902.356925114054,-905.533772776715,-920.73744078064,-922.656693681316,1.89021150620158,-942.28860009885,1.06402308116179,1854.26909335694,1878.64131390791,NA,2369.94532688622,0.469353369509709,1.20461269195333
"906",-5.86,0.79,-5.86,0.83,1.359326,9.604077,-1.1484446,0.2002995,35,35,-6.34647105993622,0.831982628861425,-5.11477484923401,0.70536080744996,1.3302763742113,11.6410931912046,-1.43008322682997,0.22696567812046,1.3302763742113,8.50745220553024,-5.73062295458512,0.768671718155693,1.3302763742113,12.0203620800691,-1.46907313123614,0.230973949534849,1.3302763742113,8.6840950980572,2.39846234195132,0.0607911295361258,-0.367068936500567,-7.34747507935614,-6.87015891471839,2.17326876149127,8.17030030188625,-4.52858155973589,0.597414992050284,-3.22036259286704,0.441463055315151,5.26497096,0.10072661,-0.88,0.02829198,69.1014359605293,-88.6476287922213,1270.01388895528,0.188963132265741,0.172631584793123,10.0095792000258,0.203136640028739,-1.38269211587989,-908.501660006115,-909.562220308636,-922.844943232099,-924.133568007972,1.26340016569805,-963.015764546726,1.36038630307744,1866.55856314107,1882.85631881083,NA,2451.38014911833,0.365656337238519,1.28969220092403
"907",-5.86,0.79,-5.86,0.83,1.359326,9.604077,-1.1484446,0.2002995,35,35,-4.92918124275037,0.604160163483291,-6.21509712793376,0.858186655541236,1.50659035965598,10.7594948990464,-1.29712445417135,0.227597464509814,1.50659035965598,9.20005250813124,-5.57213918534206,0.731173409512264,1.50659035965598,11.1728898149882,-1.37878862952004,0.24372982917663,1.50659035965598,9.3253025371921,3.7325445292843,0.0911747161492245,-0.56418301042752,-7.28749255731644,-7.05998433720644,2.44295581932577,9.30780163039063,-3.38212617698038,0.417382683718399,-4.08295207650748,0.566197373111377,5.84293229,0.1529993,-0.865,0.02758711,65.1277339167588,-80.7002247046801,1335.35239121195,0.41398911335772,0.361492504561547,9.30400250663245,0.187017272315381,-1.26754014687348,-939.81174216276,-941.649173534832,-958.26040116322,-959.114721182767,0.834995895300456,-995.767551303936,0.244601706133985,1929.17872745436,1953.68723467307,NA,2590.00455771921,0.541382103020925,1.23736295186669
"908",-5.86,0.79,-5.86,0.83,1.359326,9.604077,-1.1484446,0.2002995,35,35,-5.91299530243395,0.78869994822313,-5.14522438543852,0.78413976952295,1.24952679642294,8.43031833068755,-0.988123613087118,0.160694876172597,1.24952679642294,7.75420152626894,-5.52910984393624,0.78641985887304,1.24952679642294,8.57768637593356,-0.988998906232694,0.160700074980042,1.24952679642294,8.13832841312462,2.88684736792203,0.0736298413985903,-0.444865588246826,-7.17186633284565,-6.4312637805093,1.86088496552488,8.54957531805598,-4.5193243168222,0.613614866528624,-3.5211787703991,0.531284197880529,4.74685191,0.08055687,-0.871,0.02595888,88.4559176090156,-127.356592089194,1200.42147412958,0.178475208640818,0.158256593730355,6.81670266513334,0.150498044702226,-0.965313932394874,-884.361962834845,-886.203857238551,-901.724649050019,-904.730709605427,2.98378192777551,-926.415045027132,3.67293958403147,1818.27916879853,1840.61573044667,NA,2273.48635616997,0.435827125542398,0.981465546436654
"909",-5.86,0.79,-5.86,0.83,1.359326,9.604077,-1.1484446,0.2002995,35,35,-6.10348806637216,0.755643157472418,-4.94703922927521,0.720850295464502,1.09281207087677,12.3495407399106,-1.21098217122025,0.17078244057433,1.09281207087677,14.1424977947257,-5.52526364782369,0.738246726468459,1.09281207087677,12.6838842181163,-1.22104121242233,0.171085076386005,1.09281207087677,14.8663049560213,2.81078606406735,0.0715861038199736,-0.430074953030856,-7.55930290197705,-6.61014093338086,1.80279547267127,15.0676111979832,-4.19458323724618,0.522166782404804,-3.38882620628213,0.506870341787991,5.88950124,0.11925852,-0.856,0.02396408,94.2367278859155,-138.918212642994,1307.64060886439,0.0866690989478617,0.0784019716855953,9.22016425687957,0.139720578767538,-1.07289235303411,-876.868866251313,-878.727225962648,-907.25003888839,-910.518511171116,3.25038098967019,-936.85600706835,3.70109169783424,1803.29297563146,1851.66651012341,NA,2476.36300508578,0.434354154665905,1.19776185298232
"910",-5.86,0.79,-5.86,0.83,1.359326,9.604077,-1.1484446,0.2002995,35,35,-4.84330242809086,0.609986720341307,-5.89246944653216,0.776314960536765,1.31018263419423,10.3930678034305,-1.05805752623469,0.15898247876661,1.31018263419423,10.2384295471478,-5.36788593731151,0.693150840439036,1.31018263419423,10.6682556615768,-1.10168405219681,0.16589874963824,1.31018263419423,10.2876207832339,3.07790121617903,0.0747562176257935,-0.461783160993826,-7.1669006246339,-7.22512702871829,2.08077928762088,11.1646837956912,-3.50641312973479,0.437107429581287,-3.72569722781,0.498306546372255,4.77914851,0.08551322,-0.85,0.02710602,78.3460243129942,-107.136805497151,1288.51908961216,0.686905697758308,0.688512731108985,8.62782191243684,0.161856023232576,-1.1255444974976,-904.835602277151,-905.861874125435,-930.824422312444,-931.130147634825,0.297639811667911,-962.250583532134,0.0159389629348305,1859.22644768314,1898.81527697152,NA,2469.90137372717,0.452739435865359,1.15313059453414
"911",-5.86,0.79,-5.86,0.83,1.359326,9.604077,-1.1484446,0.2002995,35,35,-6.48376369954016,0.858253034539127,-5.85121247909961,0.918383984226065,1.41854913743388,8.0552403787492,-0.912623489050902,0.167909578193135,1.41854913743388,8.80153472472641,-6.16748808931989,0.888318509382596,1.41854913743388,8.15527064036941,-0.903114512648223,0.168813510970699,1.41854913743388,9.41272433377367,2.33587841227946,0.0597480463461817,-0.352988553396921,-7.3282554399203,-6.33745958131958,1.95573744814003,10.966874933731,-4.72051028442107,0.636560173902687,-4.24965966370183,0.672340516892577,4.26661917,0.08853184,-0.794,0.02530341,90.8171265396011,-132.079009950365,1307.73420349851,0.0999913730819618,0.0874412606867824,8.19190757871977,0.182417830366455,-1.15587091519856,-918.377706242056,-920.895577291883,-940.718090424776,-944.952360600701,4.24024344987196,-946.49286238234,4.99141894176539,1886.31065561295,1918.60261319618,NA,2483.38939704666,0.381840589474251,1.22011068195775
"912",-5.86,0.79,-5.86,0.83,1.359326,9.604077,-1.1484446,0.2002995,35,35,-5.41289269312617,0.699495237987393,-6.08313258349567,0.867329082895435,1.63249495699706,11.7039992326687,-1.1607009572688,0.162040518497148,1.63249495699706,8.65478991099273,-5.74801263831092,0.783412160441414,1.63249495699706,11.8163046103293,-1.18882319172166,0.169082568371302,1.63249495699706,8.75138962444099,3.63857036733135,0.0869138146730416,-0.551347055627652,-7.20322230363621,-6.87355157637625,2.27252600996079,10.8851627133207,-3.96590536809013,0.515120871703997,-4.04537128767065,0.574826305123023,6.34197436,0.10023202,-0.852,0.02818156,64.9269827781815,-80.2987224275256,1339.32029846206,0.542211643820857,0.524558639706599,8.37044558844626,0.172326622490114,-1.15483375353672,-947.772391661907,-949.210027903632,-974.078497986368,-974.775393094443,0.680364935440205,-983.033597138193,0.478843657464838,1945.10002645265,1985.32342831936,NA,2598.34187449658,0.491342589481515,1.1229270801949
"913",-5.86,0.79,-5.86,0.83,1.359326,9.604077,-1.1484446,0.2002995,35,35,-4.38189641706886,0.57433226322488,-5.54079562871139,0.821056833123533,1.39466969454745,8.61666396649047,-0.844986554499917,0.146440607684944,1.39466969454745,10.334464743911,-4.96134602289013,0.697694548174207,1.39466969454745,8.95242581217688,-0.916468781887016,0.161658861032862,1.39466969454745,10.4921559953251,3.86269786234812,0.105341708385307,-0.620406442373497,-6.91791464281437,-6.60689271187155,2.14450107157849,11.8782394570807,-3.14236414717614,0.42265646567058,-4.09188385672019,0.607175521324308,5.43097608,0.09699895,-0.827,0.02729388,68.2791023158898,-87.0029615029421,1279.3550250576,0.16598930148062,0.150664053454575,5.89490908871128,0.133587617820967,-0.828024835073042,-918.11596132986,-920.571407031267,-946.730359800041,-947.697525577824,0.946053063680418,-971.635943625021,0.416817768645296,1885.78716578856,1930.62715194671,NA,2471.70708861225,0.59593459667183,0.92903874610261
"914",-5.86,0.79,-5.86,0.83,1.359326,9.604077,-1.1484446,0.2002995,35,35,-5.95103961079485,0.77987472675845,-6.15444975860646,0.917295256150247,1.3592450903404,7.60106900979082,-0.864910828408234,0.171788546329419,1.3592450903404,9.85988450209162,-6.05274468470066,0.848584991454349,1.3592450903404,7.611412931849,-0.871899010957215,0.176509646803999,1.3592450903404,10.1344816620232,2.6994753096779,0.072912626309066,-0.430806885676426,-7.26248902699221,-6.64718322097218,1.95021522590123,11.8749771940361,-4.11586765853152,0.53715717744267,-5.11300819802252,0.76548515726645,4.39170082,0.10228492,-0.803,0.02612913,85.0784025189749,-120.601561909113,1326.85931089461,0.0660105299350426,0.0493084097369165,6.61599314754079,0.157379321982689,-0.958149871069001,-912.766460902379,-914.104755773755,-937.432897745475,-939.180872646064,1.71941118450698,-948.360115894504,1.79432032418935,1875.0881649336,1912.03222783758,NA,2533.11705988011,0.415774047250636,1.05147824290526
"915",-5.86,0.79,-5.86,0.83,1.359326,9.604077,-1.1484446,0.2002995,35,35,-5.48386706452419,0.748946823865835,-5.28542695216403,0.801724230248259,1.26390251813264,10.1140475557837,-1.36155888474795,0.253828177960975,1.26390251813264,9.81588183573934,-5.38464700834411,0.775335527057047,1.26390251813264,10.1238921753321,-1.3589405961348,0.254524541617089,1.26390251813264,10.0028823287843,3.05152128767915,0.0879027845163891,-0.499332637068558,-6.9795769229481,-6.46670268056104,2.16767599216575,8.94782849654661,-3.8607543859203,0.534532490884932,-3.77829548457692,0.584213999392486,5.42246651,0.15318422,-0.861,0.02274598,100.111765468263,-150.668287807689,1244.46190848838,0.467560236893785,0.450412949720985,6.63395415933398,0.14438714539075,-0.938423125471818,-904.332418584211,-905.092381201067,-919.330994770576,-920.530911955702,1.1756816245017,-965.232908736903,1.45159706463057,1858.22008029726,1875.82842188778,NA,2338.25552916907,0.510166144641693,0.926024710969198
"916",-5.86,0.79,-5.86,0.83,1.359326,9.604077,-1.1484446,0.2002995,35,35,-6.14585270675923,0.867453029255095,-6.05649740266251,0.91460425136415,1.4310125207866,6.10133905701701,-0.658695007082429,0.125877616382825,1.4310125207866,7.43620296647706,-6.10117505471087,0.891028640309623,1.4310125207866,6.10333514960956,-0.657641704134906,0.12643342581942,1.4310125207866,7.52348618226028,2.90277957231228,0.0749913207285951,-0.451836595935076,-6.93553325930254,-6.565263175193,1.84084797451388,10.1229200158352,-4.57943241139002,0.658673572247455,-4.87170333163523,0.740472263234844,3.80218209,0.0946298,-0.766,0.02474929,94.5919240998487,-139.62860507086,1269.78128466208,0.650524789011661,0.598869298960801,5.76549279940099,0.124843513171198,-0.822282053925056,-908.681161777855,-909.142710084406,-932.360795104617,-933.081312915394,0.703546215856073,-929.100604557437,0.796796600687939,1866.91756668455,1901.88802255586,NA,2399.9339642533,0.436249325655033,0.76912497948797
"917",-5.86,0.79,-5.86,0.83,1.359326,9.604077,-1.1484446,0.2002995,35,35,-5.56545770079132,0.732482409113758,-5.92773756950717,0.757473524632496,1.53776529124933,6.42340115358289,-0.684349023749699,0.117826075900525,1.53776529124933,6.26025825068572,-5.74659763514924,0.744977966873127,1.53776529124933,6.45621282940208,-0.686612468261996,0.117982214864243,1.53776529124933,6.28707061477801,3.22686300217516,0.0784149057951548,-0.486679695023471,-7.15925828181457,-7.37264755121607,2.08008642338182,7.98834015560806,-4.15609102901198,0.542893764524282,-3.94343745819299,0.493221631331838,4.62250448,0.07789013,-0.838,0.02844003,73.7729899424949,-97.9907367561523,1287.22111501837,0.822373964986934,0.809635310988929,6.80459148379233,0.143582896609121,-0.958229212757093,-918.207971090342,-918.386551181659,-939.479871242125,-939.737907288343,0.251126157682274,-951.577681665473,0.289821924149414,1885.97118530952,1916.12617483088,NA,2476.45149328059,0.46562161415426,0.894545000526487
"918",-5.86,0.79,-5.86,0.83,1.359326,9.604077,-1.1484446,0.2002995,35,35,-5.69572747943007,0.817329147953155,-5.22730457453721,0.760329817817283,1.29031287701609,10.5903146419975,-1.19613569060263,0.185300027187102,1.29031287701609,9.1834757196511,-5.46151602698364,0.788829482885219,1.29031287701609,10.6451696464546,-1.20281063855243,0.186112258096087,1.29031287701609,9.20032761293447,2.84341450936704,0.0750008622881712,-0.445452607679173,-6.78403314622295,-6.65519750057361,1.97393973724232,9.99067767238878,-4.39421632785352,0.638380410716448,-3.45646664995509,0.513983002702897,6.10426331,0.11026339,-0.886,0.03002832,50.5106757673301,-51.4661084058228,1230.21536496996,0.471819908297055,0.397094373876522,6.94464102597267,0.144853895595036,-0.957278651617296,-900.504637949572,-900.648153859381,-920.180286485753,-920.296028654114,0.112528254086899,-945.784237303934,0.0910459593943826,1850.56451902798,1877.52700531813,NA,2408.96462153409,0.440985298301303,0.964724047207241
"919",-5.86,0.79,-5.86,0.83,1.359326,9.604077,-1.1484446,0.2002995,35,35,-5.68190951808938,0.729999334916915,-5.07441762570906,0.779515497474226,1.28106804132097,10.4779069861105,-1.43938004268411,0.256824513972183,1.28106804132097,8.4564070074356,-5.37816357189922,0.754757416195571,1.28106804132097,10.5701685859375,-1.43185987586028,0.257437476560783,1.28106804132097,9.01698320021969,3.55216371684228,0.0951581020157135,-0.558354596835894,-7.29050361263278,-6.38800723702413,2.22212673282623,7.27198183620407,-3.7334154380189,0.467024547218287,-3.92783537849154,0.604409955482493,6.01422376,0.13253158,-0.898,0.02848058,63.84240437807,-78.1295656273026,1241.18586555474,0.0295777561060446,0.0288905126235795,6.76016748384939,0.169744849235173,-1.00735103922643,-901.996872239355,-904.619222017567,-913.233420044696,-917.264682981261,4.03104277124967,-964.854333179683,5.27302096597172,1853.54898760755,1863.63327243602,NA,2404.24216548217,0.567034598682813,1.10873649573582
"920",-5.86,0.79,-5.86,0.83,1.359326,9.604077,-1.1484446,0.2002995,35,35,-5.6990396244903,0.753539395699027,-6.17099103523342,0.844822575806222,1.49520906384474,8.22981946025556,-0.731952221810724,0.107876130905065,1.49520906384474,8.4533145851668,-5.93501532986186,0.799180985752624,1.49520906384474,8.28550399378117,-0.742722528217903,0.109959285647685,1.49520906384474,8.46872421063099,2.27748996273645,0.064323407028139,-0.368168928924084,-7.16738812835101,-7.09549797334691,1.94054186958532,11.8088964735009,-4.01166518611221,0.521541081991822,-4.46496818176249,0.606263021817587,4.99977561,0.06650609,-0.797,0.02900446,67.7323679006448,-85.9094926724523,1330.85811636825,0.661336232953331,0.600538048129586,7.92630175580625,0.164093467912614,-1.10738083617548,-920.691146383285,-921.101118526015,-951.080640933578,-951.194653385681,0.110845198488293,-946.961755929404,0.024742926683154,1890.93753589541,1939.32771421378,NA,2575.80674006404,0.377507181187289,1.02530342989181
"921",-5.86,0.79,-5.86,0.83,1.359326,9.604077,-1.1484446,0.2002995,35,35,-5.69800324208159,0.821432122603064,-5.8040247103462,0.877354509250977,1.43396765746652,10.1587017011483,-1.26309837178334,0.226873366794152,1.43396765746652,9.12194337497105,-5.75101397621389,0.84939331592702,1.43396765746652,10.1615118390816,-1.26458061516866,0.227655195126252,1.43396765746652,9.15827438358578,2.72224294643833,0.0686855739827589,-0.418942578149597,-6.76186444763629,-6.53471480727817,2.17576910891861,9.82903410512572,-4.33466110399711,0.623526272138287,-4.24130820788496,0.637530379086589,7.65962657,0.1693918,-0.88,0.02519347,77.5722974677724,-105.589351806707,1289.81728148446,0.86178513742817,0.855647621528081,5.45001606060841,0.127753779666004,-0.798636726621093,-928.137480295482,-928.342529953888,-945.618349791416,-945.869153146085,0.244074531370182,-969.116604478495,0.260596477204837,1905.8302037198,1928.40313192946,NA,2474.04521116221,0.401246811917691,0.800659922696779
"922",-5.86,0.79,-5.86,0.83,1.359326,9.604077,-1.1484446,0.2002995,35,35,-6.7700876621247,0.873828915748748,-5.22983279681948,0.710611515167833,1.3456052955801,6.35842586196373,-0.764238760391324,0.143693845433928,1.3456052955801,7.06834386127836,-5.99996022947209,0.792220215458291,1.3456052955801,6.95152212448783,-0.82708785922813,0.150353825397026,1.3456052955801,7.32202108293577,2.69657083841195,0.0693158605415741,-0.411942043917943,-7.52178233282578,-6.95393450444542,1.91906322533771,8.28225880209733,-4.96025388668453,0.632347025983808,-3.87640236092646,0.525650640976585,3.77460104,0.08350054,-0.806,0.02511788,99.9434587304731,-150.331674332109,1285.55774417275,0.211533937178911,0.177865410623276,7.78211071145168,0.155233037725885,-1.06857558375707,-895.130074346547,-897.522001203184,-914.163024738539,-916.330008045489,2.1379915592704,-932.963658619527,2.15411033161352,1839.81539182193,1865.49248182371,NA,2420.78381401338,0.429341378451382,0.984219359508432
"923",-5.86,0.79,-5.86,0.83,1.359326,9.604077,-1.1484446,0.2002995,35,35,-6.34847764952785,0.794537122594097,-6.36828314962647,0.931631474883795,1.45774366243193,12.2835133117792,-1.32878871473334,0.195618476151544,1.45774366243193,9.34126358218728,-6.35838039957716,0.863084298738946,1.45774366243193,12.2836113762377,-1.32946752028529,0.200317191508977,1.45774366243193,9.75116545620889,2.69680288406337,0.0720008983984723,-0.422203748035626,-7.57257230552185,-6.77560513055836,2.10687246532657,10.9675652696951,-4.38221847278892,0.549482622958491,-4.50707205432671,0.667172610288151,6.98359663,0.12916784,-0.878,0.02660382,77.3432770511387,-105.13131097344,1353.32548954499,0.0832756045238636,0.0721526541849529,9.8695472439161,0.19436549735227,-1.32277731323242,-929.125416344677,-931.553930906603,-951.147827699342,-953.868874580897,2.69535025501921,-964.732012606041,2.99766969774138,1907.80607581819,1939.46208774531,NA,2601.51966811654,0.433084625452454,1.33157710891295
"924",-5.86,0.79,-5.86,0.83,1.359326,9.604077,-1.1484446,0.2002995,35,35,-6.69397939064749,0.862997868877981,-6.13912140603356,0.88374273505135,1.24236514635423,9.84535377710405,-1.19690470900826,0.211933383377653,1.24236514635423,10.2671759595375,-6.41655039834053,0.873370301964666,1.24236514635423,9.92232062287651,-1.19402709534925,0.212040970745791,1.24236514635423,10.5921324683194,3.23411816716706,0.0868402761998868,-0.513937971641102,-7.51020263585663,-6.83175210672691,1.91820116598033,10.9828497317609,-4.49933767491552,0.583329821770146,-4.33001798972575,0.617727296234993,5.85568251,0.13838633,-0.87,0.02329377,101.880191919995,-154.205140711154,1323.71894390058,0.453598272232973,0.446379264465624,8.58850298766008,0.16544849650168,-1.13873387260246,-899.217145674859,-900.424247138843,-917.981591461258,-919.971895595847,1.96118731761346,-941.791580887794,2.38302757949361,1847.98953447856,1873.12961526914,NA,2493.23274709,0.498298457782429,1.14706593592963
"925",-5.86,0.79,-5.86,0.83,1.359326,9.604077,-1.1484446,0.2002995,35,35,-5.8706376579299,0.778838724754862,-6.29470597555491,0.783756771598155,1.3664330668453,10.9488410130985,-1.23476919479059,0.206458185226899,1.3664330668453,10.4723866459453,-6.0826718167424,0.781297748176509,1.3664330668453,10.9937994976019,-1.2352905917533,0.206464232023087,1.3664330668453,10.5722197203406,2.17720386458762,0.0640728545421582,-0.361168619801654,-7.18825930597859,-7.58302717315332,2.11996092239971,11.4131517908602,-4.20814796603544,0.571495493751537,-4.18537280118069,0.511149580138299,5.77943468,0.1175966,-0.848,0.02533943,89.6637388096609,-129.772234490484,1369.16943097147,0.482151541235613,0.441709948751505,9.45049456103938,0.18214525074741,-1.25239415169507,-920.959263116807,-921.320720454547,-942.565807556659,-943.172314677259,0.591738168210999,-967.528785772107,0.704726544786757,1891.47376936245,1922.29804745995,NA,2608.56662745245,0.366900372028876,1.26603464332023
"926",-5.86,0.79,-5.86,0.83,1.359326,9.604077,-1.1484446,0.2002995,35,35,-5.65739056070964,0.779082941046714,-5.20725836409895,0.708732981592124,1.36126730233476,10.1545282614917,-1.31031470800813,0.214853267363794,1.36126730233476,6.97638011166875,-5.43232446240429,0.743907961319419,1.36126730233476,10.2051830100981,-1.31823140345332,0.21609054656261,1.36126730233476,6.98507796207406,3.55389717270631,0.0988790853912435,-0.572663808663006,-6.97355723128728,-6.94255188866118,2.19592406249276,6.52975871278522,-3.94010826706177,0.553358622586474,-3.76448404306388,0.507736943863775,5.5213916,0.124225,-0.917,0.0297418,59.2101294182141,-68.8650157075909,1205.84864974636,0.827067117882434,0.831471320112157,7.0192079279212,0.141490944209182,-0.954830845800958,-904.973608208759,-905.123967719747,-916.195755384659,-916.272045355891,0.074150657225603,-958.657807261188,0.00691865466381398,1859.50245954635,1869.55794311595,NA,2342.83228378514,0.572354247471422,0.945311619617194
"927",-5.86,0.79,-5.86,0.83,1.359326,9.604077,-1.1484446,0.2002995,35,35,-5.93091079227488,0.831912770995528,-6.65598840957426,0.987767203889105,1.3354496957058,7.69106243972457,-0.83834894309544,0.150328905762948,1.3354496957058,8.96176755536475,-6.29344960092457,0.909839987442317,1.3354496957058,7.8224968275017,-0.866600583307446,0.156401556826093,1.3354496957058,9.02931482676948,2.66285272142529,0.0641753740644089,-0.400450555633516,-6.9323310067827,-6.72886824332461,1.82298689974895,11.3965220573503,-4.7116902530649,0.662159338494997,-4.62162481771694,0.690607707313539,5.51877782,0.10762393,-0.854,0.02517136,89.87782688974,-130.200410650643,1283.77826747065,0.663421719674071,0.647863105969533,6.27936826041223,0.140599999554432,-0.891095799630582,-903.461751911358,-904.463181326138,-927.063378790193,-927.53642241055,0.461084283486264,-930.506135507174,0.21798842514401,1856.47874695155,1891.29318992701,NA,2437.35612429065,0.380184127236791,0.928191174239175
"928",-5.86,0.79,-5.86,0.83,1.359326,9.604077,-1.1484446,0.2002995,35,35,-6.04777661821726,0.79614725568567,-5.93963386444424,0.805700317131198,1.43291460620803,6.19242192330835,-0.537088844209833,0.0849144990222493,1.43291460620803,7.38252294262157,-5.99370524133075,0.800923786408434,1.43291460620803,6.19534563710675,-0.536830570616912,0.0849373142679948,1.43291460620803,7.39930082810061,2.78940330213986,0.0735395649496002,-0.437714993541922,-7.26227851790551,-7.09722109608396,1.80203702059484,10.6980117699989,-3.81150547507017,0.504176463802124,-3.95856805151614,0.531580284626129,3.09618519,0.0613937,-0.788,0.03077854,60.5922987620474,-71.6293543952575,1278.43283048064,0.954512917636913,0.943246131986203,8.75421162683493,0.159999258370465,-1.13853689987922,-902.628246609841,-902.714019539222,-932.239393068996,-932.379360260987,0.13610415627663,-925.644379802041,0.153794680078406,1854.81173634852,1901.64521848462,NA,2485.23630656601,0.429277665936607,1.11615960999228
"929",-5.86,0.79,-5.86,0.83,1.359326,9.604077,-1.1484446,0.2002995,35,35,-5.11982971154886,0.709044629902687,-4.94363534733484,0.730248834238803,1.42730372205556,9.00266923183324,-1.11614370981534,0.181599172661341,1.42730372205556,6.40097626997947,-5.03173252944185,0.719646732070745,1.42730372205556,9.01043034532843,-1.11520969448992,0.181711577231723,1.42730372205556,6.45778243929017,2.82234268555177,0.0738940994197654,-0.443679173995,-6.85326651612193,-6.55074298948132,2.19865414277018,6.49134882746492,-3.72923007936352,0.520364976191145,-3.53859668470626,0.531529970979813,5.64458996,0.12235884,-0.888,0.03024572,48.9008849779533,-48.2465268270692,1188.44651330409,0.649948098983516,0.628645934632976,5.41152277263153,0.114647850256883,-0.76077530538373,-909.367306652997,-909.727726332429,-922.560568737611,-923.095802037079,0.521933779033458,-958.783219419175,0.661223578906734,1868.28985643483,1882.28756982185,NA,2328.64649978111,0.423165651920631,0.723577235088384
"930",-5.86,0.79,-5.86,0.83,1.359326,9.604077,-1.1484446,0.2002995,35,35,-6.45564717731473,0.956241605418684,-6.31315573553666,0.894466920113764,1.34800017936964,8.95249815415127,-1.18448744411599,0.216986331222673,1.34800017936964,8.02751546757306,-6.38440145642569,0.925354262766224,1.34800017936964,8.95757410689628,-1.18668803510961,0.217940359158804,1.34800017936964,8.06682786724534,1.88088572055996,0.0559653582803276,-0.311168236990417,-6.71634836887862,-6.9418945167235,2.01031300429459,8.51709274159679,-4.36944326048325,0.644790502969453,-4.86143381695535,0.685554684545648,4.78306604,0.11017556,-0.855,0.02773386,73.1475880945407,-96.7399330602439,1276.63011600922,0.660650084434314,0.615262460318906,8.67956921870273,0.197105497845918,-1.27215634299491,-908.063081572294,-908.309747413625,-922.461710059564,-922.765879407528,0.296121694536828,-945.219167097878,0.316409712495168,1865.68140627342,1882.08985246576,NA,2456.5202989582,0.329907510674144,1.17322505576242
"931",-5.86,0.79,-5.86,0.83,1.359326,9.604077,-1.1484446,0.2002995,35,35,-5.77833446474329,0.818746102429975,-6.61267853820568,0.972420104399769,1.24752787462501,9.31085155528954,-1.13449202054182,0.203821464988237,1.24752787462501,9.9459322038622,-6.19550650147448,0.895583103414872,1.24752787462501,9.48488406352001,-1.16654626873901,0.20972538970859,1.24752787462501,9.99262751735723,2.70406562017904,0.0743680741283561,-0.432666879609617,-6.85819828342831,-6.77699241934743,1.90129461802523,10.8021661078133,-4.28829136808114,0.610696106795795,-4.38256000086329,0.64931891429257,4.663017,0.11344869,-0.812,0.02298313,104.211008467832,-158.866773806826,1284.95579844774,0.868975922129141,0.88075283759164,8.27568678519027,0.176852573571122,-1.17868759663907,-898.025104657878,-898.774847509639,-916.972787932881,-917.270772570183,0.290087793211602,-939.090872029951,0.0349712055252321,1845.60545244459,1871.11200821239,NA,2411.04482308866,0.433343578951245,1.07282149943071
"932",-5.86,0.79,-5.86,0.83,1.359326,9.604077,-1.1484446,0.2002995,35,35,-6.36332960274418,0.85374092758996,-5.32359989706169,0.772890474327565,1.33490624022339,9.76769855849242,-1.18780023274336,0.223101557953459,1.33490624022339,10.749969686495,-5.84346474990293,0.813315700958762,1.33490624022339,10.0379580237121,-1.20881588723706,0.224735756901642,1.33490624022339,10.9649761734281,2.7563596520352,0.0707704195090714,-0.422046176581169,-7.23470330873038,-6.67665968192857,2.10411501169715,11.3894064060756,-4.83496100425561,0.664328611641173,-3.56696816909319,0.516304655516053,3.76698614,0.08352368,-0.722,0.02399094,99.3576082653188,-149.1599734018,1323.92042636104,0.164874148739534,0.108815839425371,9.66361151048556,0.201317750287388,-1.35278146543381,-917.70011615382,-918.727678668564,-938.520386569413,-939.789701419608,1.24429607067429,-965.623608158793,1.42155377357441,1884.95547543648,1914.20720548545,NA,2498.68087932027,0.433867573525328,1.25982207290776
"933",-5.86,0.79,-5.86,0.83,1.359326,9.604077,-1.1484446,0.2002995,35,35,-5.34822632966651,0.763740329200309,-5.82255122896375,0.785785314853357,1.2802330597463,10.3200556624635,-1.03910685630046,0.153606408079033,1.2802330597463,10.3366527124026,-5.58538877931513,0.774762822026833,1.2802330597463,10.3763016899868,-1.04172097770043,0.153727903427144,1.2802330597463,10.4178995333394,3.33196381157835,0.0797500854351167,-0.500726773795209,-6.75580031142024,-7.09878689077343,1.88608896701085,12.2633609564936,-4.13719187923294,0.59042397360513,-4.28684933846246,0.571828355613607,5.24223939,0.07324254,-0.791,0.0246029,96.3080984664231,-143.060953804009,1286.43726906825,0.72723323793635,0.723884249178324,7.64450146098079,0.161464840387767,-1.08108302966709,-899.140147923351,-899.431041765266,-925.768080956664,-926.267963492112,0.487338190898007,-941.208882995245,0.559609980987137,1847.83553897554,1888.70259425996,NA,2429.81358433248,0.468284167825699,0.990104985158279
"934",-5.86,0.79,-5.86,0.83,1.359326,9.604077,-1.1484446,0.2002995,35,35,-5.83106089211241,0.771449160061711,-5.26124661389562,0.768891909636993,1.10527636923209,10.3847745644773,-1.3321530018945,0.242107397513655,1.10527636923209,11.7797947922059,-5.54615375300401,0.770170534849352,1.10527636923209,10.4659466423923,-1.33251729134574,0.242109032396089,1.10527636923209,12.0232882037979,2.43523050899961,0.0730031546790908,-0.407378654977134,-7.19270765440662,-6.63812881248109,1.97921614584235,10.5402511393027,-4.24363077989419,0.568771448349309,-3.76237047071146,0.555456490257504,4.89034563,0.13192026,-0.844,0.02292799,103.32905083402,-157.102858539204,1260.50271791427,0.419155195341714,0.4105884825376,8.06873563653129,0.155391785432336,-1.07416763246365,-880.951479909058,-881.779564879788,-898.153834543443,-899.474997970053,1.29560390111679,-948.146032781714,1.60237835276157,1811.45820294695,1833.47410143351,NA,2363.90257728934,0.418673330061919,1.06043243277311
"935",-5.86,0.79,-5.86,0.83,1.359326,9.604077,-1.1484446,0.2002995,35,35,-6.94822325078326,0.896707520112985,-6.72620117767932,0.975002534501453,1.40333696320427,9.51901862949883,-1.0700350364685,0.166732856332961,1.40333696320427,7.75812681189029,-6.83721221423129,0.935855027307219,1.40333696320427,9.53134207973518,-1.06568923111645,0.168265383652484,1.40333696320427,8.06338630143618,2.71830466249964,0.0679541109841886,-0.414801772015914,-7.56361311697439,-6.8751296085302,1.91413406893067,9.56012118598387,-4.8261528768908,0.627515289847021,-4.91690709676699,0.719190998248472,4.89197309,0.10470066,-0.874,0.02490083,100.886011131322,-152.216779133806,1316.08587689025,0.151230093899824,0.140673140209062,9.54456881957137,0.178113655035099,-1.24809528171699,-911.108489242561,-912.836442883643,-930.197596297083,-932.595849941903,2.37010101988245,-936.847855240825,2.79056915701482,1871.77222161396,1897.56162494079,NA,2479.95497464669,0.404053033360235,1.2494948790313
"936",-5.86,0.79,-5.86,0.83,1.359326,9.604077,-1.1484446,0.2002995,35,35,-5.8549322034664,0.773997616582324,-6.09372170951766,0.888863854647969,1.36886291706138,9.83641379505828,-1.37966107581986,0.231342043981734,1.36886291706138,5.61508809216938,-5.97432695649203,0.831430735615146,1.36886291706138,9.85066890210833,-1.38651828888227,0.234640607143572,1.36886291706138,5.76340563271319,3.4593558833592,0.0870907522693972,-0.532559413737772,-7.20139592127441,-6.75584210484551,2.14835228897617,4.87815683863076,-4.34488159770093,0.581000455502519,-4.58984215415109,0.668281550074966,6.33148724,0.14765139,-0.934,0.02794998,75.2347099432046,-100.914176757572,1212.80664794376,0.329250844340502,0.317681477575649,6.53724349290808,0.146062865894048,-0.943276692501279,-898.535490945516,-899.850011311539,-904.459799163527,-906.011939998891,1.52463468610759,-944.62518193864,1.87068484941095,1846.62622501987,1846.08603067368,NA,2324.69911912995,0.506151408674017,0.902171790211549
"937",-5.86,0.79,-5.86,0.83,1.359326,9.604077,-1.1484446,0.2002995,35,35,-6.08587662175606,0.797456483838776,-6.2621138754279,0.874011976866825,1.42285958327035,8.24471429831835,-0.743206767133922,0.128467962940064,1.42285958327035,10.5164615013448,-6.17399524859198,0.8357342303528,1.42285958327035,8.25247919071381,-0.746579749595112,0.129933148818256,1.42285958327035,10.5737803197363,2.76719231102728,0.0668940665176877,-0.415534998326571,-7.29257847889683,-7.01271791535817,1.88783496831821,14.3963110781991,-4.03094051821574,0.529607221428627,-4.64950900788655,0.661449218945272,4.87014324,0.12419602,-0.774,0.02116985,119.456643250425,-189.358043372013,1364.39760987339,0.482789755123497,0.400391218574241,8.45035360383475,0.148601805409184,-1.08742769869282,-920.768617812571,-921.167961666683,-952.748118776204,-953.095653077501,0.338444204425698,-946.654869180804,0.320663601835816,1891.09247875398,1942.66266989904,NA,2539.43717637476,0.400625734370196,1.02863421708232
"938",-5.86,0.79,-5.86,0.83,1.359326,9.604077,-1.1484446,0.2002995,35,35,-5.29135523810204,0.709652076523083,-5.11933075508055,0.724829547722821,1.4225262381551,7.69470439984619,-0.67486127139229,0.13010329862021,1.4225262381551,11.3223952657447,-5.2053429965913,0.717240812122952,1.4225262381551,7.70210250553588,-0.674208547233112,0.130160887528214,1.4225262381551,11.3651227687746,3.12832991198562,0.0807140924246273,-0.48426601208455,-7.02117303289965,-6.7587251039415,2.04513597449764,14.3154602461975,-4.02693662461032,0.553478783337631,-3.89927940216382,0.56320234206693,5.06012832,0.09686383,-0.768,0.02742607,68.0722358642986,-86.5892285997598,1338.28226604704,0.876793745517615,0.851748117561702,4.81578423398326,0.10092572697048,-0.640077742800829,-923.258489639706,-923.396546790124,-957.425577806694,-957.667880673615,0.235787778542216,-966.078827211931,0.26168632057951,1896.07222240825,1952.01758796002,NA,2589.97530349433,0.478666971007099,0.766758287609608
"939",-5.86,0.79,-5.86,0.83,1.359326,9.604077,-1.1484446,0.2002995,35,35,-5.21027715386783,0.674847403612867,-6.18995800795786,0.888755844254714,1.37522177942108,15.3382283859129,-1.95112341822643,0.298255249778909,1.37522177942108,8.73882045907601,-5.70011758091285,0.781801623933791,1.37522177942108,15.5781720298805,-2.0035139191827,0.309694455023366,1.37522177942108,8.8680343929006,2.43547683428153,0.068383755280048,-0.394035419408461,-7.1474521834658,-6.8527219012589,2.4339895830654,7.26137723487941,-3.22887554353131,0.411828589987869,-4.78362645881003,0.690311455086413,8.23265654,0.16354397,-0.924,0.02801795,61.5460664607984,-73.5368897927595,1273.10219572128,0.0476446202500676,0.0305810175966911,8.99245069609754,0.197218393738436,-1.2895647101863,-921.536873110233,-923.055751107335,-932.668959797186,-933.591607145212,0.902218860794715,-987.120847213685,0.51407361305616,1892.6289893493,1902.504351941,NA,2472.6675016498,0.396073222833634,1.21252809435203
"940",-5.86,0.79,-5.86,0.83,1.359326,9.604077,-1.1484446,0.2002995,35,35,-6.02308345053256,0.843744437724082,-6.51571957064374,0.88313207786752,1.43247551802262,7.25282725072411,-0.970716992594333,0.213286424556272,1.43247551802262,9.28101871914282,-6.26940151058815,0.863438257795801,1.43247551802262,7.31349983743365,-0.975567936149482,0.21367427110529,1.43247551802262,9.32407698201411,2.57055099679997,0.0719761112963415,-0.413707577103494,-6.95401365634986,-7.2119884088187,2.12089724386355,10.4244439748854,-4.0235622695137,0.557593810164934,-4.52844501279767,0.604888236335911,4.52041634,0.12748291,-0.835,0.02465256,95.0081004884404,-140.460957848043,1338.03559182969,0.682866880013975,0.669370608783105,8.54055868950126,0.189826810802139,-1.22181927424025,-924.367024179947,-924.658577821007,-946.454835305399,-946.747392334205,0.284792971906138,-964.731926366416,0.326848630980404,1898.28929148873,1930.07610295743,NA,2535.61022581134,0.423144457344016,1.20277340169864
"941",-5.86,0.79,-5.86,0.83,1.359326,9.604077,-1.1484446,0.2002995,35,35,-5.93195119417006,0.780126649172769,-5.52515167225958,0.705858151522051,1.28792461586233,10.8666443088592,-1.33353921835052,0.217751178230917,1.28792461586233,8.85637061452469,-5.72855143321482,0.74299240034741,1.28792461586233,10.9080157716158,-1.34109231568485,0.219130130666741,1.28792461586233,8.86675308980918,3.42353827828422,0.0963386936330163,-0.556429049617149,-7.24189972181283,-7.27757269046007,2.13298032234901,8.48398445106186,-4.21898506904716,0.566249407526031,-3.86617286716586,0.4826852508075,5.36758557,0.120036,-0.866,0.02282589,111.60908658931,-173.662930049783,1288.76094709158,0.64439946836977,0.620850339322145,8.04463512630984,0.157173741371031,-1.08992365362452,-902.183550303178,-902.355568917021,-917.441005890086,-917.514703479569,0.0716296441110372,-959.608492231191,0.00748596484801219,1853.92234373519,1872.0484441268,NA,2403.85896413337,0.550495414883245,1.0209079217065
"942",-5.86,0.79,-5.86,0.83,1.359326,9.604077,-1.1484446,0.2002995,35,35,-5.77036188728053,0.761332101803075,-6.44148327266864,0.937789761720301,1.28650527980209,11.7033144092513,-1.3956576332463,0.232495338998924,1.28650527980209,10.6543226550134,-6.10592257997459,0.849560931761688,1.28650527980209,11.8159153877326,-1.4252637605428,0.24027966543479,1.28650527980209,10.8064100184766,2.61230475665701,0.0718053255356071,-0.421222822030289,-7.19228346469043,-6.81211577420736,2.06556609719975,10.8933992798272,-4.10435191757672,0.551314028346486,-4.61874566929755,0.670183208698883,6.52046736,0.13306352,-0.867,0.02435447,91.3144487187275,-133.073654308618,1315.6197019688,0.453188509466041,0.445528550612802,8.49588170274865,0.191011713602678,-1.22475541460339,-910.566451892973,-911.809812986029,-928.899998988469,-929.807580582539,0.887390972571666,-959.663366346543,0.700087421147698,1870.68814691478,1894.96643032357,NA,2498.16574962899,0.405718456277049,1.1956419432447
"943",-5.86,0.79,-5.86,0.83,1.359326,9.604077,-1.1484446,0.2002995,35,35,-5.86638073432137,0.789240500574925,-6.11488614080726,0.860729354498889,1.43896422632703,9.18554893681886,-0.993123007264913,0.172064331178954,1.43896422632703,9.477238530621,-5.99063343756432,0.824984927536907,1.43896422632703,9.20098767108206,-0.997564348940811,0.173341995237795,1.43896422632703,9.50426973148025,2.7520999129148,0.0792741001404721,-0.452997499637348,-7.12203129369971,-6.94462460766398,2.04337581150884,11.5550119194874,-4.10254265074618,0.559466360214645,-4.20775827650225,0.593654911137237,3.55011686,0.06740735,-0.724,0.02561543,90.3860679065142,-131.216892684191,1323.94489284,0.897769228840605,0.889818876468105,9.32515795943029,0.19658100696926,-1.31141896897188,-925.121364973429,-925.365021044165,-948.885515471631,-949.065882400776,0.17543951615273,-958.911875423958,0.145989476277437,1899.7979730757,1934.93746328989,NA,2516.6728929958,0.449948185006572,1.22959711257757
"944",-5.86,0.79,-5.86,0.83,1.359326,9.604077,-1.1484446,0.2002995,35,35,-5.15203158520742,0.708361659181711,-6.3058109742168,0.881419185340078,1.34009791088977,8.15773839151781,-0.850699519012268,0.132223190017747,1.34009791088977,7.96660739396631,-5.72892127971211,0.794890422260894,1.34009791088977,8.49054011114353,-0.900617070710886,0.13971041685776,1.34009791088977,8.02611209217273,2.47335178418989,0.0676433653528217,-0.391508113110157,-6.88953735260386,-7.01228478282538,1.8787503096745,9.82705850450427,-4.01934790668222,0.564974508040721,-4.68254737876861,0.666867371616404,4.79266282,0.08335468,-0.833,0.02280607,112.410831217098,-175.266419305359,1239.90548609159,0.57803080544412,0.558557974054751,6.33977606204009,0.127704324251693,-0.866820650430844,-897.42782191348,-898.682347748763,-920.547354785668,-921.010358064692,0.451265378336925,-933.150248490605,0.0881438934681756,1844.4108869558,1878.26114191796,NA,2304.54455287782,0.406458240618039,0.835603293969666
"945",-5.86,0.79,-5.86,0.83,1.359326,9.604077,-1.1484446,0.2002995,35,35,-5.3011593562314,0.709570533656923,-6.31778601448276,0.873180312767033,1.25062017988431,10.2311714590682,-1.44296771202157,0.251629931378467,1.25062017988431,7.29920220101645,-5.80947268535708,0.791375423211978,1.25062017988431,10.489553899635,-1.48455022777006,0.258321971333581,1.25062017988431,7.34799758051158,3.22296272491268,0.0814144370247331,-0.492608958484305,-7.03146296232475,-7.07334489391002,2.14505220558551,6.00863753128945,-3.87668421047767,0.523435765067412,-4.61594334729499,0.631341342326802,6.57270776,0.15401204,-0.909,0.02573198,83.3956643738287,-117.23608561882,1233.64057843662,0.642282675083776,0.603994045792037,7.06296430631876,0.157127299509113,-1.02853083476977,-890.183311169343,-890.923196473405,-898.202733742742,-898.613095412163,0.399807803846796,-950.405050656501,0.0138844570414934,1829.92186546752,1833.57189983211,NA,2350.04507125442,0.489445083929594,0.928208221555113
"946",-5.86,0.79,-5.86,0.83,1.359326,9.604077,-1.1484446,0.2002995,35,35,-6.35485489856898,0.863206051111641,-5.37969960594371,0.851298087873947,1.33441582232984,8.18477385008249,-1.16461737697154,0.214264547253041,1.33441582232984,6.44506421239705,-5.86727725225635,0.857252069492794,1.33441582232984,8.42250581126627,-1.16752040531545,0.214299997150158,1.33441582232984,6.98141317962321,2.4067359138773,0.0682620440051102,-0.393984027336644,-7.16983784790125,-6.26562711882475,2.02981171193557,6.25473639610108,-5.00836229597138,0.686171686890921,-4.18151654869419,0.657726456234222,6.71222989,0.15658313,-0.909,0.02387548,98.9010128831726,-148.246782637508,1221.92766473254,0.0635422789167172,0.0577956423770243,4.82201465899216,0.110559810324168,-0.686363594910809,-896.49762969089,-899.844307309794,-906.489406044696,-911.358899691928,4.89877974600245,-938.08383439808,6.60706960998696,1842.55050251062,1850.14524443602,NA,2295.60854682758,0.38481652967067,0.746024603146317
"947",-5.86,0.79,-5.86,0.83,1.359326,9.604077,-1.1484446,0.2002995,35,35,-5.36548958008261,0.671876239144023,-6.39498880279778,0.941385372558804,1.40044593561496,6.61325907461244,-0.656432133057975,0.111213343483544,1.40044593561496,7.55135778978169,-5.88023919144019,0.806630805851414,1.40044593561496,6.87822623700522,-0.725796993899263,0.12937213673204,1.40044593561496,7.87403820214945,2.39787928963918,0.0633085167300471,-0.37380340924245,-7.32036603873828,-6.74419958539624,1.89460115292646,9.85911679207586,-3.81193031476793,0.476921685445023,-4.56031893206453,0.672381565652774,2.14644008,0.04334171,-0.63,0.02950062,72.0248705448204,-94.4944979608034,1271.22019654058,0.0399518157656842,0.0252384397200873,9.146160471516,0.202896866616701,-1.31160861812973,-902.658523248123,-906.717788117357,-928.019910880478,-930.612702602088,2.5659396531422,-935.312099760909,1.92012983959808,1854.87228962508,1893.20625410758,NA,2447.94589512035,0.379863561154422,1.26989246454486
"948",-5.86,0.79,-5.86,0.83,1.359326,9.604077,-1.1484446,0.2002995,35,35,-5.33723620028985,0.77208744128514,-6.23401658890157,0.925281198657488,1.47629873786375,8.24909408016533,-0.94826867207593,0.16623934067268,1.47629873786375,7.75926987864937,-5.78562639459571,0.848684319971314,1.47629873786375,8.45014784651497,-0.982613961393245,0.172106422497144,1.47629873786375,7.79474883239183,2.34594285043648,0.0655712675525488,-0.377107166631068,-6.69508024822279,-6.67917187233001,2.05413211565847,9.43296684247326,-4.06336158022904,0.591835319934652,-4.39626500406751,0.664599082251497,4.90294844,0.10234825,-0.848,0.03003516,53.6262511814989,-57.6972592341604,1263.82139062529,0.741023435943044,0.722236007437064,6.79158571446222,0.151268391723867,-0.97305915406898,-922.745388612387,-923.559905408739,-942.624595213725,-942.90755379826,0.275430359825743,-953.717945613219,0.00140527865580585,1895.04602035361,1922.41562277408,NA,2469.94552201641,0.38604846668647,0.955964219301122
"949",-5.86,0.79,-5.86,0.83,1.359326,9.604077,-1.1484446,0.2002995,35,35,-5.38932936390251,0.717706819780764,-4.86477141285292,0.607318610675246,1.57074809818208,11.1012746428037,-1.39391837222279,0.248611442438939,1.57074809818208,8.79684616071699,-5.12705038837772,0.662512715228005,1.57074809818208,11.1700649038061,-1.40839462541989,0.25165783161632,1.57074809818208,8.82395673388613,2.84970308131564,0.0818655484328026,-0.466135520762326,-7.07115908269526,-7.20426551636011,2.65396385945242,8.3391954989767,-3.68497674978866,0.498026603826379,-3.54041704278194,0.442467822507556,7.62410423,0.15895797,-0.897,0.02789406,61.2915637754314,-73.0278844220255,1312.71725769841,0.722938611810979,0.714365461510909,6.8147834382011,0.156904384325292,-0.971499380214404,-949.09535549148,-949.437281122179,-965.654357593275,-965.847799354016,0.188174739631403,-1012.6108932586,0.0850629784259298,1947.7459541118,1968.47514753318,NA,2552.4066309748,0.47353042435059,1.05907441790255
"950",-5.86,0.79,-5.86,0.83,1.359326,9.604077,-1.1484446,0.2002995,35,35,-6.50224208692221,0.881822578021484,-5.53911129971532,0.753715485458379,1.23299980460645,7.69024918279707,-1.04939011702923,0.212222957931911,1.23299980460645,9.24837154136413,-6.02067669331877,0.817769031739931,1.23299980460645,7.9221544111135,-1.08023608825601,0.216325814723155,1.23299980460645,9.3063103012407,2.77782791087209,0.0822488569315428,-0.462641719976769,-7.20631258632082,-7.00641070635652,1.97241994212069,9.27485051246004,-5.151390061412,0.69917780727794,-4.35690465702036,0.590949852067656,5.7317408,0.1277563,-0.856,0.0209935,125.414778624751,-201.274314120665,1286.65775850131,0.58358949756649,0.597541720049908,6.14200742724176,0.14752434758166,-0.920038097684492,-891.577978487163,-892.363064485287,-909.493464696224,-909.88809244711,0.384435288641245,-943.238344222941,0.234642037603387,1832.71120010316,1856.15336173908,NA,2372.04120288195,0.469081828664851,0.882737975736863
"951",-5.86,0.79,-5.86,0.83,1.359326,9.604077,-1.1484446,0.2002995,35,35,-6.54155555963419,0.973687861934353,-5.58023571288431,0.676803551591452,1.17454777855869,14.9859971653828,-1.86256301060793,0.301191055426714,1.17454777855869,12.6594801301637,-6.06089563625925,0.825245706762902,1.17454777855869,15.2170311273217,-1.93391320553825,0.323226128858659,1.17454777855869,13.3119421379603,3.0662753436411,0.0861402448881206,-0.495143832696176,-6.69831646944226,-7.50575651901792,2.22282644668035,10.4979430339269,-4.36297433029344,0.660473334662492,-4.02359199944166,0.492015551622985,7.3374125,0.1654511,-0.873,0.0238297,92.1881356148932,-134.821028100949,1350.97038744659,0.052904427770744,0.0446874941566126,9.89187669364119,0.21158964069394,-1.37846207252361,-902.417713231267,-906.105500694614,-917.706631991877,-920.972867530674,3.24810432808494,-976.456758881796,3.03558101006464,1854.39066959137,1872.57969633038,NA,2567.11974679224,0.502971443158963,1.40101354754339
"952",-5.86,0.79,-5.86,0.83,1.359326,9.604077,-1.1484446,0.2002995,35,35,-6.57805521120221,0.880324112375128,-5.88576394629163,0.851468614406511,1.19540233387862,8.06138404823696,-0.900675921360976,0.146556213812293,1.19540233387862,8.50140118468547,-6.23190957874692,0.86589636339082,1.19540233387862,8.18120084710482,-0.905670023658054,0.146764373753047,1.19540233387862,8.70116177052843,2.3397615726598,0.0599398286062377,-0.361183295749191,-7.29105318116413,-6.77067550621877,1.6835848480831,10.2349167601164,-4.42300043514334,0.601116363941175,-4.6096510288319,0.676289364599392,4.19517309,0.11207857,-0.861,0.02500599,96.5886492655306,-143.622055402224,1253.54961502568,0.519303575370406,0.514037208067451,7.88927598023462,0.139887339681406,-1.01946083623939,-876.101520372017,-876.989764937018,-896.608919328485,-898.06536506327,1.42965438184167,-907.572521401733,1.70364619055509,1801.75828387287,1830.3842710036,NA,2363.47717464913,0.355048893986927,0.96254987917814
"953",-5.86,0.79,-5.86,0.83,1.359326,9.604077,-1.1484446,0.2002995,35,35,-5.83575258555057,0.764137275672699,-5.37675708324033,0.720419808162145,1.30487898215813,8.49628075321834,-0.942934255547085,0.144765411489931,1.30487898215813,7.42137047894301,-5.60625483439545,0.742278541917422,1.30487898215813,8.5489499710036,-0.94795078578702,0.145243215731315,1.30487898215813,7.45105730506028,1.82509043151626,0.0502040549382254,-0.28863769335628,-7.24096166293956,-7.04242351929631,1.93208144817815,8.36763947177596,-4.06004631320559,0.527977578548649,-3.79612649542282,0.503085856537026,5.18763213,0.09136716,-0.873,0.02729514,78.5565984693417,-107.557953809846,1246.41287999926,0.914169044880591,0.921500558745159,6.81865198286675,0.136257955086857,-0.936424504842988,-890.242705075245,-890.432759538391,-909.630985962917,-909.877314469905,0.239712073114632,-934.940504811168,0.259166746511405,1830.04065327933,1856.42840427246,NA,2385.26780618868,0.305505366673252,0.865690915414498
"954",-5.86,0.79,-5.86,0.83,1.359326,9.604077,-1.1484446,0.2002995,35,35,-6.06409080512107,0.851320334047978,-4.97478630561375,0.750693639952589,1.13228343680314,12.7509485766853,-1.44447697716622,0.21112634987942,1.13228343680314,11.0333943664795,-5.51943855536741,0.801006987000284,1.13228343680314,13.047594649847,-1.47188025482838,0.213657782770561,1.13228343680314,11.2386580452212,4.21408792228557,0.103190731471511,-0.645212633417389,-6.94988578105386,-6.46008908581604,1.8827328042632,10.8787324776776,-4.08433241908735,0.584450391946416,-3.83754354783046,0.584500658744884,6.20394644,0.11039881,-0.864,0.02221518,108.835052533829,-168.114861938821,1234.43232796315,0.736239715898122,0.756246268568741,7.7305716818635,0.152461471817452,-1.05555088320745,-879.888615307941,-880.707914741837,-899.855778582305,-901.039757572963,1.15993291081032,-936.913581234839,1.27649721341911,1809.33247374472,1836.87798951124,NA,2300.74979398748,0.583943252842418,0.972602848857802
"955",-5.86,0.79,-5.86,0.83,1.359326,9.604077,-1.1484446,0.2002995,35,35,-5.24753714907215,0.651748586066756,-6.09157663917981,0.855004552063961,1.39341650764741,10.7999779677854,-1.16127210559897,0.183322598671058,1.39341650764741,9.8851268178637,-5.66955689412598,0.753376569065358,1.39341650764741,10.9780786330007,-1.20416112107438,0.193650845599422,1.39341650764741,10.0355536674529,3.06310774924278,0.079640139265433,-0.475841072715312,-7.32232895633315,-6.95542199753778,2.14747494073129,10.9592920576,-3.36120951023828,0.410705739218217,-4.43739862880773,0.640194450126667,5.00082097,0.0996668,-0.811,0.02594175,82.827153501874,-116.099063874911,1326.78363832398,0.0599777389037754,0.0504891474101378,9.1985596666511,0.186942339757588,-1.26392762439551,-920.577332848511,-922.337583393582,-943.678564832377,-944.639305514884,0.939724997533196,-969.384393582067,0.623771146933693,1890.70990882586,1924.52356201138,NA,2537.46821277305,0.472007969506632,1.21497044978275
"956",-5.86,0.79,-5.86,0.83,1.359326,9.604077,-1.1484446,0.2002995,35,35,-6.0280663174473,0.83780370165538,-5.30732521741766,0.728792814919841,1.54023817794288,9.46551745327526,-1.11688293301654,0.194442170807102,1.54023817794288,8.0733942378913,-5.66769576743248,0.78329825828761,1.54023817794288,9.59538438659324,-1.13652508962178,0.197413014163819,1.54023817794288,8.0934273014931,2.14993402671472,0.0571294147943937,-0.333981800109609,-6.99438989147875,-6.92310744589267,2.26436438204651,9.13666648867898,-4.19539442469696,0.582853683990711,-3.26487469665996,0.44768375501067,4.01333714,0.09443231,-0.824,0.03045463,52.7319241900168,-55.9086052511962,1282.28901704762,0.380942699401252,0.318476932287952,10.0120108470511,0.209961922223654,-1.40163498678729,-936.78531083793,-937.173508536755,-955.478711780909,-955.6330937698,0.150136573944219,-976.582506024881,0.0263433299318752,1923.1258648047,1948.12385590845,NA,2508.66942884404,0.350857242692424,1.32694278580081
"957",-5.86,0.79,-5.86,0.83,1.359326,9.604077,-1.1484446,0.2002995,35,35,-5.59171307664631,0.786671350047362,-5.16886853405241,0.636886924567898,1.44378938622129,11.2762179026315,-1.3877084920155,0.234444001210594,1.44378938622129,8.86758486871433,-5.38029080534936,0.71177913730763,1.44378938622129,11.3209172794319,-1.40354237373539,0.240052844739647,1.44378938622129,9.03572813693751,2.78603256468153,0.0736131382131315,-0.440662326378513,-6.86266997004927,-7.33220227477424,2.40127225879038,8.52886778194423,-4.07566119267743,0.565845470283212,-3.78525736573998,0.47378376067562,7.08163781,0.14471772,-0.895,0.02778487,65.8369614273571,-82.1186797258768,1301.10386462828,0.458747547112467,0.431429625886945,7.18435105723036,0.160828594182199,-1.02053817023909,-929.482813531111,-930.664017219251,-945.5091783016,-946.691927001621,1.15871739552273,-988.800970600847,1.14655584513262,1908.52087019106,1928.18478894983,NA,2520.08904953068,0.418135767178602,1.05754648313858
"958",-5.86,0.79,-5.86,0.83,1.359326,9.604077,-1.1484446,0.2002995,35,35,-5.55945082919666,0.837036372901516,-5.20134918868432,0.761798285910727,1.24930853581665,9.80634775929199,-1.19416986926365,0.21169088674197,1.24930853581665,10.1662904046649,-5.38040000894049,0.799417329406122,1.24930853581665,9.8384069555264,-1.20090558985875,0.213106079175478,1.24930853581665,10.1820521243568,2.66390845885418,0.0760486325098781,-0.435428444432919,-6.53034594938212,-6.6204933618152,2.00000528619559,10.443607129786,-3.75976659548925,0.567123159715208,-3.93655364549487,0.576728848907818,5.81072269,0.11408841,-0.86,0.02687536,70.317660387392,-91.0800776459467,1242.96351266851,0.928852152985492,0.922033033442975,6.51619929711461,0.158303918671366,-0.972865394077946,-900.05378662368,-900.242986937672,-918.717448678024,-918.816187146877,0.095985049663297,-950.411681633583,0.0422531808913667,1849.6628163762,1874.60132970268,NA,2394.84694769106,0.436243447600459,0.97722038879556
"959",-5.86,0.79,-5.86,0.83,1.359326,9.604077,-1.1484446,0.2002995,35,35,-5.75885533871464,0.78596275596755,-5.42869337890729,0.713035286850217,1.44783047001547,7.69547012645432,-1.08599290073262,0.201225918161745,1.44783047001547,5.82325589802562,-5.59377435881096,0.749499021408884,1.44783047001547,7.72272185638028,-1.09201236976451,0.20255552209971,1.44783047001547,5.83799670078269,3.87033106252981,0.0947492748507705,-0.590365736415021,-7.03403385228236,-7.13835488204853,2.23398722529612,5.59464990222873,-4.19170134815124,0.579658789548877,-3.65017379212875,0.485508999407881,4.03613972,0.11109453,-0.889,0.03056471,59.5763597308465,-69.5974763328557,1226.79297661315,0.678378375343197,0.640846008095434,7.54573826947422,0.15764260727268,-1.0553324288851,-909.943760082347,-910.131917171077,-920.369675689578,-920.520738937401,0.14690561257875,-958.226991418875,0.0879059480777106,1869.44276329353,1877.90578372578,NA,2383.98847689345,0.544342070589784,0.994495169453407
"960",-5.86,0.79,-5.86,0.83,1.359326,9.604077,-1.1484446,0.2002995,35,35,-5.67197066674146,0.768682789091071,-5.68382825633282,0.832132687739614,1.36243199947529,6.54118772624465,-0.743598639351362,0.148287266300723,1.36243199947529,8.53116171798668,-5.67789946153714,0.800407738415342,1.36243199947529,6.54122287685238,-0.743786730065808,0.149293738710351,1.36243199947529,8.62383530914336,2.95187310470723,0.0780708591570856,-0.461635793091958,-7.05009875142544,-6.68393826378719,1.92286529744477,10.4268297131651,-4.59479481315367,0.622812079470511,-4.09935953507827,0.600978320676191,4.63708618,0.10473828,-0.827,0.02655254,79.3304096075517,-109.105576086266,1269.25095591362,0.499108295892465,0.447750727838778,5.26360462566138,0.119459749618762,-0.749244700829445,-905.071648469036,-905.53125602615,-928.871021796173,-929.548359619577,0.66117902361911,-940.72364578253,0.726131538133174,1859.69854006691,1894.90847593897,NA,2429.39633574098,0.464197062627807,0.794795497444859
"961",-5.86,0.79,-5.86,0.83,1.359326,9.604077,-1.1484446,0.2002995,35,35,-5.88672324256012,0.940518033276589,-5.10638750992814,0.699398570350935,1.37083229721101,8.51701443867217,-0.879198325335299,0.13950849610485,1.37083229721101,8.54576283524643,-5.49655537624413,0.819958301813762,1.37083229721101,8.66924540257775,-0.92623685852378,0.154043144955238,1.37083229721101,8.91486082475488,2.08263526205077,0.0623262913945488,-0.341787368946974,-6.2411014081608,-6.89729304120152,1.92334598161868,10.6048254169731,-4.27478589389059,0.679152497121324,-3.70326086517842,0.511436910174463,5.9887025,0.09612272,-0.865,0.02971152,54.0506955771815,-58.5461480255256,1255.24358230772,0.0656979645377294,0.0507382771009324,5.75196843309319,0.150532659942862,-0.881525359585027,-906.246280796423,-909.795290732859,-930.48412498008,-933.139739562132,2.62929885434625,-941.32587629972,2.29568508487032,1862.04780472168,1898.13468230679,NA,2451.9410165899,0.38145212105785,0.947600892878051
"962",-5.86,0.79,-5.86,0.83,1.359326,9.604077,-1.1484446,0.2002995,35,35,-6.32748901109203,0.83250748890086,-6.42319080524261,0.887828028291875,1.41871804114516,14.1939701093159,-1.87941471985022,0.314178378423155,1.41871804114516,9.25001846708315,-6.37533990816732,0.860167758596367,1.41871804114516,14.1962598176668,-1.8807382885685,0.314943468942783,1.41871804114516,9.28854989487113,2.88436380983354,0.0752993701838049,-0.4511024385485,-7.32536605021493,-7.09148238595947,2.40989970470719,8.16187720677846,-4.94291926410864,0.661095008673654,-4.58220145149055,0.65573774377202,9.7303047,0.2262359,-0.93,0.02511974,82.524747682324,-115.494252235811,1340.32641673804,0.543481304173479,0.535368208990784,8.57804971771317,0.167584037586084,-1.14256949433575,-932.927089508349,-933.147510030603,-943.8790973803,-944.141745006168,0.255622670144103,-988.305026454218,0.294824319472312,1915.40942214553,1924.92462710723,NA,2565.15858124027,0.437830333092788,1.16294993913042
"963",-5.86,0.79,-5.86,0.83,1.359326,9.604077,-1.1484446,0.2002995,35,35,-5.23986003705946,0.798417935473522,-5.29752597368976,0.841598640180085,1.36375827947149,6.16504606207164,-0.925596960567318,0.189278942162971,1.36375827947149,5.99328518749444,-5.26869300537461,0.820008287826804,1.36375827947149,6.1658774021335,-0.926219474512633,0.18974508547771,1.36375827947149,6.0218838872387,3.65233729986476,0.0896362164320958,-0.550206489799225,-6.44083381415508,-6.24124028600655,2.02201079300169,6.09457607741683,-3.91776451723354,0.592645594625573,-3.8081099224319,0.604078813197771,4.3013544,0.12829719,-0.888,0.02828484,66.9365600486301,-84.3178769684228,1160.05886517591,0.787555755780611,0.788049238311089,4.84231376627025,0.122224624001664,-0.742850628163147,-894.446915955253,-894.636135025627,-907.436272019313,-907.721949880206,0.27808269367983,-936.359103147786,0.330468410871086,1838.44907503934,1852.03897638525,NA,2235.7998533834,0.543467504439063,0.723455926529251
"964",-5.86,0.79,-5.86,0.83,1.359326,9.604077,-1.1484446,0.2002995,35,35,-5.53448703985402,0.704392688479023,-6.13098457706327,0.867618062423998,1.32156589791912,7.00140673137741,-0.79706941603943,0.154013111817593,1.32156589791912,8.90320275035263,-5.83273580845865,0.78600537545151,1.32156589791912,7.09035905935159,-0.821410299431489,0.160673742492462,1.32156589791912,9.04158869507568,2.51796726190111,0.0713860363444302,-0.406757045812364,-7.29563890764727,-6.91968190469186,1.93337118546024,10.4389156653927,-3.63751324635377,0.470254293516979,-4.30103675485188,0.604559313438689,3.52720413,0.10196941,-0.813,0.02504956,94.9370400705334,-140.318837012229,1284.74851049241,0.41577858691969,0.38603423083222,8.20215334686121,0.165535741887559,-1.11859263721798,-900.770974452904,-902.007210356243,-924.090199673086,-925.06159830743,0.950222314779155,-942.095598971927,0.760542029512022,1851.09719203465,1885.3468316928,NA,2429.1781839726,0.422755843390716,1.0969878870805
"965",-5.86,0.79,-5.86,0.83,1.359326,9.604077,-1.1484446,0.2002995,35,35,-5.31675514816133,0.714680998046544,-5.99462151395352,0.98216896120258,1.33620550499849,9.81282514328443,-1.19888531630366,0.198180991135212,1.33620550499849,8.02900417068534,-5.65568833105743,0.848424979624562,1.33620550499849,9.92770084575251,-1.24421558967309,0.216068443743553,1.33620550499849,8.69716351577027,3.47609579678287,0.0914263760198574,-0.549561336019981,-7.01661192985524,-6.10085422897398,2.04454011439119,8.42485769070738,-3.80128870188243,0.515227717217291,-4.09452207331524,0.654654414138518,5.39625453,0.10712939,-0.892,0.02741237,73.8802201337481,-98.2051971386589,1228.86801925168,0.0371781972717929,0.0316773679192508,7.18287653883504,0.187603772728085,-1.09229570630142,-904.868027086574,-909.595671552723,-920.320128633536,-925.31752246469,5.03209818124681,-949.014509373766,5.17890188133937,1859.29129730199,1877.8066896137,NA,2359.53084136471,0.515975242832775,1.20973145465067
"966",-5.86,0.79,-5.86,0.83,1.359326,9.604077,-1.1484446,0.2002995,35,35,-5.45199388458646,0.762647298600201,-6.26458733262563,0.886620040656237,1.43434373894167,10.9730394204011,-1.4939626995403,0.269268331574845,1.43434373894167,8.32882936914622,-5.85829060860604,0.824633669628219,1.43434373894167,11.1381164483502,-1.51914755902284,0.273110641768068,1.43434373894167,8.35598299108865,3.30468351051735,0.0871589545692676,-0.521852882080683,-6.8660798598123,-6.94007579108488,2.33475493746194,7.79739833191126,-3.78487303044235,0.526390903031317,-4.49005630384602,0.639947775532455,5.07188828,0.11567275,-0.855,0.02728059,72.5435724265419,-95.5319017242465,1278.91964026103,0.583420526686805,0.499496640789922,9.380810630033,0.21352313357093,-1.37634996143039,-927.751120377716,-928.171453934063,-939.970866748968,-940.174321280639,0.197929045437563,-979.123041224071,0.0317224764038998,1905.05748388427,1917.10816584456,NA,2462.30737879782,0.496669966132441,1.27047467779366
"967",-5.86,0.79,-5.86,0.83,1.359326,9.604077,-1.1484446,0.2002995,35,35,-6.51125296123299,0.873471866081392,-5.84645235343135,0.905683354500266,1.34370927219017,11.4681178664716,-1.32607435994371,0.202776087942928,1.34370927219017,8.80347583137537,-6.17885265733217,0.889577610290829,1.34370927219017,11.578607828505,-1.32072080567395,0.203035482939468,1.34370927219017,9.28312677801705,2.98727116430314,0.0776960998725373,-0.458658563749961,-7.26507484145851,-6.40836652101805,1.98147562626939,9.79858409051815,-4.0247493847341,0.541598787029865,-4.09513590202006,0.62263545198948,3.58349771,0.0831906,-0.823,0.02950615,63.9454776960443,-78.3357122632513,1273.47712460863,0.248966621169659,0.260797018720527,12.1020634833235,0.24270323241425,-1.66019541540697,-909.588296934582,-911.756846803281,-927.452777557658,-930.796493849691,3.32701022909118,-946.10065613546,4.08185320277663,1868.731836998,1892.07198746194,NA,2468.618536954,0.481276972044311,1.55711729457089
"968",-5.86,0.79,-5.86,0.83,1.359326,9.604077,-1.1484446,0.2002995,35,35,-5.75483108280421,0.648148009034419,-5.60872472563519,0.890083539188486,1.44621727135135,10.6353992594417,-1.51611199074571,0.266725368867642,1.44621727135135,6.57053676294073,-5.6817779042197,0.769115774111452,1.44621727135135,10.640736026343,-1.50727491100056,0.281358569055374,1.44621727135135,8.1852375097352,2.54076782650564,0.0733172863000507,-0.415870414692997,-7.85107419630323,-6.26357855608818,2.43790140594621,5.44361317511505,-4.29810102736109,0.50211966296665,-4.13978535929484,0.652981119342056,7.85669458,0.18846772,-0.935,0.02772057,71.2480252121517,-92.940807295466,1283.83982606665,0.000106730061625934,0.000118123272730297,6.30147608983906,0.157033086991543,-0.880393854032958,-919.798536936088,-929.167705895959,-927.37144474677,-940.904797113292,14.5035489847318,-978.816720964149,19.0909018668282,1889.15231700101,1891.90932184017,NA,2474.73884483784,0.426364534102321,1.23712678512879
"969",-5.86,0.79,-5.86,0.83,1.359326,9.604077,-1.1484446,0.2002995,35,35,-5.40746119389056,0.806345371862673,-6.02223415509916,0.874761255743735,1.42664979603294,6.42103355984603,-0.939154681493627,0.195888939575405,1.42664979603294,6.57755270588735,-5.71484767449486,0.840553313803204,1.42664979603294,6.51552000830433,-0.949669740375443,0.197059122867212,1.42664979603294,6.61116749780268,2.89683330658078,0.0778311031683183,-0.46227040467027,-6.56120535636084,-6.76837418537155,2.08591058937079,7.01166848282802,-4.02881358147893,0.606740262147849,-4.14217713231239,0.614185509155098,3.50201895,0.10688933,-0.852,0.02887579,67.4256070098917,-85.295970890946,1213.39113528609,0.960493317503256,0.968930521153178,6.87268372304191,0.160374986739335,-1.01258343917459,-908.844187421137,-909.266475954612,-924.098780688552,-924.40862104959,0.301654892940109,-948.236693536443,0.305616730196665,1867.24361797111,1885.36399372373,NA,2341.48629968122,0.439750100642088,0.977330184237458
"970",-5.86,0.79,-5.86,0.83,1.359326,9.604077,-1.1484446,0.2002995,35,35,-5.38061992413701,0.690282663001649,-4.8729036469195,0.755786559273525,1.33986043491767,9.98230101588432,-1.09385100207674,0.16779453592342,1.33986043491767,8.70005598473476,-5.12676178552825,0.723034611137587,1.33986043491767,10.0467449704222,-1.08553665348714,0.168867226030119,1.33986043491767,9.23376424224887,2.38014606895932,0.068949656713232,-0.390907226659686,-7.2258356724758,-6.32786413170145,2.06755550385694,9.48113323788821,-3.62834930899162,0.478157828480161,-3.66787190330363,0.565237667943151,5.75042792,0.12127484,-0.88,0.02843577,59.9586272714872,-70.3620114141371,1234.8904931732,0.167398398613569,0.152183616199049,6.29090272012057,0.119710673554751,-0.809951787352134,-904.961243034798,-907.462542497678,-926.007633863868,-929.756891003942,3.741438355415,-955.474982887121,4.4279905792463,1859.47772919843,1889.18170007436,NA,2399.41897493227,0.398615274405967,0.908458703823077
"971",-5.86,0.79,-5.86,0.83,1.359326,9.604077,-1.1484446,0.2002995,35,35,-5.13139858945617,0.696691500549999,-6.29049899395685,0.867433252747722,1.44528594907889,10.5169702014028,-1.34270818249134,0.225985034510518,1.44528594907889,7.53912628247939,-5.71094879170651,0.78206237664886,1.44528594907889,10.8528486383312,-1.39218489100073,0.233273220996405,1.44528594907889,7.59613866103023,2.00457708168587,0.0509804271651074,-0.306250522020546,-6.93843214209558,-7.08029736981352,2.27726500883484,7.43987545916957,-3.86189610867171,0.524105909533646,-4.34355007092576,0.609661272325397,5.86432599,0.12665352,-0.876,0.02610615,80.0126880852476,-110.470133041658,1261.2959183858,0.737088980360616,0.699096670533755,7.58993911052919,0.159488214504394,-1.0672975007913,-922.621817967387,-923.506678901314,-935.641251533547,-936.107060639904,0.45400918234588,-971.56266112819,0.124608959384996,1894.79887906361,1908.44893541372,NA,2412.12170372995,0.310387759169801,0.993000900789886
"972",-5.86,0.79,-5.86,0.83,1.359326,9.604077,-1.1484446,0.2002995,35,35,-5.60268876437938,0.798834497536331,-5.59766174718884,0.770009146360272,1.26693200098449,9.15244454324318,-0.976073109357595,0.163810642947783,1.26693200098449,10.366661180274,-5.60017525578411,0.784421821948301,1.26693200098449,9.15245086096862,-0.976109335741564,0.164018368165389,1.26693200098449,10.3873125711364,2.81825900897272,0.0726255295607576,-0.434360807818248,-6.80118077249846,-6.96788773848415,1.89066382340373,12.0230528081176,-3.91072447142106,0.563936058418836,-3.88554174663466,0.538770497885539,4.27779699,0.08869072,-0.785,0.0274003,71.2546597302199,-92.9540763316025,1277.96526327602,0.903334168071154,0.897681384421783,8.11097658055,0.158112053457633,-1.09565759741574,-898.867812662001,-898.96774504545,-923.394370670903,-923.521433993828,0.123545037225272,-941.162478265284,0.134315873424658,1847.29086845284,1883.95517368843,NA,2462.97645022043,0.437058367836148,1.03600390208589
"973",-5.86,0.79,-5.86,0.83,1.359326,9.604077,-1.1484446,0.2002995,35,35,-4.66286153432552,0.647630399718647,-5.8300096569365,0.787821171906679,1.77396990660368,6.79812479834646,-0.647853707351656,0.107281383622584,1.77396990660368,6.23270337775149,-5.24643559563101,0.717725785812663,1.77396990660368,7.13868348337505,-0.688759556493318,0.112194746774253,1.77396990660368,6.3116686102292,2.40182432010791,0.0668823706182315,-0.385953374401597,-6.76218843018624,-7.09411620924084,2.3425302946755,8.3829506638899,-3.21861900151496,0.44759175566751,-4.02582148861823,0.537427250933928,4.65924307,0.07485362,-0.841,0.03615727,20.0440373532344,9.46716842236849,1274.26904132553,0.523290739704939,0.451975585464815,7.07157816610082,0.152264526540879,-0.992619518109866,-949.358486164842,-950.467510563408,-974.221663131261,-974.981767533268,0.742410621317796,-982.192939764223,0.596498715275062,1948.27221545852,1985.60975860915,NA,2558.00525107343,0.391779942055517,0.990227531856779
"974",-5.86,0.79,-5.86,0.83,1.359326,9.604077,-1.1484446,0.2002995,35,35,-4.55944615722543,0.611470043768944,-5.34070390098386,0.771044064656162,1.35033497804318,8.33162608739874,-1.02223198501907,0.184555318805196,1.35033497804318,8.2183486560944,-4.95007502910464,0.691257054212553,1.35033497804318,8.48421700294437,-1.05339909489927,0.190921285840725,1.35033497804318,8.27886182431639,3.24845209334411,0.082884286023711,-0.507391337806302,-6.87420709662593,-6.70476411687786,2.1985330311244,8.2171147312868,-3.18665066618574,0.430271586618898,-4.08891845467395,0.584433637892538,5.07624512,0.12328176,-0.858,0.02855138,59.9037170620653,-70.2521909952932,1222.0965265204,0.376166390542675,0.340592848436939,5.54607182409208,0.121135022202378,-0.782534349924928,-906.524484231562,-907.413799730272,-924.350005379915,-924.808013563564,0.446380972624065,-966.025684925375,0.168603324325045,1862.60421159196,1885.86644310646,NA,2373.94086204551,0.465086213423683,0.788520103621422
"975",-5.86,0.79,-5.86,0.83,1.359326,9.604077,-1.1484446,0.2002995,35,35,-5.20692604660525,0.73023208658842,-4.79896697741227,0.68628573913471,1.45929766770661,6.64728919224409,-0.853198901248609,0.200310238928193,1.45929766770661,9.83284157999193,-5.00294651200876,0.708258912861565,1.45929766770661,6.68889684277829,-0.85768097899902,0.200793059291824,1.45929766770661,9.84858811970997,3.01473314833305,0.0811820758463997,-0.484230867002813,-6.81413346691893,-6.66799536386704,2.30649542823884,10.5309232788123,-3.93232449577756,0.565390535555919,-3.33877114797696,0.470873824192235,5.2266525,0.1379068,-0.814,0.0272888,62.621754106705,-75.6882650845726,1291.1282036375,0.702899015961917,0.631893305228054,5.05991892929822,0.124182626348697,-0.748720391817339,-928.728377997982,-928.890155848786,-954.659691025154,-954.761368634918,0.098844305339466,-985.60967978943,0.0955558350455727,1907.0119991248,1946.48581439694,NA,2506.56814219042,0.448608936852292,0.804328110903047
"976",-5.86,0.79,-5.86,0.83,1.359326,9.604077,-1.1484446,0.2002995,35,35,-7.4396296148959,0.942970246341774,-5.975418508363,0.844663930646712,1.40237151164785,8.81778288372779,-1.00966479015655,0.177822929859415,1.40237151164785,8.86138564499179,-6.70752406162945,0.893817088494243,1.40237151164785,9.35376142485137,-1.04565008997731,0.1802389627858,1.40237151164785,9.35826672584776,2.61536333313443,0.0698939258634038,-0.408630112754594,-7.77939812961292,-6.90087061328427,1.96986601933185,10.7240088583955,-5.36605299786647,0.691451642437525,-4.84001611044398,0.689322014725766,5.91624786,0.11750502,-0.843,0.02250945,114.596651054907,-179.638058980976,1375.38234350882,0.313577260278589,0.29188577524536,7.84770256061694,0.15110848537815,-1.03651359698958,-917.378804670775,-919.767763356139,-938.3341110212,-941.775186959657,3.42628457242872,-947.538793351889,3.97690184373281,1884.31285247039,1913.83465438903,NA,2571.12662803666,0.424204026650231,1.06221359743753
"977",-5.86,0.79,-5.86,0.83,1.359326,9.604077,-1.1484446,0.2002995,35,35,-4.56537112567952,0.554384932548141,-6.3222151018369,0.899964958084364,1.4779295312659,13.1693226464874,-1.44862633369671,0.200296301632499,1.4779295312659,8.35120100079703,-5.44379311375821,0.727174945316252,1.4779295312659,13.9409478356275,-1.60040888023262,0.230152690144903,1.4779295312659,8.58479291528021,2.74859618628051,0.0732952951748308,-0.428806069356361,-7.22023038583001,-6.91819799552117,2.38048078290212,8.49463202484875,-2.86768049375308,0.350572388086231,-4.082052282424,0.588821716470202,5.21806059,0.11057759,-0.889,0.02953709,57.4288841383491,-65.3025251478608,1259.5079620776,0.0463862578077251,0.0332541435919578,11.9976627025894,0.226920255514967,-1.59385295521306,-926.789531754613,-931.27414604594,-947.472541196355,-949.199650275609,1.69863209907499,-986.544418723135,0.480298447801647,1903.13430663806,1932.11151473934,NA,2453.71339900734,0.44571901284654,1.52386304092291
"978",-5.86,0.79,-5.86,0.83,1.359326,9.604077,-1.1484446,0.2002995,35,35,-5.81077959938543,0.806315461623762,-6.13595791219933,0.883235834031503,1.38693062999625,7.68190192963458,-0.896890103488073,0.150927037346556,1.38693062999625,6.90311399865073,-5.97336875579238,0.844775647827632,1.38693062999625,7.70833716341571,-0.903143312718215,0.152406223269393,1.38693062999625,6.9237704062255,2.64006889184731,0.0650164018999263,-0.399834199293747,-6.96470195931927,-6.83160859799824,1.90993869206183,8.34681567960949,-4.14902313154556,0.566334128185393,-4.19019041485539,0.60756545113085,4.7442084,0.09398414,-0.895,0.02882066,71.0952875755303,-92.6353320222232,1225.84338134509,0.616286810300809,0.60239266656497,7.41474498121076,0.165681452703397,-1.05992582223349,-902.524660401057,-902.809711712736,-920.125677176397,-920.308397832498,0.177731931403786,-932.038561410546,0.118080081170776,1854.60456393095,1877.41778669942,NA,2359.05143066795,0.388335051628535,1.0613263568392
"979",-5.86,0.79,-5.86,0.83,1.359326,9.604077,-1.1484446,0.2002995,35,35,-6.47607436176279,0.730473492032254,-5.82309185630555,0.746288239018731,1.35411978948539,6.25204383011118,-0.660845658689889,0.105257955957653,1.35411978948539,6.15467361876565,-6.14958310903417,0.738380865525492,1.35411978948539,6.35864036821949,-0.658263970412289,0.105320482513215,1.35411978948539,6.51585192765186,2.44133128614526,0.0630627825169909,-0.373872664680267,-8.08184355091055,-7.334640875287,1.86902120884741,7.64144569575065,-4.94516642032328,0.570609357818951,-3.83517048334828,0.499563412192948,1.492953e-09,0.02017984,0.993,0.03046506,94.1240023295493,-138.692761530261,1328.23652137033,0.0085192935218633,1,12.607210246439,0.210588645560865,-1.57865376187884,-886.593887344456,-888.682215735552,-907.295639141558,-910.74304004004,3.43273869821879,-923.986472231542,4.11361045820331,1822.74301781775,1851.75771062974,NA,2517.7802812104,0.390089470679273,1.52411585198777
"980",-5.86,0.79,-5.86,0.83,1.359326,9.604077,-1.1484446,0.2002995,35,35,-4.97335270236417,0.679339144441504,-6.64949323717352,0.946400717018159,1.2667162239121,9.23167645608476,-1.20914111124719,0.21591223076336,1.2667162239121,8.38946374839543,-5.81142296976885,0.812869930729832,1.2667162239121,9.93403822919251,-1.32104929301861,0.23374270165014,1.2667162239121,8.51959260154802,2.91746321178345,0.0817582900969116,-0.477117299803404,-6.88376710243206,-6.9688238953029,2.06310819066245,8.05531915739946,-3.28609758392905,0.45044070686725,-4.67308399213528,0.670661472165384,3.05259012,0.08835339,-0.805,0.0280008,74.5870842134483,-99.6189252980592,1244.35768140315,0.0739346791862092,0.0622201588936669,10.4936498228776,0.229539024948139,-1.51714712510633,-895.907206892783,-898.092112485714,-909.975889918561,-910.939360898376,0.942413992054511,-949.829563713521,0.0460828364959327,1841.3696569144,1857.11821218375,NA,2389.09643750823,0.452560810470641,1.35864668286761
"981",-5.86,0.79,-5.86,0.83,1.359326,9.604077,-1.1484446,0.2002995,35,35,-6.85055451345798,0.862263935811421,-6.51783209945051,0.921678549921386,1.27441538614979,7.93281837671139,-1.0150759111345,0.198767901842653,1.27441538614979,9.33143797414801,-6.68419330645424,0.891971242866404,1.27441538614979,7.96049442790712,-1.010133767676,0.199650425935112,1.27441538614979,9.66135924853154,2.98179409990054,0.0721379788217004,-0.44407903490459,-7.67115034195795,-6.9844510317919,1.90060168814281,10.3252197609252,-5.17038694626396,0.662044174462283,-4.41940076801572,0.617368477182809,3.15281011,0.0822532,-0.777,0.02345658,116.274458238223,-182.99367334761,1349.87754173099,0.243677723285573,0.205746859983794,9.73881534618565,0.198619252662751,-1.33269135913836,-898.874614631942,-900.20648810878,-918.152735103597,-920.353146093693,2.17149313718166,-937.557779867006,2.60700842633594,1847.30447239272,1873.47190255382,NA,2516.76141011437,0.446569192605224,1.31817755575278
"982",-5.86,0.79,-5.86,0.83,1.359326,9.604077,-1.1484446,0.2002995,35,35,-5.91862073193315,0.81567169925134,-6.60618533008065,0.913546979031778,1.42776458758186,13.6117116095428,-1.92094117743878,0.345399680003719,1.42776458758186,9.46209689695021,-6.2624030310069,0.864609339141559,1.42776458758186,13.7298978786993,-1.93776507179149,0.347794572601744,1.42776458758186,9.48369399144556,3.89788734234851,0.0968967031247521,-0.598300891026733,-7.01680104919374,-7.12125005757724,2.5126685003318,7.87746181645621,-3.94060974982014,0.548073076478703,-4.37003735840105,0.606085375071313,5.13710231,0.15115767,-0.867,0.02374112,96.9077913239148,-144.260339518992,1320.72526905483,0.828463988748634,0.819373860726069,12.0259197126166,0.255739114875614,-1.71133431384965,-936.623393196836,-936.870850911036,-946.869953684409,-947.014306997061,0.140373621096172,-997.432537540167,0.0582011539605736,1922.80202952251,1930.90633971545,NA,2497.19019859067,0.557433735594497,1.54469213574779
"983",-5.86,0.79,-5.86,0.83,1.359326,9.604077,-1.1484446,0.2002995,35,35,-5.55818747164585,0.713034923544527,-6.06831482163851,0.925103833930707,1.25472205632262,7.64981626352623,-0.922634431085569,0.181794474446977,1.25472205632262,9.96021232693592,-5.81325114664218,0.819069378737617,1.25472205632262,7.71487374182887,-0.949679968903352,0.193037780135073,1.25472205632262,10.435623604027,2.67104858795814,0.068186441993169,-0.411576433866032,-7.26785113926838,-6.51452679821247,1.92373564885801,10.9648210719903,-4.06755147123804,0.525651068762136,-4.39376837578811,0.668551729080086,4.66085195,0.11040592,-0.818,0.02381603,99.2040169363383,-148.852790743839,1286.17425949613,0.121304270363353,0.109359225575708,6.38801825459684,0.151336754520103,-0.924685980113804,-896.195779216257,-898.712900056622,-918.472846418839,-921.445165869398,2.94957486934277,-942.444749923313,2.93399494194341,1841.94680156135,1874.11212518431,NA,2423.49572824841,0.40434108018034,1.0071079342744
"984",-5.86,0.79,-5.86,0.83,1.359326,9.604077,-1.1484446,0.2002995,35,35,-6.80288233365335,0.988091529480049,-5.02242446504531,0.709332294604799,1.35104540237171,10.8863605977639,-1.21945246685399,0.193911363517388,1.35104540237171,9.66633707020799,-5.91265339934933,0.848711912042424,1.35104540237171,11.678868153236,-1.34353223514919,0.213338041274447,1.35104540237171,9.80343762635705,3.49150894273314,0.0878086477112726,-0.535997372330915,-6.87382991945853,-6.75414743776214,2.05103176424896,10.712530243577,-4.98299387549735,0.73243199659676,-3.38010043739925,0.484896221143779,4.19518529,0.07945785,-0.786,0.02731175,73.9665175971243,-98.3777920654112,1278.42319908104,0.0449151437544329,0.0311054947280339,10.7807073635034,0.225261856227344,-1.51875744231803,-913.934375019131,-916.373845161843,-934.691644151325,-935.585660927735,0.874043053090459,-957.396981022554,0.0709553295987727,1877.4239931671,1906.54972064928,NA,2458.46860609666,0.515143890832737,1.37968041595541
"985",-5.86,0.79,-5.86,0.83,1.359326,9.604077,-1.1484446,0.2002995,35,35,-5.52474265637779,0.768014460448665,-5.67448134642521,0.740315812874778,1.34749321308466,6.49301829329312,-0.744373372461418,0.15812931240666,1.34749321308466,9.44895895781723,-5.5996120014015,0.754165136661721,1.34749321308466,6.4986237121174,-0.743336482660469,0.158321116176016,1.34749321308466,9.51455834018527,2.96214854900474,0.0839356681710532,-0.481872567001508,-6.90685247016996,-7.22161253488874,1.99571170601595,11.0262321320652,-4.24472794128169,0.594271623461423,-3.85380156976202,0.492124991773557,4.1513564,0.11265846,-0.774,0.02350819,102.227294123751,-154.899345118664,1307.16677493766,0.571249934288426,0.524504794722575,6.29275289173206,0.133036496681336,-0.879878536800475,-906.84101359802,-907.096498843086,-932.605312766899,-933.043404494419,0.426909323602026,-951.623220133906,0.491223150464953,1863.23727032488,1902.37705788043,NA,2459.43420475665,0.48387839409461,0.855113886297228
"986",-5.86,0.79,-5.86,0.83,1.359326,9.604077,-1.1484446,0.2002995,35,35,-6.72176454539537,0.84296872714249,-5.26756805468069,0.702943052680774,1.35240665861653,10.9422602217466,-1.26749822853955,0.187351601919474,1.35240665861653,7.67399167228282,-5.99466630003803,0.772955889911632,1.35240665861653,11.4709320801483,-1.3184044396426,0.192253399296589,1.35240665861653,7.95488456912126,3.0208787494918,0.0761786876618452,-0.46622480076639,-7.6573162341273,-7.03735647743793,2.07484314918053,8.05039722577712,-4.60787368241025,0.583281860543773,-3.93185284060109,0.529504034268242,5.58589975,0.10340467,-0.884,0.02675587,84.1454067496115,-118.735570370386,1295.32103101024,0.472424321654179,0.474421404871236,9.35015672710293,0.164963785667802,-1.20835780793199,-903.642147682617,-905.237778158011,-920.464917515496,-922.695821714883,2.20206771076911,-951.200146205723,2.43568458488825,1856.83953849407,1878.09626737762,NA,2471.90649165009,0.439574007560143,1.12719910184627
"987",-5.86,0.79,-5.86,0.83,1.359326,9.604077,-1.1484446,0.2002995,35,35,-6.67219281799054,0.955787267017329,-5.10749966240033,0.70269740828356,1.21687724506741,10.9400338695686,-1.28540154184885,0.203289929419484,1.21687724506741,9.65228672562582,-5.88984624019544,0.829242337650444,1.21687724506741,11.5521000373564,-1.38440353427635,0.219303548567953,1.21687724506741,9.77159436585349,3.50263785315827,0.0917243082641788,-0.552597981197268,-6.93560084018065,-6.87875157091081,1.95312019691181,9.80007028208349,-5.12622342551877,0.734751104872113,-3.78279245576347,0.52664735981416,7.93712525,0.14938039,-0.901,0.02445759,87.8961060110619,-126.236968893286,1266.75879806114,0.219714774775877,0.169612841145252,6.61824890737825,0.145719231177609,-0.951129206964022,-891.236571503429,-893.241096429044,-908.974648040743,-909.754303334437,0.761612951702138,-942.574131445936,0.0182322884077383,1832.0283861357,1855.11572842811,NA,2407.280627229,0.517964252945307,0.893720093228475
"988",-5.86,0.79,-5.86,0.83,1.359326,9.604077,-1.1484446,0.2002995,35,35,-5.55920450909768,0.685549995247024,-6.73602925309874,0.966099902027375,1.36710762680443,14.0158274573801,-1.66937800313265,0.259643114521145,1.36710762680443,10.2400796588331,-6.14761688109821,0.8258249486372,1.36710762680443,14.3620565769034,-1.75191752118923,0.27932017706976,1.36710762680443,10.524613550931,2.48206761724387,0.0645198051915458,-0.388459008906945,-7.43261626724697,-6.93799726449762,2.2846850670123,9.83275583614283,-4.20926934221791,0.532359329386169,-4.70299245154623,0.674994526446261,8.80218806,0.182887,-0.915,0.02492162,86.1594334764226,-122.763623824008,1343.31353775768,0.205865729342459,0.196305204517133,8.31667108963455,0.168894134336656,-1.11794296496169,-924.480236926465,-927.302278784025,-941.254731733246,-943.004670512836,1.72136721891075,-981.095894689407,1.17631398079944,1898.51571698177,1919.67589581312,NA,2563.86345169136,0.371321258858321,1.1907171219565
"989",-5.86,0.79,-5.86,0.83,1.359326,9.604077,-1.1484446,0.2002995,35,35,-5.66613722796638,0.824495998666773,-5.74413190878393,0.799181917755004,1.11347503949835,11.2802747310631,-1.2791588058182,0.204257291260124,1.11347503949835,11.967592477953,-5.70513456837515,0.811838958210888,1.11347503949835,11.2817955236221,-1.27866521490298,0.204417491933226,1.11347503949835,12.0100125179784,2.79297058379519,0.0700005749564229,-0.431756838473113,-6.71174465277214,-6.94055407714203,1.82411691571478,12.2300560843498,-4.04433407647873,0.600829859915563,-4.69918358732999,0.663981391374059,6.89107346,0.14366621,-0.876,0.02216974,107.310113847265,-165.064984565694,1269.35053598799,0.620619520191356,0.590387723840774,5.70129363359063,0.106736559964507,-0.740131573509848,-879.866036942916,-880.027085833439,-900.985635227612,-901.214247945494,0.222443967654702,-932.935590966522,0.258154929563451,1809.28731701467,1839.13770280185,NA,2373.63608741029,0.396886693202262,0.77231780939569
"990",-5.86,0.79,-5.86,0.83,1.359326,9.604077,-1.1484446,0.2002995,35,35,-5.76063996675583,0.837053640459906,-5.33727390391492,0.74578878472494,1.23134657343501,9.32897109951743,-1.16564839466097,0.216484278112141,1.23134657343501,10.4418864176576,-5.54895693533537,0.791421212592423,1.23134657343501,9.37378080530879,-1.17530800532303,0.218566596585221,1.23134657343501,10.467214830533,2.77041230336605,0.0794296614751243,-0.45740961828873,-6.73143221129673,-6.85179854233508,2.00791867954782,10.5032474115442,-3.99203216761468,0.579696313898598,-4.05860507124992,0.565103318492092,5.91244153,0.13406806,-0.841,0.02494294,84.1934929955715,-118.831742862306,1273.90463686436,0.894451580481278,0.871246748265429,6.0959302943495,0.138584827328463,-0.8849562630043,-897.900572935352,-898.172144091403,-916.876086798549,-917.03087153711,0.150528681430034,-951.561091719636,0.074643230351243,1845.35638899954,1870.91860594373,NA,2428.97753086641,0.441726566668896,0.858751904049912
"991",-5.86,0.79,-5.86,0.83,1.359326,9.604077,-1.1484446,0.2002995,35,35,-5.44935536929274,0.683525260575493,-5.34586744447121,0.752742160284236,1.5117682861125,11.8285219931984,-1.44266061976964,0.222720196893147,1.5117682861125,7.19923213358165,-5.39761140688197,0.718133710429865,1.5117682861125,11.8311994308443,-1.44086984144128,0.223917941694469,1.5117682861125,7.36030110959751,3.17549034632277,0.086139203865957,-0.505672877821784,-7.3348299726748,-6.81896567063278,2.41070545415868,7.01388520411784,-3.45227201221262,0.433055167213935,-3.7071595068552,0.527936263880278,5.88091427,0.12903108,-0.901,0.03198079,40.5332401069552,-31.511237085073,1260.72738952412,0.326678452223547,0.308328633692601,8.86427916286125,0.168963665490854,-1.17836739842514,-930.170434464257,-931.236191850544,-943.81632074655,-945.178096315764,1.33581903654359,-983.701289277507,1.63919509222487,1909.89611205735,1924.79907383973,NA,2489.94354196316,0.499138002601112,1.14369929328007
"992",-5.86,0.79,-5.86,0.83,1.359326,9.604077,-1.1484446,0.2002995,35,35,-6.29580287072796,0.821428042810355,-6.05609872097379,0.818679111823541,1.34839045271215,9.7396289566325,-1.18069268713547,0.212166649137581,1.34839045271215,9.70987776862036,-6.17595079585088,0.820053577316948,1.34839045271215,9.75399347648484,-1.18085741967671,0.212168538292974,1.34839045271215,9.74225508831502,2.74921775952323,0.0673169681465145,-0.418723175600224,-7.35968838263189,-7.1363616523568,2.07303994188303,10.4622220737629,-4.41648320158553,0.564033555424773,-4.30896057116861,0.591868983596033,4.97332895,0.10640299,-0.841,0.02510789,94.2065983398622,-138.857953550887,1334.78776495559,0.646960251731825,0.672837861428614,9.36021212564969,0.193031953800816,-1.29009420508311,-915.386574576499,-915.516966443309,-934.494882134514,-934.70618178613,0.205572629940474,-959.255806675845,0.249776679627794,1880.32839228184,1906.15619661566,NA,2530.7175763603,0.389279867545837,1.26583681875645
"993",-5.86,0.79,-5.86,0.83,1.359326,9.604077,-1.1484446,0.2002995,35,35,-4.85266560014207,0.696146848208159,-5.78717079099627,0.860319772635048,1.29512045832074,9.13468415646405,-1.09656711579439,0.18218261382349,1.29512045832074,8.10139602208485,-5.31991819556917,0.778233310421603,1.29512045832074,9.35300914439741,-1.13492222831305,0.188920801102209,1.29512045832074,8.14893045208392,2.72049675721903,0.078622423067185,-0.44649283673641,-6.66294405049458,-6.61934944061034,2.00066324047102,8.51715476175296,-3.15787583762135,0.46314608797034,-3.99486725724322,0.597196669016554,2.41907523,0.05310624,-0.734,0.03210923,49.399594498842,-49.2439458688467,1196.75959150687,0.296739770933178,0.225106779418481,10.0806153456456,0.22417823251158,-1.46641414187281,-896.566948587058,-897.487777187646,-913.227736688993,-913.592378672672,0.355147851175055,-944.040531706505,0.0118776747438827,1842.68914030295,1863.62190572461,NA,2344.27523714489,0.453836686833713,1.3293990113621
"994",-5.86,0.79,-5.86,0.83,1.359326,9.604077,-1.1484446,0.2002995,35,35,-4.59101241392877,0.629449373696998,-5.91251416976082,0.728574009960051,1.37623896477875,9.17898742332842,-1.13101796168681,0.218560426888787,1.37623896477875,10.2113453077437,-5.2517632918448,0.679011691828525,1.37623896477875,9.61557914599522,-1.16376630690377,0.221016850267358,1.37623896477875,10.5669008492886,3.06570212550315,0.086669095178644,-0.501479354227067,-6.79865715812577,-7.52959998156615,2.3364664577256,9.95539197954877,-3.30414804563375,0.44665873125695,-4.32170692278502,0.55100215241254,3.89928442,0.08995171,-0.771,0.02650083,80.0620527369042,-110.568862344971,1319.28010691919,0.270959904108331,0.248789180840981,8.57276643906274,0.173140240465268,-1.15896274462559,-921.8119037661,-923.584838186073,-942.706543755583,-944.892042100057,2.15654554929722,-986.980725818405,2.48385536107991,1893.17905066104,1922.57951985779,NA,2527.99135149341,0.487117915766343,1.18717494972245
"995",-5.86,0.79,-5.86,0.83,1.359326,9.604077,-1.1484446,0.2002995,35,35,-5.69187314439125,0.811482887702181,-6.12694882514799,0.866643769073029,1.43697177508394,6.75504862296657,-0.859536540351278,0.143681183206397,1.43697177508394,4.81803367069859,-5.90941098476962,0.839063328387605,1.43697177508394,6.80237133496306,-0.865536329854668,0.144441863914799,1.43697177508394,4.82963843060369,2.79031486025251,0.0793866689733847,-0.456926698399054,-6.81500931692375,-6.92145074044394,1.94173139577644,5.55558646162683,-3.87936345763221,0.545116935988078,-4.36430516978007,0.616331428798286,4.0452718,0.08909888,-0.897,0.03143229,57.9702502283099,-66.3852573277823,1183.9638592194,0.767639757909426,0.723681860076578,7.21710999716779,0.158009930206084,-1.03998155462176,-896.205335473744,-896.377137870882,-907.369047097722,-907.508531357766,0.135634085021059,-923.668108148421,0.1059174721086,1841.96591407633,1851.90452654207,NA,2301.54246111102,0.449469687168019,0.949788643545773
"996",-5.86,0.79,-5.86,0.83,1.359326,9.604077,-1.1484446,0.2002995,35,35,-5.51490432190545,0.76814951908604,-7.04909054419685,0.971077075349821,1.34013686626962,7.52421897715788,-0.84343030988397,0.146578453739873,1.34013686626962,7.96400704792225,-6.28199743305115,0.86961329721793,1.34013686626962,8.11265081832506,-0.921262475119757,0.156873352012671,1.34013686626962,8.10134470450863,2.12429585804336,0.0630599476135287,-0.350795262973979,-6.89620949128523,-7.22140584488281,1.85536124601563,9.82258458025681,-3.97076177114372,0.559983686729489,-5.06319632768177,0.694453565088456,3.37153215,0.04888267,-0.797,0.02531045,103.427996121581,-157.300749114326,1268.13182856536,0.239503254338797,0.20012602558545,9.6464642111927,0.21462388430843,-1.39256503413926,-899.502199959808,-901.44990435082,-920.534173423068,-921.598511533311,1.04182879352363,-930.066567941069,0.626727608063644,1848.55964304845,1878.23477919276,NA,2378.96290801638,0.372689326954766,1.31435563816013
"997",-5.86,0.79,-5.86,0.83,1.359326,9.604077,-1.1484446,0.2002995,35,35,-5.82376040777796,0.782232425616817,-5.45719981087278,0.687142297005251,1.32740300259771,9.32907466607053,-1.05920890820764,0.186478297357248,1.32740300259771,10.0214402804457,-5.64048010932537,0.734687361311034,1.32740300259771,9.36266633387141,-1.06792298178355,0.188738830497089,1.32740300259771,10.0629362633902,2.88574272312181,0.0806301789503013,-0.466641885542357,-7.12116326427846,-7.3211250471862,2.09525712234435,10.748888673075,-4.14437539650832,0.56678139907954,-3.79764224089439,0.483850609559258,5.65628126,0.13651244,-0.841,0.02396651,93.6930140324395,-137.830784936042,1320.99353630163,0.707540808125342,0.723343367850828,7.09626446092975,0.133724236515134,-0.934428240837732,-910.598481090459,-910.981205040614,-932.658834636714,-932.921891392586,0.256021605926766,-962.732122130629,0.193288870337506,1870.75220530976,1902.48410162006,NA,2504.15628766722,0.463925193070318,0.924981220756273
"998",-5.86,0.79,-5.86,0.83,1.359326,9.604077,-1.1484446,0.2002995,35,35,-5.32529914166516,0.728979658908675,-5.54630871380557,0.750912123157052,1.6393441963668,7.97434993136056,-1.08005443104156,0.20808664196213,1.6393441963668,6.44656083207265,-5.43580392773536,0.739945891032864,1.6393441963668,7.98656123910499,-1.08126625217644,0.208206900209132,1.6393441963668,6.45156921137939,2.12284614725083,0.0571606577197585,-0.336302560347313,-6.93996820200429,-7.03030982761253,2.45669987406799,6.76488358112751,-3.77177259446741,0.513142765500019,-4.13492879423038,0.571858389801516,5.61510319,0.13147034,-0.878,0.02934352,56.3979689388585,-63.2406947488797,1267.94237436525,0.876562373508746,0.855505821145812,6.01544086668266,0.140386597914095,-0.880762270342791,-942.495138958767,-942.543604112157,-956.925130738832,-956.972195244734,0.0457351790361514,-987.22692150223,0.050913823311294,1934.54552104637,1951.01669382429,NA,2472.64405398162,0.333567672562648,0.876635636065556
"999",-5.86,0.79,-5.86,0.83,1.359326,9.604077,-1.1484446,0.2002995,35,35,-5.58812426962742,0.69819130770426,-5.18277317371021,0.81594503098848,1.43113202415967,7.18882035040909,-0.905211172022343,0.173040553260389,1.43113202415967,7.29849126081691,-5.38544872166882,0.75706816934637,1.43113202415967,7.22989772814941,-0.893278271826945,0.176507038097213,1.43113202415967,8.06912921591207,2.84585856541274,0.0738415038937036,-0.444011244194289,-7.38622235934656,-6.27932505121093,2.12903461787235,8.03922066543022,-3.54888493586509,0.436377554928305,-3.61994722191731,0.567552092433768,3.29811062,0.08679063,-0.829,0.03022155,59.1635469992706,-68.7718508697038,1239.80973013441,0.0189223567399073,0.0168328329302203,7.9996486532964,0.181531595922407,-1.12663424629361,-913.414305875237,-917.254376685248,-931.229152158604,-937.445329257065,6.31480823434794,-957.47375316333,7.57613862088813,1876.38385487931,1899.62473666384,NA,2410.84760939913,0.428857695395284,1.25340046878592
"1000",-5.86,0.79,-5.86,0.83,1.359326,9.604077,-1.1484446,0.2002995,35,35,-6.8070097339967,0.916589945524105,-6.21618580631364,0.845333596830955,1.46756812444676,10.2294942198678,-1.14593656753927,0.194259363097967,1.46756812444676,9.45296827075324,-6.51159777015517,0.88096177117753,1.46756812444676,10.3167624482486,-1.15646155649108,0.195528729905237,1.46756812444676,9.47714571643294,3.56608280803679,0.0926888195062646,-0.560197198346262,-7.30394525455988,-7.13764821339859,2.08894867599058,11.3313400380412,-4.94854496421199,0.675556787414402,-4.73388031697394,0.640187462393296,7.1052416,0.120086,-0.871,0.0245118,93.9818828126896,-138.408522496542,1366.26145811276,0.952132903912134,0.926895528881487,7.23000339492394,0.160860727266249,-1.02587678041729,-931.890148755772,-932.118017050807,-953.54554005855,-953.707261294411,0.157282244012884,-963.686844829355,0.127755016435327,1913.33554064038,1944.25751246373,NA,2594.11439372897,0.525432706926764,1.05290097856926
