"","EFT_ln_k","EFT_s","NCC_ln_k","NCC_s","sigma_sq","Sigma_11","Sigma_12","Sigma_22","n_EFT","n_NCC","EFT_est_ln_k","EFT_est_s","NCC_est_ln_k","NCC_est_s","est_sigma_sq","est_Sigma_11","est_Sigma_12","est_Sigma_22","est_con_sigma_sq","est_con_g","red_est_ln_k","red_est_s","red_est_sigma_sq","red_est_Sigma_11","red_est_Sigma_12","red_est_Sigma_22","red_est_con_sigma_sq","red_est_con_g","mse_ln_k","mse_s","err_inprod","EFT_ln_k_mazur","NCC_ln_k_mazur","est_sigma_sq_mazur","est_g_mazur","EFT_ln_k_nl","EFT_s_nl","NCC_ln_k_nl","NCC_s_nl","var_ln_k_nl","var_s_nl","corr_ln_k_s_nl","var_residual_nl","lik_ut_nl","BIC_ut_nl","deriv_offset","p_value_nl","p_value_nl_lrt","mse_ln_k_nl","mse_s_nl","err_inprod_nl","lik_uc","lik_uc_red","lik_con","lik_con_red","F_con","lik_mazur","F_mazur","BIC_lin_uc","BIC_lin_con","BIC_mazur","BIC_nl","mh_dist_lin","mh_dist_nl"
"1",-5.86,0.73,-5.86,0.83,1.359326,9.604077,-1.1484446,0.2002995,35,35,-5.80066853094673,0.756712968886885,-6.09733423236203,0.826664428340553,1.23984580833428,8.72066375394009,-1.09451468569093,0.210235008487871,1.23984580833428,10.3748142579756,-5.94900138165438,0.791688698613719,1.23984580833428,8.74266638853913,-1.09970273538689,0.211458310157795,1.23984580833428,10.3937625454043,2.57693390849749,0.0724407803495982,-0.420165933513436,-7.25010970697912,-7.13002271429555,1.99502417323699,10.6431519517387,-3.93843672956787,0.523179075812498,-4.52189921563039,0.622420593448167,4.30277171,0.14019456,-0.815,0.02113204,122.988725882473,-196.422208636108,1320.55836439278,0.675580820117522,0.580636858686959,8.08455535591007,0.150391463977297,-1.07437796073015,-898.210842032621,-898.380963001513,-918.149816594758,-918.266326329879,0.113275128360925,-950.405778944961,0.0738788576822419,1845.97692719408,1873.46606553614,NA,2444.69452014945,0.408109046386379,0.985464875877948
"2",-5.86,0.73,-5.86,0.83,1.359326,9.604077,-1.1484446,0.2002995,35,35,-6.73593008482687,0.902097263734712,-5.74837901116722,0.752670615836059,1.60594943823784,6.84162739348966,-0.734990464990982,0.15922167912396,1.60594943823784,9.0222413360782,-6.24215454799704,0.827383939785385,1.60594943823784,7.08544167426124,-0.771882076632402,0.164803759899517,1.60594943823784,9.05829938608363,2.57063804885101,0.0619016133703681,-0.384736122360251,-7.3192092532227,-7.22190348063749,2.18258925681985,11.7159233578258,-4.56015369318967,0.609853611767119,-3.76564540244624,0.508501652879842,4.35005443,0.12412808,-0.839,0.02645833,81.184275815719,-112.813308502601,1372.78281870552,0.510084746403946,0.431010448307719,9.11933496382426,0.164503056442236,-1.15490609384917,-944.99291182889,-945.881781495362,-972.676561589061,-972.927955836677,0.244650604405502,-975.505223423814,0.0405979642650628,1939.54106678662,1982.51955552475,NA,2632.75232890844,0.373216791442041,1.24644225386356
"3",-5.86,0.73,-5.86,0.83,1.359326,9.604077,-1.1484446,0.2002995,35,35,-5.89709757461898,0.756952487380454,-5.46827065524229,0.886111049174268,1.367112998863,8.09811546999516,-1.02931803493795,0.175478686047347,1.367112998863,6.41968011657521,-5.68268411493063,0.821531768277361,1.367112998863,8.1440886016907,-1.01547136789666,0.179649169568508,1.367112998863,7.36587029691873,3.05900061565069,0.0769303569829127,-0.470263064022486,-7.34511176144684,-6.14679155323949,1.99383102126429,6.92448985483539,-3.87685269985064,0.489082694746152,-3.62586450325357,0.579081285912648,2.68785467,0.05156214,-0.811,0.03179644,59.654502525929,-69.7537619230207,1214.85649431884,0.00350168563250161,0.00366549448180788,9.8400729396322,0.23898629318595,-1.45751132492872,-899.128505462072,-904.726943260329,-912.181195423069,-920.582905105021,8.67165851525385,-936.792600848215,10.8151629027054,1847.81225405298,1861.52882319277,NA,2359.95922671466,0.448799774100288,1.51870505667919
"4",-5.86,0.73,-5.86,0.83,1.359326,9.604077,-1.1484446,0.2002995,35,35,-5.58620431216927,0.687775132235915,-5.9065330101929,0.729325199066893,1.37581071154611,8.67341460744438,-1.14280800883088,0.217258328271972,1.37581071154611,8.44499561433198,-5.74636866118108,0.708550165651404,1.37581071154611,8.69906722613876,-1.14613542853357,0.217689930285386,1.37581071154611,8.45115352281803,3.12263335310828,0.0841616629398965,-0.497469392664597,-7.44635927993703,-7.51914343168473,2.27257404104988,8.13086035097698,-4.15803829388024,0.531171525182129,-4.52091928288011,0.580156487232305,4.86781627,0.11043246,-0.864,0.02672346,84.5874471705891,-119.619651212341,1327.67314753286,0.888111962823817,0.872603763997172,6.80934994627973,0.136306736628248,-0.900952801514543,-914.28089160336,-914.358949398971,-930.629409445816,-930.675032880109,0.0443343537836919,-973.811694920685,0.0303802168225758,1878.11702633556,1898.42525123826,NA,2535.72664385339,0.48138374130553,0.998105389551339
"5",-5.86,0.73,-5.86,0.83,1.359326,9.604077,-1.1484446,0.2002995,35,35,-7.07535594433606,0.911134136228037,-5.63837504543478,0.795192826115096,1.47472068717289,6.78767851439465,-0.718722732384585,0.131210825704141,1.47472068717289,7.6285918476374,-6.35686549488542,0.853163481171566,1.47472068717289,7.30390704034641,-0.760374094391055,0.134571422551818,1.47472068717289,7.97925457839366,2.90842008860415,0.0739807928902047,-0.446618650890849,-7.60479576488647,-6.85856318952695,1.93737290173665,10.1707859149879,-4.51354160086793,0.577668321312148,-4.24698178772885,0.599952773434841,3.15532078,0.07761538,-0.776,0.02655047,89.3653207271093,-129.175398325381,1326.05131069301,0.405097444460536,0.390825378946044,9.73791358773405,0.175813184766461,-1.26357399114371,-917.458175645001,-919.66978156852,-941.310382605153,-944.098870926681,2.76349445106212,-941.772006064581,3.06195228380614,1884.47159441884,1919.78719755693,NA,2522.92722306064,0.441887278859267,1.2182102366931
"6",-5.86,0.73,-5.86,0.83,1.359326,9.604077,-1.1484446,0.2002995,35,35,-5.60610229352197,0.704788300353926,-6.41317969631651,0.915453560532876,1.24988462504382,8.85132937315969,-1.19496000150544,0.217157694232132,1.24988462504382,8.04319363656437,-6.00964099491924,0.810120930443401,1.24988462504382,9.01417285668509,-1.23746579426651,0.228252657193698,1.24988462504382,8.26261798049068,2.42568678720365,0.0596467662443916,-0.367546040012869,-7.36489720813696,-6.91688550459531,2.03307952650549,7.60522983085622,-4.24084331988545,0.535649955256144,-4.23556372332751,0.601268580907162,4.42782665,0.10264902,-0.848,0.02453428,99.8542026102722,-150.153162091707,1269.78222172806,0.315782118848323,0.315207028469297,8.004353998461,0.183261334958986,-1.17251053618456,-891.099545498086,-892.903821157116,-904.068304134973,-905.746507765502,1.64995420717963,-944.452990774723,1.36523948107862,1831.75433412501,1845.30304061657,NA,2389.41128136442,0.354687871271757,1.10819123038009
"7",-5.86,0.73,-5.86,0.83,1.359326,9.604077,-1.1484446,0.2002995,35,35,-5.95635892220715,0.742993693106129,-5.46784786943495,0.852873556657632,1.46774035646795,9.77838330631065,-1.19798080440889,0.188499017302706,1.46774035646795,6.37490209821393,-5.71210339582105,0.797933624881881,1.46774035646795,9.83804406848079,-1.18456142245338,0.19151741340623,1.46774035646795,7.17222908737824,3.00763558619705,0.0769666190577157,-0.465958765141307,-7.48753599320685,-6.34438914698654,2.15623572630253,6.80516494497092,-3.7412902923017,0.463899831911639,-3.87415598568328,0.606384039579213,4.69343189,0.09144423,-0.878,0.03119275,52.7259105724266,-55.8965780160159,1248.96767728919,0.00611356557031803,0.00479641656583725,8.945704833388,0.19855194664287,-1.2630991349288,-915.979403713251,-921.040578794122,-929.158056368885,-936.344192140485,7.35172271321458,-955.44655592689,9.24001515608742,1881.51405055534,1895.4825450844,NA,2442.03877656237,0.448711098030805,1.31873905619074
"8",-5.86,0.73,-5.86,0.83,1.359326,9.604077,-1.1484446,0.2002995,35,35,-5.45443125739496,0.756063090133761,-5.27886089925855,0.717992777324316,1.46666896757483,12.6407716891479,-1.51275452364692,0.233226283658923,1.46666896757483,8.31940702085529,-5.36664607832675,0.737027933729038,1.46666896757483,12.6484779268119,-1.5144255282605,0.233588620838275,1.46666896757483,8.3231697148028,3.45383657866128,0.0892193601280328,-0.538560859225573,-6.90774424286946,-6.95898695700399,2.36375822662696,8.19032989905858,-3.98809476515122,0.564263043624984,-3.67721413199691,0.491417614525489,6.80916164,0.14565004,-0.881,0.02796671,61.693420128541,-73.8315971282446,1274.49623315612,0.748106600353448,0.685313207715436,7.70097157261464,0.153819053442455,-1.05731689572367,-929.880617718248,-929.933260847698,-945.360297590099,-945.388554261227,0.0274548786052774,-983.677136658768,0.0143839132808193,1909.31647856533,1927.88702752683,NA,2475.160869184,0.515333698906183,0.977651234768275
"9",-5.86,0.73,-5.86,0.83,1.359326,9.604077,-1.1484446,0.2002995,35,35,-5.99870863791017,0.754183436743136,-5.49006462981808,0.762516077021492,1.28716300650369,9.97405605729423,-1.26638730998884,0.229900186885449,1.28716300650369,9.86672454169502,-5.74438663386412,0.758349756882314,1.28716300650369,10.0387357390362,-1.26532772310155,0.229917545108951,1.28716300650369,10.0787247624263,3.14528791034391,0.0808895899151395,-0.487213094457406,-7.46322011188846,-6.90493238925369,2.14149161207331,9.55333613608087,-4.59092088622237,0.584341816019614,-4.25050401996535,0.600475082452862,6.7182533,0.1378705,-0.865,0.0223411,110.549591453615,-171.543939778393,1316.24608378289,0.407526579758583,0.402080053805448,5.58347864821475,0.119777492429999,-0.770663363293416,-907.059292346357,-907.89658126231,-924.127195372796,-925.479683253476,1.32662008265802,-964.323489666726,1.64118283950504,1863.67382782155,1885.42082309222,NA,2460.94822778738,0.475877546044315,0.824436572430871
"10",-5.86,0.73,-5.86,0.83,1.359326,9.604077,-1.1484446,0.2002995,35,35,-6.30946568334639,0.725844125252869,-6.68993605085173,0.962848834249204,1.3876438300792,9.62992023376323,-1.3736528399515,0.25148599951327,1.3876438300792,7.13130431001516,-6.49970086709906,0.844346479751036,1.3876438300792,9.66610965890065,-1.39619615713458,0.265528807534879,1.3876438300792,7.8922379182271,2.47516442432153,0.0700630415648121,-0.391631035605013,-7.94281544182535,-6.91127308279476,2.24625260935012,6.43809386614147,-4.7559689231692,0.554701625160678,-4.97250513963562,0.704580392285047,7.57034636,0.17685571,-0.918,0.02341854,109.113439993898,-168.671636858959,1356.83496385228,0.0205154375324111,0.0166163805040207,6.61297343492258,0.162767546178969,-0.969727371204455,-912.347205659908,-916.853610703407,-922.244144773419,-928.506163456037,6.36349143822844,-963.780906390168,7.5788069546845,1874.24965444865,1881.65472189347,NA,2544.9982908456,0.445017710773967,1.09207544043318
"11",-5.86,0.73,-5.86,0.83,1.359326,9.604077,-1.1484446,0.2002995,35,35,-5.56464131856078,0.665764453749664,-6.15511393729879,0.901597697375714,1.499111028268,9.04970496879486,-1.14531448967435,0.220533156915459,1.499111028268,8.85001120035231,-5.85987762792978,0.783681075562689,1.499111028268,9.13686944716471,-1.18012775791169,0.234437486615255,1.499111028268,9.3197394422436,2.85018796888431,0.0796284190196516,-0.460474957445932,-7.55593021305048,-6.74136939278883,2.33245711809898,9.33781086122409,-3.69753590531535,0.439543210914301,-4.35830413101175,0.642203531117876,5.01824433,0.13388219,-0.863,0.02944413,60.157914920897,-70.7605867129567,1342.10943725637,0.0537637026351219,0.0395819063034463,8.87974152413776,0.20136856940011,-1.25220922141717,-935.721486133327,-938.432167151215,-954.596672456951,-957.857686830009,3.24279026682375,-984.529121775852,3.27455089796062,1920.99821539549,1946.35977726053,NA,2613.45828779979,0.459662676723317,1.38298128528324
"12",-5.86,0.73,-5.86,0.83,1.359326,9.604077,-1.1484446,0.2002995,35,35,-6.66473430368399,0.834550243326538,-5.42463226371951,0.769253652385557,1.19212203911865,9.17124226131125,-1.19403713835786,0.199803875546263,1.19212203911865,7.46659193453272,-6.04468328370175,0.801901947856048,1.19212203911865,9.55570552869228,-1.21428074726502,0.200869786743392,1.19212203911865,8.00619550772574,2.0475435922815,0.0572643954210855,-0.326012012881687,-7.65044114054187,-6.79935929261714,1.90362489053058,7.11186124929677,-4.73314299371667,0.584573745499523,-3.73426254955574,0.542355553722492,5.0103007,0.13752698,-0.904,0.02205538,121.735514255549,-193.91578538226,1250.51958722314,0.0128640309819764,0.0112422428136744,8.04797567726088,0.136617237312251,-1.0112494335102,-876.325124530881,-879.209814982057,-887.863906955704,-892.188833965222,4.33386222707456,-926.267515144263,5.58197296627316,1802.2054921906,1812.89424625804,NA,2307.12338906403,0.349358036309539,0.994366831705001
"13",-5.86,0.73,-5.86,0.83,1.359326,9.604077,-1.1484446,0.2002995,35,35,-6.12628747577805,0.758833191243495,-5.20030776526513,0.764301369817356,1.19907712786692,8.3583358319858,-0.868115330911274,0.141265408679504,1.19907712786692,9.88720536950433,-5.66329762052159,0.761567280530426,1.19907712786692,8.57269543805618,-0.866849475308058,0.141272883923733,1.19907712786692,10.5577587437188,2.74580863012024,0.0746178434495003,-0.440414253601783,-7.5630969156593,-6.60453921220286,1.78615626165896,11.5400735264792,-4.67809261408953,0.572727161964024,-3.73826691204687,0.554917667740164,5.4153819,0.1027631,-0.839,0.0214045,123.568320236655,-197.581397344473,1284.44346823144,0.0379466532483227,0.0344672307443832,6.62391950691136,0.123654014682488,-0.84882356469703,-881.721959193165,-884.155501447226,-906.891350099488,-911.075157957633,4.1881849289169,-925.908573152833,4.88161979726536,1812.99916151517,1850.9491325456,NA,2371.30553911841,0.421711076000946,0.933742964788712
"14",-5.86,0.73,-5.86,0.83,1.359326,9.604077,-1.1484446,0.2002995,35,35,-5.97326189494341,0.784170985167274,-5.1562263787014,0.646219744616742,1.26797626879784,7.90108138196299,-1.02615306344015,0.208940851926914,1.26797626879784,9.99491753726442,-5.56474413682241,0.715195364892008,1.26797626879784,8.06796814066321,-1.05433082920001,0.213698488119272,1.26797626879784,10.0282888763542,2.69212269290243,0.0779453115258442,-0.442879723491729,-7.25911531528298,-7.26395759262432,2.14156506226245,9.69302358198314,-4.48746272395716,0.600232082297852,-4.01575205494876,0.522457373093075,4.86545129,0.1332329,-0.838,0.02426805,97.5233413826542,-145.491439636471,1315.49603539445,0.795061590348255,0.735144427662151,6.24424179714234,0.127703910621073,-0.84416466889084,-900.753281552647,-901.371755226069,-921.268624340584,-921.480763797508,0.206390912020412,-964.792125034579,0.000121846899813687,1851.06180623413,1879.7036810278,NA,2485.50063115242,0.447408719316244,0.890002510489054
"15",-5.86,0.73,-5.86,0.83,1.359326,9.604077,-1.1484446,0.2002995,35,35,-6.53033902618669,0.861453011342178,-5.47272047248704,0.844567176914698,1.42585158081684,12.8414083527813,-1.66644338269301,0.287277728362123,1.42585158081684,9.60124994865486,-6.00152974933687,0.853010094128438,1.42585158081684,13.1210476040637,-1.67090807563931,0.2873490112132,1.42585158081684,10.1637420324643,2.39656352032459,0.0665707219542252,-0.380873382935976,-7.35576613283164,-6.39874901110671,2.34134860852558,9.12159833589754,-4.83606605342185,0.640176128648012,-3.77254345843276,0.586006557846138,7.78125112,0.1726873,-0.884,0.02458237,83.7583268139354,-117.961410499033,1326.48003442807,0.0848034709487027,0.0848680278621623,9.21868441292066,0.192953045167629,-1.27480671504746,-933.788834988324,-936.099002296738,-947.466378011244,-951.085328624016,3.6080143270177,-984.721524397971,4.59908245966179,1917.13291310548,1932.09918836912,NA,2534.99865835711,0.404382062288613,1.27577105432735
"16",-5.86,0.73,-5.86,0.83,1.359326,9.604077,-1.1484446,0.2002995,35,35,-5.72840092848855,0.692431223280642,-6.54580197649441,0.926944523476102,1.70808143420312,9.30687293930422,-1.05259401204916,0.177286290968745,1.70808143420312,7.18759858902743,-6.13710145249148,0.809687873378372,1.70808143420312,9.47390905762449,-1.10051686638692,0.191035412960887,1.70808143420312,7.43134544044882,2.97009853950635,0.0796365672822093,-0.467327279783604,-7.56081611066764,-6.98104760107179,2.38148189910367,8.70407352886893,-4.06163023982173,0.497991732865988,-3.71968114355292,0.531729909447519,4.66582582,0.10541914,-0.851,0.03104744,50.2901073780026,-51.0249716271679,1348.15838321966,0.176796003746894,0.162491913973476,11.0347048908702,0.216535788060887,-1.4814445054404,-954.215687221701,-956.76247140376,-973.629165453064,-975.682665745175,2.02437695454036,-987.411102925124,1.7308317109014,1957.98661757224,1984.42476325276,NA,2645.29179481215,0.473481653571688,1.46694285659823
"17",-5.86,0.73,-5.86,0.83,1.359326,9.604077,-1.1484446,0.2002995,35,35,-5.68685812488328,0.681537509906685,-5.29653380036999,0.782968511870838,1.45877121287837,5.97745801498752,-0.676761712441818,0.139914585523831,1.45877121287837,7.76192581116401,-5.49169596262664,0.732253010888761,1.45877121287837,6.01554628456421,-0.666863965610228,0.142486647563694,1.45877121287837,8.37098766874089,2.39724705002439,0.0631115306618218,-0.375546870430587,-7.58417523238024,-6.58955124544594,2.09341586240705,9.32615933724918,-4.02667197326321,0.486407121637244,-3.69301566097684,0.549979282824728,3.97068414,0.10501909,-0.799,0.02444174,97.7901155821022,-146.024988035367,1296.06880744002,0.0796832549612466,0.0739768988724968,6.33089587122301,0.128990884854894,-0.842658887336091,-915.699577178511,-918.494065669041,-939.719621178653,-944.423815498742,4.72683827823078,-957.998989225239,5.4459103292698,1880.95439748586,1916.60567470393,NA,2446.11262684467,0.369904278332514,0.944859323966846
"18",-5.86,0.73,-5.86,0.83,1.359326,9.604077,-1.1484446,0.2002995,35,35,-5.95445240881607,0.761655130635709,-6.51361539407648,0.880244196854591,1.3386198830741,10.0669228677899,-1.23228171313228,0.213678286824646,1.3386198830741,9.17959427367052,-6.23403390144628,0.82094966374515,1.3386198830741,10.1450886788112,-1.24885936720383,0.217194128481312,1.3386198830741,9.21713672328079,2.7043031958175,0.0755434086546036,-0.434764365291147,-7.37444946403124,-7.22708948003004,2.07720798495152,9.64677195893334,-4.29713905520534,0.537278767454207,-4.57241242356053,0.61830237609036,6.03055089,0.12667245,-0.854,0.02415791,98.3815564330572,-147.207869737277,1341.47756246142,0.610294548603413,0.59501414313003,8.58648299560413,0.183313514558211,-1.21948030970644,-911.903722325924,-912.373739727706,-929.158432702467,-929.416118548384,0.250784707608776,-957.164913185218,0.116844468473223,1873.36268778068,1895.48329775156,NA,2535.74725518556,0.444121116885709,1.12343168023792
"19",-5.86,0.73,-5.86,0.83,1.359326,9.604077,-1.1484446,0.2002995,35,35,-5.06453617210167,0.636404414654802,-5.68153657002046,0.801501647898252,1.21850614481385,9.43416971964738,-0.932625049475418,0.14172332021547,1.21850614481385,10.661885168725,-5.37303637106107,0.718953031276527,1.21850614481385,9.52934209240536,-0.958091314127043,0.14853759432163,1.21850614481385,10.8081104110766,2.75354869733366,0.0783372708473299,-0.450768987224495,-7.23074458202673,-6.86413838646122,1.89270926614969,12.0405237340679,-3.69809759339893,0.466228813690026,-4.27640791163555,0.607524329113269,5.68043362,0.0866884,-0.85,0.02503252,92.0235762565728,-134.491909384308,1274.49583079011,0.183999438097086,0.15924560272881,6.77397290477108,0.146090267819791,-0.944824368164639,-887.858527699936,-889.433444570603,-915.640971565372,-916.51322562034,0.852633715394131,-941.474314258933,0.647988979112431,1825.27229852871,1868.44837547737,NA,2414.49975219591,0.444014420702661,0.975133983126145
"20",-5.86,0.73,-5.86,0.83,1.359326,9.604077,-1.1484446,0.2002995,35,35,-4.69596648885862,0.650484203329055,-6.54781115381935,0.931636900425197,1.59025066010137,8.8304661126338,-0.988129003302933,0.168345403634288,1.59025066010137,7.61378138269169,-5.62188882133899,0.791060551877126,1.59025066010137,9.68779827841968,-1.11829178384214,0.188107113405397,1.59025066010137,7.7414517699387,2.5523435308643,0.0664695842632454,-0.393176572097272,-6.77829116128676,-6.95510081077953,2.27701128999845,9.01876502930013,-3.31640272225338,0.466059365036126,-4.6228846809995,0.65339370640172,6.19817106,0.11261601,-0.868,0.03049971,47.2825695537454,-45.0098959786533,1288.69313664027,0.23589078457212,0.18275220904676,8.01923410037113,0.17717555123795,-1.15196277175052,-939.192772323678,-941.87071733219,-959.668774419865,-960.698675688475,1.0078716822604,-977.537593192537,0.16307204318267,1927.94078777619,1956.50398118636,NA,2532.37637730188,0.407643255972063,1.09451336317761
"21",-5.86,0.73,-5.86,0.83,1.359326,9.604077,-1.1484446,0.2002995,35,35,-6.43929577664406,0.79253461972654,-5.96544754416562,0.832570002055877,1.33792534108532,8.91264408376408,-1.01721636781406,0.166665423510626,1.33792534108532,8.19084433865518,-6.20237166040484,0.812552310891209,1.33792534108532,8.96877712061979,-1.01247369402572,0.16706613147019,1.33792534108532,8.52539038552174,2.85783840634966,0.066517421249365,-0.419935180294795,-7.67532082653567,-6.96295214608745,1.93709352611002,9.47560115836198,-4.53060080755292,0.566402814401071,-4.13649322966845,0.580086966008038,5.31303611,0.12349752,-0.868,0.02579765,86.221637793124,-122.888032457411,1319.30182609448,0.277677101983458,0.254011257790881,7.62945946839878,0.132881504230813,-0.963548968888453,-902.615362992518,-904.187842120733,-921.878867335539,-924.38158416589,2.47519491666802,-939.487814638398,2.97595973785282,1854.78596911387,1880.92416701771,NA,2515.71561973155,0.407954686308039,0.977593137857488
"22",-5.86,0.73,-5.86,0.83,1.359326,9.604077,-1.1484446,0.2002995,35,35,-5.85385409194208,0.754620277941702,-6.56257888537513,0.94121250813938,1.39360487070802,6.51143776529754,-0.679904840896914,0.119438126788677,1.39360487070802,7.41592905572989,-6.2082164886586,0.847916393040541,1.39360487070802,6.63701047350422,-0.712965475847679,0.128142291881213,1.39360487070802,7.57339452825207,1.89849559792876,0.0491904618948129,-0.289675847380863,-7.31576297910062,-6.91281954945243,1.84185392397153,9.82595998928692,-4.40041051216765,0.568466065023334,-4.69682061519544,0.677621487745613,4.13905655,0.08135481,-0.8,0.02667422,85.0962404615074,-120.637237794177,1296.21737037713,0.274270286669912,0.265221437977539,6.85205390893851,0.149509325107054,-0.975277220891637,-902.061619223083,-903.976544964049,-925.702703539498,-927.000330095381,1.27230779401802,-928.287319386872,0.968977108567616,1853.678481575,1888.57183942562,NA,2471.79750296009,0.309777869122354,0.939632113288637
"23",-5.86,0.73,-5.86,0.83,1.359326,9.604077,-1.1484446,0.2002995,35,35,-5.70645804855881,0.715323484865161,-6.09503470456963,0.775030981672721,1.2672486215027,10.5216403109387,-1.28327236889108,0.206825791342669,1.2672486215027,8.55456721880054,-5.90074637656422,0.745177233268941,1.2672486215027,10.5593882653379,-1.28907260375315,0.207717037636426,1.2672486215027,8.56156454029143,2.64548202605874,0.0753263611245023,-0.426393218652528,-7.40248706004359,-7.43534190057275,2.07517135282289,8.28673804380906,-3.90440125667769,0.48569079431837,-3.84271052228287,0.483649384462065,4.21799298,0.09209733,-0.835,0.02596616,90.1338199964092,-130.712396863981,1301.29806636121,0.986002012359229,0.965982805752439,10.3541962224869,0.19858090375831,-1.40347320279076,-896.100326781124,-896.213836887786,-911.299018171621,-911.350264159294,0.0498000433179554,-952.141152904485,0.00666543549226324,1841.75589669108,1859.76446868987,NA,2471.88373585843,0.452986028168582,1.25255577425013
"24",-5.86,0.73,-5.86,0.83,1.359326,9.604077,-1.1484446,0.2002995,35,35,-5.59372272474132,0.697466669011933,-6.75795995594315,0.931963974848605,1.331184597112,9.69739426076178,-1.14812952153334,0.190096491915797,1.331184597112,8.53743662481595,-6.17584134034223,0.814715321930269,1.331184597112,10.0362563433909,-1.21638214505124,0.203843738526961,1.331184597112,8.66487512291127,2.71480135392564,0.076652404144785,-0.439623441271724,-7.39613802427473,-7.16330098812565,2.03694335168071,9.1530678178209,-3.59697155099618,0.438383965726535,-5.42798329756374,0.751324142985935,6.14681551,0.12568573,-0.878,0.02486988,93.6405728926501,-137.725902656463,1319.4733251476,0.021585279050952,0.0164456276207122,8.31837946002636,0.176882248382282,-1.17147743016003,-905.600214887735,-907.541452968767,-923.23257287552,-924.161713695364,0.90861079463783,-950.707368204599,0.311942715084428,1860.75567290431,1883.63157809767,NA,2501.22074763873,0.44675501593766,1.11481665061196
"25",-5.86,0.73,-5.86,0.83,1.359326,9.604077,-1.1484446,0.2002995,35,35,-6.10997335809158,0.787355620855132,-5.98100255158042,0.801812485835901,1.42075902263902,8.70657725904998,-1.08038350838315,0.201720220585306,1.42075902263902,8.63601728365796,-6.045487954836,0.794584053345517,1.42075902263902,8.71073562628302,-1.07991737999911,0.201772470821574,1.42075902263902,8.66483947954134,3.41615280324066,0.0929015379525716,-0.547621268701517,-7.37685354309047,-7.16175247602414,2.14368667841983,9.43703280072131,-4.04996031534625,0.52039991238606,-3.98157417681807,0.533302354580918,4.68583823,0.10593367,-0.85,0.02905626,63.5179584574583,-77.4806737860793,1330.29192328698,0.87925786554044,0.864554557735031,8.83913678016812,0.18240289107473,-1.21644450169593,-921.31711261705,-921.444791439209,-939.907289447707,-940.116353245889,0.203394126678601,-964.186630699624,0.246089868158054,1892.18946836294,1916.98101124204,NA,2583.10317278789,0.526916876181134,1.20417956775564
"26",-5.86,0.73,-5.86,0.83,1.359326,9.604077,-1.1484446,0.2002995,35,35,-6.27732871251754,0.777717256983443,-5.62176205597822,0.811442278998348,1.25141833114929,10.8265366824551,-1.27950341454764,0.218327935509023,1.25141833114929,10.8646793383696,-5.94954538424788,0.794579767990895,1.25141833114929,10.9339785927467,-1.27397616456664,0.2186122797865,1.25141833114929,11.3796217354168,3.68259227523941,0.092693481293611,-0.571460797321037,-7.60163177534634,-6.74514016465986,2.02425100442856,11.1339863005488,-4.82828969083644,0.619383573437473,-3.70225580559295,0.529852064285935,5.55019109,0.09944814,-0.838,0.02450359,95.4279274340897,-141.300611739342,1333.61793262814,0.177326377184699,0.141388072664474,8.77762932538949,0.182655285930245,-1.20323890537799,-903.805203418066,-905.611763625035,-923.377497109882,-926.351506513327,2.95128776771649,-955.414182444546,3.55406465780755,1857.16564996497,1883.92142656639,NA,2525.93525351694,0.521315948933444,1.23797093661743
"27",-5.86,0.73,-5.86,0.83,1.359326,9.604077,-1.1484446,0.2002995,35,35,-5.51662432279997,0.65475551946613,-5.13409742616512,0.681761727344966,1.3073758174149,8.21194886230819,-0.932698949540822,0.184446333781137,1.3073758174149,11.012937195296,-5.32536087448255,0.668258623405548,1.3073758174149,8.24853056897047,-0.930116299318382,0.184628667597136,1.3073758174149,11.211820914144,2.83138773134958,0.0715199449455644,-0.434553096974739,-7.57350159897109,-7.03007870418551,2.18057595767715,11.3014095585357,-4.04323420413811,0.483298717490772,-3.5715327541301,0.478432035764189,4.93338868,0.11920235,-0.814,0.02341568,103.604651756376,-157.654060383914,1340.01720755363,0.421706938163133,0.393871743417244,6.81742597038206,0.134647505521709,-0.896715933137998,-909.628184132498,-910.296480000495,-934.964147231587,-936.113564126573,1.12579402204491,-974.119181618137,1.31007671367909,1868.81161139383,1907.0947268098,NA,2522.38035472334,0.423118928981942,0.990522065967534
"28",-5.86,0.73,-5.86,0.83,1.359326,9.604077,-1.1484446,0.2002995,35,35,-5.7361781085757,0.695972095131229,-6.16947242732174,0.888306150197114,1.24636130218383,9.32649621707849,-1.07223470525292,0.18694806916252,1.24636130218383,10.2801422978314,-5.95282526794872,0.792139122664172,1.24636130218383,9.37343220874286,-1.09306901859328,0.196196166347041,1.24636130218383,10.7025830017844,2.8362522269363,0.0756352379197669,-0.449554023598263,-7.54749769253974,-6.83491548145071,1.95575934684874,11.0403934533489,-3.37652084928675,0.390273143879669,-4.15424801336144,0.608968825792628,4.94012153,0.12322325,-0.849,0.02536795,87.0045658910277,-124.453888653218,1316.09697371477,0.0396687088448458,0.0375054378149502,9.83160746769402,0.197616897535417,-1.33149164510594,-897.500620108835,-899.887029431221,-918.848896799153,-921.422497603382,2.54659623170933,-946.709970437234,2.56602463106214,1844.55648334651,1874.86422594493,NA,2507.74005877633,0.433110350578279,1.33754887292795
"29",-5.86,0.73,-5.86,0.83,1.359326,9.604077,-1.1484446,0.2002995,35,35,-6.45399820279744,0.896446015337121,-6.18761875372046,0.882336920820133,1.33317721662713,13.1690387217097,-1.74874922911386,0.299886806170448,1.33317721662713,9.81317262143166,-6.32080847825895,0.889391468078627,1.33317721662713,13.1867782244324,-1.74968882231997,0.29993657280747,1.33317721662713,9.83532141842809,3.05702016755834,0.0836473251959714,-0.489716019428108,-7.07094604677362,-6.88862493182111,2.2582032482737,8.81613043574476,-4.82485259809285,0.678538235249379,-4.15075016501007,0.609747787334632,4.78889715,0.12068417,-0.839,0.02537223,88.5098893382017,-127.464535547566,1317.27404258801,0.559673992304755,0.528330311539114,10.6241260870786,0.223670328879127,-1.49825230142121,-920.402352699855,-920.500267375149,-932.386856362663,-932.530091853119,0.139285503754163,-974.790347287676,0.178450409571417,1890.35994852855,1901.94014507195,NA,2507.08354962845,0.480931685578577,1.38042406470899
"30",-5.86,0.73,-5.86,0.83,1.359326,9.604077,-1.1484446,0.2002995,35,35,-5.34445037860968,0.675420004836236,-5.64801919936442,0.809337405005532,1.48622252048494,10.5906394046527,-1.35373634053659,0.218562238536494,1.48622252048494,6.53064059101083,-5.49623478898705,0.742378704920884,1.48622252048494,10.6136779118863,-1.36389962734857,0.22304570605352,1.48622252048494,6.70129256475169,3.76712383215195,0.093881350642729,-0.576650862080237,-7.27821399829073,-6.7839376026174,2.34381673353496,6.25838528350031,-3.57177320750012,0.461705006941783,-4.52282263874513,0.644972499872056,5.8426405,0.1331615,-0.911,0.0312765,48.5588331430456,-47.5624231572538,1237.60463467709,0.213504372354475,0.188368971751683,7.98097747690596,0.162898832828704,-1.09610483936899,-922.524777579131,-923.979823053693,-933.6867204975,-935.255285417322,1.54094914956249,-973.341657377838,1.70892512798962,1894.6047982871,1904.53987334163,NA,2427.64684619693,0.548465278219239,1.06726649174511
"31",-5.86,0.73,-5.86,0.83,1.359326,9.604077,-1.1484446,0.2002995,35,35,-6.68474330275188,0.889079313870245,-5.62816000238664,0.74605878770384,1.33097176814723,6.93671064778549,-0.620941762450972,0.120201234856039,1.33097176814723,10.807083468199,-6.15645165256926,0.817569050787042,1.33097176814723,7.21580271543818,-0.658720037340192,0.125314952582268,1.33097176814723,10.8687325085972,4.30543135485909,0.106259922670559,-0.657349404060369,-7.34558004778775,-7.14107603292714,1.8009241870689,14.5263240904297,-5.25581289860135,0.71230712442812,-4.04376613654488,0.538083883060346,3.58845344,0.0668932,-0.685,0.02294714,115.100651721277,-180.646060313716,1366.09852375221,0.182595955882775,0.142385920959923,7.63925879612897,0.150759096748056,-1.03092194294488,-905.009744038988,-906.077587522373,-938.13664184396,-938.501186203091,0.35505252066398,-935.402165931386,0.177986294055672,1859.57473120681,1913.43971603455,NA,2551.5509871907,0.616841841763741,1.00886522222344
"32",-5.86,0.73,-5.86,0.83,1.359326,9.604077,-1.1484446,0.2002995,35,35,-6.67892682600482,0.883464541636733,-5.84659172431365,0.846995394537857,1.55597560870259,6.59714937531423,-0.633763712906151,0.129282505192832,1.55597560870259,8.91378834788209,-6.26275927515923,0.865229968087295,1.55597560870259,6.77034480569105,-0.641352350720935,0.129615004865362,1.55597560870259,9.12842456023185,2.840342942747,0.0798178253291,-0.461149055666953,-7.37321493107439,-6.75815357068395,1.99387196855938,12.5398397678211,-4.93013765993778,0.667026642126266,-3.85451901901538,0.56116401244833,2.95146926,0.06610013,-0.67,0.02868321,69.3283437431774,-89.1014443575173,1354.72086632933,0.218115058078468,0.184700872511733,9.31334964432773,0.184219946834282,-1.25234525535133,-934.433108121466,-935.41740524439,-964.169913557534,-965.669259896827,1.47221848274592,-955.546379417801,1.6675277031138,1918.42145937177,1965.5062594617,NA,2620.34028830113,0.456849675257527,1.25374526578942
"33",-5.86,0.73,-5.86,0.83,1.359326,9.604077,-1.1484446,0.2002995,35,35,-5.9635781668984,0.779761362802322,-6.28801584568243,0.927655285218193,1.29643672000781,4.42352326451136,-0.492116226076378,0.119819416493237,1.29643672000781,8.41499118972449,-6.12579700629042,0.853708324010258,1.29643672000781,4.44983821636506,-0.504111816300097,0.125287569565125,1.29643672000781,8.66163798126846,2.45587077092039,0.0628678907632832,-0.378559778253094,-7.2757029762112,-6.71902693572412,1.73110572820356,11.1223948403945,-5.07189589600524,0.674767734741008,-4.78686844543404,0.717361193590466,3.74028376,0.10047286,-0.772,0.02351297,108.078203450055,-166.601163771273,1294.55853295771,0.259788635300454,0.239618401174973,4.50566625196144,0.100781399766328,-0.631181860070459,-887.240425631837,-888.680024401231,-915.847888651913,-917.658086607208,1.78141237596639,-917.053077332674,1.75727609687895,1824.03609439251,1868.86220965045,NA,2422.51590214416,0.374008422459173,0.695541170859786
"34",-5.86,0.73,-5.86,0.83,1.359326,9.604077,-1.1484446,0.2002995,35,35,-5.95506098077349,0.692796726201085,-6.49210954151375,0.826658397073186,1.48405372866227,9.75798984091239,-1.25335309977439,0.253966484366642,1.48405372866227,10.5731763052967,-6.22358526114362,0.759727561637135,1.48405372866227,9.83009513006068,-1.27132565419443,0.258446221098809,1.48405372866227,10.6400099557813,2.87903347801993,0.0747335788732305,-0.44895377267241,-7.78529859113371,-7.52483395617753,2.42095108595769,10.7107071264641,-4.27561614225515,0.514722624100731,-4.52985727865187,0.599110100919578,5.6627948,0.1733696,-0.845,0.0227247,109.525710697062,-169.496178265287,1453.5033803248,0.672815228304434,0.663984539440239,9.41059698598931,0.17220069960322,-1.20492032893507,-942.365651828109,-942.882791916293,-963.408634176194,-963.811712703046,0.392691523317562,-998.01682200513,0.284757620890709,1934.28654678506,1963.98370069902,NA,2737.51058238432,0.435240378405881,1.27519918629357
"35",-5.86,0.73,-5.86,0.83,1.359326,9.604077,-1.1484446,0.2002995,35,35,-7.3287025032253,0.893690861952551,-4.53418181868434,0.618102477381303,1.37222294576916,7.37737504182861,-0.996533449610307,0.195635851369628,1.37222294576916,7.50929950786185,-5.93144216095482,0.755896669666927,1.37222294576916,9.32971150591043,-1.1890678098862,0.214623090797276,1.37222294576916,8.47946880646423,2.36558558874399,0.0641799780481612,-0.372013456664211,-7.96206483811623,-6.80942843489602,2.18476189539583,7.46903946772774,-5.38681033126002,0.666101601064513,-3.38303899978223,0.461246467133258,3.60596581,0.09950075,-0.82,0.02437993,105.540328690526,-161.525414252215,1322.90854385888,0.00436020214667227,0.00225130673720152,10.0255741896625,0.179154418543628,-1.28850892138574,-906.63586610145,-914.223066568474,-922.686898223721,-930.244704173548,7.75287228331898,-961.523658018265,8.54463184049826,1862.82697533174,1882.54022879407,NA,2484.29167346555,0.389805396566098,1.27184242692316
"36",-5.86,0.73,-5.86,0.83,1.359326,9.604077,-1.1484446,0.2002995,35,35,-6.59797752497119,0.86427819589305,-4.0417246280196,0.552997222235769,1.28549645103448,11.6554634956177,-1.50761152721961,0.2687170977509,1.28549645103448,10.6513669727063,-5.3198510764954,0.708637709064409,1.28549645103448,13.289070713911,-1.70653974988895,0.292941058891157,1.28549645103448,11.1540544588667,4.31011560855046,0.12135685593736,-0.709710809779423,-7.40657291313453,-6.70485150711367,2.40509308940124,8.93412807551527,-4.21475222241728,0.549306058268675,-2.57761786511886,0.337136030410138,3.75668956,0.09270408,-0.82,0.02819864,68.5134372287052,-87.4716313285731,1283.86815636764,0.0421263561251898,0.0232325094623263,13.1832718815215,0.265373497641732,-1.80990151254894,-913.119706357086,-916.983928672185,-928.69004876275,-931.646800084607,2.93379730798765,-990.64825440186,2.45253247008435,1875.79465584301,1894.54652987213,NA,2480.2646814067,0.659274751461908,1.70665287332908
"37",-5.86,0.73,-5.86,0.83,1.359326,9.604077,-1.1484446,0.2002995,35,35,-5.15550349062145,0.630536145263385,-5.12205498702806,0.709520023580055,1.50832114014761,8.59169113835609,-1.18734763294437,0.213736563988186,1.50832114014761,5.97112470934047,-5.13877923882476,0.67002808442172,1.50832114014761,8.59197083895424,-1.18668715980995,0.215296177246671,1.50832114014761,6.1276833574307,3.48358735079403,0.101782698140265,-0.580728075127181,-7.3566735310496,-6.85265951908891,2.46892584332069,5.3675453583246,-3.3236662525343,0.403673016638687,-3.64121084367928,0.502493233968771,4.24423146,0.11040063,-0.875,0.03117053,51.0926383341381,-52.6300335394388,1231.83943508432,0.399024536381408,0.389292765645834,7.38951604682072,0.157977095588038,-1.04104976253096,-921.665866470003,-922.744323524718,-931.898556715726,-933.453235067853,1.52715501644543,-981.499250891523,1.92287958717586,1892.88697606884,1900.96354577808,NA,2411.04883662921,0.564550862543926,1.00231127373628
"38",-5.86,0.73,-5.86,0.83,1.359326,9.604077,-1.1484446,0.2002995,35,35,-5.93584616522432,0.711048246545284,-5.59866941317902,0.811652078995648,1.22194880465991,9.60001753169508,-1.15000567542381,0.204787812266547,1.22194880465991,10.5581880800375,-5.76725778920167,0.761350162770466,1.22194880465991,9.62843957222505,-1.14152535705658,0.207318095042472,1.22194880465991,11.2046764589054,2.71411298343337,0.0735375494746781,-0.431332008598031,-7.6573459403163,-6.72079758776665,2.0050403542921,10.6626631248887,-3.80782719896963,0.448855736480703,-3.94327947682645,0.585923548167239,4.5433419,0.1137761,-0.82,0.0242287,96.2395189232832,-142.923794717729,1321.6963185266,0.0568559422268519,0.0520790155476089,8.80347244201007,0.174248900655258,-1.17194152162744,-895.848875494122,-898.271339582762,-915.706975467492,-919.516731355754,3.80346897442707,-951.691346541759,4.46361286671809,1841.25299411708,1868.58038328161,NA,2500.46884233547,0.428551831167086,1.23189820696716
"39",-5.86,0.73,-5.86,0.83,1.359326,9.604077,-1.1484446,0.2002995,35,35,-5.1185298274872,0.672391663082841,-5.59853894432435,0.725167097545783,1.54027045354234,9.42321922517092,-1.03122286720461,0.192156897242534,1.54027045354234,10.0989224617705,-5.35853438590577,0.698779380314312,1.54027045354234,9.48082141323262,-1.03755603962643,0.192853208863222,1.54027045354234,10.1185174214882,2.13244957943251,0.0579656744703328,-0.333449093094047,-7.07033552369155,-7.23592225868779,2.38059698506346,11.280118435769,-3.39368691765411,0.449878135754049,-3.99350991408273,0.5302414789357,5.6653333,0.11687887,-0.832,0.02833031,61.2556575279219,-72.9560719270065,1350.57513569416,0.735300811914547,0.704642991780169,7.38906835956923,0.151098801936055,-0.990049840438021,-944.644805395579,-944.806009336379,-969.588958183048,-969.712433033715,0.120052848859439,-995.560302246121,0.111611671597596,1938.84485391999,1976.34434871272,NA,2628.19419946132,0.360369909483686,1.08662779875678
"40",-5.86,0.73,-5.86,0.83,1.359326,9.604077,-1.1484446,0.2002995,35,35,-6.57574705585591,0.878280607837156,-6.0753987766511,0.881493707926801,1.26016791030746,9.11805419559632,-0.940739164364555,0.179166346341155,1.26016791030746,13.1182745385286,-6.3255729162535,0.879887157881979,1.26016791030746,9.18064129572211,-0.940337247089361,0.179168927344202,1.26016791030746,13.3056781916891,3.50409645196586,0.0889123455618134,-0.540174443579504,-7.30091969705778,-6.78142859897218,1.83383254707305,15.9792960979471,-5.2429656934835,0.716570535559623,-4.28549856247577,0.630021413497347,7.3451063,0.1505049,-0.85,0.0216212,112.418068562441,-175.280893996044,1379.3470037382,0.399813904148702,0.359412660956936,6.0811566884985,0.122690707349128,-0.796509615992494,-907.800193982767,-908.331763655186,-937.257801691913,-938.180857393078,0.902620811072685,-942.969672556349,1.03139215319473,1865.15563109437,1911.68203573045,NA,2583.41311348036,0.520975892492352,0.937368403154139
"41",-5.86,0.73,-5.86,0.83,1.359326,9.604077,-1.1484446,0.2002995,35,35,-6.49597820251793,0.7666315049922,-4.42221534889468,0.574208022884092,1.27546303480745,7.98267040158295,-0.909572953334316,0.17417532127134,1.27546303480745,10.3434880414391,-5.45909677570631,0.670419763938146,1.27546303480745,9.05779349484987,-1.00933312067448,0.183432020387993,1.27546303480745,10.9979758430911,2.7566849168825,0.0698357446534444,-0.42446708778494,-7.88632730705258,-6.95897376644096,2.14088222586296,10.473883655452,-4.3853663215201,0.53287727652392,-3.65721922203637,0.475150081839129,5.54206253,0.13110012,-0.851,0.02422839,97.5865759462525,-145.617908763668,1338.83244974057,0.443473088124262,0.405409332411932,7.14166031524325,0.119732410589401,-0.862046936199148,-900.866102609336,-904.654964494285,-924.895722883642,-928.822311100576,3.92341141893484,-967.180862383559,4.16614529386301,1851.28744834751,1886.95787811391,NA,2532.04699071747,0.409937517884491,0.992719775170671
"42",-5.86,0.73,-5.86,0.83,1.359326,9.604077,-1.1484446,0.2002995,35,35,-5.34755747695754,0.60927899854481,-6.19510630897059,0.843532701259206,1.32248885008657,9.37795004812066,-1.13691997710009,0.18209250751537,1.32248885008657,7.29596772702191,-5.77133189296407,0.726405849902008,1.32248885008657,9.55753480378234,-1.18655534013267,0.195811206824221,1.32248885008657,7.58692747214267,2.90686354867036,0.0754105163760697,-0.453369919612817,-7.67537209682707,-7.1272979858546,2.1245245403509,7.18192317799268,-3.95827518802619,0.449859208059397,-4.23002125564959,0.576598926161247,5.45281116,0.10012666,-0.881,0.02601097,92.3533804391026,-135.151517749368,1295.24080858716,0.0688452990584387,0.0589357721471097,7.66560046172536,0.168412642174572,-1.08991738102528,-897.093394482426,-900.088988911629,-911.865038097382,-914.278036425057,2.38492522141407,-953.466602079292,2.05640375420468,1843.74203209369,1860.89650854139,NA,2455.33009942495,0.438435508917403,1.07387581151921
"43",-5.86,0.73,-5.86,0.83,1.359326,9.604077,-1.1484446,0.2002995,35,35,-4.78229613842256,0.528915760294085,-5.80958437624926,0.807198271979539,1.24385244094875,9.47002818761454,-1.26954393936183,0.228868791650958,1.24385244094875,8.57580843415699,-5.29594025733591,0.668057016136812,1.24385244094875,9.73385846850882,-1.34101302712366,0.248229080728449,1.24385244094875,8.99395018046839,2.37915675026594,0.055721478434043,-0.338822705750383,-7.58889413620978,-6.95824718052806,2.30591010975342,7.02668865495451,-3.35193860852968,0.370132592762888,-4.23581236085786,0.595716314869993,5.2224719,0.14284316,-0.879,0.02479534,93.6110263682025,-137.666809607568,1278.27037046081,0.0546279322714906,0.0418647397542362,6.98565558624497,0.155159620752899,-0.989572173694237,-893.66754317216,-896.77969904403,-906.888954515865,-909.880752044667,2.96931992162164,-972.868386576259,2.55705916993475,1836.89032947316,1850.94434137836,NA,2418.87393131406,0.386031533094936,1.01931952201501
"44",-5.86,0.73,-5.86,0.83,1.359326,9.604077,-1.1484446,0.2002995,35,35,-5.17578116431473,0.594999410338723,-6.05089011319356,0.880191050510855,1.36906175949668,6.39703095691071,-0.721633827674163,0.130937009374605,1.36906175949668,7.10334659742709,-5.61333563875414,0.737595230424789,1.36906175949668,6.58848487501265,-0.784027266789177,0.151270577280623,1.36906175949668,7.66931505474968,2.34983160565603,0.0562863600598803,-0.345492627918922,-7.58866987558976,-6.76468083131043,2.02134264058662,8.14785194026807,-3.65267238217228,0.435820785788368,-4.30260318924424,0.626514425739105,3.37878085,0.0611527,-0.787,0.03090538,59.5804103633303,-69.6055775978233,1273.10317270486,0.0240982458574027,0.0182456302308414,7.56173406009831,0.17826417173487,-1.09933534640365,-897.901756679615,-902.807871636786,-918.700067072104,-923.425952529072,4.74937788174525,-945.174730681241,4.3694902205252,1845.35875648807,1874.56656649084,NA,2476.60076781189,0.359957488028458,1.16015441561657
"45",-5.86,0.73,-5.86,0.83,1.359326,9.604077,-1.1484446,0.2002995,35,35,-6.50523488074218,0.764819899565206,-5.91995183744663,0.830637092431919,1.51989011758269,8.2938743885976,-1.02894666406461,0.192687458717073,1.51989011758269,7.74261303059256,-6.2125933590944,0.797728495998562,1.51989011758269,8.37951344878993,-1.01931624232906,0.193770434436287,1.51989011758269,8.29892459004563,3.0556446523605,0.0798780062452277,-0.474769163477556,-7.90637706162207,-6.92897221472933,2.21530742212941,8.76383579855563,-5.29674217141524,0.633505117057691,-4.22389929588119,0.593972759054456,5.6321936,0.1121711,-0.853,0.0240823,105.916326586309,-162.27741004378,1379.71767745739,0.0381406078688644,0.0306924333703483,7.4245151928541,0.156769616732316,-1.00952319136832,-931.500767647792,-934.130064934792,-949.620839671143,-953.93911441922,4.32698849994106,-969.904708307417,5.25583192255897,1912.55677842442,1936.40811168891,NA,2597.15794487099,0.477384744240536,1.11446463585386
"46",-5.86,0.73,-5.86,0.83,1.359326,9.604077,-1.1484446,0.2002995,35,35,-6.02620702335175,0.737051190970837,-5.2891882914243,0.788094482085078,1.43567744797654,5.553814681249,-0.571453073566716,0.140650185660911,1.43567744797654,9.98125131998053,-5.65769765738803,0.762572836527957,1.43567744797654,5.68961383405199,-0.562048108144111,0.141301540052855,1.43567744797654,10.6459078787487,2.76115948817738,0.0762200722084404,-0.443782765285701,-7.59278798433336,-6.55166653241017,2.02142359117074,12.6511420432225,-4.15483722405852,0.504032796626822,-3.99742669122875,0.601214602664296,3.31994356,0.09290041,-0.703,0.02134793,126.28735160345,-203.019460078063,1351.41251428431,0.101889745022614,0.0993405880585129,6.62227779811228,0.141342590179601,-0.892222411400502,-919.671126902279,-922.013021795015,-951.614161404964,-955.72774431251,4.11580107578469,-959.195185489117,4.67437376704373,1888.89749693339,1940.39475515656,NA,2499.80556849057,0.439446175005283,1.04927718862435
"47",-5.86,0.73,-5.86,0.83,1.359326,9.604077,-1.1484446,0.2002995,35,35,-5.95003690595974,0.677713232328751,-6.75618945460386,0.941080833918303,1.33730910948347,6.67551991422744,-0.753953442488186,0.167320563025296,1.33730910948347,10.6147359861584,-6.3531131802818,0.809397033123527,1.33730910948347,6.8379903971488,-0.807032058301113,0.184661186417054,1.33730910948347,11.1108420377556,3.04112825784445,0.0806124446530448,-0.476458089973872,-7.87013806965843,-7.10721459961703,1.99214971647207,12.4291337168661,-5.17620899193622,0.630301193538199,-5.13744169491157,0.706113460259916,5.3574281,0.09101783,-0.796,0.02366902,108.928357252296,-168.301471375756,1417.77416049501,0.263689881715457,0.24095915248353,6.41628122865594,0.166659976243334,-0.964661951756929,-910.026095744947,-913.007078621446,-938.15067534988,-941.078526992482,2.90451815252703,-955.047316167124,2.5890410723011,1869.60743461873,1913.46778304639,NA,2667.24684961426,0.477825739709321,1.10798331494281
"48",-5.86,0.73,-5.86,0.83,1.359326,9.604077,-1.1484446,0.2002995,35,35,-6.18756646037166,0.747287748415402,-6.77375394820955,0.947543378444573,1.18914861473967,7.88696998860147,-0.722318296340048,0.116007258697911,1.18914861473967,10.868026209226,-6.48066020429061,0.847415563429988,1.18914861473967,7.97287393132591,-0.751665132513098,0.126032838037506,1.18914861473967,11.2139820557515,2.38398531736756,0.0683469167965165,-0.381858318684821,-7.6931606610106,-7.08627692524664,1.631599070377,14.3064721524278,-4.02124394135568,0.475808299669698,-4.83827040450681,0.672878524882237,4.63481786,0.0864127,-0.816,0.02212515,122.453065315915,-195.350887502993,1352.96904855692,0.0593237496700399,0.0446071151078523,8.49118551300285,0.167460538125712,-1.13105869584015,-879.439440180097,-882.251278106774,-910.892447338516,-912.903789176272,1.98221651595625,-910.711869592446,1.75496881620608,1808.43412348903,1858.95132702366,NA,2510.58720961085,0.424682474848574,1.17593688445654
"49",-5.86,0.73,-5.86,0.83,1.359326,9.604077,-1.1484446,0.2002995,35,35,-5.79026853589197,0.616724699326621,-6.98435458655794,0.882514586877621,1.38390886447809,4.88908466140955,-0.576080785940692,0.125506167245912,1.38390886447809,7.07728724074173,-6.38731156122496,0.749619643102121,1.38390886447809,5.24554503550831,-0.655424785223874,0.143167233327005,1.38390886447809,7.28661670772936,2.44526579820696,0.0719932107588511,-0.403530894313026,-8.07372359722607,-7.68430227626269,1.99390693681151,8.39920858490652,-4.28540171227672,0.45205837780996,-5.02854632272865,0.621609693984492,3.69461802,0.08044981,-0.791,0.02033819,155.59658235265,-261.637921576463,1419.03491968329,0.164404020810195,0.138310788501433,7.70414726692963,0.172244611924207,-1.10470478345432,-897.748528928186,-900.750049579903,-921.117248161424,-922.908246456787,1.76227529502244,-942.775293228715,0.962920074776698,1845.05230098521,1879.40092866947,NA,2576.43191779012,0.420572184475085,1.09133446340024
"50",-5.86,0.73,-5.86,0.83,1.359326,9.604077,-1.1484446,0.2002995,35,35,-4.55060522972432,0.657097950790469,-6.93167653881754,0.955389344702279,1.36476188696076,9.88667964198222,-1.22674927552636,0.205933832553822,1.36476188696076,7.95516974952605,-5.74114088427093,0.806243647746374,1.36476188696076,11.304054786729,-1.40431254547457,0.228178271474285,1.36476188696076,8.33390451303403,3.10983255073065,0.0845751088191298,-0.493128017337539,-6.59352690621555,-7.19745527919043,2.15214402556685,8.02227827176631,-3.11198443147603,0.459605863052389,-4.59056111337117,0.625579150962485,4.84800776,0.12413015,-0.875,0.02810029,67.9941156052162,-86.432988081595,1254.73666324638,0.0645379083648963,0.0587260060007715,10.5433682516649,0.204044144730256,-1.43006323241045,-910.029622653317,-913.731880203704,-924.926143702368,-927.825713542598,2.87587668786573,-960.053090924775,2.23527149002218,1869.61448843547,1887.01871975136,NA,2423.04033841117,0.500198314849423,1.30098121180067
"51",-5.86,0.73,-5.86,0.83,1.359326,9.604077,-1.1484446,0.2002995,35,35,-5.34619221390597,0.674923748386639,-7.20030095771861,1.0799262125937,1.4402695039566,12.728510652007,-1.77462574235097,0.314261114453193,1.4402695039566,8.5922899362494,-6.27324658581229,0.877424980490167,1.4402695039566,13.5879404604776,-1.96235539488896,0.355267863456641,1.4402695039566,9.03508953730843,4.42280014636097,0.112715632715021,-0.688961328533767,-7.28291240109752,-6.72412126557645,2.53752196534324,7.11948669014713,-3.94843092085619,0.510064836601515,-5.58944354638706,0.838090603794523,7.83625308,0.18096224,-0.899,0.02522021,83.667104067922,-117.778965007007,1333.13538852425,0.0213971350418533,0.012215179753759,8.61321092524843,0.23188737181704,-1.36411485690409,-932.972518800284,-936.994129801316,-942.930468003266,-946.089446242499,3.13901821902047,-996.720284206679,1.80346447890365,1915.50028072941,1923.02736835316,NA,2548.4918120415,0.63817396222916,1.35434898887189
"52",-5.86,0.73,-5.86,0.83,1.359326,9.604077,-1.1484446,0.2002995,35,35,-5.70040651712185,0.725817276278274,-6.11203020906155,0.902333143345509,1.34469760344272,5.60426518214063,-0.522062020265622,0.0996870863456454,1.34469760344272,8.26445988331773,-5.9062183630917,0.814075209811891,1.34469760344272,5.64662369808215,-0.54022654848766,0.10747654917727,1.34469760344272,8.58249342783941,1.47391796489567,0.0416273625142377,-0.227639751578274,-7.33391623484375,-6.69390406777477,1.76560475651917,11.3463288613656,-4.0321781556398,0.518714010318069,-4.68927275584815,0.687463745134686,4.14594274,0.08508199,-0.806,0.02549395,92.4832347737134,-135.411226418589,1282.40676918027,0.122076610782033,0.112877283205059,5.60369273571624,0.124589471163078,-0.783750076969681,-894.432930450073,-896.818884063423,-923.674314198193,-926.036973157125,2.33432723546207,-922.528289033017,2.2361044765072,1838.42110402898,1884.51506074301,NA,2429.40231194194,0.284662010561759,0.857845737516976
"53",-5.86,0.73,-5.86,0.83,1.359326,9.604077,-1.1484446,0.2002995,35,35,-5.78283245722188,0.72533721528683,-5.97058236148985,0.909559264772456,1.17350173445024,13.3401833234439,-1.50591158353771,0.214500071728174,1.17350173445024,10.6026976719167,-5.87670740935586,0.817448240029643,1.17350173445024,13.348995830082,-1.51455850157645,0.222984512607345,1.17350173445024,11.2841523891836,3.25631889298581,0.0856889249855241,-0.514294573776334,-7.4192022541055,-6.50940485864341,1.93299970868458,10.5077225135776,-4.23204704279005,0.545468215010911,-4.35527742123252,0.657660701639819,7.16992445,0.11770207,-0.886,0.02454006,92.7518697851189,-135.9484964414,1282.86150717552,0.077122903430616,0.06804264318315,7.85829995235573,0.163737020825368,-1.08015049763896,-885.98933233999,-890.081566880018,-906.064607809225,-910.059674339548,3.99380575832031,-942.258420054786,4.42807705942226,1821.53390780882,1849.29564796508,NA,2429.77451790964,0.486012818489685,1.10054068887281
"54",-5.86,0.73,-5.86,0.83,1.359326,9.604077,-1.1484446,0.2002995,35,35,-4.52852376878331,0.529938285481169,-6.03705456586594,0.881719143330305,1.43563601902145,12.5159994302413,-1.46400937989723,0.225178192857912,1.43563601902145,8.8647956981584,-5.28278916732463,0.705828714405737,1.43563601902145,13.084915721678,-1.59667744436962,0.25611563584518,1.43563601902145,9.26658017045421,3.23154551563715,0.0828838242329471,-0.504884899392064,-7.32902982610453,-6.74174130238882,2.45098515444705,8.3372175488328,-3.00735999872545,0.352475850940163,-3.93858256747843,0.565781747767857,5.44371437,0.08970011,-0.87,0.0294857,59.5917207117102,-69.628198294583,1281.70725466277,0.0268993928862799,0.0229079990308192,10.0055754720498,0.237499831536942,-1.47883799724098,-926.876668228081,-931.532651013499,-944.101903947984,-946.896412225807,2.76958032909041,-993.110233460774,1.79346056469562,1903.308579585,1925.3702402426,NA,2493.78631103095,0.468998791136935,1.46891558433451
"55",-5.86,0.73,-5.86,0.83,1.359326,9.604077,-1.1484446,0.2002995,35,35,-6.17955744138845,0.753180910789596,-6.15032676517354,0.870976158999344,1.27511424584918,7.62937058594549,-0.786101756066724,0.149271730243868,1.27511424584918,10.8149231299749,-6.16494210328099,0.81207853489447,1.27511424584918,7.62958419405348,-0.785240947376707,0.152740660369067,1.27511424584918,11.2058170371216,3.28689949604096,0.0877344979597716,-0.520833073019829,-7.65004170557447,-6.91901742238024,1.83236010699787,13.2994289821483,-4.49239221719104,0.547215337392279,-3.88448730998833,0.559661404556673,3.6637497,0.10702521,-0.759,0.02117829,128.191439751012,-206.827636373186,1361.21241234437,0.133762696582287,0.111883851270277,9.21991674480549,0.170492687393771,-1.2005920971969,-899.555179410021,-901.149887500934,-927.679085483855,-929.957532280028,2.24976374315457,-936.760746363782,2.42706297672408,1848.66560194888,1892.52460331434,NA,2515.59718831555,0.503793078866696,1.20135986938358
"56",-5.86,0.73,-5.86,0.83,1.359326,9.604077,-1.1484446,0.2002995,35,35,-4.90408926238017,0.608814041133766,-5.08723463122014,0.788605631476809,1.29528641555012,8.2256868292748,-1.05311976610218,0.180465532584088,1.29528641555012,6.86655080966571,-4.99566194680016,0.698709836305287,1.29528641555012,8.23407238580667,-1.0613517653841,0.188546786573608,1.29528641555012,7.4547027179371,2.67427687690405,0.0768913976157264,-0.44002210238046,-7.23467397818777,-6.3466675764001,2.12297629772197,6.4777323474668,-3.2447284401422,0.397926512603469,-3.43233866781319,0.536472646803744,3.56571099,0.07766538,-0.837,0.03071845,55.7522569239402,-61.949270719043,1187.32871190667,0.0198919550816663,0.0179803053413172,7.45000456966275,0.175631762273945,-1.0896424765149,-889.966969126743,-893.803953407869,-903.052561013652,-908.099779802717,5.08409984631546,-950.138076151259,5.9110426516846,1829.48918138232,1843.27155437393,NA,2312.70815309429,0.435614521882589,1.11815843444152
"57",-5.86,0.73,-5.86,0.83,1.359326,9.604077,-1.1484446,0.2002995,35,35,-6.4700854711891,0.759182122906865,-6.01839274343173,0.877453270477062,1.26954494466462,11.8060547862173,-1.64601951464066,0.273907834246266,1.26954494466462,7.19798633126712,-6.24423910731041,0.818317696691963,1.26954494466462,11.8570613662945,-1.63266396032542,0.277404850333159,1.26954494466462,8.14401967648802,3.21684789691716,0.0788303527646785,-0.490872078440609,-7.90481606651297,-6.74849444653511,2.18936311307306,5.70332359901243,-4.45834204400774,0.520703493261376,-4.32745168841169,0.630174791401328,6.30105938,0.14344768,-0.913,0.02478666,98.2285591708827,-146.901875212928,1297.84380643195,0.00624922776895325,0.00684215997990259,8.47402066001818,0.18172203937431,-1.17469019424291,-894.568470703702,-900.091917046549,-901.023418721794,-908.668225372509,7.847081572906,-953.85562044198,10.8416721731439,1838.69218453624,1839.21326979022,NA,2448.78573765097,0.452979591132351,1.23102212722313
"58",-5.86,0.73,-5.86,0.83,1.359326,9.604077,-1.1484446,0.2002995,35,35,-6.73609820010932,0.909201762856782,-5.53014080516047,0.778931590177242,1.38829607566007,10.7388952218221,-1.2908046233229,0.221788829238885,1.38829607566007,9.56490757606479,-6.1331195026349,0.844066676517012,1.38829607566007,11.10247853143,-1.33007969284394,0.226031408711375,1.38829607566007,9.7085246942177,3.75951540754663,0.094432475704749,-0.575091804797983,-7.27705060116576,-6.84720918505339,2.13012431943126,10.2683137763504,-4.2484209872262,0.579523026185355,-4.1170663626146,0.592654988171016,5.3527299,0.1336624,-0.858,0.0249668,87.953108392943,-126.350973657049,1315.83379973676,0.79155071288998,0.767389224169494,9.33641267382488,0.175416346703102,-1.23088431285981,-922.475055117003,-923.457802734749,-940.686436304838,-941.631591828001,0.924377611832895,-965.313879908219,0.916008693847909,1894.50535336284,1918.5393049563,NA,2505.31662581646,0.560618831385473,1.20308518966469
"59",-5.86,0.73,-5.86,0.83,1.359326,9.604077,-1.1484446,0.2002995,35,35,-5.54907380950014,0.640711374631289,-5.86832667850916,0.783365292022825,1.51350444289022,10.767323446243,-1.25456273261661,0.201265869526939,1.51350444289022,8.0328963041306,-5.70870024400465,0.712038333327057,1.51350444289022,10.7928040448356,-1.26594840071727,0.206353404563727,1.51350444289022,8.22556820392005,3.09914642370128,0.0855622016638342,-0.498586272958069,-7.68962246639651,-7.15898021011429,2.37068643951624,8.38580521568341,-3.70558678460174,0.419310292709064,-4.19120571452564,0.554992102710596,5.55570159,0.11458883,-0.864,0.02767036,76.085554153773,-102.615865178709,1352.91949814217,0.233091612588152,0.197467416535847,8.80512660926284,0.177388559563384,-1.19829873430046,-933.236950604809,-934.688998964843,-950.875802681169,-952.353203327566,1.45044166838176,-985.130817311817,1.50593064357986,1916.02914433846,1938.91803770897,NA,2603.22313110563,0.491604393336897,1.18220179296637
"60",-5.86,0.73,-5.86,0.83,1.359326,9.604077,-1.1484446,0.2002995,35,35,-6.45510841624656,0.780247210540695,-5.19195138025215,0.781935389038509,1.44803981300477,8.79984380604773,-1.16709818075315,0.205406322719974,1.44803981300477,6.54019650595953,-5.82352989824935,0.781091299789602,1.44803981300477,9.19873523044328,-1.16656507211627,0.205407035206634,1.44803981300477,7.51976052258536,3.13266863768175,0.0943564324346463,-0.524560517124594,-7.76433867045686,-6.49112390382211,2.19870268600227,6.6122178427721,-4.94182590196794,0.600991469607087,-3.49094867754826,0.533966106832967,4.91352155,0.12810633,-0.883,0.02522288,94.7093530403289,-139.86346295182,1283.16409303222,0.000787950893783745,0.000475416205576419,8.14900563009099,0.149717909301999,-1.03777508472883,-915.542791055461,-921.044144977289,-927.398901558664,-935.948700808951,8.83403411010707,-959.348828198908,11.5258398277599,1880.64082523976,1891.96423546396,NA,2426.46472311263,0.543715372540705,1.13513121675978
"61",-5.86,0.73,-5.86,0.83,1.359326,9.604077,-1.1484446,0.2002995,35,35,-4.73407341035762,0.569280936944674,-5.74680311893498,0.795949387411512,1.28470590048649,10.4806418968684,-1.1432136329751,0.175514290350179,1.28470590048649,9.62873043783764,-5.2404382646463,0.682615162178093,1.28470590048649,10.7370472625272,-1.20060210142134,0.188358936959438,1.28470590048649,9.79528327864441,2.55076626345729,0.0609929635475216,-0.372901742336653,-7.30018613094984,-6.96248386659833,2.14134487860241,9.69625502985873,-3.47381396695934,0.423346252000461,-3.88278694028344,0.550603165140461,5.30757083,0.11759863,-0.871,0.02703108,73.848596838735,-98.1419505486327,1264.78567163493,0.225240272589489,0.202896134720088,7.74408122255981,0.140208723247627,-0.990077808282478,-900.203481514922,-902.438232318409,-922.108940124944,-923.197338768754,1.06556406158746,-964.777509674201,0.592511165001846,1849.96220615868,1881.38431259652,NA,2431.42939272122,0.397151980344887,1.03116097561061
"62",-5.86,0.73,-5.86,0.83,1.359326,9.604077,-1.1484446,0.2002995,35,35,-5.33030260523815,0.617642156889021,-5.81499219489255,0.800203453777308,1.26505383271331,9.6592832139185,-1.2088782211785,0.236819987313172,1.26505383271331,11.7923191088217,-5.57264740006535,0.708922805333164,1.26505383271331,9.71801421349834,-1.23099961119739,0.245152144093555,1.26505383271331,12.1023366559133,2.7013688782603,0.0755025908876555,-0.435498584375515,-7.60829169182579,-7.00532831597244,2.24255009158513,10.9909982621314,-3.389619905089,0.373808953501203,-3.97313970135369,0.546824657485423,5.30972111,0.14009179,-0.837,0.02332196,103.339302315771,-157.123361502705,1363.47196425974,0.162120816851437,0.13996900115601,8.4735395596899,0.17930040539978,-1.16269448660944,-909.91814525984,-911.384726565311,-931.30212156424,-932.978318029744,1.64795710792501,-980.090693852679,1.60890846374088,1869.39153364852,1899.77067547511,NA,2569.82056701677,0.439712509955685,1.2379651139181
"63",-5.86,0.73,-5.86,0.83,1.359326,9.604077,-1.1484446,0.2002995,35,35,-7.1443964570579,0.910563194148436,-5.54893011165879,0.851776628442477,1.39204885456385,6.3811871712258,-0.766407604953899,0.176420810626991,1.39204885456385,9.95443641730656,-6.34666328435835,0.881169911295457,1.39204885456385,7.0175653860511,-0.789855601740262,0.177284775703867,1.39204885456385,10.9346146333299,2.3001790011078,0.0567293488513289,-0.341747823301277,-7.67723780277599,-6.43200660366438,1.95922212775991,12.2550292759286,-5.45035649914992,0.700013807994504,-4.43261982688573,0.670468002669762,5.12832083,0.1028173,-0.778,0.02349442,105.347484527656,-161.139725926475,1380.75037871825,0.0734203635432799,0.0733815656693231,6.91023932431161,0.153674957690489,-0.953016881889108,-916.885389321633,-921.164860426297,-943.882279325223,-949.881170405699,6.08448633507859,-950.507220579076,7.10530262136585,1883.3260217721,1924.93099099707,NA,2600.36103151003,0.364770099726061,1.10960026337688
"64",-5.86,0.73,-5.86,0.83,1.359326,9.604077,-1.1484446,0.2002995,35,35,-5.18359892960419,0.623341467740766,-6.54066651816009,0.907439943850972,1.38793766510948,5.10407982802076,-0.534114973500731,0.114605455334573,1.38793766510948,7.81435682259468,-5.86213272388214,0.765390705795869,1.38793766510948,5.56448793799799,-0.630500181972552,0.134783441366609,1.38793766510948,8.01456399042377,2.25305242652423,0.0624115462293592,-0.356789321655247,-7.42763299694674,-7.09211538094758,1.95042787959659,9.78841298815757,-3.90885110362663,0.491011930546905,-5.05822658197424,0.707348524362245,4.47177924,0.08336817,-0.81,0.02505198,96.4680780288134,-143.380912928789,1301.1698262222,0.0828033759370908,0.0620552723200827,5.60377681406126,0.133029047118369,-0.815128860526751,-901.008513716865,-904.53150942346,-927.942253762559,-929.514428658363,1.54453554427022,-942.198374920848,0.636634480521251,1851.57227056257,1893.05093987175,NA,2458.95873951561,0.382271351976604,0.872723519807336
"65",-5.86,0.73,-5.86,0.83,1.359326,9.604077,-1.1484446,0.2002995,35,35,-4.80110819985337,0.582169002714039,-5.99553601335603,0.826694118351251,1.34562217161994,5.52117002724619,-0.543920438821113,0.104890676390694,1.34562217161994,7.87998745834327,-5.3983221066047,0.704431560532645,1.34562217161994,5.87783447766338,-0.616937338625374,0.119838809435042,1.34562217161994,8.02350870694028,2.95571397491215,0.0758082201994031,-0.457726752683519,-7.29043715963408,-7.02804760988868,1.95959673245051,9.5571305816424,-3.33999639228848,0.39901701230277,-4.42995873980328,0.611705950931723,1.94017637,0.03339288,-0.54,0.02638856,96.8356620560556,-144.116080983274,1258.20906650991,0.0296833330913574,0.0182521738322126,8.0532156934855,0.184219068463365,-1.17823565456109,-893.655716559091,-896.503847925035,-920.875730766514,-921.998048164303,1.09903814058061,-942.58891664913,0.39602940197028,1836.86667624702,1878.91789387966,NA,2372.30205203655,0.444383472888951,1.11783983646439
"66",-5.86,0.73,-5.86,0.83,1.359326,9.604077,-1.1484446,0.2002995,35,35,-5.22990221760913,0.656010979687537,-5.97331914971949,0.824128929819449,1.17155057839668,7.85540784353097,-0.949571225610421,0.169766096736801,1.17155057839668,8.95587611446641,-5.60161068366431,0.740069954753493,1.17155057839668,7.99357502726806,-0.980816658290358,0.17683200802594,1.17155057839668,9.05927828587,2.91227851969111,0.0697900466240397,-0.435623474931394,-7.27929978665632,-7.02111347573127,1.8957448693068,9.0951158721929,-3.93740919946553,0.506394868720214,-4.29977892648075,0.594708092313961,4.52330276,0.11276217,-0.86,0.02428569,101.02238902657,-152.489534924303,1251.47075988787,0.605478515065285,0.559241160310429,6.62416355676243,0.130661647879962,-0.891943188776426,-876.230456413893,-877.407395185165,-894.941684408882,-895.664958009362,0.70625101945845,-932.906590699193,0.414497760401793,1802.01615595662,1827.04980116439,NA,2350.45198485144,0.418372915001322,0.881342161975715
"67",-5.86,0.73,-5.86,0.83,1.359326,9.604077,-1.1484446,0.2002995,35,35,-6.9015795329389,0.937427352297252,-5.53426259488049,0.825553350929287,1.27606019801333,6.80669084055597,-0.843995893631316,0.152676659180346,1.27606019801333,7.0135585724475,-6.2179210639097,0.881490351613269,1.27606019801333,7.27407974283134,-0.882237697881014,0.155805607225866,1.27606019801333,7.37212035630316,2.73053558835803,0.0787771644386316,-0.451906885660911,-7.27437117603953,-6.57357058851704,1.77936093763862,8.25109267920837,-5.20002532712394,0.703731720226287,-4.15957891325654,0.616002380410362,3.83196879,0.07725226,-0.816,0.02665041,88.3456539731914,-127.136064817545,1249.42356547711,0.167503570673366,0.129573566337396,7.68006978745237,0.159553524823288,-1.07466450909014,-884.126508986834,-886.547173368716,-900.684779704914,-903.748837336899,3.04261846740802,-914.328137421376,3.55041231935326,1817.8082611025,1838.53599175646,NA,2371.71106613668,0.439056528140016,0.995909745972224
"68",-5.86,0.73,-5.86,0.83,1.359326,9.604077,-1.1484446,0.2002995,35,35,-5.41074699979401,0.663686745973967,-6.32159151840064,0.885970404421885,1.34495042283545,12.5759636030257,-1.6309109611839,0.266382869376364,1.34495042283545,8.52165772627733,-5.86616925909732,0.774828575197926,1.34495042283545,12.7833730372947,-1.68152742415218,0.278735375579612,1.34495042283545,8.71452166072051,3.68120226948969,0.0997152390838871,-0.593507433788349,-7.41441433956325,-7.00095034143792,2.32114129753457,7.41451702874308,-3.43349414676957,0.412178058412643,-4.88638211392986,0.687820871525641,9.12523604,0.21181776,-0.919,0.02369763,91.9268368369069,-134.298430544976,1305.35912093709,0.0865730151490281,0.0768427120574803,7.70188748326809,0.158649333407043,-1.06704860799327,-914.273441183799,-916.102660874068,-925.637211036308,-927.040912627466,1.37735969083862,-976.132882197635,1.04157749793481,1878.10212549644,1888.44085441924,NA,2476.4198113292,0.548632930029461,1.01770166656288
"69",-5.86,0.73,-5.86,0.83,1.359326,9.604077,-1.1484446,0.2002995,35,35,-6.13291076487592,0.714219267855592,-4.89157395291979,0.631517160547738,1.40095641990304,11.2645977192294,-1.49314370806429,0.256626821091246,1.40095641990304,8.07888314874773,-5.51224235889786,0.672868214201665,1.40095641990304,11.6498269894087,-1.51880900062119,0.258336730729536,1.40095641990304,8.43976312401588,3.30668853693247,0.0842907107928643,-0.512141306892464,-7.83551841556569,-7.0868993581409,2.48356898237121,6.84139929988548,-4.77697007985574,0.55959633887002,-3.39187512731072,0.443924277758669,5.22757513,0.11326762,-0.87,0.02576238,92.6573448262898,-135.759446523742,1334.27413277471,0.0523004753378953,0.0383965110257712,8.75969995676257,0.172805803677697,-1.17630246173992,-920.651496290127,-922.582527876874,-932.299478446962,-935.02805767369,2.70295783260735,-990.235161495639,3.42451380969586,1890.85823570909,1901.76538924055,NA,2532.78881902567,0.488668839159626,1.17792067964637
"70",-5.86,0.73,-5.86,0.83,1.359326,9.604077,-1.1484446,0.2002995,35,35,-5.37506100650665,0.698070601507999,-5.05867288916099,0.737505743971566,1.33651728877046,10.2693321101558,-1.1748566046884,0.211792567597635,1.33651728877046,11.3281426440923,-5.21686694783382,0.717788172739783,1.33651728877046,10.2943574703552,-1.17173740206807,0.212181350212915,1.33651728877046,11.529732033414,2.7278475460596,0.0766121947719187,-0.437445007163649,-7.17387823250799,-6.62254574098885,2.20125409310625,11.6525720099624,-3.50067661931212,0.457901827444629,-3.43132534379078,0.499261177899299,5.25150473,0.12894271,-0.817,0.02838586,56.3803886782036,-63.2055342275699,1313.16941104529,0.632317964746627,0.634117252344099,8.0565030879702,0.157604227101399,-1.07557432033583,-919.287511591788,-919.972265154134,-942.178270208953,-943.313650188055,1.11193379810906,-977.416673177976,1.29874874810953,1888.13026631241,1921.52297276453,NA,2563.13328786301,0.458711018422266,1.08617339614086
"71",-5.86,0.73,-5.86,0.83,1.359326,9.604077,-1.1484446,0.2002995,35,35,-5.13387787297008,0.658813361357193,-5.62604235126707,0.86459062518379,1.41914178430607,10.8545367227998,-1.2067008009743,0.190375595337235,1.41914178430607,9.16708234174262,-5.37996011211857,0.761701993270492,1.41914178430607,10.9150931912241,-1.23201986589845,0.200961665914225,1.41914178430607,9.5653969044372,3.63410843782915,0.0877851436535422,-0.547216354216605,-7.16657957720124,-6.43277636656344,2.18290069350763,10.0189116349502,-3.31168088617129,0.411780978082711,-4.21370211116569,0.656444443502414,6.21943152,0.13798671,-0.866,0.02823547,59.4285662511309,-69.3018893734243,1279.39895287922,0.0227740093564278,0.0153095562044478,7.97692138636565,0.17143956924056,-1.11120516431855,-922.579519195478,-925.426116727239,-943.383567238386,-946.073592901152,2.6640278255668,-970.52671103122,2.66399556490084,1894.71428151979,1923.9335668234,NA,2489.49601638501,0.51939034478317,1.14420471365017
"72",-5.86,0.73,-5.86,0.83,1.359326,9.604077,-1.1484446,0.2002995,35,35,-6.03733907606206,0.779060054008894,-4.56899988803773,0.656504649089153,1.15802724522282,8.11296329263589,-1.01351807161416,0.164406795185451,1.15802724522282,6.91988816302173,-5.30316948204989,0.717782351549024,1.15802724522282,8.65196828540788,-1.05850629755112,0.168161752004211,1.15802724522282,7.36045086017986,3.75880915435764,0.0879978023329949,-0.558125338688605,-7.35364210168856,-6.61545630253683,1.89233470669452,6.53663680629429,-4.46764111419959,0.581303560857053,-3.79480280605612,0.54202840268084,4.95379629,0.0920903,-0.872,0.02243097,118.13759482092,-186.719946513002,1182.75340002135,0.298892234453126,0.290938710947369,5.41255677797524,0.11008854748736,-0.745924190488128,-863.106752725587,-865.804607366951,-876.082164354585,-879.871633351877,3.7826624303395,-922.235826027555,4.54676797250087,1775.76874858001,1789.3307610558,NA,2178.78685352971,0.522636476705485,0.707919268482776
"73",-5.86,0.73,-5.86,0.83,1.359326,9.604077,-1.1484446,0.2002995,35,35,-6.2284608583153,0.739261213083903,-5.13891893724512,0.8094653926701,1.30392160307893,6.27707659392829,-0.678520919285374,0.127955113818452,1.30392160307893,8.21070519265516,-5.68368989778021,0.774363302877001,1.30392160307893,6.57385199337062,-0.659398320112,0.129187270526294,1.30392160307893,9.74471790028208,2.14065434317341,0.0593944996669656,-0.343761433301319,-7.78187507943427,-6.27407482311196,1.83759236255868,10.1239089964495,-4.5605536875825,0.551504971976522,-3.92100612874227,0.62708014176029,4.92747083,0.11670159,-0.849,0.02454229,98.4847362835847,-147.414229438332,1296.12809236629,0.00157768466642673,0.0013831957001228,5.24642538713062,0.0935588162769548,-0.605821432712415,-891.541015407912,-897.792119856293,-915.722733987198,-926.506084202534,11.3251767304215,-928.6700406771,13.235123024269,1832.63727394466,1868.61190032102,NA,2444.84195529424,0.34661196961981,0.922500592547704
"74",-5.86,0.73,-5.86,0.83,1.359326,9.604077,-1.1484446,0.2002995,35,35,-6.34754955112601,0.726594310593595,-6.48599775375064,0.981737978690654,1.43565181934375,7.09730841947747,-0.836640586226807,0.156350882745967,1.43565181934375,7.49676749596874,-6.41677365243832,0.854166144642125,1.43565181934375,7.10210039567996,-0.845471631791579,0.172625455588473,1.43565181934375,8.76097908852408,2.70468568551964,0.074032466821031,-0.432446878519673,-7.97642989947025,-6.59479815105189,2.01019637016792,9.03949162094144,-5.16223233526411,0.614889016435385,-4.41575543539348,0.668363918447476,4.78638647,0.0957255,-0.836,0.02579204,95.221466167542,-140.887689206247,1364.62875191026,0.00234171131333902,0.00259148899560858,7.35480565628344,0.172898059344452,-1.0281924324013,-913.622463991446,-920.366618560983,-933.654536049637,-943.36402011831,10.1175403863351,-947.075249392375,11.2559294911709,1876.80017111173,1904.4755044459,NA,2588.36981461427,0.429054849109128,1.27660124418374
"75",-5.86,0.73,-5.86,0.83,1.359326,9.604077,-1.1484446,0.2002995,35,35,-5.32141972674995,0.749355261602285,-6.39280254535077,0.793974012704051,1.44510905821783,6.85342882717879,-0.899595585197335,0.167747228569806,1.44510905821783,6.09004215098865,-5.85711113605036,0.771664637153168,1.44510905821783,7.14039411317705,-0.9115465260268,0.168244936807276,1.44510905821783,6.48601892768099,2.28936421122085,0.0584226898910112,-0.350115344222296,-6.81469621883145,-7.62025206435383,2.09814595462624,6.6563991901396,-4.28693028967314,0.605849706141455,-4.66271239811133,0.583198255778605,4.20970439,0.09557456,-0.864,0.02928964,71.6378819187196,-93.7205207086018,1276.20407080263,0.166316237985147,0.150975934408881,6.31459168988273,0.128405730056105,-0.851037077580962,-908.352153319231,-910.954076966971,-922.593545191638,-926.397754847793,3.79778007544348,-948.082092669966,4.80704296299846,1866.2595497673,1882.3535227299,NA,2458.68762089665,0.356299913326492,0.898346577582248
"76",-5.86,0.73,-5.86,0.83,1.359326,9.604077,-1.1484446,0.2002995,35,35,-5.61631557464837,0.685949488277977,-5.7360345806466,0.813009199950927,1.36468224114316,7.8625064320819,-0.914089726523022,0.177902148186612,1.36468224114316,9.5845852683418,-5.67617507764748,0.749479344114452,1.36468224114316,7.8660895921812,-0.917892592119,0.181938190769215,1.36468224114316,9.87126566390504,3.03778160807632,0.0732721947644194,-0.456413865419241,-7.48734725669599,-6.85007737976461,2.08977483746567,10.6574980025932,-3.96372311362989,0.478586075454483,-3.62208644255618,0.495305446168372,4.2944688,0.1220758,-0.848,0.0262461,83.9351769682352,-118.315110807633,1320.40732381662,0.332444450022712,0.31523515836527,8.41395080325043,0.17199224634232,-1.13790220613778,-913.453652419725,-914.802946304982,-936.613586598125,-938.484295160263,1.84176010718223,-961.816916604118,1.98375893885787,1876.46254796829,1910.39360554288,NA,2522.4995368256,0.436277007871728,1.19633154826845
"77",-5.86,0.73,-5.86,0.83,1.359326,9.604077,-1.1484446,0.2002995,35,35,-5.66752061594385,0.746248100893031,-5.59963428779021,0.730126952952361,1.30034068646579,7.65562283895948,-0.799455321670746,0.134310917715935,1.30034068646579,8.71590627843849,-5.63357745186703,0.738187526922696,1.30034068646579,7.65677497734705,-0.799728923055576,0.134375890568666,1.30034068646579,8.71688403102296,2.24934438309889,0.0537448295034324,-0.334474997641414,-7.17930876749168,-7.20746806710212,1.90163910156265,10.3479425958154,-4.13233335666317,0.53474804366165,-3.7965324062416,0.499504995156565,4.63924568,0.09808968,-0.824,0.02340155,105.641149805182,-161.727056481526,1279.35630012546,0.875181348361751,0.85317242978214,6.40775351882496,0.124101931176154,-0.861515788158073,-894.43145311149,-894.444654107251,-918.78682949776,-918.793873538259,0.00684312650185094,-937.76162614456,0.00437265718061881,1838.41814935182,1874.74009134215,NA,2396.98554376939,0.328159580290119,0.82105697843507
"78",-5.86,0.73,-5.86,0.83,1.359326,9.604077,-1.1484446,0.2002995,35,35,-6.0772430148333,0.718119810831953,-4.92162779407227,0.691210516030696,1.21761091796365,8.6209339869358,-1.0641355074,0.174544645292693,1.21761091796365,7.4160948607693,-5.49943540445278,0.704665163431325,1.21761091796365,8.95479562154944,-1.07190970506307,0.174725672829368,1.21761091796365,8.12929286899757,3.48201034202562,0.0855471694774495,-0.530083461472452,-7.75661223981268,-6.76131563416435,1.99381745760209,7.11216591151522,-3.94640085347368,0.460395197489077,-3.46629038558871,0.485092957138052,3.55495466,0.09427912,-0.863,0.02639319,91.3127679836108,-133.070292838384,1241.31703617022,0.0507242848865763,0.0456099441814247,8.90019155946982,0.155839812077498,-1.12955492588159,-878.339724846483,-881.912173994309,-892.628311533488,-898.322273431372,5.76246648378309,-937.610177514371,7.28835954169302,1806.2346928218,1822.4230554136,NA,2349.56377950206,0.498545132895653,1.13256703142161
"79",-5.86,0.73,-5.86,0.83,1.359326,9.604077,-1.1484446,0.2002995,35,35,-5.57224444634987,0.736631421011195,-5.62184835593112,0.852292438734307,1.34838394541165,11.6692618701934,-1.6376894076543,0.291836877677327,1.34838394541165,8.44976274216985,-5.59704640114049,0.794461929872751,1.34838394541165,11.6698770071548,-1.6391237173206,0.295181245432514,1.34838394541165,8.73717481522841,3.00875870892628,0.0740262195140615,-0.454329479488236,-7.14132628812723,-6.50185178369411,2.34824963295167,7.06847710620865,-4.19665772560519,0.57484234233945,-4.14989245549933,0.64325891818992,6.86550204,0.18142536,-0.907,0.02854608,57.3769563302992,-65.198669531761,1262.65165505588,0.263722268104271,0.23679333722562,6.48158234565943,0.143313120530185,-0.914380015212641,-915.89702763308,-917.389336995892,-925.731321175658,-927.828617845585,2.06820229261063,-977.507849987526,2.56837004021381,1881.349298395,1888.62907469794,NA,2460.10464058001,0.446555420768615,0.94981792219758
"80",-5.86,0.73,-5.86,0.83,1.359326,9.604077,-1.1484446,0.2002995,35,35,-5.93263560851405,0.80792244200414,-5.97713573907087,0.896260497138232,1.11789077966199,6.00509347313669,-0.627060321026833,0.138034129141855,1.11789077966199,11.8455454232185,-5.95488567379246,0.852091469571186,1.11789077966199,6.00558853854158,-0.628043084773482,0.139985032138074,1.11789077966199,12.0427503006597,2.72027446340353,0.0746673591172941,-0.435651319637912,-7.07698399517962,-6.59518885246953,1.59752091153668,14.7417673596736,-4.50109455657158,0.619549454819274,-4.35500107170379,0.652209132980845,4.36870687,0.1052782,-0.791,0.02038618,129.207515964986,-208.859788801135,1277.92271073053,0.57491650718158,0.583061937520065,5.73719693193392,0.128411375598614,-0.808677344590578,-870.308747719966,-871.043921512208,-901.29337863104,-902.359853503277,1.0439363393446,-906.521978865631,1.09842840301549,1790.17273856877,1839.75318960871,NA,2346.98563265992,0.432129972697658,0.868083594867575
"81",-5.86,0.73,-5.86,0.83,1.359326,9.604077,-1.1484446,0.2002995,35,35,-6.02869966709038,0.745998252281417,-5.69663663862585,0.789620084146178,1.52583502621672,10.2726444458032,-1.40117138037952,0.273466116165493,1.52583502621672,9.12524719215263,-5.86266815285811,0.767809168213797,1.52583502621672,10.3002109095215,-1.39755008098047,0.273941832219303,1.52583502621672,9.32896107059875,2.84866215585874,0.0751318767511895,-0.444330150140099,-7.54197635201294,-6.95002573731143,2.49733475813916,8.81488848898057,-4.2530130373054,0.536682372933106,-3.54173138443939,0.496177721915711,4.33224013,0.11816512,-0.854,0.02976196,57.9910309423325,-66.4268187558276,1353.78617082885,0.243855282830871,0.216706132891776,10.3853270673159,0.215693049823875,-1.41668848507562,-944.62013477619,-945.485615712603,-960.854868644549,-962.249246058426,1.36811906627549,-999.44629387242,1.701201596596,1938.79551268122,1958.87616963573,NA,2641.14552290187,0.449066982650121,1.48442666546756
"82",-5.86,0.73,-5.86,0.83,1.359326,9.604077,-1.1484446,0.2002995,35,35,-4.8459190571225,0.619903923832649,-5.55103507124635,0.786506591507694,1.4898504620632,7.26048272192581,-0.833691653527608,0.131096488044047,1.4898504620632,5.43339806860907,-5.19847706418442,0.703205257670171,1.4898504620632,7.38477987026928,-0.863060205770965,0.138035600263157,1.4898504620632,5.52333320672204,1.96066599801055,0.0559471458555564,-0.316997276605231,-7.11043312153702,-6.82297355339412,2.15989835968382,6.10633316931996,-3.23957522996648,0.412137235712349,-3.97614649391272,0.558319227109118,3.81968623,0.06966626,-0.867,0.03314773,45.9283071747079,-42.3013712205785,1194.76997700198,0.210583382525343,0.166313231486917,7.08610730280613,0.15627252360619,-1.01779711222293,-907.34294351129,-908.871833118638,-923.260641850119,-924.232424106367,0.950600184608867,-952.579390042305,0.640651163905131,1864.24113015142,1883.68771604687,NA,2347.23858278339,0.333903063883489,0.96306524027625
"83",-5.86,0.73,-5.86,0.83,1.359326,9.604077,-1.1484446,0.2002995,35,35,-5.63646171177774,0.760444430712164,-6.49477617492967,0.923456767620444,1.43790504904,9.02000570893648,-1.14830833947071,0.208195702487166,1.43790504904,7.92539930980516,-6.0656189433537,0.841950599166304,1.43790504904,9.20418163835042,-1.18328730108086,0.214838957983241,1.43790504904,7.97422265096247,3.52678607666993,0.079352156893844,-0.512522128049722,-7.0636718038448,-6.95080094636913,2.14853655850488,8.55454514779657,-3.56530117890153,0.475502758410941,-4.52122771409837,0.645448400184865,4.00525071,0.09754776,-0.855,0.02926358,65.3096397576479,-81.0640363864585,1276.32289118219,0.256463163461937,0.229690671927456,9.88914322996526,0.213051777599225,-1.39349423022767,-921.54226449274,-922.348452981716,-937.48382665321,-937.865694199258,0.371970719007513,-961.648275603848,0.0738512491223652,1892.63977211432,1912.13408565305,NA,2471.58174597793,0.481691722351316,1.36623611612697
"84",-5.86,0.73,-5.86,0.83,1.359326,9.604077,-1.1484446,0.2002995,35,35,-5.94751374002074,0.748060421734337,-6.17932001582148,0.804663546150327,1.31482630088201,8.94096365753401,-1.11921349532294,0.200440286969174,1.31482630088201,8.5945137586993,-6.06341687792111,0.776361983942332,1.31482630088201,8.95439719490916,-1.12249373519033,0.201241265392587,1.31482630088201,8.60732509672177,3.05107980327168,0.0773859378730788,-0.47345547364699,-7.44850455297001,-7.3430840606802,2.05934696437481,8.88261742905121,-3.87764383741407,0.500700315990392,-4.27693230497116,0.5533432449093,3.14796787,0.07541648,-0.8,0.02901899,72.6871531465946,-95.8190631643518,1316.75044650893,0.827958375551086,0.798295894232211,10.2590933872052,0.203743345789828,-1.39584691653514,-903.8609464866,-903.987413295242,-920.620901634152,-920.714308708484,0.0907988677110577,-952.442376837726,0.0649823680903999,1857.27713610204,1878.40823561493,NA,2537.68182985351,0.441286610621411,1.33200486641012
"85",-5.86,0.73,-5.86,0.83,1.359326,9.604077,-1.1484446,0.2002995,35,35,-5.57805392245828,0.714917498575729,-5.56375431682578,0.8110284143739,1.33709870502029,11.6412872041316,-1.47160356454895,0.263411462511292,1.33709870502029,10.7980576055891,-5.57090411964203,0.762972956474815,1.33709870502029,11.6413383238119,-1.47125997750073,0.265720789545183,1.33709870502029,11.0388235651594,3.14557388237205,0.080556069645719,-0.489175125126425,-7.27650169519849,-6.68959812384421,2.2909620185728,10.1437831476518,-3.85760174452641,0.492654054034567,-4.3626348250089,0.648738874205181,7.34212392,0.20169619,-0.876,0.02229062,102.253300448707,-154.951357768577,1323.10684062246,0.271098188792445,0.223102931157436,6.8874553423951,0.133331123538251,-0.912819252757532,-922.070967111998,-923.051762308345,-939.208344525231,-940.622471669426,1.38769327952958,-982.758840546805,1.60557251235786,1893.69717735283,1915.58312139709,NA,2491.26232347634,0.463224005750248,0.931650902129953
"86",-5.86,0.73,-5.86,0.83,1.359326,9.604077,-1.1484446,0.2002995,35,35,-5.89571591625698,0.746148226448868,-5.91987745887486,0.867023182420015,1.48499722128303,7.23663279898675,-0.901716635802261,0.173304264776375,1.48499722128303,7.26822267680303,-5.90779668756592,0.806585704434441,1.48499722128303,7.23677874402217,-0.902446767152293,0.176956953521632,1.48499722128303,7.57550327595037,2.74778809528675,0.074114872418448,-0.437536692239018,-7.40809909389865,-6.71211892763018,2.12020768143522,8.42849246085933,-3.9905179434633,0.49469870927227,-4.21570120869692,0.614921390985318,3.70403447,0.07840282,-0.829,0.02946337,67.5936280826735,-85.6320130365096,1286.94221335602,0.0904800700529881,0.0830388104789993,8.27822961906387,0.194409123630291,-1.2063062344526,-921.638934187976,-923.356559780135,-940.025412198341,-942.579719798921,2.52715505602443,-957.931590357948,2.88350047015363,1892.83311150479,1917.21725674331,NA,2488.25241367553,0.425308087130203,1.24757783899022
"87",-5.86,0.73,-5.86,0.83,1.359326,9.604077,-1.1484446,0.2002995,35,35,-5.27047138437896,0.67337300846057,-6.53468027441067,0.986636490764943,1.26637084465087,8.44137805097866,-1.00186142518694,0.171258515100377,1.26637084465087,8.33966565635513,-5.90257582939482,0.830004749612756,1.26637084465087,8.84093408038746,-1.10086904499981,0.195792017436743,1.26637084465087,8.76239958189554,2.88691945634323,0.0787588908036932,-0.457410022608604,-7.21643047876536,-6.61429660436036,1.93217449460038,9.01138644179847,-3.66930525231632,0.463778949699035,-4.52778598393786,0.694800750018774,3.74830228,0.09193818,-0.816,0.025826,89.1660876187004,-128.776932108563,1257.82170249193,0.020143134007447,0.0194213381459517,8.8120740268251,0.200783558899576,-1.28151960855763,-891.414865189893,-895.737218602932,-909.536838832336,-912.635583038344,3.07783040575842,-937.278471607516,2.23045009748975,1832.38497350862,1856.2401100113,NA,2386.86647287529,0.469660080914879,1.23995928023125
"88",-5.86,0.73,-5.86,0.83,1.359326,9.604077,-1.1484446,0.2002995,35,35,-5.77158634887695,0.761103192612865,-5.63083034009363,0.888880009746875,1.32385912614471,8.26807287336237,-0.956141580095697,0.164343154911296,1.32385912614471,8.26422578551715,-5.70120834448529,0.82499160117987,1.32385912614471,8.27302593686454,-0.951645241396995,0.168424883660521,1.32385912614471,8.82940350048337,2.70553805052824,0.0698095123290478,-0.419311856141654,-7.19487170800732,-6.29285448752265,1.91369338150102,9.599036581433,-4.22000539678884,0.560871503375062,-4.25192559578145,0.664947610552642,5.3835715,0.1055283,-0.856,0.0252314,89.9231343955756,-130.291025662314,1252.16391901688,0.0790687980787921,0.0782214982552599,6.43163311137166,0.152803328026482,-0.934278349802088,-900.299724886715,-903.169312256806,-919.846109429618,-923.991366481864,4.14843997841505,-936.9201852648,4.7735103988744,1850.15469290227,1876.85865120586,NA,2374.03681237144,0.412160468641377,1.00841175670339
"89",-5.86,0.73,-5.86,0.83,1.359326,9.604077,-1.1484446,0.2002995,35,35,-6.47610905147356,0.844213838053815,-4.97487976825164,0.725417554179277,1.27002710025481,10.8122557154602,-1.20084334970288,0.220101782732788,1.27002710025481,13.4350408647251,-5.7254944098626,0.784815696116546,1.27002710025481,11.375678055661,-1.24542846472548,0.223629921998388,1.27002710025481,13.8935047490325,3.08774922679603,0.084542934524087,-0.492388462291021,-7.40424269159294,-6.61077092680335,2.06989740157684,14.2097003830988,-4.31072804833148,0.565806449410666,-3.6100160233025,0.525490777994481,6.22950468,0.1357009,-0.82,0.02281307,99.913337214885,-150.271431300933,1363.70076686428,0.424443296360647,0.364602814528718,9.04645230834261,0.173898759265309,-1.19157386922876,-915.104692359363,-916.863959808382,-940.720354915773,-942.909013483493,2.15971291145349,-968.784815719596,2.37979987632508,1879.76462784756,1918.60714217817,NA,2577.13010242762,0.495182154833714,1.23224980312412
"90",-5.86,0.73,-5.86,0.83,1.359326,9.604077,-1.1484446,0.2002995,35,35,-6.07146116714929,0.714520242776568,-6.00456180822786,0.865754474005808,1.51936661525131,10.1228371080402,-1.1790123901403,0.176661826229697,1.51936661525131,6.43529543625758,-6.03801148768857,0.790137358391188,1.51936661525131,10.1239559890962,-1.17648302186124,0.182379774403572,1.51936661525131,7.00828439273393,2.61892214323953,0.070217608452964,-0.417801695371593,-7.7722756871431,-6.8043619134116,2.19030164718663,7.18773151134214,-4.34856545212476,0.517182625638627,-3.88831961264956,0.564693183484001,5.29590211,0.09671353,-0.876,0.03118276,54.3899356826449,-59.2246282364525,1314.5570872502,0.0259188367000297,0.0225976172759379,9.13204706353099,0.181373235268404,-1.22846508782036,-922.538322275895,-926.819780632744,-938.198482463233,-943.395159260377,5.24030946374921,-960.96179378901,6.21659791913987,1894.63188768063,1913.56339727309,NA,2569.88954626395,0.395689551252183,1.23918634135041
"91",-5.86,0.73,-5.86,0.83,1.359326,9.604077,-1.1484446,0.2002995,35,35,-4.96317852722655,0.573572846257338,-4.75672480910683,0.748551059857185,1.50155311008518,7.15904830998336,-0.822970358125351,0.152191130600381,1.50155311008518,7.32254680845573,-4.85995166816669,0.661061953057261,1.50155311008518,7.16970409441473,-0.813939132428443,0.15984547440903,1.50155311008518,8.27681812071928,3.42296667098055,0.0892844761996847,-0.538112213062266,-7.5037211627505,-6.2547925270825,2.31561795424396,7.97647996192741,-3.65407748639265,0.432953252440431,-3.48502050733632,0.549509672443526,5.11969144,0.11442573,-0.869,0.02826131,66.295940359396,-83.0366375899547,1251.80685959909,0.00613844426458935,0.00595714595968638,5.23908406595187,0.121599767501114,-0.705446935506808,-922.555787471782,-927.513273016167,-943.200158200827,-950.79867908204,7.79694614249484,-977.81191870189,8.92995425220503,1894.6668180724,1923.56674874828,NA,2420.57708160822,0.507847579269406,0.987001899381979
"92",-5.86,0.73,-5.86,0.83,1.359326,9.604077,-1.1484446,0.2002995,35,35,-5.53963289580182,0.746836145708646,-5.44752100099732,0.719432424174686,1.53966895083644,11.4299512949071,-1.3695832696997,0.218189645378898,1.53966895083644,7.75042806052268,-5.49357694839957,0.733134284941666,1.53966895083644,11.4320724451982,-1.3702143218785,0.218377386367376,1.53966895083644,7.75438915508206,3.85225871528224,0.0919399925946742,-0.582049101631389,-7.04791762850647,-7.1190700153454,2.39779730674252,7.977661421291,-3.88496681539482,0.527880176535508,-3.58162536456323,0.470328883941036,5.25180344,0.11054547,-0.85,0.03001548,51.8973857507436,-54.2395283726499,1288.90253162939,0.858487551358275,0.837756287281426,8.99114285168693,0.177996765274159,-1.23280418335201,-937.193957826562,-937.232636852103,-952.851084146813,-952.882764183282,0.0307818575474015,-986.360640368822,0.0279866049356164,1923.94315878196,1942.86860064025,NA,2523.56553488612,0.525329690626786,1.12241845641864
"93",-5.86,0.73,-5.86,0.83,1.359326,9.604077,-1.1484446,0.2002995,35,35,-5.7217990597502,0.723882844228508,-6.48873341521694,0.970742670776755,1.39706794051953,10.8386318629678,-1.34214925845973,0.213263537536766,1.39706794051953,7.40967559650463,-6.10526623748357,0.847312757502631,1.39706794051953,10.9856789393666,-1.38948057895084,0.228498481027624,1.39706794051953,7.81684355535144,3.70975529176622,0.0960161043038996,-0.582952550143998,-7.36683362305198,-6.66304101181543,2.1432380642765,7.54270350844732,-4.14906439748819,0.532860407483024,-4.69386053929359,0.698170374687732,5.43360131,0.11219205,-0.883,0.02642138,83.4503822346119,-117.345521340386,1271.89845987867,0.0641883560310892,0.0595874397245364,8.40841003952796,0.189301292447521,-1.21033846180723,-912.945852078648,-916.548598521408,-926.258733750083,-929.568406040884,3.29232927998919,-957.125455639124,3.21936797966988,1875.44694728613,1889.68389984679,NA,2426.45139841695,0.539432324565623,1.19426388532324
"94",-5.86,0.73,-5.86,0.83,1.359326,9.604077,-1.1484446,0.2002995,35,35,-5.17906575674258,0.596385854969158,-6.19432431369402,0.91991918838012,1.28046494852371,7.37652433371205,-0.804908701174957,0.165290557218082,1.28046494852371,11.1314366705277,-5.6866950352183,0.758152521674639,1.28046494852371,7.63421181807781,-0.887026197476083,0.191459011675084,1.28046494852371,11.8818151663215,2.69965714705297,0.0769872322507647,-0.434394634931807,-7.5836943896795,-6.67142506682862,2.02111562768983,12.284027416532,-3.68372726928109,0.440621831123675,-4.10969935135211,0.623202234198555,3.48580423,0.08382688,-0.758,0.02449972,100.0717036959,-150.588164262962,1335.00329377226,0.0312019773419591,0.029250989530793,8.18807142768489,0.191320711494796,-1.15682350750016,-902.822566020104,-907.419116264169,-930.555589135122,-934.756743044268,4.20607543028604,-958.203728352471,3.68869018311096,1855.20037516905,1898.27761061687,NA,2519.41842328157,0.466915392166657,1.3566055669285
"95",-5.86,0.73,-5.86,0.83,1.359326,9.604077,-1.1484446,0.2002995,35,35,-6.26490374655054,0.72175583388481,-5.47649941430863,0.729654654959876,1.49514310325024,10.6357752045686,-1.14455218706015,0.19673123317257,1.49514310325024,10.4883944545629,-5.87070158042958,0.725705244422343,1.49514310325024,10.791170552343,-1.14299532087136,0.196746831016164,1.49514310325024,10.8969760528976,2.06013397020955,0.0545818280491796,-0.321197068323642,-7.922610487074,-7.0871470228433,2.30108867736288,11.7594886743449,-4.594193141238,0.537263667439759,-3.38286388420494,0.459864406260092,6.01735056,0.13718061,-0.848,0.02638598,79.9614663128104,-110.367689496784,1426.65052407189,0.0777155290040221,0.0745477224235563,9.75304072822871,0.164791860519103,-1.19309069764145,-940.214617687699,-941.641428547964,-964.717866883572,-967.16415035125,2.4184013524822,-988.578188918067,2.82901506455556,1929.98447850424,1966.60216611377,NA,2742.933358647,0.329214168291791,1.31588859049995
"96",-5.86,0.73,-5.86,0.83,1.359326,9.604077,-1.1484446,0.2002995,35,35,-6.46153012004787,0.742574405664342,-6.21136051355225,0.892241838758859,1.28552445413466,8.2205478509607,-0.921691804300529,0.155799520856627,1.28552445413466,8.61414653399498,-6.33644531680006,0.817408122211601,1.28552445413466,8.23619405896426,-0.912331243589914,0.161399605988902,1.28552445413466,9.54032512513972,2.34303392828737,0.0600334140650328,-0.364196001627281,-7.99520519712681,-6.85335575366773,1.86257715285316,10.093726377436,-4.86943652484041,0.564579037654363,-4.80155805759466,0.698378817765762,5.07068244,0.1194694,-0.841,0.02090117,136.077461237747,-222.599679346657,1361.04494897483,0.012061983027222,0.00980730875562748,7.17499404462142,0.136787919850738,-0.919358772747333,-894.226544323373,-898.632637037995,-915.242232842297,-921.680327326028,6.55077847785541,-931.883640993587,7.50884136127774,1838.00833177558,1867.65089803122,NA,2499.490218603,0.346176716723814,1.05694323080417
"97",-5.86,0.73,-5.86,0.83,1.359326,9.604077,-1.1484446,0.2002995,35,35,-6.23958245502108,0.804674527971813,-5.23303643332375,0.782881669488735,1.3342386962406,8.70592024049823,-0.976432513644108,0.166897511765906,1.3342386962406,8.96912835323935,-5.73630944417241,0.793778098730274,1.3342386962406,8.95920396394692,-0.981916392395998,0.167016243936122,1.3342386962406,9.47398409227073,3.16605566420898,0.0830742245795256,-0.494710376217475,-7.40328107302914,-6.52657126284008,1.95515961524968,10.4061511126338,-5.02576290005426,0.669621061724119,-3.8974571661745,0.589545135456089,5.19290179,0.09945868,-0.842,0.02793047,70.6576523693609,-91.7600616098844,1287.67395758701,0.112167960203088,0.0985048737643077,6.67914332185957,0.132220852345398,-0.88104504711795,-905.454462747171,-907.528639379655,-926.892813723169,-930.350906394675,3.44365014048382,-944.740828120892,4.10144936999178,1860.46416862318,1890.95205979297,NA,2483.58785356413,0.488974734017351,0.965703541007863
"98",-5.86,0.73,-5.86,0.83,1.359326,9.604077,-1.1484446,0.2002995,35,35,-6.22565756314284,0.763731209642514,-6.22982493733201,0.915792182564066,1.30062257751616,8.34926613559938,-0.856007929271974,0.14814329008554,1.30062257751616,10.1830445613533,-6.22774125023742,0.83976169610329,1.30062257751616,8.34927047735127,-0.856166353015406,0.153923924957002,1.30062257751616,10.7696345123248,3.18178434219239,0.0761854142905125,-0.481620182319384,-7.63328587686204,-6.73151332317413,1.83281484418287,12.7249786323074,-4.65110927970797,0.56921189705723,-4.05808729127308,0.595316030083929,5.19337506,0.09687786,-0.84,0.02371308,105.41311278753,-161.270982446222,1340.98663938621,0.0550871413910932,0.0557082290546176,7.60173036976585,0.159158762190455,-1.02268186334559,-902.066142147903,-904.775091405972,-928.684342589336,-932.26303067662,3.56683874835928,-935.386464409867,3.84689840400653,1853.68752742464,1894.5351175253,NA,2520.7022963262,0.434501684338021,1.16112334083612
"99",-5.86,0.73,-5.86,0.83,1.359326,9.604077,-1.1484446,0.2002995,35,35,-6.07047870351751,0.859019143198028,-5.84224967433808,0.832753438936122,1.41626118492846,6.73203829279438,-0.7446080530076,0.160595903796487,1.41626118492846,9.80578028485188,-5.95636418892779,0.845886291067075,1.41626118492846,6.74506041523442,-0.746106702053702,0.160768375601581,1.41626118492846,9.81004299048642,3.03258091138122,0.0785771560951983,-0.468888161738103,-6.91040616675371,-6.83866140679534,1.96302996470516,12.4160366768992,-5.11543143759773,0.721382979880699,-4.36542802250934,0.619000240653849,6.94537066,0.14260297,-0.854,0.02244549,107.018358686064,-164.481474243291,1318.5245305431,0.659451337535229,0.606839529586503,4.63574424992679,0.121357675346649,-0.704255957779749,-919.697250518884,-919.744406730584,-947.150571015758,-947.178179438947,0.0268249007019714,-951.405506894442,0.023258203672664,1888.94974416661,1931.46757437814,NA,2472.56758684291,0.471423584861109,0.787853753429077
"100",-5.86,0.73,-5.86,0.83,1.359326,9.604077,-1.1484446,0.2002995,35,35,-6.12713881325908,0.865155188274066,-5.99493917037713,0.829741480825092,1.45620235609897,9.75087758601377,-1.06152391135763,0.163749990792125,1.45620235609897,8.00482155145669,-6.0610389918181,0.847448334549579,1.45620235609897,9.7552467724083,-1.0626943312271,0.164063523460946,1.45620235609897,8.01046535673091,2.46231130493094,0.0593083399990072,-0.364150959812711,-6.93050930775548,-7.00929536985606,2.01131588531892,9.86757883195373,-4.06394437447732,0.578875594831091,-3.3694159827195,0.466050867449914,2.61895407,0.05836714,-0.754,0.03220575,49.1601615936576,-48.7650800584777,1268.96492480672,0.457619881093543,0.381133332754309,12.8523872005885,0.254977721401143,-1.76315547585667,-920.26895561052,-920.337081183707,-941.201913231945,-941.245772248361,0.0426192519700587,-949.985667501771,0.0337934605129355,1890.09315434988,1919.57025881052,NA,2489.16476955496,0.374337963647326,1.60951228508958
"101",-5.86,0.73,-5.86,0.83,1.359326,9.604077,-1.1484446,0.2002995,35,35,-5.66284414640142,0.765651712873667,-5.41658474418289,0.683774476988417,1.24930407324471,9.74334413838301,-0.990434070047812,0.173888151096861,1.24930407324471,12.7628008470606,-5.53971444529215,0.724713094931042,1.24930407324471,9.75850506167827,-0.995474829838915,0.175564121535914,1.24930407324471,12.8155896676237,2.13491748138593,0.0575564275164654,-0.336338082604459,-7.05903059883767,-7.30057458066644,1.99409668194074,14.0679480222653,-4.22201065799972,0.568584831508486,-3.4131768935099,0.41520363786655,4.40894466,0.09313124,-0.719,0.02015592,133.680810074736,-217.806377020635,1359.43003456548,0.320461926216214,0.281444268423514,8.61970170891745,0.174909763013096,-1.18717891361655,-904.642700704733,-904.985838542489,-933.351467034555,-933.619446556454,0.260821895062283,-959.31665909457,0.231067613961549,1858.8406445383,1903.86936641574,NA,2501.05369211032,0.343715873296369,1.12365679603136
"102",-5.86,0.73,-5.86,0.83,1.359326,9.604077,-1.1484446,0.2002995,35,35,-5.24152836324142,0.708205397865719,-5.14519334527851,0.787202332545853,1.38703870852726,12.4433409786739,-1.42998553127504,0.22452253656642,1.38703870852726,9.95211649239961,-5.19336085425997,0.747703865205786,1.38703870852726,12.4456610875953,-1.42808298849468,0.226082665488634,1.38703870852726,10.1649081746764,2.83423553562293,0.078938716763096,-0.457003573098698,-6.97996509512284,-6.4129867823577,2.24558579156556,10.1343521340977,-3.79083751194451,0.520218409240339,-3.6854992074462,0.564923426542613,6.98017189,0.15588766,-0.868,0.02479187,79.868364168164,-110.181485207491,1276.33313729094,0.498451766147068,0.474827375942692,6.8671491200447,0.136671694567295,-0.92865697587577,-923.809396236568,-924.837336973973,-942.984079003925,-944.3310845453,1.32119069449865,-977.827882945604,1.52997823217381,1897.17403560197,1923.13459035448,NA,2442.48478937439,0.456610537117857,0.917824548437378
"103",-5.86,0.73,-5.86,0.83,1.359326,9.604077,-1.1484446,0.2002995,35,35,-5.3893831362779,0.639621206378772,-5.63786362323424,0.827070826839348,1.31816805199675,7.41474312851809,-0.586906505490898,0.110927242096764,1.31816805199675,12.3215596622575,-5.51362337975607,0.73334601660906,1.31816805199675,7.43017876661759,-0.598550898733853,0.119711582149468,1.31816805199675,12.8812643653575,1.9538212547724,0.0579197121448084,-0.318574781067075,-7.53642673352014,-6.6681308880756,1.88359470367768,15.8984016864276,-3.53175878405087,0.406868120972274,-4.20066372338964,0.614870973847938,3.73954867,0.050927,-0.682,0.02394742,107.658741654367,-165.762240179897,1357.89305528068,0.0144843339134279,0.0100787041340864,7.79266269532128,0.179875929053384,-1.09467542460857,-906.193112397118,-908.961165622925,-944.216262420493,-947.097202966639,2.85701680401803,-949.362144520254,2.81870299864837,1861.94146792307,1925.59895718761,NA,2550.02387038147,0.356970346044642,1.27993224237041
"104",-5.86,0.73,-5.86,0.83,1.359326,9.604077,-1.1484446,0.2002995,35,35,-6.15711168618632,0.814867776574357,-5.73898914186519,0.825860907636681,1.37101678987535,11.1064090637241,-1.36746742080038,0.229339421078661,1.37101678987535,9.02483815694965,-5.94805041402575,0.820364342105519,1.37101678987535,11.1501156792415,-1.36631830181792,0.2293696333113,1.37101678987535,9.17430249108854,2.75534141945467,0.0674606495477939,-0.413667045828586,-7.26008156672546,-6.77646479222547,2.14630551947285,9.26878420088099,-4.42143592940434,0.589423739836206,-3.78056349580409,0.527218654273665,5.95035183,0.1342287,-0.888,0.02893976,60.4218431411757,-71.2884431535141,1293.34944894142,0.590469839870358,0.578102413198736,8.94210617041794,0.186106616016878,-1.23741495876054,-918.08840856413,-918.735918889865,-933.944887811153,-934.980842214371,1.0138392822231,-963.91694368946,1.26281317457274,1885.7320602571,1905.05620796893,NA,2515.41045472933,0.41279283587952,1.21745536310927
"105",-5.86,0.73,-5.86,0.83,1.359326,9.604077,-1.1484446,0.2002995,35,35,-5.56891582500623,0.664737232034001,-5.64708783799315,0.783420564877404,1.62055946615272,5.17736753985536,-0.472650611796949,0.12451399063865,1.62055946615272,9.24662308844057,-5.60800183149969,0.724078898455703,1.62055946615272,5.17889525575895,-0.474970040556037,0.128035424012355,1.62055946615272,9.479501817739,2.3152164199676,0.0661694470530112,-0.3701151791583,-7.56632464066387,-6.93741206823364,2.22555067628127,12.199520595446,-4.04017997862597,0.493931117425085,-4.25364639044694,0.60969163171067,2.58772807,0.05778903,-0.645,0.02861541,74.522040978202,-99.4888388275666,1356.45410388071,0.196422408167587,0.184788164375284,7.09796605415772,0.155013911476856,-0.947609040330353,-942.19067309655,-943.269272250559,-976.445257606368,-978.018363740389,1.54546072941418,-981.587272223291,1.60225586163624,1933.93658932194,1990.05694755936,NA,2613.41936893386,0.411926694908238,1.21357785605265
"106",-5.86,0.73,-5.86,0.83,1.359326,9.604077,-1.1484446,0.2002995,35,35,-6.04063601075386,0.777599864792817,-6.9884234099246,0.925669482331715,1.46081241576581,10.3439985114334,-1.09806037703158,0.168375559281826,1.46081241576581,8.7790873986539,-6.51452971033923,0.851634673562266,1.46081241576581,10.5685737499402,-1.13314500645743,0.173856712191355,1.46081241576581,8.81502210576861,2.36066516606944,0.0698938911687717,-0.391822210183264,-7.36563846587685,-7.43126539969808,2.04121229849486,10.8147557290241,-4.2894965517837,0.558078141361952,-5.21656983596127,0.690349720266476,6.22912691,0.10395782,-0.85,0.02289891,112.331925618495,-175.108608108153,1370.51097154137,0.486492977940628,0.423385532277491,9.07537494505063,0.176095080655431,-1.22829459017165,-924.92382629841,-925.681507458844,-947.750331815359,-948.007085746186,0.249876085997217,-956.525358875685,0.0212519245747587,1899.40289572566,1932.66709597735,NA,2565.91333497459,0.403683127708664,1.13724360261715
"107",-5.86,0.73,-5.86,0.83,1.359326,9.604077,-1.1484446,0.2002995,35,35,-6.60354068432806,0.695911988664293,-6.15766486734141,0.849788629828,1.3215114091906,16.1292920712641,-2.23357463695535,0.37704399773776,1.3215114091906,10.2122287617659,-6.38060277583474,0.772850309246146,1.3215114091906,16.1789933823075,-2.21642216868185,0.382963502911716,1.3215114091906,11.4814533583288,2.85364665762411,0.0728816797502308,-0.438137279707322,-8.41521836706837,-7.05258534065801,2.60920306690298,7.28188274073561,-4.51561918953013,0.48006964498323,-4.39829315936093,0.611006656341416,8.52599576,0.21927627,-0.911,0.01956692,139.983812872916,-230.412382616996,1442.19593267599,0.011731844003482,0.0116100766787865,11.0200421428762,0.211305994902789,-1.43082833048087,-924.510571609663,-929.781912642397,-932.77037551007,-940.277089743538,7.69760182387538,-1004.23832761237,10.225106154789,1898.57638634816,1902.70718336677,NA,2653.97948273499,0.438503680222176,1.57127309770933
"108",-5.86,0.73,-5.86,0.83,1.359326,9.604077,-1.1484446,0.2002995,35,35,-5.35346106815013,0.670335742522067,-7.1282510303699,1.02095269965519,1.37657353969602,7.21171229583957,-0.814523920180086,0.144998505054116,1.37657353969602,7.68159414970303,-6.24085604926002,0.845644221088629,1.37657353969602,7.99918214833858,-0.970091784206064,0.175731567711439,1.37657353969602,7.94277078926175,2.02890234074846,0.0515709700169357,-0.304796261738786,-7.31751540704539,-7.00342026775045,1.96790258624516,9.13625912925836,-3.45277050520434,0.418838897244704,-5.3312656566131,0.77067220893235,4.09869143,0.08871477,-0.843,0.02693557,86.4309748549193,-123.306706581001,1303.48623209601,0.00185778640193069,0.00133597899903344,9.04187342946053,0.209115105411653,-1.32379527787911,-903.953011808346,-908.633785668123,-924.865623123089,-926.94044435004,2.04570856270678,-942.201279691579,0.588556406752447,1857.46126674553,1886.89767859281,NA,2483.66575761101,0.333345749726196,1.28781738082313
"109",-5.86,0.73,-5.86,0.83,1.359326,9.604077,-1.1484446,0.2002995,35,35,-4.89001332204202,0.633423166444506,-6.55531539774581,0.931816132860738,1.52054423997536,6.35646585453694,-0.585461818144538,0.0980258244565679,1.52054423997536,7.1558034947276,-5.72266435989392,0.782619649652622,1.52054423997536,7.04977360537279,-0.70969042473163,0.120285415058238,1.52054423997536,7.29321663506737,2.35989127257421,0.0637480108598001,-0.376675398517569,-7.07398323734697,-6.96153723423498,2.01699845902946,9.67881446915047,-3.28175319244776,0.425560173959407,-4.94201077070295,0.706121816947832,4.3377278,0.07632423,-0.839,0.03262661,43.9616135015077,-38.3679838741781,1269.78883652176,0.0193721487070834,0.010421759836459,7.87495757260642,0.175227733046233,-1.12312662958497,-917.458828529273,-921.498499391192,-944.862703636164,-946.032274044221,1.14569871002221,-950.063616331826,0.0698564320144586,1884.47290018738,1926.89183961896,NA,2501.20968916933,0.363353583838117,1.12531517070112
"110",-5.86,0.73,-5.86,0.83,1.359326,9.604077,-1.1484446,0.2002995,35,35,-6.91617993864763,0.879859497172669,-6.72227354499923,0.91974028323442,1.43604529991689,8.82809798773271,-0.96315885394397,0.138378672346778,1.43604529991689,6.37284292921552,-6.81922674182343,0.899799890203544,1.43604529991689,8.83749791010714,-0.961225569093695,0.138776291621004,1.43604529991689,6.48875659723399,2.32220385864165,0.0642019748945328,-0.371584014943381,-7.63194596575741,-7.20044016869666,1.87701861374178,8.20564211618762,-4.58076712489151,0.577294424764132,-4.94894292024229,0.693147914917341,3.30874422,0.05975092,-0.809,0.02771257,88.09514462613,-126.635046123423,1319.10468704122,0.188319004149686,0.168147785600744,10.6258458845261,0.199488805623089,-1.42217073806995,-904.676774925262,-905.497377619883,-923.789906466922,-924.881864473807,1.06907599971,-927.246206410569,1.2823233906338,1858.90879297936,1884.74624528047,NA,2511.57432795901,0.377417647897088,1.28593175210256
"111",-5.86,0.73,-5.86,0.83,1.359326,9.604077,-1.1484446,0.2002995,35,35,-5.96857310582319,0.720867193811536,-5.52736941771126,0.735331815893756,1.31906211019501,14.1101621753315,-1.7628140927355,0.279569280893842,1.31906211019501,9.92021317433947,-5.74797126176722,0.728099504852646,1.31906211019501,14.1588273489324,-1.76121863158305,0.279621587216837,1.31906211019501,10.1050631433865,3.2529795454867,0.0805777690990014,-0.496403589894564,-7.63157413394999,-7.10419397047975,2.36670746625733,8.51502924964177,-3.89839148396049,0.460665797402908,-3.98435393751252,0.534342880163251,7.33693301,0.16559123,-0.892,0.02294423,103.805153567586,-158.055064006335,1334.0392844295,0.419814711546008,0.402792599245437,9.73736773357243,0.177593622339417,-1.27521377299044,-916.813577486485,-917.584557204128,-930.468601243398,-931.643596867749,1.15105792300231,-985.19785633935,1.46973769842806,1883.18239810181,1898.10363483342,NA,2510.02350485267,0.471687964083023,1.20209631702317
"112",-5.86,0.73,-5.86,0.83,1.359326,9.604077,-1.1484446,0.2002995,35,35,-5.9442564190293,0.723169204234593,-5.90489344228547,0.83203245824616,1.34708029726875,15.6282719173488,-1.90218996138365,0.287698105808946,1.34708029726875,10.1466268959857,-5.92457493065739,0.777600831240377,1.34708029726875,15.6286592783334,-1.90111866594967,0.290660907827442,1.34708029726875,10.4735891615527,3.14087918421367,0.0813420729478891,-0.490656628996741,-7.59354266474634,-6.90560059112548,2.35493227887471,9.0082166428451,-3.6281372097239,0.428365249274632,-3.82051594432082,0.531783498566081,5.30608881,0.11363868,-0.854,0.02637783,80.6624785844646,-111.769714040092,1328.3244017188,0.226720642435836,0.206083683632729,13.6651722408786,0.263523658317442,-1.84674620342961,-922.297515738939,-924.022188948588,-937.054645839455,-939.078406592828,1.99463337797412,-985.744538797611,2.38954703446306,1894.15027460672,1911.27572402554,NA,2544.87908939751,0.468524627721433,1.69694703195569
"113",-5.86,0.73,-5.86,0.83,1.359326,9.604077,-1.1484446,0.2002995,35,35,-6.50416851769374,0.818429681704558,-4.96547085526957,0.778490775549697,1.40447173305623,9.59480672478753,-1.40516969398687,0.256821709841268,1.40447173305623,6.52823633044891,-5.73481968648166,0.798460228627128,1.40447173305623,10.1867043488749,-1.42053316937194,0.25722048889748,1.40447173305623,7.58486583699939,3.42297852317489,0.0990224306369638,-0.562153364996846,-7.58591748918067,-6.28516549464389,2.28702896190194,5.63560760877954,-4.50422324984635,0.572920127686179,-3.43136919039992,0.533010736305146,7.00527518,0.17762914,-0.939,0.03086946,49.4568691802249,-49.3584952316124,1251.8243032487,0.00320900337090605,0.00251623941516612,7.11761302696512,0.140089078101132,-0.919293973532545,-911.691476555773,-918.222563249591,-919.803141079456,-928.996946070919,9.54417519476954,-964.192766440599,13.2673321399851,1872.93819624038,1876.77271450554,NA,2454.29011126579,0.57118864662342,1.09060914097463
"114",-5.86,0.73,-5.86,0.83,1.359326,9.604077,-1.1484446,0.2002995,35,35,-5.31502155309795,0.673618082678548,-5.72027765296261,0.812266521829524,1.40292570418691,5.35695825466944,-0.672833989195959,0.153174777673951,1.40292570418691,7.89787886321826,-5.51764960303028,0.742942302254036,1.40292570418691,5.39801638128882,-0.68688102062162,0.157980625093701,1.40292570418691,8.03875773488547,2.67725799560138,0.0697246049629376,-0.418130887363296,-7.25952055871145,-6.83874513614527,2.06685922373455,9.08286906940759,-3.7804905278484,0.476843433710595,-4.16339226529178,0.595235938081536,2.76296932,0.07711503,-0.722,0.02545664,94.3752801690536,-139.19531720927,1273.43559761458,0.337517258090764,0.321945439973833,6.56932322337824,0.155064481954031,-0.968109024964646,-907.386442960038,-908.344914052082,-931.23394752033,-932.333565473078,1.07663449015594,-954.036598187141,1.01100351604502,1864.32812904891,1899.63432738729,NA,2407.67587801989,0.40593098783074,0.961435377763668
"115",-5.86,0.73,-5.86,0.83,1.359326,9.604077,-1.1484446,0.2002995,35,35,-5.82921180512147,0.703210747338701,-5.80787089503837,0.783613091784886,1.41529336142128,8.50567115614874,-0.893654521890801,0.150656876066359,1.41529336142128,8.87187494031477,-5.81854135007992,0.743411919561794,1.41529336142128,8.50578501475954,-0.893225557089977,0.15227301031447,1.41529336142128,9.03680861499882,3.3856734342293,0.088970952086353,-0.533491530328762,-7.59740537237807,-7.09704809978424,2.0615992750235,10.5683693295902,-3.98337749899149,0.480338583013383,-4.07515082355682,0.546985232546251,4.11103615,0.07346723,-0.804,0.02652137,88.3429245200978,-127.130605911358,1336.73887543281,0.445207798425006,0.416159712853232,8.30034867499741,0.170483288106483,-1.13140628583463,-916.406681630966,-917.280798361712,-940.655691078336,-941.815548920054,1.136105344357,-958.222589012333,1.24919718327097,1882.36860639077,1918.4778145033,NA,2546.34714495426,0.508066291444071,1.15941452408341
"116",-5.86,0.73,-5.86,0.83,1.359326,9.604077,-1.1484446,0.2002995,35,35,-6.01822773884719,0.722882732672493,-6.4692364476747,0.875386497745141,1.36159254311706,5.31388683556816,-0.76978921442747,0.170005371097459,1.36159254311706,6.70277881934358,-6.24373209326095,0.799134615208817,1.36159254311706,5.36473904942772,-0.786984345971658,0.175819720687792,1.36159254311706,6.87528692322454,2.63469759727172,0.0719219679605571,-0.42014581853799,-7.66922070800103,-7.21165144789648,2.00213849105551,7.28710685022757,-4.51653522397908,0.546004996481369,-4.68236467270969,0.625338396492912,3.20351455,0.07425601,-0.82,0.02543612,106.597500735979,-163.63975834312,1315.67212846059,0.363217530857017,0.354462136426136,7.12881828272037,0.17340312221137,-1.06133227389423,-895.606990027404,-896.799389133537,-913.81103728164,-915.361430136703,1.52289859789911,-939.3772977515,1.50163225686703,1840.76922318365,1864.78850690991,NA,2467.70449857806,0.419077779255897,1.08391038370181
"117",-5.86,0.73,-5.86,0.83,1.359326,9.604077,-1.1484446,0.2002995,35,35,-6.55124529918583,0.924264236665371,-5.88088290427271,0.852799068675507,1.30894884260414,9.33980825891884,-0.89560958541853,0.130067991143649,1.30894884260414,9.66687004790902,-6.21606410172927,0.888531652670439,1.30894884260414,9.45215469404724,-0.907586475710168,0.131344808702604,1.30894884260414,9.71553295536401,3.30455653168151,0.0908722906090694,-0.531710302629534,-7.00245937900423,-6.75786796194657,1.73496878124458,13.0079276096475,-4.68188368533555,0.656473923048661,-4.1116827481911,0.599349700424264,4.70494339,0.08023726,-0.806,0.02550222,89.4277921169611,-129.300341105085,1292.00162980801,0.694918787016245,0.690182214672833,8.75669484552605,0.174049839876751,-1.19965162044653,-898.377756719255,-898.700907707303,-926.939848132714,-927.258466147952,0.310220120061221,-922.659109052622,0.292929988418806,1846.31075656735,1891.04612861206,NA,2454.70291851094,0.518159783676942,1.10800194110083
"118",-5.86,0.73,-5.86,0.83,1.359326,9.604077,-1.1484446,0.2002995,35,35,-5.21204569807002,0.665779340149914,-4.91334064764599,0.636268923059514,1.30696379823502,3.04292449428414,-0.317976683187637,0.0677280901776234,1.30696379823502,4.90090619930645,-5.06269317285801,0.651024131604714,1.30696379823502,3.06523067107134,-0.320180410843892,0.0679458063568357,1.30696379823502,4.91249759883131,2.81694455666177,0.0841730974116743,-0.47097545057519,-7.20324590323919,-7.08035628143464,1.86917251060625,5.9086317763482,-3.8343329853339,0.496357368365422,-3.96467047420235,0.521115161728414,1.90656875,0.04853572,-0.752,0.02782762,90.8481869747633,-132.141130820689,1167.63853387506,0.956398385192174,0.955980594848913,4.47188553440858,0.0890131202794547,-0.607133857838983,-862.896665893211,-863.046986627467,-885.125446819249,-885.262815902877,0.133575274893109,-916.173364867569,0.139166897540955,1775.34857491526,1807.41732598513,NA,2203.13593692943,0.480944156863618,0.588798994781811
"119",-5.86,0.73,-5.86,0.83,1.359326,9.604077,-1.1484446,0.2002995,35,35,-5.88379968660887,0.739237543288104,-5.90592919800019,0.934960101877646,1.48492701158238,12.698544422981,-1.42786762979229,0.217570296428206,1.48492701158238,9.33380495139465,-5.89486444230453,0.837098822582875,1.48492701158238,12.6986668517996,-1.42895044093975,0.227147126413415,1.48492701158238,10.1622280839588,3.27992854100833,0.0770119102432928,-0.484306107290351,-7.43735492624618,-6.2934200806509,2.23664438772905,10.3280114747612,-4.35722156529186,0.559132318591213,-4.21579058549852,0.685740487461878,6.70321281,0.14370458,-0.863,0.02476087,87.662841317917,-125.770439506997,1332.06884372794,0.0140475268585174,0.0156905360621095,8.62125716030789,0.170256659512075,-1.13068399045457,-935.755827997304,-940.277467537538,-955.623897182912,-961.021949345429,5.45130987853212,-977.453922381819,6.1460900664625,1921.06689912344,1948.41422671245,NA,2538.36724794889,0.469931360523127,1.26484405633034
"120",-5.86,0.73,-5.86,0.83,1.359326,9.604077,-1.1484446,0.2002995,35,35,-5.79628405464965,0.726966372088275,-6.2218530819704,0.93903103406312,1.35458214101436,10.4083572239796,-1.20915928817841,0.192705235429829,1.35458214101436,8.60439229776074,-6.00906856831003,0.832998703075697,1.35458214101436,10.4536344732333,-1.23172132615984,0.203948090644455,1.35458214101436,9.13163900154607,3.10893047639335,0.0770917010046496,-0.472969397221849,-7.42294775688687,-6.58509040409442,2.04156417395348,9.40336834565101,-4.66120941586372,0.594364566098606,-4.3015333287637,0.64318533458498,6.95764677,0.13683289,-0.916,0.02450637,97.1233296324019,-144.691416135966,1279.74895578961,0.0407700084079497,0.0392119487510673,6.75234255147269,0.144792245401896,-0.909875183461635,-909.946180965682,-913.49746316763,-927.991108830519,-931.732089228501,3.73295620856318,-952.114903596316,3.93323704038901,1869.4476050602,1893.14865000767,NA,2414.80649544326,0.457620263023681,1.08009269846264
"121",-5.86,0.73,-5.86,0.83,1.359326,9.604077,-1.1484446,0.2002995,35,35,-6.37022870633529,0.723828424278421,-5.32261902815252,0.66634280423903,1.1461103313098,9.64352995972675,-1.31985162408659,0.230631839340503,1.1461103313098,8.21121116464988,-5.8464238672439,0.695085614258725,1.1461103313098,9.9179014691823,-1.33490724706399,0.231457988468331,1.1461103313098,8.59720850315074,2.86506300798805,0.0717925480614678,-0.437879506554524,-8.01558748961745,-7.31046226008623,2.10746510687513,6.52921702850725,-4.69270517671742,0.538383991758862,-3.69366728963828,0.457078009119678,4.93635018,0.11460092,-0.886,0.02284332,123.285317186044,-197.01539124325,1324.4166842257,0.156415795312976,0.122870851741139,8.59685429543871,0.16333266872982,-1.13977386825834,-873.756081914065,-875.780245322249,-884.1209783166,-886.994543294451,2.8495513292313,-948.581602492668,3.72880146909717,1797.06740695697,1805.40838897983,NA,2451.81797720814,0.425967709847485,1.11228134772259
"122",-5.86,0.73,-5.86,0.83,1.359326,9.604077,-1.1484446,0.2002995,35,35,-5.51739243178362,0.749407679088471,-5.69562811952932,0.794335014809159,1.41606425710778,10.9110081542029,-1.39621072594319,0.221813222697316,1.41606425710778,6.70074833442764,-5.60651027565647,0.771871346948815,1.41606425710778,10.9189501442994,-1.39821263958838,0.222317839071057,1.41606425710778,6.70885800551143,3.40693223676192,0.0950034740746713,-0.555767100295978,-7.01035663404648,-6.92092688140659,2.22905063504416,6.37972326005935,-3.62251017700158,0.488817338241446,-3.92168334891298,0.549882694389731,5.42111763,0.11288846,-0.909,0.03201334,44.441600074604,-39.3279570203707,1222.3675679478,0.795278833991842,0.734897958091289,8.37274526674237,0.178812419428832,-1.18609403262143,-912.65521255916,-912.751620518564,-923.40304352121,-923.476721850915,0.0716109149070609,-961.621709949247,0.0578563471508484,1874.86566824716,1883.97251938905,NA,2405.40717887523,0.526305415547557,1.10796151086498
"123",-5.86,0.73,-5.86,0.83,1.359326,9.604077,-1.1484446,0.2002995,35,35,-5.10721469972541,0.638956854363052,-5.68185213247618,0.74405071888775,1.48628123613272,8.03870329714882,-0.921476352638777,0.155331046843787,1.48628123613272,6.98647156387598,-5.3945334161008,0.691503786625401,1.48628123613272,8.1212553419284,-0.936574069765858,0.158092226933971,1.48628123613272,7.00454698399869,3.27356724229786,0.0781728137206132,-0.491870031677181,-7.25821633436306,-7.20673171739535,2.23674879354222,7.71458537391909,-3.10560733416084,0.382279369628918,-3.91830077813614,0.515705584328432,2.89263545,0.0832268,-0.813,0.02992686,64.0582948103043,-78.5613464917713,1259.09345766237,0.383647485081518,0.316351226717124,9.99458322333823,0.184825919375222,-1.32181119499575,-919.203577559971,-919.613425222271,-937.810225628794,-937.968474453742,0.15390132657625,-968.285542945789,0.0161822159626687,1887.96239824878,1912.78688360422,NA,2439.62556883296,0.457532772292361,1.22516397840362
"124",-5.86,0.73,-5.86,0.83,1.359326,9.604077,-1.1484446,0.2002995,35,35,-5.87954034647711,0.758838633340523,-6.45616193139113,0.898855298727855,1.23999217686391,7.64866410581731,-0.927136400658052,0.179140244743758,1.23999217686391,9.63891633628512,-6.16785113893412,0.828846966034189,1.23999217686391,7.7317872188645,-0.947320558535557,0.184041411390305,1.23999217686391,9.72086455818585,2.90395568767962,0.0727486185132053,-0.445500964089799,-7.31631736375251,-7.05875588837514,1.8721467704936,10.7295176673506,-4.2075524695624,0.548403065986177,-4.43347181323818,0.618240914915245,3.25067788,0.11107307,-0.79,0.02223838,120.684026945889,-191.812810762941,1308.87135873327,0.730063015997909,0.714156735218982,9.11254257637142,0.17239999288072,-1.22207352756042,-892.207691014785,-892.979746723346,-913.496927715608,-914.034049674552,0.523782583969005,-935.089695864516,0.359491580098911,1833.97062515841,1864.16028777784,NA,2425.92990670361,0.425085907225346,1.1145006915968
"125",-5.86,0.73,-5.86,0.83,1.359326,9.604077,-1.1484446,0.2002995,35,35,-6.48223135601688,0.850055993347581,-6.3969814840605,0.900383724558043,1.22788525486729,9.99648408723792,-1.08436398956176,0.172646349056144,1.22788525486729,10.3821003229498,-6.43960642003869,0.875219858952812,1.22788525486729,9.99830097240506,-1.08329138140137,0.173279569188342,1.22788525486729,10.4923600115094,2.1969031600271,0.0524934741606147,-0.324056298131443,-7.37555894666943,-6.99046947545872,1.78748542767444,12.2333511007124,-4.80120058218137,0.6211149300231,-4.34879291059564,0.618873653517406,3.84759553,0.07573023,-0.745,0.02293155,114.776667381462,-179.998091634086,1325.83061831013,0.429892797286979,0.423879494068635,10.1779531636657,0.199997345415598,-1.39279280481105,-892.827276596262,-893.324477751426,-915.819698723381,-916.49453326487,0.658723663411928,-927.974201312637,0.746032771875633,1835.20979632136,1868.80582979339,NA,2471.66314498617,0.33048863423999,1.25724172733394
"126",-5.86,0.73,-5.86,0.83,1.359326,9.604077,-1.1484446,0.2002995,35,35,-6.16987917873743,0.7808270679872,-6.05289134100649,0.931823928771481,1.31507284586493,7.96353966453388,-0.910166972436732,0.149984051369775,1.31507284586493,7.51337849539494,-6.11138525987196,0.856325498379341,1.31507284586493,7.96696120307812,-0.905750773374904,0.155684064361452,1.31507284586493,8.23952898440731,3.04466787940903,0.0824334418789532,-0.484620674284489,-7.47565479233105,-6.4590667314768,1.83756413689111,9.01856311235706,-4.36172525134765,0.558779139900826,-4.44350066373842,0.684716007569871,4.67869097,0.10732877,-0.859,0.02553506,91.6832583601987,-133.81127359156,1266.04397317058,0.0310516567157729,0.029030801649432,7.16996197356359,0.145524608234785,-0.959909177237765,-893.505007480126,-897.655787504067,-912.298156691864,-918.027799621799,5.80007493846904,-925.003279891685,6.68019325360897,1836.56525808909,1861.76274573036,NA,2398.27667274959,0.476915356197328,1.0400112842883
"127",-5.86,0.73,-5.86,0.83,1.359326,9.604077,-1.1484446,0.2002995,35,35,-5.01283077971117,0.544766592392767,-6.69409908973562,0.962452722976638,1.32951476332599,6.62579794128943,-0.785649354907238,0.164392034487239,1.32951476332599,9.25860743921511,-5.85346493472339,0.753609657684702,1.32951476332599,7.33246372386255,-0.961209968629087,0.208007460407771,1.32951476332599,9.97905542291989,3.12204736094345,0.0836030525858359,-0.496241680475968,-7.7249936215713,-6.91779605013896,2.12577426510485,9.83165895523395,-3.73366158431188,0.412585240670266,-4.33907235375316,0.614194773476411,3.81572654,0.082909,-0.795,0.02290422,118.228072046552,-186.900900964266,1338.02894877706,0.0188973693610231,0.0171427199273908,7.98760465273173,0.214342104571282,-1.23041358220048,-903.853274480543,-910.231694010031,-928.027517339859,-932.778578477446,4.77554708884283,-963.429787881691,3.36739863925104,1857.26179208992,1893.22146702635,NA,2489.15699658985,0.476981396751719,1.37631165649608
"128",-5.86,0.73,-5.86,0.83,1.359326,9.604077,-1.1484446,0.2002995,35,35,-6.11116751370027,0.71980988244071,-6.25508028102083,0.892455376053168,1.17219458500417,8.27418072678778,-0.923247311483976,0.152668602497178,1.17219458500417,9.19621118278726,-6.18312389736055,0.806132629246939,1.17219458500417,8.27935844793724,-0.929458784171774,0.16012021911335,1.17219458500417,9.83692752012474,2.85824579452831,0.0784437090498802,-0.45850476858994,-7.7804677293742,-6.89580332119382,1.75803430190166,10.3862184437291,-4.35540208051713,0.51482233024038,-4.6701457144193,0.670997086602616,5.23209611,0.10343551,-0.845,0.01966205,144.989867310164,-240.424491491491,1316.79929726352,0.0322940897367442,0.0323219700992731,6.56537797210307,0.139113342211918,-0.899910993604903,-875.467025612586,-878.936650467871,-896.746053029343,-901.012085297427,4.27302947711589,-918.642107503273,4.65261606089431,1800.48929435401,1830.65853840531,NA,2393.17410303556,0.45100022760953,0.96582899761333
"129",-5.86,0.73,-5.86,0.83,1.359326,9.604077,-1.1484446,0.2002995,35,35,-6.09744235473283,0.739461685471395,-5.75072756211797,0.765412728443917,1.38118421941225,6.92938719779703,-0.851099282345122,0.155449191344576,1.38118421941225,6.84340382596311,-5.9240849584254,0.752437206957656,1.38118421941225,6.95943998465154,-0.848849879724534,0.155617555502417,1.38118421941225,7.00370617116142,2.17368424454167,0.0523202670860934,-0.320843879309326,-7.64966221324332,-7.14833782194471,2.02391780803508,7.65717979044342,-4.50950866481546,0.543509007129367,-3.81997964961243,0.504638263269617,3.16821449,0.08471776,-0.8,0.02262767,124.683005039051,-199.810766949264,1293.65058478833,0.252968262131892,0.2310453929433,8.25731481498846,0.160690200370868,-1.11849005537545,-901.441375014524,-902.313507138442,-918.577593376197,-919.993819668907,1.38977409749092,-943.557106399443,1.70692847398783,1852.43799315789,1874.32161909902,NA,2387.4904026274,0.332248550321899,1.03869679214719
"130",-5.86,0.73,-5.86,0.83,1.359326,9.604077,-1.1484446,0.2002995,35,35,-6.04716447338596,0.73401714073797,-5.35410217148972,0.79289185724349,1.53817029472859,9.36816235680667,-1.26052947514396,0.227205505682942,1.53817029472859,6.80355908137811,-5.70063332243784,0.76345449899073,1.53817029472859,9.48824619538409,-1.25032851350776,0.228072063743843,1.53817029472859,7.42837503222226,2.77469619253812,0.0688366422743809,-0.424865740928592,-7.63182152053438,-6.58799889269763,2.37979698327857,6.74381045441588,-4.49797767020109,0.551625516802657,-3.69378619111325,0.547770742316447,5.27918297,0.1238164,-0.888,0.02942413,63.2547373073378,-76.9542314858382,1292.42696552282,0.0203169888365117,0.0185580108625979,7.43931346528289,0.160116209249661,-1.01650595697348,-932.408545418482,-935.866821075914,-944.59590530551,-949.98759029,5.44462907428889,-979.339886644242,7.0356747103072,1914.3723339658,1926.35824295765,NA,2507.8996995598,0.398522426112479,1.14599146437835
"131",-5.86,0.73,-5.86,0.83,1.359326,9.604077,-1.1484446,0.2002995,35,35,-5.72935279213465,0.743176467792912,-6.30760919594852,0.892361021916423,1.29609982195445,10.1181811132347,-1.3868226238279,0.256666820244392,1.29609982195445,9.06185169569053,-6.01848099404159,0.817768744854668,1.29609982195445,10.2017762303727,-1.40838935477091,0.262230828041649,1.29609982195445,9.16512009553588,3.02132535557553,0.0808880078702633,-0.479844583407421,-7.25944093884707,-6.94889437365224,2.17154621907592,8.31266876241337,-4.23378451457529,0.546108353021303,-4.63120522083809,0.658274687436736,6.61090376,0.16410658,-0.893,0.02524609,86.5686176344312,-123.581992140025,1302.22001670933,0.435897038663827,0.429673348411295,6.73163336317149,0.1564166155537,-0.980821205656188,-907.035481274949,-907.805302010804,-920.43557260296,-921.150346012754,0.69790843692234,-963.360697974959,0.567488660912049,1863.62620567874,1878.03757755255,NA,2480.85804127863,0.462781294590946,0.988384879497039
"132",-5.86,0.73,-5.86,0.83,1.359326,9.604077,-1.1484446,0.2002995,35,35,-4.19694111845023,0.486365159702974,-5.92092580130521,0.8946953661341,1.27413867891198,13.5047544907543,-1.8701774238599,0.312263848574224,1.27413867891198,8.5087152666712,-5.05893345987772,0.690530262918537,1.27413867891198,14.2477852874339,-2.04616617921847,0.353947237945245,1.27413867891198,9.14449680599749,2.86495634343626,0.0713151032128787,-0.437414604487024,-7.25704458374833,-6.54830356021783,2.6067473965922,5.67686289676332,-2.73816522830188,0.323325358018161,-4.43308978025479,0.675278379443656,5.67807184,0.147374,-0.911,0.02832463,64.8718740111076,-80.1885048933778,1222.52830329471,0.00339085689912893,0.00261654765458126,9.87079223057846,0.237448433889075,-1.46704844003371,-904.88558713894,-910.097685322872,-912.290744560475,-916.821326371687,4.54668622013784,-996.467862867974,3.43439859100807,1859.32641740672,1861.74792146758,NA,2364.86810169603,0.420115944704173,1.46823542760992
"133",-5.86,0.73,-5.86,0.83,1.359326,9.604077,-1.1484446,0.2002995,35,35,-5.8423185242806,0.788976710226946,-5.88695013845901,0.812875886493449,1.3503705641955,6.93045779441998,-0.872682640511022,0.169232282292695,1.3503705641955,7.69451814941223,-5.8646343313698,0.800926298360197,1.3503705641955,6.93095578966602,-0.872949305214599,0.169375074949249,1.3503705641955,7.70165000579491,2.59175132385937,0.0624937844377952,-0.388379376088395,-7.09954067829122,-7.00178718465918,1.9696963816401,8.70832511949154,-4.66079100715153,0.639172303384583,-4.53413119613456,0.631895069560921,4.84765599,0.10383467,-0.833,0.02609506,85.3268810517332,-121.098518974629,1273.34077036579,0.964417037147776,0.974092158298403,5.66935779172806,0.128184123116569,-0.820533335424936,-901.682763828986,-901.726657819573,-920.261238782402,-920.318634177791,0.0557783911297308,-940.91476889067,0.0594658920014712,1852.92077078681,1877.68890991143,NA,2425.58302175695,0.375776595914544,0.796977522323859
"134",-5.86,0.73,-5.86,0.83,1.359326,9.604077,-1.1484446,0.2002995,35,35,-5.30636739115398,0.577373140006776,-5.54494398396993,0.831268028632757,1.24604679549508,5.63817759350907,-0.671882985018423,0.143938121826477,1.24604679549508,8.72717864417961,-5.42565568756196,0.704320584319766,1.24604679549508,5.65240729116898,-0.687026329383865,0.160053775444077,1.24604679549508,9.98202309977036,2.44834360172475,0.0585066723366383,-0.365958706581499,-7.82426885992008,-6.55020540663528,1.97938096038979,9.32438145233724,-3.82549211632521,0.435260514577,-4.04849677277919,0.612850267980973,3.69754751,0.10306424,-0.835,0.02230522,121.324243755542,-193.093244382247,1282.40905786573,0.0055030705101714,0.00486066031051032,5.32435769600648,0.120803073885304,-0.702883687078775,-884.167172583044,-889.839827762529,-908.418667715004,-916.912172507677,8.77226851706161,-944.269785936275,9.45225973937707,1817.88958829493,1854.00376777664,NA,2371.7248713492,0.350115080665255,1.01232778650215
"135",-5.86,0.73,-5.86,0.83,1.359326,9.604077,-1.1484446,0.2002995,35,35,-6.60485286826432,0.79207012834426,-6.30872891151225,0.881897613964004,1.34126017861778,13.079526201559,-1.37831650289543,0.216695847697469,1.34126017861778,12.781664323988,-6.45679088988828,0.836983871154132,1.34126017861778,13.1014485509996,-1.37166648527873,0.21871309199066,1.34126017861778,13.2458541891465,4.42510567002765,0.110506341445574,-0.68147927135262,-7.84364523761521,-7.01235236618236,2.06809680004316,14.3646821759069,-3.96430862392619,0.468738371874509,-4.8235058451346,0.675982606910674,5.11151943,0.09727936,-0.773,0.02340965,107.052356551684,-164.54946997453,1442.61159060062,0.0885804335758171,0.0645258601032392,11.9384810759882,0.228967890133705,-1.58491385418821,-925.176623059222,-926.807382726659,-950.847966767107,-953.166849330957,2.29035551067951,-968.926431335451,2.5879782986489,1899.90848924728,1938.86236588084,NA,2720.67371122672,0.632269286629088,1.57073021998956
"136",-5.86,0.73,-5.86,0.83,1.359326,9.604077,-1.1484446,0.2002995,35,35,-4.92444636143223,0.631605881752917,-5.68805608767779,0.790815630804277,1.25625720148476,9.68822897557157,-1.0169471865849,0.175966450926381,1.25625720148476,11.8786768563751,-5.30625122455501,0.711210756278597,1.25625720148476,9.83400392907575,-1.04734071480708,0.18230338697463,1.25625720148476,11.9473364762894,2.57308184981115,0.0651763413124614,-0.391542857123227,-7.11924318867126,-6.93432242874581,2.04358842853329,12.6882044580774,-3.57474477709683,0.475314854628459,-3.61710440532089,0.508274299599283,4.14232773,0.09015846,-0.78,0.02508234,86.9841678661529,-124.413092603468,1295.3815402879,0.853382158096977,0.840606263225126,8.33920176880337,0.164894804960064,-1.11739189189194,-903.497300498463,-904.443127959973,-930.063512557107,-930.435709741029,0.362525918325345,-961.961875403083,0.145471655728489,1856.54984412576,1897.29345746084,NA,2466.34998797233,0.400179110253881,1.13676040913626
"137",-5.86,0.73,-5.86,0.83,1.359326,9.604077,-1.1484446,0.2002995,35,35,-6.081440220687,0.81869201044752,-5.72417074459556,0.764822852425846,1.61446688274039,7.73705078650479,-0.838045921774235,0.150763504735019,1.61446688274039,7.55632748202988,-5.90280548264128,0.791757431436683,1.61446688274039,7.76896115614146,-0.842857373240209,0.15148897628151,1.61446688274039,7.56103746351491,3.01138105789379,0.0720932821503368,-0.450685153115644,-7.16162630540612,-7.12529533309586,2.19185899824155,9.64525096034685,-4.03661163741045,0.546330419717606,-3.75816604162917,0.505342886133768,3.41813232,0.06823928,-0.731,0.02902111,65.8671217258224,-82.1790003228073,1317.60988186723,0.909147855855188,0.874580723617437,9.94838061810951,0.201080543067843,-1.37616514240588,-940.203465388856,-940.314923925676,-962.903031523641,-962.941553657547,0.0374318002267713,-970.322626984635,0.00673181986246052,1929.96217390655,1962.97249539391,NA,2553.04076341166,0.43056874647449,1.26156032695829
"138",-5.86,0.73,-5.86,0.83,1.359326,9.604077,-1.1484446,0.2002995,35,35,-6.32324341370219,0.841546736808141,-6.08526597982766,0.882888992764038,1.31957238085543,7.2694789263597,-0.907966102951468,0.182546225174485,1.31957238085543,9.00134173252134,-6.20425469676493,0.86221786478609,1.31957238085543,7.28363724111808,-0.905506471955726,0.182973520706366,1.31957238085543,9.15973624458589,2.84398688293744,0.0762951534988204,-0.447395141240767,-7.267266952878,-6.78298305614608,1.9180136024878,10.3815070311536,-4.52255772724847,0.602992213174078,-4.11831347192557,0.600757070988665,3.24910477,0.09729209,-0.796,0.02548928,94.550226664991,-139.545210201145,1297.44776034428,0.41911461507295,0.37626229066778,8.83507562023351,0.184288625743564,-1.2278327166219,-903.429931252606,-904.088171987926,-924.41062318053,-925.510548887764,1.07693818574023,-939.965592720338,1.27848478526598,1856.41510563405,1885.98767870769,NA,2455.35031048741,0.454351332842094,1.18952900344762
"139",-5.86,0.73,-5.86,0.83,1.359326,9.604077,-1.1484446,0.2002995,35,35,-5.87304916807681,0.767052520754815,-5.74166689020176,0.831176120315347,1.39065122998091,11.8867128995066,-1.48172058227135,0.224502475349288,1.39065122998091,6.97193762666672,-5.80735802913929,0.799114320535081,1.39065122998091,11.8910282252416,-1.4796144061274,0.225530434354438,1.39065122998091,7.14436255152025,3.25270270351373,0.080597026970941,-0.493226115801441,-7.26088996964398,-6.74747587883915,2.17852435694933,6.7071609274196,-3.9785513811206,0.524748936582555,-4.12168042935294,0.600806349503439,7.41116561,0.16088646,-0.931,0.02995563,53.3845528928325,-57.2138626568277,1244.2622027894,0.340412885685946,0.321667581906645,7.21732462633275,0.138095979994477,-0.959957481150063,-909.609052464392,-910.817993373847,-921.388988058942,-922.886875930913,1.47077102696082,-957.523825368426,1.86820995481137,1868.77334805762,1879.94440846451,NA,2431.31054292197,0.483970067591877,0.937543112329433
"140",-5.86,0.73,-5.86,0.83,1.359326,9.604077,-1.1484446,0.2002995,35,35,-5.94819402247887,0.810151325427904,-6.16567913245708,0.84593638371386,1.32023019775905,9.7127748232577,-1.2672134767344,0.221707540992438,1.32023019775905,8.07475145590267,-6.05693657746797,0.828043854570882,1.32023019775905,9.72459976652326,-1.26915915606863,0.22202768359157,1.32023019775905,8.07691927872391,2.87370707924328,0.0723011099182372,-0.442486089667131,-7.0792632984734,-7.08355029127673,2.06576241612964,8.05210713076461,-4.42334428246296,0.612642756571011,-4.85954262157058,0.67486021066013,7.64914424,0.17681598,-0.912,0.02569303,80.0425787163199,-110.529914303802,1273.5213048736,0.875611148182679,0.863950185559099,5.63763055571553,0.114739223785424,-0.766581313264547,-904.383649787768,-904.421869861439,-917.727098550727,-917.743818510055,0.0162441861422519,-950.132140893831,0.00011695597490856,1858.32254270437,1872.62062944808,NA,2436.5126954434,0.41941123142422,0.777864402178411
"141",-5.86,0.73,-5.86,0.83,1.359326,9.604077,-1.1484446,0.2002995,35,35,-5.94095640669405,0.724544010723092,-6.59454471821058,0.939328883729031,1.55035928640074,9.95579372694521,-1.14139191596115,0.183598933577792,1.55035928640074,7.53717367583972,-6.26775056245232,0.831936447226061,1.55035928640074,10.062588147183,-1.17648713658296,0.195132068995836,1.55035928640074,7.82450400518204,2.40241218020658,0.0704213928022563,-0.394263137192429,-7.58205191111103,-6.95600752909961,2.21227232025841,8.78937637487594,-4.3440617516162,0.546780895595975,-4.8188587558649,0.689991726687247,7.69918825,0.16478776,-0.91,0.02659072,78.372111210881,-107.188979292925,1342.46038158409,0.17320991228969,0.15955806890036,7.08133543686086,0.140368952464521,-0.937060571430585,-934.564473154669,-937.202564062929,-952.819223318782,-955.136391048855,2.28863358497342,-969.660248364848,2.15359282123013,1918.68418943818,1942.80487898419,NA,2577.73178387526,0.416616266889901,1.01556144751648
"142",-5.86,0.73,-5.86,0.83,1.359326,9.604077,-1.1484446,0.2002995,35,35,-6.17898403686491,0.805221135848432,-6.07627514595633,0.903105899327532,1.28782305375526,11.64549985519,-1.34968115351187,0.18682960752056,1.28782305375526,7.25475095946923,-6.12762959141062,0.854163517587982,1.28782305375526,11.648137134258,-1.34716774463843,0.189224964250899,1.28782305375526,7.59091703979866,2.40497675193048,0.073397903741285,-0.405304792317761,-7.3394261065897,-6.65354512449458,1.91155761665205,7.71112007661967,-4.04671758642841,0.519607248652596,-4.20599744957378,0.623383225387782,4.23250912,0.06816534,-0.871,0.03045987,63.8581708618932,-78.161098594949,1234.82362680379,0.0675152969648121,0.0636320258992382,11.2676052660595,0.230022300428429,-1.57182373459883,-888.138786134552,-890.790253001425,-905.00864808003,-907.802808574928,2.7692287235121,-929.7809064177,3.36188683528358,1825.83281539794,1847.18372850669,NA,2391.48615501262,0.422798590624535,1.41499598668619
"143",-5.86,0.73,-5.86,0.83,1.359326,9.604077,-1.1484446,0.2002995,35,35,-6.05680922777452,0.775777747028096,-5.52829694717598,0.777059618277578,1.1969713111421,10.158337078784,-1.00497399140975,0.137748222776622,1.1969713111421,10.0083731233944,-5.79255308747525,0.776418682652837,1.1969713111421,10.2281683864698,-1.00480462023538,0.137748633575097,1.1969713111421,10.21850994778,2.2759925228706,0.0593405203645527,-0.351313965832764,-7.39266738903065,-6.85651805123728,1.75327517434277,11.9514097857028,-4.35645414105728,0.557067332645168,-4.12073834179144,0.582578900733683,5.43209342,0.08776409,-0.823,0.0226042,112.503280530918,-175.451317932998,1283.89529374638,0.46842039859816,0.422042009352754,7.06141573741415,0.134908397942659,-0.94657565450523,-879.480985964475,-880.292193080316,-907.235456061703,-908.55907988585,1.29803958296585,-922.486007795712,1.50643841203677,1808.51721505779,1851.63734447003,NA,2392.33926955977,0.361894583695694,0.886108936796363
"144",-5.86,0.73,-5.86,0.83,1.359326,9.604077,-1.1484446,0.2002995,35,35,-5.06954152664031,0.551924652698765,-5.38141909926614,0.824465256964504,1.28965741575192,8.81088858914069,-1.05098978046024,0.184948472965214,1.28965741575192,9.01631612735652,-5.22548031295322,0.688194954831635,1.28965741575192,8.83520549421744,-1.07223960598534,0.203518068208598,1.28965741575192,10.3119357466192,2.50160403713758,0.0724949646343478,-0.408915649820457,-7.73905849748722,-6.427209675179,2.18081293427313,8.74743588651616,-3.78568888477919,0.418374176723912,-3.57253377107412,0.542288486350969,4.93820011,0.09446782,-0.831,0.02627113,84.3595000299896,-119.163756931142,1295.88308272791,0.00413120654195238,0.00327898994278739,6.97712502294979,0.17809092830494,-1.02505080983125,-899.907665547581,-906.371456903969,-918.897228007215,-927.412241712625,8.79586197057375,-966.000970190266,9.63397997601404,1849.370574224,1874.96088836106,NA,2472.60240852467,0.426748477617744,1.24591078788135
"145",-5.86,0.73,-5.86,0.83,1.359326,9.604077,-1.1484446,0.2002995,35,35,-5.49068520274693,0.657477911028539,-4.38935152505881,0.613016569027224,1.16924183761563,10.2251399269004,-1.1210004885348,0.174530015179714,1.16924183761563,10.4949917052161,-4.94001836390287,0.635247240027882,1.16924183761563,10.5283738943029,-1.13324218186011,0.175024217912853,1.16924183761563,11.0223229542074,3.15777044347039,0.0804090030859154,-0.488231943281906,-7.53134317446197,-6.69489866716453,2.08211272571663,9.85848974358976,-3.85063586291377,0.465498463474524,-3.20274861558581,0.452090165371103,5.30438312,0.10870778,-0.831,0.02354504,99.2340529290198,-148.912862729202,1261.97180243995,0.225666478593007,0.180939948190577,6.93827118554426,0.119724510171928,-0.87280229065449,-882.310006122644,-884.175014731379,-904.520788331661,-907.660549518548,3.11949115327677,-958.431897002686,3.68254077782494,1814.17525537413,1846.20800900995,NA,2375.03074215069,0.468510193091138,0.884383020686759
"146",-5.86,0.73,-5.86,0.83,1.359326,9.604077,-1.1484446,0.2002995,35,35,-5.65144742382311,0.699162243205005,-6.63834876022568,0.913631532100857,1.26461299223529,9.13144306624469,-1.21888229872621,0.233116675717633,1.26461299223529,9.61580940415847,-6.1448980920244,0.806396887652931,1.26461299223529,9.37493662819299,-1.27179730568337,0.244615944687506,1.26461299223529,9.75517549937965,2.75868819439757,0.0793154639593002,-0.455999720569275,-7.44376093107762,-7.15290974241648,2.10052742819484,9.20721423593619,-3.84750452827277,0.475630903269507,-4.87704058010021,0.677470441016896,4.49747597,0.13671484,-0.835,0.02109241,126.292298858338,-203.029354587839,1327.95497178889,0.207856913781259,0.175976356520238,9.01187367011613,0.18388655026541,-1.24994012221985,-901.630535518278,-903.012015130291,-918.161689689397,-919.074681299816,0.892715205618494,-958.424372483641,0.469518879953699,1852.81631416539,1873.48981172542,NA,2452.88058898995,0.441384755499456,1.15773614821044
"147",-5.86,0.73,-5.86,0.83,1.359326,9.604077,-1.1484446,0.2002995,35,35,-6.00459072909936,0.821738867439672,-6.76710355873279,0.92598030695637,1.23725396421644,7.06087425754315,-0.987995223994377,0.213629147425376,1.23725396421644,9.65690630655626,-6.38584714391607,0.873859587198021,1.23725396421644,7.20623071138206,-1.00786658274711,0.216345716853504,1.23725396421644,9.69057855509422,3.56558507929772,0.0891214256756993,-0.546272034730864,-7.06662442829385,-7.20809373582461,1.92547934828262,10.080453228927,-4.60818586742315,0.630170137368731,-4.6437171678734,0.633318498338452,3.42245711,0.10617914,-0.767,0.02015316,141.106356551807,-232.657469974777,1317.40473296808,0.997881349953295,1,8.59346585630079,0.183737128099602,-1.22634512275514,-892.773846533118,-893.297788591993,-913.073575403664,-913.294403231178,0.214857186008399,-939.979134231884,0.111628484067879,1835.10293619507,1863.31358315396,NA,2402.15199596139,0.521502825435976,1.10639927368957
"148",-5.86,0.73,-5.86,0.83,1.359326,9.604077,-1.1484446,0.2002995,35,35,-6.09955646577076,0.757516295684937,-4.34078019888069,0.58033909579963,1.39011230256415,6.99332813408038,-0.833979560385197,0.162588988676213,1.39011230256415,8.15776946443671,-5.22016833232572,0.668927695742284,1.39011230256415,7.76665162332433,-0.911883323933278,0.170436928716012,1.39011230256415,8.51921116769089,3.70939938552651,0.0993322123284573,-0.592187943184351,-7.54421162861708,-6.84101127053278,2.21994532265994,8.54070209410281,-4.61592270633104,0.582108016810622,-3.57275925119137,0.489085750061177,6.23144519,0.13090338,-0.881,0.02626789,80.3468879242489,-111.13853271966,1281.24169629993,0.241565335491199,0.221853331135987,5.38227405147645,0.105121604013152,-0.696630986714521,-909.791449146065,-912.715664997337,-931.00127771236,-933.710931795836,2.68384522199761,-969.607957689919,2.77832159525043,1869.13814142097,1899.16898777135,NA,2451.3448598802,0.556900535541311,0.806225760640389
"149",-5.86,0.73,-5.86,0.83,1.359326,9.604077,-1.1484446,0.2002995,35,35,-5.77073843673895,0.725309353992571,-6.28264423842267,0.87267305725119,1.34776234002518,12.3338385924653,-1.40245111292269,0.207601036889979,1.34776234002518,9.13841096088855,-6.02669133758081,0.798991205621881,1.34776234002518,12.3993504799146,-1.42131019658661,0.213030052149503,1.34776234002518,9.26121061003595,3.73450225789446,0.0979797149918725,-0.58794020882665,-7.40727422400411,-7.04122521495091,2.09874089309062,9.62045749649189,-3.77118809609859,0.470255265001734,-4.23416474696027,0.584452557941791,5.10193023,0.1026891,-0.848,0.02436105,97.8740408518985,-146.19283857496,1307.47946743393,0.391754134482749,0.357521197939789,11.016441835928,0.210964975453637,-1.48729947573863,-911.672263441835,-912.900367700605,-930.542264959225,-931.385033462841,0.82363756748826,-959.604964145584,0.715357908080118,1872.89977001251,1898.25096226508,NA,2468.7660962929,0.559868918274945,1.35018907728036
"150",-5.86,0.73,-5.86,0.83,1.359326,9.604077,-1.1484446,0.2002995,35,35,-4.81705830148602,0.657357786635594,-5.8009765061275,0.803572024125318,1.45077041335018,9.89094386030236,-1.11495011531905,0.17752031355431,1.45077041335018,8.10045093945461,-5.30901740380676,0.730464905380456,1.45077041335018,10.1329676186586,-1.15091582783003,0.182864964365485,1.45077041335018,8.14087603690092,3.71169529414325,0.0986672993504263,-0.590311105374399,-6.85843194324966,-6.97124355675827,2.20791108099452,8.8728547472385,-3.44250140466017,0.471436218221982,-3.58811891871574,0.501246049301133,4.25325221,0.11425686,-0.845,0.02741876,70.1975737171141,-90.8399043053908,1244.70531904261,0.958180240780603,0.965022727558723,9.49783657937151,0.174720939199473,-1.25752251250679,-921.582632336371,-922.315096885641,-941.025768942578,-941.336027232169,0.302062682897588,-969.473977691555,0.0694752721053627,1892.72050780158,1919.21797023178,NA,2398.57073377983,0.554229890364857,1.14433426048263
"151",-5.86,0.73,-5.86,0.83,1.359326,9.604077,-1.1484446,0.2002995,35,35,-4.99545047935662,0.639182405703954,-5.95789602193704,0.795290280175118,1.32346494457221,13.2166478701982,-1.60358359569192,0.246847577670044,1.32346494457221,9.25049829496971,-5.47667325064683,0.717236342939536,1.32346494457221,13.4482232258064,-1.64114492767854,0.25293999478802,1.32346494457221,9.29211443743135,3.16775792737943,0.0782078071175127,-0.482906162865861,-7.14510833747105,-7.17750355995777,2.30990179403332,8.27317605398407,-3.37936833205591,0.435094571236184,-4.34039631922849,0.58669687850078,6.78086631,0.12019804,-0.895,0.02783529,67.5533026608445,-85.5513621928515,1281.58623464028,0.389838392522564,0.384998277992267,9.38394313148649,0.196403684909805,-1.31872506740423,-911.932295167368,-912.592732528513,-926.854771147013,-927.138389788467,0.276074158148977,-978.344516580561,0.00583024592550557,1873.41983346357,1890.87597464065,NA,2477.62110708772,0.457088865446651,1.21850246835412
"152",-5.86,0.73,-5.86,0.83,1.359326,9.604077,-1.1484446,0.2002995,35,35,-5.26441994658927,0.617110522699916,-5.84804416373811,0.831470133339462,1.3541130887783,7.52499371210343,-0.866631873310313,0.145429593014177,1.3541130887783,7.05630219394604,-5.55623205516369,0.724290328019689,1.3541130887783,7.61014801881408,-0.897908238297272,0.156917103682562,1.3541130887783,7.44246898821744,2.82098127044005,0.0826980836910888,-0.46552159606076,-7.54557637210472,-6.85210149885951,2.04434102525941,7.74538508616095,-3.60719850682635,0.421367509291792,-4.17840661382418,0.601438811705187,3.94407973,0.10384451,-0.846,0.02542301,94.2961303503396,-139.037017571842,1256.92485144633,0.056124546126261,0.0477790149082457,7.67077055481715,0.153795318634243,-1.03937628128107,-897.245614134114,-900.547711903746,-915.602647700306,-918.880057052497,3.25947827902829,-946.371793887603,3.20092972509892,1844.04647139707,1868.37172774724,NA,2374.81268532082,0.479570579420831,1.03540970068586
"153",-5.86,0.73,-5.86,0.83,1.359326,9.604077,-1.1484446,0.2002995,35,35,-6.1007458446708,0.797291557566705,-6.04118132019503,0.805799458709175,1.28823456251062,10.6815085738386,-1.36283921665083,0.23079018620874,1.28823456251062,8.75011123778643,-6.07096358243291,0.80154550813794,1.28823456251062,10.6823955569827,-1.36271252437937,0.230808282304202,1.28823456251062,8.75849248290607,2.49491502787246,0.0624760133989102,-0.379375816702412,-7.30843028986262,-7.198177891968,2.08887014405797,8.44498858381973,-4.42966610163879,0.576588193147517,-4.3127208694357,0.578838477734141,5.96015378,0.13694349,-0.872,0.02211437,115.572018080053,-181.588793031269,1299.61936430355,0.913678932105376,0.891990806306983,7.89165835313672,0.152346782976888,-1.06667437745977,-902.939195536342,-902.978772426706,-916.741207435405,-916.801353943363,0.0584531452243369,-954.34454462229,0.073317925618758,1855.43363420152,1870.64884721744,NA,2417.64993557583,0.377617375172363,0.981886865837778
"154",-5.86,0.73,-5.86,0.83,1.359326,9.604077,-1.1484446,0.2002995,35,35,-5.9678133122679,0.804373858237142,-5.57563880476763,0.826709893958767,1.39738515536362,7.35324847459948,-0.840963509293568,0.169637450876518,1.39738515536362,9.47983111221468,-5.77172605851777,0.815541876097955,1.39738515536362,7.39169868568276,-0.838773603341409,0.169762175499458,1.39738515536362,9.65337485909092,3.75392007551341,0.0935074597787905,-0.580093945010157,-7.13330324275088,-6.60805641431296,2.00124767100538,11.4299021757472,-4.52831415416978,0.628524008750477,-3.8587762399152,0.582124988221606,2.07141501,0.06796478,-0.645,0.03111248,54.3389760658433,-59.1227090028493,1295.79461624943,0.356029075253769,0.283728277762265,9.01071389750318,0.183250593385318,-1.22533703119676,-917.122089986159,-917.79515569456,-941.719233006132,-942.868924669405,1.12606535937683,-953.457408793815,1.31979138327268,1883.79942310116,1920.60489835889,NA,2532.46652349602,0.525077813850407,1.24069455718747
"155",-5.86,0.73,-5.86,0.83,1.359326,9.604077,-1.1484446,0.2002995,35,35,-6.2119102896466,0.765910486295158,-5.38978522341557,0.817035768478688,1.23938265167405,9.6373932441486,-1.1794672121347,0.203814823556415,1.23938265167405,9.41935533117952,-5.80084775653109,0.791473127386923,1.23938265167405,9.80636565027994,-1.16895936813439,0.204468272176001,1.23938265167405,10.3202976342718,2.10271312972067,0.0512196944911894,-0.307196432277092,-7.60655503700036,-6.47983876919957,1.97411437197844,9.61948785942557,-4.7103094361191,0.594704152580591,-3.90889635376336,0.590277806899808,5.82415046,0.12368658,-0.86,0.02007414,132.027943278053,-214.500643427268,1284.19031419115,0.0487276370154779,0.0466201123860713,6.77336435234348,0.137766950111553,-0.90171999819182,-894.642115266792,-898.2093464162,-911.916724442399,-917.7219783869,5.87983370016617,-944.603429177752,7.20609872884695,1838.83947366242,1860.99988123143,NA,2353.87998495503,0.343097708544285,1.00646223108603
"156",-5.86,0.73,-5.86,0.83,1.359326,9.604077,-1.1484446,0.2002995,35,35,-5.83362326729174,0.719175673328524,-6.63285234793096,0.87828465957476,1.49493111542383,8.22334615195492,-0.867510270465093,0.14892845051848,1.49493111542383,8.31369628046203,-6.23323780761135,0.798730166451642,1.49493111542383,8.38303793278978,-0.899301402664849,0.155257367894556,1.49493111542383,8.36427362368208,2.74477784969511,0.0765080197116112,-0.441262551801837,-7.50670193674189,-7.35800084992866,2.0750285483292,10.4234113853569,-4.25279759699913,0.538883611410706,-4.35752637903065,0.589828611305885,4.69650414,0.11463638,-0.853,0.02856757,68.5826246944731,-87.6100062601088,1355.06060341451,0.719871567648108,0.750686931460554,9.24381245136659,0.155939949386504,-1.14848460559625,-926.17167227507,-927.155618207222,-949.993535367126,-950.372636810911,0.369269002917596,-959.372005461692,0.111008274861858,1901.89858767898,1937.15350308088,NA,2622.51120056891,0.448165051335808,1.17607048005442
"157",-5.86,0.73,-5.86,0.83,1.359326,9.604077,-1.1484446,0.2002995,35,35,-6.2698773004867,0.845313223369464,-6.38159642971812,0.845254145083679,1.61376393256369,12.0109381822132,-1.48780145755743,0.235813720577976,1.61376393256369,7.05337884711623,-6.32573686510241,0.845283684226572,1.61376393256369,12.0140584731723,-1.48779980751378,0.235813721450537,1.61376393256369,7.06018898088065,2.36918426593158,0.062133110909129,-0.366160463661624,-7.19146108738316,-7.30353218975362,2.38345889304912,7.46926911866023,-4.03448932067346,0.536665612564352,-4.05074215864685,0.533773538493637,5.32385369,0.11823126,-0.868,0.02840333,67.0415185173545,-84.5277939058715,1326.70201071929,0.993123195887605,0.984761298724001,12.0932761151648,0.235968975156364,-1.65935393510649,-945.511480784403,-945.549860212571,-958.555780500853,-958.614949196077,0.0575024601190846,-982.85085228924,0.074042427659769,1940.57820469764,1954.27799334833,NA,2568.87622753271,0.38072126734899,1.45045859347732
"158",-5.86,0.73,-5.86,0.83,1.359326,9.604077,-1.1484446,0.2002995,35,35,-6.12589692430302,0.851491660984603,-6.13016727239501,0.89126477894415,1.37511141597602,8.73339883837039,-0.9594704883477,0.161260325073305,1.37511141597602,8.74117738275978,-6.12803209834902,0.871378219964377,1.37511141597602,8.73340339733857,-0.959512949612293,0.161655800301361,1.37511141597602,8.77818616579857,2.97667816314483,0.0768478278091841,-0.460124741116591,-7.01067117868164,-6.77798358205294,1.90315259917839,10.8478218473946,-4.29331057618549,0.619010381530013,-4.18272964314146,0.604325379836767,4.48128253,0.11453757,-0.841,0.02635316,79.4758049227434,-109.396366716649,1279.61383452794,0.987123703103512,0.971930210831016,8.4651494838542,0.159434463139957,-1.12476551657231,-910.649176118621,-910.853396967801,-932.666236298743,-932.931677117093,0.25834631151383,-939.465307273538,0.285746751350473,1870.85359536608,1902.49890494411,NA,2449.83130233924,0.458728959295885,1.06375594487326
"159",-5.86,0.73,-5.86,0.83,1.359326,9.604077,-1.1484446,0.2002995,35,35,-5.40330170892188,0.66965535074944,-4.8876516909513,0.675153952512027,1.48326673824314,7.70801859814508,-0.797630428418395,0.143843517777856,1.48326673824314,8.67148658145918,-5.14547669993659,0.672404651630734,1.48326673824314,7.77449233340335,-0.796921589893973,0.143851076433193,1.48326673824314,8.84895016090938,2.98879912488743,0.0748948480959756,-0.457353811368182,-7.3714096459336,-6.82300038153367,2.22753422875177,10.0660904574671,-3.51402317308764,0.435380412950807,-3.10370238430454,0.414225550941905,2.9452245,0.05863875,-0.707,0.03031983,59.0821597415401,-68.6090763542428,1294.75063173651,0.646972392676008,0.668547074201962,9.27158300200315,0.191181164139844,-1.2783385012332,-925.160593722051,-925.900561912513,-950.713116474506,-951.985915129397,1.24774235077241,-975.635209866876,1.45190407731406,1899.87643057294,1938.59266529564,NA,2520.89218711878,0.442252813455211,1.25173891184731
"160",-5.86,0.73,-5.86,0.83,1.359326,9.604077,-1.1484446,0.2002995,35,35,-5.11481317765516,0.686586092040356,-4.84361639548012,0.673511246673365,1.34995010229475,8.20429908180476,-1.04588644282834,0.192729295797967,1.34995010229475,7.96586266610244,-4.97921478656764,0.680048669356861,1.34995010229475,8.22268600547029,-1.04677290682608,0.19277203369331,1.34995010229475,7.99036304001149,2.41754389600014,0.0608996955015383,-0.364248932348938,-6.98205213922035,-6.78875190236656,2.22451295854707,7.73467883163431,-3.24627977886968,0.425142375648258,-3.5753778823219,0.511148951707364,5.96110887,0.15120475,-0.9,0.02941122,51.7462095422774,-53.9371759557174,1219.42169165046,0.619019435389224,0.573044649453992,5.61655093588972,0.116876875630711,-0.766357115394117,-905.865985854348,-905.997006578596,-922.336153733829,-922.527176865973,0.185818753628055,-967.02223156503,0.228838900711354,1861.28721483753,1881.83873981429,NA,2384.90620734521,0.384410571594199,0.80568155859486
"161",-5.86,0.73,-5.86,0.83,1.359326,9.604077,-1.1484446,0.2002995,35,35,-6.60512571956916,0.754662601599165,-4.77367647698574,0.737806513338638,1.31800318847554,11.1067215392137,-1.51437515934256,0.291884183416538,1.31800318847554,11.0573718259975,-5.68940109827745,0.746234557468901,1.31800318847554,11.9452731212535,-1.52209292686198,0.2919552153444,1.31800318847554,13.047141781614,3.70269763612712,0.0926126054728408,-0.566260709720165,-8.06678245332863,-6.33575742275462,2.37394743980881,9.64717354744777,-5.1067077465002,0.614039108776971,-3.29873246351766,0.523963538338774,6.40801525,0.17419724,-0.87,0.02138094,118.434133589076,-187.313024049315,1384.79703639154,0.000446630766635443,0.000368913948526087,9.12432555391109,0.156988077907187,-1.08167398154987,-920.836505752219,-927.752488880967,-937.206092794852,-947.898081829638,11.2217122383322,-989.880955675012,14.1074404164299,1891.22825463328,1911.57861793633,NA,2582.28104873377,0.546440311952365,1.40688628705479
"162",-5.86,0.73,-5.86,0.83,1.359326,9.604077,-1.1484446,0.2002995,35,35,-7.11549772430969,0.952391293806998,-6.12046931481431,0.810210244957622,1.20515418446822,8.79229769151969,-0.932838562441368,0.169423755062214,1.20515418446822,11.9682823757194,-6.617983519562,0.88130076938231,1.20515418446822,9.03981807544542,-0.968207108165613,0.174477617725191,1.20515418446822,12.0214540561966,3.22938530015267,0.0919996282067139,-0.529467091178934,-7.39913807611159,-7.25118756349737,1.7639171698352,14.3296210542258,-5.04868581408174,0.68721810871843,-4.23834016398051,0.557394956670826,5.32011736,0.13435541,-0.827,0.02111606,121.73119046741,-193.907137805982,1377.26347150625,0.526197247908222,0.453199039061288,8.40326395560236,0.154397428146173,-1.09720171710515,-893.490494466722,-894.312120830306,-920.374181005466,-920.660603519685,0.278809033277937,-929.868990486095,0.0963319392045015,1836.53623206228,1877.91479435756,NA,2560.61980520652,0.51968547113881,1.06795472185226
"163",-5.86,0.73,-5.86,0.83,1.359326,9.604077,-1.1484446,0.2002995,35,35,-6.57498449248836,0.859513420055158,-5.14912002929442,0.777803477296484,1.24644328733479,9.42559441319889,-1.0634897311844,0.178810537158791,1.24644328733479,9.98123303045023,-5.86205226089139,0.818658448675821,1.24644328733479,9.93386678004874,-1.0926165571017,0.180479665845197,1.24644328733479,10.6121792784067,2.50635340637371,0.0614643233277268,-0.377211021188458,-7.4119671821137,-6.47290941380933,1.87868574488953,11.215673568071,-4.75860277307658,0.625621856416842,-3.44478468194418,0.522282072033298,5.70284741,0.11944812,-0.86,0.02441988,92.2344054092069,-134.913567689576,1288.16274751705,0.0653014233808499,0.0533721430776222,7.79170692032151,0.145543257461697,-1.00856372722147,-895.555304261582,-898.055091733422,-916.985082932698,-920.895755955959,3.90706077742529,-937.365328701319,4.57256641275034,1840.665851652,1871.13659821202,NA,2441.41192734453,0.373561345104958,1.06144136232655
"164",-5.86,0.73,-5.86,0.83,1.359326,9.604077,-1.1484446,0.2002995,35,35,-4.92564062360192,0.573264812903296,-6.18840970384927,0.755150579211887,1.39372952136724,6.67599282896284,-0.730557723934027,0.150857462004507,1.39372952136724,9.31382537715016,-5.55702516372559,0.664207696057592,1.39372952136724,7.07463926647003,-0.787977654391923,0.159128070000922,1.39372952136724,9.38672509962063,2.4826203901452,0.0658422989323668,-0.384560492571619,-7.4680184421395,-7.64715919326601,2.1993790637308,10.2183968120811,-3.27782141878023,0.379807989943797,-4.71634364921798,0.59465212050672,3.51713469,0.08249041,-0.74,0.02468559,102.142101021044,-154.72895891325,1374.32399992821,0.0950705559781562,0.0591089560601315,8.02506180000105,0.156455142640095,-1.07059584512186,-913.507800180535,-914.990045169416,-939.959749225502,-940.452779753783,0.480634579966291,-972.997200192425,0.154776441997106,1876.57084348991,1917.08593079763,NA,2593.91904094317,0.40731283633398,1.07641994449395
"165",-5.86,0.73,-5.86,0.83,1.359326,9.604077,-1.1484446,0.2002995,35,35,-6.3492674292985,0.771102733928466,-6.48383632520769,0.897495965493698,1.30334547295234,8.7099106937596,-1.16313741530833,0.210750662334442,1.30334547295234,7.69736310304108,-6.41655187725309,0.834299349711082,1.30334547295234,8.71443789069616,-1.16738956471386,0.214744474580818,1.30334547295234,7.98138067180415,2.29385270061455,0.0560991381952208,-0.343986567306084,-7.71297810884996,-7.09452883784639,2.02103714052907,7.71879479519337,-4.86762393300096,0.605442851602589,-4.68011552161934,0.651721837802104,4.91384491,0.10303302,-0.859,0.02279971,118.42703883731,-187.298834545782,1322.32942594356,0.239328573926825,0.208939463971007,7.72414362276756,0.174825439101011,-1.11419934253327,-898.321518805364,-899.947746449186,-911.600201333316,-913.849562575097,2.22058047330876,-943.456366669675,2.58299981096365,1846.19828073957,1860.36683501326,NA,2457.36001734134,0.34416398680736,1.10288234027942
"166",-5.86,0.73,-5.86,0.83,1.359326,9.604077,-1.1484446,0.2002995,35,35,-6.53557163900758,0.848039247219311,-4.59208303579092,0.635289714534757,1.29542211490518,9.35370377032177,-1.19862922305263,0.207200357544506,1.29542211490518,7.97641313134971,-5.56382733739925,0.741664480877034,1.29542211490518,10.29799075803,-1.30199829608066,0.21851594845888,1.29542211490518,8.36271491343289,2.73537534022326,0.0660480059181627,-0.406208074461028,-7.44091448121934,-6.76493254058047,2.14068569598794,7.53801363003425,-4.59072564494023,0.59157068956839,-3.43143297942127,0.480309315401649,5.51082502,0.11842693,-0.869,0.02479526,92.3100171687897,-135.064791208742,1258.76001727341,0.177254080029086,0.151406269845989,7.54057462758672,0.148341914542447,-1.02328811854199,-898.397758554259,-901.344296747672,-912.316874322353,-915.266319376476,2.9263939612934,-956.814292853048,2.97513993637775,1846.35076023736,1861.80018099133,NA,2382.45524333807,0.412075364142214,0.96678760833995
"167",-5.86,0.73,-5.86,0.83,1.359326,9.604077,-1.1484446,0.2002995,35,35,-5.32006559265418,0.627846879093872,-5.6916178448016,0.82392717602216,1.34035816129633,9.03235825194941,-1.13241975154955,0.197417547830213,1.34035816129633,7.95834119296754,-5.50584171872789,0.725887027558016,1.34035816129633,9.06687102096837,-1.15063327053091,0.207029418541084,1.34035816129633,8.43638988287579,2.37035195108714,0.0634913616095623,-0.367441168953085,-7.53725758501938,-6.74061416772983,2.17647774111248,7.80527346531627,-3.73403415733823,0.43747772240349,-3.94513783394724,0.580851787083185,4.55593378,0.10872762,-0.847,0.02625142,84.4024785511485,-119.24971397346,1276.28398005984,0.0409623805657509,0.0362651456255405,7.72844132216925,0.166044828990544,-1.07667507936001,-905.077449381124,-908.056358620075,-920.530367915209,-924.169556210469,3.62871989507161,-961.955583734835,3.94074040501735,1859.71014189109,1878.22716817705,NA,2433.31824614622,0.397813793824083,1.10738034869524
"168",-5.86,0.73,-5.86,0.83,1.359326,9.604077,-1.1484446,0.2002995,35,35,-5.3510459782669,0.671280459121021,-5.6800520225026,0.863084377296915,1.34060588833723,7.45898030486296,-0.748022818919151,0.132202722242758,1.34060588833723,9.33138106221152,-5.51554900038475,0.767182418208968,1.34060588833723,7.48604154914887,-0.763798981016141,0.141399907999665,1.34060588833723,9.82453184524762,2.41196256355838,0.0661582312834154,-0.383499253127466,-7.30947194012973,-6.4957598729375,1.9202203799223,11.5035400069189,-3.79684907167004,0.481807276750202,-4.07023959811957,0.631739978764563,3.91751908,0.10035626,-0.777,0.02360646,100.668768594453,-151.782294060068,1273.39283470707,0.0824541290854641,0.0792920506323216,7.26375538563336,0.146216650361929,-0.973942442361486,-903.451851679998,-906.417184245197,-930.557707541071,-933.821741523858,3.24586355343242,-943.53808479945,3.2817418227193,1856.45894648883,1898.28184742877,NA,2395.00337535408,0.3929586439751,1.02876785055287
"169",-5.86,0.73,-5.86,0.83,1.359326,9.604077,-1.1484446,0.2002995,35,35,-5.41778852876745,0.652108109841428,-6.17460516535218,0.820492920106203,1.20168289747409,11.1547198454724,-1.51334620629039,0.270454858556706,1.20168289747409,9.92929499397351,-5.79619684705981,0.736300514973815,1.20168289747409,11.2979127008252,-1.54520531272953,0.277543219638682,1.20168289747409,10.0259315502541,3.47105475365143,0.085955673347169,-0.525841144350598,-7.49043838641285,-7.24406189634592,2.23015386450372,8.08319940575329,-4.12829332310232,0.508292602345069,-4.83473277520774,0.645175581593077,8.24702515,0.21617803,-0.9,0.01891813,139.017339062372,-228.479434995906,1324.27124274141,0.569073353274977,0.513195846821848,6.09361501394557,0.119171484585442,-0.823306691526491,-895.154622902017,-895.997509215073,-907.693289421451,-908.309507396775,0.601254319762207,-969.012100604341,0.356592178741266,1839.86448893287,1852.55301118953,NA,2420.0630504869,0.517516140749866,0.783832527698635
"170",-5.86,0.73,-5.86,0.83,1.359326,9.604077,-1.1484446,0.2002995,35,35,-5.84096403016921,0.697914898072192,-4.99024289159292,0.743412383782582,1.37454280762193,7.19855179231188,-0.735737614948489,0.111735697191042,1.37454280762193,6.82842197136616,-5.41560346088106,0.720663640927387,1.37454280762193,7.37948340621701,-0.726061196737011,0.112253202492534,1.37454280762193,7.63283390664594,3.046406289673,0.0838057574370657,-0.488279107471466,-7.64070889694975,-6.51892551188682,1.938387330205,8.36855328320662,-4.35783161544068,0.523042117280798,-3.56185014126161,0.533269249965535,4.22584076,0.06254888,-0.863,0.02874411,77.1809992549112,-104.806755380985,1243.22105185091,0.00611932320671207,0.00587526774753656,6.56416540867703,0.136688304107144,-0.876937639135385,-894.501281544665,-898.746023737655,-917.262835221445,-924.109666558627,6.98736115645017,-935.742242063747,8.24616222561752,1838.55780621817,1871.69210278952,NA,2381.63534832084,0.485389715461617,1.01416849009414
"171",-5.86,0.73,-5.86,0.83,1.359326,9.604077,-1.1484446,0.2002995,35,35,-5.39363720713813,0.672947701929265,-5.52000063864348,0.8620027546748,1.53328027817609,8.6424266579774,-1.23948112074967,0.241943382550229,1.53328027817609,7.02068830704887,-5.4568189228908,0.767475228302032,1.53328027817609,8.64641858718285,-1.24545353205176,0.250878835792384,1.53328027817609,7.64314046637168,3.08711962013603,0.0760272075325718,-0.469535169354767,-7.34213016778155,-6.34215251676965,2.43689948251669,6.69874986200346,-3.5447082520817,0.447675226691348,-3.92698294929915,0.606891691131979,4.37044334,0.11879042,-0.862,0.02699248,76.6958984842365,-103.836553839636,1255.90072749747,0.0597660697744592,0.0609904853591222,8.17823945256507,0.208997852587486,-1.23725210771657,-932.76190037538,-936.212168119754,-945.736884406008,-950.968807232205,5.27719632201047,-984.944909084087,6.34263506282058,1915.0790438796,1928.64020115864,NA,2407.9649011553,0.446534767366632,1.32860750535417
"172",-5.86,0.73,-5.86,0.83,1.359326,9.604077,-1.1484446,0.2002995,35,35,-5.1300397039333,0.666587800822706,-4.36942995151045,0.577776158027115,1.29273880948277,9.13780574664672,-1.11143428784934,0.188846345348654,1.29273880948277,8.33135699641294,-4.74973482772187,0.62218197942491,1.29273880948277,9.28243754551692,-1.1283220382591,0.190818222322667,1.29273880948277,8.38118886810053,2.94727675427733,0.0760134439484687,-0.458227735190896,-7.11642330961918,-6.88493034320025,2.28115922356118,7.53764762452369,-3.6381891192548,0.469934327411331,-3.5421226007669,0.472584284829603,6.40295182,0.1237015,-0.906,0.03029067,50.4767742861378,-51.3983054434382,1218.2819635923,0.918931647370113,0.922578218819022,4.66039977163264,0.10434453326915,-0.651659886747004,-897.9178316691,-898.354364944417,-914.523466272535,-914.896289862572,0.36313767398019,-972.384391892774,0.32743774119463,1845.39090646704,1866.2133648917,NA,2385.16562174116,0.442945418310667,0.725598866123603
"173",-5.86,0.73,-5.86,0.83,1.359326,9.604077,-1.1484446,0.2002995,35,35,-5.55645503580918,0.703943594723671,-5.14565423290794,0.728578265456209,1.52704841880504,8.75324057833752,-1.08914796225365,0.217125115675265,1.52704841880504,9.24543155228099,-5.35105463435856,0.71626093008994,1.52704841880504,8.79542990325359,-1.08661797662461,0.21727683242579,1.52704841880504,9.42445031595256,2.50140767636277,0.0666615491572574,-0.386849068894194,-7.32028248798491,-6.76271469156835,2.40944540902975,9.75067924313277,-4.15067170504688,0.543886491088851,-3.08230998548009,0.432487918434649,4.86218577,0.12558597,-0.861,0.03119393,43.8397900600761,-38.1243369913148,1317.44797659778,0.226978009813427,0.155528388468407,8.03660074018307,0.165978038975459,-1.07691799543897,-940.8792004027,-941.607808045432,-961.875614426544,-963.088163862193,1.18816624439377,-993.855961169888,1.42820099184012,1931.31364393424,1960.91766119972,NA,2596.77161620425,0.41785346093416,1.20745986265255
"174",-5.86,0.73,-5.86,0.83,1.359326,9.604077,-1.1484446,0.2002995,35,35,-6.0370682307868,0.80297521909446,-5.16966639660013,0.849749314404132,1.3613804362063,10.5937481758335,-1.18252897208572,0.192242311618043,1.3613804362063,9.80857000982387,-5.60336731369346,0.826362266749296,1.3613804362063,10.7818446613211,-1.17238598806971,0.192789265616052,1.3613804362063,10.6563518994195,2.89516383374903,0.0733602759745317,-0.448572012737133,-7.21089089135629,-6.06482110103849,2.02199529382536,11.1908548733037,-3.80384520549963,0.490342959667399,-4.15071298382973,0.665415977260374,7.09928897,0.13594633,-0.867,0.02547236,78.7832079768405,-108.011172824844,1291.80116344299,0.0255474257990156,0.0185309674910926,7.05650072091594,0.160832541333131,-0.994883787930674,-916.133317824129,-919.356943120023,-937.48594182933,-942.77177622646,5.33365361376234,-955.304668035861,6.3409567302516,1881.8218787771,1912.13831600529,NA,2475.59115406113,0.420223773664204,1.11269968063192
"175",-5.86,0.73,-5.86,0.83,1.359326,9.604077,-1.1484446,0.2002995,35,35,-5.8690485805117,0.706237808017749,-6.21156827948592,0.874685406888676,1.39242920467993,6.47679145561534,-0.689472993277941,0.116897520955572,1.39242920467993,6.80564062192951,-6.04030842999881,0.790461607453213,1.39242920467993,6.50612139166169,-0.703897148492491,0.123991169346917,1.39242920467993,7.12552807047756,3.26797755466341,0.0808673694992539,-0.49704353673584,-7.61920770355446,-6.95816019760936,1.88994388215345,8.66527483443608,-4.16305994541237,0.512842195822997,-4.7265114732827,0.670735833877959,4.60438523,0.09721824,-0.848,0.02559427,93.1268058953752,-136.698368661913,1292.39228375643,0.117699640498168,0.111023777059042,6.09598139050345,0.123061722792214,-0.822517364011224,-898.441545086332,-901.052344573119,-920.226358815376,-923.037845142815,2.78674711722641,-930.632813939912,2.84674906525092,1846.4383333015,1877.61914997738,NA,2448.08619885095,0.478823857023142,0.849393546828474
"176",-5.86,0.73,-5.86,0.83,1.359326,9.604077,-1.1484446,0.2002995,35,35,-5.52557020599331,0.651326272957488,-5.89317837074438,0.856605891552238,1.52531055832241,9.10996954347555,-1.10301052042423,0.200291034878905,1.52531055832241,8.2263094554048,-5.70937428836885,0.753966082254863,1.52531055832241,9.14375348417345,-1.12187613638733,0.210825965331507,1.52531055832241,8.70745017559594,3.01917204100093,0.0761130239253741,-0.463149660356234,-7.60287804547745,-6.74748336280952,2.32940178876018,8.89938448081331,-4.00244478189997,0.486700386099067,-3.81396092296457,0.550764175884258,5.66130423,0.15485154,-0.864,0.02657923,74.022216203301,-98.4891892777647,1334.3897757624,0.190454927788345,0.17119601049249,7.61417968294097,0.153650586999739,-1.01947847712422,-935.623007999372,-938.467852479226,-954.262538468385,-957.820955134665,3.5461165844412,-982.691237064689,3.77596062739659,1920.80125912758,1945.6915092834,NA,2570.29036224703,0.449645268314788,1.0899396669138
"177",-5.86,0.73,-5.86,0.83,1.359326,9.604077,-1.1484446,0.2002995,35,35,-5.48818953166986,0.690355210110986,-5.94504234329677,0.849971719545854,1.44726925361356,9.04278630145348,-1.17110259677185,0.223893334633935,1.44726925361356,8.71625797743162,-5.71661593748331,0.77016346482842,1.44726925361356,9.09496492432634,-1.1893329095512,0.230262692154978,1.44726925361356,8.90298203985587,3.79256564831461,0.0883602635328987,-0.565550570189525,-7.33297306310422,-6.83887201545249,2.2861155294809,8.92782852344316,-3.81006582415178,0.48221196437542,-4.18342765018827,0.594286664715237,4.7568508,0.12794323,-0.815,0.02482663,90.2830706842439,-131.01089823965,1316.78757389285,0.462334736264561,0.402695219606487,7.49643876628998,0.167348558748275,-1.07828554046687,-927.505074103329,-928.679190920679,-945.017154983472,-946.349630556501,1.30680312053687,-978.196098393094,1.28004745290641,1904.5653913355,1927.20074231357,NA,2502.56424954604,0.511371936949401,1.04512837929536
"178",-5.86,0.73,-5.86,0.83,1.359326,9.604077,-1.1484446,0.2002995,35,35,-6.00675108130413,0.765823515049376,-6.13223048946903,0.814272106456806,1.37383910060543,8.47988265038654,-0.856032771875067,0.141235334279465,1.37383910060543,9.30300022959917,-6.06949078538658,0.790047810753091,1.37383910060543,8.48381892085491,-0.857552597019124,0.141822150781806,1.37383910060543,9.3237533654035,3.50854552791778,0.0994665713816915,-0.578290682966959,-7.40191398083473,-7.23874921842709,1.92470498989402,11.6899628535911,-4.33722606928056,0.561400209586222,-4.21519555111607,0.557949175150562,5.14964066,0.10494907,-0.836,0.02416818,101.287802735177,-153.020362341518,1337.49689113646,0.951376033541163,0.965618149664179,7.5003711204766,0.138792260330147,-0.973979195132404,-910.195492958134,-910.358562913497,-936.364566466399,-936.505424308114,0.136971096112373,-944.627591156023,0.129710515141042,1869.94622904511,1909.89556527943,NA,2521.97341993141,0.545292647338271,0.989091703747205
"179",-5.86,0.73,-5.86,0.83,1.359326,9.604077,-1.1484446,0.2002995,35,35,-6.36138251519587,0.718240240449995,-5.52752783972629,0.834716653362392,1.66794519236676,9.62552061666748,-1.10984880184038,0.188278915570192,1.66794519236676,7.47497892457546,-5.94445517746108,0.776478446906193,1.66794519236676,9.7993490216181,-1.08556770146815,0.191670604261426,1.66794519236676,8.71754252503339,2.62838899641197,0.0701507986449337,-0.413331560094662,-8.04003425167451,-6.51224324865246,2.38395171173772,8.75531577620787,-4.07013977404523,0.459648726974835,-4.26527731849542,0.628827949767413,5.54850744,0.11375251,-0.854,0.02614726,85.8241230360833,-122.093002943329,1376.50867343221,0.00798508689523347,0.00712287901690832,8.6975459626288,0.180781598274259,-1.15108981077181,-951.371266845892,-957.358489410345,-970.218301974759,-979.795323511078,9.96985663128035,-987.849389313511,11.9436225909816,1952.29777682062,1977.60303629615,NA,2630.92434392109,0.414741464223054,1.3797528450483
"180",-5.86,0.73,-5.86,0.83,1.359326,9.604077,-1.1484446,0.2002995,35,35,-5.1591204056604,0.661573956142058,-5.20414431215547,0.709202873121267,1.23672153411344,6.21854150714506,-0.787740111283691,0.165853845334704,1.23672153411344,8.88758048863826,-5.18163235890793,0.685388414631662,1.23672153411344,6.21904829518407,-0.788276221259824,0.166420973767858,1.23672153411344,8.93198209961886,2.62481651539559,0.0695217377574621,-0.414249771564816,-7.17537520052193,-6.93663834458081,2.02316027103511,9.01942003529767,-3.47264668251783,0.438282215287988,-3.95775155227721,0.530177521648762,4.07598439,0.10062108,-0.83,0.02555141,89.7598463663237,-129.96444960381,1242.53792949805,0.66031270196551,0.633119725360678,5.52299363914632,0.127311918426521,-0.795650099198602,-885.76477708419,-885.974586158959,-907.723113188396,-908.036754617625,0.305363840036525,-948.580154708429,0.334590056240963,1821.08479729722,1852.61265872342,NA,2355.11140939229,0.400081028081499,0.829156286543443
"181",-5.86,0.73,-5.86,0.83,1.359326,9.604077,-1.1484446,0.2002995,35,35,-6.38457117246329,0.737318224653254,-6.88797897717779,0.957584296279416,1.33429353685757,11.5038983009818,-1.48567382200174,0.231191599305376,1.33429353685757,6.80605764635108,-6.63627507482054,0.847451260466335,1.33429353685757,11.5672531554437,-1.51339473689434,0.243320884882781,1.33429353685757,7.31593518478765,2.64476674123101,0.0752366548973347,-0.428425955001139,-7.94956121586532,-7.14068076404131,2.12426020421642,6.24320062386828,-3.98699119884824,0.454425972530784,-5.03518962927787,0.709687472045518,4.19038001,0.10801244,-0.891,0.02478915,109.656943975217,-169.758644821596,1325.64581016657,0.00858027607284505,0.00655041237006723,12.2448954929275,0.240411994820487,-1.66086785304115,-900.119607986535,-904.416777236596,-909.781366670692,-914.210513233092,4.44163676268697,-949.170875333929,5.06031338649797,1849.79445910191,1856.72916568801,NA,2481.53297551154,0.443604252139264,1.5654832348142
"182",-5.86,0.73,-5.86,0.83,1.359326,9.604077,-1.1484446,0.2002995,35,35,-6.7362953051033,0.842031878598564,-5.04146232735005,0.741925455075251,1.5497308118322,9.08342696624422,-1.19392366322398,0.216835497800613,1.5497308118322,7.01136874398859,-5.88887881622668,0.791978666836907,1.5497308118322,9.80154167186421,-1.23633958019204,0.219340821808271,1.5497308118322,7.70696780367673,3.11521071271439,0.0859211270440877,-0.501856590612836,-7.67742849503182,-6.57900368410997,2.3279089444065,7.34484160277933,-4.4212646428193,0.549852976227949,-3.71002638713049,0.538128091263257,5.6481798,0.1430749,-0.887,0.0277524,70.3980396398089,-91.2408361507804,1307.96959413194,0.0879504800502851,0.0785484593176165,8.64810633426679,0.164621716542282,-1.13531640461315,-934.43117331701,-938.545240542927,-948.270100367454,-954.09843870192,5.90420158781062,-976.55515831453,7.39100579826057,1918.41758976286,1933.70663308154,NA,2524.6983521131,0.490204281384817,1.16665630864951
"183",-5.86,0.73,-5.86,0.83,1.359326,9.604077,-1.1484446,0.2002995,35,35,-5.85984287069031,0.697292504899802,-5.46613664567448,0.708239670837073,1.32373579021851,7.67852916646721,-0.92777069612422,0.164534337560249,1.32373579021851,7.61927187278014,-5.66298975818239,0.702766087868437,1.32373579021851,7.71728031437126,-0.926693204280274,0.164564297670763,1.32373579021851,7.75869037446797,3.08477259667684,0.0863612726286788,-0.492550237740942,-7.66329579493538,-7.20436918806137,2.07316668704304,7.95743123302949,-3.86882317237187,0.458918226640493,-3.70728276988555,0.47891578259796,3.96372551,0.10296228,-0.839,0.02526118,95.7821655281479,-142.009087927458,1294.96408645569,0.61815055152033,0.5980102026219,8.08891707843005,0.146672253283583,-1.05373792223527,-897.096420807258,-897.784406953018,-914.772105511257,-915.895310219593,1.09991403620903,-950.640727043159,1.34963313271411,1843.74808474335,1866.71064336914,NA,2447.91908498393,0.522458223503186,1.00623642949507
"184",-5.86,0.73,-5.86,0.83,1.359326,9.604077,-1.1484446,0.2002995,35,35,-5.46161109779685,0.670405790554918,-6.01932903167218,0.923659726515702,1.38868632226924,10.8178346560437,-1.41876319037106,0.247148794982508,1.38868632226924,8.34943584386508,-5.74047006473451,0.79703275853531,1.38868632226924,10.8955969794852,-1.45407425584852,0.263183184002415,1.38868632226924,9.02205904083285,3.20470763428345,0.0811227374846221,-0.494476003568434,-7.4252481086387,-6.47414462653333,2.29062325565424,7.81160452890918,-3.79895211199943,0.465124526195316,-4.34778793504071,0.680429804469828,7.50216016,0.18671277,-0.898,0.02597774,75.1140722565001,-100.672901384163,1299.49980090996,0.0169509691069705,0.017856233992404,6.1604129926892,0.144709865098944,-0.880178784359085,-919.227202549078,-923.231394748025,-932.199762595502,-937.062842055714,4.8921002462219,-974.504181914959,5.33327332831963,1888.00964822699,1901.56595753763,NA,2498.32670043576,0.471675613661071,0.995522842425764
"185",-5.86,0.73,-5.86,0.83,1.359326,9.604077,-1.1484446,0.2002995,35,35,-6.35411550666537,0.704067273324907,-5.08590579469146,0.74555000125581,1.26207415885441,9.34692414198078,-1.2202183776113,0.224994475836511,1.26207415885441,9.33186513819865,-5.72001065067841,0.724808637290358,1.26207415885441,9.74901311036702,-1.20706617800101,0.225424680015658,1.26207415885441,10.9269238732461,3.22252429497262,0.0844301832151748,-0.509572567667016,-8.11720611373923,-6.60185304323074,2.15445796045315,8.66222509019565,-4.80842371873145,0.546680280613012,-3.5778428504322,0.532401060524347,6.9549787,0.1783099,-0.906,0.0231276,108.02397579836,-166.492708467882,1348.60130943201,0.000697824586531243,0.000649075462003513,6.40351253841901,0.10293713000253,-0.713549650472128,-899.804214279446,-905.991782495781,-915.771527543994,-925.821114821071,10.4980071393128,-962.714815485005,13.1268176783215,1849.16367168773,1868.70948743462,NA,2530.70991039613,0.472764457556585,1.04551369846191
"186",-5.86,0.73,-5.86,0.83,1.359326,9.604077,-1.1484446,0.2002995,35,35,-5.74148716002061,0.657618414150469,-6.5793336768347,0.849348779032,1.42265850218138,8.17352979534285,-0.916474889709953,0.15467072792967,1.42265850218138,7.7154383577034,-6.16041041842766,0.753483596591235,1.42265850218138,8.34902649177723,-0.956635044305824,0.163860861134072,1.42265850218138,7.8298660019782,1.77346480539744,0.048722292104522,-0.276414206912671,-7.78130805049316,-7.47687466737376,2.0882867176511,8.87680482020963,-3.84501223758661,0.447369267113235,-4.49632220568744,0.582719116687061,4.18877914,0.08836463,-0.831,0.02479797,104.142818973144,-158.730394817451,1361.14620744691,0.339835048519255,0.300312444780129,9.29385668800785,0.175694759547313,-1.22716090819231,-912.898292203229,-914.499534317927,-933.205789599369,-934.118859957545,0.892792707759656,-955.840772876092,0.534718132594269,1875.3518275353,1903.57801154537,NA,2563.56202007636,0.311300067081706,1.20755336414629
"187",-5.86,0.73,-5.86,0.83,1.359326,9.604077,-1.1484446,0.2002995,35,35,-5.95409387204908,0.726118480313128,-6.62649918526732,0.883934322369063,1.26066147285066,6.62610040220393,-0.792619463105305,0.158488863190434,1.26066147285066,8.91119097709228,-6.2902965286582,0.805026401341095,1.26066147285066,6.73913262851497,-0.819148515782412,0.16471532319139,1.26066147285066,9.00488205507276,2.77568029397944,0.0889671085737455,-0.480101081066155,-7.58580909407382,-7.31798845829875,1.86139203640732,10.2339806510122,-4.00668139473241,0.493481744870198,-4.75933804992537,0.636270850920276,2.81939603,0.09421385,-0.778,0.0225012,123.912052860379,-198.268862591921,1333.69602215229,0.379859461592102,0.333151592484485,9.07640991623214,0.170472147845435,-1.20513847272185,-890.23169500919,-891.247836391451,-912.587355308887,-913.245961433547,0.642808045712979,-932.167422828888,0.408191081512575,1830.01863314722,1862.3411429644,NA,2469.12318171265,0.508750376438504,1.13623703387602
"188",-5.86,0.73,-5.86,0.83,1.359326,9.604077,-1.1484446,0.2002995,35,35,-5.60697533228388,0.614293909114306,-5.87766370799863,0.848879812795085,1.40852281292485,8.61270851310871,-0.947952943254176,0.178586520516541,1.40852281292485,10.2124628757672,-5.74231952014125,0.731586860954695,1.40852281292485,8.63102656229547,-0.963827862562406,0.192344157067973,1.40852281292485,11.0881979451323,2.2558267483755,0.0611555350453948,-0.35822245110013,-7.90491241268782,-6.77799867802293,2.19196381455177,11.3188010855489,-4.01177430056377,0.452402645457378,-4.11362283215578,0.588097978503891,4.90296142,0.09255901,-0.816,0.02434922,101.535404751167,-153.515566373497,1375.91582292107,0.0322896454433092,0.0248944704160259,7.63871391916822,0.177216694413519,-1.05779102462519,-923.392414031902,-927.418136695605,-948.394364098222,-953.658621961923,5.31105301097846,-975.444789573717,5.59662853465112,1896.34007119264,1933.95516054307,NA,2598.31607946865,0.357800974543694,1.32679993057279
"189",-5.86,0.73,-5.86,0.83,1.359326,9.604077,-1.1484446,0.2002995,35,35,-6.28813938725032,0.816364905286285,-6.14606075892505,0.833259051530483,1.31316635160784,8.50153138386679,-0.978542564090254,0.153636234852702,1.31316635160784,7.15693390879322,-6.21710007308768,0.824811978408384,1.31316635160784,8.50657796802351,-0.977942489808981,0.153707587897032,1.31316635160784,7.19667544178296,2.55000411845884,0.0690589025624119,-0.403833523057204,-7.38218976233551,-7.13946018238237,1.85957664265727,8.34520357057857,-4.67853516102073,0.610056997425785,-4.24030069106106,0.576881780445735,4.90968339,0.09343934,-0.879,0.02559897,95.7318096388523,-141.908376148867,1274.07637734029,0.685102085956951,0.675089607323008,7.63524364451754,0.153163329781469,-1.04869033129698,-891.550240468689,-891.777782789102,-908.94878026545,-909.289000302008,0.331303927862989,-925.485562464432,0.403449815570671,1832.65572406622,1855.06399287753,NA,2406.24437853171,0.407513608685908,0.978232237209841
"190",-5.86,0.73,-5.86,0.83,1.359326,9.604077,-1.1484446,0.2002995,35,35,-4.82458633772996,0.51205297894243,-5.51806408391487,0.768305778210562,1.16797143897788,9.09494236782157,-1.19735073416212,0.240544349967542,1.16797143897788,11.917466830135,-5.17132521082242,0.640179378576496,1.16797143897788,9.21517021393499,-1.24177713758463,0.256960724250731,1.16797143897788,12.5625120972222,2.80330943100249,0.0758083112530253,-0.441877287532268,-7.73164842323156,-6.89843830186589,2.31304737161172,9.69143704648118,-3.25365558387898,0.348497957658491,-3.99507830259768,0.565132739560494,3.87102247,0.09971727,-0.782,0.02219656,118.300694552188,-187.046145975538,1326.04068627751,0.0390362732745491,0.0310879856311838,8.1002411399052,0.193649741349032,-1.17041249477691,-892.198598932184,-895.01436436687,-912.421275843334,-915.832313536988,3.39564085890297,-983.659027936902,3.34068421319643,1833.95244099321,1862.0089840333,NA,2465.03522657947,0.454104220891344,1.31289189442855
"191",-5.86,0.73,-5.86,0.83,1.359326,9.604077,-1.1484446,0.2002995,35,35,-7.09135673387534,0.843228186554639,-6.13168997090589,0.861165978631842,1.25772349029003,7.853959896476,-1.11500603278263,0.231224244382607,1.25772349029003,9.35757306198337,-6.61152335239062,0.852197082593241,1.25772349029003,8.08419997046308,-1.11070245706824,0.231304685478758,1.25772349029003,10.1495005395077,2.30215841069824,0.0612489591040626,-0.359790712229251,-8.02536263056995,-6.95882714416363,2.00785990149498,9.30212009140136,-4.94450512855718,0.588907042788208,-4.99380927150171,0.711922737956233,6.09199233,0.16992821,-0.87,0.01973956,142.110613172799,-234.66598321676,1393.50207067791,0.0804958127031268,0.0749181019943799,6.91166232717991,0.13813891953321,-0.912959164668644,-897.443874102512,-900.828381088592,-915.099454301514,-920.256827030979,5.19919754844012,-947.694131216069,6.54391375442739,1844.44299133386,1867.36534094966,NA,2552.33815813905,0.368673493278712,1.0154877230338
"192",-5.86,0.73,-5.86,0.83,1.359326,9.604077,-1.1484446,0.2002995,35,35,-6.75018435966351,0.903416290425897,-5.65446375983363,0.8939513783743,1.4191359205955,12.0676601183032,-1.45028820215535,0.239967180410146,1.4191359205955,9.65262562384533,-6.20232405974857,0.898683834400099,1.4191359205955,12.3678110265261,-1.45288092693298,0.239989576550182,1.4191359205955,10.3187930278159,3.45802842820058,0.0975856271204401,-0.56304674969768,-7.32560510835755,-6.28627400529756,2.16069134767841,10.361863522462,-5.00271278133854,0.668487132621744,-4.67650486775984,0.73088704018442,7.66811979,0.11895545,-0.881,0.02516696,88.7701905459937,-127.98513796315,1331.83475420514,0.0685412298743594,0.0679992499885949,9.05235857215757,0.212785718201267,-1.32216883496637,-929.376788360238,-931.973427083624,-946.648133260585,-950.894196402577,4.25241485710353,-969.093985270546,5.23615517687394,1908.30881984931,1930.4626988678,NA,2535.68437044712,0.556586822403812,1.3557588987576
"193",-5.86,0.73,-5.86,0.83,1.359326,9.604077,-1.1484446,0.2002995,35,35,-6.25014339557712,0.749001357389937,-6.15242856312251,0.874970621810931,1.60038763218029,10.0936853943491,-1.23517380811085,0.212173355888228,1.60038763218029,7.53611539736793,-6.20128597934982,0.811985989600434,1.60038763218029,10.0960724414696,-1.23209654171902,0.216140419782919,1.60038763218029,7.95150792250941,3.68885303662505,0.0943673293328426,-0.572201908180995,-7.74552835737606,-6.89732124454417,2.34560304944169,8.35773037911533,-4.45457344804841,0.53965327016815,-4.64545427563788,0.666154778570206,6.10064178,0.11854789,-0.868,0.02659943,82.3530916302411,-115.150940131645,1362.57975544609,0.0762445892205437,0.0663745256424535,8.144887540439,0.181722067311294,-1.15098479755711,-944.49447957389,-946.827192389852,-960.591541721022,-963.917659498142,3.30908034799183,-982.419899108757,3.90054898162515,1938.54420227662,1958.34951578867,NA,2610.00857076054,0.547156558465706,1.21204578637019
"194",-5.86,0.73,-5.86,0.83,1.359326,9.604077,-1.1484446,0.2002995,35,35,-5.90304276500645,0.808466937643436,-6.61567133009035,0.989567985819679,1.27135053106834,9.4731800702433,-1.23736033552008,0.207522257982462,1.27135053106834,7.21955973654552,-6.2593570475484,0.899017461731558,1.27135053106834,9.6001399381867,-1.26962478054434,0.215721655395095,1.27135053106834,7.36925015038364,3.15892740629079,0.0793787645838316,-0.483406322571663,-7.04414718755212,-6.67782257108635,1.9407951471612,7.2125860745738,-4.15313309792928,0.568031065986588,-4.82921440027474,0.72935860110178,5.41291169,0.12777593,-0.888,0.02488805,93.1918425834734,-136.828442038109,1236.51118259492,0.195083106108874,0.156768365553071,7.56729415218531,0.168722998954802,-1.09666570270957,-890.25638455918,-891.769203114718,-901.555584308864,-902.818919467098,1.23838118673611,-931.437207433242,1.00188883439252,1830.0680122472,1840.27760096436,NA,2336.19392315172,0.470860132296649,1.0206153477057
"195",-5.86,0.73,-5.86,0.83,1.359326,9.604077,-1.1484446,0.2002995,35,35,-6.07821781609013,0.778889345095287,-6.59073781505649,0.841602159492073,1.17072914898607,12.3386886177531,-1.55210117188386,0.251764288293635,1.17072914898607,10.2255957049292,-6.33447781557331,0.81024575229368,1.17072914898607,12.4043578050882,-1.56013656477632,0.252747512566026,1.17072914898607,10.2474798523949,2.47923182229976,0.0604010735822289,-0.366465102930197,-7.39553788124959,-7.53443116022315,2.02636690424788,9.18441444832732,-4.05236443282668,0.518515310111134,-4.59614366204464,0.590989906098943,5.60465859,0.13750007,-0.883,0.02157035,123.336436295147,-197.117629461456,1331.4261856232,0.765513821580183,0.769669721907151,10.5193634835862,0.190730802631401,-1.38183711547841,-889.300109741967,-889.45732737838,-903.172192334636,-903.308523545992,0.132565083117207,-949.539830130261,0.111238538668518,1828.15546261277,1843.5108170159,NA,2465.73474178494,0.388506297623159,1.2647681495753
"196",-5.86,0.73,-5.86,0.83,1.359326,9.604077,-1.1484446,0.2002995,35,35,-5.44674862637991,0.616892703356519,-6.44666585281668,0.883468162833925,1.24101133293889,11.0661113288126,-1.27876393534321,0.202058146891658,1.24101133293889,9.91107714883056,-5.94670723959829,0.750180433095222,1.24101133293889,11.3160699437438,-1.3454022838624,0.219823765790556,1.24101133293889,10.2823338543705,2.7827760520405,0.0711980871969461,-0.428039876005094,-7.72920276317825,-7.14093238373044,2.07732720016447,9.7099601799068,-3.89036428620193,0.445708688680586,-4.44860257182163,0.614409293811855,6.08835234,0.13592982,-0.865,0.02137826,121.204724880363,-192.854206631888,1332.65995754692,0.111651577477618,0.0942826569987387,8.86088060594653,0.17333310165101,-1.18859087644427,-896.56230912749,-899.898845491293,-915.466404426699,-917.808576515258,2.31374552964478,-957.386083625739,1.85100742264624,1842.67986138382,1868.09924120003,NA,2472.46570846196,0.426644428670441,1.17313456516988
"197",-5.86,0.73,-5.86,0.83,1.359326,9.604077,-1.1484446,0.2002995,35,35,-5.60578262778705,0.6302432063099,-6.76456649229427,0.908552032156111,1.30982517834292,11.1677452417602,-1.37003014149232,0.230436282606561,1.30982517834292,9.6402333555267,-6.18517456004066,0.769397619233005,1.30982517834292,11.5034402529208,-1.45065508567746,0.249800233242535,1.30982517834292,9.93819911564023,2.64821681860307,0.0745342589195604,-0.423324347625714,-7.8086979226963,-7.30938982073462,2.20761008756327,9.17701760044948,-3.9178272306797,0.446809608939379,-5.22744633268271,0.709942613263401,7.87840801,0.16840759,-0.888,0.02127925,121.115075122103,-192.674907115368,1379.78986158888,0.0649270774338371,0.0561438201969754,7.8886833907743,0.164002044693723,-1.08280569262605,-910.500509965714,-913.287733121893,-926.928801143066,-928.862113867195,1.90425068799789,-970.502579228392,1.32050877704634,1870.55626306027,1891.02403463276,NA,2566.9048160624,0.452968209282316,1.10472810190712
"198",-5.86,0.73,-5.86,0.83,1.359326,9.604077,-1.1484446,0.2002995,35,35,-6.12716364716384,0.702556587560084,-5.63771618349786,0.813064161629234,1.27996445628801,15.023507816369,-1.80852629674236,0.261798340446337,1.27996445628801,9.3830819584339,-5.88243991533085,0.757810374594659,1.27996445628801,15.0833975212913,-1.79500438378136,0.264851321427999,1.27996445628801,10.304943685882,3.00239174882823,0.0842954609403549,-0.4849933532101,-7.89925452910464,-6.75143153515894,2.23858231225493,8.22253997535029,-4.67622920490488,0.549097287915697,-3.401735105593,0.498235372688869,5.42883885,0.10099982,-0.904,0.02719979,84.6832506781969,-119.811258227557,1303.39258825904,0.00163176525534625,0.00145761091401553,12.8526122422236,0.234255298245114,-1.64874940012718,-904.492445912325,-909.26320633446,-919.566239257248,-925.520605686428,6.03737866246434,-970.469126697422,7.59404538332097,1858.54013495349,1876.29891086112,NA,2486.97391829053,0.491068057893549,1.71501312536096
"199",-5.86,0.73,-5.86,0.83,1.359326,9.604077,-1.1484446,0.2002995,35,35,-6.23621406249716,0.759263928532242,-5.64981465607801,0.768127572825414,1.45327627052334,8.56843613407562,-0.995261308620851,0.191755402701327,1.45327627052334,9.64003308560654,-5.94301435928759,0.763695750678828,1.45327627052334,8.65440220003781,-0.993961899682796,0.191775043748866,1.45327627052334,9.88615742505191,2.18681320837702,0.0501702876931988,-0.31040529797176,-7.67045728107387,-7.03125057559957,2.18700943002298,10.9173129966331,-4.12320457526595,0.505719248549096,-4.20325213693573,0.578649403641845,4.70783702,0.09490158,-0.813,0.02549563,90.3301830385885,-131.10512294834,1365.81389234134,0.41227235753363,0.380980564209253,8.83979536073226,0.184222633978975,-1.20580866927561,-929.419111206245,-930.374929545777,-952.389556419915,-953.990346358122,1.57297021048979,-973.730696964063,1.86552298510911,1908.39346554133,1941.94554518646,NA,2600.52266173434,0.342099325491551,1.27369097518524
"200",-5.86,0.73,-5.86,0.83,1.359326,9.604077,-1.1484446,0.2002995,35,35,-5.27146491833083,0.680250037525199,-4.89809005418104,0.709332979361061,1.44075717168715,7.40859021486096,-0.662543362827018,0.11460003693162,1.44075717168715,9.40818044031956,-5.08477748625594,0.69479150844313,1.44075717168715,7.44344241215569,-0.659828652962758,0.114811491308077,1.44075717168715,9.59096383026921,3.10390047724247,0.0795850857853558,-0.483186526681029,-7.1764524531177,-6.62980894729726,2.05699622176996,11.8892136933319,-3.6157486673526,0.469213727055085,-3.469200848943,0.506059742193084,5.28571054,0.10662665,-0.838,0.02831434,61.0120866076828,-72.4689300865283,1280.9480087371,0.479194075157977,0.463029365628583,5.70139707404808,0.107137920498632,-0.722872303513407,-917.511028721519,-918.224667972196,-948.727680034775,-949.946316402154,1.19418284375886,-961.459019359181,1.34120582020359,1884.57730057188,1934.62179241618,NA,2489.42708738767,0.456746436647729,0.84427620035394
"201",-5.86,0.73,-5.86,0.83,1.359326,9.604077,-1.1484446,0.2002995,35,35,-5.32608193083676,0.574258532741466,-4.64723503088373,0.622019726473252,1.45719465864501,7.41344260741495,-0.77171121414191,0.126667447558075,1.45719465864501,7.29178892666217,-4.98665848086025,0.598139129607359,1.45719465864501,7.52865088580892,-0.76360557956619,0.127237730464747,1.45719465864501,7.85258189362857,2.77503172181319,0.0731014129840403,-0.436583413773845,-7.86253942372324,-6.89914369067139,2.3127604155269,7.84495291484486,-3.32868953010191,0.355451753881006,-3.26138733247986,0.439128907359968,3.71581072,0.07966165,-0.836,0.02855098,73.4732457974892,-97.391248466141,1284.00690245197,0.0784372786078122,0.070486801308892,7.59590956086178,0.138929328365735,-0.95453190954785,-912.672058399559,-915.45686486086,-935.594197573836,-940.175236740968,4.59899812826835,-976.992766483522,5.39921009949664,1874.89935992796,1908.3548274943,NA,2470.6225564378,0.421857364328381,1.09677117902569
"202",-5.86,0.73,-5.86,0.83,1.359326,9.604077,-1.1484446,0.2002995,35,35,-6.07046857800276,0.721868917588717,-5.15292420671612,0.66318325603178,1.25770124388954,8.27938548572137,-1.0731810490248,0.201400577903846,1.25770124388954,8.77183662956828,-5.61169639235944,0.692526086810249,1.25770124388954,8.48985740404132,-1.086642723634,0.20226157962194,1.25770124388954,9.00230543514557,2.73868222628375,0.0714197994477805,-0.428687271217672,-7.72750159508099,-7.15959120927292,2.13718568452551,8.23721989671065,-5.01675441231308,0.607295828571794,-4.05578981547248,0.536891479003243,7.16619919,0.14835483,-0.883,0.02114402,125.27513948126,-200.995035833682,1323.89432283013,0.246558252842783,0.231328875705765,4.76916612974163,0.0985191225344366,-0.641964500184936,-894.241285873033,-895.453526732399,-911.020174769884,-912.651957012908,1.60378026908832,-959.168331385377,1.94411989500778,1838.0378148749,1859.20678188639,NA,2446.79360982657,0.413102639504597,0.705934068065928
"203",-5.86,0.73,-5.86,0.83,1.359326,9.604077,-1.1484446,0.2002995,35,35,-5.56649492720203,0.646065859213244,-5.52153352638847,0.796350966462377,1.56141771197373,7.79334703358202,-0.924559378226606,0.180109694256004,1.56141771197373,8.13049430298426,-5.54401422679525,0.72120841283781,1.56141771197373,7.79385241547279,-0.922870120990771,0.185756097621225,1.56141771197373,8.65813836158251,2.65029607638913,0.0751269150266967,-0.430711351193901,-7.67514295053809,-6.7348217699833,2.34216538698576,9.13993381774457,-3.55442411537733,0.407551252858023,-3.66808805553675,0.535454749731069,3.45957375,0.10810028,-0.782,0.02646334,82.3488577525122,-115.142472376187,1335.2114474051,0.103735911998006,0.0911811063048327,9.32314138190856,0.185461235533971,-1.24843278428164,-937.899327140671,-940.48072734263,-959.263848207628,-963.196523793253,3.92966632408427,-984.870323493921,4.4304385738332,1925.35389741018,1955.69412876188,NA,2555.28042243402,0.435012959188446,1.29156021216846
"204",-5.86,0.73,-5.86,0.83,1.359326,9.604077,-1.1484446,0.2002995,35,35,-6.42355929677699,0.761493488737693,-5.31229191402027,0.727652746248517,1.30060224421943,10.3249487523717,-1.44999140984199,0.271145534675656,1.30060224421943,9.04332518110753,-5.86792560539863,0.744573117493105,1.30060224421943,10.6336775513664,-1.45939293817611,0.27143183363871,1.30060224421943,9.60197413926657,2.73393112276826,0.0675275030030403,-0.411350582812533,-7.84451937259249,-6.93486637662367,2.29823836394547,7.70378909524653,-4.77356790762993,0.570959282801299,-3.68829819147112,0.502982261620741,5.71512966,0.15440178,-0.881,0.02193293,119.620960047183,-189.686676965529,1337.82387981433,0.0643941341062505,0.0651416315370719,8.26135607781064,0.161461060661569,-1.09806608667085,-908.556417925947,-911.184515433252,-921.156177348618,-924.94541528799,3.78242548854974,-974.886438018419,4.92260559463419,1866.66807898073,1879.47878704386,NA,2485.96108266313,0.415561263038889,1.12984672905371
"205",-5.86,0.73,-5.86,0.83,1.359326,9.604077,-1.1484446,0.2002995,35,35,-5.48852587094687,0.657181044566582,-6.33620910519654,0.848995694780028,1.27292971672712,8.95172458290632,-0.973969209659555,0.164951564796117,1.27292971672712,9.95416859830391,-5.91236748807171,0.753088369673305,1.27292971672712,9.13136629931332,-1.01461872542691,0.174149779805244,1.27292971672712,10.0782653776787,2.95302415176206,0.0696433319369354,-0.431563925210743,-7.53095249622218,-7.2358536803413,1.96962397648133,11.0236819546793,-4.02759831440557,0.493884424598069,-4.29347193860956,0.564904565053281,4.07529755,0.10077124,-0.836,0.02339828,112.270738914595,-174.986234700352,1326.49489577896,0.688961218509969,0.673862249475464,8.8321698858619,0.162549418597582,-1.14609914651015,-898.547878095945,-900.088952510858,-921.963958002163,-922.75251059049,0.770353397590744,-948.392067477052,0.437583656305436,1846.65099932073,1881.09434835095,NA,2478.00355685757,0.444956063927373,1.15375640276248
"206",-5.86,0.73,-5.86,0.83,1.359326,9.604077,-1.1484446,0.2002995,35,35,-5.29076125098931,0.665811594328683,-4.8854738352912,0.69430413048957,1.46327568199879,12.1385465502577,-1.48824990245091,0.231835408434389,1.46327568199879,7.70929149428095,-5.08811754314025,0.680057862409127,1.46327568199879,12.1796110225885,-1.48536298586408,0.232038364588609,1.46327568199879,7.9082559792192,3.02460236668216,0.0787961424080455,-0.478211489229298,-7.28176929410777,-6.70673072097134,2.45417528200824,7.10987657573635,-3.62515459445209,0.458735339658309,-3.22664391557722,0.459606833939576,4.82635549,0.09957759,-0.854,0.0296667,56.6546148067744,-63.7539864847113,1244.21080703091,0.391598810088708,0.381715762451063,9.67777935376408,0.192508883074738,-1.32554202296667,-926.330963249891,-927.402920343451,-940.05320971539,-941.634372602655,1.55346562744915,-988.496512839366,1.97706566803255,1902.21716962862,1917.27285177741,NA,2424.6676275771,0.436848957794039,1.22807885360448
"207",-5.86,0.73,-5.86,0.83,1.359326,9.604077,-1.1484446,0.2002995,35,35,-6.33195055762008,0.72191278848916,-5.98055183812221,0.867929850197323,1.41084066291735,9.93010415538947,-1.43391652070142,0.280686242234548,1.41084066291735,8.7325748126083,-6.15625119787115,0.794921319343242,1.41084066291735,9.96097442040566,-1.42108896857414,0.286016487812019,1.41084066291735,9.69127710732522,3.50503780502894,0.0987252047594161,-0.57128798433515,-7.98872220322595,-6.76739161487859,2.38299033966867,7.83805481167507,-4.74556269350685,0.565704140450121,-4.16636492205881,0.608052598522501,7.34635252,0.19349375,-0.912,0.02402852,97.8330961236154,-146.110949118393,1369.13419691794,0.0189282116706363,0.0148112116876434,7.36975323383667,0.159882221945369,-0.985068824950553,-925.264052264586,-929.408936148344,-938.888882067454,-945.465360928853,6.69830515520891,-984.294474910683,8.42819271368234,1900.08334765801,1914.94419648154,NA,2592.15744471748,0.558953591183428,1.23863460440772
"208",-5.86,0.73,-5.86,0.83,1.359326,9.604077,-1.1484446,0.2002995,35,35,-6.86050352382949,0.886165467902828,-6.05027101174229,0.875419112073522,1.30603914864104,8.70615852854356,-0.969476818235117,0.149861769004954,1.30603914864104,7.6491265430658,-6.45538726778589,0.880792289988175,1.30603914864104,8.87027770945434,-0.971653579954956,0.149890640045857,1.30603914864104,8.0223775241631,2.95843087979551,0.0696333865102129,-0.439572673477543,-7.53870020912385,-6.79249170423517,1.79230434813286,9.38982583676515,-4.71974241075657,0.616152127249443,-4.64921227419101,0.677207571977112,5.23202715,0.11671322,-0.87,0.02642706,85.362608602539,-121.169974076241,1295.34751339315,0.266522928933024,0.258111237401495,8.04237930096559,0.145075757969712,-1.04477907058652,-892.269391249848,-894.058924635887,-911.716721508246,-914.67418964338,2.93452368724618,-920.166851382506,3.55833903270641,1834.09402562853,1860.59987536312,NA,2469.52505271006,0.416171814371084,0.99949520669897
"209",-5.86,0.73,-5.86,0.83,1.359326,9.604077,-1.1484446,0.2002995,35,35,-6.5078134994125,0.859786365469261,-6.21569124997163,0.789907454400895,1.6006865471022,8.70548422003373,-1.07686103971227,0.179735193808887,1.6006865471022,5.92627388079441,-6.36175237469207,0.824846909935078,1.6006865471022,8.72681807218832,-1.08196433588471,0.180955959361912,1.6006865471022,5.94148559276565,2.3366772068577,0.0631925012688864,-0.368744805251479,-7.34317005089065,-7.46736827104236,2.22780307613813,6.80021694540373,-4.57671272766682,0.599738332098305,-4.68732775900283,0.607389497582566,3.42880788,0.05431646,-0.803,0.03143718,62.7502881204302,-75.9453331120231,1321.94723723855,0.975532188790677,0.958973565779434,10.5312021494732,0.22330507940029,-1.49779830068158,-932.408669478005,-932.622153403882,-946.008414646573,-946.161982390099,0.149343850943056,-963.424088804029,0.105631689146872,1914.37258208485,1929.18326163977,NA,2567.94914136508,0.376963410112523,1.34557143687927
"210",-5.86,0.73,-5.86,0.83,1.359326,9.604077,-1.1484446,0.2002995,35,35,-5.16847845192811,0.663093418349684,-6.68699638476991,0.944123131861777,1.40997968849872,10.4897730637188,-1.42686181540948,0.256763754006441,1.40997968849872,8.07723558739258,-5.92773741834901,0.803608275105731,1.40997968849872,11.0662472418094,-1.53354898031686,0.276508178975614,1.40997968849872,8.21678050019753,2.58720254400406,0.0689957169844946,-0.404424252283806,-7.17568068414756,-7.01989630589072,2.34361995892248,7.37268624593662,-3.49204692109107,0.450982511379359,-4.9000897211418,0.690786238369571,5.4612687,0.145625,-0.873,0.0265848,76.231644254006,-102.908045379175,1297.29960103327,0.131007651822112,0.0970609469294551,9.10023373716947,0.196766335548081,-1.30243589317552,-921.759363541449,-923.772023994685,-933.859708204192,-934.927634821163,1.04536827092115,-978.319695860316,0.14717795600632,1893.07397021174,1904.88584875501,NA,2491.69115668736,0.416586770611229,1.19216256967571
"211",-5.86,0.73,-5.86,0.83,1.359326,9.604077,-1.1484446,0.2002995,35,35,-5.64194121415505,0.780606814149262,-5.86389632621162,0.93901289856846,1.51314294125842,7.27789990132128,-0.727406836139907,0.115484525004619,1.51314294125842,6.9459087216029,-5.75291877018334,0.859809856358861,1.51314294125842,7.2902159192633,-0.736196596194334,0.121757646899874,1.51314294125842,7.28402647130734,2.97942062340417,0.0792511804248942,-0.468181972773513,-6.94902904312007,-6.22724169491991,1.93217244929644,9.5995832578389,-4.16659180383639,0.572461752100067,-4.03530580508405,0.650640678677816,1.266189,2.219356e-10,-0.003,0.03423425,52.7017881630967,-55.848333197356,1240.7954272981,0.0527758009855708,1,11.2471405319277,0.269140762516317,-1.68145780782019,-917.855597993005,-920.543938345533,-941.842165073076,-944.759202904131,2.89356545430638,-939.276418109833,3.02712821628258,1885.26643911485,1920.85076249278,NA,2425.74252139885,0.467202851114678,1.61305633482218
"212",-5.86,0.73,-5.86,0.83,1.359326,9.604077,-1.1484446,0.2002995,35,35,-5.69970088628028,0.672310996411738,-5.65490826691453,0.848950373924239,1.3812165979311,5.53867420857942,-0.67608546735462,0.145555356223575,1.3812165979311,7.6499499713274,-5.67730457659741,0.760630685167988,1.3812165979311,5.53917580326683,-0.67410743225414,0.153355723645575,1.3812165979311,8.46274110942564,3.14958919512354,0.0794931512827817,-0.482379873194043,-7.65198717363697,-6.55482285199042,2.00542571413084,8.93596039902639,-4.14218734944293,0.499030327955887,-3.87250400369233,0.58375939096428,3.17385718,0.09004067,-0.822,0.02930943,69.7367622899302,-89.918281451023,1284.61526151756,0.0194031432119803,0.0171244676552408,6.79745286773235,0.144085936257828,-0.902200559723046,-902.696590672208,-906.61064687594,-925.434981235934,-931.721580554514,6.38960890801531,-946.130309450742,7.18908938059353,1854.94842447325,1888.0363948185,NA,2479.31224158409,0.473482267092172,1.11296468490285
"213",-5.86,0.73,-5.86,0.83,1.359326,9.604077,-1.1484446,0.2002995,35,35,-5.81111114480794,0.773949213263097,-6.06840808422495,0.841102110158879,1.22696604322254,9.50645100137955,-1.17379478532989,0.207133574700454,1.22696604322254,9.694031239498,-5.93975961451645,0.807525661710988,1.22696604322254,9.5230014301379,-1.17811434404096,0.208260952590828,1.22696604322254,9.71673804318151,2.65337272702134,0.0728857340504119,-0.423884878814727,-7.15786323706659,-7.01508059392111,1.95386184943428,9.9182669703767,-3.8604462659057,0.527553187329269,-4.35375972287617,0.594757565127615,4.06678482,0.09884723,-0.842,0.02367796,105.211067639849,-160.86689215086,1266.35361541162,0.754154076482144,0.720648488990249,8.55574429464459,0.170575810721506,-1.16196443203085,-893.724459611785,-893.914175329538,-911.27128453615,-911.419759056871,0.144385462871652,-943.048108386341,0.11372350423355,1837.00416235241,1859.70900141893,NA,2371.84033867237,0.426367358580679,1.12941210649066
"214",-5.86,0.73,-5.86,0.83,1.359326,9.604077,-1.1484446,0.2002995,35,35,-4.27684543939041,0.538273705062668,-6.39779343272389,0.885769020197492,1.35274732564354,6.78588011415925,-0.744440165249302,0.150545615913331,1.35274732564354,9.42163361059936,-5.33731943605715,0.71202136263008,1.35274732564354,7.91048521176557,-0.9286950380813,0.180733864423494,1.35274732564354,9.62167657214219,3.82165429086199,0.0980643094901952,-0.600010500306956,-7.02769122380003,-7.07835205085795,2.13404234400194,10.324209147935,-3.08697066596918,0.38843968340176,-4.6555821326709,0.639071332370609,4.90267732,0.11568413,-0.828,0.02647548,77.0187676664076,-104.482292203978,1288.0159787124,0.0729476067623562,0.0549773471558833,7.37619917493226,0.163108010421351,-1.05196518616861,-907.347894626422,-911.910623603856,-933.375454541801,-934.706369594694,1.30525807116051,-965.937289380486,0.0126380653920395,1864.25103238168,1903.91734143023,NA,2471.54966522082,0.544234526475975,1.03792635531133
"215",-5.86,0.73,-5.86,0.83,1.359326,9.604077,-1.1484446,0.2002995,35,35,-6.05284967446664,0.754573301898298,-7.07660991245891,0.95359052925185,1.37303867047196,7.53750020244706,-1.02341843936369,0.188476656580874,1.37303867047196,6.4023071733706,-6.56472979346277,0.854081915575074,1.37303867047196,7.79952145867056,-1.0743549203737,0.198378620776748,1.37303867047196,6.48312727254706,3.09847676159063,0.0797386816704682,-0.481230205466973,-7.5150384327358,-7.35310552980632,2.02396793838638,6.70926237558902,-4.16699290307155,0.520936678662918,-5.17784296017602,0.68949302744245,4.81496342,0.12671267,-0.891,0.02363326,113.499648459251,-177.444053789665,1312.16732795494,0.334897921010465,0.267623484971978,8.5594771607944,0.178557028798116,-1.20130632635624,-900.674660297305,-901.984688417165,-913.076743873753,-913.836877890108,0.742439703633173,-939.504347278174,0.19998651347646,1850.90456372345,1863.31992009413,NA,2446.89060212022,0.464819353459079,1.10797566597928
"216",-5.86,0.73,-5.86,0.83,1.359326,9.604077,-1.1484446,0.2002995,35,35,-6.69957598126588,0.71344637459403,-5.68691118860177,0.741506829888819,1.35316450628886,10.2657913580756,-1.14045677762548,0.15788977163175,1.35316450628886,6.93699015025893,-6.19324358493382,0.727476602241425,1.35316450628886,10.522163853651,-1.1333528188397,0.158086618919587,1.35316450628886,7.83841275848473,2.91830597193123,0.0754559368687485,-0.455315731452045,-8.40678833000659,-7.22694660589489,2.04168176794131,7.48309674470686,-4.34296991260359,0.440267953155826,-3.64534757009039,0.474590293753489,5.0079,0.11102572,-0.895,0.02193166,135.071354701223,-220.587466273608,1369.04518264292,0.00262118577905561,0.00249610600932232,12.0484897686226,0.191476157063044,-1.46262473924183,-895.418172109468,-900.555641366474,-914.386522696958,-921.916645241166,7.72291967092274,-944.987122803897,9.56427361735084,1840.39158734777,1865.93947774054,NA,2517.50289901224,0.435556414745888,1.47622394800779
"217",-5.86,0.73,-5.86,0.83,1.359326,9.604077,-1.1484446,0.2002995,35,35,-5.52017217114841,0.70318173900997,-6.40653864260712,0.880087968792369,1.42319543645622,11.4883507272173,-1.59210092875686,0.270932004570366,1.42319543645622,6.94120298877198,-5.96335540687776,0.791634853901169,1.42319543645622,11.6847621076488,-1.63130186642469,0.278755958104321,1.42319543645622,7.00734219766171,3.1752631450187,0.079924956313627,-0.490037064037071,-7.28853856252111,-7.12094349492829,2.37785698787763,5.88166297184314,-3.74159049042819,0.47454143085067,-4.1289591816176,0.565746562270732,5.97970354,0.15495626,-0.916,0.02762988,72.6185244210982,-95.681805713359,1279.39722968076,0.617398289788073,0.577467448954725,9.40405334920615,0.192987138705516,-1.31098187799165,-918.929752208505,-919.790991822392,-926.786054882178,-927.366643407224,0.566345704909016,-975.008908866854,0.204263277863741,1887.41474754585,1890.73854211098,NA,2463.11265364817,0.459761026841516,1.20031453585808
"218",-5.86,0.73,-5.86,0.83,1.359326,9.604077,-1.1484446,0.2002995,35,35,-6.61735885414032,0.744890546032943,-5.27381204202471,0.60489632694804,1.37053253924806,10.4483385743989,-1.17917899877338,0.189365506020442,1.37053253924806,9.19424095751562,-5.94558544808252,0.674893436490492,1.37053253924806,10.8996180834854,-1.22620119546491,0.194265101364741,1.37053253924806,9.39175157946163,3.22052054246381,0.0872619969078241,-0.513399756159943,-8.13723496625035,-7.62773748516469,2.2593735714994,9.27088797302845,-4.30563853006146,0.484558806040392,-3.24799854285741,0.350338226037081,4.52658558,0.08822444,-0.817,0.02377634,114.205534418535,-178.855825708233,1426.10474005742,0.358394126405632,0.293856619656992,11.8403778482561,0.212144748765573,-1.53324791869104,-914.832039861454,-916.070287673933,-935.031335565247,-936.37459533452,1.31748134542835,-976.502313732591,1.33117455362882,1879.21932285175,1907.22910347712,NA,2673.3536544066,0.502536226713979,1.46730218617674
"219",-5.86,0.73,-5.86,0.83,1.359326,9.604077,-1.1484446,0.2002995,35,35,-5.17494122118339,0.643230227563079,-5.76681177857624,0.846667938223981,1.44951851654866,10.0360807347551,-1.32234997191001,0.236107000870914,1.44951851654866,7.87126823009296,-5.47087649987981,0.74494908289353,1.44951851654866,10.1236584239322,-1.35245216971091,0.246453726400652,1.44951851654866,8.16688403647322,3.82690750634492,0.100720542274018,-0.605047358731361,-7.30048320411526,-6.6803245249288,2.37257068815605,7.45952304375625,-3.49137420414261,0.425997935219719,-4.4355018560347,0.638675739256942,4.98088658,0.11486985,-0.837,0.02573934,85.4535064676992,-121.351769806561,1277.26429292661,0.0925287461723402,0.0640039239970348,7.98942447167106,0.19797531252745,-1.21585803390225,-925.536785164235,-927.600682887621,-939.028828593012,-941.323405001251,2.26595277163061,-981.688770302583,2.28027683396267,1900.62881345731,1915.22408953265,NA,2433.17681604666,0.56902718103828,1.17228105151622
"220",-5.86,0.73,-5.86,0.83,1.359326,9.604077,-1.1484446,0.2002995,35,35,-5.6546188256293,0.634721373829089,-6.97975755893558,0.87271559017594,1.34913914795424,11.2262667554017,-1.3382574329051,0.221609226104198,1.34913914795424,9.62230928514051,-6.31718819228244,0.753718482002515,1.34913914795424,11.6652649210289,-1.41710127150112,0.235769537857836,1.34913914795424,9.72119461388594,3.68555918656333,0.0882178254718137,-0.552109534915102,-7.83085435727379,-7.7380851353044,2.22750449597603,9.4928032829543,-4.23782014527511,0.491061721468781,-5.25886217316537,0.666306304452243,8.6250212,0.16054125,-0.904,0.02204089,118.274550423414,-186.993857717991,1425.25356244172,0.344242003733726,0.319330128017086,7.61984085477178,0.152952848808647,-1.02445622644832,-916.278397826247,-917.934640654814,-934.056178612915,-934.704808994547,0.633026413954598,-973.770083184662,0.0438172048375151,1882.11203878133,1905.27878957246,NA,2663.51326716545,0.524717976407679,1.06182876618943
"221",-5.86,0.73,-5.86,0.83,1.359326,9.604077,-1.1484446,0.2002995,35,35,-6.41540670804459,0.828291996827041,-5.34332995131434,0.761268244480056,1.49444226013802,7.43391466878086,-0.968323058357244,0.197239805121428,1.49444226013802,7.9577066986502,-5.87936832967947,0.794780120653549,1.49444226013802,7.72125181186119,-0.986286710117257,0.198362850966096,1.49444226013802,8.22939431873711,3.56435009415807,0.0850954560661413,-0.534201713251189,-7.4383985581012,-6.76563197413043,2.20702794013726,8.86500295915903,-4.35711730675602,0.561209669753466,-3.77191693581946,0.530895138628737,3.8742278,0.1001926,-0.837,0.0297044,62.1032605134143,-74.6512778979912,1302.61929103254,0.352548302933002,0.333228898058729,8.83940291916361,0.186739777531619,-1.22161080552062,-927.994206459737,-929.636768927902,-947.185379887094,-949.276922487658,2.06244285367071,-969.348114459743,2.47383502779752,1905.54365604831,1931.53719212082,NA,2530.58730416708,0.503001648477426,1.25351870218873
"222",-5.86,0.73,-5.86,0.83,1.359326,9.604077,-1.1484446,0.2002995,35,35,-4.38667465198535,0.493512219666862,-6.09928163628943,0.883889635972406,1.52659931957952,4.88767694420585,-0.390939192916996,0.0862399897014314,1.52659931957952,8.04626376621851,-5.24297814413739,0.688700927819634,1.52659931957952,5.62093261487764,-0.558079965336861,0.124338621491779,1.52659931957952,8.48360993217029,2.39627458205148,0.0662669044160451,-0.382699702112278,-7.40419778346197,-6.79103713930865,2.18219571098106,10.2547927469099,-2.89388446472911,0.324553196643793,-4.05130788340839,0.595868013818831,2.9444882,0.06940646,-0.744,0.02798857,74.9787512936199,-100.402259458402,1284.65359762503,0.00700778717254194,0.00423110184019461,7.65502937094996,0.175276174255434,-1.08056426940576,-919.608899514481,-926.841476271121,-953.089944991998,-956.394869647135,3.28749415817138,-971.188909677194,1.82164734474866,1888.7730421578,1943.34632233062,NA,2468.90493579166,0.392525237880129,1.21489473714795
"223",-5.86,0.73,-5.86,0.83,1.359326,9.604077,-1.1484446,0.2002995,35,35,-5.12575888721639,0.61816214271682,-4.64250211555887,0.673935627683085,1.36811916201914,10.1388737033929,-1.42533849636433,0.248061294749735,1.36811916201914,6.62635196477529,-4.88413050138763,0.646048885199953,1.36811916201914,10.1972579802311,-1.41860026779211,0.248838965156055,1.36811916201914,7.05678346489784,3.42514359069247,0.0971164507453377,-0.562690155449306,-7.40065003279864,-6.58510927020639,2.47671434998297,5.09236952839702,-3.82760827475382,0.476372030654707,-3.5892998711786,0.521270829601576,7.11152667,0.15547615,-0.919,0.02855264,60.2968384377604,-71.0384337466833,1210.95032685341,0.147153698759731,0.140401076435049,4.91483490429621,0.11556770962498,-0.707204550433253,-906.376863482409,-909.009932966622,-914.284600150299,-918.127935408377,3.83792174076452,-980.724721071171,5.24537025984657,1862.30897009366,1865.73563264723,NA,2350.86221996014,0.53959884506207,0.777141941072652
"224",-5.86,0.73,-5.86,0.83,1.359326,9.604077,-1.1484446,0.2002995,35,35,-5.49261967888714,0.678508051481981,-6.51029502942004,0.875942333160673,1.58828769094315,8.21286868140429,-1.06421691268283,0.202237160517349,1.58828769094315,7.10497841979138,-6.00145735415359,0.777225192321327,1.58828769094315,8.47178446117486,-1.11444791313648,0.211982234412845,1.58828769094315,7.17337664241322,2.85205144320041,0.0825716976953207,-0.470822631144423,-7.4079855157461,-7.2493985060695,2.36349418109359,7.69990152855064,-3.48880877439896,0.423349141285522,-4.14626333460075,0.553311298768223,4.86954204,0.14224834,-0.878,0.02853886,66.0948838956123,-82.6345246623872,1327.36637418707,0.522782863505698,0.468668877598545,10.00417118612,0.193005253370989,-1.34416634811775,-938.842185407484,-940.004689840223,-955.104221192049,-955.692475194648,0.573854598665844,-981.730362785619,0.145550367794974,1927.23961394381,1947.37487473073,NA,2572.09822371175,0.467720770964879,1.27332817464489
"225",-5.86,0.73,-5.86,0.83,1.359326,9.604077,-1.1484446,0.2002995,35,35,-5.78435069483247,0.71918157987754,-6.98661719134968,0.999353536061184,1.31303113076417,11.5531642674868,-1.36761755505293,0.204330312385188,1.31303113076417,8.07395111865536,-6.38548394309107,0.859267557969362,1.31303113076417,11.9145254496487,-1.45182789409875,0.22395439364313,1.31303113076417,8.35209952564701,4.19534259645157,0.102733877290384,-0.641825559628794,-7.45739417459202,-6.99046865621179,2.03534194192293,8.27750461107237,-4.35742512841542,0.545624508355259,-5.06649174034382,0.736208831331764,7.00487631,0.13435773,-0.923,0.02594827,90.537767122991,-131.520291117145,1293.06118042573,0.0254182471380473,0.0230224817190119,8.34487591215999,0.176206008777293,-1.15285681408471,-900.658003305996,-904.218077447851,-916.381311516238,-918.494826558434,2.08443834754038,-947.358262280167,1.37395851402698,1850.87124974083,1869.9290553791,NA,2454.60206973432,0.583343668163647,1.1835738299739
"226",-5.86,0.73,-5.86,0.83,1.359326,9.604077,-1.1484446,0.2002995,35,35,-6.72037145921596,0.903530832748931,-5.50804072129854,0.72362771212939,1.25764944378464,5.89463791974664,-0.84066237590919,0.188409250320157,1.25764944378464,8.47081636626183,-6.11420609025725,0.81357927243916,1.25764944378464,6.2620743742715,-0.895187896652775,0.196500533522319,1.25764944378464,8.54174604284003,2.42426341752572,0.0611684315864776,-0.367792504433318,-7.29510979438946,-7.15459529562638,1.94290006843607,8.88960457506429,-4.66838916585247,0.622486692939242,-4.14316967876152,0.546701878210019,1.79900196,0.07255037,-0.73,0.02500318,108.657915173387,-167.760587217937,1294.33257993065,0.658242791821332,0.631765677799509,8.86345824928255,0.190050305437263,-1.25618151111012,-888.170285477536,-889.637414593329,-908.819831087456,-909.34212790241,0.509271621451723,-938.206352644263,0.122281243846521,1825.89581408391,1854.80609452154,NA,2420.90457264337,0.377445385271146,1.1827604475172
"227",-5.86,0.73,-5.86,0.83,1.359326,9.604077,-1.1484446,0.2002995,35,35,-6.20662429995211,0.691557672191623,-5.02651446568389,0.654074145663082,1.34901103464151,8.62995120474537,-0.997173350518445,0.151909584395629,1.34901103464151,6.55360013818474,-5.616569382818,0.672815908927353,1.34901103464151,8.97811600997951,-1.00823202008829,0.152260838085883,1.34901103464151,7.14969846297915,3.61052234761966,0.0876733253852773,-0.54373821890203,-8.04424387347092,-7.0874511906546,2.11740043002553,6.71225577884504,-4.51994165644923,0.499240714916578,-3.87489797532048,0.50896922264543,5.95715988,0.10337488,-0.892,0.02377804,114.39041351802,-179.225583907202,1313.64700834211,0.0449430401811999,0.0515741254926173,6.70139641962559,0.123106286979422,-0.862298498034704,-893.815056006503,-897.090555017017,-910.167661987217,-915.484626721212,5.366273742915,-950.574591963384,6.67111197712398,1837.18535514184,1857.50175632106,NA,2448.06843277701,0.523012729522062,0.899527693273374
"228",-5.86,0.73,-5.86,0.83,1.359326,9.604077,-1.1484446,0.2002995,35,35,-4.78067013742923,0.581784808575113,-6.86308145672949,0.971587524011455,1.66259123400661,10.9361371931045,-1.34698117188931,0.221615336173682,1.66259123400661,6.97909225519353,-5.82187579707936,0.776686166293284,1.66259123400661,12.0202464187919,-1.54991356861896,0.259601875414068,1.66259123400661,7.21249735872478,3.39915820946202,0.0891681825398664,-0.530888273784201,-7.27228802647182,-7.03235563637814,2.57961697929288,7.11329628348426,-3.25362243968423,0.392142323112848,-4.5702194251265,0.661633888157243,5.43526519,0.12720772,-0.879,0.03091914,49.0936013371092,-48.6319595453811,1313.9720143477,0.035242548538084,0.0249414335503499,10.8209551189375,0.233124088844477,-1.53615137270135,-950.973557219556,-955.151143853058,-965.210062507775,-967.228331185712,1.98914193902122,-1000.72455731945,0.327319711067353,1951.50235756795,1967.58655736218,NA,2579.31206915002,0.525551711708539,1.45180600274627
"229",-5.86,0.73,-5.86,0.83,1.359326,9.604077,-1.1484446,0.2002995,35,35,-4.80044530430607,0.602969670382378,-5.83665863294394,0.816050605847401,1.26059955328453,13.1107272209973,-1.57524485803382,0.241733919847717,1.26059955328453,9.81524763088644,-5.318551968625,0.70951013811489,1.26059955328453,13.379161736609,-1.63044418438569,0.25308479111238,1.26059955328453,9.93306218581258,2.00923391762838,0.054443229658033,-0.317384875164106,-7.1658492687037,-6.93258152275479,2.26058971695206,8.60322453433702,-2.85205453710862,0.349210525154086,-3.7588849972862,0.53370921281612,5.57665014,0.1220088,-0.884,0.02737063,67.9830452306154,-86.4108473323934,1247.82114692455,0.165016099963059,0.146818031335759,10.6246038227816,0.211476167619947,-1.4521375646363,-902.89945435808,-904.440102805892,-918.685791912921,-919.444204827554,0.740749542534585,-974.281644265603,0.298275454419883,1855.354151845,1874.53801617247,NA,2409.23144651671,0.324633593917737,1.3620739631837
"230",-5.86,0.73,-5.86,0.83,1.359326,9.604077,-1.1484446,0.2002995,35,35,-4.85069513186689,0.568397131802649,-6.46433462105744,0.888057453620224,1.38897946698926,10.7220225586633,-1.21047655038908,0.18866469784147,1.38897946698926,8.75489477091604,-5.65751487646217,0.728227292711436,1.38897946698926,11.3729806589321,-1.33943067999213,0.214210378177599,1.38897946698926,8.97166717426603,2.88593139631836,0.0746928931520184,-0.450785089948172,-7.42207333479321,-7.13125934503635,2.24259215489335,8.96855575475139,-3.47056157742832,0.423830852358671,-4.25289916671082,0.587610784883058,5.61972233,0.10971159,-0.857,0.02767808,71.0544456863308,-92.5536482438243,1314.10127022399,0.231551791092824,0.222258951714538,8.64720107205203,0.178994188299642,-1.19330545958317,-915.704050459833,-919.294721048077,-935.223198211911,-936.761700369819,1.51108994755618,-973.630071434241,0.450189135509788,1880.9633440485,1907.61282877045,NA,2535.64889220416,0.429923565429854,1.17435938960951
"231",-5.86,0.73,-5.86,0.83,1.359326,9.604077,-1.1484446,0.2002995,35,35,-5.58306660165857,0.764966140764018,-5.7240196941598,0.805431986310567,1.56833555677163,8.98602215277166,-1.02918219281988,0.1850438235701,1.56833555677163,8.39302997874691,-5.65354314790919,0.785199063537293,1.56833555677163,8.99098909634308,-1.03060813933749,0.185453194734049,1.56833555677163,8.40094426532869,2.77709387586311,0.0730041094997489,-0.436711766626034,-6.98333751531874,-6.88320557139292,2.25459194006231,9.91309406265642,-3.79218330169775,0.511731790921954,-4.39059958683794,0.633026516974772,5.6655109,0.107163,-0.829,0.0278664,65.5696478853606,-81.5840526418838,1311.74149932649,0.486674906431472,0.424695361586192,7.0358876471156,0.163124045179655,-1.03017687240743,-941.262889712408,-941.335204751417,-962.33128686177,-962.390241938144,0.0572947695024096,-978.106003505156,0.0484927047003835,1932.08102255365,1961.82900607017,NA,2541.89894601109,0.420507630875834,1.00822087776053
"232",-5.86,0.73,-5.86,0.83,1.359326,9.604077,-1.1484446,0.2002995,35,35,-6.24830912149582,0.757287251083368,-5.61985438626216,0.84951003363373,1.18006223179859,11.2987416678512,-1.31604432405711,0.20353769744112,1.18006223179859,9.96233572561387,-5.93408175387899,0.803398642358549,1.18006223179859,11.3974805064106,-1.30155486295956,0.205663957846453,1.18006223179859,11.0071171135001,2.2111872044434,0.0655208610939115,-0.370278302685361,-7.69432887280846,-6.51643466361194,1.90402069673224,10.0679843957479,-4.54952829871931,0.556877560375185,-4.22679221944586,0.639416802636918,6.89662475,0.13946486,-0.891,0.02025983,130.924119611479,-212.29299609412,1291.23146748507,0.0155385375338656,0.0154986349703803,7.44120085737618,0.142426944954615,-0.959323857190571,-885.364088566472,-889.695553480618,-903.456415438187,-909.828809039493,6.48083913451611,-937.193976671197,7.83464516332739,1820.28342026178,1844.079263223,NA,2370.16993887602,0.366552601909141,1.08287612162098
"233",-5.86,0.73,-5.86,0.83,1.359326,9.604077,-1.1484446,0.2002995,35,35,-4.86186831343424,0.616916262024324,-5.51543030424371,0.791813790660959,1.28910843799382,7.50362706334155,-0.765140848563194,0.15198369197638,1.28910843799382,11.3142823975924,-5.18864930883898,0.704365026342642,1.28910843799382,7.61041288229927,-0.793717442814049,0.159630978357181,1.28910843799382,11.4694292134506,3.41871576591381,0.0838017356452164,-0.520142657788562,-7.14418209378606,-6.75574986717926,2.02111189791607,12.7338410456514,-3.68080848526577,0.47494898243541,-3.61645089343008,0.522237392484291,4.41374445,0.08004111,-0.797,0.02686194,76.3682322251907,-103.181221321544,1280.84818211253,0.481415139062685,0.464266639698535,6.27693546101571,0.149369042758418,-0.889567355398662,-903.704857940819,-905.046849097022,-933.251021712411,-934.127437573604,0.856727427367109,-959.368796141771,0.646837358302735,1856.96495901048,1903.66847577145,NA,2458.51514290352,0.487618230142213,1.07244833509866
"234",-5.86,0.73,-5.86,0.83,1.359326,9.604077,-1.1484446,0.2002995,35,35,-6.23865900506146,0.762767624144036,-6.87533571806468,1.00057592524051,1.25697348905669,6.49467529369396,-0.731157077829281,0.142244231989015,1.25697348905669,8.89019918289934,-6.55699736156307,0.881671774692271,1.25697348905669,6.59601460291411,-0.769008829696027,0.156382429006613,1.25697348905669,9.4138393847937,2.71173120637717,0.0736255001377969,-0.433221068474093,-7.65202811183376,-6.8719045045138,1.76185614712334,10.9632185977669,-4.6266630359244,0.572848653416634,-5.40119548555483,0.78746622105605,4.05002747,0.08554306,-0.787,0.0228281,118.751251540407,-187.947259951976,1338.62708702355,0.0315982549405214,0.0252797517426681,7.15544158289985,0.16351934581413,-1.02549274087885,-887.840101023255,-891.247672319568,-911.721156729455,-915.332550974222,3.60028479410037,-920.904301354704,3.43601710760375,1825.23544517535,1860.60874580554,NA,2489.30691409512,0.421985093546816,1.07188512160502
"235",-5.86,0.73,-5.86,0.83,1.359326,9.604077,-1.1484446,0.2002995,35,35,-6.46632363047952,0.857965999145842,-6.23971240659717,0.894304580961032,1.37977270898368,5.48303521966426,-0.634917105097486,0.136734577916793,1.37977270898368,7.91011714631794,-6.35301801853835,0.876135290053437,1.37977270898368,5.49587338136162,-0.632858422472663,0.137064701048878,1.37977270898368,8.03675798608869,2.64402372500724,0.0725706129404947,-0.422618489984071,-7.31252545345675,-6.86941836244752,1.83138633900943,10.3449928915967,-4.5123574712891,0.594484908989624,-4.06204832630365,0.573117626843183,3.47604562,0.09817861,-0.801,0.02549191,92.6280644076098,-135.700885686382,1307.24402679747,0.536278998157833,0.501462298896157,8.0518162166499,0.169726851978411,-1.12866292610475,-902.801390600235,-903.379296873134,-927.253100091869,-928.241016468336,0.966494262981702,-928.530002853829,1.12455360757922,1855.15802432931,1891.67263253037,NA,2478.78716790856,0.423076349661142,1.07550680494848
"236",-5.86,0.73,-5.86,0.83,1.359326,9.604077,-1.1484446,0.2002995,35,35,-6.07304991794001,0.740516563522596,-6.02549952142528,0.797272576464994,1.30088289030767,11.862207416586,-1.40782912576623,0.212955187231373,1.30088289030767,8.57430078634464,-6.04927471968264,0.768894569993795,1.30088289030767,11.8627726766381,-1.40715443303623,0.213760498482652,1.30088289030767,8.67985968017109,2.86439314961243,0.0798851450940906,-0.465062824197805,-7.61898508599204,-7.23329705110936,2.09256292837235,8.47308497636833,-3.977337592382,0.47072198580991,-4.59295122343873,0.606081507706094,6.04763537,0.10832243,-0.885,0.02483972,100.13289143456,-150.710539740282,1325.26914653936,0.285001554739956,0.246017459312537,8.73136649438781,0.172375228333575,-1.19161745852709,-901.940604180416,-902.574002582379,-917.861235977471,-918.628778827525,0.74971582159148,-954.881243948551,0.892995629327189,1853.43645148967,1872.88890430157,NA,2499.82775333845,0.451019818317408,1.1035328227012
"237",-5.86,0.73,-5.86,0.83,1.359326,9.604077,-1.1484446,0.2002995,35,35,-5.60801695690169,0.713309581546976,-6.22328384996378,0.883716351652947,1.42474524415399,4.8523449828578,-0.601797990562869,0.133124926793538,1.42474524415399,6.74326404699514,-5.91565040343273,0.798512966599962,1.42474524415399,4.94698332028237,-0.628009401562831,0.140384543618026,1.42474524415399,6.88680969199338,2.77816213588456,0.0799533458197453,-0.457796448264179,-7.31604428321883,-6.91607173611758,1.96103067211409,8.31793359408227,-4.25954446365048,0.545298684611573,-4.51915826859417,0.642261303300265,3.82144591,0.10126586,-0.83,0.02440911,102.966492918007,-156.377742707177,1270.8843348668,0.382453098191884,0.353876875359868,5.42427775320809,0.119862046247562,-0.767488646939899,-903.185070199962,-904.567887604241,-925.285803302565,-926.571590924058,1.2605929231702,-938.398008402881,1.04184552654933,1855.92538352876,1887.73803895176,NA,2385.39092702642,0.451140586337265,0.785109304908295
"238",-5.86,0.73,-5.86,0.83,1.359326,9.604077,-1.1484446,0.2002995,35,35,-6.17140131309703,0.7726573662593,-7.16502292290458,1.01877186477714,1.51356449048576,8.82847931624758,-0.935785504274466,0.158312081465346,1.51356449048576,8.55474905734805,-6.66821211800081,0.895714615518221,1.51356449048576,9.07530029211671,-0.996921675328034,0.173455168060518,1.51356449048576,8.77284467129973,3.7782969256138,0.0982077005130573,-0.591228850969963,-7.5258498955133,-7.0531850101543,2.05977381305591,10.9407415210604,-4.14420275539351,0.521515205956319,-4.63819498527064,0.66223745373834,4.21661601,0.09242775,-0.829,0.0256734,92.9520377758394,-136.348832422841,1362.70275585382,0.189644409031685,0.17810564146215,11.3065777525635,0.223058240070153,-1.52199761813947,-931.179343866336,-933.795180499132,-954.817090667594,-956.396939791192,1.55216025661179,-959.114412054489,1.08094304230556,1911.91393086151,1946.80061368182,NA,2589.0566792848,0.565504138003848,1.50654840726433
"239",-5.86,0.73,-5.86,0.83,1.359326,9.604077,-1.1484446,0.2002995,35,35,-5.49312398911577,0.769362643262636,-5.49643770155531,0.800652788501975,1.40310156140258,11.1863809114176,-1.45646936157979,0.23649974545941,1.40310156140258,7.0519071222725,-5.49478084533554,0.785007715882305,1.40310156140258,11.1863836565902,-1.45649528321567,0.236744513756684,1.40310156140258,7.07436619986035,3.06871889250041,0.0809913223494356,-0.481532324276535,-6.8672016785713,-6.6840968026199,2.24158831440969,6.57828827944535,-3.56855117389281,0.499208184473355,-3.93651104453683,0.577837155830856,6.15170925,0.13243952,-0.908,0.02996932,52.1133333305565,-54.6714235322757,1211.04529780794,0.698634680898859,0.66038200185898,7.70596658837952,0.168974499378907,-1.10653616589787,-913.92921737024,-914.083596396585,-924.271380252209,-924.46635852353,0.189671496799684,-963.925186107429,0.234865812339812,1877.41367786932,1885.70919285105,NA,2367.41917208361,0.473708792511909,1.03305003906927
"240",-5.86,0.73,-5.86,0.83,1.359326,9.604077,-1.1484446,0.2002995,35,35,-4.65184530860934,0.60299295797689,-5.28413772915386,0.758111859270714,1.27596530135999,13.392313075562,-1.70450155548804,0.277410562940797,1.27596530135999,9.96689473325786,-4.9679915188816,0.680552408623802,1.27596530135999,13.4922615018315,-1.72902168188085,0.283426031325448,1.27596530135999,10.0672208617481,3.48889908453786,0.0926841997412813,-0.550700625447508,-7.01711053154499,-6.72524467826999,2.41820008701224,8.00613785056532,-3.15840353659699,0.401781034546547,-4.24188703263549,0.608918388293541,8.11800674,0.16399833,-0.9,0.02576487,73.8886891891798,-98.2221352495222,1253.97887683612,0.17601566329437,0.12916375903305,5.83732854948867,0.138187367901915,-0.859383276439549,-909.579007745614,-910.450530753739,-922.628795695599,-923.266250600161,0.622070048383403,-988.547359706707,0.465460374424448,1868.71325862007,1882.42402373783,NA,2409.73561842271,0.535863745299323,0.86391634992902
"241",-5.86,0.73,-5.86,0.83,1.359326,9.604077,-1.1484446,0.2002995,35,35,-5.58086271007276,0.63972297886026,-5.38556632456131,0.680835812817634,1.431061128569,8.96373002178983,-1.1505605297181,0.199731667500864,1.431061128569,6.97268624289028,-5.48321451731704,0.660279395838947,1.431061128569,8.97326519133829,-1.14855323275059,0.200154233779865,1.431061128569,7.09381190637295,3.39634025266296,0.0928438406415699,-0.545249302934785,-7.72729997320594,-7.28706396173681,2.36614280275584,6.53828836449072,-4.26025988127462,0.505764093592056,-3.91107315572191,0.498704522233768,6.45559223,0.14731738,-0.916,0.02675798,82.6645911464822,-115.773939164127,1299.68992894523,0.527446506325205,0.464758694903099,6.0811724549139,0.115989467092432,-0.785047930552217,-914.975610532126,-915.671012290363,-928.413358065759,-929.468840972672,1.0330953540491,-976.988685864015,1.29301747133988,1879.50646419309,1893.99314847815,NA,2483.60591872633,0.528447332428122,0.874484913941863
"242",-5.86,0.73,-5.86,0.83,1.359326,9.604077,-1.1484446,0.2002995,35,35,-6.47569208572852,0.777502590003764,-6.00497510419771,0.803681645123737,1.60160357454483,10.3976225033464,-1.30882883692037,0.238700686634623,1.60160357454483,8.48156650634271,-6.24033359496311,0.79059211756375,1.60160357454483,10.4530161225218,-1.30574810546902,0.238872022366367,1.60160357454483,8.69707892237711,3.51148776590697,0.0975343836005842,-0.566451216391991,-7.80127407887291,-7.1745890612865,2.43937171369377,9.05418894186736,-4.12683759223172,0.481397134408694,-4.16128924874882,0.55169540787816,4.85904143,0.11819419,-0.828,0.02877816,68.0717059583142,-86.588168787791,1419.2872319213,0.423035542863089,0.393653514564929,11.0183720815599,0.225156385879351,-1.51715282870029,-951.102864511958,-952.071088097813,-968.130663034922,-969.703923691242,1.54561424850371,-994.535934174472,1.90555092416761,1951.76097215275,1973.42775841647,NA,2751.9862950548,0.560548761177918,1.4628146037582
"243",-5.86,0.73,-5.86,0.83,1.359326,9.604077,-1.1484446,0.2002995,35,35,-6.15248383577494,0.724707970490227,-6.85172618659494,0.894533417642179,1.16828025983508,13.5440673181814,-1.84972773449978,0.30316109481508,1.16828025983508,9.09024019809214,-6.50210501118494,0.809620694066203,1.16828025983508,13.6663022844765,-1.87941502072368,0.31037126544017,1.16828025983508,9.21826024429085,3.09594054733333,0.0749863259129451,-0.465561574329825,-7.79260251032717,-7.48006879271504,2.19537306267515,6.75185169271224,-4.59409013960361,0.53723671348187,-4.66052614133701,0.599340836599282,7.91889654,0.17932412,-0.91,0.01938282,145.891092445426,-242.226941762015,1364.6119662857,0.493251512008195,0.461712104469927,9.24133443012467,0.184635160181598,-1.27655311546653,-887.449212899897,-888.515893279428,-895.195223052609,-896.077762062649,0.862750833538993,-959.613730386423,0.683009793448732,1824.45366892863,1827.55687845185,NA,2486.99699080938,0.448018029261988,1.14454674412414
"244",-5.86,0.73,-5.86,0.83,1.359326,9.604077,-1.1484446,0.2002995,35,35,-6.37234120235569,0.766043044388118,-6.05287739778895,0.867377352127789,1.16625620706934,10.980943918279,-1.38699863123118,0.224863601115938,1.16625620706934,9.02350415914677,-6.21260930007232,0.816710198257953,1.16625620706934,11.0064581988861,-1.37890547036027,0.227430761597207,1.16625620706934,9.6825031381119,2.64610551567625,0.074583969849889,-0.424211052711334,-7.76619620289363,-6.84300881507379,1.93972941115805,8.39089253210436,-5.34411545263976,0.656528390322082,-4.68654454556475,0.666465438168593,8.68539158,0.17736522,-0.915,0.01945191,141.582762353922,-233.610281579006,1311.55736187478,0.0600425221249988,0.0493901561306383,5.51203216907014,0.10904411189004,-0.726186241383259,-881.131910147355,-884.273880751233,-894.305878716165,-898.76308890689,4.47068508758347,-935.99517188973,5.56773639529803,1811.81906342355,1825.77818977896,NA,2389.50444217055,0.449690700362689,0.799243579505419
"245",-5.86,0.73,-5.86,0.83,1.359326,9.604077,-1.1484446,0.2002995,35,35,-5.67664496764765,0.677052014853856,-5.10441901367048,0.670212344085748,1.36096634024084,8.81936399920305,-1.01387757374043,0.166610564379786,1.36096634024084,7.9092306598471,-5.39053199065907,0.673632179469802,1.36096634024084,8.90122463480432,-1.01485603302298,0.16662225965384,1.36096634024084,8.09091278772651,2.97366664297251,0.0820025584566375,-0.475921590196688,-7.60068549395865,-7.06920852851754,2.1703307709385,8.18162005732856,-3.9330627984352,0.478464855374781,-3.41976763410545,0.446479689471954,4.32697823,0.10365702,-0.852,0.02870682,68.2906434592966,-87.0260437897558,1282.53117866879,0.512992763000435,0.468411681532685,8.06107358832619,0.1390453095972,-1.01642184754599,-905.153709554368,-906.011625354074,-923.883806687162,-925.296926631833,1.38669489740339,-962.727507886968,1.6868272547877,1859.86266223757,1884.93404572095,NA,2478.03631354782,0.479595864633284,1.01761949005227
"246",-5.86,0.73,-5.86,0.83,1.359326,9.604077,-1.1484446,0.2002995,35,35,-5.84979772668512,0.741181879019287,-5.149134593849,0.757148835123628,1.39010218675926,10.1469472147455,-1.19756592042973,0.196149820569906,1.39010218675926,8.40402944446999,-5.49946616026706,0.749165357071458,1.39010218675926,10.2696794211745,-1.19476905605825,0.196213556491715,1.39010218675926,8.80305641992874,2.893954198801,0.0740539002410061,-0.449064489652746,-7.39176911717144,-6.5959789916319,2.15796207835333,8.8554230551274,-3.9355868815581,0.488416388477717,-3.66925234744074,0.540065811845061,5.10478866,0.09937955,-0.847,0.02519817,89.9358301511592,-130.316417173481,1268.87748302665,0.138051705712191,0.132142308661099,8.15692785284637,0.170975717894475,-1.12865268993906,-915.349300519193,-917.14402672219,-932.856988314635,-935.76590515804,2.88534127752558,-963.805898690812,3.54343910026339,1880.25384416722,1902.8804089759,NA,2407.43854887983,0.42896791519072,1.13019155738795
"247",-5.86,0.73,-5.86,0.83,1.359326,9.604077,-1.1484446,0.2002995,35,35,-5.05580097480122,0.596046737853799,-4.55977455998318,0.686976040157056,1.3314185698762,13.3393945251102,-1.53270783443367,0.243095468573555,1.3314185698762,11.3628091595013,-4.8077877673922,0.641511389005428,1.3314185698762,13.4009050761595,-1.52143200047782,0.245162503077894,1.3314185698762,12.0843719710838,3.02477325754189,0.083823621615108,-0.488214418157836,-7.46244997975816,-6.42469031157587,2.43869877788647,10.1808310622828,-3.53021378352876,0.422109304435119,-3.46810696435129,0.513088914418725,6.64065421,0.11364051,-0.855,0.02443097,89.7740543331123,-129.992865537387,1302.92798690328,0.107115907137595,0.0925708006795423,7.91496833606885,0.176752501056644,-1.10641235891373,-921.49855612167,-924.169213272493,-941.438387675081,-945.4091960727,3.96886100517812,-998.185738539361,4.70011291500772,1892.55235537218,1920.04320769679,NA,2475.86310826918,0.478754211913058,1.22626143773506
"248",-5.86,0.73,-5.86,0.83,1.359326,9.604077,-1.1484446,0.2002995,35,35,-6.57009341548681,0.812098520175779,-6.06779968983797,0.836086628894119,1.25904228452061,10.1707648079913,-1.28769924986075,0.213589283516476,1.25904228452061,8.20341200438586,-6.31894655266239,0.824092574534949,1.25904228452061,10.2338395546979,-1.2846869807359,0.213733140856446,1.25904228452061,8.49374084407195,2.42711343967434,0.0656884889252502,-0.384811304073268,-7.68956180904873,-7.04435313905441,1.98406901886534,8.13197813255851,-4.809710881914,0.598271483023925,-4.13083603456649,0.57097902746712,6.20459132,0.14842723,-0.903,0.02356669,105.904261170548,-162.25327921226,1308.43673754006,0.186867031523779,0.155402709527131,9.24287136139426,0.169599985722083,-1.20987390948494,-893.696592309495,-895.099145929395,-907.086159616959,-909.260250249201,2.14511325682759,-940.553962980805,2.73417124801776,1836.94842774783,1851.33875158055,NA,2454.62019586786,0.385533692154255,1.15953371282731
"249",-5.86,0.73,-5.86,0.83,1.359326,9.604077,-1.1484446,0.2002995,35,35,-5.71276554936522,0.688103234444282,-6.3010789043705,0.8858847473502,1.33743527697788,9.79556821687503,-1.08722366078986,0.177530472353347,1.33743527697788,9.4028785249559,-6.00692222686786,0.786993990897241,1.33743527697788,9.88209636779445,-1.11631303714379,0.187309854065185,1.33743527697788,9.69563341973036,2.21817911773934,0.0540566594488826,-0.328031902721866,-7.57096576907849,-6.98094805007542,2.02691792917954,10.5113508459919,-3.84819379837762,0.455501846300004,-4.11581211360932,0.578543823090944,3.35318094,0.06713671,-0.76,0.02618816,91.4376572300047,-133.320071331172,1322.09274863482,0.131932460570436,0.115568386592809,10.8424689763616,0.22589367734507,-1.50553479181181,-908.964644122109,-911.231686477453,-930.460342562304,-932.403053784896,1.91363696085724,-953.893069093973,1.77547521873929,1867.48453137305,1898.08711747124,NA,2510.86542593846,0.347260374938827,1.46038894728326
"250",-5.86,0.73,-5.86,0.83,1.359326,9.604077,-1.1484446,0.2002995,35,35,-5.52985699293577,0.714107141078603,-5.53127323045752,0.798857417777484,1.45765695210219,8.10121233253773,-0.99518345529007,0.197329116301808,1.45765695210219,9.00045317377194,-5.53056511169665,0.756482279428044,1.45765695210219,8.1012128339699,-0.995213461920528,0.199124768651942,1.45765695210219,9.16358441105554,3.38710593304603,0.0887853462226907,-0.536128709356429,-7.23313266594781,-6.72962868571088,2.22342504136544,9.87891133348745,-3.50527453739524,0.466961015137144,-3.93884903909737,0.583338873511433,3.46644646,0.10201394,-0.794,0.02789508,68.5887246030013,-87.6222060771652,1292.32183590189,0.438785881519649,0.414646609664487,8.51009584536331,0.175015695242811,-1.16213071677926,-927.621229941644,-928.365988807772,-948.787438147563,-949.920091834177,1.1092421455838,-974.585757908729,1.24722511556347,1904.79770301213,1934.74130864175,NA,2497.02146572662,0.495577259366792,1.1841698947999
"251",-5.86,0.73,-5.86,0.83,1.359326,9.604077,-1.1484446,0.2002995,35,35,-6.81084730112948,0.891445370037834,-5.61612243504061,0.786828792240823,1.27499310297458,6.40688591712383,-0.765060438442152,0.154844387970314,1.27499310297458,8.73017666498084,-6.21348486808504,0.839137081139329,1.27499310297458,6.76372779353661,-0.796307445166957,0.157580545057803,1.27499310297458,8.97335873505879,2.6974465872994,0.0829032976610234,-0.454904715826202,-7.45758769578276,-6.88614132859622,1.81861499743939,10.4283724281324,-5.22998798523576,0.693770065594666,-4.19297348345666,0.580509588931498,5.1754547,0.1125349,-0.847,0.0232615,108.063488540765,-166.571733952693,1302.90353085952,0.333018760155588,0.293843558546419,6.10857740162752,0.127362438533512,-0.836703823039208,-891.440666030576,-893.093348887391,-914.066613408884,-915.794588513439,1.69949440124918,-927.071777960585,1.86970358484563,1832.43657518999,1865.2996591644,NA,2439.23532776635,0.482237314753082,0.867983613167996
"252",-5.86,0.73,-5.86,0.83,1.359326,9.604077,-1.1484446,0.2002995,35,35,-5.54138165905364,0.723810133403051,-6.3259692948673,0.862923598851414,1.32483569310406,10.2925856031499,-1.24004875107732,0.225617605687787,1.32483569310406,10.826446679204,-5.93367547696047,0.793366866127233,1.32483569310406,10.4464800427178,-1.26733542731882,0.23045574475505,1.32483569310406,10.8602016101167,3.02561062725638,0.0803729763681692,-0.478138253912028,-7.18684941463812,-7.14263502167588,2.13424392837529,11.1823257747877,-3.91376696154766,0.502691941938475,-4.63066343582258,0.647296061324707,5.88332466,0.1176898,-0.844,0.02666378,75.3446401675213,-101.134037206205,1342.60211940222,0.377434871168471,0.365916571552493,8.26645172981052,0.181399397154703,-1.1711783448654,-916.804369572098,-917.364107199162,-937.119229407847,-937.318738155097,0.194084949125012,-968.516948825904,0.00894746547585633,1883.16398227303,1911.40489116232,NA,2584.07020159824,0.462502154544227,1.17048920208519
"253",-5.86,0.73,-5.86,0.83,1.359326,9.604077,-1.1484446,0.2002995,35,35,-5.77280757873594,0.624142294500461,-4.72199092385544,0.690253435724429,1.13340128889298,9.56791895955831,-1.13461671352451,0.194439045815292,1.13340128889298,10.6346856067452,-5.24739925129569,0.657197865112445,1.13340128889298,9.84397287010187,-1.11724904145669,0.195531716563776,1.13340128889298,12.2545450465337,2.89508483657228,0.0659610954665791,-0.418609872550429,-8.01207052747402,-6.56738080074877,2.06101775437487,9.56912676275957,-4.24842195698629,0.461871494102688,-3.33782893317889,0.480321253418436,6.375814,0.12276825,-0.868,0.02186678,118.212705659757,-186.870168190676,1317.70120645103,0.00623656884701412,0.00640540450062208,6.4441226267561,0.127009078439694,-0.817126683945221,-878.347715444273,-883.861148401203,-897.738895500316,-906.863377366195,9.46741885674677,-954.991662130592,11.401849146146,1806.25067401738,1832.64422334726,NA,2448.53224471139,0.416489431525757,1.04785849833508
"254",-5.86,0.73,-5.86,0.83,1.359326,9.604077,-1.1484446,0.2002995,35,35,-5.86430774705728,0.724374403240229,-6.73048961336938,0.923678244450643,1.33407114947378,15.7996373110907,-2.09980369307061,0.322755977427038,1.33407114947378,8.0158532070342,-6.29739868021333,0.824026323845436,1.33407114947378,15.9872050674727,-2.14296203635632,0.332686482707345,1.33407114947378,8.14970080011887,3.21162694343393,0.0875542005487325,-0.516411708377794,-7.50641372896786,-7.18519488316604,2.41165006104851,6.04213115858529,-4.04892904150042,0.502884849036947,-4.68530177774679,0.646170628485162,8.18126656,0.18862099,-0.927,0.02394802,96.0708489358833,-142.586454742929,1310.06750819893,0.338339007190027,0.331881217683107,9.66757545523178,0.188119097416826,-1.31733228196561,-912.162161842356,-913.630784754695,-919.826439905343,-920.858007791793,1.00951469824914,-979.273001406085,0.722987179358594,1873.87956681355,1876.81931215731,NA,2477.54856165494,0.492791714482712,1.18616714665783
"255",-5.86,0.73,-5.86,0.83,1.359326,9.604077,-1.1484446,0.2002995,35,35,-4.95016078075722,0.610776070891106,-6.50354845415885,1.02025538851974,1.49835870814328,9.17844183370714,-1.07400809281715,0.159851879875777,1.49835870814328,5.74865802000649,-5.72685461745804,0.815515729705424,1.49835870814328,9.78169514967616,-1.23302812394646,0.201770207767181,1.49835870814328,6.45596181043135,3.20880305007282,0.0830967149740139,-0.499529236000434,-7.26905623098466,-6.38287209084133,2.19709615902514,6.22927816851464,-3.33495619066898,0.407083349844959,-4.21006660038305,0.656482708952522,3.41307054,0.05745956,-0.845,0.03345436,47.2485096593216,-44.9417761898058,1227.56663958879,0.0004491096731734,0.00033056891653264,10.8422393088876,0.270608003414966,-1.65448244095065,-913.260393548453,-922.611263537699,-928.004665443969,-934.981585191726,7.12684767939149,-957.363210408781,5.88370523712998,1876.07603022574,1893.17576323457,NA,2410.19150298777,0.485187972882299,1.60470503487405
"256",-5.86,0.73,-5.86,0.83,1.359326,9.604077,-1.1484446,0.2002995,35,35,-5.61292275099922,0.7396513326864,-5.2281521103816,0.774585603836664,1.39118681518637,8.02754276085351,-0.890189512151106,0.14664966243275,1.39118681518637,7.54314040212942,-5.42053743069041,0.757118468261532,1.39118681518637,8.06455487232382,-0.886829091678606,0.14695476325795,1.39118681518637,7.76618832185102,2.11073155889051,0.0552341763847979,-0.328546112689434,-7.16401274047768,-6.57111275228161,2.00144756159848,8.87870197221372,-3.86687096514047,0.510035248907338,-3.85729775462633,0.571831398898218,4.87217352,0.08475033,-0.85,0.02985772,56.9328127629511,-64.3103823970649,1236.36092381001,0.319382880453722,0.277584394376222,6.5979479007357,0.149408999354271,-0.949028387161165,-905.998438439547,-907.126438228921,-926.327403731463,-928.131542864626,1.77537273498255,-945.441541994489,2.11575679967998,1861.55212000793,1889.82123980955,NA,2408.41146522295,0.328420366025018,0.953571072503216
"257",-5.86,0.73,-5.86,0.83,1.359326,9.604077,-1.1484446,0.2002995,35,35,-5.43227768477273,0.658094658558084,-5.51443130425515,0.842034154559671,1.50863033127626,10.8822899756535,-1.17822034920373,0.194336490453997,1.50863033127626,9.82451307279954,-5.47335449451394,0.750064406558878,1.50863033127626,10.883977279952,-1.1819981730443,0.202794925001326,1.50863033127626,10.4703636156949,3.62459602157931,0.0929632256472271,-0.562695612352573,-7.46926123430239,-6.45555093459634,2.29465807898286,11.0700311011375,-3.55315423573856,0.430295416209712,-3.61590720501992,0.548075501969395,4.97743878,0.09860143,-0.833,0.02816045,64.9832594953866,-80.4112758619359,1327.21901743658,0.0595183586768987,0.0544928492144488,9.80197411921562,0.206842948695278,-1.33343526794946,-939.54877283014,-942.788562533404,-962.751344235205,-966.808078101356,4.05725750632101,-985.948320253584,4.41517893351806,1928.65278878912,1962.66912081704,NA,2574.02675901122,0.539681181982445,1.46686792900938
"258",-5.86,0.73,-5.86,0.83,1.359326,9.604077,-1.1484446,0.2002995,35,35,-6.45951086530869,0.880847963483209,-5.64711033680337,0.801129429476012,1.35111153572204,7.6904288305583,-0.855797184083311,0.156034156212636,1.35111153572204,8.8797968891776,-6.05331060105603,0.84098869647961,1.35111153572204,7.85542748523723,-0.87198802887309,0.1576229173787,1.35111153572204,8.96399920134054,2.94677386009914,0.0839118664273162,-0.473932104593881,-7.16938786592552,-6.83192973428494,1.89310392928127,10.9233478782398,-4.52115538235528,0.6090190571188,-3.88087237518334,0.553678387031294,4.29027245,0.09423674,-0.779,0.02130936,122.768648164344,-195.98205319985,1296.46835745741,0.546777649959944,0.508894041165872,7.65075902338659,0.159622379383721,-1.07515412405745,-906.371146132034,-906.965546186583,-929.341583334472,-929.935642777548,0.57954199780688,-938.390682516717,0.600363228862394,1862.2975353929,1895.84959901557,NA,2396.95466171497,0.508565968758186,0.985435893920315
"259",-5.86,0.73,-5.86,0.83,1.359326,9.604077,-1.1484446,0.2002995,35,35,-5.22463868332731,0.695774169429743,-6.9206830472349,0.942992960536887,1.29829565704361,7.76579180024157,-0.786355716141535,0.127698393391167,1.29829565704361,8.76940583727741,-6.0726608652811,0.819383564983315,1.29829565704361,8.48493342132725,-0.891179225468865,0.142977676060286,1.29829565704361,8.90759438917683,2.57443176299005,0.066697055379123,-0.401142264918024,-7.0371374574036,-7.26031623665518,1.81863431583292,10.9861808617726,-3.80064167690943,0.508032912033508,-4.93447316966602,0.665875558349968,4.85269206,0.09734532,-0.832,0.02535344,90.7754636822921,-131.995684235747,1297.01700396919,0.297282083918723,0.27369936627661,7.82914689910165,0.152898746189328,-1.06339373002806,-893.318646795927,-895.982292349419,-918.785607674192,-919.768822346645,0.961862132219401,-928.742316624671,0.271910857061225,1836.19253672069,1874.73764769501,NA,2462.03832370263,0.38831778799578,0.982408336013546
"260",-5.86,0.73,-5.86,0.83,1.359326,9.604077,-1.1484446,0.2002995,35,35,-5.99625119259387,0.699656091962021,-5.74877982312314,0.823981943843916,1.3486646794952,7.99807568928742,-0.935284078308447,0.178604489991833,1.3486646794952,9.46418268009016,-5.8725155078585,0.761819017902968,1.3486646794952,8.01338620896435,-0.92759230610199,0.182468719353373,1.3486646794952,10.1231871105934,3.02585038816924,0.0847908401618662,-0.490385028060631,-7.78562247674722,-6.79744985354161,2.05745997547515,10.5196566700675,-5.02679655661062,0.622912244471384,-3.80310498916357,0.542631087596899,4.0196073,0.1035602,-0.781,0.0225809,114.790185578364,-180.025128027892,1339.63631978351,0.0573961914428968,0.0366713497176376,8.23591024933446,0.159834733958377,-1.08110849776737,-910.567776810488,-913.249618179977,-932.92012822419,-937.195280637203,4.28244638346013,-957.58249018179,4.90277164745015,1870.69079674981,1903.00668879501,NA,2499.24751153913,0.486227075038139,1.15999644717302
"261",-5.86,0.73,-5.86,0.83,1.359326,9.604077,-1.1484446,0.2002995,35,35,-5.58104534436357,0.625709376035041,-5.60778590806316,0.750661125227975,1.36920979371267,10.9846488463599,-1.38878044042625,0.239515613079025,1.36920979371267,9.06571553854856,-5.59441562621336,0.688185250631508,1.36920979371267,10.9848276107966,-1.38961576047842,0.243418847985619,1.36920979371267,9.42022063417789,2.74361223416792,0.074071747224584,-0.435693137750819,-7.81097202683201,-7.09328240258088,2.37861742166875,8.22239108373523,-3.73324764765253,0.415580712244382,-3.86428482952291,0.511243254977324,6.25182208,0.14865502,-0.877,0.02181305,117.78295574226,-186.010668355682,1341.03965261331,0.258563693411741,0.235167889635703,8.21239731196703,0.160516190011384,-1.09231876175939,-918.773654700621,-920.540322468263,-933.906617880454,-936.329532212274,2.39489645922083,-985.334337077764,2.79416575865466,1887.10255253008,1904.97966810754,NA,2496.06863687094,0.43024195537389,1.12045458306319
"262",-5.86,0.73,-5.86,0.83,1.359326,9.604077,-1.1484446,0.2002995,35,35,-6.00926940785744,0.7064802395458,-5.56028683678182,0.809373751982959,1.47773486503475,8.39455834074872,-1.10291228618966,0.195909327135046,1.47773486503475,6.40475985430075,-5.78477812231963,0.757926995764379,1.47773486503475,8.44495467803113,-1.0913629377494,0.19855609586046,1.47773486503475,7.08849812085893,2.70305687128705,0.0704539511117893,-0.422220487687465,-7.75798418659003,-6.69598869414879,2.23973905129682,6.55609995559109,-4.38586161210194,0.528748215187539,-3.86008522318852,0.566646536051824,5.2385393,0.1331172,-0.897,0.0279325,74.5153667244138,-99.4754903199901,1288.57531214391,0.0196567101537751,0.0187188968178332,7.33168871464941,0.143762205269132,-0.956918999772402,-918.464487493986,-922.482507110173,-931.103545058251,-937.285948591875,6.27896151135172,-963.620356717349,7.93043831876274,1886.48421811681,1899.37352246313,NA,2477.67513396784,0.410525882187693,1.07694392859084
"263",-5.86,0.73,-5.86,0.83,1.359326,9.604077,-1.1484446,0.2002995,35,35,-7.09567207383723,0.844135479479149,-6.01282711151388,0.840721876261662,1.30601069771567,10.9423134641752,-1.18425355016768,0.181538922250529,1.30601069771567,10.0124798885367,-6.55424959267556,0.842428677870406,1.30601069771567,11.2354517672825,-1.18517765092954,0.181541835422261,1.30601069771567,10.7688542386529,2.67408397118027,0.0685501205321881,-0.413307992453504,-8.02427255406763,-6.9617649563766,1.91752889562234,11.6366807569549,-4.76617285114311,0.572398751029264,-4.45420276155194,0.625980063367575,5.54838384,0.11095143,-0.848,0.02479229,98.3503505222844,-147.145457915731,1388.58211611492,0.115897002236544,0.107450132715887,11.1932611890789,0.192307942131299,-1.40625724885509,-906.050992162505,-908.81959428416,-928.621342218422,-933.271260610692,4.67046989674326,-943.565157001311,5.54416464194449,1861.65722745385,1894.40911678347,NA,2630.01877431411,0.404545430370369,1.42026279421198
"264",-5.86,0.73,-5.86,0.83,1.359326,9.604077,-1.1484446,0.2002995,35,35,-5.45528943603386,0.657593265330383,-5.52946462342237,0.801757722187999,1.32583350850101,8.1451901945617,-0.801640554412877,0.128284761048687,1.32583350850101,9.16690661686001,-5.49237702972811,0.729675493759191,1.32583350850101,8.14656568416772,-0.804313910813419,0.13348060870395,1.32583350850101,9.60813884185561,3.68906167866897,0.0870538998449123,-0.549544935594134,-7.49526015666873,-6.71054081550911,1.93790105610161,11.0504673557676,-4.11580042674019,0.504257609801008,-3.85089654842562,0.556651236079915,5.38462658,0.09602291,-0.848,0.02775097,72.7110888492667,-95.8669345696961,1297.20089881771,0.140625056375401,0.127989338241393,6.16612692857716,0.127071717635173,-0.824770548212566,-899.736847022074,-902.269237406622,-926.719665559797,-929.693512340805,2.95112293546057,-944.491838899551,3.13790784694465,1849.02893717299,1890.60576346622,NA,2498.53486306573,0.517134419774611,0.927749533432787
"265",-5.86,0.73,-5.86,0.83,1.359326,9.604077,-1.1484446,0.2002995,35,35,-6.15853855328152,0.794151367857992,-6.58302349146859,0.956566076991211,1.24144453810956,8.92947831935039,-0.949965247973795,0.15451573032089,1.24144453810956,9.83123432682939,-6.37078102237505,0.875358722424602,1.24144453810956,8.9745251850373,-0.967200897415564,0.161110364756597,1.24144453810956,10.086380287257,3.08337789947017,0.0830263690320933,-0.486518902350187,-7.38493143617156,-6.84179156536682,1.76488223538449,11.9777148831639,-4.92606274936718,0.626007921334512,-4.95734184416265,0.726294951207384,5.84202194,0.09826198,-0.851,0.02165769,124.353917346411,-199.152591563985,1318.30697656909,0.0904953356174507,0.079028069199114,6.54188414130705,0.146790796610555,-0.93194123135326,-891.103539037255,-892.936474166102,-915.037797852647,-916.667630696432,1.60184193098845,-924.173630574683,1.53269722253193,1831.76232120335,1867.24202805192,NA,2437.46136157419,0.491942794586244,0.958320572304546
"266",-5.86,0.73,-5.86,0.83,1.359326,9.604077,-1.1484446,0.2002995,35,35,-6.63955849583767,0.885181259930012,-5.02451001978297,0.723021481000756,1.41059581538693,5.68306968383209,-0.587149335785159,0.11637377986379,1.41059581538693,7.72436059581069,-5.83203425781032,0.804101370465384,1.41059581538693,6.33516507883373,-0.652623311744425,0.122947728339387,1.41059581538693,8.02701668194522,2.37475965019322,0.0671107735515572,-0.381001463688116,-7.32361883755076,-6.6746763623009,1.88863184947338,10.1898257569271,-4.79928761493334,0.636448197459622,-3.75539181281665,0.546261140944412,2.27592438,0.04251534,-0.6,0.02565555,98.517447030996,-147.479650933155,1276.67786842226,0.152451370890934,0.13255212210961,8.72401932036527,0.174309222558013,-1.1962735597442,-905.230238586588,-907.905468446033,-931.191207871769,-933.578400586281,2.35898248715565,-935.588960604763,2.37131216982562,1860.01572030201,1899.54884809017,NA,2405.87608591137,0.405250505338277,1.11412871740863
"267",-5.86,0.73,-5.86,0.83,1.359326,9.604077,-1.1484446,0.2002995,35,35,-7.00724613865188,0.886724824688896,-6.28988968579374,0.946232011687906,1.40951643221146,8.54549452311513,-0.947559954290217,0.149398908766971,1.40951643221146,7.29338308945321,-6.64856791222281,0.916478418188401,1.40951643221146,8.67414459322942,-0.936887988143922,0.150284185093105,1.40951643221146,8.01220394001048,3.66269331109342,0.095888061697372,-0.577537996112192,-7.6821103209595,-6.61022544662492,1.87551011609982,9.29778811895082,-4.87493164687184,0.608245480040823,-4.23706444430203,0.649517845754034,5.15179597,0.09990251,-0.87,0.02684959,84.9114974945456,-120.267751860254,1321.98833018756,0.00751596371392716,0.00730538032618252,9.31683304241703,0.183412157253095,-1.24095737812985,-907.883260927968,-911.582033612266,-927.457378754251,-933.275895894001,5.89383335011444,-930.973168359077,7.07912993348863,1865.32176498477,1892.08118985513,NA,2523.70890851487,0.542376283070241,1.28532163716248
"268",-5.86,0.73,-5.86,0.83,1.359326,9.604077,-1.1484446,0.2002995,35,35,-4.84625789562629,0.56703297894634,-6.08486649594715,0.880255717389069,1.26723457793373,9.6832306893263,-1.3459437054831,0.259885926654742,1.26723457793373,9.75043679619249,-5.46556219578672,0.723644348167705,1.26723457793373,10.0667685055235,-1.4429337998959,0.284413047624133,1.26723457793373,10.1943671842907,2.9839856765209,0.0724402325299348,-0.450579728352916,-7.42576336826892,-6.79827194553746,2.33631583789563,8.14210501878904,-3.33132376587587,0.387150131380373,-4.41590440365574,0.637672035439398,5.63735734,0.1608577,-0.85,0.02299688,100.973935008878,-152.39262688892,1301.86907307288,0.079336190830488,0.0651094596308729,7.31705011114604,0.178454601948669,-1.09645188105637,-904.480221550741,-907.506134519867,-919.551200290332,-922.383703800752,2.80800370840458,-980.631993426852,2.19373816053146,1858.51568623032,1876.26883292729,NA,2451.34551925684,0.427405553715555,1.0930902773066
"269",-5.86,0.73,-5.86,0.83,1.359326,9.604077,-1.1484446,0.2002995,35,35,-6.69352235152482,0.822803952641388,-5.38331921701665,0.826897706010396,1.56764106278671,8.38660216909752,-1.005099132493,0.179791811234424,1.56764106278671,7.25314553753717,-6.03842078427074,0.824850829325892,1.56764106278671,8.81576023251628,-1.003758220369,0.179796000938586,1.56764106278671,8.24733524631927,2.70663593428792,0.0738316021095913,-0.433617066029911,-7.74921054869939,-6.41461789095846,2.1913163292118,8.63427266652861,-4.90819315563424,0.606961063869173,-3.24801102595738,0.491701904884949,4.94309159,0.09370481,-0.855,0.02826673,71.1444224194444,-92.7336017100514,1317.06849705926,0.00532673039953096,0.00517940925497713,9.63585964125665,0.202169858442619,-1.30742619951324,-935.149074678042,-939.986989725842,-953.166625129874,-961.128496780879,8.19141015867227,-966.769414205064,10.0396925969209,1919.85339248492,1943.49968260638,NA,2541.40339240847,0.422066573291015,1.43642079395549
"270",-5.86,0.73,-5.86,0.83,1.359326,9.604077,-1.1484446,0.2002995,35,35,-6.21524033045164,0.770367227478981,-6.13476589983187,0.931674164590345,1.39570107935461,8.9561035741794,-0.9365429046163,0.139550549994594,1.39570107935461,7.78512601256853,-6.17500311514175,0.851020696034663,1.39570107935461,8.95772260767529,-0.933297633636536,0.146055531984657,1.39570107935461,8.50659689666836,2.66790015612954,0.0720145106302195,-0.424485032938643,-7.58333296710226,-6.54183354653893,1.89426134640218,9.89924451468559,-4.81474383909021,0.602797902118738,-4.50355102347295,0.682569866468143,6.39172717,0.11989959,-0.887,0.02678458,80.365814141965,-111.176385155093,1303.79032016849,0.0164541437375477,0.0150187989147155,6.82286873674271,0.139473870052654,-0.907914703316104,-906.406198685003,-910.926957707117,-929.076315306411,-934.601128460031,5.58444125315907,-935.397251012875,6.25214056723559,1862.36764049884,1895.31906295945,NA,2496.4042551819,0.415063915163644,1.02643776919042
"271",-5.86,0.73,-5.86,0.83,1.359326,9.604077,-1.1484446,0.2002995,35,35,-6.86006519935257,0.964049486653038,-5.4744907295703,0.830855753246855,1.40619054805368,8.93205056748451,-1.04193867340777,0.15361351270039,1.40619054805368,5.87271323082992,-6.16727796446143,0.897452619949947,1.40619054805368,9.41200472031265,-1.08807613254342,0.15804865535506,1.40619054805368,6.1188568598488,2.52482919843709,0.0617603627888565,-0.380331980329179,-7.07424905496615,-6.48220838230043,1.90568201851202,6.97161772308072,-4.87213537450338,0.690963669434041,-3.52290405000491,0.533311483983901,3.35246322,0.05121632,-0.859,0.029323,77.3116077032221,-105.067972277607,1208.70818468483,0.0943207583362172,0.0825692650523627,10.5176394625817,0.222888769907255,-1.49527995170918,-898.730286276303,-900.476890364468,-913.725664716554,-916.188838148851,2.43539432115405,-925.921732047637,2.7457004065399,1847.01581568144,1864.61776177974,NA,2312.34839709205,0.372528517857613,1.3440328285431
"272",-5.86,0.73,-5.86,0.83,1.359326,9.604077,-1.1484446,0.2002995,35,35,-5.66089112181822,0.761503704074232,-6.62353653357878,0.989115456564394,1.54505409528717,11.6191355702821,-1.22559432422006,0.195739811974344,1.54505409528717,10.1042652225541,-6.1422138276985,0.875309580319313,1.54505409528717,11.850807117478,-1.28037167651942,0.208691589442255,1.54505409528717,10.2664335895721,2.32628166773436,0.0523034610833918,-0.331694834397494,-7.08179033730205,-6.68838382677685,2.20952100690081,12.2554630527212,-4.11969541557759,0.558627548399441,-4.5206860829144,0.672654862297699,6.1416763,0.11177276,-0.828,0.02855884,59.6622202750782,-69.769197421319,1367.90290707577,0.40280101544208,0.38184237085214,9.53038654443325,0.210382759446095,-1.36110186760139,-946.017991417592,-947.974530782945,-970.382367588552,-971.397265213211,0.993082273902384,-979.964282841075,0.628835438282154,1941.59122596402,1977.93116752373,NA,2666.03661673022,0.341310455958249,1.32805516459333
"273",-5.86,0.73,-5.86,0.83,1.359326,9.604077,-1.1484446,0.2002995,35,35,-6.35257572695416,0.782674697186826,-5.83519029745893,0.869590379589189,1.38562169727033,13.4397015686182,-1.44765943574408,0.199979891222333,1.38562169727033,9.58920869952527,-6.09388301220654,0.826132538388007,1.38562169727033,13.5066234892816,-1.43641720882667,0.2018684751842,1.38562169727033,10.2780582274915,3.16269578119884,0.0818752388374705,-0.493368903341783,-7.64734364388708,-6.61213706979345,2.07337666902839,10.7702515155379,-4.65749523086057,0.593782675592006,-4.09568206488641,0.613319400743254,5.7383195,0.1125861,-0.873,0.0257626,86.4407908845798,-123.326338640322,1315.50734291197,0.0723124373579737,0.0666072125087144,10.3355003680594,0.176904549850981,-1.28670133533252,-917.632126542898,-921.046950751732,-940.374846609805,-944.78650231682,4.42353807832719,-960.223753663655,5.22561071427191,1884.81949621463,1917.91612556624,NA,2507.68834718363,0.473916170307906,1.3456261889973
"274",-5.86,0.73,-5.86,0.83,1.359326,9.604077,-1.1484446,0.2002995,35,35,-6.24672437915026,0.726656748438051,-5.72208822781638,0.815035027856473,1.27539145051004,14.4355610465871,-1.71178199337348,0.266048301626313,1.27539145051004,11.4103002941755,-5.98440630348332,0.770845888147262,1.27539145051004,14.5043718194088,-1.70019038327959,0.268000981694553,1.27539145051004,12.1819842455408,2.25141592518628,0.0584962958909563,-0.34588100907117,-7.87523273897425,-6.82406166849626,2.22513584961598,10.52759141609,-4.39580417359384,0.516490341358564,-4.42994016923907,0.643834452125523,8.19310171,0.17491707,-0.876,0.02311808,100.13211698029,-150.708990831743,1391.03675502162,0.0616597491515439,0.0512178618143035,8.60120075227692,0.160157761285021,-1.11139896049519,-913.69547531069,-916.616919899694,-931.173779154835,-935.396478110749,4.22830289751093,-976.801303398377,5.1262367029787,1876.94619375022,1899.5139906563,NA,2631.36451921149,0.360982203340292,1.17106856202539
"275",-5.86,0.73,-5.86,0.83,1.359326,9.604077,-1.1484446,0.2002995,35,35,-5.85628438001661,0.721956540459672,-5.46835318593054,0.710263733449065,1.18244245306232,9.69104051696457,-1.36293729321708,0.265853680950697,1.18244245306232,10.5452528621348,-5.66231878297357,0.716110136954368,1.18244245306232,9.72866316980084,-1.36407129436354,0.265887861384644,1.18244245306232,10.6204673644637,3.28556479164058,0.0849889938253276,-0.510024439523737,-7.51279536270385,-7.19452688704149,2.20913750540408,8.68435804212968,-4.08434418341583,0.514495705245791,-3.73061215472439,0.488523030640776,2.89280798,0.10528995,-0.807,0.02209293,125.366241612583,-201.177240096329,1305.81090012196,0.716253629750152,0.713970769327633,10.0636557688169,0.19775802016233,-1.36181640940774,-892.269261559496,-892.591081836707,-907.576718216213,-908.03127206668,0.443003390176422,-968.935333378314,0.563430850826835,1834.09376624783,1852.31986877905,NA,2410.44456014758,0.500801611534263,1.30147197260028
"276",-5.86,0.73,-5.86,0.83,1.359326,9.604077,-1.1484446,0.2002995,35,35,-6.07242118760102,0.728763526273693,-6.75228838303333,0.901299017757651,1.31736852219788,8.95846132749497,-0.998546605028815,0.146319809408602,1.31736852219788,6.97547975308156,-6.41235478531718,0.815031272015672,1.31736852219788,9.07401617835122,-1.02787191020575,0.153761933364005,1.31736852219788,7.10616214765092,2.84886393297412,0.0774090047202431,-0.454889193966127,-7.68837791025076,-7.34032329439853,1.87437799748604,8.12007620602854,-4.14268065380007,0.494271797312769,-4.88519534577083,0.650298313725531,4.03159151,0.08190096,-0.833,0.0234698,117.943617516643,-186.331991904449,1316.00897251586,0.208674510417624,0.187408361993633,9.60326727627743,0.180084272323524,-1.28892174302261,-889.613752102195,-891.483662702246,-908.156777298028,-909.294468218091,1.11421545861026,-926.574449948908,0.843307789589705,1828.78274733323,1853.47998694268,NA,2445.68595312728,0.445193050693304,1.14517264429698
"277",-5.86,0.73,-5.86,0.83,1.359326,9.604077,-1.1484446,0.2002995,35,35,-5.35388201684144,0.660455208447888,-5.23765048202178,0.672993221815936,1.49796594724937,9.42719334652605,-1.31761266250741,0.244890830435164,1.49796594724937,7.10651733705316,-5.29576624943161,0.666724215131912,1.49796594724937,9.43057078894768,-1.31724833437307,0.244930130879969,1.49796594724937,7.12804437651683,2.47393812366252,0.0669896895588315,-0.38930573903477,-7.3768020209667,-7.18587224695959,2.5528753422949,6.22112736115475,-4.00816721461794,0.507962552778354,-3.46217431003701,0.448296416957403,4.84703328,0.13731756,-0.887,0.02748619,74.2366340796578,-98.9180250304783,1274.0209855217,0.660122026580727,0.581382167093708,7.57659794490384,0.1484664632986,-1.0158464426842,-929.017364834932,-929.138418486471,-940.773163016815,-940.958803217299,0.180575532336055,-994.09424498112,0.235320447164927,1907.5899727987,1918.71275838026,NA,2449.12394601293,0.404636216182344,1.00895978492096
"278",-5.86,0.73,-5.86,0.83,1.359326,9.604077,-1.1484446,0.2002995,35,35,-5.71733186890076,0.741695858315159,-6.80859983596965,0.957036495599185,1.42158302918087,7.12071185601894,-0.584687908212277,0.0827779698551711,1.42158302918087,8.13040269110436,-6.2629658524352,0.849366176957172,1.42158302918087,7.41842830000661,-0.643436493081341,0.0943708673716437,1.42158302918087,8.22551043431413,2.33049186268383,0.0583512303334018,-0.353270645514122,-7.25624110374459,-7.0645652775317,1.76845996363405,12.0429526680069,-4.60635792044763,0.615749215673862,-5.08691298251579,0.705740829817162,5.97583578,0.08993983,-0.871,0.02690542,83.5862834663037,-117.61732380377,1314.20359979786,0.631445713597174,0.655842047244509,5.65136574495129,0.121001636770524,-0.782410938859434,-903.315385008506,-905.969388861225,-936.276476959649,-937.001867361783,0.708328729527492,-924.845287203965,0.189544199621243,1856.18601314585,1909.71938626593,NA,2510.78987579195,0.356802863322493,0.821744044754437
"279",-5.86,0.73,-5.86,0.83,1.359326,9.604077,-1.1484446,0.2002995,35,35,-6.14093689256432,0.766283217510802,-5.20282364190274,0.744066139612627,1.36818987134575,9.68914880091568,-1.16789952845393,0.207504426043414,1.36818987134575,9.37656002625249,-5.67188026723353,0.755174678561714,1.36818987134575,9.9091629186824,-1.17311006224574,0.207627825680998,1.36818987134575,9.79256618354386,2.86453530383683,0.0754881650012607,-0.452403957624712,-7.53336100378686,-6.72761135413351,2.16104643630406,9.79881944562507,-4.44496579356064,0.553292813126216,-3.77917591562922,0.536119518953157,6.0182735,0.116767,-0.841,0.0225042,110.849340616719,-172.1434381046,1322.19098919065,0.255300088643602,0.224728837983518,7.19350917375837,0.154753305142769,-1.00507195789488,-916.948771868442,-918.656785049651,-935.853048666641,-938.604620006908,2.72618465312623,-967.355348465516,3.31060093318684,1883.45278686572,1908.87252967991,NA,2472.2385402767,0.429318151542664,1.02284054240935
"280",-5.86,0.73,-5.86,0.83,1.359326,9.604077,-1.1484446,0.2002995,35,35,-6.90335774185437,0.865536354020721,-6.29669160870713,0.847261544282764,1.38814472963139,8.51155042213026,-0.797747765936028,0.130828910955637,1.38814472963139,10.0400756602214,-6.60002467528075,0.856398949151743,1.38814472963139,8.60356137140721,-0.800519442975459,0.130912403123377,1.38814472963139,10.1968045202096,2.74457345437428,0.0688923980704601,-0.413989838451774,-7.70445734946638,-7.2066678037688,1.83716999299799,13.6618244471494,-5.86153896644598,0.742392312853899,-4.87356630299237,0.649399521339432,7.83549437,0.09672865,-0.858,0.02094126,133.971502059688,-218.387760990539,1421.37094657408,0.507493903971868,0.56210701328068,6.65566585189294,0.144244296447972,-0.942524769100782,-913.856831145117,-914.426233386711,-943.739305393496,-944.726062688814,0.96535230438682,-938.278984529978,1.09471519420266,1877.26890541907,1924.64504313362,NA,2624.35413215762,0.430737580454792,0.915369179277475
"281",-5.86,0.73,-5.86,0.83,1.359326,9.604077,-1.1484446,0.2002995,35,35,-6.30367650461004,0.790737925368813,-4.88730684071323,0.630705460980255,1.46130881633803,14.7808147318003,-1.92798419917801,0.320222022402426,1.46130881633803,9.55041759969253,-5.59549167266164,0.710721693174534,1.46130881633803,15.2823404880021,-1.98465048112766,0.326624619816995,1.46130881633803,9.71769160664488,3.27440589009736,0.0980083955072477,-0.552063485342608,-7.55040579455473,-7.08746814191406,2.67713112639284,7.84537447886519,-3.7658910168547,0.477829271784053,-3.36826706941191,0.440432756942586,5.5756021,0.13594064,-0.879,0.02906135,58.1589905213358,-66.7627379138342,1335.71255993891,0.796773529338619,0.819586919009086,12.6896993798396,0.241441975071061,-1.6911801186231,-941.286491807679,-942.362090450303,-953.147920719146,-954.249045583547,1.07812154024035,-1012.83890228484,1.07697619576735,1932.12822674419,1943.46227378492,NA,2604.66238196398,0.544198806257977,1.61403432803028
"282",-5.86,0.73,-5.86,0.83,1.359326,9.604077,-1.1484446,0.2002995,35,35,-5.61705381740088,0.731466766087738,-6.02114701301195,0.808517708618517,1.11777922598428,6.74911898464993,-0.846037114600386,0.16478132893829,1.11777922598428,9.19186851588609,-5.81910041520642,0.769992237353127,1.11777922598428,6.78994181233472,-0.853821054998413,0.16626554087451,1.11777922598428,9.20603656377484,2.46192499854286,0.0609590951589179,-0.372718498540468,-7.21690533675541,-7.16194895522609,1.76722216114399,9.60254571766419,-4.62134821091091,0.613484911924693,-4.33525139672523,0.589471218648326,4.75377538,0.11837751,-0.845,0.02230099,115.956330632975,-182.357418137113,1265.120789406,0.872437736317702,0.811014689067375,5.27036661523505,0.106477236673714,-0.719549559064399,-865.192047354164,-865.419768441376,-885.070446454263,-885.167688157058,0.0945290115284764,-917.42335973103,0.0191814713929876,1779.93933783717,1807.30732525515,NA,2347.88416067489,0.367885750420331,0.703646018921627
"283",-5.86,0.73,-5.86,0.83,1.359326,9.604077,-1.1484446,0.2002995,35,35,-5.48142053660007,0.656668640792659,-5.38906575449225,0.783350541587761,1.37802375295372,10.7232850839314,-1.41588410185286,0.264897809074479,1.37802375295372,9.97563380708998,-5.43524314554616,0.72000959119021,1.37802375295372,10.7254174353759,-1.41295918201662,0.268909885071743,1.37802375295372,10.4571466909469,2.15776863841487,0.0525863694754377,-0.32270217138092,-7.52689993096578,-6.67980716537253,2.40715811055608,9.03742370455397,-4.20494556684176,0.524900335025452,-3.92218463939662,0.558098071656857,5.92928647,0.15447786,-0.866,0.02335936,100.895447409318,-152.235651689799,1319.43459708649,0.317421205938229,0.266357321420718,7.16432585712594,0.156990364322989,-0.991919287038585,-925.29105258392,-927.251299907135,-941.536671165101,-944.542190679868,2.98323328545469,-991.22057489827,3.53412602817936,1900.13734829668,1920.23977467683,NA,2486.63354248318,0.324145408870757,1.09865441129136
"284",-5.86,0.73,-5.86,0.83,1.359326,9.604077,-1.1484446,0.2002995,35,35,-5.93915643385754,0.755627778723913,-6.5654794362583,0.93147013470072,1.38022824932888,6.41054614337488,-0.738388185014603,0.158935041102518,1.38022824932888,9.27427933787613,-6.25231793505792,0.843548956712317,1.38022824932888,6.50861626920894,-0.765921713100757,0.166665174641387,1.38022824932888,9.43658949772854,2.52111266030849,0.0675656714557993,-0.396362976924459,-7.39506289206645,-6.97376264025097,1.94662142304647,11.4090541166078,-4.53023408983525,0.588932227175337,-4.69854266872493,0.658631455967196,4.83487169,0.12371212,-0.838,0.02301561,109.563086740836,-169.570930352834,1338.2100540072,0.6228896308348,0.59881377554381,6.72048674502228,0.145641702240793,-0.931504219525163,-911.49397973818,-912.802825191114,-937.305911175969,-938.403107425191,1.07424477250448,-946.618144707872,0.874400146445755,1872.5432026052,1911.77825469856,NA,2506.84917766157,0.402604221611257,1.00088538941427
"285",-5.86,0.73,-5.86,0.83,1.359326,9.604077,-1.1484446,0.2002995,35,35,-4.74353267493404,0.659051173313807,-5.84851329861446,0.852615895798877,1.23691338641405,9.02775624929553,-1.09039392638924,0.179578584890664,1.23691338641405,8.10795088354217,-5.29602298677425,0.755833534556342,1.23691338641405,9.33300179397284,-1.14386524333276,0.188945410338345,1.23691338641405,8.17691501072003,2.81129606386998,0.0723011778096925,-0.433818900246008,-6.77481755706625,-6.72658965288767,1.9734554600399,8.17264722445124,-3.33797562524863,0.457954934164532,-4.15312693921345,0.600802290493504,5.19519771,0.09688137,-0.875,0.02798436,69.1246342593645,-88.6940253898916,1199.43236596902,0.344637142444024,0.31412939842337,6.89750191624755,0.16190881263481,-1.02432505817494,-885.917249181016,-887.222382342624,-902.011896769829,-902.539930371111,0.51488646656716,-939.395370219066,0.0152905011595357,1821.38974149087,1841.19022588629,NA,2310.17070654814,0.431659473837352,0.96531374432076
"286",-5.86,0.73,-5.86,0.83,1.359326,9.604077,-1.1484446,0.2002995,35,35,-6.02202416010374,0.765408779528737,-5.99751853786994,0.900622566832925,1.19779057828725,8.24533112293009,-1.00501961116088,0.189220331087306,1.19779057828725,10.1305943321937,-6.00977134898684,0.833015673180831,1.19779057828725,8.24548125431035,-1.00419123666276,0.193791023156592,1.19779057828725,10.6678562195528,2.62485279110563,0.0664205119224362,-0.402748558859402,-7.41965794654527,-6.58958356879958,1.85465834666101,10.9171598878783,-4.9247642684731,0.642277590479809,-4.55499391762896,0.701643932877214,5.78173337,0.14170209,-0.852,0.02252301,109.957801971135,-170.360360813432,1306.04248771016,0.079936024552803,0.077451710015434,5.37498339429488,0.112336384469977,-0.717627451713413,-887.681678201745,-889.889029979357,-908.175986046411,-911.475797688729,3.28228729302924,-933.345781531243,3.70974701391807,1824.91859953233,1853.51840443945,NA,2441.72461460688,0.394524945412366,0.838642284921713
"287",-5.86,0.73,-5.86,0.83,1.359326,9.604077,-1.1484446,0.2002995,35,35,-5.94895387085352,0.693483159170209,-7.25474835712811,0.985144691938282,1.38969621050226,4.81131982119418,-0.660350827268032,0.149527337870395,1.38969621050226,6.6240751029544,-6.60185111399082,0.839313925554246,1.38969621050226,5.23759463129047,-0.75556333260477,0.17079395029455,1.38969621050226,6.87753638400011,3.45967364398494,0.0932292638689864,-0.554981453384528,-7.77510189121182,-7.34325243845454,1.97230362895708,7.691420257087,-4.8387758090667,0.576391134431165,-5.9810526274812,0.823295684122162,4.26051407,0.09860915,-0.856,0.02293864,127.743824995839,-205.932406862841,1355.17816386297,0.0306326877860237,0.0305328693045269,6.1812826255305,0.156095950408906,-0.926747481031683,-897.75837645388,-900.950964805755,-918.097519038598,-920.386812772581,2.26065022686225,-937.36619645551,1.29463452608153,1845.0719960366,1873.36147042382,NA,2504.4239208631,0.518581727905848,1.00638633623303
"288",-5.86,0.73,-5.86,0.83,1.359326,9.604077,-1.1484446,0.2002995,35,35,-6.08237926391621,0.785919957460897,-5.86551992108184,0.813107695515709,1.31471657215917,7.11723035747081,-0.664338324339708,0.115892196110991,1.31471657215917,9.60838275869691,-5.97394959249903,0.799513826488303,1.31471657215917,7.12898735111445,-0.662864345587778,0.116076989386125,1.31471657215917,9.70514918970096,2.77842233034007,0.065474411625813,-0.413103014885561,-7.3578127599116,-6.97897590911256,1.77778158881558,12.7918195553366,-4.44732243394307,0.576710390932078,-4.32027443848231,0.610732254676081,4.36542996,0.07202542,-0.774,0.02432553,101.309536758482,-153.063830388127,1317.00809784048,0.557454000040984,0.540420414418174,6.25530838026339,0.129284426999239,-0.852472745762833,-897.683930419326,-898.067722197573,-927.632168751501,-928.267792798114,0.62027525382053,-928.087269049031,0.696548604093903,1844.92310396749,1892.43076984963,NA,2480.95236529284,0.39103673091887,0.887213501704598
"289",-5.86,0.73,-5.86,0.83,1.359326,9.604077,-1.1484446,0.2002995,35,35,-5.83767859671056,0.773543470673779,-5.67121061557722,0.839362954286859,1.21173196634342,11.5352724433623,-1.54250812468225,0.275231534485785,1.21173196634342,10.467248645279,-5.75444460614389,0.806453212480319,1.21173196634342,11.5422003405479,-1.53976891554317,0.276314585591558,1.21173196634342,10.7005188605472,3.89940678539394,0.105877992442202,-0.623740770859606,-7.18684799832244,-6.62824456591783,2.14151134692918,9.12617904458704,-4.07984841830223,0.542796078337404,-3.83420129695958,0.57226775508188,6.75955613,0.16617095,-0.888,0.02345184,94.2162930449175,-138.877342960998,1277.60239272144,0.382603800554867,0.376435946294903,7.36031652477821,0.15755716632652,-1.02814930643483,-899.57801429549,-900.506865423856,-913.096958016846,-914.506629182103,1.38327641868753,-962.879618276344,1.71233281435273,1848.71127171982,1863.36034838032,NA,2416.32744248188,0.603945468042978,1.03496722466331
"290",-5.86,0.73,-5.86,0.83,1.359326,9.604077,-1.1484446,0.2002995,35,35,-6.24240571536047,0.74208577131741,-7.056423199912,0.938384719515151,1.33705295132539,8.74183375025096,-0.932388847450865,0.146339465100053,1.33705295132539,8.37121155736132,-6.64941445763624,0.840235245416281,1.33705295132539,8.90748986653985,-0.972336541458872,0.155972784365938,1.33705295132539,8.51795765043798,2.10292733017004,0.0628061710606585,-0.346405751665675,-7.77899194943461,-7.42351109686612,1.87486737193503,10.2652002953609,-4.83403597412951,0.584651766759933,-4.97621684290531,0.662417995452272,5.11931557,0.09271391,-0.817,0.01937024,152.20802970939,-254.860816289942,1373.74403722915,0.421296615974947,0.41895306177354,8.50975382411418,0.165988393616757,-1.15434343103306,-900.659484411419,-902.613863317815,-923.079484514597,-924.167137768917,1.06482862628094,-934.031814540455,0.7119834826215,1850.87421195168,1883.32540137582,NA,2492.62725816836,0.378253167418148,1.07027331252352
"291",-5.86,0.73,-5.86,0.83,1.359326,9.604077,-1.1484446,0.2002995,35,35,-5.5035025934307,0.644534586586441,-5.8435411791542,0.911848637712134,1.53196086924657,8.85461224684826,-1.05017594924011,0.186493300098894,1.53196086924657,7.84653256950476,-5.67352188629245,0.778191612149288,1.53196086924657,8.88351880679347,-1.07290022221231,0.204357500581201,1.53196086924657,8.84628118265246,2.77883786049766,0.0700808305873843,-0.425983502505684,-7.62127354283012,-6.36872418475377,2.28330055972604,8.74791320434464,-3.77839512396874,0.450220174802829,-4.22175170379062,0.676202504724155,5.15007331,0.1239644,-0.864,0.02886797,61.5632919141129,-73.5713406993885,1310.51278541229,0.0017323943046124,0.00128688146981617,7.48270212425459,0.170732794443476,-1.02772538469996,-933.616862995807,-939.346717714733,-952.386061561212,-959.880839537031,7.68469512319325,-977.25413685663,8.38806760660925,1916.78896912045,1941.93855546905,NA,2547.4542301252,0.41540741305205,1.28634877721747
"292",-5.86,0.73,-5.86,0.83,1.359326,9.604077,-1.1484446,0.2002995,35,35,-5.48143302485367,0.713306533183264,-6.10933360847656,0.911473468093669,1.32499404400406,5.45684765334523,-0.661211497150586,0.164079104897265,1.32499404400406,10.087631504863,-5.79538331666511,0.812390000638466,1.32499404400406,5.55541243907372,-0.692318780671837,0.173896638420211,1.32499404400406,10.3552497429999,2.55562267163834,0.0729038843955154,-0.421792145473528,-7.18947851253298,-6.63675177758037,1.94458280629481,11.9281702320972,-3.92811988439276,0.507529633501928,-4.42115131491074,0.654606439146771,3.8878363,0.1051134,-0.785,0.0249978,91.448707356376,-133.342171583915,1310.92795468232,0.239179843476824,0.251511475847354,5.89204134519995,0.147044925721816,-0.873345103614347,-903.614072390497,-905.247458293291,-932.632947107291,-934.302444391869,1.64129193735627,-947.795812052461,1.44612022812163,1856.78338790983,1902.43232656121,NA,2488.51373778072,0.402228810018953,0.969674206683197
"293",-5.86,0.73,-5.86,0.83,1.359326,9.604077,-1.1484446,0.2002995,35,35,-5.11769867603527,0.638985478858635,-5.57245264269834,0.759388788591369,1.25917666107762,9.90101372423973,-1.13958037665335,0.178527779266899,1.25917666107762,8.65173981787717,-5.34507565936681,0.699187133725002,1.25917666107762,9.95271401678867,-1.15326884732843,0.182152018515548,1.25917666107762,8.7252376855086,2.26806735605239,0.0573364190427552,-0.342603141324166,-7.26852977333539,-7.00595197735278,2.06706596434144,8.61422065027368,-3.62335213757712,0.456955232177938,-3.57898509763611,0.475795674680177,5.27437627,0.10482868,-0.87,0.02623298,81.1093619482957,-112.663480767754,1248.8008920348,0.838562003720523,0.821887979441812,7.32352357864796,0.14773526371085,-1.0046789342229,-892.071444472205,-892.849717853349,-910.441780275653,-910.972809989334,0.517819076481999,-952.395294827108,0.412852137493264,1833.69813207325,1858.04999289793,NA,2384.93830330185,0.360526863783245,0.955943257829931
"294",-5.86,0.73,-5.86,0.83,1.359326,9.604077,-1.1484446,0.2002995,35,35,-5.00892605586594,0.557528676279207,-5.55123268511382,0.771619384937349,1.31577007055066,9.83489028300398,-0.968356835771625,0.144789345232086,1.31577007055066,10.1173312966324,-5.28007937048988,0.664574030608278,1.31577007055066,9.90841440303551,-0.997382538413045,0.156248053115523,1.31577007055066,10.5522368029548,2.63360687811305,0.0691737383333945,-0.40655651212118,-7.64505570437272,-6.91186529164804,2.1121569097204,11.0093779961057,-3.60215580927538,0.405036364686173,-3.49966909288578,0.481524892286704,4.08329201,0.08778125,-0.796,0.02316561,110.110776439455,-170.666309750072,1300.33344651351,0.158266364799852,0.142878037419652,9.540203354388,0.17254515350967,-1.22528352129672,-903.520007146937,-906.89897314749,-931.108664386807,-933.794831233894,2.66013251209725,-965.467821896677,2.52193461997503,1856.59525742271,1899.38376112024,NA,2430.00058327694,0.426684763507372,1.24625622289897
"295",-5.86,0.73,-5.86,0.83,1.359326,9.604077,-1.1484446,0.2002995,35,35,-5.64761683236591,0.677111931606452,-5.33553810232895,0.794758531201637,1.27310018080241,8.21310381544965,-1.01790036344063,0.221121858953384,1.27310018080241,12.356542670463,-5.49157746734743,0.735935231404044,1.27310018080241,8.23745209888501,-1.00872161309192,0.224582039552462,1.27310018080241,13.0859699609682,2.84602175427565,0.0715273991311722,-0.433503582952265,-7.57130039016958,-6.55831366313309,2.14520758904028,12.4271190326676,-4.15106858492833,0.509779289812169,-3.99892283484021,0.577036655915171,6.13740907,0.12363264,-0.835,0.02330044,100.423891186042,-151.292539243247,1356.20067387634,0.222700232846081,0.190987161271262,5.71646978312863,0.151373238042332,-0.847192956284613,-910.177310827629,-912.352619217776,-935.876804153235,-939.598907944801,3.71361489107816,-973.177457550249,4.23937961866563,1869.9098647841,1908.9200406531,NA,2561.10880850943,0.432070140053763,1.07958621090104
"296",-5.86,0.73,-5.86,0.83,1.359326,9.604077,-1.1484446,0.2002995,35,35,-6.1513253867652,0.761508009092521,-6.36538893460748,0.863201630625035,1.38251490717528,9.21637626587199,-1.01062493227968,0.163650728221656,1.38251490717528,8.60415465503801,-6.25835716068634,0.812354819858778,1.38251490717528,9.22783206650069,-1.01606715663422,0.166236126386756,1.38251490717528,8.7179346433741,3.07114383141095,0.0833776159937615,-0.491878941820946,-7.57219895406407,-7.18039822005506,1.97944312399045,10.247443876755,-4.88542400025593,0.619546040425139,-4.83929538637171,0.672323110034277,7.04600692,0.11665889,-0.876,0.02496897,95.0899532436953,-140.624663358553,1351.40404618308,0.414589698775873,0.393458195070149,6.1111511905387,0.130791730428457,-0.846618941677682,-911.495813692262,-912.316992551733,-932.990124064825,-933.814537110582,0.805592942299743,-947.27462337242,0.820503786579296,1872.54687051336,1903.14668047628,NA,2562.18342900761,0.473111583595606,0.885637992913009
"297",-5.86,0.73,-5.86,0.83,1.359326,9.604077,-1.1484446,0.2002995,35,35,-5.84003993098953,0.658760874979968,-6.09240801062382,0.85032298867711,1.27492853740031,8.99218168916458,-1.11142011321258,0.202923636310581,1.27492853740031,9.51830483286747,-5.96622397080667,0.754541931828539,1.27492853740031,9.00810410106916,-1.12350615390369,0.21209764716161,1.27492853740031,10.1245689175784,3.09860831875405,0.0791475456988749,-0.473527135189505,-7.8730543354743,-6.98414491219336,2.08194935903761,9.53696131533934,-4.63090766211448,0.54751230064094,-4.27966098912315,0.617936370355229,5.39134003,0.12727885,-0.869,0.02349934,108.784656110329,-168.01406909182,1344.20659314634,0.0298278836253534,0.0297565204205348,6.52729965774379,0.126199234691666,-0.82064979844015,-900.983166980184,-903.927329180265,-919.506156589604,-923.428888098415,3.91944884802386,-957.360641749286,4.28623950251426,1851.52157708921,1876.17874552584,NA,2520.39911720086,0.484731382258657,1.04916530344087
"298",-5.86,0.73,-5.86,0.83,1.359326,9.604077,-1.1484446,0.2002995,35,35,-6.13643544917403,0.817901100148769,-6.32199396359942,0.841102333369697,1.33446560272435,11.7395668724711,-1.2926706021443,0.204256185051894,1.33446560272435,10.7679749936443,-6.22921470638672,0.829501716759233,1.33446560272435,11.74817486304,-1.29374689873663,0.204390759357637,1.33446560272435,10.7703404023228,2.33775746293614,0.061126630656065,-0.365307534472258,-7.2213335727894,-7.26866514346328,2.02625662089598,12.0496465863394,-4.44505412232615,0.603324756501113,-4.55766784808202,0.617072365966642,7.79336,0.1578314,-0.862,0.0229245,100.443153899434,-151.33106467003,1366.91948949807,0.991455173024597,0.990642011769188,7.35343717017374,0.129988656611329,-0.946457079570503,-916.296530926573,-916.317310324325,-938.546685316016,-938.560754173983,0.0136682641000636,-958.203083184426,0.0100822067119725,1882.14830498198,1914.25980297866,NA,2582.5079143261,0.357568537357829,0.905148549217064
"299",-5.86,0.73,-5.86,0.83,1.359326,9.604077,-1.1484446,0.2002995,35,35,-5.01749088408251,0.65663157915201,-5.45098115603642,0.765539782413047,1.30651312985313,12.0731346778731,-1.60620299596431,0.272494155190943,1.30651312985313,8.83670569892636,-5.23423602005946,0.711085680782529,1.30651312985313,12.1201131318428,-1.61800565762672,0.27545940437533,1.30651312985313,8.88794214198463,2.65691721593287,0.0729536810644294,-0.424398391540196,-7.06319108211277,-6.84783446119282,2.37009881354765,7.24958071017801,-3.22684902140781,0.415629930292159,-3.48206666924586,0.495846205797063,3.78815269,0.11125837,-0.859,0.03019844,54.3480424607164,-59.1408417925955,1231.96392461984,0.580947268926311,0.540888462534613,11.0740020632979,0.226465266440346,-1.54269257625824,-909.698651791344,-910.133999618333,-920.811996666298,-921.17565933949,0.354191559105266,-980.5538181326,0.282270237825733,1868.95254671152,1878.79042567922,NA,2404.78700744708,0.426670030406403,1.40502584640824
"300",-5.86,0.73,-5.86,0.83,1.359326,9.604077,-1.1484446,0.2002995,35,35,-6.09090885090297,0.762548408015546,-6.23870264068086,0.844596742824218,1.24566824368316,6.13460013288011,-0.974606945427697,0.234568407382873,1.24566824368316,9.67503881545807,-6.16480574579191,0.803572575419882,1.24566824368316,6.14006088395434,-0.977638504014281,0.236251389694092,1.24566824368316,9.76874291345324,1.64958890172397,0.0434856035740426,-0.252581525954324,-7.50558399064229,-7.16455503326237,2.06006096272528,9.28076384405086,-4.92327981847097,0.637028256154172,-4.26724140533197,0.574746204520611,3.98487183,0.14434346,-0.851,0.02218693,121.323005557459,-193.09076798608,1342.44414187736,0.474492043203469,0.398383839851469,6.43761934847455,0.138579631182883,-0.895041345721514,-892.156190450084,-892.532630935695,-914.853126255377,-915.464896016179,0.596895128329132,-953.909707011276,0.653467541032782,1833.867624029,1866.87268485738,NA,2491.79751576864,0.277626239078121,0.933534321521411
"301",-5.86,0.73,-5.86,0.83,1.359326,9.604077,-1.1484446,0.2002995,35,35,-6.66252575060843,0.861240328676053,-7.1535513760847,1.01220653196684,1.37568194804829,11.9223354481809,-1.55872152788447,0.310540602843894,1.37568194804829,13.129802166588,-6.90803856334657,0.936723430321447,1.37568194804829,11.9826119893995,-1.57725359648363,0.316238301477903,1.37568194804829,13.2727031673,2.79856211271859,0.0855344436531239,-0.474981245450273,-7.4892199655423,-7.08082801730826,2.32462520647152,12.7567868223321,-5.17929533724938,0.67548753670423,-5.98821388539948,0.871602902099543,9.35898468,0.21306548,-0.864,0.01922015,134.927757850278,-220.300272571718,1461.27181869106,0.241671549227923,0.223978479447966,7.13465272772912,0.172873533201098,-1.04351144770769,-938.243021575679,-938.92545570362,-958.802559710517,-959.506945069397,0.687714373764663,-993.70542340909,0.620627983223927,1926.0412862802,1954.77155176766,NA,2702.24336481041,0.481260994367012,1.14511560305933
"302",-5.86,0.73,-5.86,0.83,1.359326,9.604077,-1.1484446,0.2002995,35,35,-6.10058254434538,0.794854459124421,-5.15725759336562,0.675076627605982,1.34805670711789,14.7239155542716,-1.64041131118519,0.230383176189542,1.34805670711789,10.2299254313265,-5.6289200688555,0.734965543365201,1.34805670711789,14.9463810450569,-1.66865866544659,0.233969858420357,1.34805670711789,10.287830219976,3.72119764328709,0.0950040741054361,-0.577251806300272,-7.32278659140883,-7.09306696572886,2.24950244936687,10.0393571149982,-4.59405534561198,0.597477655571666,-4.24390807484196,0.554111115101242,11.93430588,0.1840006,-0.934,0.02499517,85.6198563630718,-121.684469597306,1332.80984732892,0.944031722941359,0.923139364226572,5.6063974518035,0.120737198534582,-0.78805218861684,-916.889432880744,-917.337744058936,-937.753329676128,-938.113342832214,0.350627940697117,-977.954938755109,0.252879083140517,1883.33410889033,1912.67309169888,NA,2543.93522506053,0.548801651880755,0.781225721704322
"303",-5.86,0.73,-5.86,0.83,1.359326,9.604077,-1.1484446,0.2002995,35,35,-6.065148691096,0.760585319701384,-5.82378843690696,0.787556492088497,1.23388499427103,11.3310457889997,-1.28867457811621,0.221281561294344,1.23388499427103,12.4588227439682,-5.94446856400148,0.774070905894941,1.23388499427103,11.3456094820752,-1.28704713586043,0.221463422329328,1.23388499427103,12.5747602967596,3.15552236446813,0.0766380482081511,-0.473295179768578,-7.4915194030231,-7.08947188307687,2.04138012867276,12.7383420791924,-4.2239247786033,0.530796390403134,-4.20176202066094,0.578239452601272,6.3986349,0.13610233,-0.847,0.02364135,97.7199026739013,-145.884562218965,1364.64667165582,0.607954251042477,0.616907965831226,8.54241444697282,0.159326495526786,-1.11327312818926,-906.204044870592,-906.572465302259,-928.745413555654,-929.345828117003,0.585768439022284,-961.824950449281,0.685872716853467,1861.96333287002,1894.65725945794,NA,2583.40878109267,0.464609947198053,1.1312794026714
"304",-5.86,0.73,-5.86,0.83,1.359326,9.604077,-1.1484446,0.2002995,35,35,-5.35955854487645,0.699758355986422,-6.05189112943284,0.825583886074067,1.43347349157447,9.68043331704917,-1.04963475450634,0.203786851227353,1.43347349157447,12.0237029427982,-5.70572483715464,0.762671121030245,1.43347349157447,9.80026441895881,-1.07141303311854,0.207744867232813,1.43347349157447,12.0502527540167,2.66763813210204,0.0666596882159573,-0.405605282700532,-7.14832056643526,-7.09101720257836,2.21596654549521,13.5677377402577,-3.50540117326094,0.455309733985805,-4.25737402658238,0.583823236343172,4.594965,0.10358996,-0.724,0.02367587,99.2963397583376,-149.037436387838,1394.56283998809,0.496718239319766,0.431739941595024,9.3201724900126,0.192931148363332,-1.29467230821486,-935.900106378231,-936.384280132776,-963.178477256263,-963.321032336837,0.138623183497849,-983.98193279699,0.0121046401002245,1921.3554558853,1963.52338685915,NA,2640.08824358835,0.401644006272265,1.23358726881603
"305",-5.86,0.73,-5.86,0.83,1.359326,9.604077,-1.1484446,0.2002995,35,35,-6.05871100739482,0.819897081702112,-4.82466025290314,0.694378388950575,1.45779650844831,9.70664246677787,-1.20108582209164,0.218346642613333,1.45779650844831,8.88290061799874,-5.44168563014898,0.757137735326344,1.45779650844831,10.0873627829432,-1.23980993146485,0.222285378170847,1.45779650844831,9.04883046102883,3.37539562367737,0.0871635731014516,-0.526673246504008,-7.13171758941514,-6.64547472588846,2.29124955245024,9.24536360535892,-4.68297627358396,0.647371031867613,-3.01515411323694,0.441540540632683,6.37011341,0.12673135,-0.867,0.02451553,87.6402815575756,-125.725319986314,1277.73879860938,0.0942335492668231,0.0604428961665891,8.10665328761665,0.180207060171847,-1.15980078225098,-929.983423339176,-931.157010929348,-947.983188460258,-949.148702614715,1.14169207626116,-979.847610378887,1.1985431466473,1909.52208980719,1933.13280926714,NA,2429.75227723244,0.501855625384254,1.14184040233331
"306",-5.86,0.73,-5.86,0.83,1.359326,9.604077,-1.1484446,0.2002995,35,35,-6.25550885373142,0.710396969019019,-5.90002060578693,0.874294910513024,1.6050745437966,9.77125711385582,-0.972232182908144,0.165156789613508,1.6050745437966,9.74352372368935,-6.07776472975918,0.792345939766022,1.6050745437966,9.80285008746248,-0.95766623489229,0.171872423420001,1.6050745437966,10.7478560883196,3.2997912095815,0.0862059362096832,-0.51528020495933,-7.98088877179393,-6.64893900026783,2.24214171510524,12.3563716839916,-4.15470067424478,0.473378869483701,-3.93913030571122,0.57364311626732,5.88731522,0.11850811,-0.836,0.02864054,63.9126043286412,-78.2699655284451,1431.91931103077,0.03626567896106,0.0308337205236609,9.5486451678034,0.194406883145981,-1.25340788752894,-950.023642260453,-954.264313425646,-977.407799338867,-983.663533764399,6.35681574791614,-983.82038085668,7.04970756079228,1949.60252764974,1991.98203102436,NA,2785.5686565331,0.504877962631399,1.48941452363884
"307",-5.86,0.73,-5.86,0.83,1.359326,9.604077,-1.1484446,0.2002995,35,35,-5.44682019505843,0.661409233958359,-6.6819161986797,0.880513299179348,1.37598281789423,7.39665643841122,-1.02418777852782,0.20381002969132,1.37598281789423,7.49047971806228,-6.06436819686906,0.770961266568853,1.37598281789423,7.77802197295153,-1.09184141736073,0.215811677540411,1.37598281789423,7.5711570132053,3.49672297171235,0.0964472118890079,-0.56415527561333,-7.46405636206531,-7.39378704261791,2.17092297578334,7.45996878447488,-3.82743836402612,0.466877886772383,-4.38703407448533,0.575196045361219,3.44715452,0.11821006,-0.879,0.02666239,92.4734948156714,-135.391746502505,1312.1417722878,0.609486988916842,0.581735130333113,9.57906436830457,0.18576022704346,-1.28391303794648,-907.572067458891,-909.055218999904,-923.202288301017,-923.864294278584,0.646142061685247,-959.929314042933,0.0319937598589763,1864.69937804662,1883.57100894866,NA,2488.89179807309,0.547113599304195,1.24631727426746
"308",-5.86,0.73,-5.86,0.83,1.359326,9.604077,-1.1484446,0.2002995,35,35,-6.09713188190523,0.779982554421559,-7.01563539543694,1.04777465405879,1.37124125021646,10.1148101911416,-1.33803057231934,0.23582685517328,1.37124125021646,8.01745291177513,-6.55638363867109,0.913878604240173,1.37124125021646,10.3257223672341,-1.39952256842255,0.253755007330309,1.37124125021646,8.42608434989759,3.85717448237314,0.093890635137539,-0.582161088855494,-7.40793888878833,-6.73100636919298,2.14514704994144,7.93465374782993,-4.00180151577479,0.505664851405991,-5.30746769429261,0.796505818781311,6.5934975,0.15406215,-0.904,0.02780628,70.5563468016064,-91.5574504743755,1319.27872572358,0.0148784466480363,0.00967348815432066,8.6083794162971,0.204215885183887,-1.26652113012477,-913.778174362961,-916.875476678618,-926.571721271903,-929.674041835393,3.08146192324916,-958.913675784918,2.84513528833715,1877.11159185476,1890.30987489043,NA,2547.00000097278,0.557509902775846,1.28396672153264
"309",-5.86,0.73,-5.86,0.83,1.359326,9.604077,-1.1484446,0.2002995,35,35,-6.15277968158561,0.823979271650323,-6.59269008970649,0.955563302768115,1.2184000814994,11.1743396837626,-1.17105417247221,0.180926469330539,1.2184000814994,11.7838440967921,-6.37273488564605,0.889771287209219,1.2184000814994,11.2227199755559,-1.18552546868001,0.185255058641841,1.2184000814994,11.900426061345,2.94654935181315,0.0658786682030946,-0.425606613869761,-7.20146563224202,-6.85743243293823,1.80335276666274,13.8149274172149,-4.89037311921637,0.661540081469652,-5.51219036614592,0.794698456619286,8.93499295,0.10941452,-0.881,0.01993513,134.509386689373,-219.463530249909,1344.575156351,0.295687642401265,0.276119286709205,6.66334470812681,0.162802125576031,-1.00778419147801,-896.648174342156,-897.600077484445,-922.049589258897,-922.685059413516,0.620124395257799,-934.090773346263,0.527190348835942,1842.85159181315,1881.26561086442,NA,2469.68678245209,0.405652096456584,0.964768761777531
"310",-5.86,0.73,-5.86,0.83,1.359326,9.604077,-1.1484446,0.2002995,35,35,-6.04640853047486,0.771222432974063,-5.55090302969078,0.851914670205005,1.33079595787347,7.56241363083644,-0.918356648869961,0.162022282365483,1.33079595787347,7.31719716600606,-5.79865578008282,0.811568551589534,1.33079595787347,7.62379505616326,-0.908360787015335,0.163650091652817,1.33079595787347,7.95471029140149,3.27708517245936,0.0832842843573485,-0.506952640821633,-7.40940607408715,-6.43315710459626,1.92093743557783,8.3316717909158,-4.27028051201645,0.544988317171715,-4.16556670178665,0.632808002381429,5.37601264,0.11862375,-0.862,0.02539953,87.9310491829658,-126.306855237094,1257.60140167737,0.0779807902355956,0.0689396715691891,6.06271960110678,0.132932019973732,-0.849401917904846,-896.504600596757,-899.75193229872,-913.578074408607,-918.747879916345,5.21219969439617,-933.388639756973,6.32696544386316,1842.56444432235,1864.32258116384,NA,2388.89594811765,0.482587908640961,0.893016860679669
"311",-5.86,0.73,-5.86,0.83,1.359326,9.604077,-1.1484446,0.2002995,35,35,-5.04558504399422,0.625168361094658,-5.67073401511764,0.783594177155319,1.4802340872238,8.45877352834003,-1.00517885825308,0.174209644879104,1.4802340872238,7.34782436583505,-5.35815952955593,0.704381269124989,1.4802340872238,8.5564763373642,-1.02993879223051,0.180484329677726,1.4802340872238,7.44555158758197,2.86569071912205,0.0746356323831887,-0.443455958928028,-7.27873495347913,-6.96002390833193,2.2740018376874,7.85483949126905,-3.39373514821992,0.421496687598262,-3.97063096389823,0.547803647472796,5.00708532,0.10097887,-0.857,0.02733157,74.4277201204535,-99.3001971120696,1267.07996521863,0.366963270075285,0.328564428372251,7.02021367366417,0.152596920042245,-0.992575807588475,-922.192703831279,-923.299568297181,-939.909007131323,-940.723731075569,0.79606982461065,-972.891221183086,0.600301855581044,1893.9406507914,1916.98444660927,NA,2434.8597333252,0.450146347318422,0.978660179127093
"312",-5.86,0.73,-5.86,0.83,1.359326,9.604077,-1.1484446,0.2002995,35,35,-6.29938310868883,0.80365880710322,-5.35432113452012,0.769142543346207,1.37584678827184,8.03571239794006,-0.948535414756588,0.182269203629238,1.37584678827184,9.32585778112668,-5.82685212160447,0.786400675224713,1.37584678827184,8.25899793169499,-0.956690416848373,0.182567046745174,1.37584678827184,9.67549758050157,3.79064769877115,0.100179053210415,-0.600144304757173,-7.46913312879407,-6.72971012232253,2.05202555324592,10.5969043230904,-4.74001606603105,0.611290452282371,-4.04220809649672,0.578143551620155,5.4221256,0.11442753,-0.833,0.02229592,113.687095718391,-177.818948307945,1318.81515839488,0.312416936913235,0.314088642345821,6.38919356711599,0.136296735843144,-0.879649304375799,-914.832333126905,-916.349025252158,-936.877466170171,-939.208463112113,2.30252119111586,-957.168426172769,2.73405999860218,1879.21990938265,1910.92136468697,NA,2459.81136848181,0.567040378480669,0.939700418899002
"313",-5.86,0.73,-5.86,0.83,1.359326,9.604077,-1.1484446,0.2002995,35,35,-6.47260611521158,0.758652152926214,-4.82640477221896,0.705697117242429,1.45449195533125,8.44040547870715,-1.00562062680169,0.183175616957589,1.45449195533125,8.2416045065011,-5.64950544371527,0.732174635084321,1.45449195533125,9.11790019412482,-1.02741428951691,0.183876675908657,1.45449195533125,9.31116707346091,3.30221455271499,0.0913423374958783,-0.534639508260701,-7.91049413453993,-6.57978519098662,2.21190811331023,9.02413512084749,-4.84347589820387,0.583007724907369,-3.65243161965696,0.530938111319729,6.62320379,0.12886401,-0.868,0.02307875,107.043574425231,-164.531905721624,1335.93159753154,0.0310970980584121,0.0265520777121271,6.46098282362879,0.122577257528126,-0.810240701917568,-923.245126268972,-928.054336872928,-942.730851236597,-950.396689231517,7.86987308341363,-970.449338635659,9.50384006347287,1896.04549566678,1922.62813481982,NA,2507.33128934146,0.513723707814951,1.00921530282804
"314",-5.86,0.73,-5.86,0.83,1.359326,9.604077,-1.1484446,0.2002995,35,35,-5.73544603920888,0.702277569229613,-4.77484917572901,0.707624125268058,1.19823390462618,5.11695346520723,-0.661139655760034,0.138641667144796,1.19823390462618,7.33843451397169,-5.25514760746895,0.704950847248835,1.19823390462618,5.34764004873907,-0.659855684519796,0.138648813560164,1.19823390462618,8.05774428791456,2.24579519237891,0.0608662598950109,-0.351939543387848,-7.50919924016111,-6.51674897933149,1.86703754301028,7.74091377362921,-4.0739222948788,0.49694239938768,-3.6174189071745,0.53030913097263,2.89673561,0.06803055,-0.791,0.02745962,85.1307998042824,-120.706356479728,1217.82701456342,0.0583011460306331,0.0630599935053418,5.73960563066972,0.125542526002084,-0.793650506273438,-868.06447727422,-871.74939442758,-888.049103620801,-893.841227274008,5.86597694641085,-924.126875401828,7.18215171297677,1785.68419767728,1813.26463958823,NA,2314.94767264712,0.373746965713553,0.880393779716439
"315",-5.86,0.73,-5.86,0.83,1.359326,9.604077,-1.1484446,0.2002995,35,35,-7.02454346300621,0.909386830203728,-6.5636535662653,0.934017930328516,1.25940732256202,12.6075147909461,-1.51523870450297,0.251256836957378,1.25940732256202,11.4197060562258,-6.79409851463576,0.921702380266122,1.25940732256202,12.6606196651756,-1.51240064820469,0.251408509730717,1.25940732256202,11.6773008151218,3.05090427166375,0.0773297112567426,-0.469372704936222,-7.5643932806994,-6.95675766320017,2.02254816967842,11.6357324732119,-4.68923517579121,0.605971354997499,-4.66856383485128,0.670551687074724,6.84906442,0.13913114,-0.876,0.02441805,93.4565181101619,-137.357793091486,1380.96660404057,0.350624851886246,0.346364515543922,10.5099035584425,0.207732325826692,-1.41893201701541,-910.142176867267,-911.036373588322,-928.136891606584,-929.573896940302,1.4103750544195,-956.626141861219,1.71923051483013,1869.83959686337,1893.4402155598,NA,2624.57541498965,0.455841813378283,1.39074437404371
"316",-5.86,0.73,-5.86,0.83,1.359326,9.604077,-1.1484446,0.2002995,35,35,-6.10541460270308,0.782143362092875,-5.27996824766458,0.756809287241393,1.41645415213788,3.42580137169054,-0.268955147172611,0.0795517928132104,1.41645415213788,8.02268290144991,-5.69269142518383,0.769476324667134,1.41645415213788,3.59614179295212,-0.274183127108718,0.0797122466503555,1.41645415213788,8.3047411573501,2.52628285634132,0.0693387911375716,-0.401152228329739,-7.40334807663227,-6.7288355838651,1.81012600145205,11.5569212777622,-4.63093853566164,0.603936361414364,-3.59030137158835,0.502520095152801,2.12304043,0.05427889,-0.629,0.02839698,77.2071730916749,-104.859103054512,1292.40013954811,0.169907432440204,0.153672441773299,6.44703843655199,0.129144399927837,-0.863408433362639,-898.988449604924,-900.459048019179,-934.560187128813,-936.714951144874,2.12574924894351,-929.221533557728,2.38196282084341,1847.53214233868,1906.28680660425,NA,2479.94117604172,0.414285394504353,0.906957542648823
"317",-5.86,0.73,-5.86,0.83,1.359326,9.604077,-1.1484446,0.2002995,35,35,-5.52682672720775,0.79214247759272,-5.90719989458515,0.859373219780232,1.29955466508683,6.16080439039301,-0.627590815940922,0.101313369143603,1.29955466508683,6.83048312876372,-5.71701331089645,0.825757848686476,1.29955466508683,6.19697532700819,-0.633984008528672,0.102443362317374,1.29955466508683,6.83848678238048,2.27465261973452,0.064263280913534,-0.365928547515963,-6.76518805845812,-6.7450178611689,1.69307917815303,9.18939564470698,-3.85335362376688,0.563495024140397,-4.28732193088843,0.630650671853505,3.04200679,0.0627045,-0.787,0.02808802,76.6934409185565,-103.831638708276,1193.28834664229,0.754603082391307,0.727415346601468,6.98033111143984,0.140554672897499,-0.965298755381341,-880.371562594675,-880.600654645761,-903.536877908929,-903.608389412886,0.0695038143866818,-905.531518212475,0.00280634822403092,1810.29836831819,1844.24018816449,NA,2282.7450545763,0.384121521619104,0.877810136956686
"318",-5.86,0.73,-5.86,0.83,1.359326,9.604077,-1.1484446,0.2002995,35,35,-5.39733779555884,0.60348705364736,-5.59675541575402,0.791879642824226,1.52156348426721,7.08963602613276,-0.83537266512151,0.165342947756416,1.52156348426721,7.87729523815121,-5.49704660565643,0.697683348235793,1.52156348426721,7.09957787294382,-0.844764865570523,0.174215889670607,1.52156348426721,8.41902566103998,2.91195146073137,0.0779810603468397,-0.459039373382664,-7.75965932434688,-6.83668264854137,2.3086239732044,8.76924061955687,-3.47538983759673,0.390495477824917,-3.80477941532281,0.532110209715669,3.35864251,0.08103403,-0.799,0.02771599,79.188796817729,-108.822350506621,1321.23908388568,0.0853009866209323,0.0675739063924816,8.66690280428426,0.184740589663363,-1.18321740443234,-929.14629857265,-932.091705976212,-950.960577189013,-955.107008283367,4.14965006437119,-980.032894865672,4.49484175126692,1907.84784027414,1939.08758672465,NA,2533.65581726473,0.459410041378641,1.31045527027695
"319",-5.86,0.73,-5.86,0.83,1.359326,9.604077,-1.1484446,0.2002995,35,35,-5.98077078077811,0.79371872587129,-6.0035569444996,0.853698339688448,1.30422192689047,11.5640764657483,-1.65144521529054,0.319396615762764,1.30422192689047,10.826746740167,-5.99216386263885,0.823708532779869,1.30422192689047,11.5642062680625,-1.65178689161563,0.320296004281178,1.30422192689047,10.907969473323,3.15153246786926,0.0821392747635145,-0.496895504805468,-7.20974123267023,-6.87518437818254,2.34541703597581,9.1758268546014,-4.20511743939078,0.562099572732443,-4.64604546855038,0.658525271994087,7.62596175,0.21974419,-0.901,0.02171805,110.191965953252,-170.828688777667,1336.18931124544,0.73587470823825,0.69762135727816,6.59469648142873,0.139064397020171,-0.90997024500958,-919.126085794548,-919.441060726384,-933.278962421535,-933.758059240241,0.467004661210234,-985.333896482572,0.558080749099615,1887.80741471793,1903.7243571897,NA,2501.54993371321,0.461017980051218,0.936557258646789
"320",-5.86,0.73,-5.86,0.83,1.359326,9.604077,-1.1484446,0.2002995,35,35,-5.17007397191707,0.711323117716909,-6.11580733692005,0.918552014115821,1.21246030340183,11.8022331333689,-1.55589389638389,0.255829346627861,1.21246030340183,8.64092692277258,-5.64294065441856,0.814937565916365,1.21246030340183,12.0258360327889,-1.60488971676319,0.266565300503539,1.21246030340183,8.77986762543075,3.68701949290517,0.0875587604501352,-0.551377628623961,-6.88993613569687,-6.60105336053791,2.10383198951548,7.37404025718027,-3.80119486237639,0.525697218169896,-4.28205877559015,0.643854221182648,7.5488687,0.17562185,-0.924,0.02503157,83.1103415903432,-116.665440051849,1218.47661436852,0.410139410605119,0.411728739823819,6.10038758574759,0.135354497114428,-0.870823288832698,-890.650402705724,-892.111860869371,-901.10073225594,-902.102340619537,0.979985415970585,-951.880965399647,0.563694967498307,1830.85604854028,1839.36789685851,NA,2320.28778868519,0.517515026818542,0.862605172420523
"321",-5.86,0.73,-5.86,0.83,1.359326,9.604077,-1.1484446,0.2002995,35,35,-5.63951413012523,0.783647658828651,-5.99809017818147,0.847822573066378,1.46217443594362,4.60156104304605,-0.501096199190582,0.121702712335926,1.46217443594362,7.80265284849284,-5.81880215415335,0.815735115947514,1.46217443594362,4.63370523860596,-0.506849095973512,0.122732317240281,1.46217443594362,7.80925043498191,2.79094034675485,0.0828518895409394,-0.467996389544706,-6.92848539336925,-6.90472390892767,1.9264667218321,10.4801221159276,-4.13326088242771,0.570412062874094,-4.57029204334949,0.641926672566759,4.14289614,0.08469726,-0.78,0.02494781,94.0898932011202,-138.624543273403,1280.22552347137,0.778924499388386,0.736816534325861,5.53307299912123,0.137256852090175,-0.834377423339649,-912.384621356699,-912.567395059739,-940.615144321112,-940.667589655203,0.0509659859337981,-941.344941957769,0.00303798817883582,1874.32448584223,1918.39672098885,NA,2421.82650366933,0.462664319312393,0.843340971541574
"322",-5.86,0.73,-5.86,0.83,1.359326,9.604077,-1.1484446,0.2002995,35,35,-5.6720523813124,0.780834538543056,-5.72745091930724,0.725105278708052,1.48421770379315,13.6416770828583,-1.46074945114726,0.233898371981296,1.48421770379315,12.1028629137939,-5.69975165030982,0.752969908625554,1.48421770379315,13.6424443323613,-1.45997762126767,0.234674809581735,1.48421770379315,12.1959988860125,2.94112838725429,0.0822411694903999,-0.476118977269531,-6.97778348726739,-7.36520253430904,2.36043339991064,13.0873502402181,-4.28009353950618,0.59389124707802,-4.39105626838303,0.570023692958852,10.31128692,0.18194665,-0.875,0.02285734,98.3544790490577,-147.153714969278,1420.9335316564,0.778697135264053,0.73058405025113,6.33034481818662,0.136509285152855,-0.876034267034703,-947.487416310616,-947.865452848419,-972.125553216492,-972.621357587092,0.483348269193729,-998.281670292829,0.537140420768467,1944.53007575007,1981.41753877961,NA,2694.71334834353,0.47185877708623,0.937314879925844
"323",-5.86,0.73,-5.86,0.83,1.359326,9.604077,-1.1484446,0.2002995,35,35,-5.72711026218188,0.639174457214183,-4.86689318453024,0.722687297564863,1.35400085571765,8.52299314017611,-0.995961430971759,0.184911866364829,1.35400085571765,9.53497509949791,-5.29700172335606,0.680930877389523,1.35400085571765,8.70798649534698,-0.978001638103546,0.186655464990688,1.35400085571765,10.7377696997316,3.36227770501738,0.0824993072329998,-0.511132383621914,-7.87681547534154,-6.51905050548264,2.20876856343422,9.81468647505037,-4.85443050878443,0.555710275763757,-3.43566044536153,0.513601492465482,4.64403151,0.07962213,-0.796,0.02253219,120.182177724913,-190.809112320989,1335.78262077643,0.00275915166792912,0.00298892051836214,7.0495574979317,0.155820672045828,-0.94995762251301,-912.668286164656,-917.153603018971,-934.359561714332,-941.92734139027,7.76366645800489,-972.758170223867,9.18400295709722,1874.89181545815,1905.88555577529,NA,2480.75612923188,0.482463290086492,1.20143689234746
"324",-5.86,0.73,-5.86,0.83,1.359326,9.604077,-1.1484446,0.2002995,35,35,-6.17908226914392,0.744092345456716,-5.76852179035383,0.8133146466798,1.29344009509203,10.1736453487647,-1.28052439473207,0.239737211344169,1.29344009509203,10.915530022684,-5.97380202974888,0.778703496068258,1.29344009509203,10.2157853254508,-1.27341940944879,0.240935143090824,1.29344009509203,11.3819354126692,2.62093761416959,0.0671613532801463,-0.399102923756701,-7.7037138537369,-6.88074481690161,2.15249471767057,10.7390606003948,-4.08860613856353,0.499005877894519,-4.85401925565038,0.695702281482753,5.69657721,0.12758469,-0.825,0.02313025,105.823310916312,-162.091378703788,1369.03414496594,0.118716786383135,0.0755612854704881,7.71444013524503,0.169987945376351,-1.07940392017541,-912.677771395251,-914.316566512799,-931.768688076431,-934.456407771577,2.66170002162058,-969.305882369012,3.18961682806478,1874.91078591934,1900.70380849949,NA,2575.97691122809,0.418839290753744,1.15499823481896
"325",-5.86,0.73,-5.86,0.83,1.359326,9.604077,-1.1484446,0.2002995,35,35,-6.23416271495733,0.684082313381533,-6.72414560886197,0.979818836229311,1.34217645271471,13.7275990490858,-1.57498627572844,0.23634691829818,1.34217645271471,10.3010368739506,-6.47915416190965,0.831950574805422,1.34217645271471,13.7876198581656,-1.61121273505301,0.258211941034704,1.34217645271471,11.5005597385354,3.03699946301317,0.0816634769808553,-0.482230284040765,-8.11631854186946,-6.84437976033176,2.19099398722626,10.3152884528672,-4.68241623380228,0.518509061852684,-4.85705516411096,0.714549391449558,9.31444565,0.17459564,-0.903,0.02201986,116.77785612498,-184.000469121122,1425.14693375699,0.00117292776275407,0.00110068742366878,7.77427007314308,0.168539790028346,-1.04615948272268,-918.201520901291,-925.110797749904,-937.124161012516,-944.185686961134,7.21770539301407,-972.362350775038,7.76555615356328,1885.95828493142,1911.41475437166,NA,2666.29339839286,0.471226683340376,1.27807790426981
"326",-5.86,0.73,-5.86,0.83,1.359326,9.604077,-1.1484446,0.2002995,35,35,-6.13526549227213,0.788222790331052,-6.10168026674371,0.833399396736622,1.3156898265349,10.357727187941,-1.22775759156705,0.228365246824557,1.3156898265349,11.7426005616869,-6.11847287950792,0.810811093533837,1.3156898265349,10.3580091797845,-1.22737827493837,0.228875478266138,1.3156898265349,11.8069991605482,3.32512823427,0.0815568074700485,-0.504185508297555,-7.39697930593077,-7.09424354977996,2.09995504447639,12.4073214088593,-4.54181168194153,0.592733251134525,-4.94915584206299,0.687656220495731,7.71184743,0.18579197,-0.85,0.01935182,133.626092239689,-217.696941350541,1390.7246717907,0.709371489629372,0.68305822014258,5.69639866458581,0.110343920424359,-0.753849479663873,-918.469100549735,-918.704036881739,-940.644906317809,-940.99778162824,0.34365863556439,-967.902318465817,0.387366786024072,1886.49344422831,1918.45624498225,NA,2563.75240223086,0.481575910378768,0.775883476706614
"327",-5.86,0.73,-5.86,0.83,1.359326,9.604077,-1.1484446,0.2002995,35,35,-6.21599920993475,0.815129688302748,-5.997514054513,0.88423112947728,1.31230138407159,5.9556781032851,-0.714592560362923,0.15266316632938,1.31230138407159,8.66115309641797,-6.10675663222387,0.849680408890014,1.31230138407159,5.96761204407002,-0.710818150584203,0.15385691862248,1.31230138407159,8.93402561535316,2.64158578058139,0.0667290321655539,-0.397494260899597,-7.31740868817098,-6.68723502759839,1.83516743549343,10.6230018692296,-4.5741791962872,0.606491223621403,-4.48209757558354,0.654224754308691,4.21333073,0.09134893,-0.794,0.02398579,103.213856200257,-156.872469271677,1296.44024668883,0.452743949154044,0.445812297591827,6.04696952003948,0.142707191456522,-0.884323680262534,-896.715451320964,-897.870403620915,-920.634474433171,-922.584169451476,1.92061248822078,-929.882645274085,2.21550866786949,1842.98614577076,1878.43538121297,NA,2436.00802410598,0.424922118622758,0.910404301694838
"328",-5.86,0.73,-5.86,0.83,1.359326,9.604077,-1.1484446,0.2002995,35,35,-5.87307421813306,0.761381039566171,-5.8711843634801,0.739171794687874,1.25502581986279,8.0840864356419,-0.888181494157495,0.141545435526362,1.25502581986279,8.04452240434921,-5.87212929080658,0.750276417127022,1.25502581986279,8.08408732852956,-0.888191987218689,0.141668748165878,1.25502581986279,8.05725602435992,2.81337690058584,0.0719364293139768,-0.436724522944094,-7.29470423701404,-7.42513131626383,1.85961029375952,9.17988766947721,-4.00497015547479,0.511634772190616,-3.97353257240522,0.505780808668913,3.86633962,0.09964639,-0.856,0.02583435,94.0150350864035,-138.47482704397,1277.10801410547,0.998323659184854,0.998353390009732,8.83543732642557,0.152853757106571,-1.13102931610404,-884.298805769107,-884.378346649946,-905.084289102084,-905.182771530347,0.0957359738875808,-928.484272293038,0.106934433220142,1818.15285466705,1847.3350105508,NA,2415.74120116696,0.415520732214093,1.0581002258291
"329",-5.86,0.73,-5.86,0.83,1.359326,9.604077,-1.1484446,0.2002995,35,35,-7.11781059322909,0.980323184273831,-5.62018076525423,0.717557130773196,1.26951427714152,10.687411101374,-1.26743225230054,0.206840225284437,1.26951427714152,9.51819303673307,-6.36899567924166,0.848940157523514,1.26951427714152,11.248134876784,-1.36581382217599,0.224101725002512,1.26951427714152,9.64223867016692,2.75654950967614,0.0715864406752506,-0.428805032569544,-7.23503996955968,-7.30290229241908,2.00119114747593,9.87303363434997,-5.22845881775988,0.723678056431291,-4.04907840574974,0.514916010567114,6.96513561,0.12419239,-0.878,0.02195296,117.646512570815,-185.737782012793,1335.22015044519,0.150199157939138,0.110956885551003,8.51281147884059,0.185130761872961,-1.22047303615103,-900.749066869431,-902.882765519417,-918.462751480229,-919.283461939082,0.801953628731067,-948.766813727556,0.0251863421546532,1851.0533768677,1874.09193530709,NA,2484.70251887759,0.421219417997853,1.12412026384202
"330",-5.86,0.73,-5.86,0.83,1.359326,9.604077,-1.1484446,0.2002995,35,35,-6.41650944675746,0.788451579394606,-5.82718617432838,0.783589523132706,1.36466116519635,9.64665974237147,-1.15216072626895,0.184431627642127,1.36466116519635,7.52208906089057,-6.12184781054292,0.786020551263656,1.36466116519635,9.73348522222811,-1.1528770569957,0.1844375375399,1.36466116519635,7.72345913446485,2.82818757868184,0.0712482006533502,-0.430690058902083,-7.67686019437916,-7.11650379500508,2.04686419558383,8.09479724646137,-4.46760800932669,0.544764378666007,-4.09657638864937,0.552674241849884,5.24840366,0.10234892,-0.882,0.02497528,99.2971524905893,-149.039061852341,1305.57497393869,0.315931105681334,0.30385446354488,8.95032563481371,0.174079412468949,-1.20326709655774,-905.628070896666,-906.647572210412,-921.438197634432,-923.073001663084,1.60678501541271,-948.045164957401,2.00721356144481,1860.81138492217,1880.04282761549,NA,2462.11088602505,0.43241528608963,1.15887083567349
"331",-5.86,0.73,-5.86,0.83,1.359326,9.604077,-1.1484446,0.2002995,35,35,-5.8004556668368,0.679546225409225,-6.54444576894814,0.902300174358583,1.30524378315352,6.55806656352569,-0.830845445813548,0.158943042097062,1.30524378315352,7.24933838756851,-6.17245071789247,0.790923199883904,1.30524378315352,6.6964468815356,-0.872277129119684,0.171347872540195,1.30524378315352,7.56177026186437,3.13039885562454,0.0843663938567999,-0.50010594182948,-7.7096363320853,-7.12651604835409,1.94251348575377,7.95935449055028,-4.96574446054652,0.610970995773172,-5.10675466150903,0.71678021800343,2.72681055,0.05153602,-0.71,0.02140153,141.718448113353,-233.881653097868,1303.66640890903,0.123355607016358,0.108931212189331,7.42014202753395,0.168259171754843,-1.071949226152,-890.704936630945,-893.278672392754,-908.254699822141,-910.856877958757,2.5754025903622,-934.700090301302,2.32499752799039,1830.96511639073,1853.67583199091,NA,2373.45116472018,0.477193393142742,1.05838507664805
"332",-5.86,0.73,-5.86,0.83,1.359326,9.604077,-1.1484446,0.2002995,35,35,-5.20014782051488,0.703876219945066,-5.79335870414623,0.833144846681486,1.28520640567556,7.82343080012089,-0.822564063961378,0.153617061198137,1.28520640567556,10.5253888087949,-5.49675326233055,0.768510533313276,1.28520640567556,7.91140558823555,-0.841734953034408,0.157794655662717,1.28520640567556,10.5755993588826,3.46005933336849,0.0896124489186789,-0.541643649436917,-6.96437667418698,-6.78743853054111,1.9115746204231,12.3966038328455,-3.75221950288179,0.512261994117041,-3.97368901309808,0.564125271357418,5.01696866,0.11154205,-0.811,0.02247181,106.018240763904,-162.481238398971,1277.34026320126,0.859535622079295,0.8173855154628,6.10066000604997,0.13399295865932,-0.860832827089943,-900.991355232076,-901.669113713743,-927.873780426784,-928.178074253128,0.296243143082563,-944.847115503267,0.145480211615671,1851.53795359299,1892.9139932002,NA,2392.19928800356,0.51192881987112,0.879016835248789
"333",-5.86,0.73,-5.86,0.83,1.359326,9.604077,-1.1484446,0.2002995,35,35,-5.71646984886995,0.660243755314156,-6.51730032376433,0.901711264109261,1.53761922008347,5.60627774386998,-0.504618603591387,0.109398189836242,1.53761922008347,8.54597711908694,-6.11688508631714,0.780977509711708,1.53761922008347,5.76661010624987,-0.552962238526372,0.123974829287171,1.53761922008347,8.86171716340053,2.04439476801009,0.0571651690268179,-0.328099482896689,-7.7406496360483,-7.10287917804354,2.0471294634048,11.638927662783,-4.10898754809902,0.498088583469452,-4.57322063247264,0.622750452358229,4.4884626,0.08053995,-0.821,0.02930141,67.4611717336485,-85.3671003384596,1381.49054474772,0.269555230330002,0.242824844214244,7.08636223735593,0.166643803277332,-1.00227213879827,-927.043704417275,-930.025777787522,-958.615907293635,-960.893741333567,2.24914880325816,-959.594680239217,1.87076924370222,1903.64265196339,1954.3982469339,NA,2677.61398915698,0.338811205760855,1.18681556970303
"334",-5.86,0.73,-5.86,0.83,1.359326,9.604077,-1.1484446,0.2002995,35,35,-5.63378948406474,0.681561037081906,-6.81703289758926,1.05582658189471,1.47426322175777,6.12042618133436,-0.696176973187712,0.117557683817543,1.47426322175777,5.45180241562258,-6.225411190827,0.868693809488309,1.47426322175777,6.47044242524664,-0.80688878338994,0.152576358326049,1.47426322175777,6.31299968994725,2.30585359817121,0.0562023504832447,-0.349649258331926,-7.53096642273985,-6.48443256889473,1.97746774614563,6.81755453359963,-3.81879363142411,0.451417799232293,-5.29628747604033,0.819849900801735,2.36624886,0.05360442,-0.771,0.02685651,98.4947124933524,-147.434181857867,1257.15361480811,8.87800240253652e-06,6.39418620827575e-06,8.92168661846524,0.227916528114198,-1.35566113379238,-903.527150299142,-912.623983865733,-920.883845602905,-929.65442615159,9.07675264702391,-934.298085762228,8.43088560763424,1856.60954372712,1878.93412355244,NA,2366.87304775835,0.3282710162075,1.42556404598081
"335",-5.86,0.73,-5.86,0.83,1.359326,9.604077,-1.1484446,0.2002995,35,35,-6.57549133709372,0.837346758853139,-6.59435288602685,0.887984475716766,1.3456800436648,5.82831595055659,-0.736128893021774,0.167788618839108,1.3456800436648,8.94390590232486,-6.58492211156028,0.862665617284953,1.3456800436648,5.82840489006363,-0.736367669465394,0.168429663431398,1.3456800436648,9.00015241158061,2.56568303177561,0.0701355861340184,-0.409249799762763,-7.54453725809792,-7.26171239347008,1.90065981979533,10.8031638635508,-4.62783535132642,0.603378000608114,-4.50749358509543,0.610006906763229,3.82643015,0.12728069,-0.846,0.02327941,113.026122214963,-176.497001301088,1360.77944416529,0.863589246555457,0.871313210200365,8.20951349669683,0.151964720342146,-1.06397635132098,-904.130588316186,-904.377685943508,-928.80744968625,-929.20228067044,0.384633831711609,-939.012017323504,0.424306130854418,1857.81641976121,1894.78133171913,NA,2545.0618870295,0.409234012182817,1.09134051322531
"336",-5.86,0.73,-5.86,0.83,1.359326,9.604077,-1.1484446,0.2002995,35,35,-5.75607899267869,0.701478621627834,-5.59372140008896,0.735744817170705,1.19279117249616,11.9633627453812,-1.30058414026117,0.201408675456047,1.19279117249616,12.1091496387289,-5.67490019638383,0.718611719399269,1.19279117249616,11.9699527423491,-1.29919329600729,0.201702218495292,1.19279117249616,12.2098762076374,2.30184580965807,0.0622232975979463,-0.36288874591553,-7.5345921166988,-7.16808539812165,2.02510079043431,12.0854099332877,-3.75757857130041,0.458476112852829,-3.55798943437331,0.477945597948012,4.31204368,0.12557731,-0.849,0.02520071,89.1873849193719,-128.819526709906,1317.62999063493,0.570798296406146,0.555478514785367,11.7733110548267,0.182876554595129,-1.42406000047418,-895.189391455252,-895.561642516876,-918.604152045171,-919.139954113962,0.522490540922943,-958.15907724122,0.603221574948387,1839.93402603934,1874.37473643697,NA,2506.44045455995,0.372276812597002,1.39498524689427
"337",-5.86,0.73,-5.86,0.83,1.359326,9.604077,-1.1484446,0.2002995,35,35,-6.47091102462692,0.862147615822247,-6.24787140680914,0.80744952895017,1.14089974672858,10.6034677080971,-1.09574479700311,0.153407346251668,1.14089974672858,10.3749063428679,-6.35939121571804,0.834798572386208,1.14089974672858,10.6159043758761,-1.09879475710094,0.154155316428535,1.14089974672858,10.3888451319754,3.02968615766114,0.0756830463619328,-0.463809344144764,-7.2921998575223,-7.39503728707465,1.67856383490105,12.1582077116415,-5.2237562125664,0.693473635309795,-4.00973430625871,0.504780618461505,7.0239501,0.10834241,-0.885,0.02094565,130.672535818746,-211.789828508655,1321.76135860287,0.211779632475136,0.150884639106208,7.4657400612941,0.145817644080303,-1.01518061675036,-872.294839877454,-872.478953239143,-897.773777098665,-897.859502455538,0.0833270737133742,-912.3714306985,0.0569789953283177,1794.14492288375,1832.71398654396,NA,2431.73288869709,0.443793780172002,0.932707397502431
"338",-5.86,0.73,-5.86,0.83,1.359326,9.604077,-1.1484446,0.2002995,35,35,-5.89614704716118,0.70236377282604,-5.59105498153734,0.822320375193422,1.31350725824731,5.93602048451145,-0.585893692169983,0.126750386247213,1.31350725824731,10.0608414816659,-5.74360101434926,0.762342074009731,1.31350725824731,5.95929077663811,-0.576744240269613,0.130347782860095,1.31350725824731,10.7779334538169,2.69730505333603,0.0748048924100475,-0.43639586205241,-7.66938666939279,-6.64962420801165,1.86712003854437,12.6520198674273,-4.63106082547669,0.560423306694274,-4.14626413437616,0.611915719114651,3.97996245,0.08440341,-0.751,0.02305148,112.29410206764,-175.032961006443,1339.03105871853,0.063752453073389,0.0645313061574351,5.29995529019852,0.116506753322273,-0.708236718731226,-899.453168834545,-902.089164715367,-930.330366350357,-934.727532405607,4.40854831769325,-939.74324684824,4.85485040046553,1848.46158079793,1897.82716504734,NA,2503.02915643061,0.423878838096451,0.915686731355111
"339",-5.86,0.73,-5.86,0.83,1.359326,9.604077,-1.1484446,0.2002995,35,35,-6.06212582358094,0.747980502641766,-5.87885071528798,0.812018335030589,1.2311936068226,9.20186052407212,-1.11965994494603,0.216416496503567,1.2311936068226,11.632274398413,-5.97048826943446,0.779999418836178,1.2311936068226,9.21025796540207,-1.11672580977955,0.217441707497832,1.2311936068226,11.8663837034842,2.23127837914477,0.0553800779168078,-0.337286587458627,-7.56359277380309,-6.99879683119543,2.01893775331979,11.8912538643001,-4.27755215108959,0.524303878332894,-4.4832269318876,0.636618180563049,6.38008653,0.18255881,-0.861,0.02005818,128.916167100133,-208.277091071429,1358.56172353673,0.314222336045141,0.306970411398068,6.95217378984305,0.12498969676921,-0.883260693757386,-901.662716497263,-902.450578456064,-923.773838382371,-925.059248130556,1.26021904233196,-956.889118853754,1.45851871964278,1852.88067612336,1884.71410911137,NA,2508.84635600204,0.337466522450915,0.932881298033055
"340",-5.86,0.73,-5.86,0.83,1.359326,9.604077,-1.1484446,0.2002995,35,35,-5.28134285221516,0.657499454954583,-5.53361421428092,0.764396402875293,1.37827417216012,5.89182036531198,-0.545075819202176,0.0912371436908282,1.37827417216012,7.28084886802187,-5.40747853324804,0.710947928914938,1.37827417216012,5.9077305753416,-0.551817578865332,0.094093883059519,1.37827417216012,7.39317637999304,2.75226896476508,0.071249530511813,-0.427093728716624,-7.32187247079376,-6.93727947885116,1.90467261472042,9.40922199989202,-4.24643873814377,0.540221407689344,-4.07396707439742,0.569806322506014,3.76441162,0.06182881,-0.786,0.02692248,85.0332018500803,-120.511160571323,1248.08859078113,0.472689077749173,0.447837781569393,5.78559925079096,0.115660338456857,-0.780977556880102,-894.4265131591,-895.462727012955,-921.859933685693,-922.803082646005,0.922401910211916,-935.130090124925,0.887791710062311,1838.40826944704,1880.88629971801,NA,2375.66602099094,0.420950840401321,0.786823120139052
"341",-5.86,0.73,-5.86,0.83,1.359326,9.604077,-1.1484446,0.2002995,35,35,-6.50047007717097,0.807638410877393,-5.15199648744872,0.812380989646586,1.29603038577821,7.4933449901915,-0.765548673748189,0.145857097565922,1.29603038577821,10.5836741443061,-5.82623328230984,0.810009700261989,1.29603038577821,7.94794024573611,-0.763949863193832,0.145862720579267,1.29603038577821,11.8633579006866,2.88413137591569,0.0774881130435803,-0.458054303942112,-7.64651064779101,-6.26978200099813,1.83521224652316,13.241584540939,-4.35737335295471,0.541712284855463,-3.99855770844793,0.61452684220619,3.37989754,0.04274981,-0.701,0.0254789,98.2533833442044,-146.951523559571,1329.26107756176,0.0323080595132209,0.0276887251568652,8.54782921561216,0.198001352435908,-1.20179270626544,-901.951047327046,-906.172859942975,-930.28163130166,-937.61665769366,7.51216706804911,-936.999931773042,8.62976658005747,1853.45733778293,1897.72969494995,NA,2511.57063156394,0.446108951955631,1.41105866668106
"342",-5.86,0.73,-5.86,0.83,1.359326,9.604077,-1.1484446,0.2002995,35,35,-5.68940675956911,0.647725001975728,-5.183259913831,0.659471308999068,1.42071191603402,11.1713602012632,-1.26876115180806,0.195881098318109,1.42071191603402,8.63158328675185,-5.43633333670006,0.653598155487398,1.42071191603402,11.2354063586259,-1.26727481274582,0.195915592250281,1.42071191603402,8.8362271548619,2.71314451471447,0.0707780218742884,-0.424790067774303,-7.78817003966236,-7.21204173626886,2.35681739954114,8.53153335922077,-3.97651904259418,0.457818849486563,-2.94089461980018,0.353332397816527,6.10978297,0.13141327,-0.878,0.02525503,88.7737375877186,-127.9922320466,1338.30486359826,0.305752489376132,0.226506931155839,9.42104297006329,0.164479930598199,-1.2026923688219,-920.884803889299,-921.806494250978,-939.86694831346,-941.338669900944,1.44480742336768,-984.232553972415,1.75831497972646,1891.32485090744,1916.90032897355,NA,2548.61749514992,0.409254168477388,1.16450998393947
"343",-5.86,0.73,-5.86,0.83,1.359326,9.604077,-1.1484446,0.2002995,35,35,-6.23028127503041,0.769840123973799,-6.58928336250376,0.913981228403494,1.30818740053348,10.2585212309182,-1.32483125682522,0.235556207750347,1.30818740053348,9.18162694199532,-6.40978231876709,0.841910676188647,1.30818740053348,10.2907418556208,-1.33776799617047,0.2407503722469,1.30818740053348,9.38397434251288,3.48551583707892,0.0897330582934799,-0.545466215856275,-7.60151425796644,-7.1017609446143,2.09563713291124,9.08893997208389,-4.65660800818247,0.585832024091238,-4.83838922402934,0.66793668952389,8.266418,0.1735803,-0.917,0.0239679,97.7366638181921,-145.918084507547,1341.56278262191,0.39704151589793,0.387638783140658,6.8179275864613,0.149352435306771,-0.946216378729468,-908.497628621244,-909.690635998878,-923.538234640069,-924.915755767817,1.35141695070768,-957.445392100987,1.40571313368048,1866.55050037132,1884.24290162677,NA,2537.20748073627,0.50775738594561,1.03621027424105
"344",-5.86,0.73,-5.86,0.83,1.359326,9.604077,-1.1484446,0.2002995,35,35,-5.36961681276644,0.638481543589797,-6.00147863943616,0.769131370251834,1.40315104168075,7.80761752845506,-0.812265860969415,0.142054166933083,1.40315104168075,8.81028805889355,-5.6855477261013,0.703806456920816,1.40315104168075,7.90742987045567,-0.832904020501605,0.146321511234788,1.40315104168075,8.85071038069379,2.74127115034056,0.072815820915672,-0.426765425586361,-7.52345022599507,-7.37693419364358,2.09669539472469,10.2566982365875,-4.09274026306753,0.504736952415424,-4.54395408812517,0.598513908722699,4.27019455,0.07607925,-0.805,0.02711126,83.7279479436285,-117.90065275842,1336.4940054944,0.579586452883751,0.571088244454876,7.46273150557325,0.145291173728021,-0.985688207241123,-913.039213017137,-913.749373893035,-938.10660648607,-938.394441971289,0.280187275431165,-961.402407043122,0.10823579094137,1875.63366916311,1913.37964531877,NA,2555.08735823038,0.443428913498381,1.03536171093123
"345",-5.86,0.73,-5.86,0.83,1.359326,9.604077,-1.1484446,0.2002995,35,35,-4.63852345279022,0.576802014359067,-5.73427942805918,0.839778984470231,1.37053579096233,7.9846208380913,-0.905916065436117,0.172543365151359,1.37053579096233,9.58371403414716,-5.1864014404247,0.708290499414649,1.37053579096233,8.2847911274257,-0.977955712025475,0.189832586853571,1.37053579096233,9.83748297541596,3.3069133945695,0.0845217675011124,-0.513509104447995,-7.15982754037528,-6.68883477822332,2.18520081892473,10.2449592438014,-3.43571355383196,0.438205486480256,-4.11969841685405,0.610980723295533,4.51486589,0.10402093,-0.798,0.02788541,66.8262129722698,-84.0971828157022,1283.62062833287,0.175011419424229,0.131135699589925,6.81735367607078,0.160089869486154,-0.990930107251597,-914.055941617434,-916.67671481522,-937.656458974334,-939.315064416218,1.63045675181726,-971.495474319263,1.07430151365969,1877.66712636371,1912.4793502953,NA,2483.14407385003,0.487217777177035,1.03671577575292
"346",-5.86,0.73,-5.86,0.83,1.359326,9.604077,-1.1484446,0.2002995,35,35,-5.39388291531937,0.607685730325278,-6.3120834026702,0.850181997581673,1.37803751111544,11.565310469778,-1.32878591499849,0.205210060278831,1.37803751111544,8.98409203810161,-5.85298315899479,0.728933863953475,1.37803751111544,11.7760835035208,-1.38445096269238,0.219911170187153,1.37803751111544,9.25496010962091,3.73932740230449,0.0951567605629275,-0.58060257641878,-7.73118981495116,-7.20466029270212,2.24740626257788,9.00726619715329,-4.14648582406552,0.480679171655168,-4.65389746776047,0.6350659574728,8.6319249,0.1774523,-0.916,0.023915,97.605074997581,-145.654906866325,1350.66253303024,0.123587473036207,0.104414277062334,5.98812266628959,0.113488451930739,-0.763719962470132,-916.431698535536,-919.191819897536,-934.911189822203,-936.78498282899,1.84483764703105,-974.291092853575,1.4668826642934,1882.41864019991,1906.98881199103,NA,2555.67015919415,0.544504866008356,0.884952107230191
"347",-5.86,0.73,-5.86,0.83,1.359326,9.604077,-1.1484446,0.2002995,35,35,-4.59539790033479,0.534919012027277,-6.49437798530617,0.919314824282268,1.25972112140282,12.9033108947076,-1.81340612089254,0.305107720612486,1.25972112140282,8.05829220092359,-5.54488794282048,0.727116918154773,1.25972112140282,13.804842235487,-1.99589611894719,0.34204775573228,1.25972112140282,8.42524378508315,2.96767574658599,0.0827619244083282,-0.476861993140193,-7.36623007775598,-6.97507938334459,2.49393418630743,5.47071733207459,-3.11192044417382,0.353751355912445,-4.63462047432301,0.658598973526166,8.09220971,0.19419846,-0.936,0.02744842,69.4609200093718,-89.3665968899061,1261.32673528933,0.0237091782430591,0.018049137567105,8.59405844972407,0.199537496439081,-1.26206353584247,-899.516783843121,-903.310109769769,-906.105662754984,-908.885432425874,2.75468125440973,-984.530982554685,1.12823029115466,1848.58881081508,1849.3777578566,NA,2433.28687368875,0.486099254062293,1.22185767939172
"348",-5.86,0.73,-5.86,0.83,1.359326,9.604077,-1.1484446,0.2002995,35,35,-6.14209104993161,0.711167220480191,-6.55207646968118,0.903759840485403,1.50504725930616,8.11598686561353,-0.784478835983915,0.14527594853156,1.50504725930616,9.98585231171376,-6.34708375980639,0.807463530482797,1.50504725930616,8.15800887671534,-0.804218877522293,0.154548927851678,1.50504725930616,10.3567794455616,2.78744698174118,0.0733012187319199,-0.438136265732612,-7.86288200910628,-7.12545043602107,2.07285422644513,12.9809698063598,-4.22939379117682,0.493757137527032,-4.68141325109793,0.646399356621687,5.48885473,0.11928541,-0.835,0.02659755,81.2351084237436,-112.91497371865,1421.38301228678,0.149084904934863,0.126334205990473,9.04839739727434,0.173110292227777,-1.16872484188117,-933.695118909801,-935.984212003895,-963.204414990005,-965.528875735356,2.29595705330563,-966.186275126055,2.23297755694997,1916.94548094844,1963.57526232664,NA,2729.85105085492,0.423244661415622,1.30715269910475
"349",-5.86,0.73,-5.86,0.83,1.359326,9.604077,-1.1484446,0.2002995,35,35,-5.54297318948927,0.68770062273176,-5.0687826624433,0.691971548048306,1.25380962573983,7.55702917198058,-0.861608644678781,0.147828936258221,1.25380962573983,8.13205425775734,-5.30587792596629,0.689836085390033,1.25380962573983,7.61324333596562,-0.861102336597075,0.147833496458985,1.25380962573983,8.30630064705376,4.07113491973922,0.10100181725124,-0.624126886225533,-7.40357206560198,-6.90393647070657,1.9769357226662,8.61974678997887,-3.92305823855509,0.486702116696971,-3.46098935725925,0.470500309459974,2.97142594,0.06575694,-0.789,0.02594376,94.6610359013262,-139.766828673815,1233.61533349518,0.414903034732634,0.388438400936509,7.97304417080501,0.158686596826813,-1.08203443544966,-885.401891684265,-886.196819621364,-905.520949365536,-906.84401863404,1.29749059058555,-941.492776898754,1.56205928607199,1820.35902649737,1848.2083310777,NA,2327.46383831655,0.581918851687491,1.05118505837725
"350",-5.86,0.73,-5.86,0.83,1.359326,9.604077,-1.1484446,0.2002995,35,35,-5.28670496474537,0.627967513369499,-5.60158240728112,0.905617533220935,1.24381121892513,13.4817887095089,-1.61084822828864,0.25549800173231,1.24381121892513,11.2712366606471,-5.44414368601325,0.766792523295217,1.24381121892513,13.5065756604634,-1.63270466033134,0.274770385113186,1.24381121892513,12.6708127444352,2.78206675689909,0.0783309547990868,-0.453507306822181,-7.50317824931289,-6.16388872101752,2.21916814760659,10.1482472545538,-3.80108992227523,0.452313589218942,-3.88933423009623,0.640744994049421,6.62588172,0.12349564,-0.872,0.02482606,89.45642472401,-129.357606319183,1307.15167949531,0.00063276843732933,0.000661130663510772,8.16344069155403,0.20538296488742,-1.19119246318359,-906.958617329274,-913.392483380125,-924.242100372884,-931.802454754147,7.75563020496469,-974.972203630637,8.62778084934013,1863.47247778739,1885.6506330924,NA,2484.94575267143,0.442959264518795,1.4412328237089
"351",-5.86,0.73,-5.86,0.83,1.359326,9.604077,-1.1484446,0.2002995,35,35,-5.67492918324836,0.70022754315736,-6.47667974732664,0.828237843338808,1.23201462712869,9.69988267737804,-1.08329676350894,0.170306263428057,1.23201462712869,9.28797108550193,-6.0758044652875,0.764232693248084,1.23201462712869,9.86058366912801,-1.10895484610352,0.174402922666193,1.23201462712869,9.31861626808516,2.04415613526495,0.0534063457891349,-0.319034570606509,-7.4608959090542,-7.49999422985286,1.9135195370981,10.0215405676933,-4.38763714724203,0.546161210674581,-4.71384657201622,0.61062543206333,4.97889277,0.11484585,-0.84,0.02267124,117.451557766835,-185.347872404832,1337.61604312643,0.828859052411287,0.791585011154079,8.14156273284474,0.144009824430767,-1.05726576727908,-888.996159424725,-889.589541210258,-909.567586998186,-909.775788805254,0.202554264425985,-938.266024781181,0.00862557326539724,1827.54756197829,1856.301606343,NA,2489.88421384803,0.313468005484177,0.967993024268413
"352",-5.86,0.73,-5.86,0.83,1.359326,9.604077,-1.1484446,0.2002995,35,35,-5.89058004340099,0.741831851612501,-5.95739204202772,0.836351770721318,1.29723846648654,8.31880961054754,-0.936033303290418,0.149449841426926,1.29723846648654,7.68882222387299,-5.92398604271435,0.78909181116691,1.29723846648654,8.31992557133765,-0.937612069466841,0.15168334520401,1.29723846648654,7.87027764151337,2.94440580418699,0.0803787883550827,-0.472173965408701,-7.42867906537022,-6.93236584484842,1.87851731584694,8.89536130660518,-4.49937754101135,0.571582719243169,-4.47413248498166,0.6477759877656,4.7761501,0.09051748,-0.835,0.02500232,97.3810255518396,-145.206807974842,1276.67008817072,0.194582260073789,0.187908567379545,6.19533880996527,0.122334952089319,-0.83543871833343,-891.105480138161,-892.315252733448,-910.380747491111,-911.8275564404,1.42009677279893,-929.970481461646,1.57692773031431,1831.76620340516,1857.92792732885,NA,2408.1333683666,0.45835153524912,0.821684289407838
"353",-5.86,0.73,-5.86,0.83,1.359326,9.604077,-1.1484446,0.2002995,35,35,-5.98610379871427,0.752807336118925,-5.41633581766156,0.82947349691521,1.37498585932789,10.020423602986,-1.12316582298237,0.174064339749305,1.37498585932789,8.29272641809594,-5.70121980818791,0.791140416517067,1.37498585932789,10.1015824910442,-1.11224534206938,0.175533764802115,1.37498585932789,8.97280412517859,3.51063153232213,0.0872245398236441,-0.541550177528224,-7.4588137241183,-6.43228859592942,2.02439020959938,9.41549168463508,-4.41260604559282,0.561753365643083,-3.63256513688356,0.556867636680253,6.0358564,0.11144122,-0.863,0.02704455,74.1446618375799,-98.7340805463223,1286.9083020594,0.0627475719552323,0.0553054872272725,7.04859415946926,0.144050414100703,-0.949713711238046,-909.768940365632,-913.064908870075,-929.344764970888,-934.288851820781,4.97650334261058,-950.085969587102,5.94719428382684,1869.0931238601,1895.8559622884,NA,2475.08252357248,0.491111900717867,1.01512511300738
"354",-5.86,0.73,-5.86,0.83,1.359326,9.604077,-1.1484446,0.2002995,35,35,-5.59527882280327,0.699791640227585,-6.41769718981171,0.877909199356246,1.2192983748767,9.28499567067905,-0.868684443080452,0.156343830985003,1.2192983748767,14.0099846259667,-6.00648800630749,0.788850419791916,1.2192983748767,9.45408866327726,-0.905306231108984,0.164275297202491,1.2192983748767,14.1087202626684,2.58194836759225,0.0681174328547011,-0.401908694888818,-7.38384254546619,-7.14508258663354,1.83819164975248,16.7371759538487,-3.85315312782773,0.475560982339659,-4.43789148251163,0.615626499629849,5.82657586,0.11308239,-0.791,0.02055815,126.306939431414,-203.05863573399,1391.02261538794,0.34330688665622,0.30286471285879,7.86210412993583,0.16431707194932,-1.07622270957649,-900.313097982635,-901.591075962189,-933.467494501532,-933.926446462012,0.447303808966008,-945.079739217804,0.208062919851777,1850.18143909411,1904.10142134969,NA,2578.98659504189,0.410452901205014,1.12592985367627
"355",-5.86,0.73,-5.86,0.83,1.359326,9.604077,-1.1484446,0.2002995,35,35,-5.34506499617755,0.66836881897907,-5.12486276977241,0.707139950705554,1.32801427590978,8.15165181751555,-0.920196778293937,0.161687309198568,1.32801427590978,8.79410501117177,-5.23496388297498,0.687754384842312,1.32801427590978,8.163774072644,-0.918062405912332,0.162063109362406,1.32801427590978,8.93075041981877,2.00965409418671,0.0553062868534318,-0.319042044344947,-7.32083775656155,-6.86964716012852,2.09714496438461,9.40020270742135,-4.13513248243141,0.533625364599033,-4.09960770675284,0.564092859081531,6.87187913,0.11086148,-0.885,0.02678054,76.1773519906334,-102.799460852429,1269.9684457723,0.706717446566512,0.705020730086716,4.50809209447406,0.111556434954583,-0.663569742479511,-902.970800885086,-903.576485260405,-924.507304762675,-925.47718073041,0.948722499646164,-958.68510200903,1.11070003266598,1855.49684489901,1886.18104187198,NA,2437.13743069217,0.332184760344128,0.744450575751059
"356",-5.86,0.73,-5.86,0.83,1.359326,9.604077,-1.1484446,0.2002995,35,35,-5.89617544703834,0.688016734736613,-6.4117722988035,0.93885369548248,1.31624219626377,11.5479234670965,-1.35929304270882,0.219536864565693,1.31624219626377,9.84202208921161,-6.15397387292092,0.813435215109546,1.31624219626377,11.614383495484,-1.39162572952554,0.235266659784749,1.31624219626377,10.5851737971877,2.98445295109257,0.0835679175041268,-0.484110590726,-7.75489100962638,-6.7760661583011,2.11652400406983,10.0190178425098,-3.95762227522419,0.457143111130622,-4.39183007525328,0.644313333862232,6.78328386,0.14433921,-0.884,0.02322502,103.972512015411,-158.389780901984,1350.30152853236,0.0172319719710868,0.0158115605003578,9.30791053757291,0.199013713938482,-1.28523255211546,-911.334615076864,-915.682624898856,-929.441257187593,-934.082022090962,4.66096782745536,-962.961579853352,4.8886714513946,1872.22447328256,1896.04894672181,NA,2542.21327616274,0.47692556945777,1.36197301392654
"357",-5.86,0.73,-5.86,0.83,1.359326,9.604077,-1.1484446,0.2002995,35,35,-5.54944642183597,0.753112957117895,-6.3347607181413,0.930888989228592,1.42586779717215,6.20843225429024,-0.753118282457322,0.141794886855088,1.42586779717215,6.45024915630733,-5.94210356998864,0.842000973173243,1.42586779717215,6.36261189028562,-0.788020797346564,0.149695966253344,1.42586779717215,6.54552251977524,2.48923629852544,0.0691064527002831,-0.402490142990381,-7.02033553641363,-6.74650623647402,1.94342011334338,7.9014563374862,-4.00953899639844,0.551561407087455,-4.94171291660956,0.723549601640535,4.64372791,0.1111864,-0.871,0.02901932,66.003134305727,-82.4510254826167,1239.09476031818,0.27233387165279,0.250473157678056,6.28672993690037,0.13977586959206,-0.90124068560022,-904.651923997493,-906.015171569021,-922.778453730061,-923.667934488009,0.869580141535638,-934.587497311317,0.51579726452569,1858.85909112382,1882.72333980675,NA,2395.73849515375,0.393244483321662,0.879011646784867
"358",-5.86,0.73,-5.86,0.83,1.359326,9.604077,-1.1484446,0.2002995,35,35,-5.5890138935628,0.705516045759674,-5.19665279484703,0.681656859836254,1.19043029015517,9.55189108844118,-1.19811615775924,0.214607676742204,1.19043029015517,10.1089029419538,-5.39283334420492,0.693586452797964,1.19043029015517,9.59037789638754,-1.20045651186008,0.214749991930436,1.19043029015517,10.1559837320163,2.36248242185968,0.0660309517903334,-0.383190092973193,-7.34347308936889,-7.09325884634778,2.10499156804844,9.18662512594436,-4.08326857913115,0.520633086397481,-3.52940735093992,0.456039963792007,4.91511511,0.117682,-0.86,0.02302539,107.421152818806,-165.287062508776,1266.94426845927,0.7051144716051,0.639510400478496,7.36833390172277,0.1490199801018,-0.997714865777184,-889.182047701513,-889.389263488312,-906.52929440999,-906.825335460164,0.288191709026471,-958.873835243701,0.347448412560396,1827.91933853186,1850.22502116661,NA,2368.60147440976,0.375723665634278,1.01763595112123
"359",-5.86,0.73,-5.86,0.83,1.359326,9.604077,-1.1484446,0.2002995,35,35,-6.87993872882779,0.861422991860156,-5.47769502000207,0.809336531438973,1.60043825407585,9.4594083530626,-0.995386576727691,0.145272338456021,1.60043825407585,6.83246482979873,-6.17881687441493,0.835379761649565,1.60043825407585,9.95098020779792,-1.01364605458784,0.145950588295822,1.60043825407585,7.48809404540869,2.64186409484148,0.0643950968376757,-0.396610557357834,-7.7055446837785,-6.61361862773856,2.11322204036087,8.8841882170543,-4.28079650746647,0.541863475690501,-3.64559652650953,0.538559554694225,4.17609484,0.08794613,-0.869,0.03412669,36.5789246929761,-23.6026062571148,1313.54405390503,0.0717056397542427,0.0647412134562775,11.0750818151166,0.191729040698838,-1.3917116165923,-933.185593561983,-936.518787993732,-954.577276649895,-960.204382575917,5.69205066735328,-958.775037784957,6.79277581985605,1915.9264302528,1946.32098564642,NA,2603.48550155294,0.391306221484921,1.42717227081235
"360",-5.86,0.73,-5.86,0.83,1.359326,9.604077,-1.1484446,0.2002995,35,35,-4.54091662468715,0.629972444851282,-6.13754927323046,0.863831620048363,1.41464252431034,7.33203851286029,-0.739384367976301,0.120373163908592,1.41464252431034,7.67042198982883,-5.33923294895881,0.746902032449822,1.41464252431034,7.9693474664589,-0.832731166546569,0.134045692364557,1.41464252431034,7.78191973343428,4.24473695337693,0.112340256104009,-0.673044998628886,-6.74544504630195,-6.9488052447161,2.00166603254342,9.47942589227766,-2.86915848204932,0.404521698443193,-4.54425074603557,0.638185188916887,3.68463888,0.06997983,-0.794,0.02859463,68.5899215213246,-87.6245999138119,1230.2965028829,0.0337913552617471,0.0232447952633185,8.42384751409783,0.174435027656099,-1.17581744400978,-906.863533416064,-909.264589975808,-931.458935826385,-932.353365738981,0.874449545139248,-947.534430900739,0.234611753276463,1863.28230996096,1900.0843039994,NA,2372.96840585199,0.633687823044021,1.09440113129409
"361",-5.86,0.73,-5.86,0.83,1.359326,9.604077,-1.1484446,0.2002995,35,35,-6.2989644947981,0.758272151765888,-7.08464929211804,1.00273780672288,1.66615635083066,9.7515979446422,-0.878849970693271,0.150368431468532,1.66615635083066,10.5008531886517,-6.69180689345807,0.880504979244382,1.66615635083066,9.90592309482711,-0.92686820783491,0.165309295581919,1.66615635083066,10.8168614183225,2.43073676769529,0.0619523869706433,-0.36948921733441,-7.73911646270686,-7.06833814812488,2.19831340447577,14.45951005513,-3.57610043419976,0.425090481924832,-4.5270953257517,0.648731111280816,4.08095056,0.11878499,-0.79,0.02591161,85.1685216095502,-120.781800090263,1453.49866373445,0.104499672917573,0.0821174441674284,14.9422592568783,0.268243493356133,-1.91527659326179,-959.391551890236,-962.189555905654,-991.326616783532,-993.224052347239,1.86843178198479,-984.101889418809,1.57550452617634,1968.33834690931,2019.81966591369,NA,2786.21552737864,0.385594997585784,1.93459703596362
"362",-5.86,0.73,-5.86,0.83,1.359326,9.604077,-1.1484446,0.2002995,35,35,-5.16867225571735,0.646122301684074,-6.65439249979128,0.920099136690597,1.26017104544363,11.5438981967479,-1.46376620604577,0.24151784115586,1.26017104544363,9.13332944252854,-5.91153237775431,0.783110719187335,1.26017104544363,12.0957393576607,-1.56552943858989,0.260283667685908,1.26017104544363,9.28062415965186,3.3553790882508,0.0862647740158283,-0.52109782928628,-7.27698400941781,-7.13042116745725,2.17083681737095,8.20625850025767,-3.7641001239907,0.471790041123058,-4.63907736611912,0.651957574907777,6.1891631,0.1439248,-0.895,0.0257492,84.3452864171489,-119.135329705461,1289.00311742525,0.22186500307111,0.207202049522478,9.0157498648849,0.180055534230426,-1.23247792547957,-900.558010941743,-902.681669590648,-914.043604990145,-915.053777672568,0.988425454949663,-962.878421847821,0.127904072573496,1850.67126501232,1865.25364232692,NA,2458.87090514503,0.502127925258237,1.16450199223405
"363",-5.86,0.73,-5.86,0.83,1.359326,9.604077,-1.1484446,0.2002995,35,35,-5.29825436595448,0.725931137261263,-5.27191224306858,0.723329803999532,1.3606133255275,7.51226498749624,-0.999622083799204,0.195669667894794,1.3606133255275,7.82899917858275,-5.28508330451153,0.724630470630398,1.3606133255275,7.51243846435577,-0.999639214959316,0.195671359628479,1.3606133255275,7.82908585504458,3.08054535212116,0.083438221581821,-0.492107052982051,-6.93108572940352,-6.92024167694448,2.16512261472128,7.86150224031384,-4.1822860967703,0.582062193955421,-3.45838638474082,0.482982717343469,4.75065839,0.13837954,-0.888,0.02802534,67.8597287078168,-86.1642142867962,1226.64637402714,0.563123661142326,0.54662056780327,5.8850166533335,0.117208424263358,-0.787046001827529,-906.434281913685,-906.43501176046,-923.187013133909,-923.187700337795,0.000667572766202869,-960.896815619101,0.000729357298570389,1862.42380695621,1883.54045861445,NA,2367.12853376748,0.476321472927418,0.821287057142913
"364",-5.86,0.73,-5.86,0.83,1.359326,9.604077,-1.1484446,0.2002995,35,35,-6.20951910447697,0.720866787377408,-6.44641745289688,0.97155561489764,1.17440437907451,11.1088669911076,-1.453072613306,0.259095461132555,1.17440437907451,10.8760374252151,-6.32796827868692,0.846211201137524,1.17440437907451,11.1228971979786,-1.46791955560771,0.274806683193422,1.17440437907451,12.1715192864981,2.54882509767113,0.0640822543027254,-0.392900239011393,-7.87252255403314,-6.61588173878853,2.05879556345926,9.74104658548888,-5.49141032933545,0.677026565693463,-4.90611235079698,0.750266604105792,8.14235904,0.16011062,-0.896,0.02123029,123.731365538648,-197.907487948458,1365.16235309436,0.00421184300156584,0.00407209771240046,6.02734044787667,0.154754839583802,-0.870978681482725,-892.909052610729,-898.124429070324,-907.882942219815,-915.130333455972,7.41769021207392,-955.292097682473,8.49785781335713,1835.3733483503,1852.93231678626,NA,2532.41721824026,0.369615153461581,1.14591131924727
"365",-5.86,0.73,-5.86,0.83,1.359326,9.604077,-1.1484446,0.2002995,35,35,-6.03626909235021,0.722913791861869,-6.75464822987318,1.02668193766958,1.10671985276602,7.56798062431925,-0.932363575908737,0.175376638423943,1.10671985276602,9.89480627231324,-6.39545866111169,0.874797864765727,1.10671985276602,7.69699777062631,-0.986918750556812,0.198445410025808,1.10671985276602,11.021847200994,2.63641669320868,0.0670322354786748,-0.408238663243441,-7.68707701889092,-6.59568414971783,1.74120415425588,10.4232530650571,-4.87182621077462,0.592647096645664,-5.46089331514141,0.829177712905106,5.9928741,0.12297003,-0.848,0.01904781,150.034624826054,-250.514006523272,1323.2407527488,0.00330187149592459,0.00297323724303095,5.01204871624028,0.140156967052573,-0.77248230451293,-867.454712385688,-873.176249945698,-887.303049797544,-894.193808335678,7.03443285128026,-916.399011542778,7.12639174888389,1784.46466790021,1811.77253194171,NA,2395.96749897432,0.387218199471253,0.951908855325327
"366",-5.86,0.73,-5.86,0.83,1.359326,9.604077,-1.1484446,0.2002995,35,35,-5.6780592800908,0.739947542984688,-5.71092631189281,0.754338170309004,1.33842849246691,7.81307202080159,-0.9351293260529,0.187817198127292,1.33842849246691,9.97390210708989,-5.69449279599181,0.747142856646846,1.33842849246691,7.81334208124645,-0.93524757035438,0.187868970665989,1.33842849246691,9.97607326590662,3.12553601224192,0.0783293676584739,-0.480427372350517,-7.22738452526235,-7.17451592332603,2.0845803349153,10.8478970616708,-4.55326766974421,0.606715577673701,-3.68656047153742,0.484519296514964,3.85306428,0.08121901,-0.768,0.02490114,96.6270065006089,-143.69876987238,1315.55900905372,0.431810788742084,0.335710346129481,7.90791253857638,0.17054957195956,-1.10599810296639,-911.226840964158,-911.238443842274,-934.382834476163,-934.396682429529,0.0134536282624759,-961.774196283688,0.0134673672926363,1872.00892505715,1905.93210129895,NA,2487.41924823506,0.454449758150644,1.12699147250388
"367",-5.86,0.73,-5.86,0.83,1.359326,9.604077,-1.1484446,0.2002995,35,35,-5.7301184664996,0.682866437593989,-5.99668072206028,0.880017033782378,1.21155790380144,9.92422685958544,-1.29826727141159,0.23942834794633,1.21155790380144,10.2880357270496,-5.86339959427994,0.781441735688184,1.21155790380144,9.94199071860783,-1.31140549831287,0.249145437340689,1.21155790380144,10.9547830856369,2.69076222060253,0.0684440957941868,-0.413900280443543,-7.61951816672197,-6.71150818681515,2.09137234268992,9.46385106367918,-4.41521908676498,0.543085728763156,-4.50332777560191,0.678855740164032,6.41899585,0.17074693,-0.872,0.01909236,140.998279952693,-232.441316776548,1310.91292674716,0.0551372460152532,0.0520300751351389,6.43643484615283,0.141100724965587,-0.885072195336186,-895.726070769809,-898.64842313588,-911.959146381313,-915.976311765394,4.01653764040506,-958.223326998067,4.48337736808685,1841.00738466845,1861.08472510925,NA,2389.38453671778,0.406136052326158,1.01104114854086
"368",-5.86,0.73,-5.86,0.83,1.359326,9.604077,-1.1484446,0.2002995,35,35,-6.55216647222643,0.775442917724382,-6.25467621328303,0.830218164357003,1.28459225728298,11.1423578264234,-1.3763244666157,0.234505013710559,1.28459225728298,9.97771718042262,-6.40342134275473,0.802830541040692,1.28459225728298,11.164482939965,-1.37225069103959,0.235255095621475,1.28459225728298,10.2479843032904,2.13199408769781,0.0554805992713012,-0.329200415763132,-7.89001945983038,-7.26619245563015,2.0968981938017,9.84929668333575,-4.73250104192584,0.569715767269162,-4.64708259348137,0.621928744325441,6.83686396,0.1720834,-0.865,0.01779521,158.080636245719,-266.606029362602,1392.73645322797,0.470390496960738,0.440998351210805,8.17061845452744,0.148988192275675,-1.063433694522,-907.823164105648,-908.926915531863,-924.348739617499,-926.051239868404,1.67413352457119,-960.135894782681,2.03561841665438,1865.20157134013,1885.86391158163,NA,2518.86687709333,0.336890864764831,1.03325028996032
"369",-5.86,0.73,-5.86,0.83,1.359326,9.604077,-1.1484446,0.2002995,35,35,-6.29696837708583,0.761343105874694,-6.113394020884,0.853332196180996,1.56596870338571,7.18064613071251,-0.618664386984191,0.120284688763718,1.56596870338571,9.79826909220379,-6.20518119898491,0.807337651027845,1.56596870338571,7.18907101677623,-0.614442677476548,0.122400186947563,1.56596870338571,10.1093655368387,2.30886381961308,0.06486383887472,-0.37268748840233,-7.71882439508454,-6.98720284283745,2.03865605308488,13.7719696225655,-4.67172967492158,0.575639975593379,-4.75629214429109,0.680273329315719,3.70238325,0.04920305,-0.622,0.02378392,111.12116990533,-172.687096681822,1415.87670508076,0.185053996837448,0.163127664618926,8.2733778101705,0.175214664733478,-1.1384087328478,-938.401807596563,-939.706725111908,-971.720520927527,-973.708705908148,1.95906937070551,-964.036726035519,2.1151324858812,1926.35885832196,1980.60747420168,NA,2659.06631347969,0.379319262155764,1.19902385601264
"370",-5.86,0.73,-5.86,0.83,1.359326,9.604077,-1.1484446,0.2002995,35,35,-4.89021716273397,0.639054435282873,-5.50939190921795,0.691488631925012,1.41325531956659,5.99550466795776,-0.831720460482174,0.171238554641626,1.41325531956659,6.43442568464441,-5.19980453597596,0.665271533603943,1.41325531956659,6.09134900962864,-0.839836943085421,0.171925890886003,1.41325531956659,6.49702071521392,2.99852794562236,0.0792409789990333,-0.473424625779453,-7.04063743550232,-7.3474228067797,2.25471369604764,6.3427232449006,-3.43182702012479,0.452067909676208,-3.6765762613568,0.454142586948037,3.12980717,0.11443916,-0.86,0.02596366,92.5015965690638,-135.44795000929,1231.58397927371,0.658493952232316,0.651153708062912,6.97830993788817,0.133254746753869,-0.931845382992272,-904.197745618438,-904.760812769632,-920.452840771709,-921.03974678079,0.572534081216058,-964.250359058769,0.67649983157593,1857.95073436571,1878.07211389005,NA,2327.72000853813,0.453457749759927,0.888268377532348
"371",-5.86,0.73,-5.86,0.83,1.359326,9.604077,-1.1484446,0.2002995,35,35,-6.00174899081912,0.724753125816178,-5.34490583919486,0.793878816014097,1.31080577267593,12.1523286412903,-1.29110060271188,0.193158540882587,1.31080577267593,10.9873673420042,-5.67332741500699,0.759315970915138,1.31080577267593,12.2601893727492,-1.27974941865993,0.194353131143922,1.31080577267593,11.7578320036705,2.49131693669594,0.0709514116789249,-0.405673013011225,-7.64159864162416,-6.57292251544263,2.05836877434892,11.9623056088111,-3.72808064258147,0.442377744690326,-3.6463528989174,0.535813347016825,6.95499345,0.14412532,-0.873,0.02416005,90.3850285499161,-131.214813970995,1334.60758437295,0.094495634153969,0.0849032610446341,9.08865945405352,0.167654717488407,-1.16705354253697,-911.395121887547,-914.287349116638,-935.456917668172,-939.817356549901,4.37056740638329,-961.820360407038,5.09370436244772,1872.34548690393,1908.08026768297,NA,2538.00035477491,0.411144240239518,1.24019714009993
"372",-5.86,0.73,-5.86,0.83,1.359326,9.604077,-1.1484446,0.2002995,35,35,-6.19348825072422,0.771187664896064,-5.97037274460254,0.902079019644235,1.43219657011726,10.4419822862936,-1.43091844945379,0.25769938818891,1.43219657011726,7.80398763172374,-6.08193049766338,0.836633342270149,1.43219657011726,10.4544274185616,-1.4236174767384,0.261982524875863,1.43219657011726,8.4451108874125,2.57508654980707,0.0791927901836205,-0.435994637749339,-7.5566929335483,-6.55376060656842,2.28758838722945,7.39494951759388,-4.24538598483691,0.529707531704226,-3.90415693554034,0.581400198528432,4.88872409,0.12783943,-0.878,0.02645614,82.4612756805319,-115.367308232226,1295.80931027265,0.0641876041191577,0.063537331622161,10.2693170789354,0.220642931222184,-1.43641945589649,-923.950119759191,-927.225214219249,-935.550499931836,-940.470973699713,4.95189034906669,-972.48398934808,6.23295869844953,1897.45548264722,1908.2674322103,NA,2476.25131231307,0.454606335103237,1.44967351168331
"373",-5.86,0.73,-5.86,0.83,1.359326,9.604077,-1.1484446,0.2002995,35,35,-5.24223768879041,0.693293377279049,-6.39656928335729,0.838320411581858,1.45922495746167,10.4486355370591,-1.36612966011262,0.241543597489121,1.45922495746167,8.05319260656863,-5.81940348607385,0.765806894430454,1.45922495746167,10.7817558946129,-1.40798198205314,0.246801807658788,1.45922495746167,8.13575855891583,3.94304724859311,0.0996912199885127,-0.611915021087701,-7.06951638054643,-7.35981443335572,2.35307036636952,7.78325010413276,-3.725221443463,0.496432078920652,-3.93004947640897,0.509452332464375,6.5418416,0.17468974,-0.909,0.02792231,64.4566683497409,-79.3580935706444,1304.22893818556,0.897262975131662,0.898064371638103,8.86972340521329,0.166763575922062,-1.17019795742644,-928.462262288511,-929.330954831956,-942.084937860104,-942.720450739305,0.620166277644006,-980.98115762962,0.485227093999497,1906.47976770586,1921.33630806684,NA,2529.09978280048,0.565063310014749,1.14159096035127
"374",-5.86,0.73,-5.86,0.83,1.359326,9.604077,-1.1484446,0.2002995,35,35,-5.40060463098767,0.694338587902527,-6.03248097931572,0.821799427225327,1.29310596186993,7.43969338922712,-0.936224641183492,0.188661767234984,1.29310596186993,9.36449182028632,-5.71654280515169,0.758069007563927,1.29310596186993,7.53951031912121,-0.956359513610021,0.192723333625202,1.29310596186993,9.40341399828521,3.10793412808645,0.0760494643150049,-0.473450014552211,-7.22165622831796,-7.09415387897833,2.03762280611048,9.87414497131582,-3.84929988021261,0.492028813143468,-4.57528852891039,0.624549718882269,5.93835629,0.15908763,-0.888,0.02303845,104.917046554808,-160.278849980778,1290.14830225862,0.536753934461867,0.494082601244638,5.95316393657807,0.120647558934631,-0.796536126850904,-900.94544797088,-901.488773960481,-921.943407882297,-922.205789238769,0.255363036588489,-953.190499667046,0.0873100876365652,1851.4461390706,1881.05324811122,NA,2420.01775453645,0.438913525426565,0.86242988176074
"375",-5.86,0.73,-5.86,0.83,1.359326,9.604077,-1.1484446,0.2002995,35,35,-6.97882309714963,0.908603005179601,-5.92748006056493,0.755176738072531,1.34594680509683,9.47023959969931,-1.16304074356498,0.192546401241385,1.34594680509683,7.63338991898953,-6.45315157885728,0.831889871626066,1.34594680509683,9.7465701448431,-1.20336665295303,0.198431306100987,1.34594680509683,7.68450781822318,2.55368553621569,0.0701591564934044,-0.410778813612671,-7.52334274150631,-7.38607370225908,2.01768255009748,8.15450945479677,-4.84546416512135,0.628011470221034,-4.35833100030931,0.5630215161055,4.92904689,0.09623708,-0.872,0.02478742,103.628461576802,-157.701680024766,1325.89875703784,0.808376466452503,0.739628936928279,9.27409860325199,0.185170159633148,-1.27282516034156,-904.003132963602,-904.815955042472,-918.963426553249,-919.376671092841,0.402624829934094,-944.756164171983,0.121395960011212,1857.56150905604,1875.09328545313,NA,2494.09583405092,0.399827583111383,1.17805308501028
"376",-5.86,0.73,-5.86,0.83,1.359326,9.604077,-1.1484446,0.2002995,35,35,-7.01649763917952,0.92861935148718,-5.83452044850012,0.797348078892335,1.6057206914007,3.84195155091255,-0.41891740569435,0.0957888714201794,1.6057206914007,5.4353972911742,-6.42550904383982,0.862983715189758,1.6057206914007,4.19121907073415,-0.457707318193992,0.100096908172347,1.6057206914007,5.54639083844758,2.48960719475327,0.0609794293910077,-0.37273111318902,-7.44176507186183,-7.04186815425985,1.9579579281533,7.86542455723589,-5.30695465128186,0.718885615874315,-3.98875398128698,0.549190386475154,2.63805119,0.07503636,-0.804,0.03098219,63.8466920491624,-78.1381409694873,1297.72257382789,0.124663056092099,0.0933003931423047,8.0052790567564,0.154632627086961,-1.0703798216518,-918.135434387792,-919.857072539317,-941.632139501612,-942.829160676477,1.17281977678998,-936.271444209823,1.09632717843668,1885.82611190442,1920.43071134985,NA,2517.30700668629,0.377329137416375,1.04174563605709
"377",-5.86,0.73,-5.86,0.83,1.359326,9.604077,-1.1484446,0.2002995,35,35,-5.94480282715891,0.716948696578435,-5.71201216820252,0.861052775211544,1.24625835059033,8.93761188671191,-0.986417261140979,0.159668303798604,1.24625835059033,9.14666988521557,-5.82840749768071,0.78900073589499,1.24625835059033,8.95115975943624,-0.978030740285152,0.164859800168279,1.24625835059033,10.0198979514303,2.56645202860244,0.0724065002037707,-0.419063840241873,-7.63114924781174,-6.53982377814476,1.86669559495162,10.3600239254623,-4.85441047313683,0.598353018923076,-4.1903360512167,0.633109799283631,6.09749501,0.12705848,-0.867,0.02291054,109.142336748554,-168.72943036827,1299.95387312262,0.0202116802280248,0.02093423889366,5.57260956245515,0.109257161062724,-0.714978344216227,-889.899230353996,-894.02396558089,-911.415777574378,-917.194766303752,5.85211790413343,-933.255001980343,6.68348218462455,1829.35370383683,1859.99798749538,NA,2431.17831587697,0.408278767454084,0.865257551807844
"378",-5.86,0.73,-5.86,0.83,1.359326,9.604077,-1.1484446,0.2002995,35,35,-5.83105756205739,0.76708065234009,-5.2704200633822,0.715237480983885,1.33162965155812,9.94944627242849,-1.2401439899711,0.223483385537505,1.33162965155812,9.65297967395293,-5.5507388127198,0.741159066661988,1.33162965155812,10.0280248736587,-1.24741029644923,0.224155314141572,1.33162965155812,9.6991167461992,2.82713702277833,0.0767014706384272,-0.452630007031189,-7.2187307629191,-6.96696146373641,2.19437837448187,9.51170380229532,-3.62865286171012,0.469456993081511,-3.50998579319714,0.476587093924944,4.40452571,0.12146598,-0.844,0.02549439,84.5977482759545,-119.640253423072,1283.39581392938,0.864968859504639,0.869666230752395,9.72478370162207,0.190784488375605,-1.31840729897584,-913.348695433569,-913.61829602652,-931.057511744778,-931.360020690033,0.29450172710055,-970.162213621796,0.327015150523824,1876.25263399597,1899.28145583618,NA,2447.15137443569,0.435341321457647,1.24335978180922
"379",-5.86,0.73,-5.86,0.83,1.359326,9.604077,-1.1484446,0.2002995,35,35,-5.56745498608197,0.628585355575514,-5.31536729365919,0.705684316700405,1.29168154422459,9.95317747160171,-1.15100817996601,0.200751447219182,1.29168154422459,10.4967757573773,-5.44141113987058,0.667134836137959,1.29168154422459,9.96906452276947,-1.14614925516646,0.202237509670817,1.29168154422459,10.8498568330295,3.26652507945649,0.0864213847712829,-0.513357010005273,-7.78024732666497,-7.06882397474385,2.21927343506928,10.1926085525394,-3.55666861324313,0.396453691407281,-3.70231519460892,0.489504181029744,5.010259,0.1109767,-0.839,0.02363471,104.581090571264,-159.606938013691,1342.19665836648,0.286449001847224,0.251040736464766,8.75244942822722,0.167166952282487,-1.14042981786108,-907.774957578532,-909.144446175816,-928.931043753879,-931.048484867953,2.08836926552597,-975.122823512115,2.42471704017863,1865.1051582859,1895.02851985439,NA,2524.78637871928,0.504585884875149,1.22221419427709
"380",-5.86,0.73,-5.86,0.83,1.359326,9.604077,-1.1484446,0.2002995,35,35,-6.04853477727982,0.747718165830865,-5.77119091103104,0.77387917551843,1.40913690202838,9.71488684934374,-1.05030794130861,0.164372126052199,1.40913690202838,8.57350666460434,-5.90986284415543,0.760798670674647,1.40913690202838,9.7341167543802,-1.04849404241568,0.164543225659167,1.40913690202838,8.69111681237219,2.26283356366812,0.0534345420090252,-0.328698811495972,-7.55156466233647,-7.11836027004876,2.06625865571307,9.96146243517065,-3.83179563421269,0.475824698279451,-4.07607416351682,0.552709883561131,5.74153459,0.10452256,-0.856,0.02625154,82.3324781552049,-115.109713181572,1325.90872601449,0.558605607964323,0.490425218894521,8.58342472962766,0.162575925583241,-1.1360628405466,-915.587996009296,-916.137158580211,-937.439311271156,-938.294019138739,0.835377289471416,-956.889573010344,0.986005819677847,1880.73123514743,1912.04505488894,NA,2536.70773884741,0.34963746274267,1.10991029289209
"381",-5.86,0.73,-5.86,0.83,1.359326,9.604077,-1.1484446,0.2002995,35,35,-6.00335730008929,0.682558634595432,-6.11558493144687,0.887624328118476,1.43368019474481,6.91047653113957,-0.814035246778216,0.156605166234638,1.43368019474481,7.73214566086445,-6.05947111576808,0.785091481356954,1.43368019474481,6.9136252914496,-0.819788756042412,0.167118150899659,1.43368019474481,8.54862776003976,3.46714294988869,0.0859082500653564,-0.532022138608575,-7.89459081092694,-6.78509010508539,2.0657430767722,9.07879908411163,-4.35282688396046,0.512615924969857,-4.63531135692902,0.680806956533919,3.83829172,0.08891077,-0.785,0.0244822,104.497198019878,-159.439152910918,1345.11830380986,0.0238806983575301,0.0201132389976229,7.04105570509318,0.158815561770788,-0.977110644773007,-914.248407809714,-918.564196757482,-935.230611424416,-941.4876548254,6.35820620729599,-953.890126631283,7.03585747427361,1878.05205874827,1907.62765519546,NA,2530.79745470881,0.491992174176174,1.14305532174254
"382",-5.86,0.73,-5.86,0.83,1.359326,9.604077,-1.1484446,0.2002995,35,35,-6.37123810083381,0.737955162299829,-5.02208847199904,0.73581210229444,1.22872698296597,8.85375157498728,-1.03556825898405,0.152480112213469,1.22872698296597,6.59129411020329,-5.69666328641642,0.736883632297135,1.22872698296597,9.30880275523353,-1.03629108613676,0.152481260390016,1.22872698296597,7.86308766485056,2.81134407510728,0.0680589232127694,-0.420812200935628,-7.93243343455777,-6.59605160267588,1.88570348549298,6.8037455335002,-4.55718611708004,0.527637767348275,-3.86251409800256,0.564547494369454,5.29726566,0.09043251,-0.892,0.02350707,115.900045028042,-182.244846927246,1250.59517783723,0.00204566655030158,0.0020148385029189,7.09360401800267,0.129822692766692,-0.899243122270635,-872.190609977589,-879.139447003718,-887.634798548341,-898.477316943727,11.3922554521733,-922.594748313691,14.4421411002783,1793.93646308402,1812.43602944331,NA,2318.94550874722,0.41370482485415,0.99577331008357
"383",-5.86,0.73,-5.86,0.83,1.359326,9.604077,-1.1484446,0.2002995,35,35,-6.68620042009104,0.790889824459402,-5.9241135309545,0.757523134871221,1.49366998273103,6.19953323097298,-0.743944713144978,0.142411012512582,1.49366998273103,6.44764346305978,-6.30515697552277,0.774206479665311,1.49366998273103,6.34472733762144,-0.750301792312238,0.1426893465061,1.49366998273103,6.63517795617654,2.18368774922142,0.0634717138986928,-0.361127262929627,-7.9320247345609,-7.36872794769871,2.06755993608394,7.81377840715081,-4.50213037814531,0.531712872983764,-4.40179877374094,0.568080923805804,3.85512573,0.08385734,-0.843,0.02941303,74.5698000365998,-99.5843569443621,1364.96390662357,0.476423369173521,0.4707571558838,8.06335947450695,0.154894162283282,-1.06309813976204,-915.179484505518,-916.349588556988,-934.135579045313,-935.876379482607,1.71226584559147,-949.411387747208,2.07205497507804,1879.91421213987,1905.43759043725,NA,2630.34345630277,0.359658423782147,1.09279092851849
"384",-5.86,0.73,-5.86,0.83,1.359326,9.604077,-1.1484446,0.2002995,35,35,-6.11831424945261,0.851434053709113,-5.07651938166409,0.746468835086538,1.40797582886243,11.1241431270704,-1.44744794913271,0.230925290835545,1.40797582886243,6.61294263201796,-5.59741681555835,0.798951444397826,1.40797582886243,11.3954772637081,-1.47478600564703,0.233679715115667,1.40797582886243,6.73810793174676,1.96697876583851,0.0552801790657045,-0.316773534590227,-7.00343171307158,-6.58699245600636,2.22019093029065,6.17236926754921,-4.70833382696199,0.657804179527942,-3.65214049591096,0.540276950650316,6.32703523,0.12905686,-0.899,0.02759221,69.1551077755742,-88.7549724223109,1214.49500217985,0.326554439973884,0.279782093801851,7.27969771273754,0.156844101826455,-1.04402023006146,-911.527969737016,-912.423237672956,-921.196872837867,-922.338392776074,1.11799612751085,-959.648475954742,1.295977084035,1872.61118260287,1879.56017802236,NA,2340.23503193738,0.326251775185041,0.936664895506475
"385",-5.86,0.73,-5.86,0.83,1.359326,9.604077,-1.1484446,0.2002995,35,35,-5.34119740015881,0.693026598108885,-6.13344211881803,0.904677151435017,1.30293158097106,13.2293305943259,-1.32408030982051,0.196473948050169,1.30293158097106,13.2299884387118,-5.73731975948842,0.798851874771951,1.30293158097106,13.3862435178868,-1.366000068089,0.207672937230984,1.30293158097106,13.4539344425894,2.30283561772487,0.0538367948097214,-0.339336885312701,-7.17006549317627,-6.7013509838925,2.03820194294806,14.840096746693,-3.97502382448664,0.521648909781491,-4.5262709799865,0.679332026529745,7.61450886,0.16083187,-0.857,0.02216014,102.759809350069,-155.9643755713,1349.34273380589,0.22863140350009,0.203580288344593,8.21646966699809,0.153541600644147,-1.06432655296501,-917.402732430434,-919.465068054591,-945.985606284715,-947.078660317998,1.07015745861394,-966.425603140525,0.809764466366745,1884.36070798971,1929.13764491606,NA,2542.72109204048,0.328871081208485,1.11735619783716
"386",-5.86,0.73,-5.86,0.83,1.359326,9.604077,-1.1484446,0.2002995,35,35,-6.10329040618067,0.791218013686757,-5.75515733972251,0.830704855239289,1.33481673452906,7.56352530312888,-0.757981892212621,0.129557091517547,1.33481673452906,9.07097394785423,-5.92922387295159,0.810961434463023,1.33481673452906,7.59382446111926,-0.754545223404013,0.129946894181495,1.33481673452906,9.29666894269891,2.98403740792545,0.0787709886662764,-0.470425313767874,-7.34715945415941,-6.76377400373387,1.82576781333865,11.7330360094066,-4.44173732070023,0.579153205897187,-4.64942103190635,0.679059195963085,5.1136908,0.1004803,-0.799,0.0237138,101.335306269078,-153.115369409318,1305.91142330756,0.329757458294417,0.300528831672184,6.62385223356908,0.130778982431953,-0.895428731643435,-901.128437133695,-902.071019689159,-927.710431863324,-929.261843227848,1.52391017282973,-931.817028409795,1.74213030227091,1851.81211739623,1892.58729607328,NA,2458.7074772058,0.452586036209097,0.869864393478636
"387",-5.86,0.73,-5.86,0.83,1.359326,9.604077,-1.1484446,0.2002995,35,35,-5.75934267363233,0.753678505294499,-6.01313252802532,0.770724947512566,1.37341133872447,10.1815414406689,-1.23418943408482,0.209947869282441,1.37341133872447,8.81964144589701,-5.88623760082883,0.762201726403533,1.37341133872447,10.1976437632171,-1.23527098760693,0.210020514580515,1.37341133872447,8.83487608877691,3.56659690882306,0.0992965038659646,-0.581227599015004,-7.22686239852058,-7.379093961283,2.16330846171402,9.10798590110557,-4.2877245310877,0.571680656415953,-4.74601866643982,0.617334739606824,8.24342592,0.16666264,-0.903,0.02532973,82.4531738913078,-115.351104653778,1324.15887359934,0.825339755477234,0.761185331164717,5.28216988913737,0.107057506549447,-0.71025530139169,-915.835357757524,-915.909909118643,-932.924733819606,-933.033250878169,0.105498324102819,-965.297776630688,0.126116902694821,1881.22595864389,1903.01589998584,NA,2532.96664254491,0.550664222273067,0.752069684776822
"388",-5.86,0.73,-5.86,0.83,1.359326,9.604077,-1.1484446,0.2002995,35,35,-6.24025537179214,0.772659582424476,-5.40834680754035,0.743891298435309,1.4351010466389,5.90186526262945,-0.570688105364001,0.109425312633119,1.4351010466389,7.95989290473142,-5.82430108966625,0.758275440429893,1.4351010466389,6.07488322744831,-0.576671250821354,0.10963221617404,1.4351010466389,8.22717990627216,2.63389198154577,0.0772639934538865,-0.431441679046684,-7.59469075086977,-6.93417617826196,1.93310605025715,10.5545159757496,-4.2734804109583,0.541713081598581,-3.68140282154929,0.50307253831597,2.2170375,0.04011125,-0.678,0.03006185,70.4347487645822,-91.314254400327,1300.21640103487,0.421786112087366,0.37791909443774,8.97249145196819,0.180085602912781,-1.20550509519942,-909.462242232808,-910.731970479167,-937.275599787226,-939.33326321992,2.02854166874835,-942.413928796146,2.32436502146569,1868.47972759445,1911.71763192108,NA,2509.11854766941,0.460744284149456,1.25309439528243
"389",-5.86,0.73,-5.86,0.83,1.359326,9.604077,-1.1484446,0.2002995,35,35,-6.20234481900229,0.793653178754529,-6.17544551033671,0.923012315406378,1.4311971069994,6.943454114784,-0.796551466784263,0.144027561417691,1.4311971069994,7.16578392145573,-6.1888951646695,0.858332747080454,1.4311971069994,6.94363500798568,-0.795681548947887,0.148211007976519,1.4311971069994,7.58069317007937,2.6549082279247,0.0730327192843271,-0.421112960423496,-7.43170578365446,-6.63411821305676,1.92984702145316,9.04317776107287,-4.32875659718595,0.564373213140054,-4.37025896753373,0.648844265838529,2.93745601,0.06565971,-0.754,0.02822776,77.783407818104,-106.011572507371,1288.67306845055,0.209267193107614,0.207528378478433,8.42819946710324,0.181734835328645,-1.1852767453194,-910.006586847792,-912.420393327387,-930.111824293754,-933.581162018767,3.45512802907695,-937.094136757583,3.90579713624889,1869.56841682442,1897.39008093414,NA,2471.33456439373,0.439737812600814,1.17584184561727
"390",-5.86,0.73,-5.86,0.83,1.359326,9.604077,-1.1484446,0.2002995,35,35,-5.8906846994963,0.719392283660748,-5.56147909211146,0.770913615395058,1.34221119620769,7.01875348842754,-0.888790938905801,0.183523518164978,1.34221119620769,8.88844156277338,-5.72608189580388,0.745152949527903,1.34221119620769,7.04584757141094,-0.884550661079084,0.184187130070898,1.34221119620769,9.15666113624531,2.86655770215252,0.0691001582488937,-0.432792194775469,-7.56247286063927,-6.9263164909468,2.08044667024291,9.54563743442306,-3.96358864943695,0.486488055366438,-3.96734453377138,0.54148067216383,4.25354945,0.10511383,-0.833,0.02408232,102.966912342619,-156.378581556402,1302.18971495036,0.49625551868463,0.476164010604719,7.21586142706648,0.15575234729681,-0.997685953048899,-906.473950859772,-907.589352845424,-927.783548296364,-929.656972553284,1.84446971550645,-957.212551320107,2.19505445074271,1862.50314484838,1892.73352893935,NA,2448.00084834432,0.403027395336315,1.07416091346582
"391",-5.86,0.73,-5.86,0.83,1.359326,9.604077,-1.1484446,0.2002995,35,35,-5.09398883698786,0.658560504028036,-5.61877095892481,0.847377223369736,1.41494478376977,8.35927526525899,-0.870221743750678,0.141828619456746,1.41494478376977,8.3720148734427,-5.35637989795633,0.752968863698886,1.41494478376977,8.42812433413515,-0.894993653409005,0.150741557832486,1.41494478376977,8.65073852872657,3.4727683210887,0.0904423265997605,-0.543728549608297,-7.12819699975429,-6.52805796792055,2.04245060622962,10.0579021596037,-3.68405151462737,0.467314411075353,-4.44857028786217,0.669997171467004,5.16235125,0.07945679,-0.837,0.02620013,84.5529117270199,-119.550580325202,1257.1196086462,0.023162887388577,0.0179943124728154,6.15693197179776,0.155872157152472,-0.930427473587583,-913.055482291898,-915.430954973654,-936.95802333041,-939.009466867496,2.02231951349226,-954.356806061922,1.89769495279064,1875.66620771263,1911.08247900745,NA,2394.6886369672,0.521398632272301,0.980790873594929
"392",-5.86,0.73,-5.86,0.83,1.359326,9.604077,-1.1484446,0.2002995,35,35,-5.4668331782328,0.661775597081505,-6.1463365391115,0.88324004650921,1.23362236472809,9.62092146160925,-0.959440645083553,0.140314424705111,1.23362236472809,10.0025160150461,-5.80658485867215,0.772507821795357,1.23362236472809,9.73635266597062,-0.997062104508871,0.15257605029519,1.23362236472809,10.3813325798908,2.63813041980594,0.0710829924432404,-0.417122715757545,-7.48188664855569,-6.8419621280583,1.83909024529286,11.7332496020417,-3.82996066583344,0.462894614469207,-4.23055507663397,0.609051442176697,4.71587547,0.08767011,-0.824,0.02285098,111.820059025582,-174.084874922326,1288.88283020541,0.0842293157325421,0.0716098785020547,8.23395076548385,0.166173483667162,-1.11719069796561,-887.683281087837,-891.139954623486,-914.587498600171,-916.957036747851,2.34123961957564,-933.598863334686,2.0809525214391,1824.92180530451,1866.34142954697,NA,2403.68078548849,0.41837294445019,1.12297150055004
"393",-5.86,0.73,-5.86,0.83,1.359326,9.604077,-1.1484446,0.2002995,35,35,-5.54711850436126,0.737328096069089,-5.57127064515076,0.792953980925782,1.39957481187087,10.4189899513429,-1.19971115262685,0.193859824737227,1.39957481187087,8.74572583644972,-5.55919457475601,0.765141038497435,1.39957481187087,10.4191357828191,-1.2000470236775,0.19463338450375,1.39957481187087,8.80965970146127,2.82739368968101,0.0764023648497907,-0.451180955484082,-7.11204973642216,-6.80479724953531,2.13975997707849,9.48411607391725,-3.96438533025131,0.532799584264953,-4.36647720960297,0.622118360379941,7.1471681,0.13203115,-0.888,0.02540427,83.2805599026709,-117.005876676504,1277.7376629551,0.618455318796482,0.598062351833456,6.14953582455067,0.132131531319324,-0.86060829454701,-918.135687665085,-918.506964983105,-937.01917693878,-937.476890900767,0.44609328168511,-963.894976075234,0.500772987464318,1885.82661845901,1911.20478622419,NA,2438.4694492337,0.436179803427201,0.866496698809935
"394",-5.86,0.73,-5.86,0.83,1.359326,9.604077,-1.1484446,0.2002995,35,35,-6.18819700795239,0.778989327138579,-5.39026444811483,0.842965090976236,1.32805312461647,10.80397784143,-1.38600272431335,0.25406363800521,1.32805312461647,10.4160049724094,-5.78923072803361,0.810977209057407,1.32805312461647,10.9631519339423,-1.37324063806171,0.255086862594863,1.32805312461647,11.3388253247587,2.91110326483762,0.0804354655619996,-0.474532757236687,-7.50492140597024,-6.32583780018438,2.18980187020335,10.1777298244951,-4.3934677468527,0.547778584868913,-3.94505321505093,0.614904891653564,7.45467261,0.17793548,-0.871,0.02379924,92.3010404155992,-135.046837702361,1341.23537015419,0.0446366605030809,0.0450763855727258,6.36409198265609,0.134883316031467,-0.854638480393933,-918.147134822353,-921.474527998369,-935.24096653599,-940.682381936647,5.49682521262155,-971.800911959262,6.75892663965714,1885.84951277354,1907.64836541861,NA,2547.42390260601,0.439263131620149,1.00393123078569
"395",-5.86,0.73,-5.86,0.83,1.359326,9.604077,-1.1484446,0.2002995,35,35,-6.04563122608377,0.802813694275923,-5.20690323537442,0.75013870666616,1.36534030675195,13.2268805136594,-1.48706697708278,0.261418264688436,1.36534030675195,13.9726482679157,-5.6262672307291,0.776476200471041,1.36534030675195,13.4027466742592,-1.49811197371243,0.262111928268358,1.36534030675195,14.1537387439395,3.2909710810763,0.0834320705532781,-0.507096960262264,-7.22041620972436,-6.69551216449729,2.29008186210652,14.2275626884675,-4.43189230927396,0.589364683357127,-3.49761762290054,0.495070594683493,8.98057437,0.18535993,-0.866,0.02265183,97.3240098476805,-145.092776566524,1391.67355224401,0.509471855379413,0.452400448080166,8.59072892205367,0.190416360272751,-1.20484260087228,-936.769988653488,-937.342904917853,-961.009545517992,-961.851099202843,0.8224431743318,-993.592583808386,0.940211151060045,1923.09522043581,1959.18552338261,NA,2638.25432792149,0.488985754313551,1.2932292381397
"396",-5.86,0.73,-5.86,0.83,1.359326,9.604077,-1.1484446,0.2002995,35,35,-5.62677566943461,0.684401861721837,-6.54835066891367,0.921288862454777,1.40120485870803,7.12894441950285,-0.930508420836181,0.181151139595431,1.40120485870803,7.32243172334408,-6.08756316917414,0.802845362088307,1.40120485870803,7.34126953941907,-0.985085705230446,0.195180002374493,1.40120485870803,7.56120676117025,2.19499174564799,0.0563480163483193,-0.336530662787451,-7.50702771002467,-7.01729125834177,2.09474277397646,7.92755496866249,-4.24936958137065,0.523405989168207,-4.65188824589585,0.656642396367241,4.38744082,0.1191513,-0.845,0.02585973,89.8145184036196,-130.073793678402,1308.88182735868,0.234376998035304,0.238001133554491,7.63674037085003,0.16693361328323,-1.08478496778638,-909.258457330797,-911.498415135239,-926.253152898009,-928.233219827403,1.95095653673392,-953.060408194518,1.52618994552182,1868.07215779043,1889.67273814265,NA,2487.68986103895,0.343690798914182,1.06032218341623
"397",-5.86,0.73,-5.86,0.83,1.359326,9.604077,-1.1484446,0.2002995,35,35,-5.80033179012038,0.774554978174046,-5.16531139728053,0.798134658368381,1.4837533324011,8.78260672152781,-1.27792076331845,0.252691529158852,1.4837533324011,7.46958593354485,-5.48282159370045,0.786344818271213,1.4837533324011,8.88341944635843,-1.27417736887344,0.252830529488369,1.4837533324011,7.82507873391658,2.89749969985007,0.0819000672237152,-0.474186073062313,-7.14347489179327,-6.367972866065,2.3682078947524,7.0892978620782,-4.27390513735868,0.572059470566273,-3.46146983617302,0.540907587560785,4.54519994,0.1465092,-0.871,0.02832235,65.3391175355906,-81.1229919423439,1257.04101997146,0.0734705590626024,0.0539529673479612,8.01048261928756,0.172883217915023,-1.1249887361278,-928.220264739987,-930.135848497411,-941.504448409665,-944.382561636543,2.85415492740152,-979.671558153662,3.73578765665722,1905.99577260881,1920.17532916596,NA,2432.95904800057,0.459333106636601,1.12589662262568
"398",-5.86,0.73,-5.86,0.83,1.359326,9.604077,-1.1484446,0.2002995,35,35,-4.47641193640244,0.526485355115927,-5.45835618473559,0.750067896282956,1.55428135511516,8.2344186862106,-1.03861562202264,0.181769796163694,1.55428135511516,6.24289796687765,-4.96738406056901,0.638276625699442,1.55428135511516,8.47547231291924,-1.09350201960431,0.19426708434237,1.55428135511516,6.38337862393157,3.12230469843108,0.0795226272726403,-0.486507732224514,-7.29748965932563,-6.94738698379799,2.51765144397853,6.04187808423538,-3.17243537536771,0.377650395694393,-3.91579948584632,0.539186723509912,4.63384734,0.10137571,-0.89,0.03160169,50.5486118286783,-51.5419805285192,1231.65797176874,0.174497585726408,0.14800061734103,6.63342197723775,0.148691619514682,-0.937139349837201,-927.787648163826,-929.699429353552,-941.929634628793,-943.274330708271,1.3189036658188,-989.810495620342,0.822723144490181,1905.13053945649,1921.02570160421,NA,2411.77396300895,0.44923620122541,0.999081952076442
"399",-5.86,0.73,-5.86,0.83,1.359326,9.604077,-1.1484446,0.2002995,35,35,-6.86093669053303,0.781123582856141,-5.70137214482631,0.899158663219663,1.22845110743055,9.25853288556018,-1.09334893065736,0.186739608501284,1.22845110743055,9.49699803319961,-6.28115441767967,0.840141123037902,1.22845110743055,9.59468036947519,-1.05913160707257,0.19022267855039,1.22845110743055,11.9937939135824,3.17524720904843,0.0789602201960094,-0.491779304919098,-8.16494574526661,-6.30215873466969,1.86784411865509,10.3722340741539,-6.27022311890465,0.74346709324352,-4.7211194567988,0.744410105041364,2.058593,7.124704e-09,-0.003,0.02271519,138.27879679446,-227.002350460083,1364.69619410897,0.000126218544435317,1,11.9391164958718,0.268564635546747,-1.65909603428333,-891.247019318931,-900.346562723774,-910.265891129262,-925.202668756038,16.174349974064,-933.443296040113,19.4395829611962,1832.0492817667,1857.69821460515,NA,2502.39003775786,0.437818146192817,1.91801980387554
"400",-5.86,0.73,-5.86,0.83,1.359326,9.604077,-1.1484446,0.2002995,35,35,-4.55484484527195,0.60113835750206,-5.146440494345,0.728168595140448,1.2955439709542,9.04928323284537,-1.04051881403533,0.162910669127225,1.2955439709542,7.69200366429659,-4.85064266980847,0.664653476321254,1.2955439709542,9.13677958584592,-1.05930644800723,0.166944839445841,1.2955439709542,7.73812095318071,2.42505619368728,0.0658755990213984,-0.38818784843913,-6.93115929792202,-6.7659416627364,2.12346966814337,7.63199331625457,-3.18348191348323,0.431440319684861,-3.75798553683139,0.53404100773701,4.57621646,0.08619462,-0.871,0.03166451,46.6858842266812,-43.816525324525,1187.67558492857,0.552399547070697,0.525869843505003,6.5986814020379,0.135503935872498,-0.90803019081148,-892.273762116072,-893.003611175924,-910.086137275156,-910.456555482225,0.360788578242464,-955.219111907309,0.177215868500098,1834.10276736098,1857.33870689694,NA,2331.53464453262,0.374999724963248,0.888702986827774
"401",-5.86,0.73,-5.86,0.83,1.359326,9.604077,-1.1484446,0.2002995,35,35,-6.49469947261079,0.76428455050093,-4.52209903886852,0.667259533408639,1.51111534748982,10.7808434626549,-0.948864171822817,0.12635308603258,1.51111534748982,9.91425996339453,-5.50839925573966,0.715772041954784,1.51111534748982,11.753631580455,-0.996712069522843,0.12870654951802,1.51111534748982,11.0542100459772,3.29885566182329,0.084643588882816,-0.5135606542969,-7.89903112468346,-6.50448063563153,2.13188326187964,12.7098669157655,-4.54603727526858,0.54022226156679,-3.23766669627301,0.477083409533544,5.7288218,0.06002766,-0.839,0.02733238,80.9591781488432,-112.363113168849,1374.17519272908,0.0374648592344699,0.0343029220073814,9.95098486942705,0.175900688657927,-1.24086516263014,-930.430427700349,-934.324103454493,-963.732559039559,-970.686624520618,7.10232355428651,-972.380342444705,7.91805997872634,1910.41609852954,1964.63155042575,NA,2635.98727228932,0.486287861412776,1.37641687900328
"402",-5.86,0.73,-5.86,0.83,1.359326,9.604077,-1.1484446,0.2002995,35,35,-5.46128700664068,0.645385821022471,-5.54075876547492,0.73474573078026,1.36178498485731,9.64966156025764,-1.23021243521943,0.20389969820763,1.36178498485731,7.05848209823042,-5.5010228860578,0.690065775901365,1.36178498485731,9.6512405003707,-1.23198783251886,0.20589599657561,1.36178498485731,7.20331701401,2.73966516349156,0.0751741999541934,-0.435581985047336,-7.57398652154401,-7.12107506168848,2.25654010200808,6.51631917302509,-3.74933449633957,0.43637718059364,-3.73574313237412,0.502311176344781,5.0476502,0.1200975,-0.89,0.0298873,61.7209373112061,-73.8866314935747,1281.13736049463,0.258479227710421,0.239335555075738,8.21338783059312,0.155337519066322,-1.08950715688047,-904.62775554739,-905.619863767686,-917.005746588386,-918.252682689892,1.22216245602565,-965.266574812112,1.43921378785677,1858.81075422362,1871.1779255234,NA,2488.38808949569,0.446864477812339,1.0492205012732
"403",-5.86,0.73,-5.86,0.83,1.359326,9.604077,-1.1484446,0.2002995,35,35,-6.15671115855088,0.826104363504322,-5.54588057510293,0.78167218543953,1.45637795173507,10.4787092634746,-1.46014332714529,0.288239538760338,1.45637795173507,9.71734306532116,-5.85129586682691,0.803888274471926,1.45637795173507,10.5719877638934,-1.46692846045809,0.288733093372233,1.45637795173507,9.79232961219611,3.25500535112942,0.0897501610830176,-0.52202776814691,-7.19273636185079,-6.84662119760646,2.42591748725354,9.15531236290671,-4.08703130167593,0.564126299531249,-3.94721442349921,0.56384060868012,6.51126118,0.20037774,-0.909,0.02472757,86.7016355803058,-123.848028031774,1316.67743855247,0.886713905234994,0.865602480304089,8.73757742311227,0.172749605964344,-1.16186619040246,-937.342897810968,-937.759288016957,-953.418672717514,-953.90673960954,0.475778852689399,-993.531175196058,0.578653926901067,1924.24103875077,1944.00377778166,NA,2509.50684907317,0.520702274047102,1.2245298108229
"404",-5.86,0.73,-5.86,0.83,1.359326,9.604077,-1.1484446,0.2002995,35,35,-6.5751997140224,0.8596871478276,-4.81554375523772,0.781008044282934,1.25375411824144,9.63016164466871,-1.23229372919269,0.224731861216863,1.25375411824144,9.7549309443311,-5.69537173463006,0.820347596055267,1.25375411824144,10.4042589179903,-1.26690576753875,0.226279461550512,1.25375411824144,10.9289183774401,2.99505520297274,0.0826090942963722,-0.486256441622675,-7.41114737853504,-6.12024115889256,2.01990386503353,9.75237548746061,-4.62455264669047,0.606999593270105,-3.3857362314733,0.558388213904644,5.0967653,0.1373375,-0.864,0.0230565,103.49614541119,-157.437047693542,1271.01395584697,0.00497418620029305,0.0046594033812914,8.32681189943913,0.157215839713836,-1.06687995667059,-900.187490866261,-904.995424270957,-916.960259735203,-924.212345555909,7.42274830630037,-950.656546055881,9.13064011964684,1849.93022486136,1871.08695181703,NA,2384.5908640004,0.457060445441928,1.20255313933149
"405",-5.86,0.73,-5.86,0.83,1.359326,9.604077,-1.1484446,0.2002995,35,35,-6.53347757832237,0.778478393470269,-6.28092136930464,0.831408516121812,1.20259413051488,9.15209058736522,-1.27897671927191,0.243624116673283,1.20259413051488,9.25093138353729,-6.4071994738135,0.804943454796041,1.20259413051488,9.16803674704357,-1.27563476149198,0.24432451614426,1.20259413051488,9.49076547577647,2.44412582611961,0.0612793584910887,-0.368664485432886,-7.85324598692181,-7.28534580386412,2.0393188908627,8.37635455837282,-5.13818836984812,0.622767893082036,-4.90263338713215,0.662940018002131,4.60607116,0.14157236,-0.844,0.01863347,159.486997354849,-269.418751580861,1366.19478492511,0.32687348771966,0.309452436396509,7.40992586428411,0.143731963584538,-0.994052827122832,-889.478019003501,-890.504386117006,-903.393525782694,-905.012403431546,1.59094990124076,-948.207457332172,2.00711295926225,1828.51128113584,1843.95348391202,NA,2462.97081826936,0.382473665913071,0.961342566229607
"406",-5.86,0.73,-5.86,0.83,1.359326,9.604077,-1.1484446,0.2002995,35,35,-5.53342032389048,0.681322778426215,-6.15200384030888,0.884127989537942,1.59078309980536,5.82171388383461,-0.775539496624045,0.182062837242486,1.59078309980536,7.71264126329905,-5.84271208209968,0.782725383982078,1.59078309980536,5.91737527553075,-0.806902486783413,0.192345325656005,1.59078309980536,7.96136273437196,2.88779637766873,0.0751862889501931,-0.452474692251435,-7.43201674598205,-6.84233929446335,2.30062939954623,8.9503749545978,-4.13762734510424,0.51847841845196,-4.55324150715172,0.662245391287751,3.05811178,0.09861203,-0.759,0.02511134,96.1945152616623,-142.833787394487,1328.32231091577,0.220452987134464,0.205646030811045,7.51274688718096,0.172549956355528,-1.08243738015834,-937.215038454476,-938.885843456,-960.54960115152,-962.519913305938,1.94120927533215,-979.826010153762,1.80754822188135,1923.98532003779,1958.26563464967,NA,2513.81083443706,0.431959617577728,1.11736252684854
"407",-5.86,0.73,-5.86,0.83,1.359326,9.604077,-1.1484446,0.2002995,35,35,-5.23765930723052,0.736255081008506,-6.1345791213542,0.794164698650587,1.28449148167844,9.1281856823374,-1.07546234938506,0.16843351924416,1.28449148167844,7.41102856665036,-5.68611921429236,0.765209889829546,1.28449148167844,9.32930197057932,-1.08844742025794,0.169271900198023,1.28449148167844,7.62432797387512,3.4498115727071,0.0976359831886538,-0.565396889689088,-6.80898328535847,-7.36089258283156,1.94942956010833,7.88910275164944,-3.8965458236712,0.545064171321815,-4.31956208036477,0.570458010861643,4.17524357,0.08241287,-0.855,0.02723206,82.4755264800926,-115.395809831348,1231.80740611683,0.612711252621785,0.59526888464442,7.77865131407866,0.149902891584696,-1.04518221516027,-889.501483490973,-890.624205236056,-905.686857073338,-907.439886287688,1.72444542024186,-935.295310494507,2.09178434483138,1828.55821011078,1848.5401464933,NA,2348.21900240232,0.545739303296063,0.987274960592479
"408",-5.86,0.73,-5.86,0.83,1.359326,9.604077,-1.1484446,0.2002995,35,35,-5.0401432074066,0.628565099923571,-5.05735252263722,0.730909977251369,1.53676609697213,8.68469133552358,-0.851076107861204,0.145983224797965,1.53676609697213,9.32894957805564,-5.04874786502191,0.67973753858747,1.53676609697213,8.68476537565626,-0.851516429175246,0.148601843276775,1.53676609697213,9.54400442471882,3.4985087430309,0.0797103490012151,-0.515995745036241,-7.25305622592232,-6.66052124579869,2.28103388012808,11.1059683338406,-4.11010268874603,0.526991465450812,-3.95027498620453,0.573918665065063,6.72145376,0.1055863,-0.846,0.02644755,76.2126858772485,-102.87012862566,1315.50842164001,0.367107673712725,0.372006976437871,5.16528900779047,0.119566591623065,-0.728824113560542,-936.260746877875,-937.394137599064,-963.998089171459,-965.440565590122,1.41580026725708,-984.593386744428,1.51301655402492,1922.07673688459,1965.16261068955,NA,2528.14671465436,0.464821840964168,0.841486842063162
"409",-5.86,0.73,-5.86,0.83,1.359326,9.604077,-1.1484446,0.2002995,35,35,-5.69526776602582,0.670740098173859,-4.90677228860941,0.758898767319194,1.18369744630678,8.87619326284828,-0.994422485265713,0.170876209329486,1.18369744630678,10.4269082863596,-5.30102002731762,0.714819432746527,1.18369744630678,9.03162454232482,-0.977044307286676,0.172819197065855,1.18369744630678,11.7172758188291,2.8074661329744,0.0758250674999639,-0.449801372148462,-7.65691305858274,-6.34319104320075,1.93678747660486,10.7876948594111,-4.35361462821061,0.516852335108724,-3.46258921588651,0.532645696572168,5.42548787,0.11878103,-0.85,0.02256584,110.355044290112,-171.154845451387,1282.33726402259,0.00781172640254953,0.0075267515119886,6.39665934474828,0.120180185946767,-0.794350927513963,-884.658926123829,-889.208331408311,-907.115375081605,-914.604704460863,7.67880427575199,-943.579359376066,8.99586778571923,1818.8730953765,1851.39718250984,NA,2393.5196825938,0.425651550965812,1.01019325085172
"410",-5.86,0.73,-5.86,0.83,1.359326,9.604077,-1.1484446,0.2002995,35,35,-5.94295953622459,0.772855152813726,-5.22656799632449,0.688598213702876,1.34703019230313,7.33618243477377,-0.802688695090145,0.148863364902766,1.34703019230313,8.92184693105854,-5.58476376627454,0.730726683258301,1.34703019230313,7.46448664438388,-0.817778934679367,0.150638172849848,1.34703019230313,8.96342189911548,2.94010023173437,0.0739993143562049,-0.448181945078527,-7.29622975753077,-7.08181925770074,2.00825832641892,10.321426412379,-4.602354995475,0.618742705296823,-3.83026590100291,0.509357880792546,3.3613208,0.06337523,-0.754,0.02686595,85.8868018843854,-122.218360639933,1289.18862546702,0.484461334476186,0.451312991507247,7.56226260938577,0.154832341964423,-1.03282078241414,-904.874974949677,-905.313373731239,-928.897683683334,-929.190387999206,0.284936650153557,-951.044900156838,0.240612583129704,1859.30519302819,1894.9617997133,NA,2456.1588902941,0.446736560884592,1.040837940344
"411",-5.86,0.73,-5.86,0.83,1.359326,9.604077,-1.1484446,0.2002995,35,35,-6.23757793590698,0.750410114430724,-6.45579089034563,0.930136339965909,1.17831985817043,10.9502067481684,-1.21400865395379,0.1949303150208,1.17831985817043,11.580722608744,-6.34668441312631,0.840273227198317,1.17831985817043,10.9621109715396,-1.22381330161982,0.20300569405708,1.17831985817043,12.1813849854637,2.84776236007925,0.0666206262986957,-0.420056904119564,-7.72456988780071,-6.8720204982225,1.85546645828863,12.4759645333525,-4.51499192658856,0.547068644684873,-5.05470371036315,0.723522331639267,6.24046557,0.10934044,-0.856,0.02265917,113.445108328141,-177.334973527444,1355.92328924328,0.0465284652612337,0.0362735322419458,7.84104027094199,0.169516468068005,-1.08535504000424,-890.303286022054,-893.202660449212,-912.733425453376,-915.998219518162,3.24663716761024,-937.755001038307,3.45917942984622,1830.16181517294,1862.63328325338,NA,2534.51160495912,0.405794144623556,1.16683879284255
"412",-5.86,0.73,-5.86,0.83,1.359326,9.604077,-1.1484446,0.2002995,35,35,-5.82513841283298,0.74726887801594,-5.79125985212614,0.836874123942123,1.36492345085761,8.71165046218527,-1.06812827974624,0.195329697523281,1.36492345085761,8.75348522332752,-5.80819913247956,0.792071500979031,1.36492345085761,8.71193740140417,-1.0673693555553,0.197336972547654,1.36492345085761,8.97317890295583,2.67760101054962,0.0671564226965525,-0.404025908430769,-7.33084503842883,-6.76312160962653,2.07778525236559,9.48606284621907,-4.35604673992713,0.565024960681755,-4.08808794199697,0.594719613324978,4.6716562,0.10021,-0.825,0.0266997,79.1910302031339,-108.82681727743,1296.81534243236,0.351183589549678,0.326946161737047,7.40947148842886,0.161047417874936,-1.04386247462235,-912.36524654805,-913.42444893521,-930.932703907162,-932.491932910633,1.53167507538689,-956.700650490707,1.76038427235634,1874.28573622494,1899.03184016095,NA,2484.80386758729,0.418830602990608,1.04699657662548
"413",-5.86,0.73,-5.86,0.83,1.359326,9.604077,-1.1484446,0.2002995,35,35,-6.08304124744137,0.7460923188039,-5.57578513891874,0.759509086577499,1.27108429775599,7.01296238327406,-0.668473279307171,0.109108168333057,1.27108429775599,8.80493974956413,-5.82941319318006,0.7528007026907,1.27108429775599,7.07728957318243,-0.666771844954723,0.10915317074743,1.27108429775599,9.04260523766743,2.56419162152187,0.0650713579297338,-0.393245065649093,-7.59575750836455,-7.0085677693013,1.77560149023881,11.2295834572792,-5.13851836291998,0.644028541438907,-4.1617416581005,0.573717945025223,5.2873008,0.09626973,-0.814,0.02025767,137.5126984748,-225.470153820763,1306.55606210391,0.245147801822943,0.181865778479478,4.96203838721038,0.0926835462953083,-0.644054894105911,-885.795614233098,-886.768363064333,-913.850150226254,-915.526667842839,1.64827664461099,-923.579019571051,1.88949919441303,1821.14647159503,1864.86673279914,NA,2387.64197038706,0.389102508643988,0.669201712345601
"414",-5.86,0.73,-5.86,0.83,1.359326,9.604077,-1.1484446,0.2002995,35,35,-5.98211964208648,0.80144456494058,-6.79997946497256,0.901308099827443,1.43144632241348,5.65497425087018,-0.70605736479423,0.16398611717194,1.43144632241348,8.50667986739439,-6.39104955352952,0.851376332384012,1.43144632241348,5.82219792334299,-0.726475958033067,0.166479298571965,1.43144632241348,8.55253333752672,2.76349185008716,0.0784440912879318,-0.441015991449313,-7.1650615440177,-7.3879602677161,1.99021276902034,10.4910382119519,-4.00006402650234,0.539116008417446,-5.2319463357327,0.704548815152542,4.23717152,0.12029808,-0.82,0.02457674,97.8334805894261,-146.111718050015,1352.78349285133,0.225261971223671,0.216260207207794,7.03421562841954,0.141780702885023,-0.952968316078355,-915.651379983529,-916.329796289042,-940.797420067974,-941.134238704454,0.327983692781374,-949.353922139101,0.258525476783955,1880.85800309589,1918.76127248258,NA,2559.45526765264,0.486045613568024,0.961957578988524
"415",-5.86,0.73,-5.86,0.83,1.359326,9.604077,-1.1484446,0.2002995,35,35,-5.92824071383708,0.688302044205717,-5.12089866190345,0.695807357001425,1.40985926356246,4.50208861835553,-0.362411378061114,0.0689428390876267,1.40985926356246,6.9659272794057,-5.52456968787027,0.692054700603571,1.40985926356246,4.66503891556065,-0.360896539402893,0.0689569215176671,1.40985926356246,7.41659341387041,2.56546296034296,0.0693288644447205,-0.408246421664188,-7.78525647643768,-6.9331997130156,1.89519434501038,9.46122951358251,-4.79954766223286,0.581681552133502,-3.87359447988538,0.523435680343284,2.12481639,0.03462203,-0.594,0.02375531,122.335112242533,-195.114981356228,1288.63245158093,0.143206321316374,0.14073040309374,6.28453257923023,0.120267987624405,-0.821655466008453,-893.659254447429,-895.835963230687,-924.697038330872,-928.549264881567,3.84704706291103,-934.082281684321,4.35760173733903,1836.8737520237,1886.56050900837,NA,2382.14992180563,0.400160681927835,0.870749125385049
"416",-5.86,0.73,-5.86,0.83,1.359326,9.604077,-1.1484446,0.2002995,35,35,-6.5175884645801,0.842493458889414,-5.23184526845863,0.811608240386156,1.5271291312587,7.04477254827284,-0.786394324329222,0.153595134477691,1.5271291312587,8.05924248491909,-5.87471686651936,0.827050849637785,1.5271291312587,7.45805643986601,-0.796321939217045,0.153833608658189,1.5271291312587,8.75611637428151,2.89662134569621,0.0721349781314957,-0.441273608309428,-7.45597167857878,-6.3542346221375,2.07160322426471,10.3010705374833,-5.15365111534479,0.679933556800061,-3.42512636161997,0.536730814358244,1.367561,1.036101e-08,-0.005,0.03856907,26.816670195899,-4.07809726296053,1308.4522441545,0.00635789734016402,1,12.5855407282593,0.292376376501354,-1.82578069507928,-929.711982363892,-932.934925552244,-953.275315721689,-958.46293894166,5.23083740782189,-958.590381272332,6.16987991527974,1908.97920785662,1943.71706379001,NA,2612.82639104605,0.428967160699505,1.87719753629885
"417",-5.86,0.73,-5.86,0.83,1.359326,9.604077,-1.1484446,0.2002995,35,35,-4.98121811932474,0.620643371322525,-5.58092916959177,0.848110631817984,1.5068928544932,6.85170526360103,-0.685565413370009,0.111149449363765,1.5068928544932,6.75983331548703,-5.28107364445826,0.734377001570255,1.5068928544932,6.94161859955414,-0.719669070793285,0.124084788013093,1.5068928544932,7.16755737954883,1.99317681468802,0.0525663337006661,-0.308706420886112,-7.24132674694127,-6.48584672083682,2.08365209367362,8.55218510453824,-3.54412316262686,0.442054571337397,-4.27197917130451,0.663091220240016,4.73369024,0.09091856,-0.844,0.0303401,56.0947501275595,-62.6342571262815,1246.7071936649,0.0098215219420469,0.00740598650463043,5.61347936536028,0.131365345766077,-0.803453593189214,-915.362236203663,-919.326655366343,-939.169346600549,-942.753979107761,3.57291648273792,-954.126760241201,3.41243979713989,1880.27971553616,1915.50512554773,NA,2430.78013020352,0.322469726729644,0.893858766113216
"418",-5.86,0.73,-5.86,0.83,1.359326,9.604077,-1.1484446,0.2002995,35,35,-5.6566825307558,0.676616810699996,-7.25412529943111,1.04385667364607,1.56074226322464,12.8817428828024,-1.71058591991253,0.294116080997962,1.56074226322464,8.26563628855135,-6.45540391509346,0.860236742173033,1.56074226322464,13.5196987326006,-1.85724708577065,0.327832360232125,1.56074226322464,8.65314756331427,3.10402928875687,0.079788963702531,-0.479777627754553,-7.5833158907978,-6.99283858663106,2.59005919682565,7.54522599342956,-3.89560411672466,0.464052079088849,-4.72064995345279,0.672210758550606,6.23549073,0.16033028,-0.9,0.02767865,73.4467122013766,-97.3381812739159,1373.52950666565,0.0852218458128006,0.0822395890864979,12.631816000774,0.281533572969499,-1.81470937718788,-948.569887686228,-952.294077112271,-960.186330523236,-963.054335563078,2.84392413680622,-1003.52970718357,1.87464974635558,1946.69501850129,1957.5390933931,NA,2649.72083205738,0.47297372106804,1.76238201885955
"419",-5.86,0.73,-5.86,0.83,1.359326,9.604077,-1.1484446,0.2002995,35,35,-5.24476882046832,0.724159401037387,-5.76157166475627,0.829490212607972,1.31588522890716,10.1356190888281,-1.00032037574669,0.143209313059452,1.31588522890716,9.74346644856717,-5.5031702426123,0.77682480682268,1.31588522890716,10.2023903837941,-1.0139291914994,0.145982958025982,1.31588522890716,9.77035731498411,2.44910043628609,0.0645137593508158,-0.381527887799994,-6.88815572986736,-6.77742485525218,1.89605144100671,11.8753370434465,-3.88768102453937,0.546309213097297,-4.41868776053361,0.646004968998626,5.00239772,0.07495116,-0.818,0.02622286,81.656515394694,-113.757787660551,1258.87392680281,0.547080679934058,0.538593837103773,7.33918784706375,0.14810511853373,-1.00771708936573,-901.424418482771,-901.95292846524,-928.735583271526,-928.910574165769,0.170203809460041,-941.460374147523,0.0597689600572045,1852.40408009438,1894.63759888968,NA,2403.99006594506,0.386630700941892,0.955465972377438
"420",-5.86,0.73,-5.86,0.83,1.359326,9.604077,-1.1484446,0.2002995,35,35,-5.66354431630664,0.693404153260927,-6.39682229492787,0.936297588476906,1.48862738594781,9.94752592295578,-1.30281745276775,0.214636582111113,1.48862738594781,6.08347772266118,-6.03018330561726,0.814850870868916,1.48862738594781,10.0819500714385,-1.34734455456664,0.229385887328868,1.48862738594781,6.47105628939636,4.07103613900911,0.109907276625742,-0.65810284838249,-7.49016303342811,-6.77634477852135,2.2699239669283,5.95380900965778,-3.7581326512119,0.459876080336849,-4.36726262037796,0.63969590748295,4.12931687,0.10092611,-0.891,0.03064853,61.9168086948068,-74.2783742607763,1260.84992966804,0.0333304394879096,0.0290853099490848,10.6240295050109,0.231967784458749,-1.51082599643593,-919.841286964591,-923.466126889501,-929.797777714521,-933.52677588818,3.72067839695145,-963.992868529809,3.84138815720761,1889.23781705802,1896.76198777567,NA,2447.42148507531,0.594270573070243,1.46440630519794
"421",-5.86,0.73,-5.86,0.83,1.359326,9.604077,-1.1484446,0.2002995,35,35,-4.34854918577312,0.624137343985628,-5.7086934142772,0.811171263197388,1.22684161354072,7.31848308912203,-0.762623045385089,0.144409385363348,1.22684161354072,10.6240581941046,-5.02862130002516,0.717654303591508,1.22684161354072,7.78098116970527,-0.826221321822684,0.153154807097276,1.22684161354072,10.7305332404622,1.88445805975814,0.0482087960472397,-0.284652426629247,-6.58784162839753,-6.83368616497025,1.91689463937416,11.8997322599986,-2.97471958290232,0.429892696366713,-4.23128856482554,0.605084138384781,3.89085199,0.09258635,-0.774,0.02608087,79.0266815431457,-108.498119957454,1238.968249106,0.153899111354201,0.101158267983504,6.548121287609,0.131234056288096,-0.886819712955689,-889.560876458222,-891.230363251369,-917.083819458487,-917.722092656741,0.622872238887024,-944.205203565068,0.290863445818345,1828.67699604528,1871.3340712636,NA,2369.43837825456,0.308617975145947,0.884705908369663
"422",-5.86,0.73,-5.86,0.83,1.359326,9.604077,-1.1484446,0.2002995,35,35,-5.18744196410125,0.612007190202537,-5.69909826877444,0.871083243403885,1.23430424776842,10.1089054781714,-1.21747306378328,0.193753505095519,1.23430424776842,8.42588242353055,-5.44327011643784,0.741545216803211,1.23430424776842,10.1743535216994,-1.25061253778585,0.210533605431116,1.23430424776842,9.30151495047417,3.06454283659972,0.0756537417704219,-0.468322535177978,-7.49900272404769,-6.46715094480909,2.05609714841269,8.04126609488745,-3.8556709806674,0.458426202560509,-4.16679783969835,0.639729733911802,5.65131855,0.10894521,-0.863,0.02180273,119.356351450032,-189.157459771226,1253.56967853674,0.00538444458094558,0.0041232878404208,6.39379139067771,0.152167380490603,-0.926318664369179,-888.218422796697,-893.924572900435,-903.896361159861,-910.114574013866,6.31696950553131,-948.941205371519,6.81567250277585,1825.99208872223,1844.95915466635,NA,2317.98189730226,0.437731992719558,1.01600997225356
"423",-5.86,0.73,-5.86,0.83,1.359326,9.604077,-1.1484446,0.2002995,35,35,-5.94655290721652,0.7725450765865,-6.69332024225293,0.986331238476086,1.59928560360594,9.92771415820954,-1.0647570916838,0.171374504306659,1.59928560360594,8.22599393581407,-6.31993657473472,0.879438157531293,1.59928560360594,10.0671295213789,-1.10466922227929,0.182800635060529,1.59928560360594,8.44140802714853,2.3848852984573,0.0580831717157625,-0.358317731056139,-7.30167048244615,-6.77475518634955,2.18403194647037,10.3843602929569,-4.23890709329222,0.560810077765649,-5.46429152534089,0.805419997772931,7.30326069,0.12618696,-0.857,0.02673063,73.6386542263708,-97.7220653239043,1354.05395528109,0.0710914371343401,0.0432437794160669,7.19204118375371,0.163853239544573,-1.04011155632434,-943.611248297324,-945.850046337382,-965.863099007717,-967.478712770472,1.5877051635468,-971.795606991307,1.32880408673796,1936.77773972349,1968.89263036206,NA,2610.38584523828,0.351392391433755,1.03378750177024
"424",-5.86,0.73,-5.86,0.83,1.359326,9.604077,-1.1484446,0.2002995,35,35,-5.39715007566758,0.619898265133383,-5.74754346775644,0.806133908696519,1.29443993832077,9.71562114979741,-1.18374908257088,0.198004515850602,1.29443993832077,8.49474514081207,-5.57234677171201,0.713016086914951,1.29443993832077,9.74631503210228,-1.20006301728986,0.206675444583946,1.29443993832077,8.94385971882622,2.07087074215603,0.0567443081979434,-0.323888518945273,-7.66169785314803,-6.90254747305038,2.15091042481115,8.18957248424531,-3.97419016967826,0.462557919726574,-4.27611097381221,0.601747494064814,4.02556563,0.09133715,-0.827,0.02429541,105.759022092997,-161.962801057156,1284.85495357653,0.0762150790965537,0.0758014062002086,8.17337863104142,0.168232632852238,-1.11476345442014,-899.890770216037,-902.695143770288,-916.060716223113,-919.295888337949,3.21649405561086,-960.555656264591,3.46964432135382,1849.33678356091,1869.28786479285,NA,2407.74710609591,0.356889681305932,1.14482912913388
"425",-5.86,0.73,-5.86,0.83,1.359326,9.604077,-1.1484446,0.2002995,35,35,-5.42774027181869,0.635506385910031,-6.15191632981568,0.833663322288079,1.43290793805942,10.8556196390158,-1.4182816655024,0.257306430113688,1.43290793805942,9.14173936579279,-5.78982830081719,0.734584854099055,1.43290793805942,10.9867273797598,-1.45415679276516,0.267122972972372,1.43290793805942,9.3298337814322,3.61409807486447,0.0970327190411144,-0.580164466719268,-7.59929890462237,-7.14290721271232,2.43319152321832,8.47592486576402,-3.59956496028045,0.413740533712902,-4.03669681577689,0.543533546632967,4.70512836,0.11313841,-0.848,0.02791943,72.8270937454395,-96.0989443620416,1349.47535674614,0.26915710776996,0.253725609944056,10.1750625139104,0.219812750262504,-1.42839877486895,-930.39687534754,-931.792555252491,-945.573993700455,-946.860360852666,1.26116633470394,-991.841209794487,1.07503973825062,1910.34899382392,1928.31441974754,NA,2602.85176913023,0.534484090491806,1.43573483618827
"426",-5.86,0.73,-5.86,0.83,1.359326,9.604077,-1.1484446,0.2002995,35,35,-6.31577820144193,0.773481932544058,-6.44931306106661,0.960359456814564,1.23862229789601,8.07291244453128,-1.11761952293822,0.21736756087026,1.23862229789601,8.54333430918875,-6.38254563125427,0.866920694679311,1.23862229789601,8.07737033421503,-1.12385818893083,0.226098363139628,1.23862229789601,9.28421973170318,2.28224148759373,0.0654623945573865,-0.37047960145936,-7.66531423130647,-6.68548115958949,1.96107667857664,8.45293155583389,-4.73247170656072,0.596607943426075,-4.79710701139558,0.717136646613615,4.32807858,0.10758401,-0.842,0.02463261,102.35174955887,-155.148255988902,1311.02243750911,0.0503091743071721,0.0439314545244397,7.63776542435398,0.173684176058561,-1.08403390464441,-890.48930831325,-893.95181791258,-905.618815964635,-910.852556563702,5.2790992224251,-938.907196967972,6.16297009931913,1830.53385975534,1848.4040642759,NA,2466.89661902931,0.388392853082385,1.17071737839962
"427",-5.86,0.73,-5.86,0.83,1.359326,9.604077,-1.1484446,0.2002995,35,35,-7.54047907216111,0.959492937167751,-5.9617513572072,0.838862844299033,1.52556859536601,8.63209240036443,-0.851900399092058,0.125805561630128,1.52556859536601,7.49351433887919,-6.75111521468415,0.899177890733392,1.52556859536601,9.25518769985532,-0.899510916809382,0.129443466456506,1.52556859536601,7.93895943607643,2.4193317281214,0.0700482300333717,-0.39760724985482,-7.78180967051058,-6.92176483344191,1.93925734450286,10.4232302285418,-5.82035524831799,0.744921241929184,-3.8481505454231,0.536938001597388,3.00957843,0.05552591,-0.697,0.02769611,84.1628594974646,-118.770475866092,1369.44550728772,0.0153955846308948,0.00839013363109006,12.3410633795363,0.219121910807555,-1.60768226796306,-923.446365175661,-925.774156626873,-948.511042548069,-952.08918599404,3.56628191828183,-942.792343497946,3.9734227389652,1896.44797348016,1934.18851744277,NA,2620.12053870935,0.403593126478819,1.4612317640664
"428",-5.86,0.73,-5.86,0.83,1.359326,9.604077,-1.1484446,0.2002995,35,35,-6.51332179736829,0.768926558420304,-5.1653228520333,0.829744475793319,1.28648292379528,12.3033908488069,-1.32851141836407,0.210431113846718,1.28648292379528,12.1806332435881,-5.8393223247008,0.799335517106811,1.28648292379528,12.7576661379629,-1.30801579624499,0.211355818615116,1.28648292379528,14.176628973398,3.48458336031138,0.0809070263212808,-0.514420543154578,-7.88999756746885,-6.17966120826655,2.03209056688854,13.2146880549587,-4.38531647368742,0.521154896034294,-3.9688804771771,0.648616193727791,6.91620494,0.15947398,-0.824,0.02313726,99.9200124333878,-150.284781737938,1397.90422969945,0.00664549514150521,0.0065082162249588,8.99662159815736,0.159515540669255,-1.09491553013589,-913.437420495619,-919.369963496048,-937.510740851683,-947.381308084548,10.2975105306943,-961.900483538514,12.0511814274846,1876.43008412007,1912.18791404999,NA,2645.52367766096,0.485196302121495,1.35443721032061
"429",-5.86,0.73,-5.86,0.83,1.359326,9.604077,-1.1484446,0.2002995,35,35,-5.00993574559868,0.618838039670542,-6.53917331784753,1.00748759820664,1.58656051290616,9.46900097223876,-1.12421558472046,0.186671007722555,1.58656051290616,7.00057451155316,-5.77455453172311,0.813162818938589,1.58656051290616,10.0536428603332,-1.2727999615583,0.224433127560131,1.58656051290616,7.55308210782561,3.32842766258122,0.0839740967129242,-0.517729148990743,-7.28080007203239,-6.49456414529678,2.35504174467063,7.69681581023511,-3.33792934228835,0.408925084826311,-3.98487527014038,0.614507631444089,3.88089913,0.07720826,-0.826,0.0326987,43.4414844835558,-37.3277258382742,1283.3323002122,0.0119611550579449,0.0102882623688533,11.0923233543509,0.270240337211531,-1.66427288416157,-937.39305288619,-943.540308756673,-953.930092041566,-958.604576219087,4.69597733166201,-980.840195919884,3.59164867949614,1924.34134890122,1945.02661642976,NA,2529.33687458613,0.469618349356225,1.64451054436027
"430",-5.86,0.73,-5.86,0.83,1.359326,9.604077,-1.1484446,0.2002995,35,35,-6.93318027235724,0.875079240241749,-6.21377739638246,0.91705072931077,1.2436775655452,11.2449795944769,-1.21595494096815,0.203775391701801,1.2436775655452,12.683188888772,-6.57347883436985,0.89606498477626,1.2436775655452,11.3743647189671,-1.20840633848185,0.204215793175468,1.2436775655452,13.3475756906698,2.55677901051064,0.0751842287420183,-0.42935016413882,-7.67742583327526,-6.70796768638162,1.88082073835208,14.5082846438333,-4.51199785149479,0.565353774756977,-4.23793723119493,0.640183450754456,4.94985418,0.14073998,-0.806,0.02330097,102.770291463723,-155.985339798608,1404.55954752863,0.123441036347549,0.130071291097494,11.5554319123088,0.207707397355918,-1.48671683307854,-906.884575042149,-908.858912763895,-931.839469049746,-935.158378740546,3.30173784022842,-945.996504279927,3.83436915391646,1863.32439321314,1900.84537044612,NA,2653.13375525866,0.41011992634777,1.47918371577964
"431",-5.86,0.73,-5.86,0.83,1.359326,9.604077,-1.1484446,0.2002995,35,35,-5.91648311606045,0.745646656212135,-4.27340231581002,0.685839970131833,1.53700048624993,11.4635121279483,-1.47095450504744,0.238259076441678,1.53700048624993,6.827983454307,-5.09494271593523,0.715743313171984,1.53700048624993,12.1384407569862,-1.49552130945373,0.239153286366655,1.53700048624993,7.77577084016775,2.88440708481037,0.0708746864123948,-0.439839834370047,-7.43185451938134,-6.14508647863238,2.48509308158145,6.35995200930602,-3.89836555549567,0.497424050603183,-2.85364379924533,0.455123401705496,5.63176392,0.11594062,-0.883,0.03139047,42.6666941768799,-35.7781452249224,1245.22540872376,0.0247709667626415,0.0222589627454755,9.22671885020919,0.184256046038744,-1.23793791402454,-933.475987980917,-938.650802529078,-944.628258106892,-952.628535332445,8.2332241265879,-988.167729173719,10.772831085365,1916.50721909067,1926.42294856041,NA,2454.6726722226,0.41035299606818,1.28034504095447
"432",-5.86,0.73,-5.86,0.83,1.359326,9.604077,-1.1484446,0.2002995,35,35,-5.03928681150208,0.633260267026673,-5.52689710675959,0.793662424627559,1.47514363338518,11.5135123156252,-1.56350552553859,0.273865342968807,1.47514363338518,7.82960434060009,-5.28309195913084,0.713461345827116,1.47514363338518,11.5729532656355,-1.58305896139552,0.280297556009562,1.47514363338518,7.99829689962253,3.60944480884315,0.104342080819689,-0.595642816890962,-7.22422723938504,-6.7562029868928,2.54901480233956,6.73067744765018,-3.48738772747333,0.446948014053474,-4.17799675358893,0.611617561739937,5.87254539,0.13323437,-0.895,0.02908738,59.1782217041097,-68.8012002793819,1260.36211750028,0.179297274686525,0.149298630622242,7.21041768041853,0.166940559120187,-1.03748791245295,-932.145922139968,-933.353202515495,-942.992659711561,-944.317418180243,1.29916285838305,-996.109957144523,1.32279872387375,1913.84708740877,1923.15175176975,NA,2451.92303472118,0.59023379422347,1.09886692722172
"433",-5.86,0.73,-5.86,0.83,1.359326,9.604077,-1.1484446,0.2002995,35,35,-5.33085428709738,0.592021986441354,-6.02126799062785,0.812096276187076,1.42588311918766,8.87347976533856,-1.30724658290108,0.258868190945514,1.42588311918766,7.71473649117496,-5.67606113886261,0.702059131314215,1.42588311918766,8.99264753584422,-1.34523215925988,0.270976364197286,1.42588311918766,8.02667064107787,3.36120473464983,0.0895648029568891,-0.533175874726942,-7.76148171948551,-7.14074975329377,2.49188155437325,6.55414379863255,-3.63337189418668,0.398462805395506,-4.33915267527208,0.581308818373446,5.71671253,0.15317544,-0.894,0.02337381,109.190888936833,-168.826534744829,1331.54333273827,0.135023331066663,0.11385292968824,7.57312933019546,0.180501656264819,-1.10847186869235,-920.78749835151,-922.741040087686,-933.754844089147,-936.216615106931,2.43398319787155,-989.747577392006,2.43580512851438,1891.13023983186,1904.67612052492,NA,2494.26013073171,0.510591805548731,1.16476092037822
"434",-5.86,0.73,-5.86,0.83,1.359326,9.604077,-1.1484446,0.2002995,35,35,-5.46236100543787,0.649955951288835,-5.93360169151816,0.80192069382224,1.38154029530572,11.0718576426096,-1.24230363002531,0.196905096296393,1.38154029530572,9.5215748889195,-5.69798134847801,0.725938322555538,1.38154029530572,11.1273745886639,-1.26020662240817,0.202678417039704,1.38154029530572,9.67808841833412,2.46760162152235,0.070537808122599,-0.397784038630916,-7.54783286682595,-7.11370694078023,2.20468364594177,9.97191359120708,-3.84901908224417,0.449365954549176,-3.9793579789059,0.536945867237038,6.281371,0.1120359,-0.88,0.0266016,80.9582899540986,-112.36133677936,1328.81617012093,0.244075012790891,0.240182342468264,8.36750285915938,0.176263953391787,-1.15047716797495,-918.666985156401,-919.947085540037,-939.203597319974,-940.237212426251,1.01153297985862,-972.809822395661,0.927149455496367,1886.88921344164,1915.57362698658,NA,2545.2710034625,0.426683541571091,1.20102593511404
"435",-5.86,0.73,-5.86,0.83,1.359326,9.604077,-1.1484446,0.2002995,35,35,-4.84595322213644,0.581188985454844,-6.77620190035519,0.988161918633327,1.45897573850709,8.17700033511515,-1.05308783436452,0.187226067329649,1.45897573850709,6.59712688003591,-5.81107756124582,0.784675452044086,1.45897573850709,9.10846532505647,-1.24947757594917,0.228632809414624,1.45897573850709,6.99600903548606,2.50246546692235,0.0694076396763468,-0.40359524639912,-7.34112087114855,-6.84673012579973,2.27384952655478,6.64357391217126,-3.30775970381622,0.39791069009612,-4.13168860290214,0.595351808802414,3.28000938,0.08069798,-0.848,0.02867962,73.6836660903106,-97.8120890517838,1250.84941693302,0.0476503245353659,0.0400878291145729,10.7797311431306,0.253319362787072,-1.59488005732831,-915.9280205628,-921.422587703339,-929.768777565604,-933.350846470176,3.57029532333966,-967.726350547887,1.67351432903044,1881.41128425444,1896.70398747784,NA,2403.88674481425,0.398211883205653,1.53581613848458
"436",-5.86,0.73,-5.86,0.83,1.359326,9.604077,-1.1484446,0.2002995,35,35,-6.67559140636092,0.821641532993053,-5.56013465335755,0.754589042955577,1.22791907201404,12.9181571513357,-1.55244606333129,0.256096116789682,1.22791907201404,11.8589384779442,-6.11786302985923,0.788115287974315,1.22791907201404,13.229218093291,-1.57114460153579,0.257220125894739,1.22791907201404,12.2323630421688,2.78775737327264,0.0746496411661948,-0.441017654432827,-7.73820499900116,-7.02222963048076,2.1231484122666,11.150992898789,-4.39060994144403,0.558448998299635,-3.74937977094871,0.52035620185353,3.8554045,0.10125484,-0.824,0.02276715,114.217485528041,-178.879727927246,1339.28985048667,0.331649245978477,0.321692772131761,12.9734053523243,0.223343384338028,-1.63271665011068,-906.361964912753,-907.657792233134,-924.366249929357,-926.370098186065,1.9747252396321,-967.149783647304,2.36456362509615,1862.27917295434,1885.89893220534,NA,2499.6999730461,0.433817816785461,1.64262388394152
"437",-5.86,0.73,-5.86,0.83,1.359326,9.604077,-1.1484446,0.2002995,35,35,-6.09270527133898,0.720700616535111,-6.3090831401959,0.917931364647259,1.43103815617882,10.7367189717985,-1.4437744280873,0.274895948641103,1.43103815617882,9.7562023455479,-6.20089420576744,0.819315990591185,1.43103815617882,10.7484238173312,-1.45444352032469,0.284620940641322,1.43103815617882,10.3785629315102,2.94109391251966,0.082065557080687,-0.473154711713975,-7.75669872377355,-6.79802683274211,2.37116714348018,9.31837679804273,-3.82394443191503,0.451998159968996,-4.41332288195952,0.642392909863685,5.8163639,0.16432499,-0.894,0.02692594,75.6086027345002,-101.661962340163,1373.87171331379,0.0681464410996638,0.0548506866091907,10.4502795610137,0.219574170301877,-1.41809445162368,-933.350759107934,-936.069794477576,-949.371700043018,-953.309101340855,3.93452247232514,-988.49597077841,4.47006046104143,1916.2567613447,1935.90983243266,NA,2646.08146428742,0.48031672976985,1.56223381502177
"438",-5.86,0.73,-5.86,0.83,1.359326,9.604077,-1.1484446,0.2002995,35,35,-5.21118757134297,0.67746684394428,-5.2616085958935,0.717473359146225,1.32826980922705,11.7542046254307,-1.67057796344638,0.312511118915974,1.32826980922705,9.84092917542191,-5.23639808361823,0.697470101545253,1.32826980922705,11.7548401953598,-1.67108225581767,0.312911249230625,1.32826980922705,9.86687204964499,3.09495994079861,0.0841928587207423,-0.495608376806762,-7.13275665327847,-6.94482921273426,2.52669523378449,7.67333792921483,-4.35390361904713,0.589087516150936,-3.39675159981625,0.470523351195222,6.31680093,0.17863547,-0.879,0.02602721,74.6903121467757,-99.825381164714,1289.21545815051,0.42094140645376,0.396432297895098,7.09519226253353,0.149195436318941,-0.987411704249722,-919.460968537075,-919.578435998147,-931.662804948348,-931.830118260402,0.162727328868531,-997.982254477384,0.191773339306372,1888.47718020299,1900.49204224332,NA,2478.60553513631,0.479781773889656,0.969088614787646
"439",-5.86,0.73,-5.86,0.83,1.359326,9.604077,-1.1484446,0.2002995,35,35,-6.0283781261012,0.734444207074301,-6.43175595570072,0.921885791903128,1.48822145808725,13.4830886773099,-1.88048441795718,0.308401716513806,1.48822145808725,6.59947290527579,-6.23006704090096,0.828164999488714,1.48822145808725,13.523767095663,-1.89938686287341,0.317185303444592,1.48822145808725,6.95112969261037,2.83912285990972,0.0750682609750243,-0.448087416714136,-7.61049082252963,-6.89714019394286,2.51560176668199,5.22039291260047,-3.82281324928261,0.458731345395352,-4.26443982297604,0.60959464378214,5.89920686,0.1501974,-0.926,0.03098342,53.7287413423401,-57.9022395558428,1296.87110385021,0.0694135683481354,0.0591691845870056,11.680842891883,0.244670304206929,-1.63605156164721,-929.007881730173,-931.791294718379,-934.652933493235,-937.819392449894,3.14662106659406,-985.269490124223,3.86984302675852,1907.57100658918,1906.4722993331,NA,2535.83996814458,0.43062729377297,1.54054461302571
"440",-5.86,0.73,-5.86,0.83,1.359326,9.604077,-1.1484446,0.2002995,35,35,-5.8184425681226,0.603130572924472,-5.4248265184038,0.706117797632368,1.25361633376178,9.56380162094158,-1.09812638274234,0.162543905848887,1.25361633376178,7.43037744133633,-5.6216345432632,0.65462418527842,1.25361633376178,9.60253501959064,-1.08799202660208,0.165195497962146,1.25361633376178,8.15723027000957,3.90467019626231,0.100599009243235,-0.60802324425572,-8.18288791681115,-7.1757006322676,2.09658865374816,7.10526003388268,-4.50223899004883,0.485349593389568,-3.92930445063865,0.516462856489788,7.14439417,0.12491244,-0.912,0.02137983,132.238902277702,-214.922561426566,1327.5210462439,0.0201715504028488,0.017214663935031,5.90693521891412,0.108382189793252,-0.739898655956005,-882.681565616942,-887.010351717764,-899.886737549693,-905.675892676303,5.8628445397274,-949.894180048163,7.10374308521243,1814.91837436272,1836.93990744601,NA,2440.11953106123,0.581549918280441,0.867444800575006
"441",-5.86,0.73,-5.86,0.83,1.359326,9.604077,-1.1484446,0.2002995,35,35,-5.58015570267825,0.683974158850553,-6.06096411967311,0.796004426961363,1.46861588938134,12.4670244444111,-1.45183338159512,0.233436407830349,1.46861588938134,9.64332443183992,-5.82055991117568,0.739989292905958,1.46861588938134,12.5248186278743,-1.46529965556158,0.236574103073594,1.46861588938134,9.68307119546743,2.28752973279243,0.0615279750258112,-0.356598414504904,-7.46295588629883,-7.27631695594101,2.36996251022087,9.81999214412515,-4.42705971981541,0.562750690348044,-4.24868621413446,0.564067920405345,7.46168464,0.14385758,-0.88,0.02553743,83.5503098886378,-117.545376648438,1363.68530708435,0.853774086314387,0.811174867435534,8.48934641580003,0.170489287026613,-1.15084243701219,-936.387396019735,-936.835958567221,-954.983677409329,-955.244600701194,0.253941326695397,-990.032888882809,0.161652718870085,1922.33003516831,1947.13378716529,NA,2609.82523752026,0.380383672206439,1.14828805614225
"442",-5.86,0.73,-5.86,0.83,1.359326,9.604077,-1.1484446,0.2002995,35,35,-5.32545134020102,0.650410302681092,-5.76524303582166,0.861115347372902,1.35234499162733,9.68628215099102,-1.01287070018938,0.145777101349849,1.35234499162733,8.18358466302575,-5.54534718801134,0.755762825026997,1.35234499162733,9.73463633487522,-1.03603728240958,0.156876255314493,1.35234499162733,8.68687824846239,2.95880329874516,0.0666660818132806,-0.430542639321925,-7.40821629356646,-6.59268185701832,1.99396192902364,9.47893634723633,-3.76962382795049,0.460377354565746,-3.86871174095032,0.574740164875895,5.09180521,0.08659593,-0.866,0.02810173,72.416069874425,-95.2768966200127,1258.36523163873,0.0400941731714181,0.0331552718116593,7.7492525816366,0.165994705581597,-1.07216282652875,-901.39290282774,-905.624444487728,-924.449942807016,-928.184764613466,3.72664542936932,-946.588009330581,3.78789128015504,1852.34104878432,1886.06631796066,NA,2421.45356665745,0.403468340473565,1.13061449461082
"443",-5.86,0.73,-5.86,0.83,1.359326,9.604077,-1.1484446,0.2002995,35,35,-4.36142702736345,0.537299476729635,-5.13314509498182,0.75329117410587,1.34411816940026,7.50259664324144,-0.730538621171351,0.117786787978393,1.34411816940026,8.53530783012044,-4.74728606117264,0.645295325417752,1.34411816940026,7.6514838372136,-0.772209795001552,0.12944989131226,1.34411816940026,8.7851717376067,2.75415865728601,0.0740439277597755,-0.434306400559349,-7.1180770120804,-6.6029724388623,2.10052149063541,9.56636877075487,-2.71880777082486,0.325173321565467,-3.44523972356782,0.506481040562997,3.43006524,0.06712094,-0.744,0.02732167,75.487782585978,-101.420322043119,1228.46027797333,0.0788811863983823,0.067078895159354,7.26086663672629,0.155879190056611,-1.021649322095,-898.705822301962,-901.527435075763,-925.585837528203,-927.396501561256,1.78187699985884,-959.634030742279,1.4226067985735,1846.96688773276,1888.33810740303,NA,2355.50023390354,0.438559945865894,1.000068762047
"444",-5.86,0.73,-5.86,0.83,1.359326,9.604077,-1.1484446,0.2002995,35,35,-6.50526637462994,0.778928824026427,-6.59670659380285,0.958918427527679,1.43598985701416,11.079427851213,-1.40826916387407,0.234153715810933,1.43598985701416,7.81206807375281,-6.5509864842164,0.868923625777053,1.43598985701416,11.0815181796336,-1.41238373607232,0.242252780153068,1.43598985701416,8.44847700225619,2.18141031385695,0.062322901473937,-0.352929924460648,-7.82235123453362,-6.84145997192212,2.204745292613,7.93936304220492,-5.24421510305637,0.6372185989574,-4.81591891471889,0.712230048992328,6.23062323,0.10502851,-0.872,0.02598816,92.0347706958052,-134.514298262773,1368.51826172219,0.00988427249193112,0.00875904916584506,8.56307818488287,0.198770198473247,-1.23722021482849,-923.22612073462,-926.957119886345,-936.262761826288,-941.143960575654,4.91097058897318,-965.646070345038,5.80929852584656,1896.00748459808,1909.6919559992,NA,2602.52222518162,0.371793557164122,1.29376611394649
"445",-5.86,0.73,-5.86,0.83,1.359326,9.604077,-1.1484446,0.2002995,35,35,-6.2285090220124,0.717082740690737,-6.02133270649652,0.834808013166608,1.25173785233358,9.24593038361889,-1.17107762966047,0.192606238335329,1.25173785233358,7.31930272790691,-6.12492086425446,0.775945376928673,1.25173785233358,9.25666089004658,-1.16498015761181,0.196071048280209,1.25173785233358,7.92093496761943,2.26898884112594,0.0571089394968384,-0.342942650215644,-7.91405684253069,-7.00550381735032,1.9814907772546,7.15095601973872,-4.50507198441469,0.514999000790113,-3.93439832827603,0.541371882228078,5.49528446,0.13236293,-0.907,0.02259434,121.831519023087,-194.107794917337,1302.45241796662,0.019351880034118,0.0159625547828371,8.31510423557945,0.155104804018167,-1.07951294137781,-885.896980980475,-889.384882085557,-898.590924961176,-903.478486907402,4.917598702499,-936.257736496383,6.08200697490331,1821.34920508979,1834.34828226898,NA,2410.7970410159,0.355930096431952,1.1171712154803
"446",-5.86,0.73,-5.86,0.83,1.359326,9.604077,-1.1484446,0.2002995,35,35,-6.43059164021767,0.889371160674507,-6.37389268327206,0.913232803079024,1.25756593148856,9.85904551371572,-1.06909447690314,0.167729303667641,1.25756593148856,9.74043049636881,-6.40224216174486,0.901301981876765,1.25756593148856,9.8598492066454,-1.0687562443443,0.167871648162201,1.25756593148856,9.76895200738705,2.95479501964358,0.085759695653995,-0.486965090804312,-7.08968963751489,-6.89082918979591,1.78386944507766,11.7665931835522,-4.50329608416719,0.625549650581447,-4.52322199358677,0.649181155562114,5.4280111,0.10446445,-0.854,0.02676633,77.3494960505777,-105.143748972318,1300.97287141026,0.892978771234596,0.881533758749094,8.31198313180868,0.165993132678107,-1.13640006917821,-895.11902956438,-895.254340201996,-917.609566086971,-917.795206650207,0.180575885658954,-926.221284442914,0.206635864179508,1839.7933022576,1872.38556452057,NA,2496.80199384821,0.491068320958857,1.0729951178929
"447",-5.86,0.73,-5.86,0.83,1.359326,9.604077,-1.1484446,0.2002995,35,35,-5.3236408438726,0.659954439245478,-5.96234134357156,0.849799685168829,1.29910533604327,9.75734409110698,-1.39048325788078,0.258665440346132,1.29910533604327,8.15602016519294,-5.64299109372208,0.754877062207153,1.29910533604327,9.8593286731859,-1.42079682123996,0.267675744696057,1.29910533604327,8.38094739361652,2.84924887390946,0.0753831367430371,-0.445095369759885,-7.34954430132187,-6.85719595202829,2.27032825944118,6.8804869093042,-3.61474048084147,0.453647140039569,-4.41684096747009,0.633529640384966,6.58073089,0.18920381,-0.9,0.02487639,85.3162187099738,-121.07719429111,1271.07967921897,0.284793498596837,0.247801698295138,6.68266372445302,0.141022693992863,-0.933996225616487,-903.186766683547,-904.685185426053,-914.399270587925,-916.098111429495,1.67049124585242,-968.41500554403,1.61231623419154,1855.92877649593,1865.96497352248,NA,2421.08216414683,0.450345185972051,0.905541030588724
"448",-5.86,0.73,-5.86,0.83,1.359326,9.604077,-1.1484446,0.2002995,35,35,-5.49298245064536,0.719538540310148,-5.79022764274025,0.806448686982912,1.48946609246095,7.48854123495675,-0.778972183726661,0.14000203702857,1.48946609246095,8.29874686048789,-5.64160504669281,0.76299361364653,1.48946609246095,7.51062991101263,-0.785430589537346,0.14189038042724,1.48946609246095,8.3385906316446,2.91885640611455,0.0684590693001308,-0.426486697591381,-7.16389925251802,-6.94335628045898,2.07636554333622,10.4246463718255,-3.85959016139086,0.521605336947553,-4.25001865810363,0.594794059862381,4.28450713,0.09915667,-0.809,0.02826372,66.6995929086727,-83.843942688508,1291.57765151135,0.781224522438235,0.744401118635868,6.93326912756221,0.134365679619196,-0.920964977907715,-924.018679179664,-924.414578816846,-948.983799904188,-949.283098903436,0.291370060859371,-959.533598166065,0.243998315260484,1897.59260148816,1935.134032155,NA,2499.3113603342,0.434116013844709,0.932316623836507
"449",-5.86,0.73,-5.86,0.83,1.359326,9.604077,-1.1484446,0.2002995,35,35,-4.63290912013174,0.638380236816463,-5.35192148359487,0.743581135557532,1.44698464768441,7.6325953855883,-0.930145552496975,0.159922198146299,1.44698464768441,6.36642593586816,-4.99241530186331,0.690980686186998,1.44698464768441,7.76184008029151,-0.94905573920754,0.162689005420282,1.44698464768441,6.38857031609699,3.34353202152412,0.083518465916945,-0.513581486371675,-6.78734609290075,-6.87959872448149,2.21203058276889,6.69787395120127,-3.46548921812005,0.480713758877699,-3.69830320448606,0.517360669264515,3.79005603,0.08790541,-0.823,0.02700269,77.359678752238,-105.164114375639,1187.38613247829,0.929201581722617,0.946336409692328,6.71277159083661,0.143336136900886,-0.956100259594425,-910.100886412039,-910.537005866554,-925.588216405887,-925.798329340296,0.204416343647502,-961.221100393113,0.0594761113780022,1869.75701595291,1888.3428651584,NA,2269.60815058095,0.483137946457599,0.868301152833586
"450",-5.86,0.73,-5.86,0.83,1.359326,9.604077,-1.1484446,0.2002995,35,35,-6.442509915499,0.818048167570718,-5.75267080065224,0.828442643521771,1.24069695899538,11.542390623924,-1.31529602449909,0.21703000654627,1.24069695899538,11.6356086988217,-6.09759035807562,0.823245405546244,1.24069695899538,11.6613601250172,-1.31350339547675,0.217057017828844,1.24069695899538,12.0343758255854,2.5641122032034,0.0720350964813222,-0.412418168295465,-7.526531849471,-6.77476513668448,1.9764583209505,12.2836596483284,-4.28175444283863,0.542299603879349,-3.70154696146476,0.542003014365735,4.61486018,0.10116136,-0.802,0.02191596,117.69983527083,-185.844427412823,1338.2764351411,0.216800723781838,0.218133449649337,11.0397614422341,0.212237313682125,-1.47501061847124,-904.399755011283,-905.700483920069,-925.676160269455,-927.851147521189,2.14601174080825,-952.728691617503,2.56157894518909,1858.3547531514,1888.51875288554,NA,2490.70844286937,0.426845785203459,1.42479086049961
"451",-5.86,0.73,-5.86,0.83,1.359326,9.604077,-1.1484446,0.2002995,35,35,-5.02273534756926,0.597519465832738,-6.3012019569269,0.877940433894601,1.42451192161614,8.48275899848122,-1.02144908469597,0.168885066608681,1.42451192161614,6.72026631618988,-5.66196865224808,0.737729949863669,1.42451192161614,8.89137821629183,-1.11107629575368,0.188544046440869,1.42451192161614,6.93743552223401,3.13673934727069,0.0834554124847464,-0.494131184144545,-7.42061022032524,-7.02840126645177,2.18703226968254,7.03283290596413,-3.91346958173902,0.47142108631453,-4.72635537775478,0.660002527381722,4.05388428,0.06983937,-0.796,0.02374687,112.406125099635,-175.257007070433,1268.49285914604,0.0658752813080752,0.0493459115458575,8.08866789776454,0.188111894011464,-1.20240197449951,-909.57134914308,-912.768601352784,-925.037466251721,-926.979362896887,1.91282339315585,-959.927331950409,1.04197679045188,1868.697941415,1887.24136485007,NA,2361.72871122165,0.487518394842322,1.09961908795317
"452",-5.86,0.73,-5.86,0.83,1.359326,9.604077,-1.1484446,0.2002995,35,35,-5.73775992171758,0.717693195944008,-6.11879168772482,0.782340932994523,1.28228145217072,10.1858926383456,-1.29119050881056,0.228603713969481,1.28228145217072,9.54121717251146,-5.9282758047212,0.750017064469266,1.28228145217072,10.2221889400223,-1.29734871916474,0.229648546445919,1.28228145217072,9.54847223311921,3.07931095924143,0.081698485387572,-0.48731866898226,-7.41967080780428,-7.41554808534738,2.14795210703241,9.09656381493783,-3.96761102336926,0.494895850095212,-4.44287367320536,0.570910154869809,6.14282025,0.14482968,-0.877,0.02303415,106.969276148757,-164.383309168677,1333.35573784029,0.812991277788909,0.782769651448402,7.59316279568246,0.150087104309583,-1.02672579766746,-904.964872035675,-905.086612145339,-921.067407099911,-921.115568478944,0.0468014379414764,-963.512857072168,9.32646298558916e-05,1859.48498720019,1879.30124654645,NA,2502.3281665119,0.466470699147142,0.998863363694445
"453",-5.86,0.73,-5.86,0.83,1.359326,9.604077,-1.1484446,0.2002995,35,35,-5.10937636231159,0.648913076940507,-5.95404777640659,0.810738358709488,1.34002952132333,9.92067756932069,-1.28674040958877,0.221770198406579,1.34002952132333,7.89697262704269,-5.53171206935909,0.729825717824997,1.34002952132333,10.099045018768,-1.32091270698581,0.228317053861482,1.34002952132333,7.94971926788065,3.26702648230634,0.0800476423159493,-0.496803151630834,-7.20106139920261,-7.08161966001593,2.23287626582345,7.31281149806782,-3.5756191809826,0.445611669848093,-3.72090558423024,0.517786845913487,3.89860006,0.08408163,-0.872,0.03082138,58.7550144420404,-67.9547857552435,1237.56925112773,0.36995634761097,0.36988099877106,9.8305038250447,0.211517357288364,-1.38117783590742,-906.942920786184,-907.738438782547,-919.989108709644,-920.402885742539,0.403145173907695,-966.208994149877,0.0914632456142091,1863.44108470121,1877.14464976592,NA,2407.18371650022,0.466404054740922,1.36922447251531
"454",-5.86,0.73,-5.86,0.83,1.359326,9.604077,-1.1484446,0.2002995,35,35,-6.93414087000074,0.845242778414615,-6.21845093741921,0.916198641962592,1.39307707151184,6.60193715631956,-0.750560482926345,0.136361095542779,1.39307707151184,7.14805315444928,-6.57629590370997,0.880720710188603,1.39307707151184,6.7299901762192,-0.737864883626616,0.137619779185739,1.39307707151184,7.97011998835242,2.84087101037474,0.0746848333565951,-0.441851814041731,-7.85614434970918,-6.71771774334434,1.84303178324239,9.2463018513639,-5.14120511030108,0.635091731793317,-4.77521749540561,0.704605426424711,4.32195514,0.08664433,-0.829,0.02349887,115.379620209813,-181.203997290788,1332.24381162312,0.0229106062422417,0.0220950791566787,7.45434085797919,0.15165626494002,-0.996143570151467,-902.79024971137,-906.833542996993,-923.345592949142,-930.073995094409,6.86060137873414,-926.517892223646,8.16689675178787,1855.13574255158,1883.85761824491,NA,2483.28362595545,0.448799874229541,1.0939551591274
"455",-5.86,0.73,-5.86,0.83,1.359326,9.604077,-1.1484446,0.2002995,35,35,-6.06563075544479,0.723207881021599,-6.30496559205072,0.889683888766283,1.41488245603502,9.36025871793336,-1.24208932387191,0.217614777760057,1.41488245603502,7.01802046688618,-6.18529817374775,0.806445884893941,1.41488245603502,9.37457900893665,-1.25205020090001,0.224543343048709,1.41488245603502,7.41172683719543,2.83524301148231,0.0724131810853174,-0.437725369928584,-7.71468657487322,-6.96220043630172,2.19126145419343,6.94300823373094,-4.12323572781797,0.503268021799466,-4.86368509660196,0.69027838506776,6.07565275,0.15981081,-0.902,0.02348567,105.23204033128,-160.908837533722,1309.82009388786,0.128099785885887,0.116325884047668,7.30608862730492,0.145874367126006,-0.98346398045853,-914.122769091852,-916.684516953626,-926.024673086374,-929.380138310481,3.33898289379473,-960.007063067066,3.87137069200526,1877.80078131254,1889.21577851938,NA,2458.731350242,0.426532740366401,1.00119043586189
"456",-5.86,0.73,-5.86,0.83,1.359326,9.604077,-1.1484446,0.2002995,35,35,-5.17578081597704,0.617342101285511,-5.7663901381001,0.764007036410441,1.31795253597129,9.38961451894586,-0.906541685916784,0.133827092217622,1.31795253597129,9.76686247605039,-5.47108547703857,0.690674568847976,1.31795253597129,9.47681936179051,-0.928197105395122,0.139204743016422,1.31795253597129,9.85637516998887,3.79534469770558,0.0979976491930239,-0.597343911585655,-7.45555755620507,-7.17237514731162,2.0139706883627,11.2559541851872,-3.65700848066056,0.436012175806186,-3.93126790988798,0.521335644264049,5.48341686,0.10599796,-0.845,0.02609377,81.6049260639504,-113.654608999063,1311.04431116053,0.51542207666268,0.522967330002318,7.14884699596676,0.125383586483356,-0.904514707997667,-900.999823573073,-902.211026950102,-929.272458933319,-929.852013620818,0.565333048634732,-954.516815750704,0.386615472455441,1851.55489027498,1895.71135021327,NA,2508.434013322,0.544589787124781,0.923552704651756
"457",-5.86,0.73,-5.86,0.83,1.359326,9.604077,-1.1484446,0.2002995,35,35,-6.61474894016042,0.887771532062977,-5.26678313356189,0.809034378992151,1.28488578193084,8.84294801489091,-1.0574657271187,0.179623265257763,1.28488578193084,8.37521594770236,-5.94076603686116,0.848402955527564,1.28488578193084,9.29720096883062,-1.0839994746308,0.181173150076187,1.28488578193084,8.91194781007549,3.01643345406092,0.0746037732970425,-0.457955960950418,-7.28337711078955,-6.40450688738862,1.88983827980298,9.37851481046566,-4.53912878981075,0.610611536249467,-3.3096467376112,0.514923932024089,4.13429401,0.09485719,-0.848,0.02767532,73.2145869949281,-96.8739308610189,1253.25198393494,0.0430934709025831,0.0335325555423027,9.40837272798499,0.187604553523233,-1.27549830773881,-895.78182532598,-898.336131173905,-913.358861732407,-917.255850840509,3.89300543528464,-933.111062264632,4.68637040283473,1841.1188937808,1863.88415581144,NA,2409.63003700886,0.444495936942589,1.25103199429982
"458",-5.86,0.73,-5.86,0.83,1.359326,9.604077,-1.1484446,0.2002995,35,35,-5.90241620420727,0.722603922900651,-6.61964495179173,0.9678881355009,1.25671022702054,11.0259739571639,-1.09504552059069,0.168660846044827,1.25671022702054,12.2345019561391,-6.2610305779995,0.845246029200776,1.25671022702054,11.1545782262543,-1.13902674274206,0.183701932282558,1.25671022702054,12.7264197628469,2.67375629391812,0.0643967584814102,-0.390569584682788,-7.55507024983419,-6.8109591308962,1.87202182110854,14.4958119200435,-4.77674942980537,0.596402100939322,-5.56901889517193,0.81327976791743,9.05175538,0.13648831,-0.872,0.02093745,123.91368291739,-198.272122705943,1389.42479018768,0.0323494932753461,0.0218683996700581,5.36358780566218,0.132010927595426,-0.781725870933857,-903.530557836428,-907.038146794277,-932.059642583723,-934.614308085256,2.52751565317563,-944.819487342894,2.27141927196983,1856.61635880169,1901.28571751407,NA,2580.57745766941,0.424838806685329,0.903867968847092
"459",-5.86,0.73,-5.86,0.83,1.359326,9.604077,-1.1484446,0.2002995,35,35,-4.94061519688127,0.643239824013243,-5.91097641984386,0.811388893087055,1.532701442799,10.8229727517557,-1.21968460178532,0.183475127334697,1.532701442799,7.46318840844381,-5.42579580836257,0.727314358550149,1.532701442799,11.0583729775131,-1.26047593586195,0.190543654692295,1.532701442799,7.50474947202344,2.97321288948872,0.0802265010342086,-0.471713159052389,-7.06610000664634,-7.03467258797032,2.31765765976892,8.12487420793645,-3.55715847156971,0.46470268634081,-3.85982780768347,0.523276988314139,4.89851851,0.09455772,-0.872,0.03059691,53.9597545754116,-58.3642660219858,1259.43883728034,0.821200135242301,0.802701669041283,9.21705681917886,0.180797558036732,-1.2471572493865,-930.983107162017,-931.923702136163,-949.403497788504,-949.746412795519,0.333934704867854,-978.601501589306,0.00555761183665897,1911.52145745287,1935.97342792364,NA,2460.5134085387,0.467224189264427,1.18720719864296
"460",-5.86,0.73,-5.86,0.83,1.359326,9.604077,-1.1484446,0.2002995,35,35,-6.77152089113891,0.820774606050264,-5.95060757825921,0.836696263108115,1.27354327578522,10.6131654329694,-1.19970397794484,0.200324609696759,1.27354327578522,10.8208412441747,-6.36106423469906,0.82873543457919,1.27354327578522,10.7816400997851,-1.19643640288437,0.200387984487626,1.27354327578522,11.3974760784379,2.59294428093316,0.0695681844914025,-0.409479673092956,-7.83929941016975,-6.9235289845836,1.95424927690595,11.9326109376227,-4.65854000343084,0.565632687709935,-4.148931902415,0.580234535493187,5.29985073,0.119692,-0.827,0.02246587,113.020479402652,-176.485715676466,1377.29533708986,0.20470401434768,0.179218525602647,9.55668797056804,0.172715451905568,-1.22763673236983,-905.792562545613,-907.777471592483,-927.412108093533,-930.7461191331,3.3171216768708,-949.022703743749,3.9486988845057,1861.14036822006,1891.99064853369,NA,2578.10495850325,0.408379223128861,1.24548295658115
"461",-5.86,0.73,-5.86,0.83,1.359326,9.604077,-1.1484446,0.2002995,35,35,-6.43480958230616,0.748824274949874,-5.38465658403906,0.703676474430347,1.19560424797635,10.3920670311825,-1.1265842286343,0.190701546057306,1.19560424797635,12.3580467566479,-5.90973308317261,0.726250374690111,1.19560424797635,10.6677723611249,-1.13843725315448,0.191211127030243,1.19560424797635,12.8084330882107,3.37727839129515,0.0812585876209548,-0.511653171265649,-7.9312495554594,-7.15007546979974,1.98426112426413,12.7863631161291,-4.22790979294222,0.482924891853778,-4.7907054758501,0.645777687878448,8.19769958,0.15448175,-0.869,0.02088207,123.566270108119,-197.5772970874,1401.45015652248,0.16273308451833,0.122298971450516,6.34108451630793,0.118324631044141,-0.805695301967695,-895.659463443978,-897.072024679181,-920.497875815401,-922.819113776391,2.29272071764788,-954.99409933371,2.65456937678828,1840.87417001679,1878.16218397743,NA,2605.32301595756,0.465750190295687,0.919233774086385
"462",-5.86,0.73,-5.86,0.83,1.359326,9.604077,-1.1484446,0.2002995,35,35,-5.33235375736132,0.668885007159271,-6.26559218824507,0.838241824258805,1.23954395487998,9.38410300710918,-1.13131813359579,0.200505011315633,1.23954395487998,9.96744202572665,-5.79897297280319,0.753563415709038,1.23954395487998,9.60183649932876,-1.17083070615814,0.207675444190154,1.23954395487998,10.0229161456632,3.77403207794132,0.100812539999399,-0.601566965720739,-7.30505120214159,-7.22930554117822,2.03488715398549,10.0005533302365,-4.00212782764676,0.523195292295718,-4.97718623337196,0.667669154974554,5.46763738,0.09956693,-0.837,0.02438897,98.3467066089992,-147.138170089161,1309.63347656474,0.402158806734193,0.370227256337358,7.22427038605759,0.158853825434597,-1.02718160562102,-896.424548310385,-897.344663213302,-915.537221776544,-915.890394435451,0.343948948791988,-953.265865738815,0.0305005464105313,1842.40433974961,1868.24087589972,NA,2472.12878304033,0.566194202353669,1.01417564409907
"463",-5.86,0.73,-5.86,0.83,1.359326,9.604077,-1.1484446,0.2002995,35,35,-5.59555575278715,0.665773656738272,-5.8433692846279,0.910959299921304,1.28674863475966,6.5405575220714,-0.677631326691211,0.126940796074362,1.28674863475966,8.96085805979063,-5.71946251870752,0.788366478329788,1.28674863475966,6.55591040871224,-0.692821406739668,0.141969795980132,1.28674863475966,10.0651301278793,2.43050770428642,0.0603096692450298,-0.36812715877667,-7.58678981825218,-6.37385073465146,1.84015242268668,11.004757189918,-4.01419879522279,0.489247627752109,-4.27226396856513,0.660534490335626,4.60972187,0.09931145,-0.815,0.02353093,104.162688100881,-158.770133072924,1293.77961372103,0.0152413295626474,0.0127856830948746,5.50658077024593,0.131631947971686,-0.772322894951129,-891.665617870325,-897.31242467559,-917.955363208048,-925.314849277729,7.53855743945912,-931.678346019211,7.92533746303882,1832.88647886949,1873.07715876272,NA,2428.78909436915,0.364604806385049,0.980921243142634
"464",-5.86,0.73,-5.86,0.83,1.359326,9.604077,-1.1484446,0.2002995,35,35,-5.63530767005808,0.698062794439305,-5.44294943894942,0.875375299179263,1.50552869143912,11.0457394536921,-1.48378760733245,0.256548490032261,1.50552869143912,7.26118368030107,-5.53912855450375,0.786719046809284,1.50552869143912,11.0549898759609,-1.47526072739114,0.264408421116551,1.50552869143912,8.21387554845333,2.25767869323861,0.0591128211340367,-0.347049103151466,-7.43417140855448,-6.18543115732884,2.42381748011097,6.75971601593212,-3.84425864157924,0.48430630449621,-3.67629859704627,0.600911030303386,6.24722173,0.16200217,-0.905,0.02868123,58.7371242187064,-67.9190053085754,1265.45181021319,0.00622983998715021,0.00524525436311977,8.39437476028526,0.181084893915541,-1.14932289703889,-932.602886769975,-937.890569870808,-943.329943861808,-950.969931438593,7.84186014273346,-983.902205342811,9.86609838936327,1914.76101666879,1923.82632007024,NA,2462.9846151178,0.368410855801011,1.2908693968436
"465",-5.86,0.73,-5.86,0.83,1.359326,9.604077,-1.1484446,0.2002995,35,35,-5.67673241373177,0.705939524412629,-6.84687195861069,1.00357580703767,1.43573944972422,12.9829534771897,-1.45182745006836,0.221910601088565,1.43573944972422,10.0533642096794,-6.26180218617123,0.854757665725151,1.43573944972422,13.3252601158121,-1.53889644614095,0.244057440272279,1.43573944972422,10.4121623822553,2.83619890315866,0.0741286170168518,-0.44197568796929,-7.42866863330705,-6.82556822559115,2.22144139327839,10.8654327550954,-4.41900718838433,0.564052132183148,-5.14926577290382,0.753372929146567,10.81756595,0.19128148,-0.909,0.02135425,112.655100533038,-175.754957937238,1363.30025314684,0.0985540880402645,0.095718703622827,6.83389232114347,0.156996098634039,-0.981356781479896,-931.467079475284,-935.092916089013,-952.082922774204,-954.319060687838,2.20731672930796,-977.405193011318,1.6421308614149,1912.48940207941,1941.33227789504,NA,2550.84554835644,0.437948931775718,1.0294216213561
"466",-5.86,0.73,-5.86,0.83,1.359326,9.604077,-1.1484446,0.2002995,35,35,-6.10314604571297,0.758104969653399,-5.71705003271126,0.735568825057295,1.33257462290681,7.22147631329855,-0.7546538390644,0.138506021673548,1.33257462290681,9.18597758116264,-5.91009803921211,0.746836897355347,1.33257462290681,7.25874384611249,-0.756829117958644,0.138632991126862,1.33257462290681,9.22846707681468,2.551813876319,0.0669976556349969,-0.394123068387218,-7.54429404138625,-7.29246254621419,1.93328894899717,11.0789216310339,-4.23321395535807,0.514956989194538,-4.23875468553132,0.549617250806919,4.56336693,0.08714695,-0.806,0.02121136,132.633658215815,-215.712073302793,1335.60489333182,0.760295368365934,0.75698337466499,7.37190077271271,0.147445513541683,-0.998333741117433,-902.233164168279,-902.43098736393,-928.09337822572,-928.38476690078,0.283653255793706,-943.990602900507,0.323178244365484,1854.0215714654,1893.35318879807,NA,2455.49771336084,0.412259169690196,0.991463312153222
"467",-5.86,0.73,-5.86,0.83,1.359326,9.604077,-1.1484446,0.2002995,35,35,-6.22586124552873,0.887127559039099,-6.7098100919568,0.932099204625226,1.40235141013544,4.66176339332534,-0.612030757301154,0.139486052230927,1.40235141013544,6.67482335010013,-6.46783566874276,0.909613381832162,1.40235141013544,4.72031501481511,-0.617471751301999,0.139991664457608,1.40235141013544,6.70714480536522,2.17918524544426,0.058860349694927,-0.348097267952258,-6.89832604079333,-7.11434546012358,1.84138397773619,8.58153930480137,-4.60786921070536,0.667248472962186,-5.33561430544216,0.748797276539542,1.81149122,0.0527161,-0.681,0.02691943,95.5227425298356,-141.490241930834,1270.35339365466,0.427500817841332,0.400799421424015,7.3867700070143,0.164692413602303,-1.06463812206371,-899.202808338783,-899.541505945549,-920.782900217477,-921.077076512156,0.286372579246077,-923.950995724873,0.314740698748984,1847.9608598064,1878.73223278158,NA,2399.21654537848,0.334423422697727,1.01845725311201
"468",-5.86,0.73,-5.86,0.83,1.359326,9.604077,-1.1484446,0.2002995,35,35,-5.53036566555153,0.660140558589325,-6.29258053229877,0.902746362402921,1.41594212018768,8.27105822828263,-0.976975245709817,0.196982983990401,1.41594212018768,10.1891982015376,-5.91147309892515,0.781443460496123,1.41594212018768,8.41630110405526,-1.02320468331629,0.211697378001412,1.41594212018768,10.5699931918578,2.40737895728357,0.0652274954630452,-0.38225096179459,-7.55516027211222,-6.87199253879655,2.1847880607358,11.2521570963661,-3.62775107516975,0.444483104597024,-4.23704716387001,0.602273072737483,5.04865233,0.10997386,-0.828,0.02806519,66.1291468018323,-82.7030504748273,1363.16492146644,0.206796633779631,0.182985707602297,8.36879225964213,0.19319983056092,-1.19262639260109,-925.646587798895,-928.043859591772,-949.536106055838,-951.87873208582,2.31420150714773,-974.451564139552,2.07481692920731,1900.84841872663,1936.2386444583,NA,2643.62679245805,0.381400857737949,1.3103236569018
"469",-5.86,0.73,-5.86,0.83,1.359326,9.604077,-1.1484446,0.2002995,35,35,-5.56786526633144,0.7199298992906,-5.33686038365333,0.796306337786444,1.24952096946765,7.98786816237991,-0.823308668429525,0.143776628954666,1.24952096946765,10.2133593054185,-5.45236282499238,0.758118118538522,1.24952096946765,8.0012089763352,-0.818897835876,0.145234969043994,1.24952096946765,10.5533125652248,2.95105622524158,0.0651036809867274,-0.428904856023793,-7.23645045267045,-6.55041451335081,1.85324966278749,12.0672608383296,-3.94278208961861,0.519197395080591,-4.10336980879012,0.623198317031528,3.97510944,0.08073502,-0.782,0.02543109,90.4927266500356,-131.430210171234,1256.52083410319,0.202161709223542,0.172160911646208,6.78545829960746,0.133065705999251,-0.886884015373314,-892.535361520069,-893.898176299897,-919.053553745759,-921.144197225096,2.06154293617017,-936.384193586173,2.312715476751,1834.62596616898,1875.27353983815,NA,2381.61145803515,0.382310853716983,0.992155741640254
"470",-5.86,0.73,-5.86,0.83,1.359326,9.604077,-1.1484446,0.2002995,35,35,-5.76561243163199,0.675812440060995,-5.6982618104411,0.837964127191597,1.24669756640152,9.16077486650756,-1.13561617688402,0.198483477961671,1.24669756640152,8.92363904034932,-5.73193712103655,0.756888283626296,1.24669756640152,9.16190889305127,-1.13288592267017,0.205056770371496,1.24669756640152,9.72004338800966,2.98454126898947,0.0802421785352552,-0.470494376403917,-7.69703802379431,-6.66362961064106,2.02945793985706,8.83906703022277,-3.8760888146436,0.446039210908496,-4.29147779350817,0.618375872828052,6.23355637,0.13448282,-0.884,0.02393045,101.469565727696,-153.383888326554,1296.57989205933,0.0288614498652037,0.0259420616338245,6.5666689180393,0.151807130222106,-0.931056506683026,-893.284023272631,-897.039360149522,-909.946296306396,-915.349982023941,5.45722143063727,-948.705852020492,6.36439275696653,1836.1232896741,1857.05902495942,NA,2439.77589579211,0.475854036655831,1.04955201093839
"471",-5.86,0.73,-5.86,0.83,1.359326,9.604077,-1.1484446,0.2002995,35,35,-6.16102952574527,0.810110992708486,-6.27835720899817,0.940546236667628,1.2699067579972,9.72144150122733,-1.24786603972654,0.206380829388897,1.2699067579972,7.44733900585974,-6.21969336737172,0.875328614688057,1.2699067579972,9.72488294754171,-1.2516919559736,0.210634167605567,1.2699067579972,7.77704584957487,3.0959473353657,0.08421635927464,-0.498051123928807,-7.2923390936452,-6.63256734609322,1.94011586160687,7.51261902815025,-4.4320713108237,0.584142479268283,-4.28387976600587,0.636775515006074,4.68031058,0.09200655,-0.885,0.02743977,81.7696026312275,-113.983962133618,1246.82828262033,0.151076050558932,0.146027337270719,8.377068761304,0.192656160610869,-1.22057002197688,-891.129613194066,-893.257033528527,-903.190637280515,-905.870825714746,2.65409797772729,-932.607304138301,3.13648725022027,1831.81446951697,1843.54770690766,NA,2379.67260310703,0.471204511498979,1.19830182137927
"472",-5.86,0.73,-5.86,0.83,1.359326,9.604077,-1.1484446,0.2002995,35,35,-6.13653459313463,0.787291250653284,-7.05444902477673,1.01782051073037,1.44130356012631,8.09460891911291,-0.796813746512081,0.155020550733977,1.44130356012631,10.9186926277737,-6.59549180895568,0.902555880691828,1.44130356012631,8.30525064506712,-0.849715280197214,0.168306485671899,1.44130356012631,11.1266067702515,1.93713377635131,0.0574999975086129,-0.316910349107649,-7.40379827913906,-6.94827903325541,1.96816680860499,14.3236294926548,-4.83078838773946,0.632834787009274,-4.98850841022184,0.709238005853961,7.91527409,0.14930963,-0.86,0.02089343,122.177709245508,-194.800175362179,1407.84529158415,0.538317347580122,0.494859382218123,5.99689840968829,0.136744626494923,-0.84129143607516,-928.127634932628,-930.258189780577,-958.306688417419,-959.517266207804,1.18621749297766,-956.698869060501,0.818722784718462,1905.81051299409,1953.77980918147,NA,2620.89040780612,0.3510995718084,0.962566795423849
"473",-5.86,0.73,-5.86,0.83,1.359326,9.604077,-1.1484446,0.2002995,35,35,-7.23504665926647,0.897442030102463,-4.85401605891262,0.688356229229514,1.17042386248407,11.9694776598753,-1.27998559503668,0.203251207405204,1.17042386248407,13.3023725836944,-6.04453135908954,0.792899129665989,1.17042386248407,13.3868043398306,-1.40444551753117,0.214180425436875,1.17042386248407,14.3490461235798,2.14648327077025,0.0578806385779175,-0.336749767140583,-7.8460605050093,-6.71070900116288,1.93217843042906,13.8514249251963,-5.70899831731447,0.725040815621358,-3.75738814576709,0.538739935292849,7.71336236,0.15690433,-0.864,0.01634369,170.074825717596,-290.594408306355,1380.41336078036,0.0285232060944615,0.030999346708585,8.66603492062013,0.133749612089059,-1.02288344422476,-894.938504411795,-898.662967028822,-920.064321875212,-925.008274306031,4.97636320797262,-951.082016073425,5.34554865297894,1839.43225195243,1877.29507609705,NA,2470.23231325436,0.351131584447819,1.10934342747051
"474",-5.86,0.73,-5.86,0.83,1.359326,9.604077,-1.1484446,0.2002995,35,35,-4.96962337155588,0.579163933036891,-5.03402092906605,0.70317664902332,1.31704413469051,8.89800429267986,-1.10247634943256,0.204993564488505,1.31704413469051,9.45608469420857,-5.00182215031096,0.641170291030106,1.31704413469051,8.89904105403318,-1.10447287843499,0.208838352920088,1.31704413469051,9.78423399204663,3.09770707557157,0.0850779052857788,-0.498712510029931,-7.47685575885173,-6.80241764526208,2.31741347592153,8.74387126537044,-3.81283504271884,0.452286443495287,-3.49865933050077,0.485938259156789,5.00276455,0.12757036,-0.84,0.02288272,108.251555375851,-166.947867622865,1283.07252377407,0.266043656483603,0.272291652364829,6.48059576258195,0.132445846474412,-0.874754399853159,-908.078996333315,-909.592877015814,-927.053300379388,-929.216382675782,2.13408296753254,-980.872890995818,2.39715494142057,1865.71323579547,1891.2730331054,NA,2399.19717992527,0.482957303591014,0.927409118576117
"475",-5.86,0.73,-5.86,0.83,1.359326,9.604077,-1.1484446,0.2002995,35,35,-6.65593011015536,0.837651557194072,-6.03627241203294,0.861552326738185,1.34537464466122,9.58866226940733,-1.08546149388127,0.184514270920786,1.34537464466122,9.5547739371141,-6.34610126109415,0.849601941966129,1.34537464466122,9.68465618511793,-1.0817589199215,0.184657082616987,1.34537464466122,9.93340659903511,3.01770781516639,0.0804330422896221,-0.482949750114905,-7.62316012151689,-6.8611078232483,1.95957780675527,11.1323860933328,-4.95043988986622,0.639450156913233,-4.50743198434964,0.657148657509786,7.11494008,0.14207601,-0.882,0.02451161,93.9223725469551,-138.289501965073,1348.97321890775,0.222273054236679,0.203768120994763,7.42969809843957,0.139170935374873,-0.953320524782636,-911.699712896876,-913.178691969947,-932.925127230937,-935.39225373691,2.43937209494311,-947.454241853743,2.9067506686151,1872.95466892259,1903.0166868085,NA,2559.65693585044,0.442564676486149,1.05015942239835
"476",-5.86,0.73,-5.86,0.83,1.359326,9.604077,-1.1484446,0.2002995,35,35,-6.18165344355675,0.844567600522589,-6.04866388270171,0.879793953826641,1.34340188273368,7.07220326341415,-0.911159821518168,0.180776370617874,1.34340188273368,8.05318275700792,-6.11515866312923,0.862180777174615,1.34340188273368,7.07662481923825,-0.90998863720406,0.181086594609649,1.34340188273368,8.1318011250778,2.91764972930417,0.0703195460616098,-0.437810559947472,-7.10767945843021,-6.7648204001065,1.93628204423555,9.20856408020216,-4.77526774770166,0.656942549485596,-4.61340225140754,0.668354509484772,4.68635753,0.10997523,-0.834,0.02432133,98.8442671552309,-148.133291181624,1271.32975500709,0.755424180432668,0.741853758184731,5.9424364054972,0.133536580923594,-0.85522198779378,-903.111413145393,-903.481778344126,-921.823281245345,-922.428541067125,0.590515973469522,-938.481392951476,0.707693065399998,1855.77806941962,1880.81299483732,NA,2394.52621883256,0.420254155796723,0.840675249738354
"477",-5.86,0.73,-5.86,0.83,1.359326,9.604077,-1.1484446,0.2002995,35,35,-5.55008691792248,0.726925030170486,-5.41136593366214,0.744358752498462,1.19364293171121,12.7019137714311,-1.41897635207183,0.208343210291438,1.19364293171121,10.9030063291676,-5.48072642579231,0.735641891334474,1.19364293171121,12.7067246492996,-1.41837174629166,0.208419193959991,1.19364293171121,10.9467109298332,3.09309335639165,0.0812874995905951,-0.487013185527698,-7.17699692460784,-6.93441033403849,2.01831583968603,10.652316207033,-3.68854531863768,0.486535856050529,-3.71471134759751,0.514362297884723,6.8745506,0.1354058,-0.879,0.0268681,67.4168600410831,-85.2784769533287,1277.23006611753,0.866121787385744,0.865085618539236,7.65320724433573,0.137314679432223,-0.99457634052182,-891.170931874486,-891.353840047087,-912.022681263216,-912.279231513924,0.249677498530511,-953.277093567985,0.297768774018578,1831.89710687781,1861.21179487306,NA,2469.18165528174,0.465668951569319,0.938018858463288
"478",-5.86,0.73,-5.86,0.83,1.359326,9.604077,-1.1484446,0.2002995,35,35,-7.0230023699585,0.927992834186828,-5.94608068510273,0.7818050818427,1.16076662369779,11.7571448375534,-1.4134392520044,0.237402343894017,1.16076662369779,11.8946444203453,-6.48454152753062,0.854898958014764,1.16076662369779,12.0470849163816,-1.45279744214433,0.242745058627874,1.16076662369779,11.9675414142955,2.74133539570488,0.0727425292964099,-0.429128299753871,-7.45200243059255,-7.24602954522576,1.94245815146023,11.6405547993014,-5.31156057570134,0.710054175516152,-3.9720600703578,0.525736603899747,5.95027921,0.15510037,-0.863,0.02060952,126.77669951014,-203.998155891443,1357.53656315428,0.228190361125135,0.173223276531405,10.0637367143462,0.180523053935534,-1.31468732787843,-892.303709133885,-893.020396355222,-910.781489732622,-911.176104721698,0.384422821368551,-946.740534621531,0.205612380052827,1834.16266139661,1858.72941181187,NA,2511.07497041712,0.43331213794731,1.20679176040677
"479",-5.86,0.73,-5.86,0.83,1.359326,9.604077,-1.1484446,0.2002995,35,35,-6.0664861159963,0.796447841509348,-6.73272589117565,0.892653121716976,1.26078588930425,8.41303474039821,-0.893205010261403,0.137201218115267,1.26078588930425,8.29609077137308,-6.39960600358598,0.844550481613162,1.26078588930425,8.52400359990597,-0.909228956325553,0.139515082100224,1.26078588930425,8.31841749458098,2.93800487198487,0.0778097575647212,-0.462269157504081,-7.27919720312962,-7.37227081385429,1.74580214749837,10.3074912521507,-4.22505505966717,0.562111765700415,-5.34824606432765,0.710877305188407,5.45066912,0.09922316,-0.868,0.02509289,97.3560115180636,-145.15677990729,1310.07540042501,0.351082397214756,0.314551740559902,6.9943120098829,0.130272529155222,-0.924117836428799,-885.675805912864,-886.073232284392,-908.126594602975,-908.294514308581,0.163317809117423,-916.688634662152,0.0522202326505374,1820.90685495457,1853.41962155258,NA,2474.99402094273,0.453051927820386,0.875557822145516
"480",-5.86,0.73,-5.86,0.83,1.359326,9.604077,-1.1484446,0.2002995,35,35,-5.91120686783137,0.826494921189719,-6.47945557308418,0.94709045879052,1.31001304645787,5.59961494382428,-0.621213516870511,0.131821428575554,1.31001304645787,8.57979737120788,-6.19533122045777,0.88679268999012,1.31001304645787,5.68034159157965,-0.638345581395742,0.13545724949786,1.31001304645787,8.61954393665532,2.64626569479374,0.081840879498214,-0.44304622074362,-6.94490522950622,-6.79467692821817,1.74937672058104,11.2590077615538,-4.46631298473066,0.628160484639323,-4.93493263226697,0.722470552152637,4.34871549,0.10281701,-0.807,0.02528589,89.9257022135873,-130.296161298337,1284.69553036956,0.660158100700093,0.601602296179183,5.43586806137033,0.123895241389307,-0.785062964222271,-893.64965292116,-894.271985292252,-919.614920698707,-919.904749762257,0.282131901719449,-920.017609451564,0.125230989281625,1836.85454897116,1876.39627374404,NA,2439.09489944079,0.493452540223082,0.786250885495978
"481",-5.86,0.73,-5.86,0.83,1.359326,9.604077,-1.1484446,0.2002995,35,35,-5.93071977305007,0.748356755286235,-6.76097888572619,0.935560590559752,1.32384279679441,7.81723683645058,-0.994271670487518,0.207602332784994,1.32384279679441,10.2212022400869,-6.34584932938813,0.841958672922993,1.32384279679441,7.989569384996,-1.03312859302846,0.216363651770273,1.32384279679441,10.3337405288037,4.2126012167553,0.105957719774248,-0.652120755979006,-7.4299451073793,-7.14489221219725,2.03898472379147,11.1115981000446,-4.93588778552431,0.640675672178463,-4.86505219558293,0.677491962075497,5.56952663,0.12443418,-0.84,0.02219409,117.55414511389,-185.553047098943,1363.03344764668,0.639026362764283,0.611286617204775,6.53138359637939,0.152738839084868,-0.941843823966367,-910.906569966038,-912.016512129621,-933.258220128672,-933.956758419303,0.681977159755962,-957.126344157363,0.391545692798898,1871.36838306091,1903.68287260397,NA,2540.51384819441,0.601155490458762,1.01169163175376
"482",-5.86,0.73,-5.86,0.83,1.359326,9.604077,-1.1484446,0.2002995,35,35,-5.08172662460404,0.657753239238839,-5.95802146800978,0.801955305779073,1.33798911932253,15.7626074970517,-1.89109671352591,0.29529411412062,1.33798911932253,11.6684945877038,-5.51987404630691,0.729854272508956,1.33798911932253,15.9545806601966,-1.92268759535533,0.300492673119239,1.33798911932253,11.7032268046662,2.9773570625066,0.0742739419577358,-0.455975021451171,-7.12074426208875,-7.13792050818957,2.44466127746867,10.1723147824364,-3.42907954433907,0.447273601948556,-4.54850699271405,0.627790789295165,8.52448265,0.17919213,-0.89,0.02400793,85.8483466847812,-122.141450240725,1333.26915882109,0.365538785243467,0.366377895728537,9.07997321856768,0.172801499889837,-1.21065065146018,-927.55242662599,-928.042645641528,-944.354271443067,-944.545922349876,0.186430261077282,-998.757351344052,0.00128540981698473,1904.66009638082,1925.87497523276,NA,2544.39686740146,0.433839418602057,1.15347366108925
"483",-5.86,0.73,-5.86,0.83,1.359326,9.604077,-1.1484446,0.2002995,35,35,-5.41960827581639,0.683152186040794,-6.74193919214414,0.917510342117313,1.47703688087374,9.83344253624,-1.1787325141202,0.202048803878059,1.47703688087374,8.22992570679824,-6.08077373398027,0.800331264079054,1.47703688087374,10.2705822993091,-1.25620727293859,0.215779740207956,1.47703688087374,8.31580246320687,2.89816602195752,0.0791444242384868,-0.462543532778384,-7.30730556073577,-7.23339122797584,2.23457228505759,8.93325338690207,-3.6729945445811,0.463120350357723,-4.44596217103454,0.605150810003205,5.88669136,0.12999437,-0.88,0.02749121,71.4473954720227,-93.339547815208,1330.28117969671,0.43536681188505,0.370606539833826,9.268513421494,0.186799803316938,-1.26799926573459,-928.822262602924,-930.475945988344,-946.410754700653,-947.059035087291,0.632683254588443,-972.628173659364,0.029289931834506,1907.19976833469,1929.98794174793,NA,2567.22281157822,0.460010527411481,1.22041165791495
"484",-5.86,0.73,-5.86,0.83,1.359326,9.604077,-1.1484446,0.2002995,35,35,-6.28055295676446,0.753730927745873,-5.16825207546372,0.721872261023567,1.19975859692005,11.7610718268105,-1.50091076465087,0.252383491183905,1.19975859692005,10.1412296809105,-5.72440251611409,0.73780159438472,1.19975859692005,12.0703751394461,-1.50976987041894,0.252637234845236,1.19975859692005,10.7637535679527,3.4897447472346,0.091298766758578,-0.547612597398609,-7.74776036225277,-6.82526517322229,2.15208883681374,8.77962878984525,-4.13130617697276,0.498052316859339,-3.99108488123101,0.568782977642618,6.20200577,0.16583353,-0.878,0.02225392,109.912898182772,-170.270553236707,1312.99724096035,0.180607873656459,0.160539329398787,8.36593551817176,0.145864881000035,-1.05624946387817,-894.622635967997,-897.042816170528,-908.645054152831,-912.450986338928,3.79954686612396,-962.867970736234,4.81163434413395,1838.80051506483,1854.45654065229,NA,2455.72392868399,0.525870536782734,1.07562491941403
"485",-5.86,0.73,-5.86,0.83,1.359326,9.604077,-1.1484446,0.2002995,35,35,-4.82382600790603,0.55828485280928,-6.66594284143574,0.961461483560397,1.4734364129014,11.8411163737623,-1.37772830511117,0.217153200425656,1.4734364129014,8.75132202927885,-5.74488442467089,0.759873168184839,1.4734364129014,12.6894649808557,-1.56340291970927,0.257791049321612,1.4734364129014,9.18266870396656,3.39810881451258,0.0933297906011285,-0.54836999860707,-7.4554505523223,-6.8955453497782,2.40818508809705,8.71754760158186,-3.55791874817025,0.423901695300159,-4.46885371973704,0.652763167111199,5.1034963,0.09118498,-0.83,0.02944674,60.0509339182005,-70.5466247075636,1325.47165810495,0.0228658790278402,0.0130555272479153,10.9161912802136,0.249250208646038,-1.58974673056914,-931.805859534742,-937.287041333892,-949.659437347866,-952.689335538686,3.00795869428724,-990.191526288381,1.59415089620383,1913.16696219832,1936.48530704236,NA,2580.39669150233,0.52489794905446,1.53588742269515
"486",-5.86,0.73,-5.86,0.83,1.359326,9.604077,-1.1484446,0.2002995,35,35,-5.83039326081845,0.692161773762333,-6.23354839555527,0.866345671635663,1.27393480536901,11.6343717255866,-1.47789521519626,0.233678701073232,1.27393480536901,8.00152537003322,-6.03197082818686,0.779253722698998,1.27393480536901,11.6750052412528,-1.49545099840029,0.241263708642819,1.27393480536901,8.33104880508654,2.49128453453948,0.0635113512693787,-0.385283362896745,-7.66441375350222,-7.02982629824442,2.1332423132917,7.20635851740768,-4.10045887840732,0.489062310991655,-4.87983277771705,0.679222159883789,7.30343251,0.14992356,-0.92,0.02513854,94.2166472036203,-138.878051278403,1299.28190959202,0.0680264871962404,0.0596791489417798,7.25450282894949,0.155169333062324,-1.01141248708382,-896.708874115311,-899.142053710856,-908.414508419604,-910.931244468551,2.48931071818366,-954.574249775918,2.73740622617028,1842.97299135946,1853.99544918584,NA,2459.68576790564,0.370420055038763,1.02556732856184
"487",-5.86,0.73,-5.86,0.83,1.359326,9.604077,-1.1484446,0.2002995,35,35,-5.12270678861764,0.597698546492501,-5.86118056091427,0.880678302186265,1.30635936963572,8.96200609637658,-1.00264077197985,0.176746063332014,1.30635936963572,10.0135642341344,-5.49194367476596,0.739188424339383,1.30635936963572,9.09834197446908,-1.05488405389754,0.196765448865139,1.30635936963572,10.7510431041549,3.52914167011491,0.0916720139412404,-0.556236516393136,-7.51951474514342,-6.57206835963507,2.09098078335089,10.6340513143927,-3.62444340412629,0.426436665995471,-3.93950338473855,0.587959102814934,4.7420502,0.1178487,-0.834,0.0228928,108.917016118908,-168.278789108979,1299.98519984127,0.0481842131670975,0.0467888861243809,7.90628665319581,0.172660845928028,-1.09194883844207,-905.892239948992,-910.392692413964,-928.693634531982,-933.230641561615,4.55334550153784,-961.887791644448,4.39111924980651,1861.33972302682,1894.55370141059,NA,2431.69161057357,0.512092817068017,1.21334008787861
"488",-5.86,0.73,-5.86,0.83,1.359326,9.604077,-1.1484446,0.2002995,35,35,-6.22291023835803,0.75647821455994,-7.24236667180406,0.999330620207333,1.2524110199251,7.27810824343439,-0.800226949811719,0.138977398280416,1.2524110199251,8.46477132126979,-6.73263845508105,0.877904417383636,1.2524110199251,7.53793109835801,-0.86212131164049,0.153721721012598,1.2524110199251,8.6970471278329,2.82545798041164,0.0739350864823909,-0.437587343205252,-7.67375001992303,-7.2463546633935,1.75209341498464,10.4059249149188,-4.31832793356236,0.528132989157308,-5.38269166790743,0.744360659265311,3.89086368,0.10635023,-0.827,0.02203453,127.693950239056,-205.832657349274,1348.27575185085,0.114105916805494,0.0886670187440965,8.71471861449327,0.169939131395438,-1.17813737529833,-885.456681864816,-888.282934944334,-907.752519766067,-909.449655446955,1.66879413248965,-917.873305498374,1.08772420904048,1820.46860685847,1852.67147187876,NA,2490.71884635243,0.447984961969681,1.11052929280919
"489",-5.86,0.73,-5.86,0.83,1.359326,9.604077,-1.1484446,0.2002995,35,35,-6.28300050436376,0.768888139473549,-4.99146281253999,0.781389859866496,1.29765187689835,8.01619854182388,-0.831417467654352,0.132533582829939,1.29765187689835,8.49696806581795,-5.63723165845187,0.775138999670023,1.29765187689835,8.43321594417425,-0.827380856879318,0.132572656083135,1.29765187689835,9.75547659556633,3.26307253328465,0.0796870428933202,-0.492085069610153,-7.65990516460741,-6.29388545775032,1.84031873592218,10.4075457668753,-4.64981212448507,0.562240441424235,-3.59114850262118,0.562803979646209,4.47808224,0.07778345,-0.807,0.0243157,102.926074278277,-156.296905427716,1289.42059441453,0.00420602794669258,0.00467616691565173,7.04503302524194,0.136295978170516,-0.905322956097328,-892.679050844345,-897.775945452278,-916.684276799324,-925.395250322156,9.0111474977903,-929.914509626239,10.577319512291,1834.91334481753,1870.53498594528,NA,2422.54428340134,0.47728711374432,1.05939532084213
"490",-5.86,0.73,-5.86,0.83,1.359326,9.604077,-1.1484446,0.2002995,35,35,-6.84832855548261,0.897379790506173,-5.78685133478401,0.851086691421963,1.25503372316526,7.28485568984404,-0.797440709316067,0.1354676972947,1.25503372316526,8.18621186428423,-6.31758994513331,0.874233240964068,1.25503372316526,7.56653916235956,-0.809725476854428,0.136003460050405,1.25503372316526,8.62037323615251,2.58305396298201,0.0810454135246505,-0.44426356249594,-7.45971320863441,-6.67403829302294,1.70490964199514,10.375656560518,-5.16154678078197,0.687345796338131,-4.33108900014396,0.633779130333437,4.79736622,0.08989369,-0.837,0.02528329,93.9108577119765,-138.266472295116,1284.08366495195,0.251426545159208,0.217252019512564,6.69369898202652,0.133160716624277,-0.904306448164588,-884.247275360614,-886.240943291341,-906.173935333912,-909.40649420195,3.2138354441647,-911.091997958793,3.78751967654207,1818.04979385007,1849.51430301445,NA,2429.90085760879,0.45526080577547,0.897103811346062
"491",-5.86,0.73,-5.86,0.83,1.359326,9.604077,-1.1484446,0.2002995,35,35,-6.00413729402799,0.737579883727968,-5.68865166205734,0.816102132321534,1.18068537351452,6.37620568401452,-0.528204810316105,0.0850982265059844,1.18068537351452,9.83896962642893,-5.84639447804267,0.776841008024751,1.18068537351452,6.4010884800095,-0.522011650010779,0.0866396623870318,1.18068537351452,10.3052818240223,2.5843207963713,0.0633484511453806,-0.390760237802927,-7.56756844037234,-6.78426757046882,1.58498382754759,13.4488285998901,-4.40545002605255,0.544638734908019,-4.59643086768695,0.666111715961187,4.08823347,0.06667378,-0.733,0.0192239,150.393619973276,-251.231996817715,1292.62131966359,0.113388607572305,0.103730185446499,5.30334926273868,0.103528432746113,-0.698028826636504,-868.587912224339,-870.575398951854,-902.793535215672,-905.742081934717,2.92548374331007,-901.592028303631,3.18820842145558,1786.73106757752,1842.75350277797,NA,2334.01064250946,0.377845787418602,0.749476254172715
"492",-5.86,0.73,-5.86,0.83,1.359326,9.604077,-1.1484446,0.2002995,35,35,-6.32882760975696,0.804514179920666,-6.37216204695539,0.91381608609478,1.49062358244427,11.2555760284677,-1.43891648904197,0.252853171726178,1.49062358244427,8.75186576735854,-6.35049482835618,0.859165133007723,1.49062358244427,11.2560454968295,-1.44010062318916,0.255839898399502,1.49062358244427,8.98657010121124,2.87715049371192,0.0796972710991503,-0.463307586381337,-7.49348153996053,-6.8856235042074,2.30750312756086,9.00499809492292,-4.13659065170667,0.5206794560146,-4.71156433784204,0.678608366937021,6.49009601,0.13803698,-0.879,0.02770801,68.8823032158512,-88.2093633028649,1355.4812375449,0.172701010985796,0.143997598554724,9.59324047334511,0.214179639293727,-1.37327603634541,-937.499469638148,-938.70360940084,-952.50464850007,-954.169428612778,1.63659909628832,-980.748528969003,1.90454824074762,1924.55418240513,1942.17572934677,NA,2622.75311178693,0.45892785814779,1.36293211134922
"493",-5.86,0.73,-5.86,0.83,1.359326,9.604077,-1.1484446,0.2002995,35,35,-5.85389852269954,0.668519911970025,-5.87056967730923,0.817327052463949,1.13922056547956,6.12340136175186,-0.834402237276902,0.167837744516414,1.13922056547956,7.87956649587931,-5.86223410000438,0.742923482216987,1.13922056547956,6.12347084360086,-0.835022433988451,0.173373635781909,1.13922056547956,8.5039598454432,3.23276683271144,0.0865469024257656,-0.517738426647829,-7.82877111014173,-6.95888782848454,1.84879539820487,7.71287512438566,-4.3476788491889,0.509144645843689,-4.07623464402089,0.56510310253849,3.40017149,0.08220183,-0.836,0.02474593,108.220282266794,-166.88532140475,1280.29059922231,0.0685986143923958,0.0630424280920146,6.43107687614601,0.144237299151283,-0.899670883094056,-863.104538439881,-866.141854643878,-880.076929863432,-884.833835850414,4.78162394414731,-921.608846628183,5.59008727903338,1775.7643200086,1797.32029207349,NA,2393.69587703988,0.478757901709515,1.00363190120535
"494",-5.86,0.73,-5.86,0.83,1.359326,9.604077,-1.1484446,0.2002995,35,35,-6.6003132601359,0.928585656478685,-5.90876374976489,0.882892915664205,1.42336252015937,9.8540608343427,-1.32185113979576,0.218075568464786,1.42336252015937,5.89654457352947,-6.2545385049504,0.905739286071445,1.42336252015937,9.97362101566629,-1.3297508379302,0.21859752510557,1.42336252015937,6.00789605236896,2.84570580301511,0.0776332161513353,-0.448091725197882,-7.02578143895958,-6.60645745445924,2.09744004412623,5.83308607252393,-4.82736352638055,0.682559748635976,-4.50617453805744,0.671228879378942,7.90451748,0.17080966,-0.929,0.02865521,62.8911076319962,-76.226972135155,1242.61098135523,0.651436327235249,0.625350643587457,6.21396131319766,0.138625133403841,-0.90287712306402,-908.590249305887,-909.382195422138,-916.941717111478,-918.062908587875,1.09792671972971,-944.017861455088,1.45995652223796,1866.73574174061,1871.04986656958,NA,2408.99499057531,0.473524308263132,0.830421029079235
"495",-5.86,0.73,-5.86,0.83,1.359326,9.604077,-1.1484446,0.2002995,35,35,-5.87384025245337,0.844271483316185,-5.76008263453766,0.820435985799002,1.2929904284422,14.8360227200117,-2.0791058720567,0.349794233660263,1.2929904284422,9.11345714929303,-5.81696144349552,0.832353734557593,1.2929904284422,14.8392579189201,-2.07978373941154,0.349936266395736,1.2929904284422,9.11497365500358,3.51971079342567,0.0931568814011209,-0.559138398312835,-6.8016304570164,-6.82987856540082,2.41320487495741,6.72464240918151,-4.0791851208121,0.587604998445998,-3.74860127271494,0.534090173676053,6.93208571,0.17165172,-0.912,0.02556318,78.0298026695876,-106.504362210338,1247.10774529044,0.906525928646818,0.887050332230898,9.66349961808693,0.20792186306253,-1.38213897062569,-913.212580090557,-913.226913751916,-920.205202037291,-920.215697700643,0.0101965516633626,-982.668568365131,0.00509393178792965,1875.98040330995,1877.57683642121,NA,2387.71112837054,0.521528652645316,1.25316340571336
"496",-5.86,0.73,-5.86,0.83,1.359326,9.604077,-1.1484446,0.2002995,35,35,-6.13253321695178,0.720592893742738,-5.93162380215012,0.833290948226393,1.611597708618,11.6530066684762,-1.45219001286682,0.241166627819605,1.611597708618,7.64921591269967,-6.03207850955095,0.776941920984565,1.611597708618,11.6630978167152,-1.44652948782292,0.244341840690705,1.611597708618,8.0798904657003,2.72620276204717,0.0695029519772965,-0.422498763202428,-7.79716845390791,-6.92483319334712,2.48306656325462,7.85145780798708,-3.87582749236819,0.445145777268426,-4.71346891977642,0.661724401578615,7.50485487,0.14639566,-0.903,0.02811885,68.3826418261266,-87.2100405234158,1366.9394935547,0.0334124112547773,0.0265485271744393,8.39351617727589,0.19218613417917,-1.19979693325008,-949.05866901761,-951.456190004048,-963.223071103061,-966.624613190154,3.3859565883934,-994.42636407476,4.12012745327148,1947.67258116406,1963.61257455275,NA,2646.66894658599,0.402032482073558,1.27518057964649
"497",-5.86,0.73,-5.86,0.83,1.359326,9.604077,-1.1484446,0.2002995,35,35,-5.6508312634772,0.750173674028219,-6.85180026269933,0.941856685942356,1.47724705083693,10.5807949463297,-1.19469386917744,0.193905307022096,1.47724705083693,8.81498558392876,-6.25131576308827,0.846015179985288,1.47724705083693,10.9413765806028,-1.25224520792404,0.203090901286215,1.47724705083693,8.87232148529522,2.60770078675932,0.072587323467416,-0.419864885622941,-7.13923186610541,-7.19820308212027,2.14930846601191,10.2006180961759,-3.73525915935695,0.494195812462097,-5.14320237095398,0.710706850171577,4.32784318,0.06822614,-0.801,0.02703084,83.2968116909121,-117.038380252987,1330.81014343572,0.0907100044395181,0.0658072881693302,11.0253103976467,0.23749134469387,-1.56918603645886,-930.642666389218,-931.7869713884,-950.747768835963,-951.155495949547,0.397233522105561,-967.299600946088,0.0171904160980046,1910.84057590727,1938.66197001855,NA,2544.58190661845,0.421769642620184,1.46337866007739
"498",-5.86,0.73,-5.86,0.83,1.359326,9.604077,-1.1484446,0.2002995,35,35,-6.41049262556745,0.790877124830177,-5.69388132234794,0.726431879727464,1.45459046450107,10.5640437960956,-1.00641380312972,0.147792810621681,1.45459046450107,10.0899935255703,-6.05218697395769,0.758654502278821,1.45459046450107,10.6924267360711,-1.01795935089956,0.148831108025768,1.45459046450107,10.162908737962,2.83817582960967,0.0666442461197217,-0.42180804854991,-7.65639260114195,-7.32372939176038,2.06820720489078,12.6256004996395,-4.58273368727833,0.561423519917446,-3.88915732209663,0.501485953318038,7.02012625,0.13443156,-0.859,0.02350228,103.330446718698,-157.105650308559,1404.4217045192,0.598810888198501,0.596882127694396,8.59794677044882,0.147351780391816,-1.08281814808009,-926.335919081716,-926.687909055713,-955.510382859329,-955.969117012179,0.447090832939421,-964.735271840201,0.46731186674768,1902.22708129227,1948.18719806529,NA,2651.73775872984,0.396343369211153,1.07517302669049
"499",-5.86,0.73,-5.86,0.83,1.359326,9.604077,-1.1484446,0.2002995,35,35,-6.30597145055597,0.805679134044152,-5.62010459254954,0.868803657915551,1.34160389377053,8.07501161380225,-0.912600282804078,0.165223109151891,1.34160389377053,9.09206602218211,-5.96303802155276,0.837241395979852,1.34160389377053,8.19261495053014,-0.901776528091369,0.166219285530389,1.34160389377053,9.83417744782392,2.70828177070062,0.0614852970778677,-0.389009967144168,-7.46368488554676,-6.40173844903578,1.9126420245231,10.9206660873221,-5.3112332810628,0.693570540291194,-4.03183674705659,0.619397365286711,6.5833103,0.13103346,-0.872,0.02442608,94.5543515652038,-139.55346000157,1307.04367763105,0.0370394534540102,0.0262448856370434,5.89322463802403,0.12522116923692,-0.787261702184274,-906.793676917799,-909.752331328655,-929.099480660254,-934.066410677524,5.00032172131309,-940.898413727981,5.88596897203503,1863.14259696444,1895.36539366714,NA,2474.53389526053,0.395961238578985,0.950433750219848
"500",-5.86,0.73,-5.86,0.83,1.359326,9.604077,-1.1484446,0.2002995,35,35,-6.21436733492282,0.86016649086983,-5.86436407612831,0.812895215203813,1.32836229454198,8.37694161111505,-1.17377341106453,0.218149166048133,1.32836229454198,7.08260255015529,-6.03936570552556,0.836530853036821,1.32836229454198,8.40756718140675,-1.17790968619715,0.218707809423907,1.32836229454198,7.08942046448725,2.93055171835498,0.0836703779578532,-0.48372152255116,-7.04745919762936,-6.97908596687381,2.05562153170851,6.91311174241534,-4.42864101431543,0.628831071728981,-4.4785958386733,0.623101795807112,6.71406697,0.162944,-0.92,0.02660988,77.2871930206173,-105.019142912397,1243.35592209823,0.948608563921998,0.959311821476355,5.69754998972439,0.1283677311465,-0.812355985061461,-899.513545391382,-899.610502817867,-911.126827933344,-911.185850113943,0.0573600114191646,-944.219791128017,0.0342002048937639,1848.5823339116,1859.42008821332,NA,2381.69270128406,0.462178223754523,0.840287994410753
"501",-5.86,0.73,-5.86,0.83,1.359326,9.604077,-1.1484446,0.2002995,35,35,-6.17006604637571,0.715084353960077,-5.63010807447912,0.786105128709282,1.33885320260212,8.36962912910143,-1.1442346599438,0.208620703165128,1.33885320260212,6.98069037629921,-5.90008706042741,0.750594741334679,1.33885320260212,8.44251778195509,-1.13464760156977,0.209881690776622,1.33885320260212,7.5952422187382,2.35887522824075,0.0646352168666197,-0.369645071321375,-7.86751973791311,-6.90443836809337,2.14509577834227,6.60897375829694,-4.38694268609904,0.515905902502433,-4.11374405040197,0.586152882313455,3.85574961,0.10128176,-0.879,0.02598074,98.2434369607897,-146.931630792742,1289.583554651,0.0198149704523937,0.0196967506082809,8.60332968065315,0.166075832730701,-1.1245093642363,-900.231107464367,-903.575409266149,-912.165915746944,-917.358788659544,5.23632960501212,-953.286501871157,6.76238901530593,1850.01745805757,1861.49826384052,NA,2432.23547850927,0.403807463515719,1.21596337339093
"502",-5.86,0.73,-5.86,0.83,1.359326,9.604077,-1.1484446,0.2002995,35,35,-6.4373089692915,0.836035754369863,-5.95905709160735,0.954735664993339,1.57059634749257,8.92270861027929,-0.872456124493915,0.139207555015009,1.57059634749257,8.51641719323501,-6.19818303044942,0.895385709681601,1.57059634749257,8.97988982490639,-0.85826401070976,0.142729972210515,1.57059634749257,9.31924124704148,2.47906913202112,0.0696447676121225,-0.402689034617823,-7.41416551575867,-6.22873028653353,2.02596422309746,11.7580243846819,-4.32106531316802,0.56288852860977,-4.33774816778692,0.704588765465875,5.91623763,0.1229181,-0.829,0.02510531,85.6477555942636,-121.74026805969,1344.32227016866,0.0261168486241389,0.022439812619718,7.51786142650162,0.153311478782583,-0.998403527141883,-936.951385361142,-940.745115786076,-963.597741230307,-969.267167374352,5.73661647554163,-957.376704532566,6.46974883349276,1923.45801385112,1964.36191480724,NA,2566.90427227762,0.397670499050082,1.13269582356565
"503",-5.86,0.73,-5.86,0.83,1.359326,9.604077,-1.1484446,0.2002995,35,35,-4.88469929465208,0.567313348355551,-4.86684711237869,0.740893399653355,1.42727892596893,11.8188471336527,-1.23940203387772,0.198520996699781,1.42727892596893,11.2837240805317,-4.87577320351539,0.654103374004453,1.42727892596893,11.8189268087556,-1.23862733819902,0.206053505251918,1.42727892596893,12.0091057417194,2.71122189909986,0.0699293666102082,-0.420201202520057,-7.46253439890577,-6.41053718827748,2.39238870420152,11.58481616338,-2.81955849060525,0.317787652630189,-3.93550701229385,0.600905839037687,5.24361012,0.09811539,-0.784,0.02543439,82.3696851649242,-115.184127201011,1328.62321229536,0.00712186799153902,0.00383328328144279,9.04042168631004,0.197528381474226,-1.25379557358116,-932.639982609478,-935.845630788387,-958.022737847036,-962.038946778507,4.01555364133772,-997.628686538691,4.37418874640352,1914.83520834779,1953.2119080407,NA,2542.06229738971,0.412568612196062,1.36918922651952
"504",-5.86,0.73,-5.86,0.83,1.359326,9.604077,-1.1484446,0.2002995,35,35,-6.25844213387517,0.796451453924098,-6.85619874131748,0.941053408270097,1.35704085228107,10.4500909397229,-1.11220479392343,0.165055171186602,1.35704085228107,8.96364214051555,-6.55732043759632,0.868752431097098,1.35704085228107,10.5394191801582,-1.13381398733828,0.170282602486773,1.35704085228107,9.04273764052271,3.30309967991397,0.0805394591679496,-0.498089793144578,-7.47113169917619,-7.20738728124572,1.91266699438709,10.8946709154441,-4.4726234874055,0.573021299822478,-5.33645092796438,0.717228280433372,5.74569267,0.08594264,-0.839,0.02332858,112.567814853915,-175.580386578994,1359.06844091253,0.374571360044042,0.322730744500749,8.52662312871793,0.176885072142496,-1.19710797754187,-908.30354766687,-909.364955043867,-931.005957862187,-931.559452688137,0.539812041082468,-940.825205042849,0.363849447735362,1866.16233846258,1899.178348071,NA,2542.55649524607,0.48127526962813,1.08648787243422
"505",-5.86,0.73,-5.86,0.83,1.359326,9.604077,-1.1484446,0.2002995,35,35,-6.36568885343616,0.803282875144822,-4.97185818250555,0.675501329151821,1.40386014669343,8.5799306506008,-0.993573903765292,0.176749979709749,1.40386014669343,8.63525983217575,-5.66877351797086,0.739392102148321,1.40386014669343,9.06562163540753,-1.03810036326129,0.18083201058384,1.40386014669343,8.91048852808602,3.06358122279293,0.0705573165928842,-0.452615678676255,-7.5376785788697,-6.90513729295863,2.14095282470091,9.51250451022409,-4.40111688848775,0.566825833486521,-3.45709906331023,0.476554855254159,4.45079098,0.10524707,-0.813,0.02671686,77.9064521911201,-106.257661253403,1314.37150616852,0.309962274236675,0.253209584724501,8.37145113034607,0.155481418117704,-1.09990580364755,-916.478413308256,-918.193138825236,-936.970224158865,-938.941730378663,1.94240234803011,-964.126161078533,2.1154921722102,1882.51206974535,1911.10688066436,NA,2522.48535108364,0.416133318554476,1.06436266465692
"506",-5.86,0.73,-5.86,0.83,1.359326,9.604077,-1.1484446,0.2002995,35,35,-5.716539497897,0.754056037201263,-6.45376333614818,0.953057876674468,1.37910665148383,8.99407105550893,-1.02712245834733,0.172961883891687,1.37910665148383,8.46112822618842,-6.08515141702259,0.853556956937865,1.37910665148383,9.12994580243037,-1.0637996833262,0.182862316920117,1.37910665148383,8.65250081591808,3.07355203853439,0.0797531604117826,-0.478920627335354,-7.18180998537861,-6.73343235971722,1.98451272061243,9.90523335388657,-3.8367932182722,0.517381493002863,-4.94428923394576,0.735457785151462,5.5035684,0.12332987,-0.839,0.02663585,75.6951912269843,-101.835139325131,1298.51419399687,0.137893819744853,0.0908786101607296,7.63551005772445,0.159443920586559,-1.06710300939273,-911.427172874584,-913.320442777749,-931.335100192926,-932.736877837486,1.37545288368415,-946.81986299305,1.10546749432878,1872.40958887801,1899.83663273248,NA,2495.19324866862,0.465565906397241,1.00812931161438
"507",-5.86,0.73,-5.86,0.83,1.359326,9.604077,-1.1484446,0.2002995,35,35,-6.62921984958771,0.692824252338058,-6.08528521755678,0.971799677081661,1.30795992489438,11.6666891307038,-1.39747584742373,0.226566013458867,1.30795992489438,9.72010591692147,-6.35725253357225,0.832311964709859,1.30795992489438,11.7406553516844,-1.35953974867284,0.246022835361586,1.30795992489438,13.1078912893931,3.30165548200051,0.0930375928705411,-0.542007553588075,-8.45929346634678,-6.25329544411196,2.12029911263877,9.7092480427352,-4.65852087520069,0.484075613281895,-4.668209217509,0.746616654514827,8.50668553,0.17424251,-0.897,0.01925813,144.2706448142,-238.986046499563,1424.66372939746,5.34264854362498e-07,1.51944951437635e-06,8.06476921280823,0.191564732694702,-1.05931268939616,-910.080938890133,-923.230317469146,-927.103164239441,-946.326093198261,21.4894710102106,-962.40015631515,25.5035765926384,1869.7171209091,1891.37276082551,NA,2610.34141229536,0.512476612005408,1.68998657284007
"508",-5.86,0.73,-5.86,0.83,1.359326,9.604077,-1.1484446,0.2002995,35,35,-5.46212248228906,0.70603268478137,-6.08428809313149,0.880395689145882,1.30232047962245,9.14721766839055,-1.01004916383303,0.16442994305819,1.30232047962245,9.04620558334775,-5.77320528771028,0.793214186963626,1.30232047962245,9.24399018021929,-1.03716983011272,0.172030557380944,1.30232047962245,9.21471998651907,3.19749910593669,0.0874009912980612,-0.512796487702196,-7.21350367649447,-6.79685962721517,1.93878996574118,10.3168527823466,-4.12003293488118,0.545526363619611,-4.31749245674895,0.633886444725772,4.68512444,0.07963406,-0.805,0.0251207,91.7207497857531,-133.886256442669,1274.66202312756,0.356762877639317,0.366348726132282,7.43206614799027,0.160858732767206,-1.0527774608193,-899.996674450109,-901.616418440268,-921.499708034826,-922.664144495821,1.14062760517697,-942.405828789459,0.941501244709101,1849.54859202905,1880.16584841628,NA,2415.43778981246,0.499410015873982,1.01762462339591
"509",-5.86,0.73,-5.86,0.83,1.359326,9.604077,-1.1484446,0.2002995,35,35,-5.88689904156588,0.799214153712728,-6.41151832683745,0.857653645537581,1.43221467036974,6.40067078534925,-0.753574133607678,0.139985551055738,1.43221467036974,6.71000383336712,-6.14920868420167,0.828433899625155,1.43221467036974,6.46947713396896,-0.761238754715875,0.140839344606925,1.43221467036974,6.7343250922258,2.27044322952495,0.0541400210910897,-0.335898117954895,-7.08312915642955,-7.25958107178501,1.93677218634056,8.37834177126542,-4.28846779649244,0.582180926804494,-4.37506208877552,0.598452090718396,3.19219329,0.09361228,-0.821,0.02671313,87.3210514580139,-125.08685978719,1271.5744769343,0.987413480759509,0.987192523885308,8.47282766363973,0.164443019584427,-1.14824775091095,-907.048368573072,-907.316229648835,-926.265571065051,-926.486038983812,0.214506456563934,-935.574562657004,0.203983537955756,1863.65198027498,1889.69757447673,NA,2418.06209408141,0.336018459080639,1.0566530533686
"510",-5.86,0.73,-5.86,0.83,1.359326,9.604077,-1.1484446,0.2002995,35,35,-5.17545949398367,0.63968651118068,-5.91213288694783,0.801627681763759,1.34277319975691,8.64567125057449,-0.889199642357824,0.176622477525356,1.34277319975691,12.4285023738852,-5.54379619046575,0.72065709647222,1.34277319975691,8.78134317254983,-0.919024080256332,0.183178713207811,1.34277319975691,12.5058202467447,2.6685257685986,0.0737345321166174,-0.430733155912343,-7.32211402211505,-7.09398382623166,2.11679536103624,13.9187220846544,-3.88477414669221,0.484638705578395,-4.36863390709785,0.588855395682391,6.344704,0.1249612,-0.774,0.019065,140.781895655501,-232.008548182165,1388.83865119543,0.624340024687825,0.593240334201082,6.37479096039462,0.135568766030345,-0.887819289725287,-919.379275574001,-920.307162982722,-949.307017353098,-949.708903529544,0.391526561045677,-973.597788273413,0.19611102489691,1888.31379427684,1935.78046705282,NA,2545.66875420869,0.41885592623397,0.892340241154295
"511",-5.86,0.73,-5.86,0.83,1.359326,9.604077,-1.1484446,0.2002995,35,35,-6.58131416501471,0.818041787795251,-6.71688895782558,1.03367851516734,1.46697936080797,10.8473327245794,-1.26764996622569,0.204006832718314,1.46697936080797,8.35522594139939,-6.64910156142014,0.925860151481296,1.46697936080797,10.8519278556908,-1.27495869238466,0.215631632266251,1.46697936080797,9.21330437947491,2.44305830702401,0.0660895423823284,-0.382170780762371,-7.66537410803806,-6.51624107944163,2.12222791812588,9.5331680904249,-4.40787652977514,0.543483223766475,-4.48737073629971,0.69279684323432,6.23543046,0.12354383,-0.877,0.02623903,81.9750433261183,-114.394843523399,1356.40394615375,0.00789516891017433,0.00830354007802997,9.9602533285625,0.221867642058192,-1.40499722649178,-927.963821764699,-932.900346657808,-945.680669436834,-951.823597131093,6.23708440123545,-962.042679520097,7.02969589736694,1905.48288665824,1928.5277712203,NA,2598.4130487841,0.407212273457529,1.4861012406355
"512",-5.86,0.73,-5.86,0.83,1.359326,9.604077,-1.1484446,0.2002995,35,35,-6.76309074550508,0.873619772980746,-6.64730684643219,0.976369497534342,1.39265602037334,8.86880295872913,-1.03938210878353,0.209794549026956,1.39265602037334,11.2176172307191,-6.70519879596863,0.924994635257544,1.39265602037334,8.87215443655026,-1.03640791784916,0.212433925500916,1.39265602037334,11.5673969393746,2.2750326100264,0.0622576831871226,-0.356927290207625,-7.51603143469808,-6.78809126526187,2.0388116310596,13.17847279192,-5.11394847894471,0.662221008648042,-4.45405114491276,0.656078017128465,5.14255791,0.10771391,-0.793,0.02299912,108.187603899966,-166.819964671095,1408.40053659499,0.218764614544741,0.194313516753056,8.35556580525989,0.191986274997614,-1.19427430434135,-926.835225665383,-928.071804009308,-951.628526275483,-953.604414214424,1.94678059882016,-962.620190310576,2.1813822533425,1903.2256944596,1940.42348489759,NA,2649.98110851888,0.386583772381335,1.28041228726276
"513",-5.86,0.73,-5.86,0.83,1.359326,9.604077,-1.1484446,0.2002995,35,35,-5.75300474548669,0.748889142888509,-6.20961728978441,0.830487584631791,1.28596900757719,9.29865026918107,-1.19976129871497,0.212701939095379,1.28596900757719,8.4180088079892,-5.98131101763555,0.78968836376015,1.28596900757719,9.35077402308358,-1.20907601673876,0.214366515519112,1.28596900757719,8.43010898510458,3.01599345471222,0.0764169425061634,-0.460403420207737,-7.24905825224742,-7.21952839585217,2.05224632644443,8.33362109227689,-3.81347833169616,0.49522039489645,-4.87479660630312,0.663564327890677,5.94090798,0.15444662,-0.891,0.02348064,103.052745847212,-156.550248565586,1285.06059455961,0.362347852109643,0.317179873378885,7.8780490714638,0.144341674489726,-1.03171868595403,-899.229949887932,-899.434088020768,-913.884108151191,-913.973985827438,0.0873658180429948,-949.595753849027,0.00541738845801693,1848.0151429047,1864.93464864901,NA,2413.57094055364,0.463849085778727,0.983014142756741
"514",-5.86,0.73,-5.86,0.83,1.359326,9.604077,-1.1484446,0.2002995,35,35,-6.78385729655635,0.829886360559524,-4.6495094482581,0.695952258220536,1.40601099174252,8.62474511753702,-0.96815377475644,0.163584353902695,1.40601099174252,8.24108237528116,-5.71668337240722,0.76291930939003,1.40601099174252,9.76360530192087,-1.03961926554168,0.168068939845032,1.40601099174252,9.38089770750713,2.39956716583254,0.0617448675559473,-0.368479156398879,-7.79735034006803,-6.46094721540285,2.07058725598775,9.46645689955696,-4.81562144088806,0.592337417140571,-2.83958498928832,0.423542600325864,3.59903305,0.07733019,-0.809,0.02674898,85.7177469426498,-121.880250756462,1296.96066224117,0.00138295191491873,0.000845899529090129,11.5118597705371,0.2035564365026,-1.45723349423467,-913.739287392926,-919.038671016068,-934.421382317554,-942.562966073356,8.38726887649972,-955.784931030227,9.80683120091987,1877.03381791469,1906.00919698174,NA,2472.04107372587,0.375812235306686,1.51080968468396
"515",-5.86,0.73,-5.86,0.83,1.359326,9.604077,-1.1484446,0.2002995,35,35,-6.06384313590898,0.783980723600808,-7.0498198945583,0.981956424475765,1.27925235687626,10.6905763218342,-1.40885337264958,0.24531903061798,1.27925235687626,8.84817133788985,-6.55683151523364,0.882968574038286,1.27925235687626,10.9336138639833,-1.45765323260958,0.255117625152212,1.27925235687626,8.94187567743156,2.55240123424162,0.0729832085518081,-0.41453451018388,-7.3508300854276,-7.15731884839902,2.07580319685136,8.42081478709687,-4.2296142095598,0.551397550525107,-5.12447503957621,0.723762164808617,5.83752167,0.15429172,-0.899,0.02504319,94.2562163119979,-138.957189495159,1314.17658550619,0.328339134027942,0.294234769139958,9.84847283487754,0.187305582674245,-1.30801305447969,-902.883899520278,-904.027034054486,-915.72746007557,-916.390354184134,0.647013021018544,-952.717436173869,0.227868712057873,1855.32304216939,1868.62135249777,NA,2489.39598151722,0.42998590004868,1.26855564357148
"516",-5.86,0.73,-5.86,0.83,1.359326,9.604077,-1.1484446,0.2002995,35,35,-5.45192166761123,0.662992452835291,-4.87518964744653,0.713264828428778,1.26295401685401,9.75234182002428,-1.0132177404918,0.174559197820832,1.26295401685401,11.9681846584045,-5.16355565752888,0.688128640632034,1.26295401685401,9.8354967757951,-1.00596931830818,0.175191025757785,1.26295401685401,12.5045790688874,3.48879366318465,0.0852228842652375,-0.531608083771364,-7.4597254262386,-6.58348360126114,2.07029326493832,12.7130137529937,-3.5726317591454,0.433643851478281,-3.52689720806883,0.517201538159632,4.2172725,0.09395982,-0.779,0.02723146,72.4133525136165,-95.2714618983956,1306.81491249136,0.206092084999634,0.172596945457596,8.79421803838798,0.165664823881972,-1.13410326849061,-904.808820084074,-906.49462603414,-931.850904475114,-934.687990079229,2.81263884449713,-965.206082878773,3.21832677880542,1859.17288329699,1900.86824129686,NA,2518.35836308432,0.489851446974819,1.23622134137166
"517",-5.86,0.73,-5.86,0.83,1.359326,9.604077,-1.1484446,0.2002995,35,35,-5.11014048929787,0.614027064275175,-6.8555879752904,0.94061982020566,1.34634211646325,6.4721841389755,-0.799855124370015,0.152668938375085,1.34634211646325,7.14437774249167,-5.98286423229413,0.777323442240417,1.34634211646325,7.23383087056491,-0.942367750565573,0.179334645431652,1.34634211646325,7.34652220260593,3.06971003972133,0.0824596002567386,-0.491773560198874,-7.40966736220197,-7.20935972070705,2.02467743221222,7.82587975139711,-3.70285027927137,0.444342250244932,-4.82325337930432,0.653188203101175,3.31185087,0.07495562,-0.806,0.02656133,92.7165900629007,-135.877936996964,1286.02619909248,0.0930035594824517,0.0737231044747342,8.86807637756802,0.202606212958214,-1.29939522038284,-896.549017630514,-900.419811758512,-914.953716235938,-916.669913779704,1.68776838727084,-944.324518102256,0.267194889935362,1842.65327838987,1867.0738648185,NA,2436.17446118799,0.458458280280728,1.21956109282407
"518",-5.86,0.73,-5.86,0.83,1.359326,9.604077,-1.1484446,0.2002995,35,35,-6.82278953410087,0.832417840188522,-6.09997764290681,0.858583116708505,1.47938383108929,13.6880577146097,-1.52822974085121,0.223858522714579,1.47938383108929,9.44642617918639,-6.46138358850384,0.845500478448513,1.47938383108929,13.8186719721226,-1.52350159759996,0.224029678138421,1.47938383108929,9.90412866686229,3.00944106303972,0.0739175199120936,-0.461997083304426,-7.82120067705349,-6.94250283913709,2.213961617416,10.494839032137,-4.97597662334614,0.609113483749704,-3.85785538638537,0.551809126670962,3.98050331,0.07374324,-0.81,0.02689817,87.6886053616208,-125.821967594404,1375.27581223086,0.0405228066568981,0.0355464022643944,13.9849300213043,0.247175546299261,-1.7916308435518,-935.298104600906,-937.258425401008,-955.466365526635,-958.46807520249,2.97937003795348,-975.468273657216,3.61038150348339,1920.15145233065,1948.0991633999,NA,2624.72965686731,0.415933832600428,1.75255965910166
"519",-5.86,0.73,-5.86,0.83,1.359326,9.604077,-1.1484446,0.2002995,35,35,-5.65759463700414,0.751632788572933,-5.43380173700841,0.781558670802002,1.26440964431944,7.55619144130226,-0.711395189134024,0.121947591241537,1.26440964431944,10.2912025089395,-5.54569818700627,0.766595729687467,1.26440964431944,7.5687122568244,-0.709720889141783,0.122171480848334,1.26440964431944,10.4046567087617,3.06756313985584,0.0873240176258493,-0.496803177795622,-7.13730221274974,-6.73521865034817,1.78785688731001,13.0508265512543,-4.05191856963886,0.542233694502043,-4.12238028158376,0.585587982638907,5.68833947,0.0999708,-0.845,0.02430267,94.5941632802715,-139.633083431706,1272.81382831987,0.741851342755744,0.708355996675714,5.45800376033281,0.116922159335667,-0.746463764153479,-892.319252611444,-892.746947347828,-922.439858697435,-923.139709720012,0.683265186484711,-930.123044145412,0.765852218809863,1834.19374835172,1882.0461497415,NA,2405.99457320804,0.515894866438716,0.829444125087211
"520",-5.86,0.73,-5.86,0.83,1.359326,9.604077,-1.1484446,0.2002995,35,35,-5.27996656892199,0.713748598315684,-6.15881916364718,0.891457240012308,1.24706169749107,8.09443875032626,-1.16148700200138,0.226090405348822,1.24706169749107,8.01006284467558,-5.71939286628458,0.802602919163996,1.24706169749107,8.28753422114007,-1.20053192721642,0.233985495682236,1.24706169749107,8.08904811954249,2.59639978396433,0.0625543996089654,-0.3870054487062,-6.98537834693545,-6.80548884006415,2.05587168080994,7.36892405607206,-3.99887411194399,0.55017994981177,-4.18750919890774,0.59433922590007,3.48467595,0.11099954,-0.854,0.02743842,78.4700756325479,-107.384908136259,1226.45901337081,0.899216149098667,0.893029569870151,7.97803817889763,0.177716850869994,-1.15561848157068,-889.956212060099,-890.893935525338,-903.257409373118,-903.868379088868,0.596111124144255,-946.209751499484,0.223816960088108,1829.46766724904,1843.68125109286,NA,2345.53311860535,0.383496920184303,1.07558110843307
"521",-5.86,0.73,-5.86,0.83,1.359326,9.604077,-1.1484446,0.2002995,35,35,-6.2724735899631,0.79846030198926,-6.09625863181911,0.841846447974725,1.26776670722306,8.15512943972207,-0.962352988266914,0.178473489110328,1.26776670722306,9.59748435094119,-6.1843661108911,0.820153374981992,1.26776670722306,8.16289236759049,-0.9604416662922,0.178944078526196,1.26776670722306,9.73120430938862,2.8823602635012,0.0687762614380892,-0.425277370083327,-7.47319495832111,-7.03849656942062,1.89385892377458,10.8432201232949,-4.47561053234501,0.562814708499431,-4.19551433485195,0.580471335608442,3.85327861,0.10830821,-0.795,0.02261682,116.41196394281,-183.268684756782,1326.94319654414,0.489716073190315,0.492051033380423,8.43225007374357,0.166117966261139,-1.14544638653499,-897.39426663406,-897.937330060707,-918.650975890852,-919.528715716746,0.858029780776934,-938.252369953517,1.00254897330161,1844.34377639696,1874.46838412833,NA,2470.61770833149,0.431658653330588,1.08045242355292
"522",-5.86,0.73,-5.86,0.83,1.359326,9.604077,-1.1484446,0.2002995,35,35,-6.03917800842192,0.743525343945041,-5.7842579769804,0.80464002805622,1.45694557416249,6.06990116319458,-0.741505146691815,0.15699263921807,1.45694557416249,7.7009054226189,-5.91171799270116,0.77408268600063,1.45694557416249,6.08614721880211,-0.737610307393024,0.157926390371572,1.45694557416249,7.93673728690046,2.38033504669013,0.0609312511433706,-0.365965701208794,-7.56718764129858,-6.94816213655803,2.07615170629616,9.16560481895641,-4.8100853046991,0.615034795217757,-4.36227735655587,0.607541611344208,4.77509702,0.11304611,-0.809,0.02582227,86.0478917644941,-122.540540400151,1328.81829881544,0.489966525025291,0.456812771669196,5.46201683518955,0.120304660809886,-0.76627601060311,-916.625803509641,-917.737587967826,-938.923609785153,-940.79565296789,1.84309172347256,-955.421658887807,2.16058690648007,1882.80685014812,1915.01365191693,NA,2535.09605723073,0.366067834274961,0.809243093946973
"523",-5.86,0.73,-5.86,0.83,1.359326,9.604077,-1.1484446,0.2002995,35,35,-6.76323272453519,0.806212846635864,-5.52984296582633,0.820455818747627,1.27215544872376,6.90390983101009,-0.850567784321274,0.179647859651204,1.27215544872376,9.90943922830616,-6.14653784518076,0.813334332691745,1.27215544872376,7.28422240523206,-0.846176000337217,0.179698575214848,1.27215544872376,11.1050486998203,3.69580452044204,0.100064490571676,-0.595770778544725,-7.91776643801327,-6.59952073711376,1.90788922064561,11.2076529152305,-4.59877013365224,0.55051025077841,-4.11022537779888,0.611861069699313,4.11638403,0.09829399,-0.799,0.02474335,98.1152172620659,-146.675191395294,1356.63509568003,0.0273594089630624,0.0236947249811289,7.75718725437167,0.154056299257644,-1.00240607262054,-897.882695238018,-902.350908974586,-921.52847224575,-928.808067279138,7.45239442298843,-941.121477948786,8.8788017996662,1845.32063360487,1880.22337683813,NA,2566.59499996477,0.550419419598641,1.20858747587994
"524",-5.86,0.73,-5.86,0.83,1.359326,9.604077,-1.1484446,0.2002995,35,35,-4.77716197185745,0.614268593202176,-6.81615340101206,0.949713002421111,1.20430537681804,8.90020317777039,-1.19646905757529,0.22883600084986,1.20430537681804,9.72827694177441,-5.79665768643475,0.781990797811644,1.20430537681804,9.93957468981189,-1.36746112641411,0.256966738768921,1.20430537681804,9.93711654069332,2.74626555413043,0.0791254459491203,-0.446947769508484,-7.07524987791487,-7.11575031983012,2.10658564457151,8.763386762717,-3.30888870007172,0.423614506207808,-5.09734620420862,0.711455791976187,4.5647934,0.1098534,-0.841,0.0239688,101.86198419439,-154.168725259942,1278.95096040054,0.0270010854573614,0.015473600445168,8.92139215859375,0.208693547818841,-1.32154925965496,-890.695752278992,-894.014808519487,-906.927911245045,-908.277457445175,1.32370676144543,-957.574030761089,0.00949045144133372,1830.94674768682,1851.02225483672,NA,2403.73319554114,0.468631839501651,1.24974956019598
"525",-5.86,0.73,-5.86,0.83,1.359326,9.604077,-1.1484446,0.2002995,35,35,-6.1856692554934,0.714073399901085,-5.10825872878577,0.720518576034901,1.33219832819745,8.22345861590293,-1.1506298256171,0.226102266559578,1.33219832819745,8.17819732611197,-5.64696399213958,0.717295987967993,1.33219832819745,8.51366197666805,-1.14889380046384,0.226112651633427,1.33219832819745,8.99601381140355,2.48104880587734,0.069508416986909,-0.399700394707414,-7.88914594970989,-6.77333673141401,2.2390403281793,7.53143909366056,-4.75537115591265,0.571853790374457,-3.24203072827149,0.452260603677386,4.81165337,0.13402596,-0.875,0.02421014,101.68307651266,-153.810909896483,1315.42390768692,0.0105483857776199,0.00567581257574642,7.81220786981853,0.145134430894756,-0.995747231537059,-905.746883373456,-909.676350091453,-920.731500104426,-926.706390635827,6.05908971270564,-967.793013805009,7.75608644587194,1861.04900987575,1878.62943255548,NA,2477.03690547736,0.407511615160393,1.11041560753535
"526",-5.86,0.73,-5.86,0.83,1.359326,9.604077,-1.1484446,0.2002995,35,35,-5.9775167630104,0.715990111855198,-5.8012039459596,0.857063359550329,1.53340783565408,10.0313523426175,-1.35343727721635,0.264631126419496,1.53340783565408,9.0606611701496,-5.889360354485,0.786526735702764,1.53340783565408,10.0391238949816,-1.34721902178844,0.269606541723309,1.53340783565408,9.67945282433325,3.05419424141153,0.0875796332367027,-0.501371710951652,-7.66957418339148,-6.65278346207102,2.46734290852598,8.97666286434129,-4.15232091623529,0.482876638597468,-4.20899509576009,0.618937590467138,5.46242787,0.11070832,-0.831,0.02373832,103.771024217875,-157.986805306912,1360.47956273711,0.0300939258889313,0.0241951765158555,8.80069393723047,0.225839660722476,-1.32525850801543,-944.84276444329,-947.466660449814,-961.619870752218,-965.798080686862,4.18241224635756,-997.058331481109,4.99798907191614,1939.24077201542,1960.40617385106,NA,2562.9723201673,0.49817523344186,1.4679775745848
"527",-5.86,0.73,-5.86,0.83,1.359326,9.604077,-1.1484446,0.2002995,35,35,-6.35035453081198,0.824005295313363,-5.85000876262722,0.83573346113734,1.4617621018583,6.96221250089541,-0.741778112064316,0.120182545619393,1.4617621018583,6.45201405954151,-6.1001816467196,0.829869378225351,1.4617621018583,7.0247989728305,-0.740311077529666,0.120216933087792,1.4617621018583,6.64685549809418,2.2601765861278,0.0650093372784,-0.368313106632525,-7.39888543921814,-6.8286662939494,1.9037577447891,8.55354142922916,-4.39242709904038,0.572291024635116,-4.30747600314157,0.618898083891494,4.77989022,0.08889043,-0.848,0.0267433,83.7283006008145,-117.901358072792,1273.70821265865,0.387747429850902,0.364828499335656,6.58531372587258,0.132239628996552,-0.897813158715735,-908.017343593933,-909.10824146144,-928.886228659223,-930.692941113432,1.77793784548987,-932.010073213256,2.12742606831616,1865.5899303167,1894.93888966507,NA,2429.5150672445,0.382118389904803,0.87124038408079
"528",-5.86,0.73,-5.86,0.83,1.359326,9.604077,-1.1484446,0.2002995,35,35,-6.50975768577882,0.832066008040518,-7.73445289041312,1.0338371251455,1.319460587372,8.21699703346563,-0.941408567738553,0.156846466625219,1.319460587372,7.86561349484696,-7.12210528809597,0.932951566593007,1.319460587372,8.59196661952919,-1.0031855976266,0.167024362549666,1.319460587372,7.93452369065228,2.4686901495025,0.0601736132758995,-0.370700486465864,-7.51026495362572,-7.5328600548228,1.82770902238441,9.55287535494026,-4.53754785345985,0.583454773679504,-5.94958580132485,0.795137512364266,5.45814729,0.10306718,-0.854,0.02186219,127.854329195793,-206.153415262748,1370.64751196264,0.167455900887636,0.123390171516537,8.89541578113524,0.176363598738135,-1.22279524347682,-896.825767615687,-898.335312463856,-915.95212791208,-916.494116746694,0.528546988596512,-925.504328307695,0.00314990661634544,1843.20677836021,1869.07068817079,NA,2535.14160866253,0.365316790060133,1.10279152715717
"529",-5.86,0.73,-5.86,0.83,1.359326,9.604077,-1.1484446,0.2002995,35,35,-5.70894597768075,0.620608733139026,-6.00896558375309,0.744377991320749,1.27583718625429,9.89032326776666,-0.992647019068766,0.154106635655314,1.27583718625429,10.7642431996756,-5.85895578071692,0.682493362229887,1.27583718625429,9.91282620877359,-1.00193032008965,0.157936342973028,1.27583718625429,10.9221177399807,2.43505054161151,0.0617190910834794,-0.373000127497497,-7.96926097063125,-7.53189536420467,2.04255693571123,11.7305061759935,-3.82253500081755,0.405360285583752,-4.70334783855472,0.589312139058347,5.95723016,0.09942579,-0.821,0.01833085,162.516486559467,-275.477729990098,1414.3981132284,0.14803223428119,0.118974090725797,7.87405560237736,0.147098222521608,-1.03055058139522,-900.372744135562,-901.490392655617,-927.517041880144,-928.45018492428,0.912550731783873,-959.299515970169,0.875419818291577,1850.30073139996,1892.20051610692,NA,2553.3184964667,0.369984490856328,1.02990364696709
"530",-5.86,0.73,-5.86,0.83,1.359326,9.604077,-1.1484446,0.2002995,35,35,-6.56046057426596,0.811357891834944,-4.65025638003531,0.670456393803574,1.53641937837462,6.23942418610875,-0.704942136771844,0.130085937192387,1.53641937837462,6.34990320974806,-5.60535847715064,0.740907142819259,1.53641937837462,7.15164420202286,-0.772229794900073,0.135049245229258,1.53641937837462,7.03156174250486,3.07023997903759,0.0772637077789408,-0.470947293883303,-7.68434143983031,-6.61359190981626,2.13551522045815,7.77344274812571,-4.15875922030146,0.511056332070366,-2.99136684801,0.43822209170824,2.47942067,0.06542361,-0.789,0.03239437,52.0324608360576,-54.5096785432778,1272.94669814345,0.0144567759600251,0.0113620698477296,10.3208055932714,0.18375437833861,-1.31608597947446,-919.877593534106,-924.473544723222,-940.124365790452,-946.332795509781,6.30658376099229,-957.173851348497,7.28198917090575,1889.31043019705,1917.41516392753,NA,2491.38371774362,0.455217396996078,1.33793670039017
"531",-5.86,0.73,-5.86,0.83,1.359326,9.604077,-1.1484446,0.2002995,35,35,-5.98605172123174,0.827320808024071,-6.14499446415601,0.822769978952776,1.15827386830882,10.7824273790877,-1.36929527253983,0.231175328466918,1.15827386830882,9.84865307017781,-6.06552309269387,0.825045393488424,1.15827386830882,10.7887430779698,-1.36911444222603,0.231180505978227,1.15827386830882,9.87484339000846,3.27542526877562,0.0846856428478152,-0.508681787136373,-7.0148296628621,-7.20088506777596,1.93401009342842,9.27038588824838,-4.39442075686904,0.619853553032122,-4.83402477667663,0.651450798770157,6.9529787,0.14980734,-0.878,0.02312819,101.739243652592,-153.923244176347,1288.43947169818,0.73030775285169,0.714724946103136,6.26386955511353,0.131037991968627,-0.877828523390683,-883.760618785367,-883.867678215609,-898.160805278262,-898.32959240512,0.164162475928029,-938.405068094027,0.20738915643678,1817.07648069957,1833.48804290315,NA,2422.95569922002,0.497725345325181,0.821596079702166
"532",-5.86,0.73,-5.86,0.83,1.359326,9.604077,-1.1484446,0.2002995,35,35,-5.25586855439298,0.690590748777929,-5.28254364611865,0.768286271758034,1.11974367870176,8.68035673135066,-0.974626829448407,0.179175801014888,1.11974367870176,12.1342846447508,-5.26920610025581,0.729438510267981,1.11974367870176,8.68053462148029,-0.975144963248948,0.180684949587676,1.11974367870176,12.2949585831111,2.73194868989822,0.0809895615259038,-0.450283684329618,-7.09924880739999,-6.66303407846615,1.87206717627843,12.4122929078088,-3.5606396785963,0.47064983131795,-3.89281443900679,0.572024622955934,5.0429855,0.1250724,-0.849,0.0232517,99.510178222773,-149.465113316709,1249.19042947036,0.45816288695743,0.433943992121003,6.23578516855959,0.117578496115549,-0.79790285145839,-878.630756664165,-879.250340281533,-903.255149661901,-904.106276132164,0.831855567624195,-939.77148886932,0.901826835893343,1806.81675645717,1843.67673167043,NA,2348.91574562402,0.480823682371628,0.902104943235769
"533",-5.86,0.73,-5.86,0.83,1.359326,9.604077,-1.1484446,0.2002995,35,35,-5.02069852306058,0.554366690632635,-5.11803047071732,0.633082585763963,1.41668413162255,9.87396942433327,-1.10146945967821,0.188670338083279,1.41668413162255,9.69798835266598,-5.06936449688895,0.593724638198299,1.41668413162255,9.87633780134193,-1.10338485252438,0.19021938611986,1.41668413162255,9.79301322762892,2.75987793561965,0.0763472246307209,-0.443374083844354,-7.6756664638232,-7.30402947758495,2.46944868821221,9.34248806605379,-2.90381958813983,0.314406041544442,-3.41294626572893,0.424099919878649,4.33435283,0.11296959,-0.834,0.02623696,83.0703837444263,-116.585524360015,1335.98154689753,0.548104378103871,0.514016543974995,9.58138073849869,0.166589218806477,-1.20037244990227,-924.316588693046,-924.834461320803,-946.521942113238,-947.140971856611,0.604009958177757,-998.527753592515,0.643516646148594,1898.18842051493,1930.2103165731,NA,2555.37756943505,0.44259314543764,1.2599218614571
"534",-5.86,0.73,-5.86,0.83,1.359326,9.604077,-1.1484446,0.2002995,35,35,-5.89551337935862,0.741535574361127,-4.57347125544865,0.691399654415862,1.33768159829966,11.9287204765666,-1.44119159204153,0.231632642585086,1.33768159829966,9.33104244552631,-5.23449231740363,0.716467614388495,1.33768159829966,12.3656693209147,-1.45776204156368,0.232261045202276,1.33768159829966,10.0202328974431,4.19966153312232,0.0997574901033017,-0.63077473917555,-7.43537754452393,-6.41203225798522,2.26413245357969,8.797730490736,-4.25931959363208,0.539149557236335,-3.99532999333215,0.599034137325794,9.0823182,0.1777143,-0.896,0.0243109,83.8697533843505,-118.184263639864,1284.25970880946,0.144238566023835,0.141027194962617,5.70091949406649,0.112302348028479,-0.753417383428723,-913.920636891112,-916.723284074647,-930.020406164847,-934.540988325523,4.53632351018337,-975.367115840991,5.61777097188922,1877.39651691106,1897.20724467632,NA,2450.33515397906,0.579477945646423,0.810122932019285
"535",-5.86,0.73,-5.86,0.83,1.359326,9.604077,-1.1484446,0.2002995,35,35,-5.09129916071433,0.689544624041092,-5.90488852997942,0.829963680551358,1.23530616240347,9.46747495898111,-1.30733317237479,0.232949408028971,1.23530616240347,7.79187432403039,-5.49809384534688,0.759754152296225,1.23530616240347,9.63295687442641,-1.33589403527954,0.237878785886779,1.23530616240347,7.82772193974673,2.89945973481062,0.075117857053266,-0.452419506241559,-6.94091195419792,-6.91792092098785,2.11122013790838,6.74165894247456,-3.84059492172999,0.519165859055293,-4.18164906732649,0.580889698252649,6.00009741,0.1544126,-0.892,0.02138313,115.37309169311,-181.190940257382,1208.51012800396,0.863011130288668,0.850971401559155,6.0671532744607,0.135488039374515,-0.885168015127883,-888.598075639178,-889.164721267345,-899.220952668885,-899.505787409124,0.277260317751413,-949.991622178815,0.00384854336530975,1826.75139440719,1835.6083376844,NA,2235.82931575055,0.434945389087514,0.799237753262546
"536",-5.86,0.73,-5.86,0.83,1.359326,9.604077,-1.1484446,0.2002995,35,35,-7.01983634672389,0.856757881944344,-6.13533476662796,0.827052178573512,1.31131450841335,15.3937057918823,-2.18255364025162,0.351933476884442,1.31131450841335,7.4017914892017,-6.57758555667592,0.841905030258928,1.31131450841335,15.5892915531803,-2.18912232564396,0.352154084087631,1.31131450841335,7.73731429307526,3.05586708915374,0.0718918109347826,-0.454567954569559,-7.87323581936338,-7.16571313301156,2.42888152959566,4.95597683038797,-4.50326448862249,0.556051953587302,-4.46686145539084,0.606815480437554,7.22969618,0.18060247,-0.941,0.02650594,86.1934733829248,-122.831703637012,1325.2757345649,0.326811588433117,0.295508758337404,11.7480368412735,0.215006477394372,-1.54669275813924,-906.76922531854,-908.827003292206,-910.673396696231,-913.414449534441,2.7155578298659,-975.154278633326,4.11782958169054,1863.09369376592,1858.51322573909,NA,2527.7197654928,0.427356301769606,1.43110161901693
"537",-5.86,0.73,-5.86,0.83,1.359326,9.604077,-1.1484446,0.2002995,35,35,-6.34185597391714,0.837534711731414,-6.63011525938493,0.917936589419078,1.22781031690039,8.29180153240382,-1.35277833820118,0.299055520196304,1.22781031690039,10.1117826838894,-6.48598561665103,0.877735650575246,1.22781031690039,8.31257488631842,-1.35857248515431,0.30067163568023,1.22781031690039,10.1494150799846,2.50441519238785,0.0708622148599051,-0.402455543935366,-7.3097821203091,-7.11902782409265,2.16305758725865,8.58898938263535,-4.33216972947522,0.563949009515355,-4.83099423940258,0.667134504230286,3.97432974,0.13951048,-0.856,0.02221766,121.136283263149,-192.717323397461,1335.55488558522,0.662521853288931,0.659098288496018,8.7169411958325,0.2027807686277,-1.27885505826248,-896.608566969562,-896.795199110206,-914.122231075212,-914.358900302446,0.230296344634506,-963.424502552421,0.208763561760362,1842.77237706796,1865.41089449705,NA,2478.39244777298,0.426285763533532,1.25028801207194
"538",-5.86,0.73,-5.86,0.83,1.359326,9.604077,-1.1484446,0.2002995,35,35,-6.23176159036469,0.816788286736013,-5.7637417329074,0.89390685532425,1.36167620111757,8.19604094812383,-0.848732139804163,0.147027574589061,1.36167620111757,9.44638324130275,-5.99775166163605,0.855347571030131,1.36167620111757,8.25080159486742,-0.839708884434668,0.148514392994336,1.36167620111757,10.0088492326687,2.77288847532263,0.069870806783236,-0.423276700927992,-7.32328956833075,-6.39581723518231,1.86375780193479,12.1312501526359,-4.58492914632364,0.605109702142422,-4.40384673611265,0.668756224724272,6.47922035,0.13004719,-0.868,0.02395058,96.6296827293121,-143.704122329787,1302.34533595146,0.166002281809807,0.154576021053469,5.82089056381632,0.12764359767674,-0.793235953326836,-909.494854487751,-911.763888580101,-935.15331668151,-938.824369233474,3.66133297327825,-937.940422116539,4.18266747019594,1868.54495210434,1907.47306570965,NA,2460.98654957313,0.420382023991666,0.942256247117852
"539",-5.86,0.73,-5.86,0.83,1.359326,9.604077,-1.1484446,0.2002995,35,35,-6.54723629638461,0.870903382997934,-5.52081421435634,0.7373272973116,1.26988295450394,7.04120860880838,-0.750740604312122,0.151576778377498,1.26988295450394,10.6413382654828,-6.03402525537048,0.804115340154767,1.26988295450394,7.3045941814272,-0.785016965306961,0.156037421044318,1.26988295450394,10.7092082015022,2.95583958582354,0.0806451651837455,-0.473489034081332,-7.31636053417548,-7.08575020520767,1.84595430260814,12.8689635854904,-4.38043154610187,0.58814622197445,-4.22917748317623,0.567466032039525,3.9811172,0.0932178,-0.748,0.0242466,98.7459450540975,-147.936646979358,1339.6998061761,0.976403311937443,0.964689345560608,7.6239278399383,0.156374512733029,-1.05147647025422,-897.785391461462,-898.727760566235,-925.635809688989,-926.04273026422,0.39644545533072,-937.501867387177,0.247194906892344,1845.12602605176,1888.43805172461,NA,2531.46296537285,0.46137405107028,1.01489834561549
"540",-5.86,0.73,-5.86,0.83,1.359326,9.604077,-1.1484446,0.2002995,35,35,-6.49060059672664,0.827885821584618,-5.3071858824605,0.77702600926786,1.35565096312425,9.22953756552526,-1.11539522989448,0.185119976407898,1.35565096312425,7.693782806764,-5.89889323959357,0.802455915426239,1.35565096312425,9.57965516201065,-1.1304422924596,0.185766656535122,1.35565096312425,8.19831736150034,3.53614373147991,0.089688464713575,-0.541661961496245,-7.51601233377172,-6.63560722030469,2.02175069439294,8.36046609982928,-5.13356870836126,0.670770172683129,-3.40199391546247,0.50788356253765,4.96580085,0.10193328,-0.864,0.02799543,72.678650385954,-95.8020576430707,1279.04678911304,0.0184089823008781,0.0128728718780975,8.54077460185978,0.16238657984942,-1.1273483482202,-905.204833888859,-907.696027451967,-921.211481657226,-925.160351165912,3.94630858449538,-946.028344320179,4.87401653632045,1859.96491090656,1879.58939566108,NA,2462.29152058301,0.538265694021078,1.12587501298917
"541",-5.86,0.73,-5.86,0.83,1.359326,9.604077,-1.1484446,0.2002995,35,35,-4.89338740839208,0.566792135930284,-4.83020686165776,0.645120067547303,1.44102973681509,9.63054787885204,-1.12298609117659,0.202427307934286,1.44102973681509,9.59107110397088,-4.86179713502492,0.605956101738794,1.44102973681509,9.63154582422344,-1.12174889079056,0.203961124152136,1.44102973681509,9.77099271350152,2.62034799385097,0.0603302789872324,-0.380186923570025,-7.47432776140146,-6.94448966699717,2.50550684043607,9.17122180607936,-3.75089941730298,0.453570475562191,-3.44839659776071,0.468843479595643,4.32901589,0.07872432,-0.767,0.0271216,76.3220560553887,-103.08886898194,1319.78219061563,0.506600910414378,0.470637563697659,7.63115236754325,0.170652532503942,-1.08534592809408,-928.924271190192,-929.726101489576,-949.993370587307,-951.172546026363,1.15518716926534,-1001.49486937644,1.31088502893036,1907.40378550922,1937.15317352124,NA,2536.47551224933,0.382004750864665,1.11539969000474
"542",-5.86,0.73,-5.86,0.83,1.359326,9.604077,-1.1484446,0.2002995,35,35,-7.28149492710871,0.912349010750507,-6.562126063063,0.98651333833254,1.25849401119987,7.9783605264418,-1.24182803273096,0.2571373214942,1.25849401119987,8.23619945192907,-6.92181049508586,0.949431174541524,1.25849401119987,8.10773341708141,-1.22849015570961,0.258512408365623,1.25849401119987,9.18344542965653,2.97331734220615,0.0798909694192659,-0.466178678016922,-7.80369683962709,-6.64247610333681,2.03209671164118,7.57105186621775,-5.09690766763489,0.635127708887343,-4.84937690843774,0.730395387001044,6.37318624,0.18880299,-0.905,0.02224517,116.06845590672,-182.581668684602,1352.71557244491,0.0188915135245189,0.0188200806273304,7.01008321939242,0.149327350472033,-0.953238924510972,-893.422044499688,-897.967244518232,-907.228380652989,-914.062684940777,6.97394278032984,-944.195237593721,9.21293549195418,1836.39933212821,1851.62319365261,NA,2522.84947620522,0.482950151298872,1.07278263594293
"543",-5.86,0.73,-5.86,0.83,1.359326,9.604077,-1.1484446,0.2002995,35,35,-5.7897976326265,0.696340772591887,-5.48611114114228,0.706865372545458,1.33832603090047,7.98508423215145,-1.01634883992851,0.215024980580699,1.33832603090047,10.5999064103799,-5.63795438688439,0.701603072568672,1.33832603090047,8.00814060342895,-1.01554979521997,0.215052672381745,1.33832603090047,10.6878574537903,2.84021161315355,0.0745390133812572,-0.442150519177095,-7.59892073168254,-7.2325313971237,2.2394170095692,10.5599770433883,-3.8008400200271,0.470416659407465,-3.78022009468332,0.486019139912606,2.93325594,0.10275272,-0.794,0.02509443,98.3017512130175,-147.048259297198,1349.99962055497,0.931004514529543,0.943370938224996,9.48678791536352,0.176303513437107,-1.22208109008284,-915.239272950063,-915.563331604524,-938.247475947274,-938.776217336643,0.5155792417911,-978.466906238251,0.617078852529176,1880.03378902896,1913.66138424118,NA,2552.95098181274,0.445131293671809,1.30041283483042
"544",-5.86,0.73,-5.86,0.83,1.359326,9.604077,-1.1484446,0.2002995,35,35,-6.46814921419686,0.749469503523586,-6.09283911384559,0.860044658633897,1.27473070182322,7.41250927017232,-0.900492289681977,0.177765786425775,1.27473070182322,9.45598994182596,-6.28049416402123,0.804757081078741,1.27473070182322,7.44772368802875,-0.890117296541775,0.180822502657693,1.27473070182322,10.2113214335057,3.7102721456844,0.0914714559196918,-0.563126043371114,-7.96074508247361,-6.92665682148732,1.92350154747758,10.5528233764003,-4.29201391904459,0.487311139471326,-4.51097219393078,0.641791751062179,4.04894602,0.11111203,-0.824,0.02326663,114.431800786141,-179.308358443444,1366.7540592058,0.0367234463927769,0.03010249296138,8.66348315805981,0.16985924942858,-1.13826038494068,-897.302195551998,-900.247840558487,-919.052193077204,-923.934629772861,4.91226002702619,-941.188501896386,5.72639766107562,1844.15963423283,1875.27081850104,NA,2554.19975996817,0.542732211017686,1.24374327993854
"545",-5.86,0.73,-5.86,0.83,1.359326,9.604077,-1.1484446,0.2002995,35,35,-6.74053227018212,0.923859391072015,-5.45188112652261,0.79326604550901,1.4131245965964,7.61552790375729,-0.914863450116471,0.170155975773102,1.4131245965964,7.89176183098772,-6.09620669835237,0.858562718290512,1.4131245965964,8.03068334627103,-0.956935766144994,0.174419631249436,1.4131245965964,8.08002145793301,2.78004454897234,0.0706890294382108,-0.429969628637282,-7.19415831528392,-6.68354853087318,1.98924310380599,9.40193034923107,-4.94280219056933,0.681282775058873,-4.10167243645996,0.593826008976237,5.84097343,0.12423418,-0.855,0.02600117,81.8365493002074,-114.117855471577,1296.41023979298,0.483949718766264,0.453552925975022,6.48118213050641,0.138557881186171,-0.914053542847003,-913.529722573318,-915.042931919051,-932.960449299888,-934.427043429932,1.43972081974417,-945.749363302238,1.49942043020213,1876.61468827547,1903.0873309464,NA,2478.70262411438,0.410326442572198,0.875409116628061
"546",-5.86,0.73,-5.86,0.83,1.359326,9.604077,-1.1484446,0.2002995,35,35,-7.10808083625269,0.887205842797414,-5.70168098867113,0.734116302913708,1.40327445123413,8.90574891479529,-1.14392441145465,0.227489461980329,1.40327445123413,9.79659077562055,-6.40488091246191,0.810661072855561,1.40327445123413,9.40023904761464,-1.19775068784435,0.23334856378578,1.40327445123413,9.98607883318542,3.27485188794935,0.0841323650403528,-0.511349466717625,-7.78007923714273,-7.28574725323667,2.20096260858098,10.2920130622789,-4.51274080139443,0.563040876382366,-4.03888349912753,0.522373222192153,5.24687905,0.13607625,-0.866,0.02422508,100.269083047877,-150.982922966916,1391.33045957278,0.700847968941585,0.671387371659457,10.073699147392,0.190279852725226,-1.31387581086042,-924.890743776286,-926.449800397751,-944.83406820066,-946.051962872254,1.1934496900176,-973.402459056511,1.17003902307518,1899.33673068141,1926.83456874795,NA,2631.67799617864,0.478617261745032,1.36811754476891
"547",-5.86,0.73,-5.86,0.83,1.359326,9.604077,-1.1484446,0.2002995,35,35,-6.69853694835121,0.866430873127881,-5.88859790117406,0.78517048846551,1.41706550766344,8.23596447387552,-1.05901675067315,0.19939101270847,1.41706550766344,7.90617758166506,-6.29356742476264,0.825800680796696,1.41706550766344,8.39996478891107,-1.07547074030482,0.201041825237339,1.41706550766344,7.98207994684496,2.63984431951962,0.0689994785238362,-0.413436822677462,-7.49430724259731,-7.16849653950402,2.1027132220728,8.64429676536278,-4.85544210655976,0.63451941399725,-4.68666353432371,0.635323446136996,5.23880512,0.13005526,-0.87,0.02434747,101.372743365392,-153.190243601947,1324.56062370731,0.843842311034642,0.838585053156247,6.91835648409697,0.136275228576609,-0.920833734325844,-916.955785955121,-917.564584422835,-933.756147927262,-934.350190968174,0.579525928481247,-956.693704607242,0.622912497620537,1883.46681503908,1904.67872820115,NA,2495.93100381268,0.399852009694482,0.958200835063364
"548",-5.86,0.73,-5.86,0.83,1.359326,9.604077,-1.1484446,0.2002995,35,35,-5.90690545797879,0.722313049158303,-5.07840195461892,0.625973505309204,1.24150206679006,7.57182449477189,-0.767669670042312,0.131179492258004,1.24150206679006,9.62470381893369,-5.49265370629886,0.674143277233753,1.24150206679006,7.74342900854179,-0.78762408244008,0.133499819185267,1.24150206679006,9.68698116310394,3.19871199895161,0.0801452969997912,-0.493465143056023,-7.56129245409328,-7.30675502322059,1.95173014148078,10.6857401777243,-4.32102575925676,0.539594918127582,-3.68437984227147,0.451653884772514,4.07434109,0.08496991,-0.769,0.02200113,123.619584002877,-197.683924876917,1322.16539456791,0.647366133225639,0.585417876812738,6.94528718317149,0.122545610741943,-0.892565241063234,-887.150708817732,-887.733106825493,-913.701497694952,-914.110609081921,0.39858611362234,-945.158283783197,0.338044814925928,1823.8566607643,1864.56942773653,NA,2446.6468642589,0.458006705998079,0.85644838732178
"549",-5.86,0.73,-5.86,0.83,1.359326,9.604077,-1.1484446,0.2002995,35,35,-5.31738272010501,0.685760323570258,-6.23531667383598,0.807319259055555,1.22677125890074,9.74809640339331,-1.20088765879285,0.217970916372449,1.22677125890074,10.6399602839128,-5.77634969697049,0.746539791312907,1.22677125890074,9.95874708924638,-1.22878342735819,0.221665060071528,1.22677125890074,10.693495199115,3.97429830600622,0.108747243528983,-0.64068917435616,-7.18954139653109,-7.38325866842367,2.073972623409,10.3101838068367,-3.85324188505762,0.496814835729729,-4.57042783391424,0.60499100735196,5.28295476,0.11494005,-0.825,0.02360664,102.623181396386,-155.691119663935,1329.44627171044,0.611764962527077,0.529958003834978,7.41684084138323,0.155632892887644,-1.03181484073489,-898.166980462574,-898.758296346664,-917.165466083748,-917.486674457057,0.312747994405004,-958.89865313613,0.190375460858285,1845.88920405398,1871.49736451412,NA,2503.20142375694,0.609945528600895,1.00920786831823
"550",-5.86,0.73,-5.86,0.83,1.359326,9.604077,-1.1484446,0.2002995,35,35,-5.83684379653294,0.834624917109487,-6.81880742063891,0.928585978502457,1.48212531953878,8.44253372942662,-1.09327672303774,0.195337180109987,1.48212531953878,6.7188173828541,-6.32782560858592,0.881605447805972,1.48212531953878,8.68359686919344,-1.1163433091303,0.19754435037451,1.48212531953878,6.83727459680942,2.44049959151581,0.0649513977452133,-0.380173595014196,-6.82210574631534,-7.24427368092828,2.10902570069939,7.49939371067616,-3.76245566633161,0.54186662678231,-4.8060390512741,0.66007157633543,3.77117386,0.09537977,-0.849,0.03040651,59.1649294710113,-68.7746158131852,1281.12177318008,0.244143989115964,0.192364194420887,10.1679520268778,0.212880476954262,-1.42895285379287,-920.925954995162,-921.874414166133,-934.738048394793,-935.80414716385,1.04356537399816,-953.00509188607,1.18317130857857,1891.40715311916,1906.64252913621,NA,2493.46893054698,0.395875633373291,1.32118660200146
"551",-5.86,0.73,-5.86,0.83,1.359326,9.604077,-1.1484446,0.2002995,35,35,-6.94296670216113,0.924871657779195,-5.26733779363746,0.794860712274143,1.25199753070204,13.9218929691972,-1.68114550053799,0.258354674102929,1.25199753070204,10.3899948442583,-6.10515224789929,0.859866185026669,1.25199753070204,14.6238260289673,-1.73560802521618,0.262580385590709,1.25199753070204,10.9874251198219,3.77985989571132,0.101209377573664,-0.600968594561931,-7.39056192416562,-6.48950458605299,2.08826684565823,9.85835687001808,-5.31181176941998,0.713758283280677,-3.91626912228196,0.592116537422028,7.72834724,0.11181849,-0.901,0.02577702,83.7506517633173,-117.946060397797,1306.84320330249,0.133850480276263,0.102771925905704,9.68721608049684,0.208444995131458,-1.367033872553,-904.983052313675,-907.318787840016,-920.632727602906,-924.211328423423,3.56674952831943,-959.154549406093,4.26090363836727,1859.52134775619,1878.43188755244,NA,2495.74034620718,0.5766990111965,1.32669477558899
"552",-5.86,0.73,-5.86,0.83,1.359326,9.604077,-1.1484446,0.2002995,35,35,-4.46998208093892,0.548502109791334,-4.66504440898485,0.672361787231474,1.21703506322484,9.14453708730589,-0.973976776331419,0.155644782067827,1.21703506322484,9.9475827748814,-4.56751324496188,0.610431948511404,1.21703506322484,9.15404941526156,-0.980016865589541,0.159480086991721,1.21703506322484,10.1874737578097,2.81774134004262,0.0678067054339324,-0.418306930494434,-7.15988967677752,-6.61702809778068,2.13931282207849,9.59354425535623,-2.89964658953941,0.352808891655185,-3.53382522607087,0.518183169279857,4.87826078,0.08947011,-0.843,0.02593504,82.154742797029,-114.754242465221,1216.06312777016,0.0936064176041698,0.0810938515880091,5.79476770134386,0.12523776042351,-0.799692700597499,-887.155670030521,-888.60103384037,-910.920506994677,-912.437830997737,1.49006289101094,-964.20719191832,1.54742494364082,1823.86658318988,1859.00744633598,NA,2317.3720130751,0.421333184169536,0.87087555287529
"553",-5.86,0.73,-5.86,0.83,1.359326,9.604077,-1.1484446,0.2002995,35,35,-6.32309956294503,0.826273584054205,-5.90620160768177,0.81019914267125,1.43517366185726,11.1363753946401,-1.35783817844436,0.236488045159876,1.43517366185726,9.63736923405864,-6.1146505853134,0.818236363362728,1.43517366185726,11.1798263709158,-1.3595135288805,0.23655264207632,1.43517366185726,9.70064275604009,3.91616104242542,0.108504922625474,-0.636944943402865,-7.35811659399791,-7.0369860009141,2.234025969161,10.1427513006508,-4.6727944667084,0.614165842673059,-4.36454872045385,0.606546568145681,6.95265037,0.15026021,-0.859,0.02415846,91.4017588847838,-133.24827464073,1351.57537151239,0.752367045902679,0.717942905896734,7.64186284785342,0.156378308752776,-1.05251032280421,-931.478996030449,-931.743567368132,-949.301041181825,-949.716183841096,0.404479660343297,-976.589807180361,0.492980418888006,1912.51323518974,1935.76851471028,NA,2569.90246838405,0.601062683824862,1.01697217900413
"554",-5.86,0.73,-5.86,0.83,1.359326,9.604077,-1.1484446,0.2002995,35,35,-5.2752254002341,0.636436221350953,-5.67787950521799,0.83010995484641,1.45996009981176,7.9983925019058,-0.883193620803467,0.16109816137731,1.45996009981176,8.63520044837152,-5.47655245272604,0.733273088098682,1.45996009981176,8.03892508397088,-0.902689501758341,0.170475540138827,1.45996009981176,9.03050586890402,2.66301350199334,0.0680466815252257,-0.412949991474699,-7.44124431409409,-6.69004043182786,2.17592601353677,9.94240117784257,-3.32626320247965,0.395995989134057,-3.57274851716082,0.523240090363913,3.17450929,0.09210792,-0.795,0.0279879,71.6678149256163,-93.7803867223952,1292.969216773,0.139570256304322,0.125497440916367,9.66876561057586,0.196491196619463,-1.31062272725653,-923.453548724522,-925.94636198614,-946.569729759525,-949.38428489072,2.78985048004403,-969.498775519851,2.82036847355439,1896.46234057788,1930.30589186568,NA,2492.15804682361,0.394243628710173,1.34499824188477
"555",-5.86,0.73,-5.86,0.83,1.359326,9.604077,-1.1484446,0.2002995,35,35,-5.64080751687907,0.689553210586353,-6.30942216002776,0.781109196402997,1.50694100371504,7.74057647470283,-0.77224287272486,0.129256974875385,1.50694100371504,8.02491434461449,-5.97511483845341,0.735331203494675,1.50694100371504,7.85233785996104,-0.787546790921088,0.1313525995101,1.50694100371504,8.04608239032048,2.795050964481,0.0725421955378595,-0.433629854946191,-7.49036915394793,-7.61351692552638,2.10373685813854,10.1206858591667,-3.96874837787178,0.491239774552382,-4.5592873880666,0.572680199444902,3.51144947,0.07507008,-0.769,0.02578669,96.9740102148611,-144.392777300885,1365.78935752308,0.689787146909918,0.607637859654669,8.8160831337621,0.155650736160263,-1.12688103687297,-924.15357639538,-924.533336140007,-949.74914602401,-949.913139620919,0.159494822116095,-961.798353851059,0.0771395475953327,1897.8623959196,1936.66472439465,NA,2587.18593774527,0.430824579561202,1.11186293846223
"556",-5.86,0.73,-5.86,0.83,1.359326,9.604077,-1.1484446,0.2002995,35,35,-5.28650708093024,0.673306366227778,-5.30526132325735,0.856062448841567,1.34448456389104,7.28166457594993,-0.944502052355096,0.208706098673489,1.34448456389104,10.3231367449228,-5.29588420209379,0.764684407534672,1.34448456389104,7.28175250635124,-0.945358915320118,0.217056045106574,1.34448456389104,11.1235372822023,2.91621616198458,0.0785527604373977,-0.462712491073784,-7.23286321249461,-6.1628040063661,2.15174885063735,10.800841557136,-3.84991539940755,0.503072807782504,-4.1606178829665,0.660073701229276,5.7049427,0.13558915,-0.828,0.02571744,77.8800884717423,-106.204933814647,1299.98401159351,0.0933027405576147,0.0799123813499524,5.09325646906177,0.147141733265302,-0.793192427674871,-913.830097886183,-916.766740626904,-937.681875864517,-942.462922136503,4.80672783179166,-969.404688873563,5.3660908092116,1877.2154389012,1912.53018407566,NA,2493.76308937238,0.455951063371931,1.01107090805327
"557",-5.86,0.73,-5.86,0.83,1.359326,9.604077,-1.1484446,0.2002995,35,35,-5.78464190927902,0.692092161379886,-5.19752042194283,0.666167558394568,1.35834181727843,10.3675388305261,-1.36605332585479,0.236961615515667,1.35834181727843,7.99563591588053,-5.49108116561093,0.679129859887227,1.35834181727843,10.4537167407491,-1.36985854872062,0.237129636775653,1.35834181727843,8.1173255444035,2.52189482500925,0.0652958922098393,-0.393948598887214,-7.61907713452383,-7.1864077232695,2.36609004375224,6.97389791457015,-4.12466142242212,0.501644816820942,-3.54888888977808,0.45253464515407,5.48945189,0.12924462,-0.879,0.02549768,89.8721283428849,-130.189013556932,1305.89464253397,0.583986941838921,0.532812799877571,7.59138668981982,0.146776942716699,-1.01389029420278,-911.716193384982,-912.349141683834,-924.086503019578,-925.027089370467,0.919878796445475,-978.949463342009,1.18074851290693,1872.9876298988,1885.33943838578,NA,2481.60027151101,0.375987502515209,0.994456589784028
"558",-5.86,0.73,-5.86,0.83,1.359326,9.604077,-1.1484446,0.2002995,35,35,-6.36199957754406,0.709601013693533,-4.44540161663382,0.584161015906139,1.39242531449889,5.60315311262246,-0.598403449901022,0.114964498122895,1.39242531449889,7.15247988049272,-5.40370059708894,0.646881014799836,1.39242531449889,6.52149004856379,-0.658507960894998,0.11889829638412,1.39242531449889,8.03672160077361,2.77713331138726,0.0665801758359068,-0.416571498893615,-8.0921215914666,-6.92286267728888,2.11423623365197,8.11299933117181,-4.71789823345879,0.537357105248503,-3.22072497203904,0.422044574044297,3.3924341,0.08571122,-0.786,0.0245397,107.698758174894,-165.842273220951,1326.4536774904,0.016744996783004,0.0107665153973616,7.41213776074175,0.115043515166201,-0.876467456824764,-899.465824880288,-904.621018626378,-923.268961556041,-930.477162070461,7.37547811960579,-956.049386461954,8.44410238783739,1848.48689288941,1883.70435545871,NA,2487.06508175985,0.394996821355505,0.953070851297791
"559",-5.86,0.73,-5.86,0.83,1.359326,9.604077,-1.1484446,0.2002995,35,35,-5.46128392907053,0.702583882929676,-4.69924502388254,0.654997627009239,1.32448584329433,5.73289647180957,-0.707130606337013,0.132708431905276,1.32448584329433,6.222118676896,-5.08026447647653,0.678790754969458,1.32448584329433,5.87807229506459,-0.716196250927914,0.133274544843407,1.32448584329433,6.37719889062218,1.99459826700412,0.047237314099411,-0.291062664277414,-7.23321219226251,-6.75467988596194,2.02513536179555,6.62776102303412,-3.88121289711396,0.493559922405661,-3.20839009302328,0.440126534533295,2.95755195,0.06333715,-0.81,0.02886589,74.1763605071735,-98.7974778855097,1187.12278709033,0.351134846006348,0.333222008467435,6.59364027966949,0.141857923857529,-0.93265677994276,-885.370660944358,-886.447001836224,-902.531229775766,-904.018425768271,1.4601607928592,-939.273637007533,1.76408030680276,1820.29656501755,1842.22889189816,NA,2275.44809629516,0.305322879347879,0.894407514329438
"560",-5.86,0.73,-5.86,0.83,1.359326,9.604077,-1.1484446,0.2002995,35,35,-6.34141208705659,0.834976672355606,-6.35735526745876,0.995928925651441,1.34150739290653,7.88842907964835,-0.727001523050448,0.140576200664303,1.34150739290653,11.9299655520365,-6.34938367725768,0.915452799003524,1.34150739290653,7.88849262589869,-0.727643045753056,0.147052607624555,1.34150739290653,12.5528573657294,2.97035138668038,0.0808172760948869,-0.474491122821509,-7.32457837010625,-6.38160967495633,1.79843603247784,16.1540407784935,-5.04055869918734,0.667988800904183,-4.39192440449727,0.675705929011112,4.61723626,0.06553156,-0.787,0.02491319,97.4876221109633,-145.420001093089,1357.64155137961,0.115398231497133,0.112420819246849,7.88594095180067,0.19292316800148,-1.13789418383638,-913.36143521515,-915.81249634035,-946.427714211165,-949.721205265369,3.27585121249183,-938.552829872594,3.42988910245463,1876.27811355914,1930.02186076896,NA,2569.86310166614,0.465107698507189,1.35388070103141
"561",-5.86,0.73,-5.86,0.83,1.359326,9.604077,-1.1484446,0.2002995,35,35,-6.29333174291624,0.786641107758861,-6.03069067386911,0.876478682455732,1.39074404134075,8.15171904026576,-0.986335885767672,0.155027874370504,1.39074404134075,5.77686736725451,-6.16201120839267,0.831559895107297,1.39074404134075,8.16896412305329,-0.980437126602922,0.157045571827358,1.39074404134075,6.19028538847215,3.43130327463045,0.0847321450301843,-0.526002930988259,-7.56446881204829,-6.76659872020961,1.94017446009425,6.57805865111737,-3.82050417975076,0.462686801201907,-4.29144674624283,0.626471221245635,3.91242216,0.09779228,-0.887,0.02714862,87.297175441058,-125.039107753279,1242.15080830537,0.0292694822211754,0.0252975279022789,9.56405002052717,0.185918005205164,-1.2886495468462,-896.584393346112,-899.591946014525,-910.036455057159,-914.181568645895,4.1482921118742,-928.544462842417,5.15243578096647,1842.72402982106,1857.23934246095,NA,2359.26250885745,0.48430554321512,1.22586097866659
"562",-5.86,0.73,-5.86,0.83,1.359326,9.604077,-1.1484446,0.2002995,35,35,-6.15681913373715,0.847664466961312,-5.60842188470586,0.810069010308022,1.39758891140773,6.68324278332616,-0.750857635381543,0.168265174407017,1.39758891140773,10.3586031515874,-5.8826205092215,0.828866738634667,1.39758891140773,6.75842766901243,-0.756011946632727,0.16861852899726,1.39758891140773,10.4267416761086,2.86276272011652,0.0804002260628273,-0.466186694137381,-7.06439481974425,-6.73998157288398,1.98402229328319,12.7902189438561,-4.86806716463565,0.685155038578595,-3.92674049504608,0.561996581824577,5.41449928,0.11015229,-0.826,0.02529093,86.0506487889269,-122.546054449016,1322.68390972118,0.457456872999583,0.354754812882152,5.94586891957287,0.143897476692993,-0.861044469837714,-919.073781876304,-919.437219633485,-947.391556047588,-947.810220849092,0.407921608459086,-954.974396280814,0.457747953537406,1887.70280688144,1931.9495444418,NA,2522.82176499333,0.454391197619774,0.98423599473784
"563",-5.86,0.73,-5.86,0.83,1.359326,9.604077,-1.1484446,0.2002995,35,35,-5.21556806312536,0.643065101450034,-5.42403201874666,0.742100659927969,1.51332512931503,11.9563659689607,-1.38932274847142,0.186949761011545,1.51332512931503,5.81080771214065,-5.31980004093601,0.692582880689002,1.51332512931503,11.967230274159,-1.39448408453829,0.189401771472304,1.51332512931503,5.90939182152359,3.50002145337196,0.0910554514889759,-0.549461558808548,-7.3420938247091,-6.96052955033181,2.35459984523259,5.70041043207767,-3.5421044340461,0.434406008091402,-3.74609122440794,0.518173645080528,7.31557549,0.12714704,-0.942,0.03132555,50.8224802125366,-52.0897172962357,1223.31048111727,0.212267828220642,0.200370871294925,7.07071218579687,0.136123269016215,-0.947136168237764,-914.878613706201,-916.197662763307,-931.081410705723,-932.087373688306,0.984276714506291,-971.666633680057,1.09815553421824,1879.31247054124,1899.32925375807,NA,2394.5312449383,0.518387885925884,0.906352030363161
"564",-5.86,0.73,-5.86,0.83,1.359326,9.604077,-1.1484446,0.2002995,35,35,-5.53400640186579,0.688417684939294,-6.56993413371833,1.00184206012112,1.58743568606001,9.69751128116886,-1.28107228886275,0.22106268825023,1.58743568606001,6.26374627158162,-6.05197026779206,0.845129872530207,1.58743568606001,9.96579784757414,-1.3622435393851,0.245621397989759,1.58743568606001,6.78225656381772,3.13066942484714,0.0801693209283224,-0.487354579811458,-7.39033320690006,-6.55895961618626,2.38633390138203,6.35173751523028,-3.51606304355288,0.430231906222848,-4.72026202937479,0.728566488863045,5.62557855,0.1359536,-0.897,0.03169103,44.1183773901888,-38.6815116515402,1284.77441866147,0.00397300799652962,0.00251071182645591,9.06088408417778,0.21641736449184,-1.33569886484144,-936.135967192127,-940.792238088076,-947.301965918661,-952.128510143411,4.85406545793036,-978.193437805554,4.68833036618218,1921.82717751309,1931.77036418395,NA,2530.8673256714,0.459060204283727,1.36486866918823
"565",-5.86,0.73,-5.86,0.83,1.359326,9.604077,-1.1484446,0.2002995,35,35,-5.69322311854877,0.732658163873169,-6.08730359667218,0.827457109324102,1.28376676467215,8.42307369062606,-1.11542131255258,0.217439897756951,1.28376676467215,9.27647700635635,-5.89026335761047,0.780057636598636,1.28376676467215,8.46189854643555,-1.12476091598981,0.219686607771603,1.28376676467215,9.31189674779752,3.44939095644635,0.0837575224992634,-0.520233246190472,-7.28597659819548,-7.11526949042762,2.07808711507982,9.21878189683808,-3.96480228484383,0.512935448166255,-4.41484661177778,0.617377598596004,4.3947355,0.16595914,-0.869,0.02242226,113.50444729274,-177.453651456642,1297.26172934679,0.663801509711952,0.64207014184559,8.91178164355419,0.162799051476517,-1.17347130597161,-901.990570292076,-902.298123570278,-919.570548726798,-919.811401586433,0.234374330474318,-955.832554420444,0.163300415771355,1853.53638371299,1876.30752980022,NA,2417.06980723694,0.496731705199591,1.08012946558223
"566",-5.86,0.73,-5.86,0.83,1.359326,9.604077,-1.1484446,0.2002995,35,35,-6.26329338397667,0.728141912127494,-5.47642970305273,0.867952347462468,1.36830545285006,5.69628074315019,-0.591901199276335,0.125596582370514,1.36830545285006,8.74933696994127,-5.8698615435147,0.798047129794981,1.36830545285006,5.85106935623948,-0.564398260831521,0.130483321827653,1.36830545285006,10.4589519516458,2.9796867044361,0.0741630436070643,-0.459487506146455,-7.8829535228545,-6.26313544692499,1.87580843043314,11.3034025077158,-4.18039605459774,0.474988447433807,-3.96541025853109,0.63494391752449,2.92172884,0.07692755,-0.705,0.02524244,99.4505829536939,-149.34592277855,1343.42906601314,0.00129660958715946,0.00134358373387115,7.79907718901922,0.165348819631656,-1.02669524719389,-903.557150839159,-910.055989298972,-931.509235081502,-942.819273314288,11.9242794781163,-937.240269749193,13.5290009684757,1856.66954480716,1900.18490250963,NA,2537.51220924773,0.419509534694996,1.30954411438339
"567",-5.86,0.73,-5.86,0.83,1.359326,9.604077,-1.1484446,0.2002995,35,35,-5.60779120132888,0.730983079835784,-5.31598447712472,0.765247206860853,1.40175170812104,9.21551623672314,-1.03940316902046,0.163352531549152,1.40175170812104,7.59941483182321,-5.4618878392268,0.748115143348318,1.40175170812104,9.23680402779583,-1.03690354335423,0.16364603914935,1.40175170812104,7.75480908017849,2.73841296746815,0.0753429246187438,-0.438026184021319,-7.21052439820915,-6.71458087171137,2.0746718424627,8.54486142848367,-4.09275794547631,0.537199169287349,-3.94088578646694,0.569761318571783,5.25197549,0.09620117,-0.866,0.02766224,72.3420856559914,-95.1289281831453,1240.68886748843,0.441872700546005,0.403616808495306,7.05421722383414,0.147975831649582,-0.98013735277487,-909.760629611376,-910.588037273911,-928.640527612731,-929.894157642116,1.22878231772884,-953.041717424532,1.47806105011226,1869.07650235159,1894.44748757209,NA,2386.24880679371,0.439846196318879,0.9637773485893
"568",-5.86,0.73,-5.86,0.83,1.359326,9.604077,-1.1484446,0.2002995,35,35,-5.82911554020762,0.749506266674459,-6.17762864413442,0.807234725969555,1.25460566797538,12.0204529228831,-1.30490016411387,0.18299885952292,1.25460566797538,9.57493929579136,-6.00337209217102,0.778370496322007,1.25460566797538,12.0508182687852,-1.30992994524733,0.183832003276067,1.25460566797538,9.5808572475449,2.42669713274465,0.0602945168043892,-0.365595125587858,-7.32149238314467,-7.32607426497389,1.9448890557072,10.3253624293103,-3.6336138771483,0.462447079216659,-3.96588261765761,0.523169827855287,3.08870449,0.07036803,-0.816,0.02846408,76.7950757386499,-104.034908348462,1286.59969257088,0.802402886169783,0.79466294051951,13.353821672857,0.229018480118241,-1.7091707526665,-893.82702139731,-893.947601408976,-915.945192224042,-915.984354694971,0.0380541871669304,-943.201653836494,0.000113419515638055,1837.20928592346,1869.05681679471,NA,2469.16447679329,0.37271870868164,1.56837155198823
"569",-5.86,0.73,-5.86,0.83,1.359326,9.604077,-1.1484446,0.2002995,35,35,-6.4350472034429,0.795261129395712,-5.87743585425648,0.803512684543993,1.34463132838644,11.7634174938466,-1.50507287928125,0.244433057615349,1.34463132838644,8.1385059591275,-6.15624152884969,0.799386906969853,1.34463132838644,11.8411500980319,-1.50392258908146,0.24445007965594,1.34463132838644,8.37820141935612,2.69116468052752,0.0750642446337463,-0.434569822213896,-7.65482841426398,-7.04805643475749,2.18824293427967,7.63038565116038,-4.3201701841077,0.534726119860891,-4.22469064097851,0.578244043981701,6.66338894,0.15262734,-0.912,0.02577291,86.5012523777481,-123.447261626659,1314.03658157038,0.383123934489974,0.363885524132588,8.99213530251381,0.16677745283327,-1.17803621268933,-910.705469530165,-911.889426337712,-922.704033188304,-924.516409347791,1.78358381210728,-962.57423559694,2.31991598799202,1870.96618218917,1882.57449872324,NA,2504.6259015141,0.432899068886975,1.15258480566047
"570",-5.86,0.73,-5.86,0.83,1.359326,9.604077,-1.1484446,0.2002995,35,35,-5.91295334969387,0.705105449411244,-6.95561863795927,0.932989988542193,1.30353253576872,10.3206540793725,-1.57396352093137,0.298730471650318,1.30353253576872,7.8622630198397,-6.43428599382657,0.819047718976718,1.30353253576872,10.5924418052109,-1.63336534560242,0.31171331244405,1.30353253576872,8.0174113050889,2.78311639402832,0.0727657103320038,-0.430251504378266,-7.66985877229396,-7.35484694605675,2.32422924617058,6.09472471172946,-4.16276100460113,0.501732484088808,-4.93541269643085,0.658197049697229,6.97739391,0.19379851,-0.926,0.02174418,123.58657883706,-197.617914545283,1340.76271873311,0.409734734599885,0.371145810468942,8.57515689151766,0.1870152466843,-1.21753006986509,-904.156337058227,-905.491258845572,-912.950120926146,-914.164981148455,1.19045026911613,-970.487360982714,0.716120601765853,1857.86791724529,1863.06667419892,NA,2483.90752292094,0.443252281382244,1.18587325417206
"571",-5.86,0.73,-5.86,0.83,1.359326,9.604077,-1.1484446,0.2002995,35,35,-6.26646442860518,0.837755237630034,-5.80615558098401,0.807213040855959,1.48484586862652,7.28611267832375,-1.04444201075201,0.227421222728071,1.48484586862652,8.22868400035258,-6.03631000479459,0.822484139242996,1.48484586862652,7.33908373712332,-1.04795672160224,0.227654429174018,1.48484586862652,8.2757361674614,2.29988464032164,0.0604857249544446,-0.355787080020236,-7.23307673875861,-6.95473039611884,2.25280868834823,8.71148908139534,-4.60692616828548,0.625722987150582,-4.25668078896142,0.593426067151228,5.53522674,0.16106636,-0.874,0.02645121,77.9906751226129,-106.426107116388,1316.92487761069,0.833038730740011,0.836770732592362,7.081969969492,0.155928616830944,-1.00188868170085,-928.640528636866,-928.961741859169,-947.693222259863,-948.049208426006,0.346695949636768,-973.829265377434,0.421412934368064,1906.83630040257,1932.55287686635,NA,2527.42364810499,0.371005474662826,1.016653314461
"572",-5.86,0.73,-5.86,0.83,1.359326,9.604077,-1.1484446,0.2002995,35,35,-6.97016583424728,0.825535098168881,-5.73312941072215,0.765894859289825,1.29438156601955,9.17094511940864,-1.18160282635983,0.225080890373028,1.29438156601955,9.87615508696834,-6.35164762248471,0.795714978729353,1.29438156601955,9.55350989769059,-1.20004711331011,0.225970129896415,1.29438156601955,10.4077982834573,3.85950617694341,0.111533148883477,-0.640520094119595,-8.00958257310706,-7.12786725972988,2.08763886326105,9.94999890677691,-5.23349185885716,0.621223153662159,-4.08945314292536,0.547880261414462,5.16788252,0.11794707,-0.837,0.02155042,128.704843847517,-207.854444566197,1396.15979144524,0.0873076217391043,0.0906374359851669,8.83993067590838,0.176927479585664,-1.18587439249931,-907.382020333025,-909.704204467386,-925.558067648917,-928.898775317292,3.3239446359646,-959.375014474164,4.04701001992405,1864.31928379489,1888.28256764446,NA,2584.46513832429,0.616810326575512,1.23359404022282
"573",-5.86,0.73,-5.86,0.83,1.359326,9.604077,-1.1484446,0.2002995,35,35,-5.60205984616451,0.718931795756783,-6.82052653128256,0.922802538578133,1.48959183582867,10.0702373252305,-1.27963046307992,0.230642460024815,1.48959183582867,8.44743784561376,-6.21129318872353,0.820867167167458,1.48959183582867,10.4414025909161,-1.34173289012944,0.241033279969447,1.48959183582867,8.50945711621457,2.46275572641732,0.0650121397267168,-0.386293801211399,-7.27659147507894,-7.28044903006138,2.29890778208731,8.81136173561085,-4.23428817916057,0.545526584450678,-4.69242383498046,0.64023795507837,6.92081544,0.15608637,-0.903,0.02879729,61.8328638616747,-74.110484594512,1342.87437338348,0.672488122056008,0.654322869207158,8.11908224670473,0.170206792666351,-1.11772094462844,-934.002921504443,-935.152109886735,-950.114957633433,-950.572982477677,0.446397263445665,-979.150181426251,7.85091675829099e-05,1917.56108613772,1937.39634761349,NA,2611.63826217246,0.380967123463289,1.14696452556359
"574",-5.86,0.73,-5.86,0.83,1.359326,9.604077,-1.1484446,0.2002995,35,35,-6.10017027690858,0.798216832501484,-5.2559211876718,0.745413851772692,1.471234646989,7.94417180808821,-0.891231552583492,0.160811556239706,1.471234646989,8.18625847373478,-5.67804573229019,0.771815342137088,1.471234646989,8.12236093925749,-0.902376269680809,0.161508594933167,1.471234646989,8.35731960315826,4.12001362111072,0.101275842144382,-0.632773024139817,-7.30234217347221,-6.77267957960013,2.10410651569255,9.78840037038393,-4.08090301380804,0.535609901859445,-3.71949905120802,0.526693777487706,4.63175881,0.09940185,-0.847,0.02705955,76.3387812127204,-103.122319296603,1281.05686810368,0.58067937317339,0.575916273466066,7.73429267604465,0.158509153754829,-1.05289019604527,-923.229471616083,-924.121671577791,-945.11446822675,-946.405979356565,1.26625620583779,-960.779659506964,1.47068881994708,1896.014186361,1927.39536880013,NA,2458.99141691076,0.569621409251784,1.079981457504
"575",-5.86,0.73,-5.86,0.83,1.359326,9.604077,-1.1484446,0.2002995,35,35,-6.62362373730949,0.825377818090458,-5.4899523161056,0.830344129026483,1.33301766337171,10.3368753121061,-1.11552835342533,0.183032735141663,1.33301766337171,10.5192595157062,-6.05678802670755,0.827860973558471,1.33301766337171,10.6581780349197,-1.11412081223108,0.183038901202742,1.33301766337171,11.4075303601358,3.98299752657706,0.104926463854228,-0.627014078358013,-7.66397751017718,-6.5007180935478,1.96320460969044,12.3065877508629,-5.32505108907699,0.671027652204932,-3.62959944200963,0.550991867118052,6.98853546,0.13039828,-0.881,0.02305255,104.953032336178,-160.350821543519,1341.83104728815,0.0110728185393858,0.0115818892340637,8.25355148205427,0.156311002216792,-1.04951039180809,-913.073699529407,-916.115806180622,-936.785404051699,-941.985228075723,5.24360245021429,-951.140599437846,6.16407405503977,1875.70264218765,1910.73724045003,NA,2523.31127303277,0.604088010908298,1.22988898412253
"576",-5.86,0.73,-5.86,0.83,1.359326,9.604077,-1.1484446,0.2002995,35,35,-5.87892015066918,0.712403030346651,-5.20146270907551,0.78079333998575,1.21867424374531,10.2148758215584,-1.23268917554178,0.213149161270133,1.21867424374531,10.4362525151881,-5.54019142987234,0.7465981851662,1.21867424374531,10.3296129678511,-1.2211062944923,0.214318469883266,1.21867424374531,11.2898803000608,2.40872777235193,0.0700637586791004,-0.397592609329168,-7.59234847444977,-6.50743926537399,2.04401845408389,10.1867047688869,-4.45178069713523,0.541994491953776,-4.08175623344026,0.615486146482896,7.18720277,0.13627039,-0.878,0.02258533,107.904804991932,-166.254366855027,1304.25904721805,0.0290005974787034,0.0300628351921951,5.70109630349746,0.129750190648575,-0.789379460233355,-895.761757356186,-898.870103659358,-914.307143809126,-919.346291836814,5.07567398448513,-954.950127909807,6.12557361742533,1841.07875784121,1865.78071996488,NA,2442.26372758107,0.400383292549175,0.950681127281772
"577",-5.86,0.73,-5.86,0.83,1.359326,9.604077,-1.1484446,0.2002995,35,35,-5.26790834232163,0.62609984983294,-7.13036077769843,1.08481526380446,1.29734944773817,9.48403876742411,-1.2756512753693,0.250437266695041,1.29734944773817,10.276793730109,-6.19913456001003,0.855457556818699,1.29734944773817,10.3512210359344,-1.48923518534333,0.303042224448806,1.29734944773817,11.1482772350826,3.38224032236691,0.0937825683649361,-0.550185299153016,-7.49550868294503,-6.62505338358143,2.25723438853444,9.41537982963561,-3.67351138747823,0.436653572247825,-5.07065453569457,0.772235991467172,3.57242094,0.1042194,-0.776,0.02116022,130.857992867114,-212.16074260539,1339.18554751433,0.00307734859119888,0.00275053446450447,11.2450831244338,0.285893112405662,-1.72057093030456,-911.025566171209,-917.036265279451,-928.65137630661,-933.862204761726,5.25511770069711,-976.759189093021,3.83520107233315,1871.60637547125,1894.46918495985,NA,2466.21035242326,0.519938214747467,1.72986210097499
"578",-5.86,0.73,-5.86,0.83,1.359326,9.604077,-1.1484446,0.2002995,35,35,-5.84255449165843,0.737109712285635,-5.57854259146161,0.727147970779843,1.50714853399808,13.1746623522777,-1.72436116836771,0.28697048236286,1.50714853399808,8.22747790576995,-5.71054854156002,0.732128841532739,1.50714853399808,13.1920879231391,-1.72501867294376,0.286995291436318,1.50714853399808,8.25194225742387,4.30709288114686,0.10664710777403,-0.66534819344251,-7.40878679779002,-7.20412437568671,2.5701989466257,7.25037200005734,-3.83117451264865,0.483257284073938,-3.45290718328657,0.442042838467417,6.89918133,0.16440342,-0.895,0.02858158,58.8588763500336,-68.1625095712298,1328.21779489069,0.867255841996507,0.849373481083026,9.74829389334311,0.190100503066416,-1.32170135397794,-940.056581489386,-940.179248845676,-951.336656563257,-951.521998484282,0.180285006309941,-1000.41483165602,0.23506226054512,1929.66840610761,1939.83974547314,NA,2588.27308021015,0.593161682738477,1.22777353112787
"579",-5.86,0.73,-5.86,0.83,1.359326,9.604077,-1.1484446,0.2002995,35,35,-6.12200458131521,0.785985738730696,-6.26212002241535,0.916650766818909,1.25671868466044,8.74020803093085,-1.14518693899698,0.209950381574984,1.25671868466044,8.57824431488801,-6.19206230186528,0.851318252774803,1.25671868466044,8.74511611513953,-1.14976398600872,0.214218718966307,1.25671868466044,8.89215831364069,2.37277037271096,0.0688725253025766,-0.38758337093879,-7.39704616952735,-6.7586931854428,1.95699797144444,8.75210147490387,-4.69868836511987,0.616279457290623,-4.67937238802273,0.685213104032699,5.55297877,0.13927984,-0.857,0.02291328,108.456679921762,-167.358116714687,1295.601169321,0.342045929899495,0.344195503224213,6.97119672569092,0.15227066431308,-0.991814273120385,-894.221689425128,-895.846237983889,-909.427988799776,-911.685351895343,2.22860800094674,-939.487633891965,2.5408566285413,1837.99862197909,1856.02240994618,NA,2423.84422192731,0.407571460219669,0.960136849777162
"580",-5.86,0.73,-5.86,0.83,1.359326,9.604077,-1.1484446,0.2002995,35,35,-5.12647466012188,0.612109912503623,-6.20734317074789,0.885117535247564,1.2792244337301,8.73104445812096,-0.998870874943252,0.18219165303386,1.2792244337301,10.2836454666203,-5.66690891543489,0.748613723875594,1.2792244337301,9.02311364243668,-1.07264221058945,0.200824943552935,1.2792244337301,10.6167775037937,3.4977012858509,0.0812191420131262,-0.51835861035924,-7.43742342717988,-6.89178316762898,2.06156974034228,10.8114745834471,-3.68632914316805,0.444326021238314,-4.52135539170932,0.644616073653662,5.68634953,0.11021533,-0.837,0.02423969,95.9616949994554,-142.368146870073,1318.33771821749,0.0833181672049711,0.0765228979402689,6.82040131272623,0.160800806828368,-0.991227646567031,-902.601089986779,-905.558447215181,-925.246913287419,-927.283634420402,2.007593963742,-958.946970226931,1.45498201244227,1854.7574231024,1887.66025892147,NA,2494.30728956491,0.479540887763394,1.04788524139069
"581",-5.86,0.73,-5.86,0.83,1.359326,9.604077,-1.1484446,0.2002995,35,35,-6.16132487215324,0.756551238512905,-5.66338120430278,0.890552267180415,1.25013475730772,6.01973084655226,-0.661214835486938,0.139233337284601,1.25013475730772,9.62177094486016,-5.91235303822801,0.82355175284666,1.25013475730772,6.08171782064035,-0.644533594559328,0.143722406205589,1.25013475730772,10.8298177927774,2.3332324691371,0.0679443903816265,-0.378660690836507,-7.61172959590286,-6.31544247467251,1.76827002887457,11.9118820678525,-4.75598799013974,0.60697749207912,-4.38361356046015,0.686292761854641,4.66185114,0.10549743,-0.806,0.02417884,98.6562287773197,-147.757214425802,1310.51118474168,0.0313821314881401,0.0288012567815754,4.88341712192896,0.109640056774087,-0.645917941112548,-888.385622756909,-892.799319207197,-915.379865379351,-922.920091652751,7.73385022938405,-924.465473033917,8.75812697496494,1826.32648864265,1867.92616310533,NA,2473.26515505757,0.413625208318898,0.905366486055143
"582",-5.86,0.73,-5.86,0.83,1.359326,9.604077,-1.1484446,0.2002995,35,35,-7.06588605197563,0.896182164783109,-4.60285956627709,0.660173124846576,1.43853793826609,9.51692666411592,-1.05356593995391,0.15533931077023,1.43853793826609,6.98629778773898,-5.83437280912636,0.778177644814842,1.43853793826609,11.0335515314291,-1.19889006901091,0.169264377503172,1.43853793826609,7.75185347521861,2.67665764177047,0.0671453365267032,-0.41149721799874,-7.68440584927606,-6.62746015150425,2.08590788362515,8.00175596999465,-4.59774473675704,0.580881399378098,-3.04869520593977,0.445375795833986,3.6295096,0.06696553,-0.83,0.03017311,63.850667978571,-78.1460928283046,1273.54825627599,0.0182593483155541,0.0147013659372067,12.1126725348576,0.210798050406911,-1.55145908179411,-910.869217623534,-915.501601395248,-929.809474939369,-936.217149429959,6.5183878853775,-952.314597668722,7.07994609565348,1871.29367837591,1896.78538222537,NA,2468.95041972367,0.38996625668199,1.46693455852869
"583",-5.86,0.73,-5.86,0.83,1.359326,9.604077,-1.1484446,0.2002995,35,35,-5.0420128114455,0.685616584081098,-5.42069681245761,0.77973284924851,1.20783470020018,11.7518717217628,-1.34395957236077,0.224933123099991,1.20783470020018,12.4405507718637,-5.23135481195155,0.732674716664804,1.20783470020018,11.7877221149185,-1.35286965332425,0.227147590942257,1.20783470020018,12.4808549987053,2.94396240219508,0.0769585135265608,-0.462528854751239,-6.91502785055256,-6.73299149814558,2.09267842580497,12.0268248120645,-3.49921574213747,0.481750246034473,-3.38061871385186,0.489473977932976,6.57659717,0.15052514,-0.868,0.02608763,69.6330407918299,-89.7108384548224,1282.80648009299,0.87800896453792,0.863848284310467,7.61712038196148,0.14972874204693,-1.01672646722741,-901.765430404342,-902.103907914294,-923.422390150504,-923.631985296521,0.203911839012195,-966.044228312213,0.144651233357954,1853.08610393752,1884.01121264764,NA,2475.90212173116,0.440520455366671,1.03908433317714
"584",-5.86,0.73,-5.86,0.83,1.359326,9.604077,-1.1484446,0.2002995,35,35,-5.18301297530824,0.746568129491057,-6.04347622802606,0.850704972363977,1.40551973532725,9.16498484209387,-1.1456876027298,0.187501192614291,1.40551973532725,6.58675958095942,-5.61324460166715,0.798636550927517,1.40551973532725,9.35008409441331,-1.16808908436635,0.190212313125175,1.40551973532725,6.63977828183545,2.31631572447162,0.063195548958704,-0.36330773303672,-6.69289447928278,-6.9329373696351,2.08930751639202,6.93924987826223,-3.46956117031476,0.490989977272639,-4.26041079049257,0.606846524526154,4.9140591,0.10949492,-0.879,0.02898629,62.8010095239807,-76.0467759191241,1215.45626644174,0.526542341644061,0.495650604985838,7.63382609640742,0.158161200874701,-1.07201479005028,-907.563563147117,-908.108942907672,-920.527953427367,-921.015434441613,0.475205734556042,-948.31754557125,0.413373677595139,1864.68236942307,1878.22233920136,NA,2354.86575696435,0.39091792555895,0.968546367288685
"585",-5.86,0.73,-5.86,0.83,1.359326,9.604077,-1.1484446,0.2002995,35,35,-5.42848986964222,0.663938436970622,-6.74435194506824,0.952066583691324,1.21136072129713,7.74044567661631,-0.91273498195736,0.177809708098169,1.21136072129713,10.4815132629914,-6.08642090735523,0.808002510330973,1.21136072129713,8.17331892700242,-1.0075192072405,0.198564165331346,1.21136072129713,10.74981582563,2.74521922606425,0.0696536047588466,-0.425061605263579,-7.43065769958343,-7.02992683571416,1.90897970351625,11.2808159082235,-3.97992544319855,0.498747533634465,-4.85827689753705,0.695396785059104,4.49695306,0.11778437,-0.834,0.02073573,130.060868074236,-210.566493019634,1314.32223242648,0.138624927722478,0.101419224280648,7.45731118311145,0.156304680599774,-1.01884769060316,-889.959097238133,-892.924087226933,-913.108906488055,-914.725862144093,1.58903916596343,-941.470607568407,0.815124626907679,1829.4734376051,1863.38424532274,NA,2418.07797183332,0.400989608886444,1.0825290156141
"586",-5.86,0.73,-5.86,0.83,1.359326,9.604077,-1.1484446,0.2002995,35,35,-5.88161803625473,0.68183487929416,-5.85747631574934,0.743036832182556,1.44792578616959,9.72141924713344,-1.25084904651209,0.216896875184712,1.44792578616959,7.41256973139888,-5.86954717600204,0.712435855738358,1.44792578616959,9.72156495280068,-1.25047966640183,0.21783329494405,1.44792578616959,7.50965467870061,3.18791073244786,0.0882187193705467,-0.514841441535574,-7.77716349389133,-7.38839637529478,2.33844711253944,7.14958285641675,-4.2652312578438,0.502722450077403,-4.17766978329452,0.535512589698414,6.17239367,0.1421646,-0.889,0.02370856,105.538895622011,-161.522548115185,1345.20768107721,0.597005394630226,0.554850876646254,7.44408613276263,0.142571893822778,-0.985780009546433,-921.537419246467,-922.108362022814,-935.043119948558,-935.846326514067,0.784751464451718,-976.833052342311,0.943763291803718,1892.63008162177,1907.25267224374,NA,2528.89281403924,0.501453687151348,0.985653805196105
"587",-5.86,0.73,-5.86,0.83,1.359326,9.604077,-1.1484446,0.2002995,35,35,-6.40108098944373,0.824278225334316,-4.53962047212726,0.651821835262175,1.52216591592347,12.2549352286182,-1.55304770106356,0.264977078566509,1.52216591592347,8.80172885546141,-5.4703507307855,0.738050030298246,1.52216591592347,13.1211940430003,-1.63330289133311,0.272412380185687,1.52216591592347,9.24499394781761,3.42673064319644,0.0864502081349584,-0.526014586864402,-7.4479858514111,-6.61397587963663,2.53270809835908,8.32064037047401,-4.76218003266294,0.619105457203856,-2.96510568684476,0.426019508505701,6.4906151,0.1366073,-0.885,0.0313516,40.782163614963,-32.0090841010886,1316.49309557626,0.0491287305773787,0.0302948334565487,9.53703011316615,0.191679535500137,-1.2872317308501,-943.483608607324,-945.994368526924,-957.99189113832,-961.088019628717,3.07517446408721,-1001.08381361339,3.50637658513906,1936.52246034348,1953.15021462327,NA,2600.97710705143,0.510030734714641,1.31379350239158
"588",-5.86,0.73,-5.86,0.83,1.359326,9.604077,-1.1484446,0.2002995,35,35,-5.53622687284054,0.717293969554632,-6.19417402774058,0.799407021977621,1.40727479276084,10.2625177598172,-1.25664703847177,0.195319914597817,1.40727479276084,6.75955304909845,-5.86520045029056,0.758350495766126,1.40727479276084,10.3707413744775,-1.27015355077724,0.197005552942372,1.40727479276084,6.78790456235518,3.00675610009843,0.0843116979046647,-0.489637163664092,-7.2205162464474,-7.3892550833905,2.16407737132179,6.83693547805123,-4.28426240219261,0.561577199045249,-4.35827268211778,0.561233340602785,8.15385809,0.16961532,-0.927,0.02414878,97.5604944457035,-145.56574576257,1278.68162734315,0.962508797425735,0.947898929277698,5.87682006022532,0.10918535850518,-0.773748669879353,-909.170423982207,-909.456861951905,-922.410103230368,-922.665400035466,0.248455405776436,-956.478114873609,0.199782760183782,1867.89609109325,1881.98663880736,NA,2411.79750892373,0.47513431401299,0.741663944658691
"589",-5.86,0.73,-5.86,0.83,1.359326,9.604077,-1.1484446,0.2002995,35,35,-5.90770039552143,0.793015133658254,-6.36868421649627,0.886403428891408,1.37345154683265,7.35437290003264,-0.800520831257613,0.152675035479132,1.37345154683265,9.23184092700091,-6.13819230600885,0.839709281274831,1.37345154683265,7.40749942083277,-0.811283454550338,0.154855378900771,1.37345154683265,9.25175123180351,2.53115456466605,0.0577329144749253,-0.365368303727503,-7.1408626677504,-7.0454631917978,1.90845368541634,11.5850471853214,-4.27157504631736,0.566738514146253,-4.34000144147665,0.616680095951117,4.86024646,0.10552932,-0.836,0.02445726,96.4072527732186,-143.2592624176,1310.62438869892,0.672227259531587,0.658674862811864,7.15317612139067,0.148515685526718,-0.977144486800883,-910.819380590042,-911.156411585202,-935.810299948906,-935.946381722485,0.132322300183953,-942.259574214595,0.0450923081696508,1871.19400430892,1908.78703224444,NA,2477.98951498024,0.367496745711386,1.01649270315208
"590",-5.86,0.73,-5.86,0.83,1.359326,9.604077,-1.1484446,0.2002995,35,35,-5.58110878935399,0.652104259228933,-6.63698677186605,0.922851863085434,1.40426123313629,12.7945928054447,-1.7864784934409,0.345851949251809,1.40426123313629,11.6200563981508,-6.10904778061002,0.787478061157184,1.40426123313629,13.0733123839331,-1.85794760187339,0.364178015500318,1.40426123313629,11.9295013418826,2.00785987531711,0.0482611008411305,-0.294695236452159,-7.65378158795221,-7.09661540799407,2.61723007005991,9.65648386885337,-3.74261598004691,0.439655561099479,-4.54712371305193,0.636780868291019,8.25090542,0.2091572,-0.907,0.02400231,90.3565792460728,-131.157915363308,1409.86182324368,0.171954446008591,0.173402040899386,9.10083045025001,0.215584914338361,-1.30492619904617,-940.36548911911,-942.164518267718,-955.930275280934,-957.625976281435,1.66736625494344,-1013.81433017143,1.32452640879055,1930.28622136706,1949.0269829085,NA,2688.56573112406,0.312177098639644,1.4817529342497
"591",-5.86,0.73,-5.86,0.83,1.359326,9.604077,-1.1484446,0.2002995,35,35,-5.60849528173151,0.732950802260518,-5.99206601130992,0.896681325885619,1.35403211302204,10.3871023664367,-1.13112401483532,0.176063078015466,1.35403211302204,9.32026737440894,-5.80028064652072,0.814816064073068,1.35403211302204,10.423883992584,-1.1468245739356,0.182764999107104,1.35403211302204,9.59066201329099,2.80806455798703,0.0721224624670758,-0.433479260552766,-7.19950529759238,-6.60761193592943,1.99721965639543,10.7481565351202,-3.68593039271816,0.494021134955532,-4.28612629794491,0.635309882639766,4.2040494,0.07607,-0.841,0.0312044,52.2771149532514,-54.9989867776654,1269.6819069137,0.202828846832897,0.164174890032291,9.76043282630278,0.210147343389667,-1.36211106994828,-911.000535064659,-912.969671999821,-932.923846419728,-934.734256603641,1.7816239421832,-950.989483273391,1.77679917376617,1871.55631325816,1903.01412518608,NA,2484.36482704974,0.429041026323679,1.39667529029432
"592",-5.86,0.73,-5.86,0.83,1.359326,9.604077,-1.1484446,0.2002995,35,35,-4.52440689515679,0.543860836757947,-6.24142541913029,0.888959587672979,1.41216400167979,6.29005728714823,-0.907415751635957,0.202999238023506,1.41216400167979,7.92799107381812,-5.38291615714354,0.716410212215463,1.41216400167979,7.02709544006527,-1.05555098861626,0.232772524994284,1.41216400167979,8.1866177539387,3.26618298705657,0.0860542787573601,-0.511435837521368,-7.24196599470696,-6.90297546186795,2.34022694056591,7.62918083404002,-3.22295801854401,0.391300209461558,-4.47725746139612,0.635794907466187,4.5042649,0.12739565,-0.852,0.02476838,93.5907821987325,-137.626321268628,1271.84913897756,0.0829060717401377,0.0652238421670522,6.60367908042682,0.172499837812016,-1.01874931487756,-913.1896917314,-916.700345918232,-933.078483481306,-935.077433392572,1.96982883414538,-979.020853979792,0.677165082251274,1875.93462659164,1903.32339930924,NA,2406.0719566865,0.505939274212312,1.05736793241935
"593",-5.86,0.73,-5.86,0.83,1.359326,9.604077,-1.1484446,0.2002995,35,35,-5.2487355815595,0.738414135357933,-7.83234776874473,1.07286861500595,1.3966418180929,8.17638178900183,-0.822866759088577,0.123806121383314,1.3966418180929,7.71961700314748,-6.54054167515212,0.905641375181943,1.3966418180929,9.84514477244483,-1.0388919265079,0.151771071122471,1.3966418180929,8.11645323560941,2.79577257788002,0.0772015658630358,-0.450350069695787,-6.80719647257165,-7.39821541673714,1.87275360576003,10.084503773185,-3.69220652448363,0.52213775112142,-5.23683170017448,0.713027966487711,3.09759202,0.05275463,-0.731,0.02320389,117.776429024102,-185.997614919366,1294.57997349818,0.0509887657469033,0.0421544143010054,12.2382369941132,0.238130995115238,-1.67798890696062,-904.280671884929,-909.338783722103,-928.7174635139,-931.832849461843,3.09473039901524,-933.189480681657,2.00240936317904,1858.1165868987,1894.60135937443,NA,2403.162332077,0.44155435054676,1.46202889113138
"594",-5.86,0.73,-5.86,0.83,1.359326,9.604077,-1.1484446,0.2002995,35,35,-5.37741279337425,0.719261217384868,-5.37833443593505,0.755889918838796,1.30566195094894,9.83975364226075,-1.33992487367992,0.243530092158437,1.30566195094894,8.40770959419276,-5.37787361465465,0.737575568111832,1.30566195094894,9.839753854617,-1.33993331332248,0.243865507600987,1.30566195094894,8.44163844733227,3.37647876183616,0.0935176837051857,-0.545817046403031,-7.04998181347292,-6.83267913117344,2.23235114021775,7.4803584871724,-3.90879527135944,0.520031055577511,-3.4708876889297,0.49280263818137,4.66979633,0.11553922,-0.862,0.02517014,87.9804685406491,-126.405693952461,1225.78426516267,0.59763766511285,0.59433751627512,7.49431642296257,0.164856385288688,-1.0702053089126,-904.893683888748,-905.06753863207,-917.530935658331,-917.78293612854,0.245241627665783,-966.849788079946,0.296824958474594,1859.34261090633,1872.22830366329,NA,2325.16283637288,0.530413958412844,1.03553669319255
"595",-5.86,0.73,-5.86,0.83,1.359326,9.604077,-1.1484446,0.2002995,35,35,-5.67886709030167,0.76361230940994,-4.91796437494978,0.777185511200145,1.61726447368712,7.48142128649875,-1.10394582533274,0.226164443926093,1.61726447368712,6.33974577774102,-5.29841573262572,0.770398910305042,1.61726447368712,7.62616452205623,-1.10136385380819,0.226210501877802,1.61726447368712,6.72336369701063,3.54455507320272,0.0877339045246054,-0.542283595874791,-7.08720378083875,-6.24543544155571,2.4437827431187,6.40750238337034,-3.72611878039678,0.495044132953467,-3.2125982555219,0.51167303572828,2.82152423,0.09679713,-0.845,0.03476002,31.8077440436115,-14.0602449583856,1230.9253555641,0.0586368871508583,0.0491987467265818,9.42191424041247,0.217547672197012,-1.36860415389556,-938.679274854813,-941.118093900226,-952.591526489058,-956.157730693439,3.55407657162238,-984.286197676072,4.65798131156371,1926.91379283846,1942.34948532474,NA,2447.79046616981,0.507650945265272,1.37741882684916
"596",-5.86,0.73,-5.86,0.83,1.359326,9.604077,-1.1484446,0.2002995,35,35,-6.3468745803489,0.81380183326208,-5.69967552019841,0.755114638535518,1.3228918459203,7.3767591517124,-0.877886907223347,0.18734273399005,1.3228918459203,10.6935024627635,-6.02327505027366,0.784458235898799,1.3228918459203,7.48147580757732,-0.887382481540822,0.188203780696268,1.3228918459203,10.7578512367042,2.61079475251235,0.0687477263882696,-0.406425392656716,-7.45619507530864,-7.1586391348646,2.01824347696444,12.0235907543493,-4.31457724089286,0.548919468485071,-4.31480796797734,0.569427296631736,4.04247192,0.08079542,-0.767,0.02221044,121.159756988186,-192.764270847534,1360.10748916775,0.912781365885663,0.904795241783401,7.72922468023794,0.174675797600945,-1.10248072897684,-910.399133174517,-910.816413226641,-935.968147749421,-936.352298322424,0.374200684688053,-957.162318771518,0.400848177285638,1870.35350947787,1909.10272784547,NA,2527.45070748797,0.412862011179384,1.14669579158612
"597",-5.86,0.73,-5.86,0.83,1.359326,9.604077,-1.1484446,0.2002995,35,35,-5.37816779766388,0.697800531916215,-5.9551788258651,0.806365438239864,1.37999667328031,7.70247146282086,-0.916940272737941,0.172936214288015,1.37999667328031,8.50715176039721,-5.66667331176449,0.752082985078039,1.37999667328031,7.78570689448732,-0.932601059794035,0.175882799009281,1.37999667328031,8.52922129656821,2.31085539256068,0.0666056508145745,-0.378677112476906,-7.17859402840722,-7.10880343805265,2.08330039749903,9.45696845784229,-3.51112081538717,0.446654904915689,-4.51890046637268,0.618946517084431,2.95126848,0.0739263,-0.753,0.02716024,83.1930700426963,-116.830896956555,1281.45340572136,0.205817380592305,0.180241288544368,9.19929788191758,0.188219838828124,-1.27171517414573,-911.193488821756,-911.603902836413,-931.832851211346,-931.995158203279,0.157852582713506,-957.252856678752,0.0266062097594198,1871.94222077235,1900.83213476932,NA,2446.07591448616,0.384891499396824,1.20592551687803
"598",-5.86,0.73,-5.86,0.83,1.359326,9.604077,-1.1484446,0.2002995,35,35,-5.8068718952917,0.725641963397208,-6.13244966466965,0.83133264894561,1.53420983615442,8.26895346009304,-0.968146434299075,0.194269019264217,1.53420983615442,9.40344704141749,-5.96966077998067,0.778487306171409,1.53420983615442,8.29545368107132,-0.976749068710294,0.19706164951714,1.53420983615442,9.47237021188822,3.06747408745318,0.0827887897246061,-0.487019676345114,-7.4414260817933,-7.13732609623281,2.26354198792227,10.8990408307718,-4.19878494914818,0.544845208364491,-4.30955874989493,0.601290421916337,4.9102047,0.13732053,-0.841,0.02797545,68.0002874279505,-86.4453317270637,1373.03021410656,0.724274795124275,0.677694743142367,7.95820238452893,0.150065250117728,-1.02610903853982,-940.517553232875,-940.990207734361,-964.093278623386,-964.555501434083,0.450502181954802,-982.103959316289,0.408582019549568,1930.59034959459,1965.3529895934,NA,2659.61509648605,0.481000597197196,1.12176029270223
"599",-5.86,0.73,-5.86,0.83,1.359326,9.604077,-1.1484446,0.2002995,35,35,-5.70506289663747,0.743469128719691,-5.8033892013132,0.845541280421336,1.43615936540975,3.88099927522581,-0.173383941726702,0.0446320365702792,1.43615936540975,8.56041628289348,-5.75422604897533,0.794505204570514,1.43615936540975,3.88341629077361,-0.175893036098485,0.0472367176085302,1.43615936540975,8.73487989018282,1.97325312152082,0.0480173795311411,-0.290809220574582,-7.23340744527995,-6.7236142833089,1.7012619630667,13.8306849805117,-3.90521827611655,0.517984530319486,-4.10480381896187,0.598020511500996,2.0202926,0.0361548,-0.58,0.029092,74.7158524826787,-99.8764618365199,1275.90161794707,0.43610717249336,0.383928328222337,6.92201299421287,0.141174813083953,-0.921285536313191,-899.003357830542,-900.177496402877,-941.997318770518,-943.263200902718,1.24090049477265,-919.850048494788,1.22575188786702,1847.56195878992,1921.16106988766,NA,2451.92677405762,0.311603843300606,1.03550442255295
"600",-5.86,0.73,-5.86,0.83,1.359326,9.604077,-1.1484446,0.2002995,35,35,-5.8338645715898,0.706694528572536,-4.93645770368328,0.698737761091803,1.38331005726411,9.01644611294209,-1.11842322360923,0.179157355710553,1.38331005726411,6.33569742017047,-5.38516113763654,0.702716144832169,1.38331005726411,9.21778088458354,-1.12020833805512,0.179173183247739,1.38331005726411,6.79281252997154,2.90916330601752,0.0683903101942594,-0.431708362440081,-7.58130267175263,-6.73130016552509,2.17611805557296,6.22685906771132,-3.66613583682988,0.447392046304867,-3.35140100928571,0.474896493077876,3.30865452,0.07950083,-0.848,0.02854206,74.6966931063117,-99.8381430837861,1223.83316162896,0.165316649023826,0.171252713518836,9.46071602283429,0.176915408677276,-1.25049018758565,-901.514693357567,-904.225316527354,-914.269964188328,-918.501418698684,4.23733773165235,-955.000971511681,5.46707882863144,1852.58462984397,1865.70636072328,NA,2347.82818017414,0.409981957674321,1.1935980345746
"601",-5.86,0.73,-5.86,0.83,1.359326,9.604077,-1.1484446,0.2002995,35,35,-6.38477761634317,0.874465926170091,-4.67044522008646,0.773624225876799,1.26970734304273,11.8684986270558,-1.45614385339835,0.227918890422025,1.26970734304273,8.78410056110607,-5.52761141821481,0.824045076023445,1.26970734304273,12.6032325182697,-1.49936290182495,0.230461152551535,1.26970734304273,9.65641318091721,3.69764333677534,0.0946177498716302,-0.575761106412783,-7.13267714379296,-6.01913350309574,2.04435212359439,8.55019400310626,-4.38247798639033,0.611512544190973,-3.36290374565125,0.564532568252725,5.98131523,0.12396502,-0.894,0.02815473,64.5909283925233,-79.6266136562093,1232.75458772584,0.0345521995014319,0.0332476467328331,8.53518911997508,0.168325561448462,-1.13749897039727,-899.182113193262,-902.971641251726,-913.435665286565,-919.41389006229,6.06261738385609,-949.454360360248,7.55776788784111,1847.91946951536,1864.03776291976,NA,2385.88256179547,0.540527006425268,1.17978804479471
"602",-5.86,0.73,-5.86,0.83,1.359326,9.604077,-1.1484446,0.2002995,35,35,-5.37213329577895,0.652120176348257,-5.51268854929448,0.714116843814802,1.33324671148253,8.41536463283614,-1.04856098088147,0.195783318527188,1.33324671148253,8.84102061240925,-5.44241092253672,0.683118510081529,1.33324671148253,8.42030357765884,-1.05073947020969,0.196744215221427,1.33324671148253,8.8817855372778,3.94995962949646,0.100858336364695,-0.615363169413998,-7.44471126429912,-7.21590641591502,2.21378696256647,8.67884178925464,-3.83190110319714,0.45889683723328,-4.06537087610399,0.523023840746349,5.0799609,0.1124188,-0.862,0.02611856,87.9543598907549,-126.353476652672,1308.49502393635,0.725294460809458,0.712839330869046,6.62421283956276,0.142560434856708,-0.920475567597744,-907.288283565284,-907.530067304899,-925.805231590959,-926.0945969868,0.281679614365013,-969.430488482191,0.29074897401088,1864.13181025941,1888.77689552855,NA,2490.63657122003,0.57279125930774,0.961953437478648
"603",-5.86,0.73,-5.86,0.83,1.359326,9.604077,-1.1484446,0.2002995,35,35,-6.17559249917299,0.831063608966593,-6.21032843490115,0.867336058308581,1.29376251686755,11.5237709354105,-1.26526687082647,0.18361430856466,1.29376251686755,9.28237564951466,-6.19296046703707,0.849199833637587,1.29376251686755,11.5240725817183,-1.26558186019374,0.183943231209976,1.29376251686755,9.30688238535519,2.6044164258536,0.0653748198906878,-0.401254855804887,-7.18207180131171,-7.00070587007525,1.90620927764203,10.5662123162142,-4.17894320105674,0.565638055826575,-4.4395026805666,0.638713538988883,6.08200768,0.11785281,-0.892,0.02619234,82.3342598180584,-115.113276507279,1288.95194942993,0.60414378701235,0.552528657203047,8.64929315045333,0.155674376404273,-1.1191841362255,-900.411082646589,-900.577460911301,-921.510964155324,-921.677601759851,0.162069359645962,-939.016532003842,0.177540174549845,1850.37740842202,1880.18836065728,NA,2462.79062235259,0.376823197013954,1.08622995231167
"604",-5.86,0.73,-5.86,0.83,1.359326,9.604077,-1.1484446,0.2002995,35,35,-5.4602246774987,0.652876104246284,-5.89341571826505,0.873909001137208,1.43886205515881,9.00304648082938,-1.05014871504762,0.178341347428861,1.43886205515881,7.96187539649236,-5.67682019788187,0.763392552691746,1.43886205515881,9.04996010027943,-1.07408608270957,0.190555232805859,1.43886205515881,8.51219483514436,3.10311111116354,0.0770772018465588,-0.472433059139503,-7.52829902321374,-6.64463326094536,2.16940554687001,8.76312215929531,-3.74877593455525,0.454366400928932,-3.77144060069189,0.566673416543577,4.70942116,0.10665763,-0.857,0.02874866,65.4100202215475,-81.2647973142576,1291.39481521111,0.0456836920628326,0.0425582804958836,8.56994039114529,0.180392266496643,-1.17227632950516,-919.289742576269,-922.945798290661,-937.932324780548,-942.103983848251,4.17565745702992,-964.772340942503,4.38726178077017,1888.13472828138,1913.03108190772,NA,2501.52483310796,0.457499625076841,1.25084102682172
"605",-5.86,0.73,-5.86,0.83,1.359326,9.604077,-1.1484446,0.2002995,35,35,-5.63414242320961,0.712444983880957,-6.55346492148834,0.826706535880518,1.42327592999243,8.89537078026438,-0.956824413042135,0.16517790648557,1.42327592999243,9.28762939726311,-6.09380367234898,0.769575759880737,1.42327592999243,9.10665924422475,-0.983085216902498,0.168441832051907,1.42327592999243,9.34300947300205,2.45434056920663,0.0738091720859181,-0.41193020949117,-7.34732079868912,-7.58590253759491,2.07973588414299,10.984338585376,-4.0021460055984,0.501173420583379,-4.51834668737726,0.568308364474331,5.747753,0.119709,-0.833,0.0223341,115.069144332405,-180.583045535972,1376.9056943289,0.805624502708548,0.806086262412422,8.1322540599297,0.149140448368115,-1.06459568661847,-921.109357754741,-921.72505177233,-944.921327200427,-945.297138597978,0.366055677632596,-961.604927236565,0.271768492277585,1891.77395863832,1927.00908674748,NA,2573.22834312184,0.420515977998756,1.0185486618341
"606",-5.86,0.73,-5.86,0.83,1.359326,9.604077,-1.1484446,0.2002995,35,35,-5.71432840659899,0.692879316382172,-5.69184873733889,0.769586708062266,1.43632848723565,8.72905595202199,-1.13697616312175,0.203181824857547,1.43632848723565,7.0894607052242,-5.70308857196894,0.731233012222219,1.43632848723565,8.7291822859045,-1.13654507392306,0.204652830842138,1.43632848723565,7.23862030034047,2.54524842253897,0.0631956260324417,-0.38781886398041,-7.54407396603214,-7.06459150669944,2.2568058559003,7.05984315744956,-4.24838866084186,0.520936978445967,-3.92100100400326,0.530264109233551,5.07216292,0.14328252,-0.899,0.02684858,81.7265233109478,-113.897803493058,1281.38756569358,0.360063779235674,0.320519227618835,8.28506457463279,0.153905968729108,-1.08466568867198,-916.587726577873,-917.474309660012,-930.33132398233,-931.610281639579,1.25383543322688,-967.739041156985,1.50408236455217,1882.73069628458,1897.82908031129,NA,2448.87732789409,0.373649275247174,1.06861378136462
"607",-5.86,0.73,-5.86,0.83,1.359326,9.604077,-1.1484446,0.2002995,35,35,-5.75445599806393,0.794797961498999,-5.76701234379567,0.802685012102177,1.33072710048333,6.78518380500376,-0.68144992174159,0.126731169176731,1.33072710048333,9.16747446635268,-5.7607341709298,0.798741486800588,1.33072710048333,6.7852232204583,-0.681474679875136,0.126746720568535,1.33072710048333,9.16835793298187,3.02275656882981,0.0886827842591537,-0.501571250714501,-6.97699664335976,-6.94256398252838,1.82632814751063,11.854403087547,-4.02135266261408,0.556680256729819,-4.39373668514929,0.615950667782754,4.3104235,0.07616769,-0.79,0.02729915,75.8042173511775,-102.053191573518,1278.58139745451,0.835248768689659,0.858804132251592,6.48613319452718,0.142008701363176,-0.919493096088797,-900.136092364806,-900.14141073277,-927.626194406439,-927.632276543906,0.00590861880041024,-932.224236689399,0.00600976380700734,1849.82742785845,1892.41882115951,NA,2455.10960333551,0.504523922553688,0.911190820364549
"608",-5.86,0.73,-5.86,0.83,1.359326,9.604077,-1.1484446,0.2002995,35,35,-5.74268764910868,0.703315325508342,-5.89829546683624,0.834554512045999,1.16563757441359,8.9009467422419,-1.07809086155358,0.175346072961224,1.16563757441359,8.17977478735813,-5.82049155797246,0.76893491877717,1.16563757441359,8.90700019047637,-1.08319632240794,0.179652003981991,1.16563757441359,8.50704443009209,2.67878342494632,0.0662226184528143,-0.408025015500604,-7.51025816669224,-6.8839768717682,1.85619190444112,8.22179727543388,-4.2214094358694,0.529530094210847,-4.79531812534844,0.678507305858268,5.27975145,0.1100184,-0.884,0.02461642,101.090261751044,-152.625280373251,1247.70435703933,0.153165069433135,0.131284449823802,6.57697913991497,0.133363402365492,-0.892894932156654,-872.352924025634,-874.406184986299,-888.020780081434,-890.472906080153,2.42427905056633,-924.573950872426,2.72676303621697,1794.26109118011,1813.2079925095,NA,2342.78343370542,0.389204313915118,0.905005487086972
"609",-5.86,0.73,-5.86,0.83,1.359326,9.604077,-1.1484446,0.2002995,35,35,-5.41487911161312,0.696756769225414,-6.26251148724283,0.85797427072422,1.28580258421184,12.2914101914642,-1.55675104714375,0.257302048814344,1.28580258421184,9.60427482284119,-5.83869529942797,0.777365519974817,1.28580258421184,12.4710303525181,-1.59091434059088,0.263799819511724,1.28580258421184,9.65786612679286,3.7483955028953,0.0904223220688232,-0.559637115891016,-7.22152381037398,-7.10866403029651,2.21436997455028,8.66847175942295,-3.78979651383284,0.492861231487486,-4.71663370870692,0.653728652452086,6.2402592,0.141572,-0.871,0.0243372,92.2117427263634,-134.868242323889,1299.94086635929,0.384765836327186,0.329114946319848,8.71305667416025,0.172826782637562,-1.19461546877576,-908.374400657197,-909.101123718305,-922.156745740213,-922.509616999007,0.343654679796144,-969.457482443268,0.0707974056847092,1866.30404444323,1881.47992382705,NA,2465.0134903947,0.551948667258979,1.09325318653545
"610",-5.86,0.73,-5.86,0.83,1.359326,9.604077,-1.1484446,0.2002995,35,35,-6.7802555405141,0.813514866806338,-4.87886814488185,0.740639476294231,1.46455734358551,7.73471812520473,-1.03343774925376,0.193088819564687,1.46455734358551,6.60746173030336,-5.82956184269798,0.777077171550284,1.46455734358551,8.63853663227204,-1.06807883649664,0.19441652520026,1.46455734358551,7.90166290552108,2.06067479973028,0.0582942953432098,-0.331321382015701,-7.89128570735889,-6.4240710304466,2.18790853223274,6.94621902015817,-4.83968968977482,0.581260324292994,-3.41078785308047,0.511228732788812,5.10852299,0.1234777,-0.883,0.02617639,86.9044591168605,-124.253675104884,1295.6398796021,0.00157604367712436,0.00142437553770871,8.030020758932,0.150202445213074,-1.01861493107203,-916.898098239786,-924.295493904383,-930.799446682279,-941.797043806623,11.5683368559378,-959.646038444969,14.7348118141354,1883.35143960841,1898.76532571119,NA,2467.02608409931,0.349897715085342,1.17618780106375
"611",-5.86,0.73,-5.86,0.83,1.359326,9.604077,-1.1484446,0.2002995,35,35,-5.39832795175565,0.555985572015005,-6.27898453196194,0.857215171590249,1.27791857669756,12.3964064613201,-1.44350398389377,0.24014522702885,1.27791857669756,11.8596225839047,-5.83865624185879,0.706600371802627,1.27791857669756,12.5902954643853,-1.50982394114848,0.262830044943916,1.27791857669756,12.5894163879175,2.70650988097993,0.0663103260157382,-0.409105510604422,-8.04365101615974,-7.12965959122388,2.31182035331592,10.8173480977625,-3.8724260574247,0.40571002930553,-5.0987037174072,0.701234492658793,8.62175552,0.17110066,-0.88,0.01937922,141.702706410106,-233.850169691374,1429.0412017833,0.0120903880929373,0.00840536702868052,7.33974944494664,0.173102151288934,-1.04475442697088,-913.92428895313,-918.129853259144,-934.148344585617,-938.012268474319,3.85905405458665,-987.033418560969,3.63879083624772,1877.4038210351,1905.46312151786,NA,2624.23223387523,0.395676507482048,1.21195367771469
"612",-5.86,0.73,-5.86,0.83,1.359326,9.604077,-1.1484446,0.2002995,35,35,-6.53569133406978,0.882706701622939,-6.40109318407586,0.799035091650361,1.30085603157801,9.10379901413465,-1.01085058709785,0.163980317970498,1.30085603157801,8.86786544987001,-6.46839225907282,0.84087089663665,1.30085603157801,9.10832817963011,-1.01366609807518,0.165730552549349,1.30085603157801,8.96889619082391,3.12965245380413,0.0804191947863287,-0.485288174726477,-7.23449445383542,-7.59839010437125,1.86698405922162,10.4928914247252,-4.41277149308212,0.600414498564068,-4.57596084528201,0.562709634006495,5.00023136,0.1063044,-0.837,0.02416769,104.380971665937,-159.206700203037,1351.554755599,0.430268467376001,0.447483702155719,8.84126339271041,0.164888974189126,-1.17035409691343,-898.928835181717,-899.584853784281,-919.9702514504,-920.683292535002,0.696208356281905,-933.699845979058,0.734396802125297,1847.41291349227,1877.10693524743,NA,2543.90281099497,0.470539690679981,1.10180210306604
"613",-5.86,0.73,-5.86,0.83,1.359326,9.604077,-1.1484446,0.2002995,35,35,-5.89085992973569,0.779960945328686,-5.48633356204062,0.737088630635993,1.36650327751857,9.64561615986131,-1.43195224021301,0.274234392168697,1.36650327751857,7.71868303869246,-5.68859674588815,0.758524787982339,1.36650327751857,9.68652655540145,-1.43628798564734,0.274693901010475,1.36650327751857,7.73590796167348,3.04836621276431,0.0841565593871358,-0.486007639479189,-7.20179567800234,-7.05269146718548,2.35326281548542,6.47304496369414,-3.7216573224198,0.488645176421816,-3.88766032938962,0.526442899191489,4.7990392,0.15081608,-0.888,0.02767095,71.0838956766435,-92.6125482244496,1272.16623663269,0.938497943665265,0.917663687500068,8.56424145587,0.176261528773299,-1.19495002088081,-912.714243537388,-912.86994723427,-923.365160779923,-923.503318700674,0.134343083411987,-975.347155569273,0.150438415476169,1874.98373020361,1883.89675390647,NA,2451.71992504094,0.500236778050876,1.09724071254267
"614",-5.86,0.73,-5.86,0.83,1.359326,9.604077,-1.1484446,0.2002995,35,35,-5.66630621905327,0.708863735083227,-5.44658371075981,0.821809931692833,1.42903762563705,7.74600112538946,-0.94964555989593,0.165385359086933,1.42903762563705,6.66397437509238,-5.55644496490654,0.76533683338803,1.42903762563705,7.75807062055214,-0.943441354490612,0.168574569919077,1.42903762563705,7.1716835458276,2.64163620970392,0.0652152292454106,-0.399256032939896,-7.40082074815057,-6.50819402752325,2.09173278230386,7.38288427736128,-4.16556030644316,0.528787487970068,-4.06191567650339,0.605650985082827,4.15352095,0.0786085,-0.839,0.02784044,78.0589812805493,-106.562719432261,1244.50535509573,0.0877344381214953,0.089257812247214,6.73953008438208,0.158029087295619,-0.978989080005628,-909.541516781591,-912.55007186846,-925.302331087508,-929.79242892936,4.50474152447549,-950.504839914769,5.40738203779092,1868.63827669202,1887.77109452164,NA,2382.44799075919,0.394207513616771,1.02356571437913
"615",-5.86,0.73,-5.86,0.83,1.359326,9.604077,-1.1484446,0.2002995,35,35,-5.92200026967401,0.738128206378739,-6.21556594795359,0.871514579068122,1.5427588819795,8.48636622808889,-0.920465505878818,0.148396708000633,1.5427588819795,7.17528346806679,-6.0687831088138,0.804821392723431,1.5427588819795,8.50791142995483,-0.930254921121772,0.152844689105441,1.5427588819795,7.3433384147427,2.68764716412871,0.0797033867200844,-0.445301665882602,-7.48216465155442,-6.98104883771737,2.10855133782801,8.98023818480728,-4.0341111953971,0.510263146478612,-3.99304107660667,0.563564691823426,3.43905018,0.08111418,-0.804,0.02965187,65.0751567062067,-80.595070283576,1311.87693064807,0.412444076796637,0.408778445688333,10.0595896244162,0.192542580939177,-1.34519106363183,-927.791238063433,-929.217537952364,-948.583171035547,-950.007533460252,1.39783977137907,-958.571404514712,1.4200318719289,1905.1377192557,1934.33277441772,NA,2543.15879101256,0.4646472808004,1.28044345555677
"616",-5.86,0.73,-5.86,0.83,1.359326,9.604077,-1.1484446,0.2002995,35,35,-6.29033885438585,0.773975738186715,-5.74351117808754,0.81509132912214,1.35052051640487,8.1195865097512,-0.771951940153242,0.101769329232612,1.35052051640487,7.23614178586349,-6.0169250162367,0.794533533654427,1.35052051640487,8.19434163664266,-0.766331154390531,0.102191952187104,1.35052051640487,7.64510502309813,2.25976557578664,0.0570277680282964,-0.344235137891633,-7.63693291801344,-6.84514919039564,1.77843222363841,9.73206841202142,-3.61117639281486,0.435377175980343,-3.7716431566415,0.538318740446354,0.91784139,0.02912712,-0.464,0.02834672,90.9033206042246,-132.251398079612,1257.74880547855,0.136655294235202,0.127204114536454,13.8766825226662,0.247198444585721,-1.81292597183204,-889.308646170113,-891.655414792037,-916.497192610206,-919.889481026204,3.37652032407792,-919.397541744521,3.90876314100976,1828.17253546906,1870.16081756704,NA,2383.24621287749,0.346677450201397,1.63619323394287
"617",-5.86,0.73,-5.86,0.83,1.359326,9.604077,-1.1484446,0.2002995,35,35,-6.30357125079066,0.793995259909423,-5.50344795136049,0.82530379336859,1.31593513378477,10.3555450991265,-1.35160771627719,0.231229881617869,1.31593513378477,8.09937860002767,-5.90350960107557,0.809649526639007,1.31593513378477,10.5155944226992,-1.34534504450427,0.23147493768471,1.31593513378477,8.7483272929373,3.97198082478277,0.109430617556317,-0.64573982802971,-7.53089418444224,-6.5442427443657,2.10920944154417,7.78118583379424,-4.63697398705232,0.59844380959989,-4.25341100924161,0.645391333723564,7.36883906,0.19760725,-0.909,0.02309218,99.7192921467168,-149.883341164596,1279.32030286227,0.0802610220745049,0.0754830380685025,6.19011817165261,0.109473405577624,-0.777554469379174,-904.657438558853,-907.74944402773,-917.118457660434,-921.940728618343,4.84961809564887,-954.168017578197,6.25462958505127,1858.87012024654,1871.4033476675,NA,2408.75726455995,0.600848129025615,0.835548694150124
"618",-5.86,0.73,-5.86,0.83,1.359326,9.604077,-1.1484446,0.2002995,35,35,-6.84418986066207,0.824856123034311,-5.9915795585558,0.89446635385106,1.27846373807823,7.61052257016933,-0.82874803966432,0.158475646396097,1.27846373807823,10.302208763317,-6.41788470960894,0.859661238442685,1.27846373807823,7.79225865198377,-0.813910439682731,0.159687042454688,1.27846373807823,11.4098886780435,3.38088996323586,0.0959183106503737,-0.557757271635356,-7.88765175767535,-6.6203217133893,1.81000934890878,12.7031832202881,-4.71896100011686,0.560797019510351,-4.63903038293148,0.689739138981198,5.35518336,0.11157089,-0.818,0.02221564,118.083811605301,-186.612380081764,1378.37593645769,0.0208982230518559,0.0212657309776771,7.24860628667113,0.148123207424046,-0.951010183700638,-899.428765648691,-903.213791761586,-925.216245696398,-931.760927646895,6.66438178401636,-932.263209339259,7.7059136863371,1848.41277442622,1887.59892373942,NA,2570.13949283361,0.524649741872751,1.14112391686319
"619",-5.86,0.73,-5.86,0.83,1.359326,9.604077,-1.1484446,0.2002995,35,35,-6.00936785060096,0.780514444820977,-5.76251691140947,0.807022734285064,1.33417926985924,7.29004001528625,-0.94280895379984,0.188717789908969,1.33417926985924,8.48338602504765,-5.88594238100521,0.79376858955302,1.33417926985924,7.30527386183118,-0.941173054762197,0.188893462261547,1.33417926985924,8.59201309394214,2.45031049726527,0.0581005232843208,-0.363888336810829,-7.3170059921215,-6.91222552384809,2.01993848630671,9.20607228320544,-4.50894907628448,0.586182482256033,-4.03248091195845,0.565614212558526,3.968252,0.1036775,-0.81,0.0245223,98.9396561560395,-148.324069183242,1293.0540533144,0.503545650769604,0.469553867656442,7.02733371191494,0.14946657840145,-0.986295461967495,-904.215857782136,-904.699384194224,-923.38528053785,-924.182535365543,0.778903301554492,-948.835710910042,0.945778145885659,1857.98695869311,1883.93699342233,NA,2437.78403744556,0.352179829164426,0.955159147801204
"620",-5.86,0.73,-5.86,0.83,1.359326,9.604077,-1.1484446,0.2002995,35,35,-5.38321459289276,0.707967446253792,-5.36468957539691,0.801714619840662,1.21789465892956,10.3937219253764,-1.13702718473671,0.171397368931685,1.21789465892956,9.66899636652674,-5.37395208414484,0.754841033047227,1.21789465892956,10.3938077194447,-1.13659301772899,0.173594502070567,1.21789465892956,9.92426591016174,2.96921019181814,0.0736584727601241,-0.450574841431653,-7.12306897890334,-6.5460225601155,1.91038794831729,10.3705804306564,-3.78056064850832,0.499746227144112,-3.69673505916419,0.542207572711874,5.34992008,0.08873418,-0.845,0.02588632,82.6951003093176,-115.834957489798,1240.77746308922,0.469094370792529,0.471260751650032,7.49174268302794,0.158323234922907,-1.04998884407003,-887.648300914467,-889.052428307182,-909.289122508843,-910.944240693881,1.6269879912642,-938.955960977515,1.82416558211075,1824.85184495777,1855.74467736431,NA,2365.71996868864,0.441876875848848,1.00771536169383
"621",-5.86,0.73,-5.86,0.83,1.359326,9.604077,-1.1484446,0.2002995,35,35,-6.48546185809976,0.867255630957284,-5.26126391487142,0.781911861748283,1.26533063508284,7.74581402348719,-0.87448701311417,0.156855356145129,1.26533063508284,9.10538215510346,-5.87336288648559,0.824583746352783,1.26533063508284,8.12047917453832,-0.900606429797425,0.158676245880829,1.26533063508284,9.47243057013729,2.54154439726738,0.07312152259782,-0.414080001271985,-7.27631845862071,-6.56057660794839,1.82670118973933,10.7803620998226,-4.32514602010864,0.571783415122809,-3.96194544464564,0.600809079943507,4.27766471,0.09415902,-0.801,0.02299702,108.087027737635,-166.618812346432,1270.64768407072,0.234617708463832,0.228273633273562,7.15007496124336,0.142042400482376,-0.965513502022578,-892.686509540459,-894.478426663548,-914.851350679852,-917.348808966824,2.46990087452508,-929.220437683305,2.83291558581329,1834.92826220975,1866.86913370633,NA,2374.67655579501,0.430312829923914,0.956839950697557
"622",-5.86,0.73,-5.86,0.83,1.359326,9.604077,-1.1484446,0.2002995,35,35,-6.77286957344823,0.822305154166083,-6.74268591206917,1.02366226741872,1.28045001614919,12.317984561131,-1.44498002572101,0.246299143385628,1.28045001614919,12.2135292378171,-6.7577777427587,0.922983710792402,1.28045001614919,12.3182123244846,-1.44346060199034,0.256435315149987,1.28045001614919,13.3174386200773,3.03717246908296,0.0745166640734598,-0.462207767650493,-7.83152948286468,-6.60171224586894,2.05789661377609,12.6931411509131,-5.0532721965119,0.621908575050851,-5.19320644088985,0.791434812397989,8.27041337,0.16542882,-0.855,0.01961292,133.813243517726,-218.071243906614,1427.31565868308,0.0207162253042102,0.0199465506537274,7.34556106959145,0.166085865443173,-1.01733733557994,-916.044963849394,-920.125461296534,-936.533608415953,-942.150200604453,5.68098322882993,-963.683886397495,6.38706705212309,1881.64517082762,1910.23364917853,NA,2636.56007345954,0.433833119458538,1.20658489295686
"623",-5.86,0.73,-5.86,0.83,1.359326,9.604077,-1.1484446,0.2002995,35,35,-6.07864346279466,0.754887913795061,-6.38538309537438,0.943390875950487,1.31112142814486,8.63550501841741,-1.0359048427917,0.174985485758065,1.31112142814486,7.86878968119558,-6.23201327908452,0.849139394872774,1.31112142814486,8.65902731896618,-1.05036017512964,0.183868827443407,1.31112142814486,8.37373104229981,3.86641607997459,0.104470062972474,-0.617649169751883,-7.53895784479497,-6.72264560772893,1.9234017404915,8.79196998255257,-3.87692887896414,0.47740133778618,-4.37554266925033,0.647512821163445,4.20842747,0.11026041,-0.879,0.02601848,91.1810519574373,-132.806860786037,1277.89081540609,0.0433085889244304,0.0352398647247567,9.81440063819831,0.197217331113525,-1.3281386050587,-897.462648097395,-900.699023421064,-914.42385644541,-918.299957416764,3.8715556225096,-935.387937138169,4.21036257858813,1844.48053932363,1866.01414523745,NA,2422.97477002614,0.593795850336188,1.33823934639571
"624",-5.86,0.73,-5.86,0.83,1.359326,9.604077,-1.1484446,0.2002995,35,35,-5.73414005253757,0.768893939262932,-6.16150581757605,0.86320884448073,1.50678087799297,7.5918729271528,-0.952582070003884,0.185195821789438,1.50678087799297,7.63106656508872,-5.94782293505681,0.816051391871831,1.50678087799297,7.63753330143454,-0.962658810409618,0.187419647125999,1.50678087799297,7.65469765288713,4.52140554704203,0.119557410322281,-0.720079733914399,-7.1110101591369,-6.97647212473812,2.16240987568721,8.80888624862798,-4.39878659475692,0.595342811025285,-4.59951077688119,0.661579162142117,5.01345685,0.12116048,-0.864,0.02772027,73.2261425752438,-96.8970420216502,1295.12025769587,0.674492731711529,0.643440780246567,6.67228341015615,0.142062060790322,-0.923775114817308,-927.844449934922,-928.151337345294,-946.599646296447,-946.791038144159,0.186177914186338,-964.144691319457,0.101549877495085,1905.24414299868,1930.36572493952,NA,2493.34347337009,0.661296993564237,0.957428377689169
"625",-5.86,0.73,-5.86,0.83,1.359326,9.604077,-1.1484446,0.2002995,35,35,-5.37115554018738,0.674489731079515,-5.19164479262698,0.819365619399418,1.19583603200583,8.43772465151299,-1.03621634143891,0.185259281229336,1.19583603200583,9.18133780377878,-5.28140016640718,0.746927675239467,1.19583603200583,8.4457806786354,-1.02971464668497,0.190506536983456,1.19583603200583,10.0157865782902,2.98848741149162,0.0735774370006445,-0.45788705080178,-7.31046149018421,-6.26781768952036,1.95012611734169,9.18437627632916,-4.21782876203715,0.551612905859009,-3.96686075320926,0.629919583029588,5.13606583,0.10048332,-0.845,0.02488218,91.4471955958704,-133.339148062903,1236.92639111074,0.0446881347988799,0.0426833126959345,5.11305507279873,0.127562916923479,-0.744124667190992,-883.522454168015,-887.179846741742,-901.535990028579,-907.050097931899,5.57318868702301,-940.143840843912,6.51361007566446,1816.60015146487,1840.23841240379,NA,2340.51363415858,0.419203027932468,0.893062449931513
"626",-5.86,0.73,-5.86,0.83,1.359326,9.604077,-1.1484446,0.2002995,35,35,-5.99822644820734,0.770048467985226,-5.11223948614681,0.705877642066617,1.33790218038939,8.45502358664386,-0.979173753281617,0.172159819168689,1.33790218038939,8.72636462579496,-5.55523296717707,0.737963055025922,1.33790218038939,8.65126681087916,-0.993387382058753,0.173189292893458,1.33790218038939,8.89911865850502,2.96827257631814,0.0781485910896864,-0.464465084271538,-7.36821817143642,-6.86454438472634,2.0545610921336,9.52637378523087,-4.20656150346854,0.538207294278148,-3.52126699797209,0.469023414740463,4.74124973,0.09956829,-0.823,0.02415727,99.248316150913,-148.941389172989,1282.47559202535,0.570084179430922,0.520364106596654,7.37725869410652,0.154427110649193,-1.02978680169916,-905.558188082174,-906.447851689047,-925.838893646378,-927.07128058575,1.2077764587531,-954.081067607269,1.39587912423408,1860.67161929318,1888.84421963938,NA,2416.00979487771,0.460117442458277,0.984652075443537
"627",-5.86,0.73,-5.86,0.83,1.359326,9.604077,-1.1484446,0.2002995,35,35,-6.52339091803192,0.876964716008581,-5.24609013084463,0.735161657387657,1.26449483414306,8.99128495639448,-1.07274104691665,0.186605129265377,1.26449483414306,9.15208409490428,-5.88474052443827,0.806063186698119,1.26449483414306,9.39915928163181,-1.11802233651717,0.191632156123939,1.26449483414306,9.31684832557082,3.97399517452824,0.102322638097422,-0.626771874147089,-7.25640330223536,-6.82392844396057,1.94379066933788,9.85113029134538,-5.34026140085888,0.72140056743559,-3.54998669866369,0.499013740238362,6.83982826,0.13807569,-0.877,0.02452607,90.2709071009691,-130.986571073101,1288.61826231612,0.0897675826924939,0.0566200663110157,6.59160029277658,0.134163425502963,-0.905217049134289,-896.266993150396,-897.526290835215,-915.012224194072,-916.13917551916,1.1036125765495,-941.566109846373,1.05522293084351,1842.08922942963,1867.19088073477,NA,2446.24995355913,0.560675918024175,0.875753809666934
"628",-5.86,0.73,-5.86,0.83,1.359326,9.604077,-1.1484446,0.2002995,35,35,-6.03639648975574,0.719351417561861,-4.92967285406694,0.674064731531747,1.27024322082899,5.59293168575165,-0.601715005858036,0.113494658617035,1.27024322082899,7.54953590190968,-5.48303467191134,0.696708074546804,1.27024322082899,5.89914098719972,-0.614244967310923,0.114007379599933,1.27024322082899,8.03561179440536,2.71166191672303,0.0735606988691761,-0.428232502079302,-7.70842812054097,-6.87151084139231,1.88064374139039,8.80084053195299,-3.88368388130686,0.453153208064252,-3.67200707040068,0.511004064196051,2.88336994,0.07825613,-0.749,0.02222296,123.470009642471,-197.384776156105,1268.61437780333,0.179209177734976,0.163738900282412,6.93410515159807,0.125446184638355,-0.895113445683491,-880.394241109724,-882.860376574648,-904.097328016617,-907.968092437168,3.86607659982148,-929.9117293368,4.52212095487627,1810.34372534828,1845.36108837986,NA,2339.84397945055,0.439879509756678,0.889129803246615
"629",-5.86,0.73,-5.86,0.83,1.359326,9.604077,-1.1484446,0.2002995,35,35,-6.13444395207546,0.768935674284541,-6.49863500850899,0.939918054710997,1.41582411647175,6.73910695187364,-0.910714822507869,0.185601524657344,1.41582411647175,7.28459933798289,-6.31653948029222,0.854426864497769,1.41582411647175,6.77226573327018,-0.926282385947625,0.192910268261418,1.41582411647175,7.59521020824909,2.83557915389849,0.0773017131888745,-0.451740383068642,-7.51106541221581,-6.85658769114712,2.05025158769147,8.14199761917117,-4.44206056556966,0.569702753414051,-4.75220411327875,0.705727187816182,3.65035716,0.11555839,-0.852,0.02383811,110.625833689842,-171.696424250847,1299.95517988281,0.128820183486694,0.115832461934748,7.6750866636492,0.163402856117424,-1.05934112273953,-911.063111325204,-912.941518304757,-928.477146681075,-931.053623086733,2.54949434684966,-948.631458726364,2.71949606967883,1871.68146577925,1894.12072570878,NA,2428.21393551478,0.451048363651132,1.11358696468342
"630",-5.86,0.73,-5.86,0.83,1.359326,9.604077,-1.1484446,0.2002995,35,35,-5.98149817814197,0.765490641426006,-5.19197910012224,0.675897980871994,1.39257904186849,9.51830461293273,-1.14646941959333,0.186687405664991,1.39257904186849,7.43476837034047,-5.58673863913211,0.720694311149,1.39257904186849,9.67413970657202,-1.16415319828281,0.188694116871278,1.39257904186849,7.48867596056799,3.0251435562518,0.0762327651291125,-0.46668246792153,-7.37864425258296,-7.12289506226802,2.18288286822453,7.60349704988335,-3.94391410052817,0.505081939816755,-3.51350140520961,0.453985938965409,3.21823765,0.07457782,-0.825,0.02679148,88.5717432850114,-127.588243441185,1254.19440949109,0.772659391844737,0.767712880038869,10.3968274009849,0.195176998749422,-1.3850733928099,-910.075209653641,-910.532009415722,-925.678815299812,-926.124769918164,0.434595945558026,-961.864160521048,0.414448001439305,1869.70566243612,1888.52406294625,NA,2380.800575541,0.440107092484403,1.28250113848976
"631",-5.86,0.73,-5.86,0.83,1.359326,9.604077,-1.1484446,0.2002995,35,35,-4.96654367606831,0.624702344668442,-6.26163996825033,0.794301519572316,1.31108261266471,11.0770026358887,-1.4692298335527,0.262913224767351,1.31108261266471,9.53085743955453,-5.61409182215932,0.709501932120379,1.31108261266471,11.4963212373946,-1.52414164919649,0.27010419479937,1.31108261266471,9.63369724548356,3.06566598914501,0.0747106576925118,-0.465783043020557,-7.20246999082964,-7.48713828608115,2.36151888012096,8.15858499793522,-3.3503339258269,0.421025871172109,-5.00330342895339,0.638672392292796,6.7486889,0.15635672,-0.888,0.02276466,108.148317844826,-166.741392560814,1319.39698945467,0.124097835297379,0.0928029319915756,7.25123918239738,0.147032587523746,-0.984135152258072,-912.576886091575,-913.626644858497,-926.440602206505,-927.120875727823,0.664058633716553,-983.323816735865,0.445867030889115,1874.70901531199,1890.04763675964,NA,2472.05258634852,0.432772142095276,0.998868407413064
"632",-5.86,0.73,-5.86,0.83,1.359326,9.604077,-1.1484446,0.2002995,35,35,-4.92761776102768,0.639839195778543,-5.66088029935042,0.844776280236823,1.57617936971547,8.21281122514608,-0.949358796981439,0.173354684725575,1.57617936971547,7.75911008825886,-5.29424903018905,0.742307738007683,1.57617936971547,8.34722971267296,-0.986926968668023,0.18385448687214,1.57617936971547,7.9503692264937,2.9075481470923,0.071467148881635,-0.444112939833285,-7.07336263383515,-6.58566305448649,2.31775034414304,8.90338129299514,-2.94606089548237,0.386606091891259,-3.52126024750366,0.519353478975144,4.22293197,0.09988849,-0.828,0.0320091,38.6321615625528,-27.7090799962683,1267.40307573721,0.356211250306713,0.32892634943427,8.98623252543814,0.200194034457487,-1.28547044958274,-938.145010623715,-939.978794224414,-958.662413655079,-960.174446842295,1.48481081627261,-981.476823612077,1.23310928784522,1925.84526437627,1954.49125965679,NA,2507.09707147815,0.411196872701902,1.27327357137659
"633",-5.86,0.73,-5.86,0.83,1.359326,9.604077,-1.1484446,0.2002995,35,35,-5.49332098624813,0.619094414809821,-6.02440251384184,0.795715821918403,1.21775454883507,8.45358900344597,-1.27537355275287,0.262044889404388,1.21775454883507,9.26526531937417,-5.75886175004499,0.707405118364112,1.21775454883507,8.52410090068378,-1.29882364442612,0.269843669766641,1.21775454883507,9.51737359836589,3.31393765717592,0.0862592791402881,-0.517470912327829,-7.76265789594416,-7.24147478427343,2.27104175190594,7.42099740017414,-3.77486103223367,0.428251528372579,-4.57877797926289,0.620875779008491,2.8821684,0.12763048,-0.833,0.02158447,133.758131719522,-217.961020310206,1334.05111470262,0.20056791917196,0.173005262331778,8.89289304027786,0.192406457896041,-1.25697569144817,-891.706379033715,-892.986521145099,-906.560608208621,-908.258991682879,1.6700360329782,-970.813839678915,1.69020342912706,1832.96800119627,1850.28764876387,NA,2450.14120909503,0.502090150798081,1.22691018978702
"634",-5.86,0.73,-5.86,0.83,1.359326,9.604077,-1.1484446,0.2002995,35,35,-5.70070733708943,0.697720425764322,-5.32230946903258,0.764976286046066,1.26632409103738,10.5537863108195,-1.2299175538654,0.206805109595117,1.26632409103738,10.4046355137144,-5.511508403061,0.731348355905194,1.26632409103738,10.5895825474569,-1.22355518532916,0.207935947280676,1.26632409103738,10.831984632721,3.20607400788574,0.0914783656546048,-0.52676933548137,-7.50161081955669,-6.7225199397276,2.09634632299067,10.4202361747051,-3.99279854978216,0.481408632386204,-3.92063446704084,0.559155237361714,6.32104948,0.1278174,-0.848,0.02416032,93.3247241545245,-137.094205180212,1311.18940919666,0.209975791301958,0.182142314821097,6.66691163088234,0.138928851676548,-0.911914496898721,-903.675971018212,-905.329462073329,-923.510254368544,-926.085311458511,2.5480639041469,-961.866438133522,3.01706791157537,1856.90718516526,1884.18694108372,NA,2485.28461321311,0.513932774691593,0.950938238110607
"635",-5.86,0.73,-5.86,0.83,1.359326,9.604077,-1.1484446,0.2002995,35,35,-5.60609982087455,0.647091945078096,-6.75130147118341,0.925489191043813,1.19527235047981,9.07227130958204,-1.29238488142821,0.271743662651797,1.19527235047981,11.7378049861288,-6.17870064602898,0.786290568060955,1.19527235047981,9.40014301454959,-1.37209012780856,0.291119919292121,1.19527235047981,12.074878726114,2.22415064441564,0.0607739097142409,-0.348025809160609,-7.70863469014786,-7.19521758979626,2.1932549122305,10.1357905484494,-4.39280471783375,0.52524620486979,-4.8277323030068,0.666039851074757,7.38083922,0.22048737,-0.9,0.02034125,129.431771128037,-209.308299127237,1386.51391005423,0.315785118764481,0.286752329620364,6.81486463626817,0.14457137095997,-0.921105836406182,-897.89838332033,-900.000350022744,-917.10173182857,-918.930019299455,1.79944773404497,-972.055373515313,1.2843324515061,1845.3520097695,1871.36989600377,NA,2563.71952098123,0.379975950771304,1.0546387255814
"636",-5.86,0.73,-5.86,0.83,1.359326,9.604077,-1.1484446,0.2002995,35,35,-6.936181184843,0.968476241785398,-5.27181226062596,0.805044300180942,1.16356375834972,12.950846625629,-1.56879923696334,0.250435829693835,1.16356375834972,11.3794632246039,-6.10399672273448,0.88676027098317,1.16356375834972,13.6433776046038,-1.63680199817107,0.257113329577986,1.16356375834972,11.7892163462277,2.8887676574492,0.0753235299545319,-0.454570313961758,-7.12399157888857,-6.43330787149792,1.96344105037411,10.8121550075359,-5.14427334115981,0.720839676894027,-3.86328921621984,0.595016297615538,7.36681244,0.15837636,-0.869,0.02180785,108.0769524835,-166.598661838163,1300.74325331109,0.193847438814716,0.150938083316555,8.12904840340313,0.163057719436984,-1.11620771486351,-892.023955049102,-893.841275243085,-908.517042581485,-910.796483020948,2.25076093889441,-947.000549409253,2.44770108439624,1833.60315322704,1854.2005175096,NA,2434.88784478402,0.426501661342083,1.04248076390746
"637",-5.86,0.73,-5.86,0.83,1.359326,9.604077,-1.1484446,0.2002995,35,35,-5.42597019836713,0.75061508417126,-6.18429253947734,0.879351442828736,1.27249900732559,6.95560958724777,-0.938065859731867,0.178446726758448,1.27249900732559,7.05569431189021,-5.80513136892224,0.814983263499998,1.27249900732559,7.09937278050448,-0.962471773952651,0.182589989268545,1.27249900732559,7.08469045119414,2.15192602465704,0.0588010720409982,-0.339702561478623,-6.91174099358672,-6.90308542289915,1.91498454624062,7.38470577301512,-3.64436711494164,0.515642424666647,-4.5821280890737,0.642672293051983,2.78583803,0.08029234,-0.811,0.02867352,74.1673579297892,-98.779472730741,1215.54673238673,0.302406660859701,0.263254245521832,8.07518221299341,0.173865233244701,-1.15473125412158,-885.861469709182,-886.448714956974,-900.367184810709,-900.61869454417,0.244763194372587,-928.88304736869,0.000555245791313757,1821.2781825472,1837.90080196805,NA,2332.31399204272,0.356336653900464,1.04995888994097
"638",-5.86,0.73,-5.86,0.83,1.359326,9.604077,-1.1484446,0.2002995,35,35,-4.92559510434412,0.647196192770557,-6.92072773847856,1.02311968055614,1.26839581682762,10.6519113420775,-1.12937842476816,0.180700405205944,1.26839581682762,11.2243328024858,-5.92316142141134,0.835157936663348,1.26839581682762,11.6470498990246,-1.31688272937282,0.216030022373164,1.26839581682762,11.5131889189333,3.30114798197215,0.0804011389731354,-0.500934354717706,-7.02750889284191,-6.7829866644005,1.98905586914367,12.3377227201772,-3.44786053502989,0.459357409311141,-5.15502255407059,0.77433760950929,5.76859033,0.12020833,-0.846,0.02292066,105.043949432097,-160.532655735357,1309.82532592117,0.0139398978683351,0.0091557970091659,9.12483179075803,0.191565551276017,-1.26522444088314,-904.018752867469,-908.821690262925,-928.769349880297,-930.404181973883,1.60681292270088,-954.427473997267,0.268197660438875,1857.59274886378,1894.70513210722,NA,2459.11799610697,0.467628679930728,1.25904591488353
"639",-5.86,0.73,-5.86,0.83,1.359326,9.604077,-1.1484446,0.2002995,35,35,-6.92785000419737,0.922213447746013,-5.34687833080321,0.779216301446329,1.34674075750804,10.4306767248634,-1.1408394266541,0.201124748626598,1.34674075750804,11.6603828017808,-6.13736416750029,0.850714874596171,1.34674075750804,11.055544582882,-1.1973580360731,0.206236794589062,1.34674075750804,12.0394426936061,2.93029035527901,0.0905963250057845,-0.500212111250481,-7.39128215371504,-6.66225047462959,2.02390071352805,13.416677326346,-5.33572745647815,0.715306214357305,-3.91216675837088,0.56604138294956,5.57011334,0.09267302,-0.775,0.02202223,115.895504360937,-182.235765593036,1362.73145177711,0.170493324998015,0.147229790516304,9.60374473657472,0.202489084234529,-1.34296429568148,-921.128687760086,-922.939025983296,-945.906734842979,-947.971816322869,2.03596313379214,-961.404920646158,2.16763113538589,1891.81261864901,1928.97990203259,NA,2543.22713796119,0.509449207772765,1.29588100824117
"640",-5.86,0.73,-5.86,0.83,1.359326,9.604077,-1.1484446,0.2002995,35,35,-4.82844833388959,0.571482340462268,-5.1170384444839,0.761843323202569,1.31698673279257,7.841578426445,-0.763049366153486,0.12404542730295,1.31698673279257,9.21514266976937,-4.97274338918675,0.666662831832419,1.31698673279257,7.86239948942822,-0.776783440418954,0.133104753240413,1.31698673279257,9.7512845845293,3.13869639263643,0.0825174572425564,-0.493358983088482,-7.38144566198076,-6.53591429708427,2.04065589783049,10.459058871995,-3.58436175189145,0.42915480304623,-3.97021116250407,0.590439819175401,5.24761009,0.08820029,-0.807,0.02400514,97.5171819564616,-145.479120784086,1262.65627695007,0.0484374365539627,0.0407848504612815,5.37694128780997,0.125992729437008,-0.771751350922725,-897.826961158162,-901.233996653676,-925.410720391509,-928.991503807842,3.56898101008098,-955.388664054597,3.6382092751178,1845.20916544516,1887.98787312965,NA,2379.83343311606,0.476204052441504,0.850600867763383
"641",-5.86,0.73,-5.86,0.83,1.359326,9.604077,-1.1484446,0.2002995,35,35,-6.15552119569256,0.749282569414446,-5.79705945737415,0.828521504570838,1.24514238356569,7.02364010240428,-0.785118940275355,0.128222444434804,1.24514238356569,7.15507850300355,-5.97629032653336,0.788902036992642,1.24514238356569,7.05576380686383,-0.778017908665688,0.129792146645984,1.24514238356569,7.65103467403889,2.16058380564389,0.0487665487080043,-0.311647063909634,-7.64923076901865,-6.8186839596829,1.76179044197839,8.52646178086795,-4.25124766004514,0.515764580358948,-4.11370405607698,0.58798612565509,4.10914177,0.08558122,-0.863,0.02560371,97.913633364878,-146.272023600919,1255.40951264039,0.0649150731007361,0.0606413533022252,6.96840353136195,0.135658129186213,-0.91983833960996,-876.423845103297,-879.162413430328,-895.900964121083,-900.033628803732,4.1354622911333,-912.923443657512,4.89090594019815,1802.40293333543,1828.96836058879,NA,2364.54700167987,0.30640366305077,0.968757035609155
"642",-5.86,0.73,-5.86,0.83,1.359326,9.604077,-1.1484446,0.2002995,35,35,-5.17618795629683,0.679152356046408,-6.1898227875075,0.87814007724676,1.31404496505072,12.4982411319076,-1.48998569009811,0.249358195431131,1.31404496505072,11.262941102065,-5.68300537190217,0.778646216646584,1.31404496505072,12.7551050246685,-1.54041091139609,0.259257223728258,1.31404496505072,11.3495813572496,2.83835638917247,0.0721813065953726,-0.433565154777996,-7.0877151932875,-6.91583267360188,2.22746679383362,10.8882449421352,-3.21699606765783,0.422437851229308,-4.74482886373241,0.682649374082583,7.68394589,0.17187576,-0.877,0.02241494,98.7422487472548,-147.929254365672,1320.30268222628,0.108231288224618,0.0884963509355435,8.09594517623706,0.167455684448101,-1.12067243563194,-918.954551369293,-920.078564793616,-937.65259114762,-938.145416937749,0.480434285993758,-978.136052843301,0.13276432794121,1887.46434586742,1912.47161464187,NA,2492.67611008688,0.439681974916631,1.08440248469755
"643",-5.86,0.73,-5.86,0.83,1.359326,9.604077,-1.1484446,0.2002995,35,35,-5.42567790173568,0.666286811645503,-5.4886984861984,0.912615154788275,1.39285023512335,9.15012631109881,-1.07890805545814,0.178820402389654,1.39285023512335,7.77916163943826,-5.45718819396704,0.789450983216889,1.39285023512335,9.15111920961532,-1.08278899449679,0.193989815548519,1.39285023512335,9.11526445398333,2.42052403243473,0.0633099483674045,-0.373570544044827,-7.41385472305242,-6.0093147814098,2.09904325789262,8.47287564953357,-4.04938035978287,0.510781035969686,-4.07064913738643,0.672508050115808,6.6105418,0.13399804,-0.903,0.02879684,61.3885751225965,-73.2219071163557,1256.87909995417,0.000804066384482175,0.000652909650968946,5.85204788751583,0.149191010849218,-0.835396448820393,-911.104059623302,-918.516342250863,-928.527828771581,-938.444357574281,10.3489370762831,-955.638023581375,11.8062486117984,1871.76336237544,1894.22208988979,NA,2440.53629279198,0.388270678723141,1.13463754294859
"644",-5.86,0.73,-5.86,0.83,1.359326,9.604077,-1.1484446,0.2002995,35,35,-4.65863398367007,0.541999255509658,-5.78078271326302,0.812615738818306,1.47303422901233,10.8287044199928,-1.35419712068353,0.244740883162814,1.47303422901233,9.50753429993731,-5.21970834846655,0.677307497163982,1.47303422901233,11.1435088628246,-1.43011510642146,0.263049203422399,1.47303422901233,9.76071197507494,2.22275194408729,0.059732723357113,-0.34480939814256,-7.38728390257651,-6.89716965199332,2.56106269636105,8.81294882543354,-3.32294029312776,0.408363272344144,-3.59712889715339,0.50052273080233,5.03723155,0.10308143,-0.875,0.03076232,49.4544107536818,-49.3535783785263,1299.41868717903,0.37331371591096,0.349860058886732,9.16147537651694,0.220223484969063,-1.32674063136024,-937.254844358649,-939.536895188116,-954.820831758901,-956.487473589672,1.63845117397915,-1005.61294063808,1.13742266367711,1924.06493184614,1946.80809586443,NA,2549.48379597954,0.375193854453692,1.49265135607477
"645",-5.86,0.73,-5.86,0.83,1.359326,9.604077,-1.1484446,0.2002995,35,35,-5.40606348265834,0.612525360710367,-6.37216041277437,0.879528340608725,1.33360918575072,9.61193775799332,-1.22239375290882,0.214050526314963,1.33360918575072,8.36636542253321,-5.88911194771636,0.746026850659546,1.33360918575072,9.84527357758824,-1.28688144271173,0.231873174133614,1.33360918575072,8.74116579434221,3.3041422403194,0.0845055754915935,-0.518646466760282,-7.71453711680602,-7.08989938499881,2.21183055389353,7.97124763699722,-3.49678835661175,0.385910919750426,-4.48225934249362,0.61937189245194,4.050166,0.1024946,-0.846,0.0253664,97.2236696651145,-144.892096201392,1320.73991877364,0.0340965897552532,0.0262546575920453,9.69872001255093,0.204433202446259,-1.34395470839675,-907.407290104522,-910.455543127073,-922.411430470135,-925.157927793207,2.72105818354022,-966.556764755952,2.33990751792623,1864.36982333788,1881.9892932869,NA,2496.58774134589,0.466531255235529,1.35444918980696
"646",-5.86,0.73,-5.86,0.83,1.359326,9.604077,-1.1484446,0.2002995,35,35,-6.70648933362676,0.835230369222509,-5.50047346246818,0.681880787010701,1.48948703598083,8.87616646973501,-1.15918039827284,0.21573622112691,1.48948703598083,7.68246049163219,-6.10348139804747,0.758555578116605,1.48948703598083,9.23978504010662,-1.20541590576859,0.221615244718045,1.48948703598083,7.7677731824902,3.23412247478781,0.085205273555065,-0.508383525787209,-7.6881441563925,-7.39574541380916,2.31891959145297,7.85744993458938,-4.85676559765411,0.619932683811187,-3.56546996449498,0.43888756829188,4.9325565,0.124819,-0.863,0.0286195,70.2211425064082,-90.8870418839791,1366.82030404396,0.239934076431433,0.164538719154436,9.88261030824271,0.195772278726821,-1.3407916907974,-928.683954370482,-929.741807679805,-944.18701657448,-944.871469980808,0.668158868552904,-977.693782008287,0.495340190427822,1906.9231518698,1925.54046549559,NA,2642.75356620393,0.493430661332763,1.28982602987318
"647",-5.86,0.73,-5.86,0.83,1.359326,9.604077,-1.1484446,0.2002995,35,35,-6.00880047017612,0.669077342196772,-5.79973826921782,0.820038745058881,1.34831722556172,6.23164225572209,-0.770845039607707,0.142367370337457,1.34831722556172,6.38971819471481,-5.90426936969697,0.744558043627826,1.34831722556172,6.24256900668947,-0.762954958822181,0.148064706625981,1.34831722556172,7.22463160046215,3.05967240067695,0.0790010584508763,-0.47751870635852,-7.98035203257347,-6.87190085761671,1.98041411752242,7.10328979265505,-4.57019243100109,0.51597699398173,-4.06989657197203,0.586556036522553,3.93961586,0.09483205,-0.836,0.02294745,121.264394345687,-192.973545562537,1306.01760106824,0.00504669185320474,0.00584363062777636,6.64025512199975,0.133043666683751,-0.872923083221758,-891.753734277406,-896.613117149982,-908.506195591932,-915.999268908665,7.68285205130345,-935.91929910639,9.110930072689,1833.06271168365,1854.17882353049,NA,2419.06165657394,0.454349562722217,0.996737545774781
"648",-5.86,0.73,-5.86,0.83,1.359326,9.604077,-1.1484446,0.2002995,35,35,-5.65031508204204,0.699853114468042,-5.05961021107284,0.734059663232376,1.38007002592477,7.97767584521289,-0.940385467063568,0.166883723085191,1.38007002592477,7.91233763387506,-5.35496264655744,0.716956388850209,1.38007002592477,8.06490890635958,-0.935333973320034,0.167176245079783,1.38007002592477,8.31443678153151,3.14553912920479,0.0843828088630817,-0.497494671577142,-7.438512557088,-6.64401392020313,2.11284070364578,8.58527835715547,-4.18431422176908,0.519980444236894,-3.94419197474101,0.57896196810397,7.21574494,0.15218429,-0.887,0.02440079,88.6409443416816,-127.726645554526,1272.68810348366,0.139656200966808,0.128428503065554,4.3375218947558,0.0900108653515321,-0.577993903707023,-908.231773016354,-910.103434784164,-927.323330134478,-930.412358093657,3.06796523694423,-957.656045898861,3.70904233159691,1866.01878916154,1891.81309261558,NA,2417.64956141279,0.492386089438352,0.670815227823771
"649",-5.86,0.73,-5.86,0.83,1.359326,9.604077,-1.1484446,0.2002995,35,35,-6.49708615827253,0.75502892479203,-6.58110415968919,0.933685728990819,1.22307989906509,9.63962309363032,-0.9447479522319,0.158263883139461,1.22307989906509,12.5968710643127,-6.53909515898086,0.844357326891425,1.22307989906509,9.64138784977083,-0.948500549138966,0.166243446561092,1.22307989906509,13.3424683619368,2.12766509693051,0.0570515914771992,-0.333044032221358,-7.95656043324228,-6.97618742623038,1.7874758273991,15.3488811241663,-5.03194528282999,0.603982370378956,-5.26118942339684,0.742998643281739,4.32470488,0.054521,-0.729,0.01976471,151.652959318864,-253.750675508891,1418.1185910201,0.0506321191928381,0.0375323032943791,8.72899331671413,0.186536850112212,-1.19408076299862,-897.485231598616,-900.593526490213,-927.304845408394,-931.041813197066,3.72884437887381,-935.3725581768,3.91382531768617,1844.52570632607,1891.77612316342,NA,2582.4865065313,0.345807482045234,1.31828670401298
"650",-5.86,0.73,-5.86,0.83,1.359326,9.604077,-1.1484446,0.2002995,35,35,-5.80860724696161,0.781551445000243,-5.35220714082655,0.775323869116317,1.34803173300288,12.1267835309175,-1.448168040702,0.217413655437956,1.34803173300288,8.15365939224627,-5.58040719389408,0.77843765705828,1.34803173300288,12.1788587951376,-1.4488786072756,0.217423351113303,1.34803173300288,8.26784106657529,3.80525301774379,0.103116258633004,-0.611134978023772,-7.11006720975844,-6.69076938923116,2.13776495941511,8.10547621060175,-4.24940501837183,0.573934543241835,-3.80978690004105,0.556421076689769,6.08587151,0.10924297,-0.883,0.02509234,90.0303381022483,-130.505433075659,1240.13457080979,0.537982727659887,0.51594749839978,7.94510698374511,0.163394221123688,-1.10672519047929,-908.221020829956,-908.77846102308,-923.438803063287,-924.306573805403,0.848224029501302,-958.731955340236,1.07480469072663,1865.99728478875,1884.0440384732,NA,2349.76370854392,0.576780043739894,1.02291739170536
"651",-5.86,0.73,-5.86,0.83,1.359326,9.604077,-1.1484446,0.2002995,35,35,-5.84285332543506,0.685324722714841,-5.84937830087773,0.845615854165442,1.11411507490037,9.73767756629827,-1.27021174292351,0.206565857208324,1.11411507490037,7.7253905104765,-5.84611581315639,0.765470288440142,1.11411507490037,9.7376882101244,-1.27047321684761,0.212989168913752,1.11411507490037,8.48313121996021,2.96647910123305,0.0865532204437545,-0.490573875671381,-7.71760719903737,-6.76915909180348,1.90823423416499,6.68012720461979,-3.95811198126379,0.459248778264579,-4.47670804493638,0.641993350491692,5.47955291,0.13098138,-0.91,0.02243155,120.722091932645,-191.888940736453,1238.23958867052,0.0150077618733017,0.0135260274994173,7.81560485238568,0.158927414203379,-1.06107428315216,-862.86614039224,-867.35947728657,-873.391293577573,-879.220706989791,5.90533663599643,-924.945835908135,7.30422282697008,1775.28752391332,1783.94901950177,NA,2284.59023660459,0.493833700665601,1.08247142963378
"652",-5.86,0.73,-5.86,0.83,1.359326,9.604077,-1.1484446,0.2002995,35,35,-5.6663773272702,0.66690711005368,-5.7217099143357,0.86582206684036,1.54387306314736,7.78019687442945,-1.0136881744569,0.198300943213556,1.54387306314736,7.35401476749625,-5.69404362080295,0.76636458844702,1.54387306314736,7.7809622982273,-1.01643979424816,0.208192733221918,1.54387306314736,8.13434436795993,2.99726398942917,0.0778637004037164,-0.472374233318971,-7.65085857118553,-6.52110731890217,2.32253876703081,7.92366848040711,-3.62913648243726,0.430592261154583,-4.24483733365918,0.632362439661531,4.85115833,0.12300396,-0.866,0.02878542,64.4476965166072,-79.3401499043769,1308.92872815329,0.0298190379422089,0.0278185396443865,7.36852624963376,0.17255434654377,-1.0411503503293,-933.006471088235,-937.106414885699,-950.273925268207,-956.524868010467,6.35172600340443,-978.336547162701,7.32835036816133,1915.56818530531,1937.71428288304,NA,2538.51730640221,0.435156440930931,1.22647329921924
"653",-5.86,0.73,-5.86,0.83,1.359326,9.604077,-1.1484446,0.2002995,35,35,-6.20562712016002,0.763959549190381,-5.77274662642742,0.776454917544513,1.35585961979873,8.66910365599559,-1.13760954466671,0.206363789717216,1.35585961979873,7.6483825098332,-5.98918687329372,0.770207233367447,1.35585961979873,8.71595003645914,-1.13625729436108,0.206402823274792,1.35585961979873,7.81473676670893,3.54327072550458,0.0986460686058542,-0.573128549644875,-7.6118950459404,-7.10457038097802,2.12394460912159,7.67590269239738,-4.26346279426605,0.528574049172674,-3.8493995557686,0.524328822550185,5.27336847,0.13840907,-0.897,0.02750735,75.7058361154736,-101.85642910211,1302.75700857599,0.356381103666853,0.347491584577371,7.88290957406654,0.146342142926196,-1.01984062427447,-906.644644430415,-907.490685229345,-920.882679436123,-922.21636445001,1.30800059487282,-955.451490467141,1.66211495452228,1862.84453198967,1878.93179121887,NA,2503.65758804986,0.563369227862704,1.06150522232532
"654",-5.86,0.73,-5.86,0.83,1.359326,9.604077,-1.1484446,0.2002995,35,35,-3.71113802947264,0.425129498307334,-6.26613919397447,0.820172980571306,1.2769639491361,10.3182916507547,-1.27709082834522,0.20991404875297,1.2769639491361,8.45595621348036,-4.98863861172356,0.62265123943932,1.2769639491361,11.9502993884061,-1.52942496764854,0.248928886972782,1.2769639491361,8.75536221122136,3.09747248102563,0.0770279716094967,-0.472288090956863,-7.13606771942531,-7.33750204192644,2.43652808642393,6.85575048378539,-2.34150844105982,0.260613790670869,-4.20914711922014,0.54886674377744,5.50947892,0.13067677,-0.896,0.02655511,77.3461868879044,-105.137130646971,1244.95481890018,0.0309317535924913,0.0243272357969103,9.68869163178402,0.189664944119929,-1.31451999164885,-897.74043473995,-902.355578410233,-912.443929085547,-914.625988273544,2.15309878628281,-985.614141693354,0.252263724197012,1845.03611260874,1862.05429051772,NA,2384.7725071534,0.455400882411081,1.22839087439517
"655",-5.86,0.73,-5.86,0.83,1.359326,9.604077,-1.1484446,0.2002995,35,35,-4.8682396828859,0.640557442449148,-6.29492736639295,0.899494241940698,1.35637390532716,10.0636038950462,-1.2680039921345,0.196812910497049,1.35637390532716,6.29728028502309,-5.58158352463943,0.770025842194923,1.35637390532716,10.5724633316138,-1.36035947779483,0.213574977029781,1.35637390532716,6.41581723542816,2.84707308603008,0.0791089596362222,-0.457221512678889,-7.00970542789047,-6.89371466505405,2.14595857848074,5.96198228150855,-3.70532955252533,0.49491270350077,-4.42609652458224,0.633705335320485,5.36023306,0.11500236,-0.912,0.03006977,60.8741502168034,-72.1930573047694,1208.2290681875,0.354077761470579,0.323060016544992,7.7375544599622,0.163730804574477,-1.09482507756559,-898.017271758085,-900.269002768248,-909.084650083634,-910.21259286398,1.10459134262505,-950.274783683619,0.107161682129128,1845.58978664501,1855.3357325139,NA,2344.26507907023,0.462738183986787,1.0047172323509
"656",-5.86,0.73,-5.86,0.83,1.359326,9.604077,-1.1484446,0.2002995,35,35,-6.07245173112348,0.789875749984714,-4.65387860336977,0.649295314974115,1.41833406774643,11.0542994277732,-1.34095600140854,0.250565770287217,1.41833406774643,11.3669489172899,-5.36316516724662,0.719585532479415,1.41833406774643,11.5573868574694,-1.39081190825703,0.255506484964159,1.41833406774643,11.6061864338488,3.58004338437267,0.0986702139391099,-0.580106888686415,-7.32431763890167,-6.74328636496822,2.4084555970722,11.1271614609999,-3.73199047206331,0.482581421215005,-3.23869855940316,0.456934717346387,4.6548532,0.12101234,-0.776,0.02632341,73.5910298390038,-97.6268165491702,1351.41154265339,0.597124298881586,0.54775797931155,10.0309020308999,0.200545709486661,-1.36707396417891,-935.918095638054,-937.302875632942,-956.955139396769,-958.296351723131,1.31545389528246,-997.972049465009,1.37546066587709,1921.39143440495,1951.07671114017,NA,2605.19626875762,0.549428263428286,1.3149260916583
"657",-5.86,0.73,-5.86,0.83,1.359326,9.604077,-1.1484446,0.2002995,35,35,-6.56616897233014,0.845068766507332,-5.68248649892945,0.745164214545074,1.38480127150852,11.8607075960991,-1.58264736955999,0.260638336639933,1.38480127150852,7.36992906978448,-6.12432773562979,0.795116490526203,1.38480127150852,12.0559312745479,-1.60471834495549,0.263133566515628,1.38480127150852,7.43852970011583,3.37377631561575,0.0871063383980313,-0.524385747963481,-7.48920916995313,-7.20073216486135,2.28890707472377,6.49817558731965,-4.69165189023773,0.615206172195958,-4.0010546848576,0.528254318122256,6.16372827,0.15146175,-0.902,0.02424436,99.1328067143625,-148.710370299888,1303.55184820193,0.652008260653127,0.583979897520415,9.09246858832833,0.171240219403367,-1.21881085287822,-914.531227166548,-915.064563376108,-923.766437530997,-924.337824932063,0.557333619393687,-968.671210733109,0.577012996167232,1878.61769746193,1884.69930740862,NA,2458.39332610398,0.509098247567069,1.10182578776574
"658",-5.86,0.73,-5.86,0.83,1.359326,9.604077,-1.1484446,0.2002995,35,35,-5.56957684038159,0.655976970336951,-4.1347671245431,0.583636028192017,1.34890224354959,7.59844228931384,-0.813907206233073,0.153958652785532,1.34890224354959,9.7459527806013,-4.85217198246234,0.619806499264484,1.34890224354959,8.11311201947996,-0.839856077893686,0.155266955763136,1.34890224354959,10.4082172384588,3.07980583301013,0.0857532380341584,-0.501248131682072,-7.61917702833898,-6.61535592614792,2.23731264738007,10.1313505615916,-3.74539092138519,0.433399245296316,-2.88901937292357,0.402854437375512,4.52722221,0.09676089,-0.809,0.02404095,98.2741733305764,-146.993103532316,1290.1298303027,0.108256399920572,0.103851278483908,6.60630418391989,0.126761365510262,-0.847034837121171,-908.988413069349,-911.752021274979,-934.823246781776,-939.009576339871,4.19078550350654,-976.914155335135,4.8148755419432,1867.53206926754,1906.81292591018,NA,2433.26655707308,0.478122871374973,0.984048973952704
"659",-5.86,0.73,-5.86,0.83,1.359326,9.604077,-1.1484446,0.2002995,35,35,-5.78341485957675,0.736396065613524,-5.09164771085676,0.695091839283834,1.312195462509,6.03639565635104,-0.524714845683929,0.100357693333468,1.312195462509,9.60550036731456,-5.43753128521675,0.715743952448679,1.312195462509,6.15603110336311,-0.531858072403475,0.100784203111641,1.312195462509,9.74084529242639,2.59844401070813,0.0665831881916096,-0.401346753203611,-7.35389888791056,-6.90821163137594,1.85027106740987,12.3691228166227,-3.91648398436291,0.494730920677585,-3.38098398798861,0.463410931820613,3.30729711,0.07033455,-0.708,0.02548169,90.8292411504433,-132.103239172049,1294.60468824683,0.538029904583197,0.523930110034469,7.18538659742573,0.134306412943473,-0.944342982881438,-894.370784947303,-894.986610645851,-927.142881807181,-928.030553342967,0.867800159242714,-936.789430656238,0.95558455935241,1838.29681302344,1891.45219596099,NA,2457.10613732161,0.393685749536463,0.926087965834441
"660",-5.86,0.73,-5.86,0.83,1.359326,9.604077,-1.1484446,0.2002995,35,35,-6.17826303150564,0.794149014144525,-5.2357177356796,0.746046127202128,1.265058436714,11.4108469382309,-1.3175549029092,0.216674034886418,1.265058436714,10.9356761981126,-5.70699038359262,0.770097570673327,1.265058436714,11.6329448469019,-1.32888969036,0.217252506819466,1.265058436714,11.2373550102787,3.15869913078148,0.0763320149661538,-0.468841323763602,-7.40466993721144,-6.74870919421314,2.06544263830571,11.1433051551727,-4.49213360442105,0.571339944747439,-3.46903309658825,0.48908824076754,6.79451511,0.13256426,-0.861,0.02271814,104.356699813849,-159.158156498861,1317.31651802352,0.259948014842715,0.187340344684598,8.06776249034836,0.163330944409724,-1.10015431543594,-906.318056649122,-907.408499949562,-926.451102769758,-928.198389911485,1.71872618583063,-960.376527588932,2.04151517590677,1862.19135642708,1890.06863788614,NA,2475.47487954819,0.47771772916296,1.08749218768629
"661",-5.86,0.73,-5.86,0.83,1.359326,9.604077,-1.1484446,0.2002995,35,35,-5.04351693322388,0.552801925409809,-7.02633555791661,1.01629064305761,1.39981777584389,12.0756545956262,-1.49799149066913,0.226334514207568,1.39981777584389,7.08817072358789,-6.03492624557025,0.784546284233709,1.39981777584389,13.0585470202333,-1.72774500609089,0.280039962054269,1.39981777584389,7.80809460904107,4.45806873224534,0.116852926933017,-0.70476126570933,-7.70780734027009,-6.92928012210603,2.36718635925756,6.27448412655973,-3.32332027603622,0.356849713446042,-5.17696973066628,0.758183007413937,6.10096708,0.13611158,-0.907,0.02486563,98.2594274019569,-146.963611675076,1297.93953605591,0.000128196102335484,0.00010902870436906,10.7860323896255,0.249214603311064,-1.57218998391026,-911.871806032255,-920.566465646583,-924.011869222348,-929.980667783406,6.05264476775288,-975.849937398457,4.188513431282,1873.29885519335,1885.19017079132,NA,2448.91546043674,0.655550026724982,1.55889328909281
"662",-5.86,0.73,-5.86,0.83,1.359326,9.604077,-1.1484446,0.2002995,35,35,-5.35846118417648,0.671355656998224,-5.77016357420104,0.771329411243438,1.31445992494459,9.05079904988031,-1.06577241643058,0.175401056366667,1.31445992494459,8.04907469816477,-5.56431237918876,0.721342534120831,1.31445992494459,9.09317376436828,-1.07606227482119,0.177899744251138,1.31445992494459,8.08848946042452,2.31434606209788,0.0630280031950312,-0.366121289058693,-7.31643913654588,-7.13252376896715,2.07170607065722,8.34318679262294,-3.70719112815812,0.465902128064556,-4.2594332547366,0.574088744386098,4.04027071,0.09118597,-0.845,0.0291842,67.2855793625033,-85.0159155961693,1263.59433568757,0.534342222028668,0.445635905960901,8.50201492255456,0.160707570407586,-1.13094367040946,-898.930507166108,-899.395183830409,-916.455596975368,-916.759831620895,0.296185402713774,-951.94379185744,0.20795043356912,1847.41625746105,1870.07762629736,NA,2442.17275577897,0.37691902393379,1.07271909256377
"663",-5.86,0.73,-5.86,0.83,1.359326,9.604077,-1.1484446,0.2002995,35,35,-5.58953232798248,0.664875298087544,-6.3143793909798,0.953008806322948,1.16447573481079,11.4445812733024,-1.53412122149367,0.2913233348624,1.16447573481079,12.7593952622328,-5.95195585948114,0.808942052205246,1.16447573481079,11.5759320894863,-1.58633440329255,0.31207856450441,1.16447573481079,13.6569462248957,2.47990606560456,0.0716281866809066,-0.409727351976038,-7.58611858182044,-6.59434076300527,2.19739466725859,10.6961165281693,-3.87288264458454,0.474604949506903,-4.6957084520317,0.72809804201537,6.04911848,0.18129627,-0.855,0.02120759,116.695679891668,-183.836116654499,1353.34894468615,0.0374653549352416,0.0261231883161505,8.74472347853431,0.207743203187934,-1.26634428341011,-899.116575464235,-902.657557125043,-916.106801360353,-920.530275349702,4.43576656516279,-974.235613609429,4.55434567761289,1847.78839405731,1869.38003506733,NA,2522.86177271781,0.402714280557259,1.38581172409885
"664",-5.86,0.73,-5.86,0.83,1.359326,9.604077,-1.1484446,0.2002995,35,35,-6.07927765715698,0.693876651497013,-4.81111106433698,0.614653861779985,1.13630423828782,6.80846482009762,-0.822641097360798,0.193746751590989,1.13630423828782,13.4768554155752,-5.44519436074698,0.654265256638499,1.13630423828782,7.2105264468838,-0.847758021188083,0.195315814193626,1.13630423828782,13.9772583203531,2.82563364416981,0.0797741652767011,-0.458459872493701,-7.90308135205612,-7.1069036399037,2.06926427064247,12.6856624946511,-4.00868097509437,0.451123535254787,-3.54611856558814,0.439412403490691,3.19957782,0.0965761,-0.697,0.01829513,162.091401408035,-274.627559687232,1388.08699974962,0.515665668626117,0.492591854602004,7.89584951839297,0.15793835482131,-1.05688377428624,-884.029468209327,-886.128895181913,-913.664834446208,-916.043556436913,2.35046883788643,-965.014401801927,2.66369937492119,1817.61417954749,1864.49610123904,NA,2501.546439812,0.461498038942072,1.10925712287765
"665",-5.86,0.73,-5.86,0.83,1.359326,9.604077,-1.1484446,0.2002995,35,35,-5.59039211415909,0.696421458477434,-7.63651246146218,1.04290254742025,1.30399971555411,4.61217812527519,-0.34868363197486,0.0752264223977943,1.30399971555411,8.90741893609835,-6.61345228781063,0.869662002948844,1.30399971555411,5.65883024418712,-0.52591913348527,0.105238708646545,1.30399971555411,9.11223881961354,1.67490777820236,0.0482089964222342,-0.270787130582886,-7.3990345075881,-7.38091018581648,1.66618244991045,12.9222901540441,-4.29331406044633,0.54597542161921,-6.91328389413389,0.942872340764142,5.37355558,0.06652302,-0.793,0.02064304,138.531005817063,-227.506768505289,1356.77995371788,0.000698892947351683,0.00045449257230556,7.01988190232057,0.163947080542197,-1.04331213896211,-885.057943645856,-891.600117729133,-920.84163186443,-922.274013206217,1.40579016279269,-912.533159625555,0.00168514490945944,1819.67113042055,1878.84969607549,NA,2486.05313893048,0.29187789765639,0.966102661855286
"666",-5.86,0.73,-5.86,0.83,1.359326,9.604077,-1.1484446,0.2002995,35,35,-5.92729414315755,0.752017481430146,-5.41619776403416,0.727887580031358,1.38650977495389,10.3751545289899,-1.40005744300637,0.25712575553665,1.38650977495389,8.76562002806836,-5.67174595359586,0.739952530730752,1.38650977495389,10.4404594061782,-1.40314061931476,0.257271318572029,1.38650977495389,8.85170899929444,2.72586484318415,0.0717943932351632,-0.426233898295802,-7.40470981840678,-7.03737314772729,2.34924313332457,7.99108642475927,-3.46924933732556,0.432794180736114,-3.94747762077596,0.537762501983291,4.71724607,0.14447728,-0.885,0.02505099,90.6814214884777,-131.807599848118,1292.60720183253,0.609993528140517,0.586657452889267,9.85267335435594,0.186695413332019,-1.30544627458036,-921.088487502536,-921.519991153977,-934.864106132588,-935.478488107075,0.599455029639481,-981.400895708306,0.760213178618883,1891.73221813391,1906.8946446118,NA,2453.40680381695,0.424124140154463,1.2700055538566
"667",-5.86,0.73,-5.86,0.83,1.359326,9.604077,-1.1484446,0.2002995,35,35,-6.26107003124426,0.734746647592965,-5.62695513145187,0.838083679065821,1.43161557569255,10.1725637818193,-1.11262759017296,0.196460448878725,1.43161557569255,10.7261706627398,-5.94401258134807,0.786415163329393,1.43161557569255,10.273089208354,-1.09624570233365,0.19913008439713,1.43161557569255,11.697392892974,2.43994962304271,0.0681703530410793,-0.398231689228827,-7.84138086532498,-6.59161067252162,2.15685567162631,12.2833210925193,-4.41296726218011,0.509892705770582,-4.16582365185389,0.62134143594737,6.11877571,0.14246386,-0.857,0.02425036,98.5639842795173,-147.572725430197,1387.94881877213,0.0150832716910151,0.0149977687145205,8.27308869881013,0.163060503256353,-1.05058694722385,-931.195730978104,-934.59675572499,-955.514378999581,-961.084526500033,5.63211243938142,-974.127309215353,6.48753226459072,1911.94670508504,1948.19519034579,NA,2628.32491211405,0.378228326876449,1.33945731946719
"668",-5.86,0.73,-5.86,0.83,1.359326,9.604077,-1.1484446,0.2002995,35,35,-6.7263025259584,0.800312133160717,-4.60796494540413,0.708644873700052,1.4428632992311,9.17734003870217,-1.17485394003682,0.212009443867077,1.4428632992311,7.86440972029187,-5.66713373568126,0.754478503430385,1.4428632992311,10.2991785649993,-1.22339949019231,0.214110165481334,1.4428632992311,9.37635628990686,2.51383803128032,0.0720633817528798,-0.406123278256649,-7.91599116339488,-6.34378339398766,2.25593990480907,8.02862497521504,-4.72308255793889,0.561443851034916,-2.76065599942028,0.428110022207482,3.51047696,0.09182681,-0.832,0.03076358,58.1800561822705,-66.8048692357036,1321.59877317827,0.000107206405501104,6.78946362145372e-05,11.5938901736106,0.206799756475157,-1.45487549641645,-922.393176574754,-929.612740960982,-937.847223589129,-948.871203858317,11.5983319789999,-971.617724529791,14.441679320061,1894.34159627834,1912.86087952489,NA,2576.39267712084,0.434551941037918,1.59843982788151
"669",-5.86,0.73,-5.86,0.83,1.359326,9.604077,-1.1484446,0.2002995,35,35,-5.52126438839671,0.694289661928731,-6.02428175950971,0.838875017852134,1.54356969058335,9.23071406490608,-1.12162734578048,0.194573165667071,1.54356969058335,7.40667202958773,-5.77277307395321,0.766582339890433,1.54356969058335,9.29397068381643,-1.13980958218998,0.199799396953945,1.54356969058335,7.50957885959461,2.88947620627236,0.0635527429784196,-0.415899900640054,-7.3426074740183,-6.98422270886519,2.29706285895049,8.12018486456889,-3.47492837759341,0.44430858875881,-3.75334688451953,0.52445115166349,2.83119073,0.08793975,-0.829,0.03031861,62.3566609610272,-75.1580787932169,1280.71005978591,0.592824407517312,0.564476747219343,12.2042395446457,0.228870662424755,-1.61625498800811,-934.013290750511,-934.986381685111,-950.665619019503,-951.517293188748,0.832394128834715,-976.396699670754,0.729574286980262,1917.58182462986,1938.49767038563,NA,2486.26204077861,0.386678101404322,1.53817286881285
"670",-5.86,0.73,-5.86,0.83,1.359326,9.604077,-1.1484446,0.2002995,35,35,-5.40143321425027,0.751396375225112,-4.83954546300838,0.638348287362009,1.3340256019476,10.1446651223354,-1.05535872963099,0.139216946852105,1.3340256019476,7.51570811200973,-5.12048933862933,0.69487233129356,1.3340256019476,10.2235945835844,-1.07123881359889,0.142411914394481,1.3340256019476,7.54517108388853,2.5645876020128,0.0582001972334864,-0.371241965770101,-6.88254927954556,-6.99417278235947,2.03190418233197,8.30710709766104,-3.79576042451859,0.524474433742164,-3.36319197581366,0.446774836879572,5.93798852,0.10408287,-0.913,0.03077297,52.3968451744649,-55.2384472200925,1202.64068194701,0.707025419578182,0.681302496122034,6.34496052317256,0.116949478319604,-0.82587088135568,-892.184478691049,-892.888562971862,-915.823033351816,-916.064804020029,0.235268994827619,-947.055598891525,0.0784043790061095,1833.92420051094,1868.81249905026,NA,2350.04291667392,0.363682530762843,0.822052879403615
"671",-5.86,0.73,-5.86,0.83,1.359326,9.604077,-1.1484446,0.2002995,35,35,-6.70219325434384,0.799608622389806,-5.67036613846269,0.768544652911907,1.12213875927122,9.44414270364843,-1.11168473238036,0.200706192163528,1.12213875927122,11.9511047968954,-6.18627969640327,0.784076637650857,1.12213875927122,9.71030950291532,-1.1196978938889,0.200947434713459,1.12213875927122,12.5121012350174,3.03700225363532,0.0809246774923746,-0.473679821930143,-7.89607322690606,-7.04931720275666,1.85574032618665,12.1350992802689,-4.58502947414394,0.552465039271805,-4.11455233189211,0.559164149563346,4.50119835,0.09841901,-0.803,0.0207037,133.178645715021,-216.802048301205,1366.53459432447,0.298121661322275,0.271921960601851,8.81139369209222,0.163668455419466,-1.14239576452226,-881.045126084827,-882.886174566397,-902.795493411411,-905.763813640385,2.94552151268529,-936.89447058331,3.50036220991933,1811.64549529849,1842.75741916945,NA,2516.26714034773,0.491969448006285,1.17871166175961
"672",-5.86,0.73,-5.86,0.83,1.359326,9.604077,-1.1484446,0.2002995,35,35,-6.67613869002613,0.85230570612712,-5.36036371954403,0.726620693233497,1.26620739012953,9.68744238238601,-1.18118195449547,0.21900909390994,1.26620739012953,10.8991008445708,-6.01825120478508,0.789463199680309,1.26620739012953,10.1202583256228,-1.222525253028,0.222958274526458,1.26620739012953,11.1489698162585,3.1632665522524,0.0858617072691901,-0.504266227464336,-7.55606307409594,-6.98908688694676,2.05822464252803,11.1334854938518,-4.397365164335,0.557451200586988,-3.99280605680063,0.541914466956193,5.89759589,0.14653634,-0.861,0.02266941,107.190132229448,-164.825021330058,1343.82464196915,0.619022211790546,0.588351273358716,8.51538671058388,0.1606108251235,-1.11810322825641,-906.120421434187,-907.526524297692,-926.458680694708,-927.913388454354,1.42793058876541,-959.490525065746,1.53178654564529,1861.79608599721,1890.08379373604,NA,2522.82426260823,0.496025069746747,1.12437914578989
"673",-5.86,0.73,-5.86,0.83,1.359326,9.604077,-1.1484446,0.2002995,35,35,-5.72543412716727,0.776375323016782,-5.05911791384057,0.640493325782777,1.25015422520092,8.17579070382526,-1.07542926102535,0.209989827967626,1.25015422520092,9.37437760340431,-5.39227602050392,0.708434324399779,1.25015422520092,8.28678502786077,-1.09806435548941,0.214605807260702,1.25015422520092,9.42156029904143,1.98340246822262,0.0574202749289092,-0.321236481662805,-7.05773208531744,-7.20096564935192,2.13797879364317,8.8015624827482,-4.41540676811084,0.60156238524861,-3.84232043049274,0.484148208286754,5.896957,0.144669,-0.874,0.024966,89.013551006327,-128.471858883817,1278.91294881554,0.559119591470099,0.544639290008112,5.24942487633748,0.116962622034295,-0.743200270763294,-895.740203875553,-896.321951298648,-913.734012816905,-914.051651230455,0.309264172365553,-961.334763593644,0.116503199474782,1841.03565087994,1864.63445798044,NA,2429.35403874727,0.348727230868648,0.773399786413128
"674",-5.86,0.73,-5.86,0.83,1.359326,9.604077,-1.1484446,0.2002995,35,35,-6.11144321070582,0.739768382438413,-5.79106923720748,0.850488671722635,1.25137282685725,8.35372716236053,-1.19576840539508,0.239410889274205,1.25137282685725,8.98222315775901,-5.95125622395665,0.795128527080524,1.25137282685725,8.3793870330843,-1.18690043063886,0.242475634889001,1.25137282685725,9.6755602747494,3.26102144528649,0.088452045785233,-0.519585024354914,-7.66183584805074,-6.68181904206556,2.09425033599431,8.29929515685382,-4.86453363347345,0.599901361216453,-4.78442313945977,0.693673614646,5.94157472,0.13350394,-0.851,0.02155756,123.05652194242,-196.557800756002,1318.65978887534,0.105319197171505,0.0948093130661017,5.41803312351862,0.140799063588669,-0.82052126981581,-895.929822295006,-898.851235885202,-911.275385634544,-915.975970731948,4.72308855554881,-954.430667889485,5.86861179225462,1841.41488771885,1859.71720361572,NA,2440.76177699468,0.511357404941624,0.914117492770292
"675",-5.86,0.73,-5.86,0.83,1.359326,9.604077,-1.1484446,0.2002995,35,35,-6.86820387677091,0.765193979977967,-5.39494677230625,0.750678166811148,1.25545140468177,10.2679525368602,-1.40844803137943,0.249298501363597,1.25545140468177,8.27313290648787,-6.13157532453858,0.757936073394557,1.25545140468177,10.8105741608241,-1.41379441259821,0.249351178571571,1.25545140468177,9.61386312452111,2.64250508010378,0.0779795301233989,-0.441728835912042,-8.26711738335229,-6.88034173748128,2.16795879443653,7.11645922803817,-5.0881447064614,0.563740186193572,-3.96706573259467,0.554113976706922,7.76608656,0.18875952,-0.915,0.01914435,147.85889481792,-246.162546507002,1368.48317708443,0.00181309459028763,0.00155611408329132,6.97512193638686,0.120608035077552,-0.842903037500886,-896.043874016306,-902.244167247847,-906.91469343945,-916.367472735354,9.8315915177355,-958.143760289195,13.0059397783187,1841.64299116145,1850.99581922553,NA,2490.80380766186,0.435889761123114,1.02417557676557
"676",-5.86,0.73,-5.86,0.83,1.359326,9.604077,-1.1484446,0.2002995,35,35,-5.72869436364632,0.746739779012645,-5.07774911113495,0.782494354817155,1.3640278665737,8.93913359625019,-1.03008777652484,0.166011066398986,1.3640278665737,7.64467605670421,-5.40322173739064,0.7646170669149,1.3640278665737,9.04506602669197,-1.02426920868097,0.166330663821727,1.3640278665737,8.12558066331791,2.8316623521936,0.0756988522242714,-0.443511527218518,-7.23755322418896,-6.37359146123921,2.02107639176459,8.5333267399809,-3.93504731228934,0.50848824774025,-3.1684376733902,0.488879896278401,4.4095664,0.08864864,-0.854,0.02990693,56.977704434846,-64.4001657408547,1229.45093432123,0.0727720396425729,0.0675468184029649,8.23499173436865,0.170854444060349,-1.1318632592163,-904.241820482168,-906.617648297366,-922.324223904702,-926.113875861631,3.78285004958287,-946.587070075935,4.61008357014926,1858.03888409317,1881.81488015603,NA,2394.50170290161,0.455549663135462,1.14192684285906
"677",-5.86,0.73,-5.86,0.83,1.359326,9.604077,-1.1484446,0.2002995,35,35,-5.86968078530717,0.714691843399791,-5.67252092158199,0.780659633863261,1.55655799102772,6.49416174872762,-0.789302227567191,0.143354908109366,1.55655799102772,5.71511331353547,-5.77110085344458,0.747675738631526,1.55655799102772,6.50387975169365,-0.786050677422682,0.144442845454024,1.55655799102772,5.91712542975018,2.31760714581329,0.0618887843834356,-0.367897686392751,-7.56947295319288,-6.97929406435915,2.17323163567901,6.73025236379672,-4.06581965881483,0.494988423942558,-3.89596291946911,0.536783379437384,4.29044512,0.11148519,-0.884,0.03102498,57.2065298705811,-64.8578166123248,1277.1105378743,0.257888079488727,0.231553262406177,7.61399349762128,0.147109663019886,-1.01077617192417,-920.624614000586,-921.96417395488,-936.991987631989,-939.066758125603,2.04565779625961,-957.032580829086,2.46725825944411,1890.80447113001,1911.15040761061,NA,2489.36325913628,0.353160876028652,1.0190551573702
"678",-5.86,0.73,-5.86,0.83,1.359326,9.604077,-1.1484446,0.2002995,35,35,-5.76408712048199,0.656997064294873,-5.70769688805194,0.834561669688695,1.3397245529865,7.41537968204967,-0.984721844940919,0.186856575762598,1.3397245529865,7.28607741527365,-5.73589200426696,0.745779366991784,1.3397245529865,7.41617464662806,-0.982218617598541,0.194738873034764,1.3397245529865,8.14929717354502,2.79845419967938,0.0724839805714044,-0.43304235605201,-7.8076098526076,-6.69333564960089,2.10828206799482,7.31968016505127,-4.63161560245056,0.544254971690148,-3.99198277769818,0.580890511871497,5.04176562,0.12475039,-0.873,0.02161792,125.141693138923,-200.728143149009,1286.98137958516,0.0113243834963471,0.0122672587540416,6.00605192340095,0.131452399432742,-0.817997813739952,-899.707079787374,-904.233348881471,-914.95393798939,-921.890964462743,7.08404479232288,-952.170705072262,8.42356182621705,1848.96940270358,1867.07430832541,NA,2373.23461602132,0.43325855097009,0.97002315285177
"679",-5.86,0.73,-5.86,0.83,1.359326,9.604077,-1.1484446,0.2002995,35,35,-5.55120934662885,0.762671876873651,-6.27394737436221,0.825293779411892,1.47403562787523,9.95077815619185,-1.16447587957698,0.194724117448324,1.47403562787523,8.26714772581709,-5.91257836049553,0.793982828142772,1.47403562787523,10.0813657203748,-1.17579068716033,0.195704493117701,1.47403562787523,8.34563306799217,1.94527023304504,0.0454047841336435,-0.28275469265345,-6.96514889086159,-7.31480182793012,2.1797156138363,9.26928998435707,-3.6477795570831,0.495571664705413,-4.06001504078027,0.539874814118062,3.19548184,0.07552657,-0.777,0.02880553,68.823909207478,-88.0925752861186,1304.07116719128,0.786180503116371,0.780848457710964,11.4993629475484,0.226594841588666,-1.57299996655339,-927.852159271305,-928.305465216056,-946.19414758469,-946.784495322207,0.575905707539034,-967.703039203365,0.649951678824063,1905.25956167145,1929.55472751601,NA,2520.04975909643,0.291437115720591,1.43285691134281
"680",-5.86,0.73,-5.86,0.83,1.359326,9.604077,-1.1484446,0.2002995,35,35,-4.80335635294119,0.612214434914754,-6.30261638204596,0.880413557695011,1.40835694829508,9.54034011847084,-1.12478250331549,0.173376863642851,1.40835694829508,6.79028816550093,-5.55298636749357,0.746313996304882,1.40835694829508,10.1022852771887,-1.22530755947184,0.191359556007876,1.40835694829508,6.90983603421276,4.15439203244486,0.108421190769825,-0.6573890182599,-7.11368240252091,-7.01508145993777,2.16609622145335,7.05695934576276,-3.27692949123341,0.412687110654656,-4.83050702537548,0.682753870932294,5.28878871,0.10970361,-0.889,0.02912976,65.0034150068919,-80.4515868849465,1238.17334951962,0.0372607284370706,0.0291433925992754,8.32266666108407,0.172593909057082,-1.16532383343209,-907.384785783356,-909.919345214731,-922.875147139654,-923.941191260205,1.04351147219492,-957.675659358484,0.0662918558953096,1864.32481469555,1882.91672662594,NA,2395.8951121543,0.600989277438913,1.07150626048525
"681",-5.86,0.73,-5.86,0.83,1.359326,9.604077,-1.1484446,0.2002995,35,35,-6.18593673674384,0.739637854244724,-6.04442115285027,0.84471236017954,1.52837777307349,9.57869409738791,-1.1784983288683,0.216866120510335,1.52837777307349,8.66706317445366,-6.11517894479705,0.792175107212132,1.52837777307349,9.58370076250909,-1.17478090885338,0.219626283459696,1.52837777307349,9.02037304573748,2.87258227899167,0.0748491073846056,-0.441419344532999,-7.73710702729,-6.96958472714705,2.30715972575342,9.47424620241302,-4.67786466572493,0.569551282585018,-4.46272930975363,0.62443570434128,5.52647128,0.14686828,-0.833,0.01988422,138.472725501789,-227.39020787474,1376.24330522953,0.275138020023142,0.265074056660218,7.98521607385753,0.159942035731016,-1.07693828752204,-939.475344613035,-941.115836595754,-958.021289366095,-960.533993024815,2.48525025788484,-982.316280781908,2.90087173661201,1928.50593235491,1953.20901107882,NA,2525.09640258431,0.463553967683185,1.09450860754143
"682",-5.86,0.73,-5.86,0.83,1.359326,9.604077,-1.1484446,0.2002995,35,35,-5.25825226465878,0.625961688209759,-5.50022114109301,0.805944619820497,1.36135137966712,8.13384197388255,-1.05055443990205,0.192644256250507,1.36135137966712,7.56668837850419,-5.37923670287589,0.715953154015128,1.36135137966712,8.14847920817326,-1.06144200683685,0.200742720168306,1.36135137966712,8.06270194842665,2.65384233891792,0.0709124301280471,-0.418212261113662,-7.48667573648103,-6.65635288052805,2.19527223400268,7.44456931704866,-3.61257648281258,0.440519590339801,-4.22590850453188,0.615022841575128,4.16229204,0.09699556,-0.831,0.02694393,80.5552941645981,-111.555345200359,1257.35830194559,0.0882017353209748,0.0678671423832345,6.99608637073201,0.161273694685697,-1.00811281080349,-905.793305779535,-908.684756591996,-921.208645546987,-925.148670181773,3.93721835842203,-962.59819107643,4.42562954229774,1861.14185468791,1879.5837234406,NA,2403.16125869083,0.416730048392046,1.0494526707884
"683",-5.86,0.73,-5.86,0.83,1.359326,9.604077,-1.1484446,0.2002995,35,35,-6.48476329781795,0.775234694412946,-6.09079594220377,0.876632485559395,1.37803055343303,6.17255819776821,-0.514443252082681,0.0910457807733685,1.37803055343303,8.90373603390629,-6.28777962001086,0.825933589986171,1.37803055343303,6.21136076709062,-0.50445639717191,0.0936161587857133,1.37803055343303,9.55283191374544,2.73663989099479,0.0703911128574244,-0.422340860459444,-7.82385682602952,-6.82578766945225,1.74521687150881,12.9229386577081,-4.452898355906,0.537959382232875,-4.61948514150925,0.663197100276297,3.46832458,0.05697593,-0.748,0.0255711,99.2310015184368,-148.906759908036,1352.34665565788,0.0581285435737435,0.0451136340122183,7.40919808146879,0.149185959798148,-0.975805113115854,-901.425812511938,-904.270971568959,-934.344285127099,-938.788038331268,4.45675446901553,-923.889015530305,4.87851807509944,1852.40686815271,1905.85500260083,NA,2555.78655140772,0.420193535061284,1.11701876884849
"684",-5.86,0.73,-5.86,0.83,1.359326,9.604077,-1.1484446,0.2002995,35,35,-6.94237872215017,0.927148939186511,-5.82117333020264,0.885927188835966,1.49460302243055,10.1602294897856,-0.992632246318154,0.143769117444132,1.49460302243055,8.90040278169795,-6.38177602617641,0.906538064011238,1.49460302243055,10.4745048725186,-1.00418675850779,0.144193925619622,1.49460302243055,9.35178897669225,2.56762489434977,0.0640206400636664,-0.385488599295677,-7.37640649082156,-6.50078962051793,1.9477631243171,12.1143446449946,-5.42026256039683,0.738921721788237,-4.29383176057811,0.63467970883537,6.28501859,0.08613751,-0.871,0.02740142,78.1528928375519,-106.750542546266,1336.97167062972,0.290480301028703,0.298413735546352,7.81150678305939,0.162329132247715,-1.06507608970651,-927.191746592103,-928.986276356169,-954.216017676303,-957.336891476511,3.10030429432169,-948.69660535487,3.57184389537227,1903.93873631304,1945.59846769923,NA,2567.19279871318,0.403012417445197,1.11993680260307
"685",-5.86,0.73,-5.86,0.83,1.359326,9.604077,-1.1484446,0.2002995,35,35,-5.76188106097501,0.724179540377949,-5.1911849046934,0.805280272180647,1.33985996520403,6.31750205128405,-0.840678485928633,0.181062177271844,1.33985996520403,8.32521360771303,-5.47653298283421,0.764729906279298,1.33985996520403,6.3989255769827,-0.829107516950776,0.182706509446577,1.33985996520403,9.0614363287913,2.89985287231879,0.0834999615617679,-0.475931490908518,-7.40514798539443,-6.35127465545355,2.04527610217112,8.98884944629519,-4.55115467872618,0.578681580398725,-3.48160884265833,0.550687485444289,3.109445,0.107899,-0.793,0.02642643,85.0106266533782,-120.466010177919,1271.7751027518,0.0091828363420269,0.00658343870428705,6.891290326751,0.145321808571838,-0.937834363375781,-902.416774903571,-905.598337020534,-923.248863034651,-928.568027125518,5.36857890224783,-951.136845260964,6.46928640220119,1854.38879293598,1883.66415841593,NA,2423.08419532569,0.478890754074884,1.02833390171178
"686",-5.86,0.73,-5.86,0.83,1.359326,9.604077,-1.1484446,0.2002995,35,35,-5.74333599766477,0.730072043025518,-6.32311427121177,0.89384916042825,1.48651392523828,7.16491704230082,-0.778679202290731,0.132009049771196,1.48651392523828,6.8456819273604,-6.03322513443827,0.811960601726884,1.48651392523828,7.2489527539201,-0.802417805884296,0.138714785817383,1.48651392523828,6.97807224472052,2.53460314040889,0.0656853526265985,-0.396300567138542,-7.35149691611178,-6.95553350474736,2.00232963275979,8.73460994453467,-4.21134808918582,0.539983877233169,-4.09448551851057,0.578272737919798,3.19110305,0.0517269,-0.775,0.03021687,66.434411324852,-83.3135795208667,1283.73868193391,0.420558752767693,0.433999844837109,9.27421769501773,0.200675047730495,-1.31979501744126,-915.634740111049,-917.167289857047,-936.603576942922,-937.774922043296,1.14745176567675,-945.035219416021,0.957200565915637,1880.82472335094,1910.37358623247,NA,2484.16378434696,0.377448671587882,1.24592955277835
"687",-5.86,0.73,-5.86,0.83,1.359326,9.604077,-1.1484446,0.2002995,35,35,-6.41331915931778,0.841538409087938,-4.7674227968878,0.720559278448443,1.43337885118686,7.10875406200141,-0.872699552375069,0.178578133284401,1.43337885118686,8.55175966759078,-5.59037097810279,0.781048843768191,1.43337885118686,7.78599777096647,-0.922479330137441,0.182237120796973,1.43337885118686,9.0969161709639,2.04956323155343,0.054195071540446,-0.316375301661963,-7.35739231289559,-6.43225830506871,2.11543961097928,9.76571521084386,-4.46734838621586,0.600341086420005,-3.38391249776524,0.510805215655972,3.81780299,0.09920706,-0.806,0.02989142,55.7533764873189,-61.9515098458003,1285.98343137551,0.122442022550121,0.100057243487978,7.98508105452923,0.159793272594102,-1.06655477795911,-919.60693818126,-922.839819229712,-941.45910907513,-945.344434694934,3.88102752994863,-962.022059094069,4.47211264237603,1888.76911949136,1920.08465049689,NA,2510.01535290522,0.337884139301459,1.13153774545147
"688",-5.86,0.73,-5.86,0.83,1.359326,9.604077,-1.1484446,0.2002995,35,35,-5.68425989040018,0.692647188614266,-5.95678886345156,0.888782600855059,1.22656689621833,8.50629915588425,-1.11161514846355,0.219690081541745,1.22656689621833,10.3201885955634,-5.82052437692587,0.790714894734662,1.22656689621833,8.52486716617236,-1.1249782940828,0.229307356525461,1.22656689621833,10.9625914825151,3.14132334244102,0.0797738777985104,-0.48276505519301,-7.51538840700685,-6.61939334785154,2.03584064657087,10.1194607843265,-3.89228936780391,0.473313575715483,-4.41985221407736,0.666993342193921,5.62512871,0.14992177,-0.871,0.02375485,100.268547416226,-150.981851703615,1310.25336120177,0.0428411491307442,0.0408562576463567,6.46347075147437,0.147741154038729,-0.899680963488968,-895.960277716157,-898.658832177576,-915.174708353875,-919.038475335726,3.85889298079695,-953.756931960799,4.22017715757274,1841.47579856115,1867.51584905438,NA,2469.52487069992,0.473739808568563,1.0699659231315
"689",-5.86,0.73,-5.86,0.83,1.359326,9.604077,-1.1484446,0.2002995,35,35,-4.26024400592225,0.432084048183535,-4.62436899208899,0.674253007446087,1.35551001821056,7.35572167680512,-0.829081638364364,0.150414402658389,1.35551001821056,8.25679175403881,-4.44230649900562,0.553168527814811,1.35551001821056,7.38886842819286,-0.851126580599739,0.165075853865966,1.35551001821056,9.10399625483769,2.73718635379843,0.0717453794302277,-0.429359330320726,-7.64374028734009,-6.56508528023685,2.43629215697884,7.64657626488756,-2.90637231602712,0.304571632466898,-3.23675154525095,0.468177838308129,4.71461652,0.11055294,-0.859,0.02739256,72.5883874220824,-95.6215317153274,1245.04028918915,0.0263618603039755,0.0226487838513846,5.2889355722322,0.111248391449502,-0.679345839355385,-903.726733576264,-908.602841294859,-925.5784643501,-931.70860855263,6.22352836544998,-988.947534052501,6.57262032489077,1857.00871028137,1888.32336104683,NA,2394.45904666296,0.415225155767704,0.938257732286774
"690",-5.86,0.73,-5.86,0.83,1.359326,9.604077,-1.1484446,0.2002995,35,35,-6.17653293641009,0.7995749088975,-6.69943922839366,0.989703900052599,1.40638590976515,10.0732804405909,-1.16075786660269,0.198382427822284,1.40638590976515,9.42620572849794,-6.43798608240188,0.89463940447505,1.40638590976515,10.14163818814,-1.18561277804356,0.207419686141698,1.40638590976515,9.71470906703629,3.31360691714234,0.0892815463471408,-0.52891973613163,-7.37061376523544,-6.76078072756042,2.05390699772834,10.8764215503423,-3.87349292849416,0.502582471796968,-4.76748415946902,0.697726093020422,4.69501313,0.10813473,-0.847,0.02666233,81.0775770979313,-112.599911067025,1324.97677693462,0.12873533186064,0.100088967995923,11.1220206307444,0.236355791485304,-1.54969793408137,-922.604714583321,-924.578275040651,-942.933141723724,-944.843795798902,1.88162669445367,-958.226546906998,1.81427234043141,1894.76467229548,1923.03271579408,NA,2537.35364280222,0.506493765649645,1.55139123094447
"691",-5.86,0.73,-5.86,0.83,1.359326,9.604077,-1.1484446,0.2002995,35,35,-6.7276910402912,0.836325643252217,-6.04806756401449,0.84482742185754,1.41059375266811,6.64544040894918,-0.81843124168208,0.169120684715881,1.41059375266811,8.25223033356203,-6.38787930215285,0.840576532554879,1.41059375266811,6.7609124263258,-0.816986739599511,0.169138754775745,1.41059375266811,8.58315435162373,2.67332445902946,0.0673976820426941,-0.404916510126229,-7.7028205038118,-6.97254563060824,1.98709884205132,9.91281781606395,-4.31463396171897,0.523392530949784,-4.72827075030332,0.661242697777581,3.87981203,0.09866697,-0.827,0.02374782,110.162488185474,-170.76973324211,1341.73229018858,0.17119428543273,0.160179157529258,8.29192004914034,0.171538642200963,-1.13073188995276,-913.49188941214,-915.012795979336,-935.303031691491,-937.762983062741,2.43215229376294,-947.163260978216,2.9265995545837,1876.53902195312,1907.77249572961,NA,2512.69484713506,0.417863071061577,1.17594397758214
"692",-5.86,0.73,-5.86,0.83,1.359326,9.604077,-1.1484446,0.2002995,35,35,-5.8651530330137,0.656195661374239,-5.70329105041999,0.791037882507576,1.4156469090828,7.8848486095046,-0.907951021463851,0.187057686614535,1.4156469090828,10.3365570464333,-5.78422204171685,0.723616771940908,1.4156469090828,7.89139843485688,-0.902494564151356,0.191603292764578,1.4156469090828,10.9409430174045,2.07676711247757,0.0518214654278773,-0.307716360254295,-7.91345031636156,-6.94823327335179,2.2097590366593,11.3795107341059,-4.1676464237718,0.494217337910847,-3.70830385862974,0.501925498552552,2.29110901,0.05172334,-0.693,0.02881336,78.5358912588405,-107.516539388844,1370.33157929913,0.235212016740457,0.210080535675344,10.8080214791312,0.228194495757255,-1.45510749702754,-924.929449050472,-927.181841188204,-950.400884639667,-954.036715702388,3.62528463074879,-977.597829091306,4.0527379717548,1899.41414122978,1937.96820162596,NA,2633.14661920942,0.342086183437344,1.67703993535999
"693",-5.86,0.73,-5.86,0.83,1.359326,9.604077,-1.1484446,0.2002995,35,35,-6.2926639070405,0.662898335246106,-5.52826598115304,0.714060387533382,1.37370655662723,8.7533058605403,-1.06050202447772,0.181474426557327,1.37370655662723,7.69250930541544,-5.91046494409677,0.688479361389744,1.37370655662723,8.89938190781557,-1.05072498281458,0.182128815455888,1.37370655662723,8.42492384630008,2.88222324563047,0.0713812537372703,-0.435774110747855,-8.30102839390944,-7.2318201996891,2.20095603079614,7.76061675849768,-4.6209637635748,0.498414628679111,-3.21184131984909,0.403113109767418,4.2925765,0.1078504,-0.859,0.0251576,103.807398917359,-158.059554705881,1385.34350819142,0.0119802835882569,0.00663521988421261,10.0149333992619,0.168030743471189,-1.23022189068786,-907.807475572907,-911.319662001115,-924.442784714073,-930.105504568692,5.72955254118939,-964.517699303222,7.05546220200656,1865.17019427465,1886.05200177477,NA,2612.62746167695,0.433115829411409,1.31303991576795
"694",-5.86,0.73,-5.86,0.83,1.359326,9.604077,-1.1484446,0.2002995,35,35,-6.18519176377368,0.662279932265429,-6.15442550641599,0.825094567316426,1.32084322681085,6.48037674026541,-0.72885288569365,0.140000529995043,1.32084322681085,8.26904370323804,-6.16980863509483,0.743687249790928,1.32084322681085,6.48061338091336,-0.727600586452755,0.146627681341741,1.32084322681085,8.97712724778623,2.5699433036975,0.0666931182234276,-0.394208800262916,-8.19724053557747,-7.19646681409861,1.95000242006568,9.60304459356962,-4.07469786738609,0.442243963054953,-4.52395431323793,0.612457358767343,3.56042657,0.08918845,-0.811,0.02154444,135.953239904586,-222.351236680335,1373.41695336757,0.0433101854915616,0.0380379582396707,8.13369973754086,0.155770974402905,-1.04049564085759,-896.189935658796,-899.651887558437,-919.323729746456,-924.476778632826,5.19467623315403,-941.538323109647,5.76438539551694,1841.93511444643,1875.81389183954,NA,2524.4826700548,0.413101804985911,1.21585575875009
"695",-5.86,0.73,-5.86,0.83,1.359326,9.604077,-1.1484446,0.2002995,35,35,-5.41373343091282,0.685992444295042,-5.54533662791903,0.780748495547124,1.23967512879561,8.52344379398815,-0.956292789436541,0.158186084853164,1.23967512879561,8.88017137053973,-5.47953502941593,0.733370469921083,1.23967512879561,8.52777364435372,-0.959410339256656,0.160430762165386,1.23967512879561,9.02855965854707,2.71068077821989,0.0685980388586582,-0.418617686163911,-7.28450919212649,-6.85158035577845,1.92572240298854,9.61643350110758,-3.90330430498334,0.492927547424006,-3.97349526362978,0.554252441213141,5.06827314,0.08374158,-0.851,0.02447596,99.4212664458767,-149.287289762916,1253.9420821763,0.438821791799164,0.40697792396962,6.59815614647012,0.147452270628731,-0.946476409591632,-887.461312936676,-888.370839811854,-908.255062580778,-909.298561787243,1.02127819509143,-938.512777898756,1.09095707469102,1824.47786900219,1853.67655750818,NA,2358.59687458969,0.397261226721559,0.9322583092213
"696",-5.86,0.73,-5.86,0.83,1.359326,9.604077,-1.1484446,0.2002995,35,35,-5.80521643720685,0.781969042768225,-5.84892409051839,0.762518560841616,1.403943960679,5.93638188176755,-0.700394965255963,0.127860774768568,1.403943960679,6.11768473534238,-5.82707026386262,0.77224380180492,1.403943960679,5.93685947150705,-0.700182431525766,0.127955355080362,1.403943960679,6.13415671486089,2.42713133383616,0.0650360245725161,-0.384445588240747,-7.10418846056373,-7.26377705199644,1.93681184365193,7.42025580379286,-4.03558247162842,0.541012335725798,-3.86854579851745,0.504925615200217,2.66785688,0.07361053,-0.797,0.02651353,91.8217760722659,-134.088309015695,1242.94619408697,0.919268294443781,0.923823698117474,8.36408271552753,0.162237234747779,-1.13888105547858,-897.664537219306,-897.769943287493,-915.785576651191,-915.94738578775,0.157367830819618,-931.807882773274,0.185839456625181,1844.88431756745,1868.73758564901,NA,2351.80407915824,0.376567054517471,1.02118182082129
"697",-5.86,0.73,-5.86,0.83,1.359326,9.604077,-1.1484446,0.2002995,35,35,-5.51030148787284,0.731423545261455,-6.36999854740527,0.817996078183289,1.28342410039025,5.00192903655925,-0.605756190438052,0.131981182543285,1.28342410039025,7.64645737764983,-5.94015001763905,0.774709811722372,1.28342410039025,5.18669879510143,-0.624362728435345,0.13385488340741,1.28342410039025,7.74007608874571,3.7923975180298,0.0967502613861077,-0.590684229689497,-7.11041050572611,-7.45433081646841,1.83046295096358,9.14180369785534,-3.99540315084708,0.527752539911819,-4.5957402506561,0.590646407422431,2.26845004,0.07232479,-0.735,0.02298695,123.337126046924,-197.11900896501,1281.16489792374,0.534744404198357,0.469749118606759,7.53650165791864,0.147947535004298,-1.024819890768,-884.140418832674,-885.069880110581,-907.41559749723,-908.169442204083,0.736263659955679,-924.482570248314,0.75820469110284,1817.83608079419,1851.99762734109,NA,2365.21078688247,0.549097680353266,0.953358008650021
"698",-5.86,0.73,-5.86,0.83,1.359326,9.604077,-1.1484446,0.2002995,35,35,-5.70153816178572,0.647064134796146,-5.90171569849498,0.882121949057571,1.34231435263317,11.0647532974659,-1.32338134373491,0.216942671475905,1.34231435263317,9.24948455761114,-5.80162693014035,0.764593041926859,1.34231435263317,11.0747710590167,-1.33514466729569,0.230755715487245,1.34231435263317,10.2800095420402,2.85554932483145,0.0710182215223622,-0.438403441377912,-7.80423871752243,-6.60400262272877,2.19030100767756,9.1888611679668,-3.74246423812123,0.417523684751996,-4.05059815417047,0.609347423591784,6.11091718,0.14931768,-0.886,0.02538083,87.1770154745684,-124.798787820299,1327.13722057527,0.00565007181415531,0.0056936861095292,9.15923770523236,0.182978443515426,-1.20451124128153,-913.148826238456,-918.495298231159,-930.31263746863,-937.018964700252,6.83699736774945,-968.614759411884,7.68158570064535,1875.85289560575,1897.79170728389,NA,2529.47565333023,0.408530083407875,1.3646597374132
"699",-5.86,0.73,-5.86,0.83,1.359326,9.604077,-1.1484446,0.2002995,35,35,-5.12091971072138,0.600065066703283,-5.22016771768232,0.700753449671859,1.30203107621617,7.08053744807113,-0.905051070893703,0.180405697185522,1.30203107621617,8.48923408794961,-5.17054371420185,0.650409258187571,1.30203107621617,7.08299998979256,-0.90754935122714,0.182940234801728,1.30203107621617,8.67496722293172,3.47430925988076,0.0903830653591081,-0.5459629447889,-7.50362855221531,-7.00300122856351,2.20626460123554,8.1562227992087,-3.47153498437504,0.403771195902592,-3.577239780586,0.46831757378616,3.83191378,0.10441719,-0.824,0.02441439,99.8537768080606,-150.152310487284,1270.51501009688,0.56234498553839,0.570838254132434,7.18151643809809,0.149812081044437,-0.991532303091886,-897.978255992332,-898.907959650517,-917.452660249462,-918.809536680213,1.33096655238191,-966.653772663346,1.47639345413134,1845.5117551135,1872.07175284555,NA,2390.87770970647,0.512481710554214,0.991822060398878
"700",-5.86,0.73,-5.86,0.83,1.359326,9.604077,-1.1484446,0.2002995,35,35,-5.64602143320942,0.741896679780773,-5.00324279577393,0.787269323190661,1.17692618070032,7.22674862961491,-0.808773182897406,0.148682176758884,1.17692618070032,9.64980682912261,-5.32463211449168,0.764583001485717,1.17692618070032,7.33003972380078,-0.801482041420443,0.149196845951384,1.17692618070032,10.273553038991,2.94058476745883,0.0715776220133243,-0.444136746496846,-7.18373422572767,-6.27063711992651,1.78325122066829,10.9151425241483,-4.6321927954017,0.612177144337236,-3.66752287297729,0.585026421354416,5.2595275,0.1172675,-0.823,0.0237857,96.2415544860092,-142.927865843181,1246.35053011506,0.0548864617183247,0.05538190968784,4.51390178636193,0.0944641082479149,-0.605883657034531,-877.349472689338,-879.69290242098,-900.7798005337,-904.764045812858,3.982677146318,-923.720599338198,4.66948648003217,1804.25418850751,1838.72603341403,NA,2349.77319438695,0.423802606781802,0.694028172153456
"701",-5.86,0.73,-5.86,0.83,1.359326,9.604077,-1.1484446,0.2002995,35,35,-4.93850656550374,0.61639272191684,-5.95946653428876,0.841196025435634,1.29374175617421,7.08406142055974,-0.821898848623939,0.140193027141844,1.29374175617421,7.09587189961572,-5.44898654989625,0.728794373676237,1.29374175617421,7.34465123502512,-0.879277642059768,0.152827158460085,1.29374175617421,7.25123248099861,3.17131578563717,0.0818541567098348,-0.49860541933593,-7.22393946233959,-6.90557952106845,1.96455099255414,7.73567017196847,-3.46309794965643,0.427237549269518,-3.98941558100186,0.558956275538568,4.66950244,0.10014266,-0.853,0.02551508,88.9461846783765,-128.337126227916,1227.11614346063,0.27094224776009,0.253111640779018,6.5336012252765,0.145006076940635,-0.943252161124987,-886.429264884522,-888.757089677321,-904.771640015506,-906.102220391173,1.30492671635996,-936.57900507395,0.702787873151717,1822.41377289788,1846.70971237764,NA,2325.89516069335,0.456548172507371,0.884276163957681
"702",-5.86,0.73,-5.86,0.83,1.359326,9.604077,-1.1484446,0.2002995,35,35,-6.35318357534907,0.780337835235258,-6.07120367220475,0.840351392286096,1.41806680224258,7.88397271257941,-1.10960009041329,0.218342462629474,1.41806680224258,7.32327921028634,-6.21219362377691,0.810344613760677,1.41806680224258,7.90385087902374,-1.10536943616216,0.219242869386948,1.41806680224258,7.5812872457067,2.728526705071,0.07032958755173,-0.424651052512252,-7.66187391108009,-7.02234876472383,2.17431229559283,7.4191699025713,-4.30678276781946,0.524858928719196,-3.97554080729421,0.54419356972441,3.81583203,0.1196048,-0.856,0.02600767,91.9320652097671,-134.308887290697,1324.76063985547,0.289495367963342,0.259666401083787,9.56108381477395,0.194153015430053,-1.31507254690085,-914.847650346818,-916.195231585685,-929.190984793088,-931.327918042597,2.10788872574429,-960.142319574542,2.65871029532172,1879.25054382247,1895.5484019328,NA,2515.21239242025,0.407755326214099,1.25530181217077
"703",-5.86,0.73,-5.86,0.83,1.359326,9.604077,-1.1484446,0.2002995,35,35,-6.0913338547624,0.840525221458043,-5.12242147872405,0.742414943978956,1.43517794397534,8.68413095855066,-0.894928902726117,0.152420805069425,1.43517794397534,9.31075065493225,-5.60687766674322,0.7914700827185,1.43517794397534,8.91882875666073,-0.918693968242628,0.154827211706181,1.43517794397534,9.41574304809874,2.37564423842263,0.0592658485676917,-0.355563205728301,-7.04144331805675,-6.65704658726064,2.022816804817,11.5816740299687,-4.98021200400099,0.692640110291446,-3.8794483114496,0.566501205865012,1.954541,9.723206e-09,-0.021,0.03226429,57.0771642224253,-64.5990853160132,1289.96621886033,0.19057226604559,1,11.863826366607,0.264854905718121,-1.72736965877639,-921.551374400543,-922.271175405526,-947.118745389077,-947.827937256397,0.692430936820845,-956.508621714049,0.690893887161678,1892.65799192992,1931.40392312478,NA,2515.33335240466,0.377575010508891,1.57486927141422
"704",-5.86,0.73,-5.86,0.83,1.359326,9.604077,-1.1484446,0.2002995,35,35,-6.15404480149244,0.793037925024578,-5.7399719711661,0.879046600838927,1.37590473125731,10.0969587429713,-1.14847711165158,0.195870798814806,1.37590473125731,9.82449223125526,-5.94700838632927,0.836042262931752,1.37590473125731,10.1398228201749,-1.13957364769482,0.197720171893641,1.37590473125731,10.3823261997911,3.08522401209646,0.0737423196752963,-0.46150692770561,-7.38707128865856,-6.4605810242793,2.04144734909163,11.2112401457546,-4.76342053333659,0.629096017225828,-3.79003548612297,0.584040580774137,4.68111059,0.106242,-0.813,0.02703348,74.7464261377346,-99.9376091466318,1319.17412463714,0.0911289914658961,0.0800641818924717,9.16624564770176,0.183004254537244,-1.23387333827428,-918.997040038023,-921.243652433326,-940.188994644233,-943.706526374779,3.50434080879162,-957.708836134616,4.09761098965604,1887.54932320488,1917.54442163509,NA,2538.41064012765,0.440112545476697,1.25587416471366
"705",-5.86,0.73,-5.86,0.83,1.359326,9.604077,-1.1484446,0.2002995,35,35,-5.38939583791017,0.66001444286125,-6.7152000233532,0.891190269771544,1.38944023259838,7.08043159711228,-0.817865498117108,0.153409318768132,1.38944023259838,7.98529842841193,-6.05229793063168,0.775602356316397,1.38944023259838,7.51987078164684,-0.894488967839838,0.166769884505047,1.38944023259838,8.07244815065251,3.01207844348966,0.0823539792324466,-0.484429476229494,-7.4149418093438,-7.3634602393808,2.03282363717259,9.25771759304661,-3.81755238321074,0.479288511274402,-5.1983252729684,0.707148641672298,2.96730761,0.07673432,-0.764,0.02670911,89.653073256545,-129.750903384253,1327.74809014173,0.0795072924637845,0.0543267068845042,8.44719114897771,0.164653974728722,-1.13268865166523,-908.205526927209,-910.174422933434,-929.551896772683,-930.227565566097,0.659541935036931,-950.570260113554,0.0151251637870853,1865.96629698326,1896.27022589199,NA,2525.7452768992,0.465585944428806,1.11060537718048
"706",-5.86,0.73,-5.86,0.83,1.359326,9.604077,-1.1484446,0.2002995,35,35,-5.22191685092599,0.627893488916936,-4.34174303882148,0.615999898658846,1.39677312105757,7.88877237718945,-0.997920474862305,0.189475816389595,1.39677312105757,8.03025834434777,-4.78182994487373,0.621946693787891,1.39677312105757,8.08244886206809,-1.00053758153157,0.189511180761902,1.39677312105757,8.44079826578751,1.81502745031924,0.0478706703825937,-0.276990624989096,-7.43883115402659,-6.62951627497765,2.3818474965907,7.59036417282157,-3.88452153639212,0.476522293522996,-3.16418157626446,0.446669839089353,4.71138134,0.10102924,-0.838,0.02816168,67.5346683862969,-85.5140936437563,1252.38831936266,0.205483970421021,0.177423103961641,5.99739659910877,0.132867852163402,-0.837615049041357,-913.281664693422,-915.262612564755,-931.190891989816,-934.303061333598,3.09146356542238,-983.182050000128,3.80939918428026,1876.11857251568,1899.54821632626,NA,2419.26254508157,0.309352155907128,0.915129010490907
"707",-5.86,0.73,-5.86,0.83,1.359326,9.604077,-1.1484446,0.2002995,35,35,-5.95354248980694,0.665957989688191,-5.92324844302753,0.835325924021133,1.49252781559632,8.67409254701795,-0.857339349612573,0.146777024672609,1.49252781559632,9.47639671365646,-5.93839546641724,0.750641956854662,1.49252781559632,8.67432197933553,-0.85605663958117,0.153948398967661,1.49252781559632,10.1524027970272,3.20834022958107,0.0843115612147164,-0.50371654252347,-7.94367834725615,-6.90433397502977,2.1329588183183,11.7384161228234,-4.3084689702717,0.490771253020969,-4.37039164442782,0.614595965629327,6.72198987,0.13500596,-0.841,0.02314743,106.158576526295,-162.761909923753,1404.91058980569,0.082804077135151,0.0697705971568336,6.74021415082997,0.131296629776219,-0.866015304451104,-930.328072528954,-933.632341328637,-957.834061643472,-962.211174064438,4.38780765234763,-969.931644875241,4.73116393635777,1910.21138818675,1952.83455563357,NA,2647.05926968764,0.488423922549856,1.02833562337942
"708",-5.86,0.73,-5.86,0.83,1.359326,9.604077,-1.1484446,0.2002995,35,35,-6.04340010969844,0.786724171279678,-5.97398707391792,0.87062675757599,1.21627818876996,9.55066385621156,-1.14514940162579,0.201794889894346,1.21627818876996,10.3043314486976,-6.00869359180818,0.828675464427834,1.21627818876996,9.55186839859562,-1.14369341831963,0.203554800891148,1.21627818876996,10.5503422776872,2.99159279487357,0.0706031517004544,-0.442028436608448,-7.3140423078678,-6.74475937439042,1.90642899443844,10.9041349443226,-5.05970196190936,0.664497088583929,-4.48129371176102,0.654375228996794,6.36698314,0.13583682,-0.846,0.02003425,131.127374893059,-212.699506657281,1306.70584410514,0.32109179146036,0.280763940645941,5.17866141674174,0.112991844188938,-0.725817467854548,-893.618715737069,-894.65528495793,-913.012804016929,-914.519841342025,1.47985189988552,-940.052689406277,1.69935774094602,1836.79267460298,1863.19204038049,NA,2400.71218155299,0.433228634261553,0.752923845870502
"709",-5.86,0.73,-5.86,0.83,1.359326,9.604077,-1.1484446,0.2002995,35,35,-5.55245987044367,0.708813538175662,-5.04058891083797,0.692024201528891,1.37341455774197,10.1361900670646,-1.26293314425061,0.2090843056535,1.37341455774197,7.74753270027458,-5.29652439064082,0.700418869852276,1.37341455774197,10.2016930368865,-1.26508163771574,0.20915477610976,1.37341455774197,7.85605078329726,2.6287818679834,0.0671370092072092,-0.403792011928621,-7.2872734597268,-6.87542902328905,2.25912718858649,7.3825317599737,-3.85360869154462,0.491385105155182,-3.6584753922755,0.513150257815605,5.30458388,0.11149288,-0.887,0.02925894,61.0256518678275,-72.4960606068176,1243.25834517858,0.473828267576213,0.469586034384691,7.51174497026392,0.152821575416324,-1.02701483112277,-910.69344780073,-911.243829334264,-924.8324032631,-925.695450499401,0.843578400719841,-969.364872899668,1.065853408891,1870.9421387303,1886.83123887283,NA,2414.02062975034,0.403241678791208,1.01422505878798
"710",-5.86,0.73,-5.86,0.83,1.359326,9.604077,-1.1484446,0.2002995,35,35,-5.86820296269006,0.688208383261319,-6.02478337707631,0.863304920289554,1.34180821258425,9.79266310223029,-1.11209193036203,0.191187200336903,1.34180821258425,9.94662250864021,-5.94649316988318,0.775756651775437,1.34180821258425,9.79879245877261,-1.11894610244339,0.198851899656723,1.34180821258425,10.5099947275187,3.15128487144441,0.0886022758244213,-0.51447785535047,-7.72577673296076,-6.83917728943093,2.08005207152404,10.8437260592088,-4.2020503667658,0.494875017580226,-4.31413481114787,0.615905291682103,3.68583689,0.06806557,-0.722,0.02255705,120.86264528704,-192.170047445243,1352.21795717191,0.0886342307439741,0.0859175404154504,10.1077825309417,0.213471093928337,-1.40753012350252,-913.321096624083,-916.092950327056,-934.826487200751,-938.339423387781,3.49964665845544,-961.229088409275,3.79698874019478,1876.197436377,1906.81940674813,NA,2512.26586689857,0.496795166468921,1.39200075258064
"711",-5.86,0.73,-5.86,0.83,1.359326,9.604077,-1.1484446,0.2002995,35,35,-6.1754195544135,0.700869620589954,-5.95626464691884,0.869341448816663,1.27154408427633,6.69992599452305,-0.788868089325495,0.164753379198022,1.27154408427633,9.81701812739225,-6.06584210066617,0.785105534703308,1.27154408427633,6.71193321289281,-0.779637732342876,0.171849068424534,1.27154408427633,10.8956712758364,3.52477873237442,0.096518716003817,-0.567255667529817,-7.95756094902622,-6.7346944843803,1.91760774493971,11.1546749597602,-5.03583927337561,0.603973672934108,-4.56804116728523,0.671608745153223,5.74350855,0.12452964,-0.834,0.02037718,133.347811411297,-217.140379693757,1355.37947061872,0.0309719695459113,0.0306114835078366,5.01057228538371,0.11950571830922,-0.68429146740935,-896.070170992203,-900.126519571313,-920.81516073086,-927.468935770463,6.7808349057361,-942.214085120215,7.63487458365214,1841.69558511324,1878.79675380835,NA,2493.61856154369,0.545766020663625,0.958411642351315
"712",-5.86,0.73,-5.86,0.83,1.359326,9.604077,-1.1484446,0.2002995,35,35,-5.28385321970456,0.747207434856439,-5.21566490226586,0.754146943793685,1.33642060660585,7.18050851402536,-0.883373535286858,0.198426964614053,1.33642060660585,11.0041691639077,-5.24975906098521,0.750677189325062,1.33642060660585,7.18167092568415,-0.88325523692729,0.198439003810126,1.33642060660585,11.0121042762708,3.53247480067433,0.0774140460176719,-0.506251926349911,-6.78992590774508,-6.6803937917937,2.10863431451615,11.9092745148476,-3.90652595731918,0.566189470747493,-3.99720064337872,0.583878859679986,5.66944674,0.14850856,-0.82,0.02367145,91.3314426336366,-133.107642138436,1292.52035706618,0.988734578001715,0.99313623685204,5.17521662960271,0.119289156587986,-0.742596606126577,-913.968052342835,-913.995113179926,-940.29640111788,-940.342657910135,0.0449500197239708,-967.587912478494,0.0524477438174065,1877.49134781451,1917.75923458239,NA,2451.93307199392,0.476611485078457,0.788061458887445
"713",-5.86,0.73,-5.86,0.83,1.359326,9.604077,-1.1484446,0.2002995,35,35,-5.94400886142454,0.707668346012974,-5.65950447428228,0.773427996240787,1.22536674816548,4.86663851646709,-0.607516322637636,0.140868028144649,1.22536674816548,8.52785643873814,-5.80175666785341,0.74054817112688,1.22536674816548,4.88687420304289,-0.602839095390948,0.141949111044171,1.22536674816548,8.86228668440192,2.59052133109701,0.0662199617800354,-0.397108802064476,-7.6856452092718,-7.00936184268463,1.84545988424677,9.63168348986014,-3.94637999338184,0.469839758294308,-4.37075413090063,0.599738248897428,2.96600733,0.09983095,-0.812,0.02362088,114.262481952983,-178.969720777129,1296.97730979176,0.287019848183438,0.250285456304204,6.53901585351308,0.128756200664988,-0.866369844111107,-877.748025669187,-879.15171292465,-902.869110229392,-905.283990693437,2.38681773296631,-928.13271458474,2.77394422868786,1805.05129446721,1842.90465280541,NA,2414.98489880639,0.401389116923319,0.920008362183772
"714",-5.86,0.73,-5.86,0.83,1.359326,9.604077,-1.1484446,0.2002995,35,35,-6.25872561783099,0.792633882712497,-5.81430157816779,0.880486934112215,1.34229720943575,10.2171061146139,-1.17107959644367,0.184787718476204,1.34229720943575,8.58235574120845,-6.03651359799939,0.836560408412356,1.34229720943575,10.2664842963716,-1.16131859444372,0.186717258136265,1.34229720943575,9.20573522829478,2.23768451333128,0.0621531945289395,-0.352313832486021,-7.49415928453853,-6.5263294983535,1.97473326545691,9.68349782806178,-4.03425316112472,0.503663571139714,-4.08976601024977,0.616148572307435,5.16765937,0.10507701,-0.863,0.02613218,83.9458646190008,-118.336486109164,1287.10533448787,0.0503742756517776,0.0465509012678434,9.08675299174344,0.187003695476635,-1.23981572900889,-906.918115838086,-909.91749835275,-925.598231717324,-930.010078023079,4.4237352762406,-944.890558259896,5.28351592857221,1863.39147480501,1888.36289578128,NA,2455.87418286658,0.390076488791186,1.27049068479663
"715",-5.86,0.73,-5.86,0.83,1.359326,9.604077,-1.1484446,0.2002995,35,35,-6.63289128309391,0.870695455583274,-4.81014969749242,0.777549214603745,1.21452092365551,7.53226393929626,-0.91987849085517,0.180365724517493,1.21452092365551,9.88916893983993,-5.72152049029317,0.82412233509351,1.21452092365551,8.36286066126652,-0.962323872599131,0.182534780069648,1.21452092365551,11.0630352180167,2.94878204282927,0.0822910528318342,-0.472877492927574,-7.40325429861599,-6.13545391333516,1.84706950692358,10.9264395245529,-4.99541075276949,0.66872376327471,-3.69720104769703,0.600692627463901,5.87627619,0.12484289,-0.857,0.02387619,95.9742292362305,-142.393215343624,1281.81368347092,0.0195834091651401,0.018968584178971,5.82270794384628,0.116004191877325,-0.749551857809714,-888.461720777149,-893.437030961147,-910.039360559782,-917.205765688026,7.33048659241327,-932.368483868951,8.68269751023618,1826.47868468313,1857.24515346619,NA,2421.23415159822,0.487496931947267,0.923928188077479
"716",-5.86,0.73,-5.86,0.83,1.359326,9.604077,-1.1484446,0.2002995,35,35,-6.33217918405291,0.772496914921267,-6.13525035459107,0.888083873447149,1.39851272734018,8.70595271244213,-1.00709810061145,0.179807606408239,1.39851272734018,8.87141944724675,-6.23371476932199,0.830290394184208,1.39851272734018,8.71564795341044,-1.00140749950056,0.183147692653555,1.39851272734018,9.38331386128451,3.41713967341215,0.0778441017659641,-0.500616798399435,-7.68758369402121,-6.80201767607781,2.02656112094591,10.3568044259775,-4.92038858764579,0.609261654809046,-4.67720184981172,0.673405413605639,7.77685348,0.14814252,-0.881,0.02319148,104.812809266274,-160.07037540371,1363.00950031127,0.126551271739119,0.119439506075622,5.26598429548584,0.117603912358153,-0.72857849679965,-916.948725838628,-919.284819675746,-937.730224199389,-941.269173867494,3.52622237770235,-953.376859062888,4.05483319960295,1883.45269480609,1912.62688074541,NA,2565.94862521883,0.466643981811285,0.84460150941722
"717",-5.86,0.73,-5.86,0.83,1.359326,9.604077,-1.1484446,0.2002995,35,35,-6.30096142454581,0.788873477547416,-5.78715644085122,0.80955517403268,1.44754419053039,8.87920613497514,-1.21413007828866,0.256070719127625,1.44754419053039,10.0385887747525,-6.04405893269852,0.799214325790048,1.44754419053039,8.94520502529249,-1.21147348860731,0.256177652270002,1.44754419053039,10.2845377979262,2.98705037459157,0.0761697039508558,-0.463378865451722,-7.55879861214757,-6.92177743259251,2.32611226700844,10.1591373212034,-4.88976564736777,0.629333966288168,-4.20282080977704,0.595844687389439,5.23773608,0.11986424,-0.852,0.02805543,70.8528379746755,-92.1504328205136,1366.15301380118,0.296860110457506,0.26627461316787,7.49734743784031,0.180616658085994,-1.07416039018857,-933.871924390367,-934.846055790325,-953.99545799299,-955.537995347392,1.51509707600139,-986.537522294284,1.860344658725,1917.29909190957,1945.15734833261,NA,2640.15559478185,0.439036132910718,1.27180230108333
"718",-5.86,0.73,-5.86,0.83,1.359326,9.604077,-1.1484446,0.2002995,35,35,-5.2492424244191,0.59808378055865,-6.19045462825007,0.900517918448732,1.39258222398291,11.5959332927577,-1.33948684672931,0.217940841156219,1.39258222398291,9.863730866694,-5.71984852633458,0.749300849503691,1.39258222398291,11.8174033959178,-1.41065052208862,0.240807443096549,1.39258222398291,10.4750749094805,2.71219396836299,0.0729800240032147,-0.426987765808322,-7.64375525606571,-6.78314312717288,2.29238156684653,9.90127193991045,-3.90140216034336,0.459227459187259,-4.18132118761948,0.610554249231438,3.75489919,0.07012369,-0.759,0.02655918,86.4619984915462,-123.368753854255,1339.03137285619,0.0428288297335391,0.0337736377928684,10.8248146359935,0.244023577754874,-1.55136585776638,-923.977304446326,-928.388294358339,-943.394103110405,-947.226427160017,3.82662231047438,-982.140522222158,3.52693783620443,1897.50985202149,1923.95463856744,NA,2554.69399185812,0.43556172138694,1.56839077744389
"719",-5.86,0.73,-5.86,0.83,1.359326,9.604077,-1.1484446,0.2002995,35,35,-6.26835958081995,0.806581684895203,-4.75685836272051,0.641054645966002,1.48976266825433,6.77422286091298,-0.833708677140471,0.157945533705607,1.48976266825433,6.68999369209127,-5.51260897177023,0.723818165430602,1.48976266825433,7.34538184399202,-0.896257257382943,0.164795333859775,1.48976266825433,6.89295949211344,3.14047818687574,0.0873269300429711,-0.511271442748708,-7.4206958513931,-6.89536189783293,2.20410757252456,7.44542206096896,-3.98753673374756,0.507944055953968,-3.06850622780095,0.399403418688115,2.41814964,0.07031813,-0.787,0.03163757,56.556723241299,-63.5582033537606,1258.99717212902,0.264729671561825,0.223943178821671,10.215024093661,0.201291953751277,-1.38917533997875,-917.77809106726,-919.905201361094,-935.735400631124,-937.558984305068,1.79475757121905,-963.585800702467,1.76426475700547,1885.11142526336,1908.63723360888,NA,2454.43614090429,0.485140561962315,1.30381789813725
"720",-5.86,0.73,-5.86,0.83,1.359326,9.604077,-1.1484446,0.2002995,35,35,-5.27044655517408,0.637778393202427,-5.20199889752032,0.664594713676117,1.30617350812604,15.3854827458639,-2.00601819317678,0.322518917481549,1.30617350812604,10.0475686901527,-5.2362227263472,0.651186553439272,1.30617350812604,15.3866540163235,-2.00555931459594,0.322698696242486,1.30617350812604,10.0836809929308,2.90160699694571,0.0821955249411501,-0.471102415696257,-7.42846915645656,-7.20025680067478,2.62293133473021,7.31884995826606,-4.10818574969974,0.514694435492821,-3.64224077092767,0.46453050351211,9.94638602,0.22978782,-0.923,0.02129191,111.3458339117,-173.136424694562,1317.18990995409,0.829888264392016,0.823032265823967,6.95062057953996,0.128360436531832,-0.91021252538839,-918.025903444641,-918.195896791114,-928.87456734801,-929.103010248813,0.222278463052339,-1005.67988992682,0.284037091528317,1885.60705001812,1894.91556704265,NA,2461.24339521361,0.477097155748707,0.883533957970747
"721",-5.86,0.73,-5.86,0.83,1.359326,9.604077,-1.1484446,0.2002995,35,35,-6.83545165162844,0.83444314187589,-5.75945662125724,0.839033618482994,1.35193822795213,10.1381510415738,-1.16866896596826,0.183843507570842,1.35193822795213,8.29813690159301,-6.29745413644284,0.836738380179442,1.35193822795213,10.4275923679196,-1.16743413346419,0.183848775689712,1.35193822795213,9.08607499304578,2.76749068145702,0.0717658723736031,-0.429344596506715,-7.82179657121467,-6.71845266909512,1.97570209203287,9.38642397921429,-4.48506195628046,0.544981049914452,-3.82649245360881,0.564445620177408,3.89487281,0.09090956,-0.825,0.02591582,91.3002684498626,-133.045293770888,1321.05079792982,0.031332008396318,0.0285844830175699,11.1094868529215,0.197595260639456,-1.42183530718089,-907.118702305617,-910.607679533885,-925.243989917389,-930.937909761559,5.76242216971535,-944.023703187915,7.059618835838,1863.79264774007,1887.65441218141,NA,2509.05630208875,0.425643385067371,1.41731749789178
"722",-5.86,0.73,-5.86,0.83,1.359326,9.604077,-1.1484446,0.2002995,35,35,-4.74477033309851,0.574759992018298,-6.32028796787688,0.957680307449545,1.57963470708785,10.862127191222,-1.43641694629034,0.255624865656855,1.57963470708785,7.6865104174704,-5.53252915048769,0.766220149733922,1.57963470708785,11.4826911455965,-1.58724137370955,0.292281857649346,1.57963470708785,8.16876036583765,2.60434162214306,0.0665743925583211,-0.403513685635473,-7.27824026137613,-6.57241774503356,2.6076737514727,7.17532453465135,-3.02320618381124,0.352958900121551,-4.63355009726378,0.705598795295927,4.79223754,0.10514448,-0.843,0.02949644,59.2174683889212,-68.8796936490051,1293.81474729738,0.00127515094580144,0.00071303411677598,10.582166953792,0.275751626216589,-1.64639691210092,-945.55343584316,-950.05158980249,-958.616309418251,-962.398465267597,3.77516343306511,-1003.64143830667,2.78086381703865,1940.66211481516,1954.39905118313,NA,2518.74980094575,0.387269410415663,1.63096135396318
"723",-5.86,0.73,-5.86,0.83,1.359326,9.604077,-1.1484446,0.2002995,35,35,-6.0401599908411,0.734949323103887,-5.5535839214151,0.781908099920957,1.37030442882594,10.0360366289735,-1.25948475215834,0.237255890721391,1.37030442882594,10.3510422373423,-5.7968719561281,0.758428711512422,1.37030442882594,10.0952256968081,-1.25377249789617,0.237807172401429,1.37030442882594,10.7296251434244,2.41899194493853,0.0647717496782801,-0.380961121453715,-7.61926333667403,-6.85291902648583,2.24789856092708,10.3529303927506,-4.52739997814685,0.55795816441123,-4.2377046174257,0.5847591444234,6.22643559,0.14377313,-0.855,0.02028494,130.329088289089,-211.102933449341,1349.92474877798,0.391406618634766,0.391094511535366,7.13175300726665,0.155857410573499,-0.990688875216115,-923.285061386552,-924.672743057704,-942.514617809899,-944.811187489656,2.26795364472294,-978.760510278118,2.7384836450758,1896.12536590194,1922.19566796643,NA,2488.74656410663,0.382908345131954,1.07454730019334
"724",-5.86,0.73,-5.86,0.83,1.359326,9.604077,-1.1484446,0.2002995,35,35,-5.26665578362354,0.604239723645408,-6.29062232612065,0.847682513840513,1.12700665964627,9.8635112382875,-1.1004370149814,0.177683192715664,1.12700665964627,10.898622457617,-5.7786390548721,0.72596111874296,1.12700665964627,10.1256381083259,-1.16275633302438,0.192499290740159,1.12700665964627,11.1566521458225,2.43484466987182,0.0612694951114573,-0.372872797545208,-7.62449309933149,-7.19809049349147,1.91995015164301,10.7365426517144,-3.5748771226715,0.403505296563119,-4.20944819212761,0.570351294840988,4.02608586,0.11106103,-0.823,0.02092987,131.889424539953,-214.223605951068,1311.47695564707,0.17408609113046,0.164229388602113,10.0350071597643,0.186410222828571,-1.32549132412301,-876.08795386789,-878.7347509711,-897.92292595301,-899.424698121641,1.47462606368722,-941.287945638991,0.960188559484122,1801.73115086462,1833.01228425265,NA,2408.73030534306,0.36326003541016,1.24973513083636
"725",-5.86,0.73,-5.86,0.83,1.359326,9.604077,-1.1484446,0.2002995,35,35,-6.01024074422774,0.73393007589288,-5.65516535935963,0.793035887337346,1.39378067447499,10.0184524184902,-1.11706538108513,0.162138848935116,1.39378067447499,7.21947388379126,-5.83270305179369,0.763482981615113,1.39378067447499,10.0499720507251,-1.11181862639849,0.163012223171743,1.39378067447499,7.53903263236368,2.931861601746,0.0725999010820808,-0.444878655635959,-7.59541650119345,-6.88820398653899,2.0425818132991,8.12365093362872,-4.32197301895556,0.525120700625039,-3.8151759096885,0.543649782226604,6.17198931,0.11700552,-0.906,0.02508987,94.8695633723419,-140.183883615846,1272.85382222086,0.0661477029388376,0.0666493255036383,7.20952003006842,0.134089989695122,-0.934670868386418,-905.350534261225,-907.309993445058,-924.080206774449,-926.750113445403,2.64372090113651,-947.642910461045,3.19373379675524,1860.25631165129,1885.32684589553,NA,2405.52376082587,0.434330165243504,0.967378498606437
"726",-5.86,0.73,-5.86,0.83,1.359326,9.604077,-1.1484446,0.2002995,35,35,-5.40770269233784,0.738035954700479,-5.14389531271169,0.731790157632769,1.30286216548324,12.0361344203567,-1.35968613740291,0.229231414042001,1.30286216548324,12.2325890763283,-5.27579900252477,0.734913056166624,1.30286216548324,12.053533003743,-1.36009805924244,0.229241166537254,1.30286216548324,12.2671394983432,1.73738985468136,0.0439724623616473,-0.25891023977884,-6.96841668584537,-6.74182014892489,2.19037827581452,12.2863167499577,-4.33471310160849,0.583686509821891,-4.02065314124154,0.575710361104693,8.27128135,0.14665921,-0.872,0.02329341,95.2345182264838,-140.91379332413,1318.39169617395,0.761054623010795,0.735990015023397,5.45155258743651,0.127537731903795,-0.783249084848243,-918.439612820009,-918.548758367649,-940.885727192268,-941.068259696678,0.177548677999559,-977.913788525483,0.209956716606072,1886.43446876885,1918.93788673116,NA,2495.86959902378,0.290401347680888,0.856179725045539
"727",-5.86,0.73,-5.86,0.83,1.359326,9.604077,-1.1484446,0.2002995,35,35,-6.19337631304615,0.837107561909238,-5.41242083662219,0.782489005962842,1.32526305452987,8.91512157395036,-1.16118385925052,0.21121369417509,1.32526305452987,8.22000743742851,-5.80289857483417,0.80979828393604,1.32526305452987,9.0675944379895,-1.1718475243457,0.211959490838507,1.32526305452987,8.36202959500246,3.03360441786725,0.0852685352078731,-0.493930791149799,-7.16384730754516,-6.70829505381632,2.06054135231993,8.39432296972863,-4.25869193248726,0.58261517859134,-3.82538131568299,0.54405976861527,5.51764864,0.14178134,-0.876,0.02744335,68.0922823627042,-86.629321596571,1261.21540654086,0.740263574727625,0.686128747494367,7.3944416285506,0.151820279205631,-1.02485716485233,-904.73785010846,-905.539830448547,-919.770878372675,-920.840916560492,1.04745107643012,-950.810917593862,1.2757822015025,1859.03094334576,1876.70818909198,NA,2435.80149148516,0.482914597241382,0.96766760022305
"728",-5.86,0.73,-5.86,0.83,1.359326,9.604077,-1.1484446,0.2002995,35,35,-6.58097259801353,0.857369900450158,-6.63416701041701,0.974139125740682,1.26844240433931,12.766101390491,-1.70014826776236,0.291424870471179,1.26844240433931,9.91201477503399,-6.60756980421527,0.91575451309542,1.26844240433931,12.7668088018688,-1.7017011353439,0.294833633464916,1.26844240433931,10.2206553414341,2.97734525442763,0.070350782660115,-0.446013228471416,-7.43072582276729,-6.78823940724043,2.16312556209589,8.81578381865724,-4.60784216594108,0.603045186724421,-4.84105538426226,0.716155687406479,7.18317731,0.17300041,-0.896,0.02402069,93.0113632686275,-136.467483408418,1333.79773113753,0.227571687376117,0.1868166530408,8.94509718947134,0.187098439043833,-1.24503562527161,-909.037196834104,-910.485168199667,-920.82886827733,-922.781297889266,1.92334403388313,-964.250368042319,2.3134927668845,1867.62963679705,1878.82416890129,NA,2531.12797886664,0.409367913405666,1.20525366487115
"729",-5.86,0.73,-5.86,0.83,1.359326,9.604077,-1.1484446,0.2002995,35,35,-4.7996378146088,0.643300479505694,-6.25891361890436,0.880254138347874,1.38971952484323,9.27312471224695,-1.198395642194,0.20249090062755,1.38971952484323,6.78813875815492,-5.52927571675658,0.761777308926784,1.38971952484323,9.80549618049756,-1.28484082746592,0.216527659737224,1.38971952484323,6.87935225741997,2.96480410428319,0.0699440571661942,-0.440819179279247,-6.92476125464565,-6.97232847601349,2.19949731177029,6.57300565100423,-3.24206834063709,0.433022086729933,-4.65710855092644,0.658433996846713,5.45444041,0.11701156,-0.907,0.02917505,64.3202056343763,-79.0851681399152,1214.46116584362,0.11622814687898,0.0794877253790134,7.68541188629973,0.173657340007203,-1.11286071549733,-907.577248950738,-909.295704440432,-919.591991362098,-920.4070570392,0.796405680821861,-959.256598245388,0.0161648176858142,1864.70974103031,1876.35041507082,NA,2349.83716354733,0.41848208142929,1.0765882670358
"730",-5.86,0.73,-5.86,0.83,1.359326,9.604077,-1.1484446,0.2002995,35,35,-5.52346879461947,0.748484365325344,-6.14464449653836,0.884345581212416,1.2472382299623,10.4567299405605,-1.27398594181619,0.205335910090374,1.2472382299623,8.6611566177132,-5.83405664557891,0.81641497326888,1.2472382299623,10.5531947537241,-1.29508436335174,0.209950477585952,1.2472382299623,8.71890830803223,2.88507299925929,0.082367802858882,-0.475628484564514,-7.02193386135731,-6.83368359580246,1.96923472138686,8.75078052176845,-3.98256123926968,0.551683386910324,-4.85057121511297,0.697233019096183,6.65890005,0.15836739,-0.899,0.02283606,102.980905508379,-156.406567887921,1243.05892756939,0.471328872831879,0.469687526779691,6.69753396462892,0.129511359098095,-0.90274658787087,-892.857250302282,-893.581498614004,-908.176081708289,-908.593276418853,0.40648496832085,-941.010063245678,0.219624755334262,1835.2697437334,1853.5185957632,NA,2329.71128725085,0.457167061454629,0.846344182649694
"731",-5.86,0.73,-5.86,0.83,1.359326,9.604077,-1.1484446,0.2002995,35,35,-6.43307072817609,0.765010362359154,-5.85773124796918,0.80603345208325,1.2351231975312,6.86692272621212,-0.900438035802326,0.194226731176121,1.2351231975312,9.98916366387599,-6.14540098807263,0.785521907221202,1.2351231975312,6.94967660558331,-0.894537485022741,0.194647454648748,1.2351231975312,10.4682441226638,2.78742325341707,0.0771340983801034,-0.444982676928718,-7.83307818101565,-7.01333374776984,1.94821338412169,10.5272883203672,-4.3553245291771,0.530341116490286,-4.63857688239696,0.648612847711692,4.0225424,0.14411387,-0.867,0.02182417,126.420854607567,-203.286466086296,1347.14121354251,0.287072228515852,0.25219919426721,7.63896746669043,0.132161591579745,-0.941049981245257,-892.380927611089,-894.187926875116,-914.800384321721,-917.78743617307,2.96450869183596,-944.238601671963,3.56073976957488,1834.31709835102,1866.76720099007,NA,2490.99596099873,0.458102841141586,1.05476012324197
"732",-5.86,0.73,-5.86,0.83,1.359326,9.604077,-1.1484446,0.2002995,35,35,-6.24954126528764,0.797167773739164,-5.54712110765177,0.690313687313214,1.27674038654562,9.74784203933121,-1.13928403257246,0.176855078114469,1.27674038654562,7.94809595763397,-5.89833118646971,0.743740730526189,1.27674038654562,9.87119055879453,-1.1580481486303,0.17970952706095,1.27674038654562,7.97093902735758,2.98303955341729,0.0780234004640634,-0.468232338612669,-7.45796318249244,-7.39215202117041,2.00384662995683,8.19616479761607,-4.72363779432533,0.604260379699444,-3.66240036260689,0.457834934525099,4.34976067,0.09104361,-0.852,0.02493336,101.156981366634,-152.758719604431,1289.40962488992,0.320843705507645,0.25788649645377,9.01539609464091,0.168648678404573,-1.20149733629226,-891.648377477265,-892.050653847543,-908.536747932118,-908.715219121909,0.173593214529626,-943.229228568735,0.0279688652539975,1832.85199808337,1854.23992821086,NA,2426.06053017542,0.448712239924106,1.10090028727541
"733",-5.86,0.73,-5.86,0.83,1.359326,9.604077,-1.1484446,0.2002995,35,35,-6.05071707752625,0.760905918260427,-4.66917814511031,0.750387387528093,1.50911436149281,9.24478893797667,-1.08689916978257,0.190200097401576,1.50911436149281,8.18237505567157,-5.35994761131828,0.75564665289426,1.50911436149281,9.72195139342191,-1.0905321097122,0.190227757273768,1.50911436149281,9.19107388632123,2.56487711016209,0.0643341926603047,-0.393395678901277,-7.4751777461998,-6.15630549800887,2.24972681848377,9.14513526251204,-4.26849075868293,0.540267885569727,-2.9962227692196,0.476620550418145,4.28861422,0.09752831,-0.839,0.02900924,62.051296613031,-74.5473500972247,1280.90887732452,0.00882533582986447,0.00872257193593463,9.13743111216384,0.180222790238189,-1.19738159358932,-932.242807878353,-936.648660245638,-951.313019680432,-958.608863210448,7.46991056979436,-975.022836719505,9.06911259856673,1914.04085888554,1939.79247170749,NA,2487.27040455182,0.377050870447056,1.34075408544418
"734",-5.86,0.73,-5.86,0.83,1.359326,9.604077,-1.1484446,0.2002995,35,35,-6.06333764762123,0.728064401048895,-6.9003915246945,1.02375343397529,1.28787905980752,7.34162072607088,-0.728354075943368,0.118354001194221,1.28787905980752,8.59992187612168,-6.48186458615787,0.875908917512093,1.28787905980752,7.51678552435174,-0.790230988798141,0.140212002242458,1.28787905980752,9.33159711553075,3.23824075143909,0.0825962150676287,-0.502693793869804,-7.68345957744782,-6.75887471174139,1.74898511323619,11.1984771199577,-4.50877487563972,0.541212451295856,-4.71528060068599,0.708227541087985,3.82189263,0.08420082,-0.79,0.02237668,123.056041208689,-196.556839288541,1325.9396164988,0.0106481909579273,0.00950314265289546,7.95593215300151,0.173045503966555,-1.1052896117811,-889.384894231896,-895.482740315602,-915.586926281947,-920.728560687936,5.18274178913599,-919.789513071811,4.76813774541875,1828.32503159263,1868.34028491052,NA,2455.32239370906,0.474970610843122,1.18522342641449
"735",-5.86,0.73,-5.86,0.83,1.359326,9.604077,-1.1484446,0.2002995,35,35,-6.93471625737118,0.843676235339771,-5.77537868812089,0.884171286234689,1.36625790397416,8.87225286698465,-0.914555585899125,0.141608898703191,1.36625790397416,8.60979759843953,-6.35504747274603,0.86392376078723,1.36625790397416,9.20826876685346,-0.90281872743133,0.142018860989937,1.36625790397416,9.86878859253438,2.55571873830147,0.0625366938568857,-0.377817939471238,-7.86605279534547,-6.46545619176,1.84195775483469,11.1473844813717,-4.78687990871523,0.584242410181081,-4.30076661924319,0.6397726415261,5.56732804,0.10796572,-0.847,0.02346272,108.025482457857,-166.495721786876,1339.92286219056,0.0299217429597076,0.0288457835013199,8.93112394240428,0.172504168032338,-1.16495926771942,-905.908213646355,-911.082664015027,-930.13321123913,-938.751057447429,8.90876074355115,-932.331972762549,10.4330347982484,1861.37167042155,1897.43285482489,NA,2513.35000259424,0.404636059707089,1.27298751270587
"736",-5.86,0.73,-5.86,0.83,1.359326,9.604077,-1.1484446,0.2002995,35,35,-6.03631030573355,0.722518084091039,-5.78333103756685,0.732902984538399,1.26876288052606,9.12811454877877,-1.28361351704447,0.245253717903545,1.26876288052606,8.72090448766252,-5.9098206716502,0.727710534314719,1.26876288052606,9.14411417630931,-1.28295672591568,0.245280679442871,1.26876288052606,8.78945849863927,2.61785790719831,0.0683479459595972,-0.408627774800759,-7.68947575677564,-7.37462593904232,2.21527633132375,7.59389893582872,-5.00138596787833,0.610059336358691,-4.38817720181074,0.559977189089493,7.67412325,0.1916078,-0.911,0.01944527,142.086234772636,-234.617226416434,1338.97869669921,0.549833615237105,0.514293726708371,5.11537908083204,0.101035834450579,-0.677164981100633,-899.23580655713,-899.556231234839,-912.799755454666,-913.291678697803,0.479551337258304,-965.434121475032,0.619634662608315,1848.0268562431,1862.76594325596,NA,2443.34016698198,0.40048798013253,0.72687663819367
"737",-5.86,0.73,-5.86,0.83,1.359326,9.604077,-1.1484446,0.2002995,35,35,-6.17523523353974,0.755335501611337,-5.44702689144328,0.78731955874083,1.37173236234987,11.9414813097307,-1.27141005304561,0.188447943905687,1.37173236234987,10.1028730488639,-5.81113106249151,0.771327530176084,1.37173236234987,12.0740531571055,-1.26558728874167,0.188703688883302,1.37173236234987,10.6429785191847,2.78496019270041,0.0606638915338018,-0.395922788592676,-7.6328830031529,-6.7141219251874,2.08584924130261,11.3394101152421,-4.47906847348354,0.555690990510188,-4.10860483120561,0.595640659641707,8.26192127,0.13997587,-0.892,0.02347207,99.0231656314078,-148.491088133978,1340.47006429102,0.143490126500857,0.134446941379865,6.74071413851197,0.130127979799813,-0.875834543675086,-917.800140892251,-919.905438615347,-941.222392414142,-944.547349576948,3.30789803865869,-963.345958947553,3.90278677001224,1885.15552491334,1919.61121717491,NA,2532.44904044807,0.382058066100413,0.972649100261782
"738",-5.86,0.73,-5.86,0.83,1.359326,9.604077,-1.1484446,0.2002995,35,35,-5.62146512619622,0.71235517943177,-6.04550042959011,0.85077954998033,1.31747636889692,9.5580336075379,-0.984859801200833,0.159331109832565,1.31747636889692,10.3156725044804,-5.83348277789317,0.78156736470605,1.31747636889692,9.60298509216898,-0.999534006191499,0.164121436423007,1.31747636889692,10.4546104275415,4.1965780710742,0.105469511611361,-0.64805991059201,-7.3351785333453,-6.93451725705936,1.94518461512682,12.1946353811895,-3.86943087092241,0.477337522704287,-4.79866407440641,0.668900351473402,6.71250533,0.11585967,-0.857,0.02416344,95.4205245460909,-141.285805963344,1320.61654652307,0.14280806478091,0.110474761194029,6.8527245602053,0.151072487627811,-0.96968089696877,-906.870501748118,-907.995625969067,-932.664017029994,-933.518268630173,0.834928614663636,-948.585681187117,0.744292224740303,1863.29624662507,1902.49446640662,NA,2499.94728708279,0.603518541810155,0.985932934192522
"739",-5.86,0.73,-5.86,0.83,1.359326,9.604077,-1.1484446,0.2002995,35,35,-5.8253203430843,0.74869197932556,-5.96298344408484,0.84145956898472,1.36675499824196,8.55599796379568,-1.1195734970853,0.20025034260683,1.36675499824196,7.25266317211328,-5.89415189358457,0.79507577415514,1.36675499824196,8.56073574613995,-1.1227661656015,0.202401799029623,1.36675499824196,7.37692729426655,2.81766605241378,0.0719269919545046,-0.431926100789653,-7.3225484993331,-6.9075263065962,2.09094958819853,7.43238205226871,-3.83467782207065,0.48579821197538,-4.48060094410452,0.632754018422018,5.04009467,0.12094942,-0.887,0.02816638,71.6987465315002,-93.842249934163,1264.17307258669,0.275605067233813,0.232159750952685,7.38251623498401,0.156951507218059,-1.03187931269738,-905.940423518462,-906.736684156846,-919.565030634323,-920.611195959352,1.02390708674204,-950.619143037434,1.16250750446135,1861.43609016576,1876.29649361527,NA,2434.50389523922,0.435015720097432,1.01853507825361
"740",-5.86,0.73,-5.86,0.83,1.359326,9.604077,-1.1484446,0.2002995,35,35,-5.41859721162141,0.589935176201982,-5.71816534166898,0.791539921764595,1.4181610531547,10.5063959789541,-0.99307991680499,0.145211006771803,1.4181610531547,10.3566711176955,-5.5683812766452,0.690737548983289,1.4181610531547,10.5288312450892,-1.00817850596422,0.155372125130145,1.4181610531547,10.9218447387215,3.55953076764599,0.094055230354848,-0.567777985648295,-7.86165731941222,-6.96011654462006,2.1619710249592,12.0488690029433,-3.44981978558452,0.362241479020628,-4.07509700882295,0.561726734030797,5.38222996,0.09258588,-0.819,0.02319094,110.633465975993,-171.711688823149,1372.59581845747,0.024499584544056,0.0165330849088091,9.22296746308481,0.179300905600555,-1.20869619289192,-921.190016617478,-924.855264386737,-950.959699554971,-954.359394783086,3.38407318759842,-974.084410200898,3.42842748727628,1891.93527636379,1939.08583145657,NA,2573.4799480918,0.516170486033494,1.31147115684098
"741",-5.86,0.73,-5.86,0.83,1.359326,9.604077,-1.1484446,0.2002995,35,35,-6.05650406368205,0.739777339978642,-6.23723242101346,0.866800674338495,1.43106468266726,7.89334094681393,-0.745935609783511,0.111241957345769,1.43106468266726,7.91487222490683,-6.14686824234775,0.803289007158569,1.43106468266726,7.90150663159985,-0.751674789423914,0.115275689213742,1.43106468266726,8.1428189238302,2.57938022791432,0.0654724317045028,-0.397978242512405,-7.60684333432023,-7.0307995353401,1.88731198398845,10.7133028157918,-3.63093522273307,0.433102820028702,-4.69961169971451,0.650242253094626,4.14595578,0.09382002,-0.816,0.02645262,86.3036762474595,-123.052109366082,1323.55572986072,0.08821717956213,0.0599189592448035,9.02816275699029,0.166062595197631,-1.18378540217453,-908.879866870339,-910.685296195946,-936.232927215077,-938.000275698196,1.7387097802124,-937.017891457133,1.78621982249035,1867.31497686952,1909.63228677678,NA,2524.05935035535,0.382525809999084,1.1313294764445
"742",-5.86,0.73,-5.86,0.83,1.359326,9.604077,-1.1484446,0.2002995,35,35,-6.08430383695209,0.788340271926545,-5.92937017596516,0.811857659643933,1.5200199809484,8.56365781076592,-1.01439806197285,0.157701976328327,1.5200199809484,5.69834508797775,-6.00683700645863,0.800098965785239,1.5200199809484,8.56965892059262,-1.01348715322888,0.15784024320959,1.5200199809484,5.74926469454583,2.53881769101301,0.0574805782942038,-0.36827706629267,-7.34531772566548,-7.05027355424837,2.10614383993764,6.61552799286626,-4.597887784175,0.602387414807358,-3.67572487248373,0.504139854946962,4.41029859,0.10019179,-0.892,0.03275505,47.5299074506752,-45.504571772513,1254.77805492543,0.317585204391104,0.276872981172125,9.04100022339786,0.166665526756996,-1.19124851404991,-916.574528684662,-916.944938655247,-930.997368489251,-931.527483439423,0.516923688038165,-948.826891768731,0.645851977376787,1882.70430049816,1899.16116932513,NA,2464.05153807836,0.354980118174405,1.11681148120402
"743",-5.86,0.73,-5.86,0.83,1.359326,9.604077,-1.1484446,0.2002995,35,35,-7.2072497547163,0.980962438208177,-6.52272354977944,0.967277188641158,1.21301851020016,9.59242173124222,-1.31357955979715,0.245047381863389,1.21301851020016,9.40847792770473,-6.86498665224787,0.974119813424667,1.21301851020016,9.70956576255355,-1.31592153778458,0.245094203377317,1.21301851020016,9.67110107959162,2.94215525888627,0.0739077523815506,-0.448037595146554,-7.32067062152568,-6.71767759217964,1.94126750514236,9.13852080688776,-5.24325522398752,0.720596712579882,-4.92078233954661,0.73636697694724,5.5741117,0.12141013,-0.863,0.02092062,128.67984240707,-207.804441685302,1312.50025262292,0.383692530831932,0.360107663585816,8.00181783937924,0.180984032091968,-1.15543603241524,-892.609183753653,-893.779107104629,-906.575740405539,-908.320042022828,1.71575272122874,-938.870427797701,2.19842453894186,1834.77361063614,1850.31791315771,NA,2417.19606356053,0.446511364099377,1.13603478795165
"744",-5.86,0.73,-5.86,0.83,1.359326,9.604077,-1.1484446,0.2002995,35,35,-5.48069168805608,0.670881964196149,-7.58086142333845,0.974297085737055,1.37766165071722,6.83098552707325,-0.628379701991712,0.117948850198843,1.37766165071722,9.72942241682904,-6.53077655569726,0.822589524966602,1.37766165071722,7.93366375632227,-0.787685515863522,0.140964034193764,1.37766165071722,9.93227215852841,3.42159338841736,0.0821435477540795,-0.5144863314078,-7.44149177956283,-7.73399273537876,1.88863225110236,12.8133437193391,-3.51325227936333,0.435021533342747,-5.26748522509676,0.684420462301421,4.36787549,0.0908615,-0.807,0.02620519,88.93431931048,-128.313395492123,1410.23047691271,0.0544496386924935,0.0364395833284843,10.1729447321598,0.180935017311267,-1.29947666158241,-908.826095069254,-913.073014031684,-939.884125575323,-941.195186162538,1.28560344626952,-942.961066565397,0.390261150370284,1867.20743326735,1916.93468349727,NA,2692.1475583333,0.483720822450992,1.30727355321713
"745",-5.86,0.73,-5.86,0.83,1.359326,9.604077,-1.1484446,0.2002995,35,35,-6.16303179167447,0.69353400056936,-6.58731007032466,0.924165101691891,1.31745938413611,9.37517306789405,-1.09033431601202,0.198739118985449,1.31745938413611,10.4731480911093,-6.37517093099957,0.808849551130625,1.31745938413611,9.42017608232763,-1.11479725765888,0.212036795186696,1.31745938413611,11.161976399011,3.80885646120329,0.101828091780596,-0.606033469553635,-7.98887691213286,-7.03911477066192,2.05403884186043,11.356107987728,-4.35677373459182,0.490547794386794,-5.9517378998572,0.841417802664378,6.04746903,0.10408062,-0.789,0.01927988,149.852254232075,-250.149265335313,1426.70882049973,0.00221167884332637,0.0016439231923056,7.34512044074999,0.183185183080913,-1.09842966018889,-911.675462139065,-915.057823096905,-933.628303606772,-937.70965638001,4.08260440511618,-959.628114596597,4.22947364048943,1872.90616740697,1904.42303956017,NA,2603.26837566414,0.576892010848808,1.17000024860097
"746",-5.86,0.73,-5.86,0.83,1.359326,9.604077,-1.1484446,0.2002995,35,35,-5.18702352549992,0.671613757099809,-5.45897976335779,0.849784946704804,1.44676127707441,5.39673704307431,-0.686968951561507,0.146234461119065,1.44676127707441,6.70875989717793,-5.32300164442885,0.760699351902306,1.44676127707441,5.41522709190176,-0.699082643166416,0.15417070432038,1.44676127707441,7.13454133087825,3.12896574114341,0.0920331536125506,-0.521743035499524,-7.14346378425258,-6.35392217976932,2.07328795111987,7.80667517151539,-4.06899232778813,0.532258004287185,-3.7268756411736,0.578074443996822,3.47902477,0.09855478,-0.812,0.02822594,68.7026787713426,-87.8501144138477,1222.33126799425,0.113749338443036,0.113888094523529,5.48960726152362,0.131539300260381,-0.800515404659914,-908.440291533654,-911.043074354538,-928.73012122536,-932.493463022901,3.75587485896678,-950.060984118109,4.06279958445503,1866.43582619614,1894.62667479735,NA,2356.81242157466,0.516294566187459,0.866753848955974
"747",-5.86,0.73,-5.86,0.83,1.359326,9.604077,-1.1484446,0.2002995,35,35,-5.79646852097346,0.807619251681929,-4.47803785373532,0.59612719554066,1.3237851689046,9.2999122660801,-1.03309607432552,0.207097468703768,1.3237851689046,12.8678588446526,-5.13725318735439,0.701873223611294,1.3237851689046,9.73447712215859,-1.10280547749899,0.218279691156483,1.3237851689046,12.945206356166,2.6453271225445,0.0756860944567628,-0.432159667476382,-6.94262323712226,-6.88420751261398,2.23396093979358,13.1946588570749,-4.37756514648476,0.614274623628969,-3.11045871948351,0.401988835243868,6.2568436,0.1419468,-0.833,0.0244496,86.3701178098003,-123.184992490763,1335.36420219446,0.198040853937172,0.152027531924929,6.73686880428934,0.153108581477772,-0.950406472165032,-920.596441292824,-922.043465896351,-948.071371097117,-948.46070896583,0.379267689542245,-985.055355702977,0.0128057777881274,1890.74812571449,1933.30917454086,NA,2547.54341189817,0.436746687407938,1.05309959882484
"748",-5.86,0.73,-5.86,0.83,1.359326,9.604077,-1.1484446,0.2002995,35,35,-5.20376852174374,0.699087919969779,-7.36547234858214,1.04670542319559,1.47862993399577,7.09259282712151,-0.856764541219394,0.150938038768428,1.47862993399577,6.21279653164367,-6.28462043516294,0.872896671582686,1.47862993399577,8.26083368586346,-1.04462606296921,0.181147520905665,1.47862993399577,6.39928472164778,2.78692375731007,0.0698831034657505,-0.422242209888015,-6.99652482760111,-7.08721352313643,2.06327844393323,7.32070049905543,-3.61056045966308,0.485603111869739,-5.93211955651279,0.845861178425725,3.98403627,0.08374247,-0.823,0.02627663,90.1120089512093,-130.668774773581,1274.99002148825,0.00241805906658777,0.00127285812306787,9.13381270868315,0.20537006188259,-1.34306304444175,-913.032921507426,-917.355758241012,-929.413258385639,-931.200119807417,1.75815259236063,-946.88857474455,0.0570079652911235,1875.62108614369,1895.99294911791,NA,2419.31126820292,0.42915477632562,1.18561564378753
"749",-5.86,0.73,-5.86,0.83,1.359326,9.604077,-1.1484446,0.2002995,35,35,-6.37024100697586,0.806368025094021,-5.81225331543984,0.757743428868072,1.26108351024314,11.0254491738216,-1.48673835779419,0.27188416867838,1.26108351024314,10.1336243340372,-6.09124716120785,0.782055726981047,1.26108351024314,11.103286739798,-1.49352133934418,0.272475256517914,1.26108351024314,10.1877356917461,3.20244178454614,0.0839362532725569,-0.499068924093347,-7.52385020735574,-7.25555527755625,2.20923481343474,8.95181039251903,-5.22377414417264,0.678528721204248,-4.5239107113047,0.597071279799807,9.05482222,0.17805731,-0.889,0.01993368,130.793648871438,-212.032054614038,1359.80005048805,0.734885887983711,0.763599819709545,5.56910769076758,0.126591375160781,-0.804849914014132,-906.719685795714,-907.012390847653,-920.810727332754,-921.150115475343,0.330491869835961,-969.899611437953,0.389608049581658,1862.99461472026,1878.78788701214,NA,2507.56804636206,0.498161762654793,0.798045970737232
"750",-5.86,0.73,-5.86,0.83,1.359326,9.604077,-1.1484446,0.2002995,35,35,-5.57118026914385,0.694704176081724,-5.88214326348022,0.776299874491276,1.19677840204298,10.0908203647188,-1.33300317890614,0.251115450567109,1.19677840204298,10.9918378778767,-5.72666176631203,0.7355020252865,1.19677840204298,10.1149948606805,-1.33934648958175,0.252779915066845,1.19677840204298,11.0266340297358,3.33517546778022,0.0930697944664003,-0.541337967050905,-7.39005378670566,-7.21489072442154,2.1531203912213,9.70155110002492,-4.26606983532694,0.539370841982333,-4.34315701494839,0.570014182202387,7.70601838,0.17588798,-0.886,0.01954824,132.000349067735,-214.445455006632,1328.33688642708,0.916367664229932,0.910659211726433,5.44913539164111,0.124227813833912,-0.779457063755886,-896.300553135383,-896.531258217904,-913.185872181844,-913.388693772122,0.197312401194662,-966.138428549768,0.158459023798393,1842.1563493996,1863.53817671032,NA,2442.22831784752,0.526632926100411,0.817217569758935
"751",-5.86,0.73,-5.86,0.83,1.359326,9.604077,-1.1484446,0.2002995,35,35,-6.34955236556857,0.86175543102169,-6.44810815364654,0.918802338699825,1.50700411496704,6.95172292606211,-0.923225980355546,0.191587479515442,1.50700411496704,7.52018909880151,-6.39883025960755,0.890278884860758,1.50700411496704,6.95415123690303,-0.924631556091453,0.192401066934351,1.50700411496704,7.55879965022255,3.1882143037077,0.0890984192386493,-0.516754471448675,-7.17317773402008,-6.93186280816935,2.11280105526849,8.82896066581694,-4.21902266470804,0.586110004668571,-4.25479349470882,0.616074832431387,3.34223204,0.13162273,-0.845,0.02839307,70.4364406825269,-91.3176382362165,1316.83998591404,0.886136406175662,0.873896744043629,10.0337027539142,0.193650902163965,-1.35807836107557,-926.842608518712,-927.065563716629,-945.730873041873,-946.047372249592,0.308152491239905,-958.530115649671,0.333694561601668,1903.24046016626,1928.62817843037,NA,2542.36233359187,0.508258777223635,1.24052489805611
"752",-5.86,0.73,-5.86,0.83,1.359326,9.604077,-1.1484446,0.2002995,35,35,-4.86350954817474,0.549972535159272,-5.92367993450544,0.89551425692425,1.33432536289469,5.9162579693697,-0.62033173004565,0.120642448913934,1.33432536289469,8.166309868689,-5.39359474134009,0.722743396041761,1.33432536289469,6.19724828138285,-0.711915005209889,0.15049221928401,1.33432536289469,9.01894379458268,3.22127391561141,0.076886372184876,-0.485173539328945,-7.54465673017287,-6.54617895399456,2.00804978080445,9.44915555104439,-3.13232940032827,0.342215558806314,-5.01408735089466,0.769790612342281,3.19958335,0.07599644,-0.725,0.02167627,125.657239972233,-201.75923681563,1267.61359280797,1.73444046872537e-05,1.19833649193063e-05,7.04592278236137,0.186179459007445,-1.07876300269222,-895.33916621193,-902.016946352287,-921.03164210247,-927.257644300781,6.32523968656351,-948.213300328518,5.65416005165242,1840.2335755527,1879.22971655157,NA,2333.46794880032,0.445216769606849,1.19315007739608
"753",-5.86,0.73,-5.86,0.83,1.359326,9.604077,-1.1484446,0.2002995,35,35,-5.07813559672237,0.644267472284208,-6.0276839186857,0.87560671420795,1.3154913059497,12.816780961364,-1.66507053699523,0.282404786297964,1.3154913059497,9.89160779949225,-5.55290975770404,0.759937093246079,1.3154913059497,13.0421914652998,-1.71998748423847,0.295784247511427,1.3154913059497,10.104271493443,2.60646122895455,0.0708844249788796,-0.412263767169398,-7.19749794401338,-6.76878692620743,2.36273064439684,8.44635834638847,-3.78210210238233,0.492545952402547,-3.82956046285342,0.551901974354085,6.21659709,0.15982525,-0.893,0.02554793,80.6582527686448,-111.761262408452,1280.58892024131,0.520086613289718,0.477362426720635,9.34344933012651,0.196243117923613,-1.30131074619573,-916.569017412334,-918.316824262647,-929.620862966221,-930.974473090255,1.32773153926136,-984.532317722778,0.979935792578245,1882.6932779535,1896.40815827907,NA,2449.41657807417,0.423184858927394,1.26868012253603
"754",-5.86,0.73,-5.86,0.83,1.359326,9.604077,-1.1484446,0.2002995,35,35,-5.74014532636207,0.702120439529413,-7.25765991195822,0.996240355877283,1.36162111629543,9.33572857569642,-0.924176830717069,0.138140140188852,1.36162111629543,9.19665394013449,-6.49890261916015,0.849180397703348,1.36162111629543,9.91144120507069,-1.03575964646012,0.159766771486972,1.36162111629543,9.37326849512229,2.14784796386129,0.0660111182235887,-0.361926195174651,-7.51483466540766,-7.28005889875897,1.90244544983032,11.589224293789,-4.18242645287495,0.523496409174444,-5.6381078849268,0.77258131866541,5.89269933,0.08357677,-0.847,0.02555662,93.1389316801888,-136.72262023154,1362.45546131804,0.0476510875100381,0.0375901391725943,8.40679209329083,0.176812831412319,-1.1726731114195,-906.853641252184,-910.539243020643,-933.449671621397,-934.651749334983,1.17781674357893,-941.49865811123,0.273868644469899,1863.26252563321,1904.06577558942,NA,2588.18830240455,0.385081254836266,1.13845546878994
"755",-5.86,0.73,-5.86,0.83,1.359326,9.604077,-1.1484446,0.2002995,35,35,-6.30309251290082,0.697782793094415,-5.8735783927235,0.801043615600942,1.30324952039465,13.2120064051625,-1.82384870005972,0.311263769112835,1.30324952039465,8.91282521826227,-6.08833545281216,0.749413204347678,1.30324952039465,13.2581270000204,-1.8127607047278,0.313929468479016,1.30324952039465,9.66379306437076,3.45316181302492,0.10162700977556,-0.577227627323067,-8.10362442695417,-7.0589090470667,2.41955749692017,6.85287822416984,-4.67972117905994,0.531001898745214,-4.10987548553634,0.550891154524478,8.84153774,0.22631824,-0.933,0.02146667,121.446412861543,-193.337582594248,1367.42647783878,0.0523034032159491,0.0420901746442514,8.61881807181191,0.159833488223688,-1.10550855799709,-911.93906000907,-915.464368006388,-920.738829224587,-925.850563985217,5.15148934950447,-983.888929757177,6.8356234063654,1873.43336314698,1878.6440907958,NA,2541.51537308331,0.565296071598371,1.19412538032826
"756",-5.86,0.73,-5.86,0.83,1.359326,9.604077,-1.1484446,0.2002995,35,35,-4.63976976275719,0.62293164890681,-6.00286028780677,0.808955531369346,1.45148070427613,10.618602370823,-1.32417181797844,0.246651185109334,1.45148070427613,10.1799827077078,-5.32131502528198,0.715943590138078,1.45148070427613,11.083106315693,-1.38756366588284,0.255302406320943,1.45148070427613,10.2721075354193,2.74306876333582,0.0736202424682344,-0.436165953737369,-6.88624542466371,-7.14105379536678,2.44708917522721,9.87753983571277,-3.20453191910203,0.440873914480909,-4.18622075732101,0.56433482578955,6.54518374,0.14149873,-0.865,0.02430357,86.6319025762082,-123.708562023579,1311.34860616413,0.444282234079893,0.435574804251222,7.71867808787264,0.16985233391558,-1.0865716501196,-936.487102450356,-937.655763335866,-955.551757374789,-956.126204926062,0.560330766886277,-998.064695179595,0.290264460523376,1922.52944802955,1948.26994709621,NA,2498.98865030469,0.421096034804895,1.12702539635175
"757",-5.86,0.73,-5.86,0.83,1.359326,9.604077,-1.1484446,0.2002995,35,35,-6.45883465804631,0.924150557468734,-5.94423728529985,0.895134691884181,1.53902600761392,7.31329814262454,-0.78542964964771,0.129405739617843,1.53902600761392,6.54144773632044,-6.20153597167308,0.909642624676458,1.53902600761392,7.37950075663393,-0.789162521697155,0.129616219731748,1.53902600761392,6.60905677665152,3.63726020754564,0.0916712409979905,-0.56341641273031,-6.91072600910153,-6.56899765507772,1.94729834703928,8.94876222930845,-4.44218596804919,0.642699279913484,-4.56428142621619,0.686410477302351,3.07510652,0.06155344,-0.786,0.02858906,75.5282546059165,-101.501266082996,1244.24042557494,0.785999766407619,0.758815158600913,8.50810341839562,0.177490385727296,-1.1902763298733,-921.544371045661,-921.941366433205,-942.340562912718,-942.965316264593,0.609619651724464,-938.969088798162,0.717310922906184,1892.64398522016,1921.84755817206,NA,2386.97958506688,0.520620466141684,1.11591330826627
"758",-5.86,0.73,-5.86,0.83,1.359326,9.604077,-1.1484446,0.2002995,35,35,-6.81574313588876,0.907087829216939,-6.03592535356518,0.762386842483963,1.511799093723,9.24462335753146,-0.90723192379324,0.138632820942174,1.511799093723,8.5829854915145,-6.42583424472697,0.834737335850451,1.511799093723,9.39665230093848,-0.935442024436777,0.143867414832548,1.511799093723,8.61768341958653,3.3977256584492,0.0845073992854514,-0.520830869601044,-7.36928980654918,-7.45156305893339,2.0190379886767,11.3813985053817,-4.84428868224286,0.654960956058846,-4.534480618453,0.581548262117213,5.49841988,0.08933055,-0.819,0.0250911,94.3433982479153,-139.131553366993,1378.00240779909,0.692311934189723,0.696219118160851,8.53389769378653,0.163689834897228,-1.14432706529133,-928.290048169518,-929.143623864622,-954.737720596507,-954.990717783246,0.246213365447217,-955.4888970845,0.0322218225040054,1906.13533946787,1946.64187353964,NA,2616.8732622312,0.489258851935034,1.07980914051489
"759",-5.86,0.73,-5.86,0.83,1.359326,9.604077,-1.1484446,0.2002995,35,35,-5.70041922495814,0.686495387076313,-5.17962932231165,0.758915190630816,1.32646448905174,10.1392661504583,-1.16683471312556,0.190980788266555,1.32646448905174,9.23438917634112,-5.4400242736349,0.722705288853565,1.32646448905174,10.207071681133,-1.15740583751485,0.192291945253273,1.32646448905174,9.84133002913747,2.55764186133691,0.0680976694510515,-0.40318978873372,-7.5681985832274,-6.61595023106221,2.12411266970091,9.55930434837636,-3.95778577236507,0.484006279979359,-3.75089038805839,0.546436728721909,6.34776689,0.12664462,-0.872,0.02760805,67.5747505605983,-85.5942579923593,1295.65784014596,0.141741669958733,0.122753422955215,6.63989571132131,0.138121058288228,-0.894296277058758,-907.876181926756,-910.470468327856,-927.299324229164,-931.332174551083,4.03267623294611,-962.346906523532,4.81099121626024,1865.30760698235,1891.76508080496,NA,2505.72142229955,0.397223139537613,0.996075823057974
"760",-5.86,0.73,-5.86,0.83,1.359326,9.604077,-1.1484446,0.2002995,35,35,-5.70966140712779,0.735956520205475,-6.0402448961339,0.827880002876323,1.48469183757917,8.79053327367032,-0.845100753328013,0.118870185828925,1.48469183757917,7.64249017131308,-5.87495315163084,0.781918261540899,1.48469183757917,8.81785463447119,-0.852697849733743,0.120982667495509,1.48469183757917,7.68290912111795,3.10699189696555,0.0854244175275207,-0.500337761278816,-7.28276413326167,-7.06569129953729,1.9841172037852,10.1206924722487,-3.77426624211228,0.481694421236573,-4.1657858479509,0.56379688886052,3.20556549,0.03697753,-0.797,0.03418969,45.3729913434927,-41.190739558148,1291.75948583678,0.537432147204575,0.463218319695384,10.40219827036,0.210552069480121,-1.42984371491111,-916.501093745648,-917.084575644854,-943.074006474569,-943.400617315859,0.31802044691408,-947.45579584872,0.254131651561107,1882.55743062013,1923.31444529577,NA,2542.32823211542,0.485362616251475,1.35840919868662
"761",-5.86,0.73,-5.86,0.83,1.359326,9.604077,-1.1484446,0.2002995,35,35,-5.88709259992262,0.74210855892846,-5.30292746115655,0.745300516359665,1.39244177781366,8.30341580234607,-0.866648450457899,0.150615530438791,1.39244177781366,9.31397958628337,-5.59501003053959,0.743704537644063,1.39244177781366,8.38872802968348,-0.866182292893966,0.150618077586851,1.39244177781366,9.54262296844074,2.8701961875076,0.075524565215779,-0.453341677044006,-7.42354307130687,-6.82036107614791,2.0333990722415,11.1240158136582,-3.95360712466629,0.497224766012002,-3.88179649144686,0.554528770744141,4.00381653,0.09788577,-0.795,0.02635022,82.7101385385407,-115.865033948244,1307.74085319308,0.391780299208639,0.381005314710485,8.01729220365827,0.145096263885856,-1.02893144728832,-914.475523165704,-915.368134109122,-939.73432218516,-941.26915298169,1.50744432414603,-956.490129580324,1.75620247594622,1878.50628946024,1916.63507671695,NA,2499.61667243792,0.428209666502172,1.0517008519363
"762",-5.86,0.73,-5.86,0.83,1.359326,9.604077,-1.1484446,0.2002995,35,35,-5.79789483135518,0.773675198247835,-5.63508555846217,0.771856229584188,1.42955615177176,10.7462416279652,-1.22657524293105,0.205074983912997,1.42955615177176,9.62418056405566,-5.71649019490867,0.772765713916012,1.42955615177176,10.7528683428002,-1.22664927917243,0.205075811074746,1.42955615177176,9.63832201146824,3.25377456382494,0.0893786810926437,-0.523641022899191,-7.14627943416795,-6.99430710587876,2.19024407246508,10.5512671092568,-4.04355416909905,0.541337191677139,-3.70521396855954,0.503873474108755,5.04509293,0.08981876,-0.803,0.02916212,58.0608061812218,-66.5663692336062,1322.35383234882,0.897564810377167,0.862329391918685,9.24174222578232,0.194817837517851,-1.30225491404198,-927.751869196828,-927.807817671358,-948.253345577574,-948.346457990971,0.0905122440509776,-973.000892705581,0.108631019514639,1905.05898152249,1933.67312350178,NA,2578.14129546403,0.50826819919445,1.20877433317444
"763",-5.86,0.73,-5.86,0.83,1.359326,9.604077,-1.1484446,0.2002995,35,35,-6.33762264765917,0.75303895753006,-6.5034826175885,0.881205555017901,1.41477225122841,7.39083357748681,-0.894451957487256,0.158967228022175,1.41477225122841,6.8755943562365,-6.42055263262384,0.817122256273981,1.41477225122841,7.39771095989306,-0.899766384488577,0.163073897200078,1.41477225122841,7.12236259984857,2.4121003724812,0.0574278463938618,-0.360531709701937,-7.80895263263229,-7.21122918037553,1.99709579922468,8.03474829632971,-4.62388980496066,0.558049531569153,-4.86316364340226,0.667052239170056,4.15177077,0.10625575,-0.852,0.02582858,97.287135212633,-145.019027296429,1345.11101335616,0.215778837717742,0.217289157456901,7.82124742859332,0.143900306198,-1.01465491272138,-907.657038305627,-909.324950647055,-924.750985578912,-926.910654751675,2.13066338952977,-941.78264963146,2.35631092938377,1864.86931974009,1886.66840350445,NA,2545.2029994159,0.341590443709294,1.02199994666413
"764",-5.86,0.73,-5.86,0.83,1.359326,9.604077,-1.1484446,0.2002995,35,35,-6.17050093921874,0.724604690482298,-6.14487410397993,0.804017026578267,1.36742241642377,10.1917963136875,-1.18044096700789,0.188764353243761,1.36742241642377,8.46150606927094,-6.15768752159933,0.764310858530283,1.36742241642377,10.1919604973586,-1.17993219529463,0.190340933024816,1.36742241642377,8.63092586396085,2.96262588624451,0.0699465455092586,-0.445023993431038,-7.81123492933246,-7.31248994514923,2.09604571448139,9.0914994101244,-4.30092508957851,0.509013029975975,-4.26182929805591,0.555959129194019,6.10601088,0.11843012,-0.887,0.02524644,94.7168267089365,-139.878410289036,1356.3761095381,0.458236913130947,0.437848884734969,8.53452306553183,0.166532618122955,-1.14010493948214,-911.056445126439,-912.022971442074,-929.253333831389,-930.495679171288,1.21762285566046,-957.502032470432,1.39941844575737,1871.66813338171,1895.67310000941,NA,2572.87380878716,0.401830390899946,1.14119697542327
"765",-5.86,0.73,-5.86,0.83,1.359326,9.604077,-1.1484446,0.2002995,35,35,-5.6418740191709,0.703412221135082,-4.99279487021561,0.697022613081461,1.51236898591161,9.73624298638398,-1.23507100196116,0.208076123350407,1.51236898591161,6.78969042293487,-5.31733444469326,0.700217417108271,1.51236898591161,9.84156892178612,-1.23610784230056,0.208086330123177,1.51236898591161,7.00574809644847,3.0697890065699,0.0785856817359942,-0.47573147486853,-7.408867257684,-6.79785574007451,2.39527338021868,6.66090866111579,-3.9546676134898,0.504262832503521,-3.2568324080592,0.460542417706821,4.07638077,0.10133448,-0.864,0.03165646,48.6281934675849,-47.7011438063324,1250.89236705633,0.245338688485054,0.210751186385809,8.90847043000024,0.169760316519048,-1.17995105083126,-927.291821911969,-928.517902521847,-940.326894724758,-942.242002111478,1.88607261665603,-980.551308092779,2.42108692651734,1904.13888695278,1917.82022179614,NA,2454.08359030632,0.457891611952409,1.16497214085941
"766",-5.86,0.73,-5.86,0.83,1.359326,9.604077,-1.1484446,0.2002995,35,35,-6.20232062496768,0.747132345681682,-5.89474863790038,0.783062743427233,1.54338085078109,8.89118217419079,-1.17357073947175,0.20012262807093,1.54338085078109,5.7126831046114,-6.04853463143403,0.765097544554458,1.54338085078109,8.91483230599793,-1.17080794351407,0.200445376441469,1.54338085078109,5.86880802313406,2.2875501654201,0.0689260312173217,-0.378862190279744,-7.70884067488059,-7.18720467574761,2.30084868116735,5.78838489655315,-4.22590965104425,0.512255147053343,-3.92729683201743,0.513719637543134,5.36717054,0.12380708,-0.901,0.02894501,69.4599684432413,-89.3646937576453,1305.83821264933,0.513412321893888,0.458321612474876,8.56303856480398,0.169038526436573,-1.1620843787352,-924.436691548478,-925.517276959062,-934.883758014284,-936.493187439022,1.5815575223933,-966.465459397592,2.07313486691054,1898.42862622579,1906.9339483752,NA,2522.31173154101,0.413318957530488,1.10695938293158
"767",-5.86,0.73,-5.86,0.83,1.359326,9.604077,-1.1484446,0.2002995,35,35,-6.3486143097172,0.815985406758454,-4.76794164419722,0.637051899085686,1.37919250869772,7.11203666772558,-0.63740529535141,0.099301392130574,1.37919250869772,8.35906360309252,-5.55827797695721,0.72651865292207,1.37919250869772,7.73666818660609,-0.708114121482398,0.107305692172594,1.37919250869772,8.57868231947049,2.48562974602449,0.072435128390713,-0.409917607604618,-7.44492563882844,-6.93029250943249,1.91878538014869,10.8153944953457,-4.70706557052174,0.603542988068569,-3.28820770016635,0.439021482588309,4.69485818,0.08502906,-0.811,0.02436978,99.553091246322,-149.550939363807,1291.36575639898,0.138911733854294,0.102350562190569,7.05082214368883,0.127841982236823,-0.916305401056623,-900.752141294385,-902.865602406781,-930.591104660454,-932.214740275584,1.59568022475743,-941.37362773137,1.39016968851135,1851.05952571761,1898.34864166754,NA,2433.18057343416,0.41670212552231,0.885346868119205
"768",-5.86,0.73,-5.86,0.83,1.359326,9.604077,-1.1484446,0.2002995,35,35,-6.27554299322928,0.780952090491788,-6.47584887328647,0.8490182934741,1.36481526018057,8.43501721831689,-1.11554976885829,0.190886652008017,1.36481526018057,6.16236041575324,-6.37569593325787,0.814985191982944,1.36481526018057,8.44504782971328,-1.11895828403093,0.192044904005124,1.36481526018057,6.19690387454728,2.8184679219559,0.0718105983231546,-0.438309608676038,-7.58057375509261,-7.37535881125981,2.03531553204291,6.26765201030299,-4.87961576441223,0.603225090246324,-4.5661556674243,0.595762673434156,4.33741307,0.08256426,-0.854,0.02138116,138.908151188496,-228.261059248154,1299.66417604266,0.63642931191192,0.620221861233675,8.27854388940463,0.178532064221616,-1.18938777562712,-898.570615297887,-898.885916370478,-909.298327168593,-909.635119741146,0.32795825142066,-938.809506280818,0.338796610280496,1846.69647372461,1855.76308668381,NA,2371.06729283717,0.409188493654181,1.05980013119712
"769",-5.86,0.73,-5.86,0.83,1.359326,9.604077,-1.1484446,0.2002995,35,35,-5.27174556751927,0.613050088832762,-4.5552964767414,0.692908587790179,1.42422293790301,9.28974689155051,-1.11348589115951,0.198541236005194,1.42422293790301,8.78169789855495,-4.91352102213034,0.652979338311471,1.42422293790301,9.41807171646963,-1.09918225391728,0.200135580969127,1.42422293790301,9.66491584755904,3.93895933679177,0.105077145482068,-0.623029207173286,-7.57709300729752,-6.3848676447002,2.37410462801299,8.64932375964234,-4.27046034775076,0.513580008621957,-3.26931703183371,0.502500476541399,5.7621861,0.12905556,-0.873,0.02512093,87.473143016986,-125.391042905135,1274.82959713951,0.00907696727012779,0.0117732629548189,6.03648423860084,0.122459999654373,-0.771990938902505,-922.589863364433,-926.28247272444,-941.554254518683,-947.605501337809,6.1399177479352,-986.452945616363,7.3835792626046,1894.7349698577,1920.27494138399,NA,2424.26815137389,0.607029868968036,1.01203037060345
"770",-5.86,0.73,-5.86,0.83,1.359326,9.604077,-1.1484446,0.2002995,35,35,-6.71558975885636,0.877861283284404,-6.19747452818364,0.859519133993305,1.42169919482347,10.6076067521555,-1.35739450083441,0.223870628510136,1.42169919482347,7.25854556767844,-6.45653214352,0.868690208638854,1.42169919482347,10.6747176002193,-1.35977033756215,0.22395473712029,1.42169919482347,7.36194454807423,2.3369040703691,0.0608686809620274,-0.366347299613749,-7.44326062723499,-7.0344231756441,2.13641526661895,7.46295629236773,-4.76865346962323,0.637147044767459,-4.05069174562726,0.567051213376873,4.64172642,0.10799586,-0.876,0.02795296,74.9259031913653,-100.296563253893,1298.99611928725,0.468437540926564,0.419716902450289,10.6340872442145,0.208560732908604,-1.44829095179432,-917.184752663873,-917.752506082003,-929.271204831015,-930.14218059118,0.851376384533256,-956.016013010714,1.10012120485107,1883.92474845658,1895.70884200866,NA,2497.69567532061,0.349240487652247,1.33352528827391
"771",-5.86,0.73,-5.86,0.83,1.359326,9.604077,-1.1484446,0.2002995,35,35,-5.74747911415507,0.712361769882765,-6.40174385261764,0.950046662252115,1.27885412409183,9.28798707166815,-1.281926313029,0.242400721977881,1.27885412409183,8.84767334352904,-6.07461148338635,0.83120421606744,1.27885412409183,9.39500265866702,-1.32080352401463,0.256524248993038,1.27885412409183,9.34292138318918,3.5082565163591,0.0920244740605441,-0.555478059413254,-7.46115325710253,-6.69935291250367,2.12341565314456,8.22990441217213,-4.08644073563611,0.51997930371408,-5.3840817767814,0.804105965370556,6.43905545,0.17257144,-0.881,0.02560982,83.8264206000002,-118.097598071163,1311.97887283725,0.048417693910184,0.0331845807737735,6.96601193878386,0.165233890542089,-1.01967277429005,-901.627782194206,-904.403313339117,-915.647639616748,-919.082339619424,3.4197790200889,-957.556943079092,3.52368496249932,1852.81080751725,1868.46171158012,NA,2505.86014760334,0.513653517626076,1.05847792941124
"772",-5.86,0.73,-5.86,0.83,1.359326,9.604077,-1.1484446,0.2002995,35,35,-6.27560635178583,0.78270357064647,-5.55637406912115,0.743875990480469,1.42797393565088,9.35925266750992,-1.18640249931624,0.199012604970098,1.42797393565088,6.84339306156912,-5.91599021045349,0.76328978056347,1.42797393565088,9.48857643661667,-1.19338401159452,0.199389500215485,1.42797393565088,6.99160834210915,2.9206729557299,0.0731891432176422,-0.44784492676017,-7.57020224811777,-7.08229464067646,2.18483931151881,6.97956042325263,-4.68985027415939,0.599540931084926,-3.83540594703565,0.518253896635362,5.87738982,0.13493092,-0.897,0.02829291,69.9368334308822,-90.318423732927,1294.74945270126,0.369861306790705,0.341968658667572,7.33607980398681,0.133262085312195,-0.950241481768536,-913.763034861328,-914.635289415287,-926.739758108764,-928.050193437831,1.2849845720604,-959.448657280197,1.62488889905629,1877.08131285149,1890.64594856416,NA,2499.18048166959,0.42871618420444,0.937010808020122
"773",-5.86,0.73,-5.86,0.83,1.359326,9.604077,-1.1484446,0.2002995,35,35,-5.79022031609851,0.768153382551145,-6.81027354112769,0.987150844965527,1.44060318705274,9.20345445774561,-1.09408182513705,0.20219723449641,1.44060318705274,9.37176397607645,-6.3002469286131,0.877652113758336,1.44060318705274,9.46358160321872,-1.1499290920893,0.214187206632395,1.44060318705274,9.49497423198839,2.23452786563325,0.0596160764725344,-0.351580358724697,-7.17150246795294,-6.88682548184964,2.1196399439965,10.7225940313466,-4.4696991154986,0.599681661896047,-4.45528972709294,0.641473437397918,7.08500867,0.1408917,-0.869,0.02442485,89.8041805252682,-130.053117921699,1341.34289428157,0.662520146224538,0.636179317407669,7.64833937663192,0.184615706316491,-1.13798283833119,-927.762382509144,-929.308419576915,-948.456145994434,-949.282803046663,0.807798694738656,-965.488342486946,0.388119854409499,1905.08000814712,1934.0787243355,NA,2552.63267064144,0.35152568982799,1.14292235583609
"774",-5.86,0.73,-5.86,0.83,1.359326,9.604077,-1.1484446,0.2002995,35,35,-5.8497947153072,0.763353185006375,-5.77056659382527,0.829216453624134,1.36899087477288,10.6526815024704,-1.27692211986135,0.22344601217786,1.36899087477288,10.0634272106324,-5.81018065456624,0.796284819315255,1.36899087477288,10.6542507762788,-1.27561756409954,0.224530504716114,1.36899087477288,10.2126368426834,2.70104497031676,0.0715269633400841,-0.423116470603061,-7.25967520198715,-6.78805076950632,2.15729333746997,10.5653132947698,-4.35928310054829,0.573221595285651,-3.83676375637624,0.558631465198363,6.24197734,0.16549198,-0.853,0.02356939,93.6376463122494,-137.720049495661,1323.35341902113,0.430156575588082,0.399586954071984,7.75185318114467,0.150365869780507,-1.04157872968605,-921.380497416445,-922.021194625014,-940.483119607232,-941.420882259213,0.91709872413831,-969.329560852113,1.06089633346141,1892.31623796173,1918.13267156109,NA,2508.9867885466,0.423496725724752,0.999437718563531
"775",-5.86,0.73,-5.86,0.83,1.359326,9.604077,-1.1484446,0.2002995,35,35,-6.42528733477923,0.80548616207949,-6.23143489876242,0.865478767389091,1.36671908276599,8.8349420792888,-1.25385968186892,0.211712842827091,1.36671908276599,4.98604372977039,-6.32836111677082,0.835482464734291,1.36671908276599,8.84433677102621,-1.25095225369836,0.21261262100005,1.36671908276599,5.18645998493579,3.54084340281472,0.0969203171950148,-0.567449038884684,-7.58415044680016,-7.03287759262401,2.07693594899497,4.40780778942492,-4.16996097001605,0.522645702384888,-3.99587688405699,0.549022816727351,3.37495151,0.08997159,-0.902,0.02871998,83.3594482017897,-117.163653274742,1241.39455839418,0.300032042394033,0.285520381068559,10.8978729543065,0.219302410285909,-1.51174543066226,-891.837980469972,-893.552566078834,-897.08122550219,-899.38648760678,2.27667988515848,-933.423372153755,3.21985137672948,1833.23120406878,1831.32888335101,NA,2365.62546351361,0.556729918491516,1.35047750011249
"776",-5.86,0.73,-5.86,0.83,1.359326,9.604077,-1.1484446,0.2002995,35,35,-6.0003568106465,0.705783596256774,-5.67033184066594,0.91373951286919,1.3273120355724,10.4504533780737,-1.39861111409405,0.24924540021481,1.3273120355724,8.61021428461357,-5.83534432565622,0.809761554562982,1.3273120355724,10.4776824982764,-1.38145345280973,0.260056816028337,1.3273120355724,10.3054258429032,3.64923076383175,0.0916726154743487,-0.56399096645942,-7.75322200982485,-6.18424950138118,2.20515395774525,7.95756201627861,-4.42566755035243,0.524850058364719,-3.97131808279924,0.64268679709791,5.54794693,0.13526046,-0.853,0.02108406,124.544248251579,-199.533253374322,1316.98143543542,0.00106247554063983,0.00105141249484483,7.81131280754408,0.184936544726747,-1.1024020331663,-910.235870569045,-917.708350832948,-923.050926201016,-934.422863893189,11.9949860169359,-965.762660044216,14.8302642523776,1870.02698426693,1883.26828474866,NA,2434.42961749651,0.522424815720855,1.3371294723642
"777",-5.86,0.73,-5.86,0.83,1.359326,9.604077,-1.1484446,0.2002995,35,35,-5.19856194608408,0.68572546250804,-5.00861290970527,0.749372833941528,1.28276265066714,9.75407197074869,-1.33871949194832,0.272752918365122,1.28276265066714,11.3958586579716,-5.10358742789467,0.717549148224784,1.28276265066714,9.763092129854,-1.33569705273036,0.27376566533772,1.28276265066714,11.6238328803291,2.81917955832058,0.0747778711116908,-0.444536439267661,-7.07092831569788,-6.50178471033675,2.33038632356242,10.0152508972941,-3.58778847563589,0.468086347408843,-3.4842646245781,0.531197153906693,5.03346234,0.16372901,-0.846,0.02582063,75.0991222017165,-100.643001274596,1287.05507046109,0.349589163979922,0.344626816777019,7.18377610959888,0.156697383189799,-1.00734706394739,-913.57290490985,-914.347202332405,-932.504189774025,-933.779875943403,1.25059889339221,-986.53305198729,1.50164877533976,1876.70105294854,1902.17481189468,NA,2473.46713964758,0.432896997984021,1.04184932470025
"778",-5.86,0.73,-5.86,0.83,1.359326,9.604077,-1.1484446,0.2002995,35,35,-5.70171867038383,0.673966086014834,-6.93486028263849,0.923196222973773,1.41111032127905,8.64944597190861,-0.987266258046482,0.177083826753905,1.41111032127905,8.9812241225759,-6.31828947651116,0.798581154494304,1.41111032127905,9.02960553087711,-1.06410027127448,0.192612742046048,1.41111032127905,9.11833809894329,2.78023572194916,0.0741771472563595,-0.438927655642675,-7.6441443621725,-7.39243731166173,2.10207718163298,10.2316012507576,-4.30708888266765,0.515748465629,-5.06998349029814,0.675858407319913,5.54473707,0.10824835,-0.836,0.02308087,113.638998986278,-177.722754843718,1388.54686767045,0.267708286417293,0.247122190159887,7.9085475269581,0.16935954839751,-1.10838584481366,-919.120230926807,-921.262741314585,-940.701612915631,-941.656671252559,0.934128948361488,-961.952345904422,0.319335637654031,1887.79570498245,1918.56965817789,NA,2599.37098049719,0.431760899644147,1.09923487620449
"779",-5.86,0.73,-5.86,0.83,1.359326,9.604077,-1.1484446,0.2002995,35,35,-5.69295422978837,0.627651182987935,-7.10706466162263,1.0543803118948,1.41195711655743,10.8145800286914,-1.32977719605157,0.226699502578371,1.41195711655743,8.90410518186963,-6.4000094457055,0.841015747441369,1.41195711655743,11.314507107047,-1.48063772424025,0.272223939942774,1.41195711655743,9.97955377625263,2.54661909394947,0.0650803545893097,-0.393454846088235,-7.9113121289125,-6.78308083533655,2.29351030546577,8.82155792918707,-3.77822395318591,0.423278944349412,-4.79202859398419,0.717323825617243,4.8698088,0.1109124,-0.859,0.027501,78.9557502383082,-108.356257347779,1381.00540320547,0.00106338455805682,0.00092838343775886,11.6961341434079,0.273434828565506,-1.68495758886041,-923.946939840134,-931.549739481692,-940.305642927576,-947.521625095646,7.38385781200263,-978.61063726677,6.72453356998911,1897.4491228091,1917.77771820178,NA,2653.65454906317,0.382628598106682,1.81666394547711
"780",-5.86,0.73,-5.86,0.83,1.359326,9.604077,-1.1484446,0.2002995,35,35,-5.83785035038338,0.776209849902394,-5.70373060735197,0.823369853578412,1.40115797274437,6.33081034066,-0.679723099021007,0.148409687720906,1.40115797274437,9.68269215507201,-5.77079047886768,0.799789851740403,1.40115797274437,6.33530736702771,-0.67814182712741,0.148965704207587,1.40115797274437,9.79381647160434,1.85302504806867,0.0521352653945927,-0.298106955017003,-7.17113415452962,-6.75604731318182,1.96135124544304,12.2034029994368,-4.72451472994914,0.651879086436866,-4.44428315250493,0.649302480656446,4.32026222,0.10791325,-0.744,0.02265724,109.697062950172,-169.838882771506,1323.25258362886,0.766102623743756,0.730055484440834,5.39600864028572,0.114814303230151,-0.747844935645888,-915.282119998158,-915.710768843458,-943.721882047441,-944.446280199146,0.707354795449297,-950.636735676505,0.791741917783467,1880.11948312515,1924.61019644151,NA,2476.66628448621,0.309462162462273,0.770191533041524
"781",-5.86,0.73,-5.86,0.83,1.359326,9.604077,-1.1484446,0.2002995,35,35,-5.64036792573402,0.664500929072693,-5.9763691629493,0.916595384174088,1.3131456129891,8.46129377161524,-1.09054246609178,0.189162518167469,1.3131456129891,7.09429497819277,-5.80836854434166,0.79054815662339,1.3131456129891,8.48951797946779,-1.11171847829407,0.205050421740687,1.3131456129891,8.10764022734396,3.11892086609156,0.0847096071939153,-0.496997412062518,-7.63918457328707,-6.47327228144324,2.05074799013678,7.085667671849,-3.65458485274038,0.423971413753353,-4.33904964702097,0.663268423023823,3.77128912,0.08768028,-0.845,0.02591442,93.4767815267254,-137.398319924613,1254.80313437378,0.00130538319501745,0.00121821621063726,8.29568717295466,0.199245747512533,-1.21184503888978,-895.157911984649,-901.413264859662,-908.405290647095,-916.662081626209,8.51309189100814,-944.393265721535,9.75552264221053,1839.87106709814,1853.97701364082,NA,2372.20794882295,0.490648430537356,1.30913218699108
"782",-5.86,0.73,-5.86,0.83,1.359326,9.604077,-1.1484446,0.2002995,35,35,-6.49716672950946,0.703863825593977,-5.38577202374003,0.766032874120211,1.55454710119016,10.2730717515564,-1.32058922741501,0.252645547440754,1.55454710119016,9.33653011092015,-5.94146937662475,0.734948349857094,1.55454710119016,10.5818712995595,-1.30331563956631,0.253611795089418,1.55454710119016,10.577925261655,3.61425435030045,0.0939623348893864,-0.570513374613176,-8.26146942551807,-6.7796876161024,2.51422292864266,9.37730411575172,-3.97452070092569,0.435878878687432,-3.93754871120372,0.564391418731877,4.6192823,0.130153,-0.832,0.0243952,99.1107537937083,-148.666264458579,1432.60921053907,0.0341183777222671,0.0313791283652305,10.2540313473687,0.198987919185112,-1.3101371746187,-948.669855329235,-953.48128063944,-966.86791885746,-974.8070428395,8.16665451018142,-1003.04774701503,10.0144511511116,1946.89495378731,1970.90227006155,NA,2716.55215661955,0.52243082561065,1.5803325983611
"783",-5.86,0.73,-5.86,0.83,1.359326,9.604077,-1.1484446,0.2002995,35,35,-5.88497514927308,0.7444098704551,-6.37513923627028,0.922398932022552,1.40896852648318,9.96542433562223,-1.27747912659855,0.240496095922738,1.40896852648318,9.6651091178466,-6.13005719277168,0.833404401238826,1.40896852648318,10.0254895436677,-1.29929008806323,0.248416122432154,1.40896852648318,9.91702503217873,2.68937101845523,0.0663504336270072,-0.408816046572001,-7.40771500209156,-6.83746631846606,2.2273173997433,9.94087565073106,-3.89389495803729,0.494082899915853,-4.43535571671084,0.645784499593974,4.94718821,0.15257407,-0.852,0.02529707,86.4792353208264,-123.403227512815,1344.87460033043,0.301032184984374,0.305874513493106,9.78457943461909,0.197365096879691,-1.33667982775039,-927.101488998116,-928.539766345553,-944.968496418557,-946.602710607279,1.60619849129526,-975.213071381774,1.58796655904641,1903.75822112507,1927.10342518374,NA,2566.34597314805,0.39173640674961,1.2982697917601
"784",-5.86,0.73,-5.86,0.83,1.359326,9.604077,-1.1484446,0.2002995,35,35,-5.54404404139562,0.799639254024691,-6.64955589153972,0.940368787129586,1.30739963037572,10.497970380172,-1.1758361559207,0.175454628136925,1.30739963037572,8.46129836591456,-6.09679996646767,0.870004020577139,1.30739963037572,10.8035094928743,-1.21473069754887,0.180405828508905,1.30739963037572,8.54270447680781,2.30056691448264,0.06547197335587,-0.3745148720444,-6.73774151860374,-7.00482322706384,1.89205408501909,9.73571240063872,-4.27216674112734,0.613800633198376,-4.82276324027701,0.682055945053379,5.91212898,0.09990727,-0.864,0.02567634,86.9410479539064,-124.326852778975,1265.34387915498,0.775793187520412,0.762201069211442,7.70688963406866,0.157027257008255,-1.07523127705175,-898.814186584099,-899.616306672722,-918.254391406747,-918.854103232143,0.585079904115862,-934.582482788634,0.417898524103818,1847.18361629704,1873.67521516012,NA,2406.36090553099,0.37928851754989,0.962521221282736
"785",-5.86,0.73,-5.86,0.83,1.359326,9.604077,-1.1484446,0.2002995,35,35,-6.37809992092793,0.751103896370564,-5.89113506774505,0.918455566625237,1.40869658706854,9.13053884578831,-1.0087086677516,0.176739336554893,1.40869658706854,9.52456764771743,-6.13461749433649,0.8347797314979,1.40869658706854,9.18982253784717,-0.988335072367727,0.18374098193915,1.40869658706854,10.9366695951074,2.54408573708369,0.0625887473395168,-0.380195668565786,-7.86095849955391,-6.37695570055412,2.03404750465376,11.3403506770054,-4.32617484493249,0.503304364773361,-3.71675975989298,0.570997064498878,5.12233899,0.1071588,-0.838,0.02392292,102.281149027659,-155.007054926481,1362.87278913315,0.00484836945382109,0.00439442418699592,9.19349407741523,0.199448494043115,-1.24279598828209,-921.010067444256,-926.662754561726,-943.992635558429,-952.805834396978,9.12369378359616,-957.187261426656,10.4406565270653,1891.57537801735,1925.15170346349,NA,2570.73852333981,0.392579282306012,1.49215572924527
"786",-5.86,0.73,-5.86,0.83,1.359326,9.604077,-1.1484446,0.2002995,35,35,-6.11368272705023,0.77999410262816,-6.45816374903723,0.87206940767826,1.49933610185448,12.3328334756478,-1.34326301843768,0.216892670040586,1.49933610185448,10.6835226120288,-6.28592323804373,0.82603175515321,1.49933610185448,12.3625002692751,-1.35119256723354,0.219012135490604,1.49933610185448,10.7203947521095,3.23945124778523,0.0830043243327141,-0.501830516583114,-7.42442093270673,-7.2203411135147,2.23799512599515,12.2616616617224,-4.59641694625753,0.598896372215378,-4.36729580763199,0.5951588142476,8.39472388,0.15172171,-0.9,0.02435144,91.8265219387187,-134.0978007486,1389.42574227794,0.817037573369921,0.787092705966438,8.39709335019339,0.166097157385263,-1.09977518370211,-943.487743870588,-943.832118080064,-966.582938835417,-966.803504640788,0.214601846441923,-983.117792298679,0.166989822434492,1936.53073087001,1970.33231001746,NA,2644.75368380729,0.48513126561808,1.24193609762996
"787",-5.86,0.73,-5.86,0.83,1.359326,9.604077,-1.1484446,0.2002995,35,35,-5.05650478339269,0.593534728428575,-4.7348550510994,0.719167600860261,1.29318154725227,8.86263284129024,-1.12423349499144,0.198742352543636,1.29318154725227,8.18968470747911,-4.89567991724604,0.656351164644418,1.29318154725227,8.88849747886133,-1.11413105004522,0.202688257202495,1.29318154725227,8.99167825697701,2.82999743878851,0.0847972288698535,-0.476141978276768,-7.47811969047291,-6.40798181422654,2.24372657631717,7.4418460024424,-3.90226880064575,0.469263329482757,-3.59445043398276,0.550172639386381,5.90555839,0.12397182,-0.875,0.02439918,94.261905511001,-138.968567893165,1235.11831717997,0.0209555898636073,0.0213341526566263,4.92074587513602,0.114477052686097,-0.684391439990457,-898.144754873164,-901.968119090557,-913.536442138005,-919.393408265687,5.93443225766742,-967.935759208425,7.19480578576482,1845.84475287516,1864.23931662264,NA,2331.26806646678,0.475556544289937,0.84842296497012
"788",-5.86,0.73,-5.86,0.83,1.359326,9.604077,-1.1484446,0.2002995,35,35,-6.15774729500357,0.728630802408614,-5.73678911912085,0.906468319096441,1.39398548450057,9.29965206321442,-0.964617416429378,0.157711363250075,1.39398548450057,9.55166997862658,-5.94726820706221,0.817549560752527,1.39398548450057,9.34395350967505,-0.945901877272272,0.165617908835498,1.39398548450057,10.9778675128412,2.84340827179939,0.0763339350263544,-0.447207516486767,-7.77449475209653,-6.29402667076867,1.98338488453131,11.7155238500759,-4.28184162632408,0.506140199164961,-4.05355356467319,0.644993295121028,5.3815948,0.10678654,-0.831,0.02505421,91.4887174693403,-133.422191809843,1348.88940634315,0.00223791525980413,0.00201730749701035,8.0123744793624,0.171373479545847,-1.06189113275992,-916.561386644203,-922.637515415417,-941.600661378589,-950.475011737454,9.1910979516076,-952.055913253679,10.3419825930182,1882.67801641724,1920.36775510381,NA,2564.35662087645,0.455488165256354,1.34219072820097
"789",-5.86,0.73,-5.86,0.83,1.359326,9.604077,-1.1484446,0.2002995,35,35,-5.41797726460495,0.611920614887983,-6.73957843555455,1.04626395197076,1.30764834535117,5.66529065467025,-0.597183214212293,0.116256575598143,1.30764834535117,7.95295391218201,-6.07877785007975,0.82909228342937,1.30764834535117,6.1019480684341,-0.740690379932982,0.163420109215193,1.30764834535117,9.3462242189118,1.67178820635333,0.0482969404886226,-0.269112401456317,-7.73005381787242,-6.46394978142698,1.87844914736909,9.66839113310155,-3.66345537853194,0.416554897999234,-5.08661335564935,0.783052736629759,4.32227724,0.08708856,-0.824,0.026015,91.8359977266405,-134.116752324444,1314.63678698553,5.14212630541389e-05,4.03373420289471e-05,6.83188541280011,0.197075844472952,-1.07403716362354,-889.118781903446,-899.51783960113,-914.435168045741,-924.559836410582,10.5822482486716,-932.594261837719,9.51891340148406,1827.79280693573,1866.03676843811,NA,2495.15682164661,0.298601877876407,1.31325070631369
"790",-5.86,0.73,-5.86,0.83,1.359326,9.604077,-1.1484446,0.2002995,35,35,-5.70605331604874,0.751180401536091,-4.99592300827507,0.756766312985111,1.45564954268447,7.10166414244527,-0.819753076147693,0.149563669324981,1.45564954268447,7.26737577274525,-5.3509881621619,0.753973357260601,1.45564954268447,7.22773540594995,-0.818761394893572,0.14957146992666,1.45564954268447,7.59962958385386,2.21185988029437,0.0574334925384943,-0.340088934577549,-7.18845609669574,-6.44504637397407,2.07822055885287,8.60149649117829,-4.02530507699285,0.529222097126928,-3.73867882400384,0.566793779014674,4.49806527,0.10127122,-0.827,0.02389917,99.9473230316889,-150.33940293454,1233.94458073968,0.236691463942767,0.223324737096119,5.96520067447772,0.126872844612719,-0.827360613295787,-914.993750040655,-916.656485933583,-935.127875468817,-937.886014831943,2.73282112443318,-953.667491867097,3.29589122807132,1879.54274321015,1907.42218328426,NA,2317.54975854482,0.353001362257721,0.848207285350729
"791",-5.86,0.73,-5.86,0.83,1.359326,9.604077,-1.1484446,0.2002995,35,35,-6.59795780933579,0.861979789616473,-5.41661132442088,0.734528579110948,1.32216761233897,9.41568812065784,-1.09332465378788,0.17485302952312,1.32216761233897,8.04383664328106,-6.00728456687833,0.79825418436371,1.32216761233897,9.76458300001304,-1.13096566367009,0.178913982287951,1.32216761233897,8.18900914411371,3.43566195659442,0.0845363522337517,-0.523694728202939,-7.42024650733681,-6.9982213540879,1.97293286176556,8.87566109668051,-4.51202730488825,0.582722743857396,-3.9329822825613,0.533671217311041,5.97654583,0.11802558,-0.874,0.02294764,109.144090389031,-168.732937649225,1284.89237274611,0.621017030724471,0.614563217352069,7.645996896923,0.146733219025825,-1.03071735696501,-900.055052047752,-901.103471307637,-917.847493179391,-918.962216566941,1.09154227856979,-941.915138696966,1.08779021894372,1849.66534722434,1872.86141870541,NA,2401.05180784299,0.491406327549394,0.94794043474907
"792",-5.86,0.73,-5.86,0.83,1.359326,9.604077,-1.1484446,0.2002995,35,35,-6.93115352245419,0.86009947661524,-4.94613726712097,0.73742530203406,1.42088206222147,10.3588428076298,-1.03379992883221,0.152832835273485,1.42088206222147,9.49228807792061,-5.93864539478758,0.79876238932465,1.42088206222147,11.3439151911141,-1.09467748649552,0.156595073550779,1.42088206222147,10.4844443865279,3.18037409369205,0.0786641261553841,-0.481962288355949,-7.76464463874831,-6.51048937119654,2.00490495816728,11.807827049523,-4.66264206685634,0.579406013063803,-3.69359227264072,0.561159344265545,5.39093632,0.07571497,-0.84,0.02611141,87.0855472612359,-124.615851393634,1339.04145758664,0.0323547044215127,0.0356746980253452,10.0003317075898,0.181863646289915,-1.27270224477618,-919.431495947476,-923.21900029479,-945.887790657613,-952.212496395687,6.43011595604854,-954.953038820371,7.28920778276257,1888.41823502379,1928.94201366185,NA,2553.46706377965,0.472098799559253,1.36653968556349
"793",-5.86,0.73,-5.86,0.83,1.359326,9.604077,-1.1484446,0.2002995,35,35,-6.39481158305213,0.86545654821305,-5.92619926493845,0.862464164292075,1.51978441920548,7.65898580747603,-0.959311746281681,0.18644400701689,1.51978441920548,7.6449949645122,-6.16050542399529,0.863960356252562,1.51978441920548,7.71388518364801,-0.959662313273156,0.186446245607273,1.51978441920548,7.76200215698156,2.88893836932857,0.0753041413178552,-0.452126762308054,-7.19638665301492,-6.74560218396378,2.12710219537171,9.08058870779225,-4.60065175743586,0.620020699456846,-4.08829452627352,0.586715905080409,3.87111179,0.08559271,-0.794,0.02801734,73.2619480090711,-96.9686528893049,1305.46698806684,0.57442009849513,0.535832550100306,8.57076457415322,0.192715709300276,-1.2406411037663,-929.992835901847,-930.589332874995,-948.817800192257,-949.758873115619,0.920357862622041,-961.067632064246,1.12774419297078,1909.54091493253,1934.80203273114,NA,2513.96532324437,0.435530845402424,1.18717031401519
"794",-5.86,0.73,-5.86,0.83,1.359326,9.604077,-1.1484446,0.2002995,35,35,-5.54766622959048,0.682158821555166,-6.58532115645608,0.919382092360123,1.2527822866802,7.68458858779614,-0.922313560263088,0.167593189242395,1.2527822866802,8.57442970578153,-6.06649369302328,0.800770456957645,1.2527822866802,7.95377052460825,-0.983852534192571,0.181661909295245,1.2527822866802,8.7728247752779,2.18045812114074,0.0530805585652599,-0.327463447512918,-7.44128172306249,-7.06562178869358,1.90870044146535,9.35096531666611,-4.31829392446688,0.535228738369467,-4.90480343770847,0.680282099175384,4.85217022,0.09712966,-0.837,0.02239633,119.599726870619,-189.644210612401,1299.54856419709,0.219266650225935,0.192546128365426,6.52278854066611,0.154214302490502,-0.96218546144099,-889.335603506824,-891.609549600356,-908.631491604653,-910.067162147655,1.40905151954967,-935.45121393332,0.849998365604768,1828.22645014249,1854.42941555593,NA,2409.45291778177,0.321425018879018,0.955019196371714
"795",-5.86,0.73,-5.86,0.83,1.359326,9.604077,-1.1484446,0.2002995,35,35,-6.36743755311797,0.732841709554054,-5.89167732144661,0.865628707632682,1.60295655003394,11.9958536964944,-1.43404409709276,0.215641275204261,1.60295655003394,6.79134051785278,-6.12955743728229,0.799235208593368,1.60295655003394,12.0524406460044,-1.41825040385056,0.220049371918945,1.60295655003394,7.69188127808707,2.46853879776701,0.0731181187523153,-0.409273262963332,-7.95909751509405,-6.69222671013689,2.37444428955591,7.22991247619987,-4.8168161372494,0.575018167848282,-3.93324864412533,0.591008549389536,7.95173683,0.15292857,-0.923,0.02854828,65.7685637267225,-81.9818843246076,1347.88168730137,0.00240952607246277,0.0022997102053935,8.08166773100542,0.152820498079704,-1.02431516397435,-940.228572013259,-945.947064154819,-954.593979281644,-962.250332642594,7.85959380874396,-980.919059124014,9.77359674646042,1930.01238715535,1946.35439090992,NA,2613.78149027814,0.424335103579133,1.21322032303117
"796",-5.86,0.73,-5.86,0.83,1.359326,9.604077,-1.1484446,0.2002995,35,35,-5.29358461946629,0.617211993259234,-5.72591707585623,0.799785283132967,1.41286862661961,11.3972007420107,-1.38617266905635,0.218015300770748,1.41286862661961,7.85877039700949,-5.50975084766126,0.7084986381961,1.41286862661961,11.4439285802228,-1.40590575877692,0.226348552314578,1.41286862661961,8.17721874740385,2.04015627859179,0.0528713333457399,-0.313952399919232,-7.57413650964685,-6.91874454942517,2.33537823406126,7.45411029002109,-3.40752273762317,0.39399983751144,-4.01323158882949,0.56118282929433,6.69823476,0.15334825,-0.907,0.02675965,74.6319634772335,-99.7086838256296,1286.59416971325,0.116104765607403,0.102223453809768,8.13777576671728,0.156828574520128,-1.07877110416337,-918.14046743837,-920.605620194877,-932.655859947168,-935.127995096964,2.44441235706103,-977.795323788604,2.58895226505112,1885.83617800558,1902.47815224096,NA,2473.47965560087,0.322948871106308,1.08863185037336
"797",-5.86,0.73,-5.86,0.83,1.359326,9.604077,-1.1484446,0.2002995,35,35,-6.14764357888109,0.794369154626104,-5.33615616974225,0.731988828480733,1.29786640720104,10.8291203422702,-1.45809290058811,0.251513971694913,1.29786640720104,8.14808844488943,-5.74189987431167,0.763178991553419,1.29786640720104,10.9937482960679,-1.47074811289934,0.252486797967414,1.29786640720104,8.28517965741938,4.00489263531531,0.10682518029127,-0.638486320642236,-7.37273894456334,-6.9328973764533,2.21222539946725,7.12593631358597,-4.11868484432124,0.531289780102723,-3.81694976578147,0.525673265983747,5.43217648,0.16291179,-0.899,0.02298804,107.056559502612,-164.557875876387,1265.65655480769,0.608499588887857,0.594866544488291,8.82768014899695,0.161619738471638,-1.16664270623839,-903.295827894792,-904.075956741858,-914.104841656985,-915.146063621478,1.01903282944802,-963.136764232014,1.28066846155077,1856.14689891842,1865.3761156606,NA,2366.755233739,0.597921218893948,1.05948156826594
"798",-5.86,0.73,-5.86,0.83,1.359326,9.604077,-1.1484446,0.2002995,35,35,-6.71249216420452,0.893693933546949,-5.09087412093282,0.684501143210512,1.32794516004374,6.36466664956574,-0.714737554173885,0.147361530397701,1.32794516004374,9.10105143411739,-5.90168314256867,0.78909753837873,1.32794516004374,7.02207791913184,-0.799545255006867,0.158301936279887,1.32794516004374,9.26709806497059,3.43922666839797,0.0911762509181854,-0.544703646289116,-7.34583619933087,-6.97053466810441,1.9288290908731,10.8617898421936,-4.82706050577635,0.651647107060481,-3.77201818823857,0.507954853661719,4.55539161,0.11098227,-0.837,0.02650455,81.4448227422331,-113.334402355629,1311.97572171011,0.342781365789768,0.30033403026518,7.00311388636833,0.137114567001196,-0.932521522737223,-901.226807155761,-903.643696003653,-926.654672715643,-927.796015640544,1.11782134480379,-942.789878527348,0.732594512523005,1852.00885744036,1890.47577777791,NA,2510.61704106459,0.518241382960457,0.955211883365283
"799",-5.86,0.73,-5.86,0.83,1.359326,9.604077,-1.1484446,0.2002995,35,35,-5.5850338774594,0.711880997860339,-6.70934526381834,0.913782231157926,1.42829891965705,5.42463032511918,-0.625683851177982,0.135923201349962,1.42829891965705,7.69222785755672,-6.14718957063887,0.812831614509132,1.42829891965705,5.74064934849327,-0.68243381505708,0.146114228351734,1.42829891965705,7.75943721253783,3.65699165250377,0.089010993122698,-0.551105839141496,-7.30157233570719,-7.2230084200235,1.96507228262528,9.67914447409205,-4.14497392902962,0.541181797934352,-5.01422996084959,0.684939256698757,3.64009715,0.07150318,-0.787,0.02387061,110.739534000418,-171.923824871999,1304.28254921594,0.330166060406416,0.280413873438947,7.18138028325068,0.160958421671828,-1.02111560046592,-909.455090342612,-911.092363978637,-933.988552165956,-934.527718840202,0.525784207870511,-943.674738917284,0.0350008193630691,1868.46542381406,1905.14353667854,NA,2436.64127355987,0.531664386554106,1.05643123580176
"800",-5.86,0.73,-5.86,0.83,1.359326,9.604077,-1.1484446,0.2002995,35,35,-5.02196793923111,0.683909181951347,-5.90156068971304,0.765443019049043,1.37826059804444,12.7638549471675,-1.437164503048,0.223764754687904,1.37826059804444,10.539008258529,-5.46176431447207,0.724676100500195,1.37826059804444,12.9572757988426,-1.45509364605552,0.225426696335872,1.37826059804444,10.6481980205378,3.15316104814807,0.0863661968013405,-0.507762692889037,-6.9051552384031,-7.29899048595274,2.27086658027291,10.647930302751,-3.34382382305314,0.464928078328079,-4.03797732784927,0.523042073268,7.61858834,0.15909651,-0.877,0.02463988,83.1679212803995,-116.780599431962,1326.44464861343,0.551821947926903,0.591112400132311,8.07651073288513,0.145215308003861,-1.04312177441053,-924.466310705452,-924.968381603634,-945.082669172698,-945.741941337392,0.643461175366623,-982.148949500444,0.697807677472277,1898.48786453974,1927.33177069202,NA,2536.10869779491,0.487410237399285,1.01931008952177
"801",-5.86,0.73,-5.86,0.83,1.359326,9.604077,-1.1484446,0.2002995,35,35,-5.81520397659569,0.730900178901597,-6.5371023401424,0.902470591530686,1.41105829868924,12.3021453613372,-1.45305546592995,0.230599077641907,1.41105829868924,9.32391556911291,-6.17615315836905,0.816685385216142,1.41105829868924,12.43242967316,-1.48401956595744,0.237958179264336,1.41105829868924,9.42618870788452,2.72721109369705,0.0737469588532869,-0.433151749004355,-7.41843107578959,-7.11815731813578,2.21575335095841,9.66199971578299,-3.82801520261779,0.481984168662504,-4.33994433718636,0.602214495236043,6.56915181,0.1365859,-0.872,0.02633192,75.9745873887396,-102.393931648642,1349.11885784807,0.443259836920703,0.42374642378614,9.93422923302534,0.198686681370783,-1.3626682463086,-925.744275997303,-926.865934067152,-943.055595908698,-943.745633663849,0.673637186386556,-973.034043429256,0.45417334009834,1901.04379512344,1923.27762416402,NA,2595.84378404751,0.42930416517576,1.27011821616502
"802",-5.86,0.73,-5.86,0.83,1.359326,9.604077,-1.1484446,0.2002995,35,35,-6.02024545527621,0.743490983044091,-5.71491612114498,0.746742583263617,1.35119665792078,8.11795131368003,-0.973202952049719,0.170501311540944,1.35119665792078,7.78827750656467,-5.8675807882106,0.745116783153854,1.35119665792078,8.14125781425028,-0.972954749817247,0.17050395476694,1.35119665792078,7.85656933740148,2.10777541939957,0.050923036188943,-0.313477519013219,-7.54845980150916,-7.22375827468598,2.04894070997499,8.45210563932951,-4.35958649534181,0.542929354413556,-4.47316704367357,0.592900444602957,6.21417475,0.15660715,-0.889,0.02331622,106.048344502782,-162.541445876726,1307.5864292087,0.75761318204538,0.718771815716353,5.88542488144379,0.102765911860697,-0.74604034256782,-903.301900027672,-903.633868759677,-921.161892712515,-921.703745194521,0.528413502354037,-949.642313544538,0.647824941869976,1856.15904318418,1879.49021777166,NA,2452.63141254068,0.316207815136767,0.747804558089766
"803",-5.86,0.73,-5.86,0.83,1.359326,9.604077,-1.1484446,0.2002995,35,35,-6.53549136153385,0.761413228211774,-6.14925360748689,0.863286028199859,1.50241645132335,12.9733546639571,-1.64372975772769,0.277374535846133,1.50241645132335,9.17235693373227,-6.34237248451037,0.812349628205817,1.50241645132335,13.0106495646199,-1.63389297736122,0.279969052690486,1.50241645132335,9.76217459826478,2.46045075230437,0.0616806274920196,-0.378788827286038,-7.95692960879377,-6.9637600740232,2.43636437985707,8.90505009952575,-4.55845046838233,0.528773720924655,-4.55554080086652,0.661605850274802,9.94031919,0.22284995,-0.924,0.02104823,119.300561254484,-189.045879380132,1395.48519085237,0.0158195538222584,0.0158331740962397,7.78662563945822,0.1536867290176,-0.99772555773474,-943.095553437336,-945.735591813224,-957.390377807347,-961.335836650001,3.94280317231214,-993.71064247672,4.86401406263657,1935.74635000351,1951.94718796132,NA,2601.9245023246,0.355800908838187,1.23024497492093
"804",-5.86,0.73,-5.86,0.83,1.359326,9.604077,-1.1484446,0.2002995,35,35,-6.43196011849257,0.811748921206159,-5.65235497949587,0.821499926441054,1.24494103301056,9.26905853086188,-1.10937106642172,0.207636043724359,1.24494103301056,11.0985189185073,-6.04215754899422,0.816624423823607,1.24494103301056,9.42100457404937,-1.10747058297384,0.207659814250132,1.24494103301056,11.5919026299429,3.47744854972474,0.0983241382596482,-0.569272713832434,-7.55351133224982,-6.71581222732942,1.95992206793159,11.8511924504042,-5.06203917274034,0.648283202739941,-4.15996749300273,0.594807279092134,6.39313161,0.13705033,-0.834,0.02167825,117.242794892262,-184.930346655687,1351.6644367101,0.253400988768134,0.199824661013321,6.33986411257047,0.12996198310183,-0.85523055188,-901.849852502214,-903.528214087676,-923.472294797067,-926.270259006076,2.77307434105002,-949.511816678101,3.31543741297058,1853.25494813327,1884.11102194076,NA,2518.39852676452,0.551100755404749,0.915504400248633
"805",-5.86,0.73,-5.86,0.83,1.359326,9.604077,-1.1484446,0.2002995,35,35,-5.92734059897977,0.62172590453284,-5.47303680506786,0.857953624947506,1.27848210109759,8.55176955765494,-0.886458272526245,0.185277482737484,1.27848210109759,13.7870475300613,-5.70018870202382,0.739839764740173,1.27848210109759,8.60336754194563,-0.859628485123358,0.199228366710561,1.27848210109759,16.2561184900263,2.5007936787973,0.0632531446244206,-0.382014118004297,-8.18099977385616,-6.31931235031671,2.06939614026571,15.0613900024688,-4.72415985138053,0.534815186041151,-4.13070634817326,0.649272028542226,5.86911338,0.13218607,-0.789,0.01849736,149.568165292084,-249.58108745533,1432.13227064355,0.00321774605245528,0.00239846131120494,6.48635850439485,0.139492035179371,-0.784597871907756,-912.722824168167,-919.26527294782,-944.032506772525,-954.841566919846,11.3543170086048,-970.632447242893,12.4089126872844,1875.00089146517,1925.23144589168,NA,2614.68345383178,0.381885521357253,1.38362787692715
"806",-5.86,0.73,-5.86,0.83,1.359326,9.604077,-1.1484446,0.2002995,35,35,-6.81553024355254,0.958031649457121,-5.1864605307334,0.707791333729543,1.43626014768626,9.82281930757983,-1.09626656552734,0.179744576020658,1.43626014768626,8.76494203560827,-6.00099538714297,0.832911491593332,1.43626014768626,10.486286339886,-1.19818129534686,0.195399629924517,1.43626014768626,8.87347381278027,2.31923932821905,0.064161382439203,-0.366998035524521,-7.0655668159448,-6.92736414959085,2.09799767922616,10.1620782347298,-5.23758406231717,0.739294832084316,-3.26432727349707,0.439997172459985,4.4231088,0.08563964,-0.796,0.02590287,86.6266043102551,-123.697965491673,1309.93949451433,0.0135973306398206,0.00801327650485434,10.3067477996506,0.212255213772593,-1.44614719548765,-922.638581252147,-924.712925138325,-943.496226068836,-944.269944459111,0.755781326789675,-961.259090846549,0.0970576428468674,1894.83240563313,1924.1588844843,NA,2496.18102353698,0.39320859281419,1.29192267918752
"807",-5.86,0.73,-5.86,0.83,1.359326,9.604077,-1.1484446,0.2002995,35,35,-6.07109174985757,0.749100244416859,-5.77447036083322,0.791172100245536,1.40257311044693,11.6609186241978,-1.45915097308792,0.242879055365046,1.40257311044693,8.76446971179033,-5.92278105534539,0.770136172331197,1.40257311044693,11.6829146863045,-1.45603112000924,0.243321565628263,1.40257311044693,8.95412439973404,2.94214042373757,0.0799301655718875,-0.468520991754987,-7.56588756833908,-7.01861294921375,2.28015267862185,8.50374520934253,-4.05976538389387,0.491912081753979,-4.21075852880494,0.583771089540633,6.65377635,0.15625999,-0.891,0.02631545,79.3719069609906,-109.188570793144,1336.99716211494,0.302285341525734,0.279942932097268,8.33336673683036,0.15725016547773,-1.09947079752536,-923.179830915368,-924.068198956486,-937.677978321561,-939.024548718349,1.32075977096843,-976.028278874958,1.64474609272931,1895.91490495957,1912.52238898975,NA,2564.80575343673,0.464350729115705,1.081490029041
"808",-5.86,0.73,-5.86,0.83,1.359326,9.604077,-1.1484446,0.2002995,35,35,-6.31021999634057,0.776673046976355,-4.89466181094732,0.820379656646434,1.40026422728696,8.5867368153975,-1.15859885178797,0.213450950055905,1.40026422728696,7.2486011439613,-5.60244090364395,0.798526351811395,1.40026422728696,9.08768805945595,-1.1431315395194,0.213928516988119,1.40026422728696,9.00680877367372,2.64433792849858,0.0733306019594024,-0.427496522151097,-7.64074419218157,-5.96479333632521,2.1544595178072,7.31075484522515,-4.07784638390336,0.503210807814946,-3.37439873918798,0.585799981771785,4.87216685,0.14745887,-0.894,0.02814327,67.9856668935498,-86.4160906582623,1269.08625804195,7.88977135557596e-05,8.1188821038439e-05,8.51765245736576,0.160303170495246,-1.05971252596132,-912.240795605462,-920.752935980891,-925.464868591106,-938.990416361621,14.4943508279549,-957.441419320979,18.6676956191454,1874.03683433976,1888.09616952884,NA,2451.75642542564,0.41672287357039,1.34201023590214
"809",-5.86,0.73,-5.86,0.83,1.359326,9.604077,-1.1484446,0.2002995,35,35,-4.95893065673766,0.526229516395125,-5.34149060762517,0.736032610806688,1.33548067680707,9.24458519926797,-0.988082868985936,0.165365944349015,1.33548067680707,9.85602660390653,-5.15021063218142,0.631131063600907,1.33548067680707,9.28117322827372,-1.00814843435947,0.176370278955181,1.33548067680707,10.4222257070923,3.14967408822484,0.0811247103905432,-0.491056220672546,-7.78153260055606,-6.91414000564698,2.26128825680853,9.93202864856269,-3.4056259381092,0.361242427142325,-3.72666703016432,0.518859595986508,4.98124564,0.09295794,-0.826,0.02360328,105.417864572333,-161.280486015829,1322.41609001543,0.0343646422532498,0.0304757516554805,7.17570146671498,0.154574573570321,-0.977378878783497,-909.024644141758,-912.339182853826,-933.086672112812,-936.645521647128,3.54655901476653,-978.893267998431,3.62177688984751,1867.60453141235,1903.33977657225,NA,2483.55169401504,0.466468017435567,1.11928185767822
"810",-5.86,0.73,-5.86,0.83,1.359326,9.604077,-1.1484446,0.2002995,35,35,-6.12857887301365,0.834073575717692,-5.57294350274485,0.78650819777195,1.36936927468284,7.90325285812512,-0.844359591485505,0.126240395967728,1.36936927468284,6.75734497653331,-5.85076118787925,0.810290886744821,1.36936927468284,7.98043552429857,-0.85096684308222,0.126806012262508,1.36936927468284,6.80837917937005,2.51179774887036,0.0601707641958236,-0.373085592972045,-7.11712557213786,-6.84487241518582,1.85176583785077,8.52145962987861,-4.21080071387851,0.574272585404483,-4.31848089281554,0.6017812660925,6.08233158,0.1067443,-0.898,0.02850751,68.1650640558767,-86.7748849829159,1237.01959209416,0.930911952499275,0.910133411733828,5.7648745937149,0.120345310230362,-0.804905993344397,-895.110407393925,-895.428318871773,-915.700501956942,-916.159511375744,0.447359992806342,-925.108291095583,0.500268562332107,1839.77605791669,1868.56743626051,NA,2387.26429920541,0.370490259118813,0.763479782552639
"811",-5.86,0.73,-5.86,0.83,1.359326,9.604077,-1.1484446,0.2002995,35,35,-6.1349597237096,0.828012723093139,-5.54081954343473,0.87193650423188,1.28463755063757,8.94619245938409,-1.21137482684493,0.224042934691403,1.28463755063757,8.26465640419158,-5.83788963357216,0.84997461366251,1.28463755063757,9.03444309783835,-1.2048506060339,0.224525259328784,1.28463755063757,8.76687752144892,2.35502558652281,0.0529316364235869,-0.337159099982348,-7.15961541440519,-6.30378871225433,2.01664652172914,8.19125035077916,-4.21678061348904,0.571030990231992,-3.60738723081325,0.561647377283838,3.6021222,0.07873792,-0.816,0.02940762,63.464315479961,-77.3733878310846,1241.50507028365,0.153095938989569,0.140735097750616,9.44450504601997,0.226851918436597,-1.40768376512976,-898.773650098082,-901.114415235485,-912.481126544868,-916.176429530611,3.68616325134824,-944.770519218921,4.70234240275901,1847.102543325,1862.12868543636,NA,2405.63675273621,0.34005315201517,1.38423482145594
"812",-5.86,0.73,-5.86,0.83,1.359326,9.604077,-1.1484446,0.2002995,35,35,-6.02127034769614,0.787959398986259,-6.62861750957021,0.923369660295966,1.35256056074732,11.1685974016768,-1.33951012768812,0.215435065567999,1.35256056074732,8.80244385229524,-6.32494392863317,0.855664529641113,1.35256056074732,11.2608150454359,-1.36007038716189,0.220019050284989,1.35256056074732,8.85829157362449,2.97006063624679,0.0767808077787838,-0.464392328732039,-7.28455337882933,-7.08516124390817,2.06625367461556,9.32495112096547,-3.96264167897045,0.506629325859971,-4.29822143516057,0.597883616041028,4.28378721,0.10226341,-0.833,0.02512432,93.3592579736433,-137.163272818449,1306.06698292392,0.54082376665874,0.505059202604605,11.8365629591041,0.235059656290987,-1.63162668435741,-912.703828203691,-913.393743940587,-929.053981548328,-929.451662603795,0.387418189546626,-954.795201832617,0.221764162660114,1874.96289953622,1895.27439544328,NA,2474.97069302939,0.439264715654822,1.45630173410755
"813",-5.86,0.73,-5.86,0.83,1.359326,9.604077,-1.1484446,0.2002995,35,35,-6.7189071127279,0.859394881065191,-5.20268090679448,0.725309187372504,1.30954131655064,10.7798520454732,-1.56291909321083,0.285418606303474,1.30954131655064,8.05199387187859,-5.96079400976119,0.792352034218847,1.30954131655064,11.354587522363,-1.61374515386524,0.289913349616737,1.30954131655064,8.42636866218243,2.19139280157721,0.0637544727932185,-0.359788847036916,-7.55659602698115,-6.83921768673888,2.29638041146714,6.5439835932572,-4.65244035127167,0.59216714841046,-3.85642128801803,0.527282360941059,5.96587933,0.14869272,-0.896,0.02555477,86.7680243149138,-123.98080550099,1285.94964294358,0.317535512628009,0.293286281962249,8.71918149914035,0.185283021787475,-1.22805498933052,-906.426459991977,-908.909206410875,-915.559684111103,-918.396496282144,2.81236223764452,-969.683010785226,3.53507728069681,1862.40816311279,1868.28580056883,NA,2447.91848038617,0.371784005203992,1.16609217853128
"814",-5.86,0.73,-5.86,0.83,1.359326,9.604077,-1.1484446,0.2002995,35,35,-6.77944828174462,0.872821107629357,-5.89511249033964,0.772264988059977,1.41706345794481,6.37182956070214,-0.858292108239251,0.178557629189921,1.41706345794481,7.25217835373633,-6.33728038604213,0.822543047844667,1.41706345794481,6.56734200869211,-0.880523452134251,0.181085512485634,1.41706345794481,7.31827825252519,3.63215324474231,0.0980260564065859,-0.58002686218947,-7.53714721243071,-7.25189876053184,2.04697108289266,8.18236739326578,-5.13810632300605,0.664713598277528,-4.29633679284323,0.563278433381089,4.58199821,0.10208547,-0.838,0.02178209,127.155252114363,-204.755261099888,1326.28761784378,0.496015945554114,0.466679928203651,7.26248215975107,0.159706376695516,-1.03760121401274,-910.109555346328,-910.905969466621,-928.417037894154,-928.975503791313,0.544679589433163,-948.393347378042,0.515142262239552,1869.77435382149,1894.00050813494,NA,2447.81997458768,0.556761424361324,1.00079706814153
"815",-5.86,0.73,-5.86,0.83,1.359326,9.604077,-1.1484446,0.2002995,35,35,-4.25631800166019,0.524698272700688,-6.4333694108165,0.890201897210177,1.26897273191383,9.64843192093296,-1.15644667243127,0.21064733376169,1.26897273191383,10.703480152026,-5.34484370623835,0.707450084955432,1.26897273191383,10.8333201304603,-1.3553767176288,0.244045558644084,1.26897273191383,10.9374470143755,3.61311330748392,0.0916794583260733,-0.558548007047378,-7.08804269917039,-7.08751809480374,2.24573688392175,9.99357401602882,-2.74981199071125,0.32700548448012,-4.61940098989082,0.636103541783062,3.93063235,0.07381563,-0.774,0.02523814,92.3835579467107,-135.211872764584,1287.16125418474,0.00556606271330965,0.00330696272871978,10.7542395579503,0.253683168434316,-1.5999778411893,-905.273994434679,-909.227442893575,-925.832805181602,-927.218386633751,1.35940305217778,-977.399020205088,1.32651750760107e-06,1860.1032319982,1888.83204270983,NA,2439.11063560489,0.531243562590717,1.5137895018853
"816",-5.86,0.73,-5.86,0.83,1.359326,9.604077,-1.1484446,0.2002995,35,35,-5.62096408522793,0.764250608973643,-5.14049883096187,0.764027043915877,1.25810922616743,8.15032910073219,-0.811687625216011,0.129372557736603,1.25810922616743,9.45671610129888,-5.3807314580949,0.76413882644476,1.25810922616743,8.20804081587143,-0.811714479026592,0.129372570231936,1.25810922616743,9.61637851042779,3.9383525499753,0.1076979245238,-0.634076206905266,-7.02549795213713,-6.54636464063335,1.80631116740908,11.5964612226437,-4.08370481829164,0.559018243900652,-3.92639119960485,0.590584928890184,5.10930944,0.08628275,-0.834,0.02612142,82.0825910394188,-114.60993895,1243.74942132053,0.496852279285133,0.486645009312883,5.70208461384652,0.116955822361164,-0.775804357667329,-889.160461580532,-889.774506871818,-915.841438588441,-916.902182889327,1.0382842677939,-928.814688911658,1.20065593622919,1827.8761662899,1868.84930952351,NA,2372.88890369106,0.606492290277813,0.799383750573978
"817",-5.86,0.73,-5.86,0.83,1.359326,9.604077,-1.1484446,0.2002995,35,35,-5.57694090489413,0.642858091711629,-5.71343646580494,0.919715504961985,1.3883521770533,9.32526477042726,-0.934885961860975,0.140263254510194,1.3883521770533,8.87508987800209,-5.64518868534954,0.781286798336807,1.3883521770533,9.32992252996435,-0.944333413839457,0.159425761328114,1.3883521770533,10.4404245735422,3.13667794014923,0.0851046672214986,-0.49978582068009,-7.70469997693142,-6.19175071203767,2.00250960929138,10.7542909115547,-3.63190021896305,0.42117918066331,-4.10018674107703,0.664839042108642,4.40335416,0.08333531,-0.789,0.02485098,96.1666160221993,-142.777988915561,1319.05985954792,0.000537145742585692,0.000362753540382934,7.90521594275948,0.181535739896534,-1.09317096674282,-910.25293668736,-919.169215528317,-935.969762275082,-946.26940029643,10.7789154946164,-951.655817452479,11.5724322503599,1870.06111650356,1909.10595689679,NA,2495.34173018029,0.492213090347981,1.34928274547458
"818",-5.86,0.73,-5.86,0.83,1.359326,9.604077,-1.1484446,0.2002995,35,35,-5.42151580032241,0.752039886416967,-6.69445764619846,0.877875724616231,1.36753469317484,6.11364754639373,-0.975524868397764,0.229471111053505,1.36753469317484,8.23504969595564,-6.05798672326043,0.814957805516599,1.36753469317484,6.51874278213931,-1.01557029443645,0.233429775597333,1.36753469317484,8.43596064380482,3.08153697094912,0.0882391805140585,-0.506295413058844,-6.8987979924579,-7.42204247685905,2.16069684050573,8.16886970663804,-4.14472967032159,0.574309545432394,-5.08739282482298,0.673754386110042,3.26090837,0.11120667,-0.785,0.02225903,122.11978614206,-194.684329155283,1318.98649140109,0.272725819963532,0.270480278272909,6.87122194040694,0.160033092206657,-1.01063907766622,-907.092984429519,-909.235884747499,-927.577658982519,-929.084198687267,1.47935797895354,-961.588913275282,1.6445483312275,1863.74121198788,1892.32175031167,NA,2443.2886536469,0.499005106509905,0.978801176310467
"819",-5.86,0.73,-5.86,0.83,1.359326,9.604077,-1.1484446,0.2002995,35,35,-5.95755296370601,0.755495732309578,-5.35360956835167,0.747366992615953,1.43441490389936,7.40893029310013,-1.00240272412728,0.195434168542064,1.43441490389936,7.07135354831549,-5.65558126602884,0.751431362462766,1.43441490389936,7.50011719929818,-1.00363004878991,0.195450687644316,1.43441490389936,7.25970116732418,2.74274469388516,0.0790365780749205,-0.44490963209095,-7.41424612028191,-6.85873165254975,2.19666094684148,7.30635976264191,-4.29264660548944,0.551237260366809,-3.84201009655666,0.53909781129667,5.07446308,0.14656767,-0.877,0.02686123,77.046703645511,-104.538164162185,1275.98991032453,0.418319625547099,0.390393905384572,6.86435877819905,0.13382310137298,-0.920891510547811,-914.439840284038,-915.518752722358,-929.84783809112,-931.462543101463,1.58680176948309,-962.175554009651,2.01263000672645,1878.43492369691,1896.86210852887,NA,2447.44165648687,0.473795243406408,0.901155976934465
"820",-5.86,0.73,-5.86,0.83,1.359326,9.604077,-1.1484446,0.2002995,35,35,-5.89661023682538,0.770927176777715,-5.84395707624091,0.82182374278209,1.39247643345153,11.7824572818637,-1.64101597493541,0.31721613396938,1.39247643345153,10.7933521096251,-5.87028365653315,0.796375459779903,1.39247643345153,11.7831503706936,-1.64034600866965,0.31786374907714,1.39247643345153,10.8770715721417,2.83795146851583,0.0713141976086568,-0.435536276446647,-7.26136684045212,-6.90548511010846,2.45723499572847,9.50432514785761,-3.88813601169541,0.521034392662131,-4.24058883314516,0.606232135487012,5.22001271,0.14749393,-0.86,0.02700145,72.2801819958348,-95.0051208628323,1337.43464339191,0.712430232178268,0.699779726445504,9.2491509374802,0.198605735907181,-1.28138602099593,-933.74766609932,-934.063465892796,-949.122924069419,-949.618089419387,0.482723096725539,-997.856428881048,0.583906755974999,1917.05057532748,1935.41228048547,NA,2579.86416592099,0.418291358752953,1.35064184476709
"821",-5.86,0.73,-5.86,0.83,1.359326,9.604077,-1.1484446,0.2002995,35,35,-5.7230691676508,0.718798784923328,-6.14814175779742,0.89525920988536,1.32810786284721,5.24207503418172,-0.489758965400934,0.10882186587336,1.32810786284721,9.34316998623242,-5.93560546272411,0.807028997404344,1.32810786284721,5.28724671090522,-0.508511087875182,0.116606436267805,1.32810786284721,9.65364821753699,2.72957519220273,0.072385819853453,-0.42594474362875,-7.39839324069177,-6.77216028154578,1.78397984523452,12.5712374816175,-4.64109281518205,0.597797749600238,-4.97457219891159,0.717410518410868,4.9255449,0.09146186,-0.771,0.02208838,117.145087296194,-184.734931463552,1320.27112001603,0.280502574330763,0.289449467336238,4.43275267691734,0.110557758090252,-0.658191243754301,-896.451609439619,-898.468246796149,-928.342770167907,-930.413089605621,2.04120397874279,-928.375674907369,1.92756667749656,1842.45846200808,1893.85197268244,NA,2455.80730856852,0.435843440571819,0.724065857060022
"822",-5.86,0.73,-5.86,0.83,1.359326,9.604077,-1.1484446,0.2002995,35,35,-6.844718748974,0.878738130019344,-6.34828247703134,0.791288957618142,1.62692325501187,4.50663515293823,-0.493747631928446,0.139770926147619,1.62692325501187,8.47509157127471,-6.59650061300267,0.835013543818743,1.62692325501187,4.56824739596331,-0.504600867211276,0.141682765586032,1.62692325501187,8.48586248469265,3.00557740124416,0.0808976976925937,-0.475215779471733,-7.56716559140732,-7.59172885942504,2.12741829117923,11.5591433202099,-4.29758896367982,0.558709569380097,-4.74222517031562,0.601325308532286,2.60693999,0.09242148,-0.76,0.02531,103.2360781443,-156.916913159762,1429.23426377063,0.718695595200783,0.701616805137437,9.42691852955067,0.178353648413999,-1.22536892870449,-940.044020121211,-940.360201740779,-971.925741436933,-972.005269504786,0.0772997397345037,-968.79834238254,0.00268723934751992,1929.64328337126,1981.01791522049,NA,2701.5516143815,0.475299514700216,1.30065432478682
"823",-5.86,0.73,-5.86,0.83,1.359326,9.604077,-1.1484446,0.2002995,35,35,-6.11734095800167,0.703789461831107,-6.21526145526047,0.820539124500762,1.32995406666523,9.08793863932364,-1.08620106160161,0.185754659247457,1.32995406666523,8.44878543144077,-6.16630120663107,0.762164293165935,1.32995406666523,9.0903357452695,-1.08905910785746,0.189162280180826,1.32995406666523,8.706556185998,2.64184221605054,0.0606270364660864,-0.384384245961435,-7.88208669406636,-7.28444291242773,2.05809673053884,8.96084023036267,-4.8286076596875,0.573601804052633,-3.93702579287846,0.5196863793971,3.95958187,0.08703864,-0.815,0.02498291,103.467688432424,-157.38013373601,1357.14658172911,0.165668153224584,0.142583287179764,9.34519022829621,0.178330619764739,-1.23515589751007,-904.53502084174,-905.997004432849,-922.352295090689,-924.236369253747,1.85509676741794,-952.569532703992,2.07333755713249,1858.62528481232,1881.87102252801,NA,2556.9130297222,0.377895033295042,1.23604944181342
"824",-5.86,0.73,-5.86,0.83,1.359326,9.604077,-1.1484446,0.2002995,35,35,-5.65916239794627,0.746784581516315,-5.36204095611434,0.82980016630399,1.19064678603717,8.08730406718469,-0.918522663021199,0.143422754706791,1.19064678603717,7.63610326172959,-5.5106016770303,0.788292373910153,1.19064678603717,8.10937435498376,-0.91235623545954,0.145145651536201,1.19064678603717,8.1095985198618,2.79697249811698,0.0777964645950327,-0.446591452095189,-7.16775433676557,-6.37604752269602,1.75355424400206,8.59451616535065,-3.69350851325278,0.493098498308467,-3.92984470433759,0.60231935475406,4.0554753,0.08086113,-0.84,0.02691706,80.7381639709906,-111.921084813144,1197.03210410835,0.153334179518194,0.132667250822523,6.96831982018551,0.146606319392714,-0.972530479556364,-870.504540336593,-873.13920868317,-888.948170051327,-892.684571974234,3.72826453982694,-912.02454843876,4.43336454113955,1790.56432380202,1815.06277244928,NA,2282.14312340356,0.465674266357153,0.942470023577687
"825",-5.86,0.73,-5.86,0.83,1.359326,9.604077,-1.1484446,0.2002995,35,35,-6.07553994617602,0.753555880156411,-6.74753048522232,0.960843889382756,1.29036233175977,6.58245962793331,-0.697024113420753,0.140789229497999,1.29036233175977,9.85133070540669,-6.41153521569917,0.857199884769583,1.29036233175977,6.69535244907525,-0.731848008685215,0.151531309190255,1.29036233175977,10.1402564715493,2.78819426660777,0.071246678600769,-0.429627183618861,-7.54379023990532,-6.98081245986044,1.79980590760108,12.4519008614262,-4.00849924299657,0.488689457674664,-4.86435956503568,0.703368525440808,3.92255952,0.1140308,-0.817,0.02184398,123.787674110237,-198.020105091637,1344.46471927252,0.0793880653826375,0.066973713278511,8.76586636446508,0.171989659709321,-1.16767033433217,-897.128038698534,-899.292145299543,-924.63617032477,-926.47559803301,1.81055693822953,-930.230409456527,1.55783027180224,1843.81132052591,1886.43877299617,NA,2490.9093334534,0.423182055426546,1.1997867255398
"826",-5.86,0.73,-5.86,0.83,1.359326,9.604077,-1.1484446,0.2002995,35,35,-6.28916423733947,0.805555168357814,-5.68989317582625,0.768049758855142,1.41877814805529,9.0810558340644,-1.23221805814661,0.210500977511232,1.41877814805529,5.93266882913074,-5.98952870658286,0.786802463606478,1.41877814805529,9.17083728535619,-1.23783703478789,0.210852641446723,1.41877814805529,6.02198093997002,2.70581224901591,0.0763734176153004,-0.439368850078245,-7.44761622781089,-7.07179269084679,2.17826478298061,5.66150193237244,-4.16915937313693,0.530191594646403,-3.76765994570179,0.504654053084616,4.47226356,0.1137649,-0.87,0.02504913,95.7290351161895,-141.902827103542,1258.2344551496,0.641587174689145,0.650089025434684,9.23022187935963,0.182156613885819,-1.2750352712638,-907.528630194318,-908.170790117478,-916.517051186837,-917.413087021107,0.876029662855349,-952.391459618552,1.15832941220207,1864.61250351747,1870.2005347203,NA,2374.56608319566,0.440314263193096,1.10727011606551
"827",-5.86,0.73,-5.86,0.83,1.359326,9.604077,-1.1484446,0.2002995,35,35,-5.31590623201841,0.681025856580345,-5.50643893066873,0.798700933898533,1.33355956841745,8.33679288009492,-1.03315716114993,0.203589754446754,1.33355956841745,9.89371990847184,-5.41117258134357,0.739863395239439,1.33355956841745,8.34586855740866,-1.03876239866125,0.207051610402214,1.33355956841745,10.0878234994152,3.24977876494825,0.0822172078887839,-0.498705766073792,-7.21627163763326,-6.70572667637958,2.14761904758803,10.2224840959146,-3.96761485214659,0.515867721329087,-4.05358331445438,0.580325249237632,5.12270893,0.09271809,-0.808,0.02290243,106.712680583205,-163.870118037573,1287.222707041,0.524834422605012,0.488069644284786,6.37485631447598,0.168537986455527,-0.989041614236119,-911.835480940242,-912.754964922123,-932.976608951849,-934.21288288239,1.21161956568039,-967.175209027057,1.28697083260297,1873.22620500932,1903.11965025033,NA,2410.57529604442,0.487919572160894,1.03149396947228
"828",-5.86,0.73,-5.86,0.83,1.359326,9.604077,-1.1484446,0.2002995,35,35,-5.95055971505863,0.702578370398406,-5.99798734669136,0.889119456229897,1.20886190257944,7.27023914153932,-0.827800192798559,0.174289979946509,1.20886190257944,11.6843431935643,-5.974273530875,0.795848913314152,1.20886190257944,7.27080148659988,-0.830011993274353,0.182989374122307,1.20886190257944,12.5676524271341,3.23318983164439,0.0930361114025081,-0.532711267128691,-7.72252082048545,-6.65858493393605,1.87459632533062,13.0614995023209,-4.529331400096,0.539752807138021,-4.15173382407751,0.62289956687175,5.48767323,0.16852715,-0.832,0.01662325,170.07315193597,-290.591060743103,1364.00382964765,0.0474213626457168,0.0408624677825919,6.00148097880512,0.119884684008028,-0.777429692744471,-892.357540495724,-895.458932147111,-919.577108665293,-924.289512032596,4.73536760762026,-941.756668909095,5.11020685228752,1834.27032412029,1876.32064967721,NA,2437.4165985522,0.525084241966825,0.938883368206367
"829",-5.86,0.73,-5.86,0.83,1.359326,9.604077,-1.1484446,0.2002995,35,35,-6.28448545989332,0.804390012609211,-4.41262825547802,0.676486263065592,1.49145482168969,10.2909114952878,-1.01908604581125,0.153885308752737,1.49145482168969,9.38908703973505,-5.34855685768567,0.740438137837401,1.49145482168969,11.1668738437182,-1.07894043457499,0.157975151039566,1.49145482168969,10.1360981886724,2.48356342575314,0.0638982386038399,-0.382196419355257,-7.44987914680778,-6.34003938454401,2.15920561931918,11.3945078984753,-4.09026218989422,0.525671932241223,-3.33108889385991,0.495990940811606,5.1895296,0.07676702,-0.848,0.02960224,59.6248247558575,-69.6944063828776,1302.2013332076,0.187780647494071,0.168057710351858,9.06206889944157,0.17742894139579,-1.19046175189905,-930.331873530901,-933.37391204828,-957.07204484724,-961.932564053658,4.88943426245837,-971.970146856822,5.47701879804355,1910.21899019064,1951.31052204111,NA,2534.70826003231,0.385730962431389,1.29770734022975
"830",-5.86,0.73,-5.86,0.83,1.359326,9.604077,-1.1484446,0.2002995,35,35,-6.11927784482933,0.854637465180217,-5.43917621565434,0.744640153626384,1.39852971707183,7.0259643418578,-0.804161608050948,0.145327890765122,1.39852971707183,7.43649652679511,-5.77922703024184,0.799638809403301,1.39852971707183,7.14159889835941,-0.822863945749105,0.14835274290239,1.39852971707183,7.45610744947277,2.92449013815214,0.0754091906907824,-0.455525389813565,-6.98531021184964,-6.96054410092865,1.9570859434264,9.02257199988474,-4.25327807893724,0.593313000941252,-3.56153991323732,0.492820476725647,2.67021198,0.0707904,-0.771,0.02997759,63.8056956559786,-78.0561481831199,1247.55932647656,0.516864614936411,0.487163818292605,9.10303195096229,0.182953954340986,-1.25473210965467,-906.301828252235,-906.780714153108,-926.737842854924,-926.90037140364,0.158068309261488,-940.456140318898,0.00372111854984133,1862.15889963331,1890.64211805648,NA,2417.06250476999,0.436065982188998,1.15491782366311
"831",-5.86,0.73,-5.86,0.83,1.359326,9.604077,-1.1484446,0.2002995,35,35,-5.21275878073055,0.617510067304725,-5.20099559670445,0.751313238469754,1.3575980695588,9.28594224036776,-1.02490186126556,0.161401059949609,1.3575980695588,8.28225040743424,-5.2068771887175,0.68441165288724,1.3575980695588,9.28597683349239,-1.02450837343414,0.165876882103064,1.3575980695588,8.73330958564799,3.67006404858882,0.0917275141552867,-0.565116025147011,-7.49153482288063,-6.68260696927488,2.14424856751833,8.78242283595794,-3.46403223581612,0.406078295519803,-3.6013522152391,0.524759037151579,4.95374331,0.09962922,-0.87,0.02834232,68.3120243930988,-87.0688056573602,1252.62444813629,0.0504308428606291,0.0473414323791818,7.77145863391695,0.153973929530591,-1.02937297094437,-905.554798995973,-908.205307667031,-926.147830725779,-929.469328105806,3.30437369950391,-961.983780162509,3.71231637614326,1860.66484112078,1889.46209379819,NA,2418.18009061522,0.525923705630128,1.10958648843503
"832",-5.86,0.73,-5.86,0.83,1.359326,9.604077,-1.1484446,0.2002995,35,35,-6.29297737911037,0.909974470039296,-5.96265944782256,0.837514711743665,1.43799401252673,7.47211163164351,-0.94156342668969,0.197299079863625,1.43799401252673,9.14461526172175,-6.12781841346647,0.87374459089148,1.43799401252673,7.49938911557606,-0.947547116055146,0.19861168400669,1.43799401252673,9.15898350982027,3.19278849142395,0.082898847474116,-0.497193154911832,-6.82932619072669,-6.93070474896615,2.07375583346055,10.6841010309008,-4.25576689575005,0.623999520424746,-3.84976363632745,0.551581379044979,3.43276265,0.11396491,-0.815,0.02811895,69.3183738395411,-89.0815045502448,1306.57582348209,0.798566665113864,0.761766709343613,9.42100904201542,0.192438517541188,-1.29265570361946,-924.315915374745,-924.485041477811,-946.461923081451,-946.560996900444,0.0963112789882124,-960.011434372695,0.0504761541827725,1898.18707387833,1930.09027850953,NA,2524.07014241394,0.485614048881416,1.2668201830419
"833",-5.86,0.73,-5.86,0.83,1.359326,9.604077,-1.1484446,0.2002995,35,35,-6.49641151363516,0.898310616940584,-6.45293361775183,0.918089703945824,1.32728449782295,7.26949562785665,-0.769736645710779,0.129148826194654,1.32728449782295,7.93681598370374,-6.4746725656935,0.908200160443204,1.32728449782295,7.26996820971427,-0.769521657439411,0.129246629265345,1.32728449782295,7.95462647583234,3.46523557817133,0.0831336322430453,-0.525245064364337,-7.10225054376052,-6.94093396573062,1.73524026268754,10.5833778965142,-4.64295046633652,0.639052993359645,-4.55950780295409,0.645200594783384,4.65898027,0.08946435,-0.846,0.02755796,78.774722859887,-107.994202590937,1288.5819390322,0.915950591104316,0.911223761152102,7.90058067607062,0.164320105152183,-1.10460074332329,-894.91355837452,-895.009550868903,-917.960542700594,-918.099909312722,0.135519570611419,-916.045612356266,0.154067175955134,1839.38235987788,1873.08751774782,NA,2469.16967547347,0.473036934305065,1.03094244184433
"834",-5.86,0.73,-5.86,0.83,1.359326,9.604077,-1.1484446,0.2002995,35,35,-5.02181370681101,0.660494032232304,-5.86627373718233,0.816028817551492,1.28018434251244,7.56092921169031,-0.878243146517926,0.17706324243381,1.28018434251244,10.4732335430658,-5.44404372199667,0.738261424891898,1.28018434251244,7.73920739741399,-0.911078873901537,0.183111009794881,1.28018434251244,10.519844874462,2.68393043217129,0.0732134341064792,-0.425655608632577,-7.04450240887515,-6.96232643602206,2.0257802459358,11.3149960749523,-3.69922453544488,0.489703471159694,-4.23991418252428,0.600276083631765,4.4543473,0.1254808,-0.793,0.0224877,107.151838109497,-164.748433090157,1295.06736552237,0.599518633597568,0.629884850949492,6.55541922843015,0.137548354913267,-0.912431931597872,-901.920042284834,-902.76171193586,-926.597058446619,-926.880865391298,0.276257824182093,-956.117459800666,0.0322114340696306,1853.39532769851,1890.36054923987,NA,2425.38629795459,0.434967002694602,0.8901234603737
"835",-5.86,0.73,-5.86,0.83,1.359326,9.604077,-1.1484446,0.2002995,35,35,-5.69949393357876,0.640486232682047,-6.29845543845373,0.871205201327559,1.37073970705012,9.09648835583756,-1.2382386876185,0.238712412130258,1.37073970705012,8.73659927312673,-5.99897468601625,0.755845717004803,1.37073970705012,9.18617707691808,-1.27278663278428,0.25202022275347,1.37073970705012,9.20690410467089,3.68893614197941,0.0977209089183001,-0.582888735926972,-7.84138392794878,-7.06578152073816,2.29416773136245,8.18756901291377,-4.17856952837516,0.496555658897572,-4.25008627453354,0.592484213954897,4.24426198,0.13615972,-0.864,0.02596917,90.9123264809741,-132.269409833111,1353.06058907938,0.204092759822641,0.181725727360243,9.01564106279846,0.177271124104894,-1.19020780802799,-916.275487201781,-918.889143865278,-931.853193635391,-935.155265712036,3.28458917203983,-976.345362130894,3.39624863434056,1882.1062175324,1900.87281961741,NA,2573.85176832564,0.559852729976135,1.28078861953306
"836",-5.86,0.73,-5.86,0.83,1.359326,9.604077,-1.1484446,0.2002995,35,35,-5.92120752394098,0.731167660708604,-6.6945758337362,0.923656468544518,1.20150323253805,9.25352326922614,-1.18197258329565,0.209249972090994,1.20150323253805,9.11332428700851,-6.30789167883859,0.827412064626561,1.20150323253805,9.403047904875,-1.21918876928829,0.218512957376517,1.20150323253805,9.28341389328009,3.0536471110224,0.0885421403646518,-0.503939587864377,-7.52284103574494,-7.1494108387466,1.93726562664737,9.0040888460168,-3.9943387911648,0.484362729852442,-5.72690596375877,0.804932377148565,6.45576715,0.14502259,-0.88,0.01904967,145.50602588148,-241.456808634123,1312.84112239572,0.0179468874525387,0.0125116251043173,7.36226996133136,0.159407141398316,-1.04457782294775,-886.741790018577,-888.223914367347,-902.225145942595,-903.39264128742,1.14364900187425,-937.897657030138,0.856247104953789,1823.03882316599,1841.61672423182,NA,2384.22543615732,0.503526508945261,1.00259787825962
"837",-5.86,0.73,-5.86,0.83,1.359326,9.604077,-1.1484446,0.2002995,35,35,-4.61462684901778,0.52154115206989,-6.73205543192024,0.999583904836767,1.24714178882762,12.484265957591,-1.64550832187209,0.258843503846467,1.24714178882762,7.63974598296359,-5.67334114046901,0.760562528453329,1.24714178882762,13.6051419085141,-1.89856366901158,0.315974722214701,1.24714178882762,8.42150360014369,4.11615808071743,0.100884127857707,-0.627051476660669,-7.46516085427876,-6.73453441922991,2.35332098170963,5.67176181209292,-3.16792151268744,0.35738994174145,-4.67907165436011,0.695611878899994,5.9722729,0.13032473,-0.915,0.02730589,77.6234395475432,-105.691635966249,1246.21532976571,0.000575720623679689,0.000426712918845913,10.0490261236308,0.247699111896264,-1.52035865663059,-891.619166555118,-899.747197711919,-900.335323254248,-906.398829054805,6.15290288314848,-971.383561031238,4.04590819761356,1832.79357623907,1837.83707885512,NA,2386.73902356516,0.583854074334826,1.48758304949
"838",-5.86,0.73,-5.86,0.83,1.359326,9.604077,-1.1484446,0.2002995,35,35,-6.00131223649929,0.719852094475124,-5.55399938559871,0.765763233686734,1.44098916395855,8.39245469318648,-0.900095290446465,0.17005482091412,1.44098916395855,10.0442912130123,-5.777655811049,0.742807664080929,1.44098916395855,8.44247688983169,-0.894961129804256,0.170581779090047,1.44098916395855,10.3630603618395,1.61371391805523,0.0382901837294697,-0.232050410488387,-7.67036096379537,-6.94952142588892,2.14246764728962,11.7726434320968,-4.1641591152843,0.490663104339006,-4.67442177116799,0.654308776993297,6.05603062,0.12840268,-0.847,0.02237058,114.448397439827,-179.341551750816,1371.9423552236,0.122256904378805,0.0982713731046644,6.14349402296107,0.134663092368274,-0.83501265178003,-926.943158324529,-928.108738651931,-952.919637930952,-954.911425834259,1.96267027934834,-971.115355464692,2.25958716784553,1903.4415597779,1943.00570820853,NA,2564.54315869639,0.261214531638738,1.00191003481711
"839",-5.86,0.73,-5.86,0.83,1.359326,9.604077,-1.1484446,0.2002995,35,35,-6.53106821081221,0.80068052086855,-5.53738162680747,0.765195447987322,1.39579211693026,8.99751581559875,-1.03932924995738,0.175980132385522,1.39579211693026,8.29175966944957,-6.03422491880984,0.782937984427936,1.39579211693026,9.24436907240649,-1.048144510171,0.176294929984868,1.39579211693026,8.67738965521219,3.7061819596917,0.0875261615142183,-0.549319154490674,-7.71856208961304,-6.93628638736899,2.05780418648763,9.40630927011194,-4.14839369111966,0.500088068602136,-3.86713657297923,0.537049336576316,4.93480723,0.11297562,-0.854,0.02850643,68.7016046959807,-87.847966263124,1338.98280266394,0.235790964884797,0.228429034580193,8.94167159101785,0.16934875705536,-1.17844988127482,-913.707211636823,-915.462001906315,-933.01704736345,-935.863544924682,2.8221607063382,-954.065985092382,3.40068079227557,1876.96966640248,1903.20052707353,NA,2590.11763906475,0.531162000384668,1.17513398686686
"840",-5.86,0.73,-5.86,0.83,1.359326,9.604077,-1.1484446,0.2002995,35,35,-5.21357612850733,0.60356457778459,-6.04576757535376,0.824633149336625,1.35695280413431,5.02438362650942,-0.595304518246221,0.126844306322421,1.35695280413431,7.10731511526113,-5.62967185193055,0.714098863560607,1.35695280413431,5.19751927756051,-0.641297361849262,0.139062134654435,1.35695280413431,7.33895915599549,2.22248498967884,0.0613833276499933,-0.351893973627849,-7.57543578854667,-7.09055789195899,2.0112331197097,8.14381387759804,-3.87345003164002,0.461438325884924,-4.79548635015168,0.662466706174188,3.7187301,0.08019845,-0.81,0.02370369,113.520189931976,-177.485136735115,1281.95564330118,0.0735911154532255,0.0559234763183009,5.59397410743096,0.12881708582079,-0.79811741534294,-893.832529121299,-896.192930950514,-916.557746272779,-918.529761938332,1.94291137645381,-943.930862736323,1.52132480327865,1837.22030137144,1870.28192489219,NA,2386.42614986725,0.374411032032111,0.867197302064972
"841",-5.86,0.73,-5.86,0.83,1.359326,9.604077,-1.1484446,0.2002995,35,35,-6.47273236710889,0.761939496635452,-5.87526834106458,0.750116101840321,1.25363239862329,5.96715193544679,-0.674626224628043,0.137024792672473,1.25363239862329,8.7674579466015,-6.17400035408674,0.756027799237886,1.25363239862329,6.05639275105105,-0.676392237891994,0.137059740838593,1.25363239862329,8.96156990423283,2.96665627126835,0.0750531764239418,-0.458996082481825,-7.89103524328293,-7.36401194389035,1.83614561907734,10.3279555941507,-4.6502027706633,0.558107409503357,-4.32772727509042,0.544101450045865,3.75588012,0.09018126,-0.791,0.02294905,120.932660331865,-192.310077534893,1369.23122730844,0.746159527359049,0.757288584762358,7.11257308628127,0.132992952604123,-0.930351085091856,-885.596965646854,-886.463599319479,-910.194906012151,-911.572396643177,1.35138673655856,-929.113265420692,1.58908794762683,1820.74917442255,1857.55624437093,NA,2546.15237708199,0.431196122514417,0.934254344397853
"842",-5.86,0.73,-5.86,0.83,1.359326,9.604077,-1.1484446,0.2002995,35,35,-5.78803277571401,0.723795993412767,-6.63004539510986,0.850453118475137,1.28430180229085,16.2017780530945,-2.02544248133989,0.321534369892747,1.28430180229085,11.7104589122445,-6.20903908541194,0.787124555943952,1.28430180229085,16.3790243658999,-2.05210420574962,0.325544876725013,1.28430180229085,11.7434255990303,3.77730379358477,0.0964125429460958,-0.583920975466068,-7.43358477370161,-7.52100701701642,2.38323834932104,9.76149009895935,-4.65136350680357,0.592816074304905,-4.40310386224714,0.568237931831734,9.9643333,0.22537945,-0.893,0.02129417,111.46534333195,-173.375443535062,1401.95435886269,0.952226736847258,0.943879876112472,9.01748691979481,0.162392030075346,-1.18324667036181,-920.440441029358,-920.801578854299,-934.552375045733,-934.733696632565,0.176369296884516,-991.211724710467,0.0354609989362788,1890.43612518755,1906.27118243809,NA,2630.53327419033,0.564422109351389,1.07154883647683
"843",-5.86,0.73,-5.86,0.83,1.359326,9.604077,-1.1484446,0.2002995,35,35,-4.98741914696464,0.566248626115204,-5.32065248209382,0.74657043518569,1.35831340152795,10.1193669790856,-1.30256864186649,0.231254656380765,1.35831340152795,8.74618941236514,-5.15403581452923,0.656409530650447,1.35831340152795,10.1471280929959,-1.31759095132476,0.239383645087378,1.35831340152795,9.15317188343952,2.78900481119211,0.0801413092318893,-0.45504162357717,-7.57159759080833,-6.83052024933638,2.41747551696235,7.68960887993044,-3.18010018989406,0.35387654855931,-3.5896977101849,0.50327893464897,3.69223821,0.09613683,-0.819,0.02920386,65.2925955821463,-81.0299480354552,1289.05160650168,0.11346801115659,0.0996646433230676,9.66866251365632,0.207709647046903,-1.35417929597879,-914.701139702128,-916.97563576922,-929.690954936187,-932.554639423212,2.83955163009115,-987.221694941488,3.11108385741199,1878.95752253309,1896.548342219,NA,2497.0732649679,0.468179425483771,1.35769338140053
"844",-5.86,0.73,-5.86,0.83,1.359326,9.604077,-1.1484446,0.2002995,35,35,-6.01058294459056,0.731817828463512,-5.61555710654809,0.770672723840424,1.31371333836186,8.03333217523008,-1.22250502255104,0.253207461801097,1.31371333836186,8.2516571645882,-5.81307002556933,0.751245276151968,1.31371333836186,8.07234352841036,-1.21866785064896,0.253584887524785,1.31371333836186,8.5156486724692,4.27559473676634,0.109420999130868,-0.668127093610381,-7.60834292515458,-6.98182967493047,2.24849714377801,7.22438416403391,-4.35852450265024,0.527771883163794,-4.65914791019453,0.653462606154422,6.29076036,0.17090225,-0.894,0.02033033,133.701037797615,-217.846832466393,1306.86712717714,0.206188847424305,0.193799727688198,5.26200461149752,0.125660333904197,-0.76210753976018,-903.274999773688,-904.575438216039,-917.866214955217,-919.835663813341,1.94034670941107,-967.542704928897,2.52587441424004,1856.10524267621,1872.89886225706,NA,2395.88742188789,0.616226403427958,0.843882004829582
"845",-5.86,0.73,-5.86,0.83,1.359326,9.604077,-1.1484446,0.2002995,35,35,-5.88653199378419,0.768412662697595,-6.18329193690107,0.855224621556089,1.51435066683102,9.28985330715706,-1.18202896364193,0.202845644395769,1.51435066683102,6.75004948896701,-6.03491196534263,0.811818642126842,1.51435066683102,9.31186992311676,-1.18846954163511,0.204729723445982,1.51435066683102,6.78918808311502,3.12695125514069,0.076479345313978,-0.47664076887271,-7.26626942161995,-7.04582617817228,2.22594040500532,7.24451344348607,-4.02378129270826,0.518992726248132,-4.1004225246244,0.573742631519515,4.57770453,0.09829219,-0.841,0.03003123,57.8837409572476,-66.2122387856578,1296.53129272488,0.603002818172354,0.570396709534737,9.54366817562109,0.200661939800448,-1.35225836481918,-926.876325266817,-927.254031374609,-940.290579663166,-940.643197656303,0.343407407378963,-965.158031902562,0.315109852699371,1903.30789366247,1917.74759167296,NA,2526.85034666411,0.439920396330898,1.21166873642493
"846",-5.86,0.73,-5.86,0.83,1.359326,9.604077,-1.1484446,0.2002995,35,35,-5.88796642164581,0.755707836045509,-5.56157548560023,0.849715500809026,1.48546674410143,11.3730912174926,-1.39418653245743,0.227577771245968,1.48546674410143,8.04984747883343,-5.72477095362302,0.802711668427268,1.48546674410143,11.3997239782758,-1.38651572003302,0.229787131504541,1.48546674410143,8.52594828136753,2.99269294077655,0.078423739738564,-0.46600676058782,-7.34339591904908,-6.4569316426883,2.28170892916489,8.35915656706522,-4.14218067555888,0.531199551574231,-3.7258832855841,0.570503657941993,6.09510431,0.12521102,-0.896,0.03391697,30.3536642844434,-11.1520854400495,1294.3476559121,0.0625022693778259,0.0590099081550589,8.56907395060149,0.187935849931981,-1.19529852210796,-931.489868145929,-933.965511781319,-946.425846600919,-950.014856413699,3.57739228733294,-975.658862106187,4.37897518571615,1912.53497942069,1930.01812554847,NA,2577.54322638415,0.466719782031908,1.28291319465998
"847",-5.86,0.73,-5.86,0.83,1.359326,9.604077,-1.1484446,0.2002995,35,35,-5.01515193195648,0.555218405384189,-5.5140271873257,0.70059605133631,1.33592327835871,8.88739751478787,-1.15722851720138,0.235188911114652,1.33592327835871,10.5943187575322,-5.26458955964109,0.627907228360249,1.33592327835871,8.9496166448928,-1.17535984476371,0.240472576100297,1.33592327835871,10.7178149185425,3.4102146507957,0.0910347639072029,-0.542071228101846,-7.66504557662741,-7.29779843676015,2.45875740550482,9.35516559621237,-3.37958336403897,0.354801894278701,-3.79714452013826,0.471092620698272,7.166209,0.1949517,-0.877,0.0191132,141.57801459828,-233.600786067722,1377.70128444298,0.513284639437478,0.469147697475581,6.03079474208125,0.123318089845983,-0.81234310592849,-917.144527496772,-917.894839756613,-937.773494916727,-938.515152652525,0.724297746536017,-997.507618442912,0.630363526392273,1883.84429812238,1912.71342218008,NA,2521.80178281824,0.51638352333094,0.870516496843148
"848",-5.86,0.73,-5.86,0.83,1.359326,9.604077,-1.1484446,0.2002995,35,35,-6.44390479959767,0.927622501588791,-5.07715630055601,0.76045377465452,1.34852038307767,10.3228904136839,-1.15707348146665,0.196031999780034,1.34852038307767,10.3604520709564,-5.76053055007684,0.844038138121655,1.34852038307767,10.7898907785921,-1.21419288312268,0.203018345596241,1.34852038307767,10.4957205420882,4.93011880431405,0.117961647177757,-0.747624816404823,-6.87511120601992,-6.50431072383243,2.02218258623659,11.7613522775905,-4.76859440589201,0.699211703554891,-3.6990535683737,0.553749299304055,5.36196059,0.11110107,-0.823,0.02593507,77.4299542847048,-105.304665440572,1291.23210515637,0.348394832804297,0.289476378204298,7.82744536498908,0.163802009352602,-1.09043626223834,-916.520413730469,-917.736621046586,-938.646510613181,-939.475074843252,0.809673416120362,-956.928092029937,0.634030978858219,1882.59607058978,1914.45945357299,NA,2477.15954487217,0.666706064230727,1.05228859538306
"849",-5.86,0.73,-5.86,0.83,1.359326,9.604077,-1.1484446,0.2002995,35,35,-5.87470969645991,0.696824385968323,-7.1865161575954,0.947675630978804,1.46181267366646,9.85489619808639,-1.13401358239753,0.211803917688652,1.46181267366646,10.5311502075895,-6.53061292702766,0.822250008473564,1.46181267366646,10.2851052459556,-1.21628065339469,0.22753550446948,1.46181267366646,10.646797530897,2.90655199224479,0.0838321876410823,-0.475484920993673,-7.68095155216369,-7.4982512082565,2.22966957056388,11.7755433302126,-4.09812925747494,0.486493121810103,-5.12323338333767,0.68433427450761,4.51534131,0.09749929,-0.811,0.02456109,103.390015103748,-157.224787078659,1441.31583024358,0.164039474875193,0.143479435104224,10.5755846628073,0.218601980916649,-1.43899057124855,-936.35820311135,-938.19368984066,-959.45444698674,-960.152988540365,0.68198036131207,-980.897607542925,0.139445917766475,1922.27164935154,1956.07532632011,NA,2725.40687340851,0.488081530805559,1.50893310009443
"850",-5.86,0.73,-5.86,0.83,1.359326,9.604077,-1.1484446,0.2002995,35,35,-6.24113034091607,0.750883717899968,-5.90114176845159,0.831556366379787,1.27603046973827,6.98216222286205,-0.98665447619186,0.175289668066611,1.27603046973827,5.1916304249592,-6.07113605468383,0.791220042139878,1.27603046973827,7.01106028021365,-0.979797531543463,0.176916687119798,1.27603046973827,5.66473582863935,3.01080278213047,0.0783457392715921,-0.469069208203753,-7.72530068589432,-6.90468534943324,1.92943416107377,4.91306660937338,-4.49146551634863,0.541102930870012,-4.58392882435835,0.645753797091052,4.41373808,0.1032577,-0.903,0.02649832,96.9602683617487,-144.36529359466,1243.77771627085,0.0401978036726039,0.0396360773108387,6.14382355565495,0.133934775633693,-0.863488280262671,-874.647008721696,-878.173699687884,-882.623518290275,-887.777749093508,5.19591210104609,-918.501202518367,7.02398353797605,1798.84926057223,1802.41346892718,NA,2343.19013894703,0.459847987767716,0.882303327431774
"851",-5.86,0.73,-5.86,0.83,1.359326,9.604077,-1.1484446,0.2002995,35,35,-5.22887578707464,0.595191717820152,-5.62252477877294,0.717833202579176,1.23447889921687,10.8119780553568,-1.26644951601563,0.188963589125504,1.23447889921687,8.24695740618801,-5.42570028292379,0.656512460199664,1.23447889921687,10.850717937523,-1.27851894021957,0.192723822571479,1.23447889921687,8.35454131524022,2.87359851615747,0.0773805523057915,-0.455686800138094,-7.64061878013868,-7.3036015415568,2.15516885103536,7.4616302592024,-3.70271912203237,0.432342315129693,-3.55963804612264,0.449462363144302,4.69287761,0.109569,-0.893,0.02627181,90.2185974736877,-130.881951818538,1272.58508669412,0.617863157891274,0.604540999520504,9.36908327096486,0.158890256473869,-1.1808848313598,-886.085912944696,-887.143265599691,-902.589490640344,-903.39920578404,0.791147346548201,-958.151769308886,0.741166612070138,1821.72706901823,1842.34541362732,NA,2414.2882215697,0.449904044021969,1.14135781245002
"852",-5.86,0.73,-5.86,0.83,1.359326,9.604077,-1.1484446,0.2002995,35,35,-7.04655084294159,0.807371253186807,-5.61675189990053,0.804512823782107,1.19876638762471,9.88453513437915,-1.05323518296211,0.150754685340811,1.19876638762471,8.95935039642809,-6.33165137142106,0.805942038484457,1.19876638762471,10.3956163887595,-1.05425692779751,0.150756727995476,1.19876638762471,10.4162191318679,2.61455813439469,0.0658804364618075,-0.400753547960386,-8.19418306994979,-6.7814139096267,1.75707924841955,10.3818433070067,-5.06787809899058,0.594940121048901,-3.8772070604813,0.556989036674293,4.43797186,0.07722879,-0.849,0.02393261,114.700692578092,-179.846142027347,1346.88819340556,0.00487028337735563,0.00381530673062154,9.85445401003222,0.160704387672883,-1.18482000142064,-877.923424527825,-883.750499974627,-900.592499986673,-910.149125870798,9.94714213945486,-918.495523619971,11.8764165462559,1805.40209218449,1838.35143231997,NA,2513.93024478378,0.390115606444618,1.31597705189072
"853",-5.86,0.73,-5.86,0.83,1.359326,9.604077,-1.1484446,0.2002995,35,35,-6.19705831855502,0.767045172491909,-6.73976880950517,0.93850072776314,1.29944975813264,9.60191976770083,-1.08701845374709,0.169088215352649,1.29944975813264,8.297887731119,-6.4684135640301,0.852772950127524,1.29944975813264,9.67555343694767,-1.11028113589143,0.17643746721099,1.29944975813264,8.50251764011256,3.61465912280471,0.0959377029686373,-0.572830299766569,-7.58494289917107,-7.10616555933721,1.88649992893332,9.52667319470839,-4.92088825550375,0.622217035672398,-5.03146960635161,0.704512358420883,6.03863055,0.09728943,-0.867,0.02394895,107.268956989672,-164.982670850507,1324.87669674213,0.261923004815293,0.237751761577938,7.90002823805799,0.166853865776953,-1.10940284799848,-896.495172929701,-898.396282418798,-915.540512091047,-917.064379160866,1.49655859631332,-933.174002754883,1.37361872590329,1842.54558898824,1868.24745652872,NA,2484.77072263375,0.545135349089555,1.05275891100403
"854",-5.86,0.73,-5.86,0.83,1.359326,9.604077,-1.1484446,0.2002995,35,35,-5.78623073121732,0.684718692249321,-5.60530922547477,0.787079726426549,1.51489174895468,8.20943641363657,-0.785158408180324,0.131594348043577,1.51489174895468,8.91588708584589,-5.69576997834604,0.735899209337935,1.51489174895468,8.21761956144661,-0.780528580072146,0.134213793373035,1.51489174895468,9.2924337358487,3.05116075788469,0.0901004230496033,-0.508106306537042,-7.66459517751081,-6.87383311808601,2.11927592500981,11.357264612365,-4.12257625517917,0.510842987325853,-4.21196068278615,0.597453472794621,5.07590783,0.11048105,-0.822,0.02600016,83.4648035802099,-117.374364031583,1350.12248009892,0.3151777443979,0.286178509475285,6.4384217666575,0.110763101770064,-0.781349178187678,-929.47495954073,-931.313201113925,-957.628833138632,-960.237789803574,2.58223716935429,-967.291674352002,2.84137632745072,1908.5051622103,1952.42409862389,NA,2582.87059616626,0.511624440757288,0.923856120851874
"855",-5.86,0.73,-5.86,0.83,1.359326,9.604077,-1.1484446,0.2002995,35,35,-5.90761263361843,0.818851502902567,-4.98912271143982,0.74304613528294,1.40744321665817,9.64186981631682,-1.1735915530821,0.195686085568048,1.40744321665817,7.71099491459179,-5.44836767252912,0.780948819092753,1.40744321665817,9.85277575060274,-1.19099816963352,0.197122699008035,1.40744321665817,7.85557294077834,3.01499626358841,0.0789113035300626,-0.474471807321594,-6.98684850356221,-6.51998734552054,2.13374281238361,8.2016106820094,-4.48861971367698,0.630958719404025,-4.109986004114,0.607880268427782,6.89991595,0.14406432,-0.896,0.02607645,77.8994331477015,-106.243623166566,1235.15250106796,0.723894971909194,0.717760514789754,5.48356216678609,0.117830328668648,-0.766869175706804,-914.819023535177,-915.665441295227,-930.535712562723,-931.687979805602,1.12860883022864,-958.638148783462,1.32104168461297,1879.19329019919,1898.23785747207,NA,2364.06137896936,0.449699453789901,0.774832158967563
"856",-5.86,0.73,-5.86,0.83,1.359326,9.604077,-1.1484446,0.2002995,35,35,-5.96740468539374,0.711358688165744,-5.9990848736074,0.883850175811517,1.41213155455915,11.4950843651366,-1.21139452433073,0.181161652774699,1.41213155455915,9.79298930035293,-5.98324477950057,0.79760443198863,1.41213155455915,11.4953352737179,-1.2127606650292,0.188599981102262,1.41213155455915,10.454473043209,2.47654123468392,0.0630791897409287,-0.379601868178608,-7.68705492964394,-6.69107547005409,2.09237651421097,11.3539886135803,-4.15472891353813,0.504520629331019,-4.4513836497104,0.66879820192176,6.51615291,0.11262598,-0.861,0.02318028,104.948600825439,-160.34195852204,1348.4026571762,0.0190581275942172,0.0184935972285623,8.02806379830458,0.164572344221004,-1.07257229148748,-922.52438808508,-926.160477290414,-946.352230586909,-950.516077548057,4.16760299324506,-964.152769905712,4.56668117136503,1894.604019299,1929.87089352045,NA,2536.46335583037,0.380252234084619,1.19881397602469
"857",-5.86,0.73,-5.86,0.83,1.359326,9.604077,-1.1484446,0.2002995,35,35,-5.03835307951809,0.6277883099609,-6.12204051196644,0.855661037616968,1.30458822835364,12.0436886946867,-1.50394012848522,0.25203780325452,1.30458822835364,9.95243615281181,-5.58019679574227,0.741724673788934,1.30458822835364,12.3372833074983,-1.56567583127488,0.265019298256874,1.30458822835364,10.0912181008778,3.70048108291844,0.0942294129169857,-0.573690793926792,-7.25589401162161,-6.98197469927824,2.28755860792962,8.9631164309969,-3.33984193445076,0.415280202161442,-4.12197545071566,0.577640553554428,4.73343245,0.10693027,-0.857,0.03002486,55.4517799300038,-61.3483167311702,1287.42242132453,0.249801604706012,0.20926535260102,10.7534121075735,0.222116845963139,-1.48559125269971,-912.671307196502,-914.236113580341,-927.971642059054,-928.853062590297,0.861650534805001,-978.474887381046,0.391764276339423,1874.89785752184,1893.10971646474,NA,2513.49652591789,0.543162831426732,1.44665981102388
"858",-5.86,0.73,-5.86,0.83,1.359326,9.604077,-1.1484446,0.2002995,35,35,-6.87377227113016,0.790337391680267,-5.58030004573707,0.82272372707577,1.47923133500663,9.50280980746893,-1.05899371321004,0.154724353977934,1.47923133500663,6.55233610034846,-6.22703615843361,0.806530559378019,1.47923133500663,9.92107740693475,-1.04852100688095,0.154986572658021,1.47923133500663,7.86085295244743,2.46024632774175,0.0622707995088518,-0.377005023937467,-8.12288783714518,-6.63646620607163,2.0494022791707,7.83828114423024,-5.19003813265379,0.606250003217273,-4.17757679728762,0.61764608733803,6.45562814,0.12405912,-0.897,0.02500368,100.871522620259,-152.187802111681,1344.55781229363,0.00108474197628417,0.000880558479236131,7.66122128873706,0.129454590938016,-0.919051420753276,-914.570125433295,-921.72632583259,-932.732899788528,-943.917926602697,11.781671890718,-947.347419844126,14.5156326116412,1878.69549399543,1902.63223192368,NA,2536.92782247559,0.371880345822936,1.10269172562467
"859",-5.86,0.73,-5.86,0.83,1.359326,9.604077,-1.1484446,0.2002995,35,35,-5.51760176795634,0.678332267927696,-6.75649099446824,0.881587650974784,1.33900445503451,8.13819770251373,-0.988391474051784,0.19073609200994,1.33900445503451,9.45075723569496,-6.13704638121229,0.77995995945124,1.33900445503451,8.52190933140555,-1.05134420012368,0.201064279694345,1.33900445503451,9.51983614753673,2.42135582106843,0.0556746661717347,-0.349901177358333,-7.43401487774424,-7.46196112841907,2.07827038329713,10.1905920693196,-4.29442902934764,0.547404327012454,-4.78361264631818,0.622582926490201,6.37936466,0.16586613,-0.889,0.02186564,118.280950909332,-187.006658689827,1356.33290441078,0.824660764693167,0.779619318573007,7.11966411409056,0.133377876409601,-0.924034237447729,-910.008973798533,-911.393621180676,-931.069058458059,-931.530231990992,0.449476138360234,-959.033771689962,0.00399612393279701,1869.5731907259,1899.30454926275,NA,2525.65915013174,0.357188751133681,0.966706961863381
"860",-5.86,0.73,-5.86,0.83,1.359326,9.604077,-1.1484446,0.2002995,35,35,-5.89739374571042,0.769643614949249,-6.35065341497747,1.01758445935029,1.37982308915762,9.8535865977729,-1.15241076083005,0.186911782014242,1.37982308915762,8.19603617089435,-6.12402358034395,0.89361403714977,1.37982308915762,9.9049476797189,-1.1805061571128,0.202280447594817,1.37982308915762,8.95987333123414,3.46675676938893,0.0935185850760761,-0.557580046778062,-7.26979747856411,-6.2458897564957,2.01275892654335,9.27188876042335,-4.18029287136194,0.556718777758955,-4.3747947668136,0.699029278069274,4.72634364,0.08827899,-0.87,0.03098657,54.3268549949745,-59.0984668611116,1276.37047846575,0.0142324324148723,0.0144945920945355,9.25156000373702,0.21964529796035,-1.34525246376624,-911.753321545198,-916.749715602617,-929.473006284577,-935.05843323278,5.6481864509733,-948.188326773208,6.03429487958527,1873.06188621923,1896.11244491578,NA,2493.64249007038,0.515652877629187,1.44299804573149
"861",-5.86,0.73,-5.86,0.83,1.359326,9.604077,-1.1484446,0.2002995,35,35,-6.83969332155855,0.7757651085887,-5.43246561128069,0.785909242422075,1.30564262156356,9.28985133642915,-1.17195587639837,0.192206206647654,1.30564262156356,7.06601659242956,-6.13607946641962,0.780837175505388,1.30564262156356,9.78492379357262,-1.1683870998416,0.192231932510461,1.30564262156356,8.50975866394646,2.94130965780883,0.0681779795459911,-0.433703574385669,-8.17562677936615,-6.70796294470466,2.01759484635427,7.09862769690666,-5.14071334758246,0.586641027922174,-3.91491589225741,0.573658619340118,4.89932271,0.10464013,-0.866,0.02136876,134.455593265527,-219.355943402217,1327.10687267398,0.000473818668921249,0.000512590440234864,8.94196397165372,0.16058543104046,-1.12010742861421,-894.021863605344,-901.306804226869,-906.756424739964,-918.28253693344,12.1713685730937,-940.456195532699,15.6875366172094,1837.59897033953,1850.67928182656,NA,2434.85780194575,0.409679159194411,1.25764687198472
"862",-5.86,0.73,-5.86,0.83,1.359326,9.604077,-1.1484446,0.2002995,35,35,-5.44281595400326,0.678694132814423,-5.85631841582004,0.811379516238419,1.29711442928907,6.95870839138619,-0.975072814992467,0.221821917610252,1.29711442928907,10.1918636390285,-5.64956718491165,0.745036824526421,1.29711442928907,7.00145446286833,-0.988789248165698,0.226223270353845,1.29711442928907,10.3179057146384,3.12763810471431,0.0843183362383588,-0.499512418133984,-7.35707316643575,-6.98007044878423,2.16008701725415,10.014981601722,-4.03939834194147,0.496761067692924,-4.51259469228393,0.630470084117992,5.1679951,0.1315799,-0.83,0.02196689,117.47076073012,-185.386278331403,1327.286297523,0.340537027248797,0.307474439613401,5.74682550929741,0.150459533003582,-0.879495816701051,-905.244576124449,-905.90381518437,-928.077796270253,-928.861725893565,0.765811791307255,-967.940236248241,0.710854800052795,1860.04439537773,1893.32202488713,NA,2469.18631671459,0.477770032036733,0.952444401491849
"863",-5.86,0.73,-5.86,0.83,1.359326,9.604077,-1.1484446,0.2002995,35,35,-5.70726894022534,0.763466374018844,-5.62750586679296,0.807122332917014,1.45207115086664,9.07048819681207,-1.15833871899104,0.200529098606596,1.45207115086664,6.97883543858734,-5.66738740350915,0.785294353467929,1.45207115086664,9.0720787337829,-1.15746818562719,0.201005559293426,1.45207115086664,7.05135164284648,3.00609079212214,0.07704275883891,-0.467788359901036,-7.1164750760589,-6.77662109635555,2.18429109641663,7.3113234438332,-3.98415276182631,0.540008196202105,-4.0351916454155,0.577836732107144,4.11251623,0.08308527,-0.83,0.02732358,77.5891593233081,-105.623075517779,1238.46291099113,0.762414120284112,0.755296133958498,8.21805411825689,0.185773082169279,-1.19983839306285,-918.403245674836,-918.837208188825,-932.038128584351,-932.671454808053,0.618022758781739,-960.812918260286,0.757096052901153,1886.36173447851,1901.24268951533,NA,2371.30274646449,0.442459852976972,1.1150665768517
"864",-5.86,0.73,-5.86,0.83,1.359326,9.604077,-1.1484446,0.2002995,35,35,-5.40706897195692,0.615073937651018,-5.21895964169282,0.720670098414706,1.38783401028026,9.76773814814832,-1.34861876248849,0.267119218267333,1.38783401028026,9.72970006915426,-5.31301430682487,0.667872018032862,1.38783401028026,9.77658442818143,-1.34365285671856,0.269906855559341,1.38783401028026,10.1686243923943,2.74648792916865,0.0875525281446309,-0.473461451285837,-7.70035884418698,-6.8831349131916,2.51449139790237,8.40352306384121,-3.78389042053884,0.426164025265943,-3.88787381117787,0.543207024696329,7.43388116,0.18418591,-0.891,0.02327984,97.8084977851501,-146.061752441463,1342.08780313571,0.119817119801012,0.103509553870239,5.70383106729392,0.131170354521842,-0.792185637588611,-925.031306601974,-926.775718423395,-941.688318650038,-944.494818137079,2.78170440813421,-999.625121856782,3.36115363816114,1899.61785633279,1920.5430696467,NA,2538.11385382996,0.501834551439171,0.963482187579709
"865",-5.86,0.73,-5.86,0.83,1.359326,9.604077,-1.1484446,0.2002995,35,35,-5.4242237282026,0.620174576501669,-5.84978897519707,0.868503307093836,1.43813297186864,6.9368313561723,-0.820574737115398,0.14226656265914,1.43813297186864,6.25545261320372,-5.63700635169984,0.744338941797753,1.43813297186864,6.98210780103467,-0.846994756507966,0.157683352268519,1.43813297186864,7.02654992795911,3.51650230977854,0.0799485605775101,-0.515501956290283,-7.68712531405184,-6.63321224415736,2.09906370984669,7.05172732521348,-3.90157488309338,0.443075841727962,-4.40301921664303,0.666666410633841,3.08467465,0.05499286,-0.749,0.02612127,96.8492357957273,-144.143228462617,1265.65210472858,0.00077695464219256,0.000550935058614111,7.78378173551236,0.190823648896496,-1.15303660405935,-906.011147935287,-911.738095543535,-923.022312856661,-930.092419049133,7.22692576172905,-949.951305023503,7.82063222095117,1861.57753899941,1883.21105805995,NA,2387.16098099455,0.47643967866341,1.22919323167139
"866",-5.86,0.73,-5.86,0.83,1.359326,9.604077,-1.1484446,0.2002995,35,35,-5.06738393163343,0.563706672008671,-6.75689702131719,0.912839047396018,1.33990438531328,10.3265494534215,-1.07516841969037,0.153456785942768,1.33990438531328,8.75601038212259,-5.91214047647531,0.738272859702344,1.33990438531328,11.0401630734748,-1.2226343492527,0.183930139828671,1.33990438531328,9.05778113139814,2.96289831341829,0.0708943650820279,-0.440603860658622,-7.66670668026286,-7.27617942230831,2.08790980173024,9.57325110381447,-4.12942007741632,0.488026340642835,-5.15009112266357,0.707217944501385,8.1318388,0.13146683,-0.916,0.02360018,105.740247074562,-161.925251020286,1329.05259341686,0.0338748000667403,0.035054231176538,6.71156435108682,0.147786808979327,-0.935918097719946,-902.625270333033,-908.013719863144,-926.418302394907,-928.550714658236,2.10336091773134,-958.181388172497,0.822108968646778,1854.8057837949,1890.00303713644,NA,2496.17993581343,0.43376014252881,1.01523212567306
"867",-5.86,0.73,-5.86,0.83,1.359326,9.604077,-1.1484446,0.2002995,35,35,-5.75857656667224,0.675626527928964,-6.07133273886578,0.811658937408122,1.34323073708323,10.9990919014217,-1.39595245218625,0.255818086909975,1.34323073708323,10.6716704893854,-5.91495465276901,0.743642732668543,1.34323073708323,11.023546007233,-1.40658869610699,0.260444291017152,1.34323073708323,10.8636392547045,3.01209984024955,0.0824310536710907,-0.487894998522311,-7.69110977520876,-7.19342005280664,2.30971946751049,10.0247216743524,-3.56842120233014,0.415161498326365,-4.17554979307593,0.56242701142742,5.27681521,0.16233021,-0.884,0.02466799,94.0965060037279,-138.637768878618,1362.52588819219,0.371270781964317,0.324100809616172,10.5066199908812,0.1841283234389,-1.31977286185695,-921.815470094624,-922.773938062458,-939.575440816079,-940.717394054755,1.1184239696943,-984.380675690389,1.15754381048867,1893.18618331809,1916.31731397879,NA,2586.41400750576,0.453655054930652,1.39141444913497
"868",-5.86,0.73,-5.86,0.83,1.359326,9.604077,-1.1484446,0.2002995,35,35,-5.92664864226332,0.78985159543697,-6.51424408759918,0.919119689120216,1.2347637433693,10.6479863464078,-1.07207387703637,0.165526445340495,1.2347637433693,11.8184765170026,-6.22044636493125,0.854485642278593,1.2347637433693,10.7343034482527,-1.09106321280526,0.16970400535162,1.2347637433693,11.8721677318427,3.08065510886595,0.0903604718666728,-0.508712795309656,-7.1786584565865,-6.996108050438,1.80037560911194,14.2623062658392,-4.20696838710573,0.557843963817734,-4.57065158848091,0.646417698585771,6.14070056,0.11594431,-0.827,0.02117044,120.899471838536,-192.243700548235,1343.53272072792,0.622891732541875,0.58893525884083,8.05920196637622,0.157474407717346,-1.08805913727526,-897.912584703825,-898.645778730363,-925.507528292236,-925.800116556999,0.284823442495763,-934.727248517341,0.144320918310103,1845.38041253649,1888.1814889311,NA,2494.82174090761,0.523219314769631,1.03758863338828
"869",-5.86,0.73,-5.86,0.83,1.359326,9.604077,-1.1484446,0.2002995,35,35,-6.55165837729155,0.792860572729053,-6.62936286503593,0.908751596562637,1.49247765233789,10.3111305757786,-1.40007119334518,0.249348869269263,1.49247765233789,7.29906656011488,-6.59051062116374,0.850806084645845,1.49247765233789,10.3126400726325,-1.40232250650547,0.252706551620562,1.49247765233789,7.53918544469465,2.57355115371252,0.0697165632901294,-0.406893301711891,-7.78574148354099,-7.17299724038344,2.30725633820514,7.16841821468657,-4.5979202471713,0.557738707882089,-5.02783044625443,0.708188253408133,6.42374848,0.14293501,-0.893,0.02625964,86.3805516133165,-123.205860097796,1371.62239255186,0.102811107965935,0.0879484261117107,8.5605326728096,0.182076119558292,-1.19282591451182,-930.117477217774,-931.553946965862,-941.517104731007,-943.513685066877,1.96746032016385,-973.623992239928,2.37067286064084,1909.79019756438,1920.20064180864,NA,2620.03892500593,0.414135518099626,1.19641901572864
"870",-5.86,0.73,-5.86,0.83,1.359326,9.604077,-1.1484446,0.2002995,35,35,-5.79377975570143,0.727688621129947,-6.68710485319291,1.0262084445651,1.34687167994775,13.8636579496986,-1.49825121257919,0.218339575688492,1.34687167994775,11.2149016652435,-6.24044230444717,0.876948532847525,1.34687167994775,14.0631653821507,-1.56492002517252,0.240618096934431,1.34687167994775,11.8709747189846,2.73588503559725,0.0766471300055495,-0.443805040636459,-7.41614048504461,-6.53096172242833,2.10474019631236,12.1489052762577,-3.46926999970311,0.435287801781358,-4.54972151722611,0.708867286224046,6.12493931,0.11482131,-0.874,0.02683888,74.5442580590745,-99.5332729893117,1344.18368995184,0.00411434740908806,0.00247600686059829,11.809698922106,0.249799075668678,-1.6282003206826,-920.313427089807,-925.292014637095,-943.423081253964,-947.085348263187,3.65233948475677,-967.778778135212,3.36915383109105,1890.18209730845,1924.01259485456,NA,2588.83410691437,0.437772590701717,1.69448881380376
"871",-5.86,0.73,-5.86,0.83,1.359326,9.604077,-1.1484446,0.2002995,35,35,-6.02452465095352,0.770420561721073,-6.20703046684018,0.896973706392767,1.46747561561702,8.12060227493767,-1.06550291693819,0.214065391681858,1.46747561561702,8.50628886943774,-6.11577755889685,0.83369713405692,1.46747561561702,8.12892936814579,-1.07127708816852,0.218069316288431,1.46747561561702,8.72526636264191,2.52740765051704,0.0758408116747967,-0.421653385741238,-7.39229953599105,-6.82083446405734,2.1956119260338,9.30560133591647,-4.31913036297355,0.556276281766067,-4.2028234281419,0.61068561521829,4.74537615,0.11442224,-0.841,0.02427209,98.8318676128379,-148.108492096838,1324.36150714424,0.31932494578521,0.286238538392429,7.78373414911371,0.180761466237504,-1.12448181891168,-928.118220895594,-929.23175948263,-946.884826674896,-948.478986567909,1.56638092344909,-969.606839515096,1.71750268601209,1905.79168492003,1930.93608569642,NA,2500.61452219165,0.440051216964547,1.17783404686888
"872",-5.86,0.73,-5.86,0.83,1.359326,9.604077,-1.1484446,0.2002995,35,35,-5.69195594211844,0.784865471116319,-6.59336219224213,0.882110773060792,1.31012059893234,8.87641645982925,-1.04136976617388,0.185394207127738,1.31012059893234,9.40206419146399,-6.14265906718028,0.833488122088555,1.31012059893234,9.07954976676977,-1.06328414691586,0.187758369315306,1.31012059893234,9.48737292693593,3.08836018700928,0.0795927187104134,-0.482496075302555,-6.9736717948856,-7.29571570017272,1.94864549699592,10.6232689284564,-3.67461136966433,0.501855367382704,-4.72599482693935,0.62874859350855,3.94715623,0.09938764,-0.81,0.02446741,98.6321788975358,-147.709114666234,1302.8533896977,0.281783368278281,0.207636726718236,10.0196999980512,0.197244022899714,-1.36540897786348,-905.048578993487,-905.686922577412,-925.399382259598,-925.971120468426,0.557677198036573,-944.583153357104,0.544898993782115,1859.65240111581,1887.96519686582,NA,2457.99766472917,0.454343006438174,1.26510668421446
"873",-5.86,0.73,-5.86,0.83,1.359326,9.604077,-1.1484446,0.2002995,35,35,-5.44085154540229,0.590714775062951,-6.0589311892623,0.843679795930889,1.34883971021583,11.9017668993023,-1.37886071547361,0.220141471347582,1.34883971021583,9.97699624536202,-5.74989136733229,0.71719728549692,1.34883971021583,11.9972725108408,-1.41794884797538,0.236139296793261,1.34883971021583,10.5951402996163,3.51850404109233,0.0879088511450481,-0.543795347935839,-7.8792670049161,-6.99024651415608,2.285558108878,9.65369182719876,-4.26202644508807,0.484150648263257,-4.36864212324191,0.609268742299352,8.0589505,0.14742104,-0.884,0.02185282,115.697651553274,-181.840059977711,1368.69550893052,0.059790177723826,0.0542647792126732,6.48967522485712,0.142831138995666,-0.894448853499192,-917.354545789849,-921.281079493095,-936.300973055718,-940.135869714676,3.82926209955234,-980.606117812366,3.86258550069101,1884.26433470854,1909.76837845806,NA,2555.55095788333,0.496059477906172,1.02054217562649
"874",-5.86,0.73,-5.86,0.83,1.359326,9.604077,-1.1484446,0.2002995,35,35,-5.64611899116452,0.753687387925789,-5.19780224261867,0.724537643398693,1.47121442932429,9.30760111116258,-1.03245619607143,0.190578257856677,1.47121442932429,10.1200906935497,-5.4219606168916,0.739112515662241,1.47121442932429,9.35784808791926,-1.03572327574326,0.190790684758176,1.47121442932429,10.1662375985519,2.77891200858966,0.0788338236075487,-0.453313442504948,-7.1135857956341,-6.83893568190675,2.23824874145062,11.4474668617976,-3.4681665355241,0.446591211620672,-3.72471455830309,0.527122123593909,3.20933824,0.07853646,-0.718,0.02681491,79.0905556128964,-108.625868096955,1317.07839813132,0.606473329843198,0.590745681494235,9.97575457456083,0.203570904666321,-1.37161439603834,-934.288061994084,-934.495771211551,-958.484231917645,-958.774121568779,0.282191002450299,-980.927949394415,0.322193815621196,1918.13136711701,1954.13489618192,NA,2525.53092816568,0.450636572429171,1.32745874116907
"875",-5.86,0.73,-5.86,0.83,1.359326,9.604077,-1.1484446,0.2002995,35,35,-6.51552091627958,0.824858948821105,-5.88305618330601,0.86809770447082,1.42803265814402,9.41125826108842,-0.946096206196434,0.150841968235783,1.42803265814402,9.49800570518493,-6.1992885497928,0.846478326645962,1.42803265814402,9.51126117070225,-0.939259459184908,0.151309365733317,1.42803265814402,9.98633598735405,2.18686332147148,0.0533897802241233,-0.328547533130114,-7.55896597798638,-6.66889592773652,1.94623276401761,12.2939410218472,-4.08226311436244,0.505002781784399,-4.54853986701291,0.666320449959006,5.95764864,0.11171465,-0.821,0.02297639,105.87410319464,-162.192963260442,1357.65744251831,0.105698773102186,0.076985850405394,8.03317096198824,0.164222676022042,-1.09721891093962,-920.870731450351,-922.805110540666,-947.155797418835,-950.338488216651,3.16312070311595,-948.980093282947,3.64373521474481,1891.29670602954,1931.4780271843,NA,2553.12192177617,0.324339733172048,1.10134528249341
"876",-5.86,0.73,-5.86,0.83,1.359326,9.604077,-1.1484446,0.2002995,35,35,-5.59011865276183,0.711441399601161,-5.70447279032808,0.868804443825545,1.4464410485899,4.51484757495795,-0.517306836706538,0.104830079851048,1.4464410485899,5.65746476256618,-5.64729572154496,0.790122921713353,1.4464410485899,4.51811679215258,-0.521805615508308,0.111020861772939,1.4464410485899,6.10542453010729,2.6706795966871,0.0731145345933721,-0.427973824546173,-7.30927612368304,-6.48610196456595,1.90594297344577,7.36804768332398,-4.04428247895688,0.525066453475572,-4.05006915516434,0.618876841028575,1.99283825,0.05351948,-0.738,0.03341906,49.3548002780316,-49.1543574272258,1221.58907946232,0.0808772806398625,0.0741680270165999,7.08741795969906,0.159390708106902,-1.00962917009866,-897.736053255831,-900.873119097496,-918.412585547224,-922.970969087401,4.57550513283593,-927.653939362624,5.05587549208787,1845.0273496405,1873.99160344108,NA,2394.02380149742,0.420203197811992,1.04403969894726
"877",-5.86,0.73,-5.86,0.83,1.359326,9.604077,-1.1484446,0.2002995,35,35,-5.54054345585328,0.732243981742134,-4.72431047566261,0.616302632801282,1.38003772685369,11.789229833252,-1.17743566372373,0.170121725180846,1.38003772685369,10.7280247674926,-5.13242696575794,0.674273307271708,1.38003772685369,11.9557889027398,-1.20109445191706,0.173482324279402,1.38003772685369,10.7596561325914,2.43899897231367,0.0537154863592491,-0.348582643370336,-7.13576452545886,-7.0102801001366,2.20849108855312,11.6627464143262,-3.50151205601133,0.465416185407796,-3.27968867801396,0.435455042068321,5.8424881,0.1029793,-0.854,0.0285872,59.4396007901879,-69.3239584515384,1299.49646214425,0.956796842997728,0.918107144791984,8.29791883995943,0.154024157766067,-1.07450243254814,-919.163643136838,-919.640508419079,-946.535724346363,-946.72426547181,0.183401115648799,-978.248964464292,0.0670043583521215,1887.88252940251,1930.23788103935,NA,2529.66896583696,0.336926937018397,1.11334783717277
"878",-5.86,0.73,-5.86,0.83,1.359326,9.604077,-1.1484446,0.2002995,35,35,-5.76173641085251,0.721606587349703,-6.11162912269559,0.94829936057874,1.43339053544695,9.78088150221096,-1.3662183005113,0.234054814295336,1.43339053544695,5.8697677676315,-5.93668276677405,0.834952973964221,1.43339053544695,9.81148772966118,-1.38604783780639,0.246902217653904,1.43339053544695,6.56072123710525,2.69321279711633,0.0716587803567396,-0.422556791751391,-7.42033232361165,-6.41964815380267,2.24573157790886,5.278317449132,-4.21393148669905,0.529565887299649,-4.51789240249843,0.701222113165936,6.0018367,0.14662052,-0.902,0.02805378,69.8946261813813,-90.2340092339253,1253.63235746956,0.0108376042053834,0.0105820715577057,6.72341700598195,0.164633012627607,-0.999894143897612,-911.121726565612,-916.324488943079,-918.389449611197,-925.097989599683,6.83936306342041,-957.791129867406,8.45161886251129,1871.79869626006,1873.94533156902,NA,2417.0307057052,0.425121683768689,1.04370661815548
"879",-5.86,0.73,-5.86,0.83,1.359326,9.604077,-1.1484446,0.2002995,35,35,-6.6270971861307,0.829844072690379,-6.50497671351179,0.943795053291998,1.21231150996943,10.7572592940782,-1.29518728051635,0.220309896452782,1.21231150996943,10.6932464391336,-6.56603694982125,0.886819562991189,1.21231150996943,10.7609876465364,-1.29170834361474,0.2235561029478,1.21231150996943,11.1801458138038,3.41634693480253,0.0900345193178915,-0.539994376321326,-7.64084216982393,-6.83983124185451,1.91271209063262,11.1411179526928,-5.05124259766945,0.646117142964726,-4.62116753906752,0.67517000644443,5.64020535,0.12864377,-0.829,0.02396601,99.8746086141269,-150.193974099416,1366.28289028781,0.209916263288987,0.195060541417294,9.00644213166666,0.180202258350189,-1.22586530984177,-896.264201230073,-898.263765961221,-914.58025724282,-917.435962267539,2.83147692558369,-941.548740231618,3.28787699932469,1842.08364558898,1866.32694683227,NA,2582.37180647621,0.51041786172473,1.18886387907296
"880",-5.86,0.73,-5.86,0.83,1.359326,9.604077,-1.1484446,0.2002995,35,35,-6.2140459016422,0.690073465617454,-6.17035990327566,0.904381760783483,1.34272721115118,11.6591220787519,-1.47982058396221,0.251223011425276,1.34272721115118,9.33567736074768,-6.19220290245893,0.797227613200469,1.34272721115118,11.6595991953653,-1.47748001600407,0.262705022769518,1.34272721115118,10.5479699010972,3.41268272561738,0.0867747492219755,-0.521775497594774,-8.06050799386206,-6.74002862941379,2.24301298320873,8.78447839007015,-4.1825209243923,0.462778647504913,-3.88678536323155,0.585286593158187,5.2292927,0.13233743,-0.879,0.02780837,74.5942061037146,-99.6331690785917,1376.6600161624,0.00129129783415969,0.00125514086898147,10.8406575171429,0.213784523067046,-1.4122913962607,-916.525686327421,-922.077356650142,-930.974183054204,-938.737737728971,7.97585778527085,-973.023697243781,9.45454717252721,1882.60661578368,1899.11479845504,NA,2653.68686324621,0.526631918380334,1.62162408822051
"881",-5.86,0.73,-5.86,0.83,1.359326,9.604077,-1.1484446,0.2002995,35,35,-6.04773530346238,0.844160920121693,-4.70237153717298,0.695472976833468,1.44925531694319,11.7862707299831,-1.43441584403025,0.242565069454027,1.44925531694319,9.46782952959575,-5.37505342031768,0.769816948477581,1.44925531694319,12.2387716458942,-1.48442568687626,0.248092095573848,1.44925531694319,9.62922035314172,3.04251536970452,0.0807534001901799,-0.479994249197481,-6.97618421492777,-6.51666473879834,2.34140611185099,9.49764074946442,-4.66445463502786,0.663818564207094,-3.03587040761731,0.469919172901651,5.05802379,0.13491743,-0.855,0.02731788,67.7666666260176,-85.9780901231978,1270.27489439254,0.0520678071813873,0.0394706172754665,10.0906820634914,0.187624110023014,-1.32675042986245,-933.570847290228,-934.687334735365,-950.56856349085,-951.639573712427,1.04840988956663,-986.004304812027,1.02231881492727,1916.69693770929,1938.30355932833,NA,2454.57169866189,0.467093371378147,1.28266996517498
"882",-5.86,0.73,-5.86,0.83,1.359326,9.604077,-1.1484446,0.2002995,35,35,-6.82643815251804,0.876474751432212,-5.85003977491325,0.837229188015801,1.46229188491163,5.93150829437556,-0.629707659069811,0.152172794971918,1.46229188491163,10.0911632126477,-6.33823896371564,0.856851969724006,1.46229188491163,6.16984674232289,-0.639287485181804,0.152557848533885,1.46229188491163,10.4234665041237,2.13580022356539,0.0571095926249399,-0.33190033901127,-7.56236961887945,-6.81978615254252,1.97507210330683,13.3130112409316,-4.49093369226702,0.583286502788294,-4.62240067868616,0.673239071240495,3.78161045,0.09024258,-0.763,0.0261536,87.1778631069053,-124.800483084973,1381.34398556151,0.353215820450606,0.323817495443336,7.48112193821888,0.154400702691472,-0.992285815983345,-925.745455041666,-927.238099799024,-956.8115114958,-958.877982941272,2.03735382728853,-955.168998184217,2.32125870255304,1901.04615321217,1950.78945533823,NA,2637.88748803804,0.353766658533276,1.16106013395531
"883",-5.86,0.73,-5.86,0.83,1.359326,9.604077,-1.1484446,0.2002995,35,35,-5.84528436678477,0.667480846816843,-5.72188432495918,0.740770624777612,1.4587728736929,8.38150799580943,-0.862441813656545,0.135757105850055,1.4587728736929,7.84218247515659,-5.78358434587198,0.704125735797228,1.4587728736929,8.38531488839006,-0.860180823240108,0.13709995373844,1.4587728736929,8.03849689005429,3.10225324478704,0.0902913816726907,-0.516395923337731,-7.82634743553092,-7.26630586179721,2.12443171587506,9.3204270117795,-3.85339714046331,0.443491345993862,-3.80268407874086,0.483309009546977,3.48682595,0.07642923,-0.815,0.02680047,90.3189547000776,-131.082666271318,1333.38499498175,0.541248218835785,0.515646872877158,9.84768319010645,0.175596838103057,-1.25602675820173,-916.664106173031,-917.798840795893,-940.358160830084,-941.895301669374,1.50973815011739,-961.582824044045,1.70234293557929,1882.8834554749,1917.8827540068,NA,2535.68732369218,0.500095120447131,1.27979454150051
"884",-5.86,0.73,-5.86,0.83,1.359326,9.604077,-1.1484446,0.2002995,35,35,-5.1349347796929,0.623331875589262,-6.79787506811738,0.944245118460872,1.56144703686078,3.46788267709734,-0.434748004279015,0.11401230043996,1.56144703686078,5.88185661982384,-5.96640492390514,0.783788497025067,1.56144703686078,4.15922527781366,-0.568162894444053,0.139758627802553,1.56144703686078,6.06317311300201,2.53780639501321,0.0682622429859033,-0.399429911805705,-7.37902599459195,-7.13004822464723,2.11410261070952,7.46827937349926,-3.87008384883194,0.491279061386234,-4.87840595385021,0.681056947753127,0.68705285,0.03671074,-0.452,0.03070698,74.9588614098607,-100.362479690884,1286.91639713802,0.10062619488045,0.0840202246785034,9.01629273488843,0.20595438538837,-1.30834319956764,-914.64826432233,-918.917219679395,-939.477254252407,-941.297669134982,1.79159814236747,-953.465792430206,0.41204710490281,1878.8517717735,1916.12094085144,NA,2473.47031458515,0.407547058440367,1.28783740999672
"885",-5.86,0.73,-5.86,0.83,1.359326,9.604077,-1.1484446,0.2002995,35,35,-6.20734805081246,0.77139527603695,-6.16580082567662,0.830935867033751,1.37577947985926,11.7803107374374,-1.39911428550471,0.242069731819533,1.37577947985926,10.9804845534417,-6.18657443824454,0.80116557153535,1.37577947985926,11.7807422804165,-1.39849584892,0.242956002313595,1.37577947985926,11.0860850580355,3.28573328689625,0.0820854050699913,-0.497801987325365,-7.56931584018264,-7.17304118119546,2.21285852180265,11.3303938816493,-4.13839688733767,0.519786625246725,-4.30128692864079,0.590200897987388,6.93561322,0.17413376,-0.895,0.02449752,89.7270386403231,-129.898834151809,1370.20876384078,0.600864111030028,0.593503770316399,9.57766782132175,0.163435193284633,-1.18371490945598,-927.569386881928,-928.002669813975,-947.269427891419,-947.88373087532,0.599377619523434,-977.802091916628,0.684871296460489,1904.69401689269,1931.70528812947,NA,2610.51869352975,0.501167170584248,1.27186915265009
"886",-5.86,0.73,-5.86,0.83,1.359326,9.604077,-1.1484446,0.2002995,35,35,-5.16394979558561,0.677496228172808,-4.60537970174676,0.615509531061789,1.29376808515312,7.08851716335294,-0.755005204436294,0.126665684557032,1.29376808515312,7.87219349882716,-4.88466474866618,0.646502879617299,1.29376808515312,7.1665173007857,-0.763661183241806,0.127626272211715,1.29376808515312,7.90302150739793,3.15796250467564,0.0839772819772829,-0.501996673088863,-7.08534381389128,-6.89607442115386,2.0422335406758,8.5049537819273,-3.70081879521894,0.484680377842111,-3.08432513946187,0.410826707899221,4.57628186,0.09372022,-0.86,0.028566,65.4082588264938,-81.2612745241502,1207.16413069665,0.651161857425763,0.609990218708912,5.57800992107585,0.106604173562513,-0.734066635169291,-888.459288829236,-888.739642354815,-911.186369876065,-911.429175688859,0.236278050415562,-949.034140281311,0.219610107644429,1826.47382078731,1859.53917209876,NA,2333.06698686914,0.472962216022973,0.752418199551689
"887",-5.86,0.73,-5.86,0.83,1.359326,9.604077,-1.1484446,0.2002995,35,35,-6.37533566746918,0.819828067155539,-5.96885022713398,0.896070902804578,1.29208173217306,11.059022830504,-1.44358272457205,0.241854707722246,1.29208173217306,8.28049263042315,-6.17209294730158,0.857949484980058,1.29208173217306,11.1003304338051,-1.43583482391675,0.243307950219198,1.29208173217306,8.79218906104775,2.63789632583297,0.0774650825176776,-0.435319564884397,-7.4487534202991,-6.58803289451126,2.07284556359329,7.8719770460528,-4.59060795672227,0.599554993149116,-4.16907326690547,0.632663502668665,6.54283242,0.15348206,-0.899,0.02450359,93.341653687132,-137.128064245427,1287.38397320345,0.0959586233765892,0.0921814350332526,7.3931904746024,0.14804211498987,-0.995124470405363,-902.285088222551,-904.823635089036,-914.016297980855,-917.773226171575,3.7493006748809,-950.267270732256,4.79384430753812,1854.12541957394,1865.19902830834,NA,2437.63988216147,0.450535835428482,1.02017762236838
"888",-5.86,0.73,-5.86,0.83,1.359326,9.604077,-1.1484446,0.2002995,35,35,-6.27406600001917,0.826448223321222,-5.49231418490266,0.80866972196913,1.38929037323809,6.90830496087811,-0.952939188767901,0.179225430136593,1.38929037323809,5.9715230345423,-5.88319009246091,0.817558972645176,1.38929037323809,7.06108893598761,-0.956413782693414,0.179304448914175,1.38929037323809,6.25969738495264,2.35381260964706,0.0617483908912614,-0.36872159215836,-7.30804257551053,-6.63221047091031,2.01923561613606,6.32710902979264,-4.70289976520471,0.623587689487673,-3.5478313496082,0.524205584420575,3.31087508,0.07880278,-0.854,0.02927763,72.1807070742337,-94.8061710196301,1223.64460063363,0.0549220169896526,0.0431355849559077,8.22096150697167,0.177857845432074,-1.16380191604477,-899.48737253188,-901.426990230917,-911.762549245835,-914.597859465238,2.81084287189622,-937.151380343515,3.67371064432431,1848.5299881926,1860.6915308383,NA,2352.48303024764,0.359793459025348,1.12719621097359
"889",-5.86,0.73,-5.86,0.83,1.359326,9.604077,-1.1484446,0.2002995,35,35,-6.23157528376671,0.780481445361653,-5.86585065886829,0.851512011036602,1.42705341545557,10.7632851918861,-1.07551719267225,0.166537704928975,1.42705341545557,10.5024740495353,-6.0487129713175,0.815996728199127,1.42705341545557,10.7967238172004,-1.0690227859253,0.167799040244001,1.42705341545557,10.8919404562464,2.06310822004683,0.0507290449823998,-0.305313842993376,-7.53941002752664,-6.75050367290307,2.02460213995289,13.047858565383,-3.83826168535264,0.476244215722556,-3.85284695417236,0.561719776548667,3.28856494,0.06329743,-0.746,0.03048822,57.9332639098614,-66.3112846908853,1350.42906638882,0.187989237952305,0.167406156407895,12.7041964191646,0.237775693692072,-1.66191139473534,-926.203549459196,-927.779377178088,-953.384115156534,-955.715027734039,2.30243646213003,-960.582765934987,2.60404240643004,1901.96234204723,1943.9346626597,NA,2634.54684808676,0.329338719171852,1.67177479195468
"890",-5.86,0.73,-5.86,0.83,1.359326,9.604077,-1.1484446,0.2002995,35,35,-6.34659831254846,0.833283337356076,-5.26659290678356,0.794888404049006,1.41795688004094,9.43223295157309,-1.1475100184014,0.170225911649535,1.41795688004094,5.5132029057023,-5.80659560966601,0.814085870702541,1.41795688004094,9.72383587069345,-1.1578767022828,0.170594454375449,1.41795688004094,5.96267838747863,2.37492824713569,0.0632195818317407,-0.377057823152237,-7.33985304734135,-6.48859471877026,2.02588355793299,5.92361587654453,-4.99607610409001,0.669716573435336,-3.65048484749193,0.549444450738407,6.62013539,0.13246835,-0.923,0.02905959,64.486845285724,-79.4184474426107,1219.46323516162,0.0594435018347904,0.0478140579552749,6.34505337364067,0.117492582998996,-0.830765230246179,-899.768740190982,-902.809190647749,-912.006244151762,-916.677546666946,4.69267320599386,-935.974169747744,6.14783587020109,1849.0927235108,1861.17892065015,NA,2359.50802288062,0.358489623886073,0.812119860876687
"891",-5.86,0.73,-5.86,0.83,1.359326,9.604077,-1.1484446,0.2002995,35,35,-4.56403668422062,0.503117391708899,-5.91261153491886,0.824092870436219,1.51814671597151,9.33175391719442,-0.915918940799846,0.151328250863488,1.51814671597151,9.62255477190072,-5.23832410956974,0.663605131072559,1.51814671597151,9.78641744917838,-1.02413380537547,0.177084565349546,1.51814671597151,9.95652478357558,2.9447116198113,0.0801628707113888,-0.472554330989206,-7.52433468619936,-6.96062069340484,2.37820523509473,10.7923157673061,-3.05327615889289,0.338616655829173,-3.95335686509596,0.550395730616595,5.58537307,0.09999645,-0.828,0.02769367,69.5111165897109,-89.4669900505845,1354.3157921072,0.0591789508639108,0.0445713016047677,8.53718546045065,0.18692984838317,-1.19269322642177,-935.315827076109,-939.59444194703,-962.973579374396,-965.140471391132,2.13790008915406,-993.895359806071,1.34839198120632,1920.18689728105,1963.11359109542,NA,2619.16459416382,0.453579295025341,1.26627059939386
"892",-5.86,0.73,-5.86,0.83,1.359326,9.604077,-1.1484446,0.2002995,35,35,-6.18773383093727,0.729201872827906,-5.50113642392884,0.812502554613177,1.40384823725496,13.0061069378425,-1.60563755263029,0.24118975908471,1.40384823725496,7.59838821187907,-5.84443512743305,0.770852213720541,1.40384823725496,13.1239609376702,-1.59133904460134,0.242924509981183,1.40384823725496,8.48148113412212,2.62736347555316,0.0669308187915757,-0.405471672782972,-7.80107899824787,-6.61819768486465,2.27927732791133,7.09451666321243,-4.21338325165797,0.487196909875311,-4.17245389921404,0.622104722388256,6.94180289,0.14898936,-0.908,0.02588323,86.0705091220896,-122.585775115342,1304.31348537272,0.00399461869082182,0.00400235597189555,8.19616809410141,0.157332340437675,-1.06895636265056,-916.336023485166,-921.323479521719,-928.998330689564,-935.84193482535,6.98390410304629,-970.316737639013,9.02487533524314,1882.22729009917,1895.16309372576,NA,2486.0411956301,0.393118162456659,1.1532477205144
"893",-5.86,0.73,-5.86,0.83,1.359326,9.604077,-1.1484446,0.2002995,35,35,-5.85833991628247,0.770569907615963,-7.22166387895119,0.937900581437385,1.33483400817801,14.6875338646494,-1.59164639027513,0.227437731798156,1.33483400817801,11.4656837867601,-6.54000189761683,0.854235244526674,1.33483400817801,15.1521969214461,-1.6486778696027,0.234437620398539,1.33483400817801,11.6003082189407,2.10169915636177,0.0635855517113912,-0.352286892824207,-7.22522503712446,-7.59163614529232,2.09248094745822,12.333806475581,-3.71249873030262,0.494809049336334,-5.2795035333968,0.675275222579399,8.076022,0.14079412,-0.881,0.02279402,106.209971832635,-162.864700536433,1401.39452755358,0.200624128451692,0.170816373716141,11.3494937294172,0.200932727051344,-1.47087711582656,-919.543998624742,-920.469227893568,-942.646153002131,-943.398072244952,0.734372983053625,-966.836326492014,0.572622704946447,1888.64324037832,1922.45873835089,NA,2639.92435457072,0.367887022645371,1.36354957000347
"894",-5.86,0.73,-5.86,0.83,1.359326,9.604077,-1.1484446,0.2002995,35,35,-5.82360646443025,0.697697948867874,-6.34913109951489,0.932375927402684,1.30377077662893,8.34478621862785,-1.05047683530141,0.195102837482906,1.30377077662893,8.72066773030993,-6.08636878197257,0.815036938135279,1.30377077662893,8.41383025414805,-1.08130910005939,0.208871275885202,1.30377077662893,9.32559597917763,2.94861482863657,0.079092283860568,-0.465221200925815,-7.62464385843022,-6.75201782498108,2.02407430185253,9.16489187348768,-3.6322649402145,0.41086882123531,-4.91633326043805,0.729017080659461,4.60298214,0.13615041,-0.851,0.02372598,105.191369313164,-160.82749549749,1318.5866448817,0.00679979756259668,0.00544995624645389,8.8660886663415,0.198964614622156,-1.26573872407907,-901.683265887128,-905.120035977119,-919.466545653956,-923.692553908165,4.23171762107865,-949.195327598725,4.40427144638128,1852.92177490309,1876.09952365454,NA,2476.34579426592,0.465721494639831,1.28889841916466
"895",-5.86,0.73,-5.86,0.83,1.359326,9.604077,-1.1484446,0.2002995,35,35,-6.73867711767768,0.849036937197525,-5.81771861059736,0.855441876012298,1.33376403477519,10.5447886161963,-1.35312168142902,0.21725123717759,1.33376403477519,7.04518877978064,-6.27819786413752,0.852239406604911,1.33376403477519,10.7568297591372,-1.35164701070682,0.217261492987896,1.33376403477519,7.64875072096723,2.82069661002856,0.07469307567601,-0.446962493739409,-7.63807598117129,-6.67895850603737,2.04225052441733,6.96398061063816,-4.44127353194734,0.552621635506035,-4.28052419094633,0.627998203700398,4.91326632,0.10585009,-0.877,0.02966821,64.1157493780597,-78.6762556272821,1284.81308402512,0.0593635241506329,0.0547338086278443,9.81143571821931,0.198888633689576,-1.34809503306467,-900.794786841974,-904.12389223123,-911.796314826683,-916.860159594724,5.101460403743,-942.8452320912,6.73056246118989,1851.14481681279,1860.75906199999,NA,2490.94991242296,0.42283874860505,1.28800468367712
"896",-5.86,0.73,-5.86,0.83,1.359326,9.604077,-1.1484446,0.2002995,35,35,-6.84101270519035,0.865338244506203,-5.91902410147508,0.76810108226388,1.38476742543907,9.69882747342095,-1.20728679494286,0.222564922931411,1.38476742543907,9.55037208562352,-6.38001840333271,0.816719663385041,1.38476742543907,9.91134321976616,-1.22969968380412,0.224928689361646,1.38476742543907,9.6397450063122,3.42341131961722,0.0895541696762397,-0.534576340128255,-7.64329259802511,-7.3006178449073,2.15081619616562,10.101749784942,-4.6636986171806,0.592334018826602,-4.33950397510676,0.557221429561738,6.0116429,0.127666,-0.854,0.0233877,107.806548659978,-166.057854191119,1390.68959224213,0.910450552677721,0.92629260192267,8.7358207626485,0.180604747119812,-1.20611424795383,-921.461477928245,-922.108543953354,-939.966549644474,-940.557026942691,0.576032632546835,-967.161089041231,0.585216342467836,1892.47819898533,1917.09953163558,NA,2615.32133029315,0.525706905840138,1.18063956707302
"897",-5.86,0.73,-5.86,0.83,1.359326,9.604077,-1.1484446,0.2002995,35,35,-5.23935337152621,0.685735778179334,-5.81788606759682,0.847824958912097,1.49680509617685,8.85259630213977,-0.887838799328333,0.155113615431147,1.49680509617685,9.75836421750029,-5.52861971956151,0.766780368545715,1.49680509617685,8.93627132224545,-0.911282272011634,0.161681841058801,1.49680509617685,9.88499413196424,2.69822795371799,0.0714340698077119,-0.423385460790248,-7.11165828303982,-6.72450558409162,2.13707432246004,12.0794437274159,-3.22026952620636,0.419190121372508,-4.11555871621123,0.60195588768032,3.82222172,0.07850872,-0.757,0.02835865,65.9929949179179,-82.4307467069985,1307.61859178688,0.152929107066966,0.119296347567658,9.3943717854113,0.197183442335602,-1.29787348276371,-933.061729450207,-934.289077431881,-960.39428825316,-961.21340282998,0.800385078015993,-971.328594731929,0.638120422252565,1915.67870202925,1957.95500885295,NA,2532.80643686676,0.42006690081531,1.3135332835679
"898",-5.86,0.73,-5.86,0.83,1.359326,9.604077,-1.1484446,0.2002995,35,35,-6.42435204998552,0.724412680773937,-5.90747085137314,0.799107836853614,1.46463796267934,15.6209708303414,-1.78191539649402,0.254568430926348,1.46463796267934,9.72831891299052,-6.16591145067933,0.761760258813776,1.46463796267934,15.6877623737112,-1.77226326604277,0.25596327251179,1.46463796267934,10.289541134916,2.78456566723846,0.0720477415566319,-0.428758890754797,-8.06622998425533,-7.10433437457181,2.39129561378881,9.63671844837404,-4.27659784685854,0.473527781888464,-3.63075617383154,0.48707091196723,6.81179681,0.14219315,-0.893,0.02403115,100.990755037036,-152.426266945234,1403.98615618032,0.0550129454181718,0.0533340487691576,12.9973399123441,0.219860893777277,-1.62682215888596,-935.911966179255,-938.611741285607,-954.875943791294,-958.445234071033,3.55723123076808,-991.63045460045,4.32874412833547,1921.37917548735,1946.91831992922,NA,2655.5460454154,0.437999396341396,1.61763403113479
"899",-5.86,0.73,-5.86,0.83,1.359326,9.604077,-1.1484446,0.2002995,35,35,-6.26459996845956,0.816802925996336,-5.87298265716873,0.817623507234326,1.22791875838375,10.4904352798385,-1.38159785587504,0.256965106022033,1.22791875838375,10.8358608170082,-6.06879131281415,0.817213216615331,1.22791875838375,10.5287763094641,-1.38151751742051,0.256965274360425,1.22791875838375,10.9478930359033,3.14729165265404,0.0908668723993663,-0.520375948052171,-7.3560407295008,-6.95953460753569,2.08836311446162,10.1428855006643,-4.46315782357495,0.582822337944076,-4.42171612587577,0.621789770737709,7.11541028,0.17570753,-0.887,0.02063325,121.833183505923,-194.111123883008,1324.28707378498,0.656376162230334,0.624899609975029,6.1807202336421,0.130900195207825,-0.850405285585539,-902.138964493081,-902.558165919631,-918.562823650375,-919.222291737219,0.643653300985115,-960.07116133203,0.8039759800798,1853.833172115,1874.29207964738,NA,2454.46302368695,0.509035015711196,0.896021393566302
"900",-5.86,0.73,-5.86,0.83,1.359326,9.604077,-1.1484446,0.2002995,35,35,-6.24389135527576,0.784752796060661,-5.63066396318939,0.736763054122347,1.36881590205198,7.43977072916615,-0.90512808013584,0.182145923565604,1.36881590205198,9.16048105652399,-5.93727765923258,0.760757925091504,1.36881590205198,7.53378268776742,-0.912485236209774,0.18272167739843,1.36881590205198,9.23270592918577,3.47215658565581,0.0900645065527293,-0.546507421934352,-7.52627849686762,-7.19896156895318,2.07986189486014,10.1586381452394,-4.70605199768162,0.605503519441877,-3.93866131749124,0.524178281330297,4.7161398,0.1202367,-0.812,0.0225443,111.987974121754,-174.420705114671,1338.89827858786,0.517947986653659,0.423140533272173,7.52948569169599,0.145472520593462,-1.00583598186661,-912.399229768613,-912.831067113581,-934.492071463334,-934.987900019035,0.483371930293409,-959.121234680872,0.549336177841493,1874.35370266606,1906.1505752733,NA,2503.37585206104,0.504641917793435,0.983829937931084
"901",-5.86,0.73,-5.86,0.83,1.359326,9.604077,-1.1484446,0.2002995,35,35,-6.19054213025915,0.807553978545708,-6.24211340125701,0.843317119522962,1.30552426124342,9.02242141804871,-1.09139200309307,0.201341796630916,1.30552426124342,9.85479772412901,-6.21632776575808,0.825435549034335,1.30552426124342,9.02308631704681,-1.09185309075184,0.201661547194056,1.30552426124342,9.87445524716393,2.62214701171091,0.071612182094059,-0.416861434027354,-7.33708572686283,-7.17558945833952,1.99338568714677,10.7675057761821,-4.26943085980014,0.577800810192035,-4.74248715689258,0.647200379474114,5.1358192,0.123815,-0.862,0.0281016,69.5916628207239,-89.6280825126103,1333.09424208385,0.820609713149987,0.810101708411378,7.64441379715286,0.145463525667123,-0.994003521135737,-907.436972120609,-907.535041019801,-927.520532836276,-927.647184865193,0.123144769745777,-950.576313884692,0.132311072518813,1864.42918737006,1892.20749801918,NA,2576.56040165509,0.422475425934232,1.06669080851828
"902",-5.86,0.73,-5.86,0.83,1.359326,9.604077,-1.1484446,0.2002995,35,35,-5.0958026841812,0.64106662588716,-5.55472545541364,0.830547980257531,1.34343582165703,8.95669218001789,-1.07736405141523,0.211123125931669,1.34343582165703,10.8101552693942,-5.32526406979742,0.735807303072345,1.34343582165703,9.00934470750681,-1.09910337847637,0.220098921845176,1.34343582165703,11.1618875474308,3.97337828567738,0.104250704848542,-0.628374230172597,-7.23423484602339,-6.56427673997181,2.20245908526831,11.0934502068607,-3.71358790688918,0.473688337865358,-3.44841550067488,0.50501444696462,4.97120042,0.11574939,-0.858,0.02653563,76.3553352274506,-103.155427326064,1284.47037112451,0.300365832923405,0.283969036205046,7.76017024541255,0.184352427998402,-1.10706809027862,-917.765953129725,-919.535113933776,-940.438508400936,-942.492820312856,2.02518886169697,-975.968874328398,2.00532230098117,1885.08714938829,1918.0434491485,NA,2465.78531492296,0.585004806830213,1.29319328590346
"903",-5.86,0.73,-5.86,0.83,1.359326,9.604077,-1.1484446,0.2002995,35,35,-6.29516009897234,0.758230449682196,-5.1975208873927,0.794668667903224,1.39125218544297,7.08167427154446,-0.746633940286202,0.125351202904964,1.39125218544297,7.42854125804205,-5.74634049318252,0.77644955879271,1.39125218544297,7.38287723124374,-0.736634936006327,0.125683138841745,1.39125218544297,8.51777466786135,2.89069383096692,0.073993240635203,-0.443024608279508,-7.73556051710448,-6.42083183047488,1.91176260919792,9.37396222305478,-4.80812405294392,0.580068496192608,-3.5538363800173,0.558819136535637,2.5010935,0.04503918,-0.688,0.02817942,83.3638891736135,-117.17253521839,1289.25617989652,0.0010713168034793,0.00147894005677167,8.94127549591633,0.175315877816826,-1.16955523105905,-902.647599462064,-907.665184642897,-925.393568982011,-933.90118367893,8.78774506763445,-935.921631370149,10.3714771320198,1854.85044205297,1887.95357031065,NA,2461.33982457465,0.449864082553396,1.30354608361326
"904",-5.86,0.73,-5.86,0.83,1.359326,9.604077,-1.1484446,0.2002995,35,35,-6.07972239292706,0.705124746133969,-5.22115632993968,0.79790494382863,1.2519751734165,11.5486600171049,-1.35975347609218,0.225709028003056,1.2519751734165,10.9902380902421,-5.65043936143337,0.751514844981299,1.2519751734165,11.7329439382333,-1.3398389938277,0.227861069274121,1.2519751734165,12.3976085902524,3.69791730875785,0.0905969089443106,-0.559771363201842,-7.83651285064657,-6.42518637850881,2.11013685144157,10.7329136075628,-4.15357429242002,0.478637657598762,-3.41477435156839,0.526537955668894,5.50325969,0.1255275,-0.859,0.02519942,89.2429530720996,-128.930663015362,1338.16119129775,0.00430257764968081,0.00434723090949683,9.19682124885409,0.173345434113939,-1.15926853757863,-905.056255138297,-909.918419671571,-924.223377628074,-931.992215724168,7.98159246550577,-964.418248965286,9.57382405167372,1859.66775340543,1885.61318760278,NA,2547.39171958014,0.537492909875135,1.39595986465884
"905",-5.86,0.73,-5.86,0.83,1.359326,9.604077,-1.1484446,0.2002995,35,35,-5.54326281952697,0.836302594378285,-6.1883223879275,0.876332468721728,1.41669356060029,7.65144962127361,-1.01354605456212,0.210245369845079,1.41669356060029,8.8226778406163,-5.86579260372724,0.856317531550007,1.41669356060029,7.75547508296988,-1.02000146792889,0.210645967555066,1.41669356060029,8.92728712916673,1.99192599041782,0.0549587837109818,-0.317774222455185,-6.51852960227411,-6.9251015378595,2.10205500350089,9.7878979960396,-3.86433208622615,0.584409938325925,-4.50723306078593,0.649273790876615,5.03823251,0.16444945,-0.854,0.02608625,77.2628356679514,-104.970428207065,1290.61858768642,0.54858847526925,0.513227173130286,7.10495590826827,0.14947060236095,-0.994525136478621,-920.683711330124,-921.282633146352,-940.548236830751,-941.289779277989,0.72418455912449,-960.539037154297,0.86744280443637,1890.92266578908,1918.26290600813,NA,2476.26674716578,0.325609778534134,0.949675518658101
"906",-5.86,0.73,-5.86,0.83,1.359326,9.604077,-1.1484446,0.2002995,35,35,-5.2909330558232,0.555292214025302,-4.96891288973197,0.792139788936223,1.34008953448019,8.3035912898636,-1.15468392219322,0.224994643792407,1.34008953448019,8.10313358233009,-5.12992297277758,0.673716001480762,1.34008953448019,8.32951553670596,-1.13561649834044,0.239018837227703,1.34008953448019,10.1573552084369,3.17257820932499,0.0791313482254486,-0.488101674572676,-7.94038696770983,-6.207290239302,2.36381773501938,7.06225759249875,-3.22652057173867,0.325217864839273,-3.32561696328532,0.535376635205201,3.545136,0.12258463,-0.862,0.02751414,78.0206463934592,-106.486049658081,1283.80376657072,0.000153267115618739,0.000147374380533094,9.00014986148107,0.200332003399026,-1.21368959210263,-906.796051546714,-915.655102600398,-921.603615531316,-935.847232080784,15.3449435089478,-979.09976691694,18.7552090659471,1863.14734622226,1880.37366340926,NA,2461.12148348336,0.453619338555607,1.55269593717514
"907",-5.86,0.73,-5.86,0.83,1.359326,9.604077,-1.1484446,0.2002995,35,35,-6.70625925405597,0.811797334012777,-5.88563473877539,0.875290871346966,1.23410593564045,12.0096870063379,-1.5232823390155,0.271169377132416,1.23410593564045,11.8344687361845,-6.29594699641568,0.843544102679872,1.23410593564045,12.1780431551077,-1.51025625069092,0.272177234453218,1.23410593564045,12.8608441054516,2.31427269653264,0.0579667053392952,-0.35510974749967,-7.82752203683915,-6.62861945633226,2.11315743828151,11.1254098301418,-5.15279598026947,0.62985654316032,-3.97029591277987,0.594447786942811,6.45394777,0.15870587,-0.861,0.02343383,101.796472413272,-154.037701697706,1388.67532594958,0.0168312737883014,0.0142828177983201,9.74996589448059,0.186725523599239,-1.26791995055467,-908.40534575786,-911.708982165234,-925.464249230082,-930.849592306129,5.43797538836907,-965.920389632875,6.67554103853847,1866.36593464456,1888.09493080679,NA,2623.31295020146,0.338339694365016,1.37899092550867
"908",-5.86,0.73,-5.86,0.83,1.359326,9.604077,-1.1484446,0.2002995,35,35,-5.84676527115486,0.693016315639566,-5.63405248941508,0.803926787718778,1.4047695869876,7.4904401278328,-0.876435972960298,0.148511367386908,1.4047695869876,6.7167388549604,-5.74040888028497,0.748471551679172,1.4047695869876,7.50175180971166,-0.870537954200286,0.151586650591116,1.4047695869876,7.21144470771964,2.35343536727353,0.0605997002438781,-0.358772451979014,-7.67569462446372,-6.80220595035812,2.04142362460962,7.63872292143038,-4.25606004701856,0.504356557254281,-4.00842141075019,0.569119123495744,3.88797278,0.08997655,-0.858,0.02531438,101.456267886629,-153.357292644422,1266.07940093743,0.0447503732745641,0.0438161526232246,7.36547948734044,0.145296196328191,-0.974938793704469,-904.113492864244,-907.082603276324,-921.586267643586,-925.935859784206,4.35935420647338,-945.592415754742,5.14847770837304,1857.78222885733,1880.3389676338,NA,2378.80150923044,0.379213171414618,1.04405749000164
"909",-5.86,0.73,-5.86,0.83,1.359326,9.604077,-1.1484446,0.2002995,35,35,-7.09323626722722,0.798945080035477,-6.63869349145063,0.870438685867043,1.36001183461795,8.001989804046,-0.911092133026849,0.159532846196975,1.36001183461795,8.27035268966749,-6.86596487933892,0.83469188295126,1.36001183461795,8.05364208779866,-0.902967907515609,0.160810680115675,1.36001183461795,8.77748338705008,3.38285105594016,0.0817878432442038,-0.511928293361065,-8.2910694534318,-7.41058627449775,1.91750161569671,9.96176184859149,-4.80488347801234,0.552262277327176,-4.7759990293192,0.621282581555826,5.27755495,0.11066953,-0.881,0.02444684,111.321546389899,-173.087849650961,1434.31858392043,0.206210040563756,0.183684192620816,8.70392666874985,0.155505704122962,-1.08082450551297,-905.802688807848,-908.117071378853,-926.493264435183,-930.221513669108,3.71991105154525,-938.584995744481,4.3890748501545,1861.16062074453,1890.15296121699,NA,2695.54931818989,0.474955868468122,1.24733493163478
"910",-5.86,0.73,-5.86,0.83,1.359326,9.604077,-1.1484446,0.2002995,35,35,-6.12391765384295,0.78273491798806,-5.93838348462839,0.838636787379457,1.38002309248418,10.3652446887749,-1.25088654238558,0.214809377212941,1.38002309248418,9.20766212298822,-6.03115056923567,0.810685852683759,1.38002309248418,10.3738504207614,-1.24829361566181,0.215590631963304,1.38002309248418,9.38320800979477,2.59791935199033,0.0661927987795169,-0.398862000468888,-7.41832679082544,-6.89974374949323,2.12506305972446,9.81118548735312,-5.186439987495,0.66689558491497,-4.73073254671101,0.670823399850521,6.1179864,0.08805724,-0.844,0.02448583,101.368754785173,-153.182266441508,1333.95522014336,0.358502998908727,0.333649869371452,7.49861692248995,0.181899047382068,-1.12519978871682,-919.017815985113,-919.804792406008,-936.814142162278,-938.007730361734,1.16942745155744,-963.281588360438,1.39295934619268,1887.59087509906,1910.79471667118,NA,2514.72817384521,0.396749381339207,1.09874154973491
"911",-5.86,0.73,-5.86,0.83,1.359326,9.604077,-1.1484446,0.2002995,35,35,-6.91480136676938,0.878638024586412,-5.67183330300828,0.827562500780186,1.31090371404841,10.6125871053396,-1.22171733872946,0.199150340607484,1.31090371404841,9.6913420117397,-6.29331733488883,0.853100262683299,1.31090371404841,10.9988295072221,-1.23758864996222,0.199802517890505,1.31090371404841,10.2838849503097,2.15431076770783,0.0531762490796962,-0.317650896149539,-7.63784461146785,-6.6991713017405,1.96690404027134,10.7845082423014,-5.31897749999386,0.691545238600323,-3.8249740818128,0.556058818303718,6.23979821,0.09926545,-0.867,0.02867526,66.3662155665452,-83.177188004253,1345.57066175993,0.0981704114902146,0.104018123360653,9.26477980037713,0.1914977397287,-1.26986750730195,-907.896941703147,-910.201868419392,-927.465884768741,-931.241778647213,3.76874294906272,-947.350269137313,4.52356945700173,1865.34912653513,1892.09820188411,NA,2607.9641355156,0.35155243302332,1.28668572466835
"912",-5.86,0.73,-5.86,0.83,1.359326,9.604077,-1.1484446,0.2002995,35,35,-5.0933257824976,0.598516602933627,-7.44654936460873,0.992801860372893,1.24262090929938,7.23848549600992,-0.937101248846743,0.15103661322464,1.24262090929938,5.11805035752699,-6.26993757355317,0.79565923165326,1.24262090929938,8.6229008028609,-1.16906159031795,0.189901829283127,1.24262090929938,5.39610137957667,2.55847040553926,0.0615088868377378,-0.379355371691235,-7.48525997043547,-7.48943401784579,1.92906795066736,4.84577609046299,-3.70098486856078,0.426676026470417,-5.59846401555351,0.749042786660499,4.76300104,0.10707655,-0.904,0.02302903,124.837685770886,-200.120128412935,1256.0019288237,0.00903161426087605,0.00675464386359154,8.68662110492852,0.184843347406783,-1.24619477047328,-865.83750486319,-871.527227075018,-875.286507104588,-878.397668904676,3.09044031913153,-918.054114025284,0.000183853547547078,1781.23025285522,1787.7394465558,NA,2311.88372923447,0.383386065196977,1.07943139821702
"913",-5.86,0.73,-5.86,0.83,1.359326,9.604077,-1.1484446,0.2002995,35,35,-5.241914417201,0.624626524542107,-5.56134560734279,0.779738235270114,1.40973083115301,9.09007692411768,-1.03886507713565,0.183137660715625,1.40973083115301,9.12919802030424,-5.4016300122719,0.702182379906111,1.40973083115301,9.11558599542654,-1.05125195672634,0.189152571416867,1.40973083115301,9.39407687653112,3.95818907411689,0.101833763137246,-0.615759341073615,-7.47829244865507,-6.87360820450777,2.23305104413222,9.6997591892935,-3.48823513864137,0.411217187648901,-4.11613525214147,0.57825574283165,5.81142494,0.13180318,-0.861,0.02546528,83.6289674879899,-117.702691847143,1306.71954478775,0.164287078531417,0.135488971861119,6.78090470342637,0.137281587926503,-0.905620740537039,-920.252504773546,-921.863704241062,-941.492134152214,-943.299111803645,1.77820220192386,-975.062988253813,1.82109085167617,1890.06025267593,1920.15070065106,NA,2495.73639772837,0.589502601107079,0.986436826624839
"914",-5.86,0.73,-5.86,0.83,1.359326,9.604077,-1.1484446,0.2002995,35,35,-5.34284559763969,0.64958992280376,-7.26614487225009,1.03976171295988,1.38647498771799,5.24634758283966,-0.59804578288225,0.133285412473314,1.38647498771799,8.05228321478585,-6.30449523494489,0.844675817881822,1.38647498771799,6.17111760776889,-0.78565006312743,0.171343918931723,1.38647498771799,8.39790581119814,3.48596608838716,0.0815118461698843,-0.517056022019769,-7.43049816202473,-7.02925487556612,1.9656911833825,9.85894975356204,-4.09218530170408,0.491391898133173,-4.92265474185217,0.697374601130016,2.98337134,0.07665391,-0.725,0.02413287,109.169803207336,-168.784363285834,1332.82792988429,0.0721706774296557,0.0651475742134757,8.85913424611193,0.214110849406462,-1.33207382380626,-903.75931908088,-909.56054089913,-929.548386087257,-932.17127653882,2.59628825108425,-944.336280373755,0.897551559665817,1857.0738812906,1896.26320452114,NA,2496.87149648274,0.485249699887184,1.27518778622029
"915",-5.86,0.73,-5.86,0.83,1.359326,9.604077,-1.1484446,0.2002995,35,35,-5.34734269596046,0.677439529083167,-5.56410271185024,0.833333890878759,1.40651399231167,11.6568449396179,-1.42189822094511,0.247293940359213,1.40651399231167,10.2521989949045,-5.45572270390535,0.755386709980963,1.40651399231167,11.66859116574,-1.4303461370301,0.253369703369127,1.40651399231167,10.605988528193,3.56603752113232,0.0923538239693652,-0.555865860354199,-7.2690745127702,-6.5570562618367,2.33460559218185,10.0723376162215,-3.79325625220185,0.480557862802323,-3.5445159911331,0.527229429441877,5.73150262,0.12816966,-0.865,0.02883091,57.9483471616575,-66.3414511944776,1309.98242870089,0.211759211942023,0.19156975190246,8.98183599641292,0.198925888954793,-1.26290850095125,-930.272676749368,-932.002978146973,-948.292334392118,-950.45936930182,2.1380432637665,-987.157154030199,2.33386844389841,1910.10059662757,1933.75110113086,NA,2553.6234062073,0.536548081213066,1.33736820277054
"916",-5.86,0.73,-5.86,0.83,1.359326,9.604077,-1.1484446,0.2002995,35,35,-4.57199039999319,0.49761321185578,-5.08049503971911,0.765817337482068,1.30412512253678,9.94968544882627,-1.32005074535733,0.225721470878072,1.30412512253678,7.53035169639769,-4.82624271985615,0.631715274668924,1.30412512253678,10.014329690982,-1.35414650592598,0.243704834128813,1.30412512253678,8.44919147975864,2.27416817346744,0.0548932670596078,-0.335817856219614,-7.56508088122122,-6.47569474359716,2.42818265683544,5.97312174379582,-3.19574290960567,0.349251231478612,-3.29105329808399,0.48825203818619,4.7396899,0.1023308,-0.882,0.0268823,80.133256116323,-110.711269103809,1217.78040375545,0.00641342494643554,0.00587163452380695,7.56093017676556,0.186485993559151,-1.11280521097037,-899.224300420641,-904.956217692295,-910.389463535846,-917.550364763535,7.32456380373276,-980.60214595747,8.34069134664494,1848.00384397012,1857.94535941832,NA,2324.84953840709,0.349519016170626,1.23929765608146
"917",-5.86,0.73,-5.86,0.83,1.359326,9.604077,-1.1484446,0.2002995,35,35,-5.57917185567999,0.737612169106607,-5.16972584143031,0.651136920538459,1.26566433760986,7.98587785080587,-1.06117344311429,0.193595153745501,1.26566433760986,7.479688303049,-5.37444884855515,0.694374544822533,1.26566433760986,8.02778936045212,-1.07002517957866,0.195464645899232,1.26566433760986,7.50055043325437,3.29289105053494,0.079479815383895,-0.497839228020799,-7.14241065409289,-7.24816179362833,2.12164990691081,6.89821232327076,-4.19413654914674,0.558670712934077,-3.97085518448829,0.510762161112113,6.31574895,0.15086125,-0.896,0.02224619,112.876416950846,-176.197590772855,1239.60792895628,0.893252038867352,0.891873639222892,4.47038232002021,0.0931224857208618,-0.615043136601278,-888.917224152694,-889.184511086195,-902.638342076672,-902.810347885524,0.16729681602271,-951.899697642701,0.0794171954126842,1827.38969143422,1842.44311649997,NA,2303.01826713971,0.462017990444536,0.623521190683514
"918",-5.86,0.73,-5.86,0.83,1.359326,9.604077,-1.1484446,0.2002995,35,35,-5.93515924859727,0.710913662001227,-6.22736457589211,0.947199057688075,1.47824288379908,8.12578026642047,-0.985498774321039,0.192741815686886,1.47824288379908,8.79340383565871,-6.08126191224469,0.829056359844651,1.47824288379908,8.14712625474534,-1.00275973716646,0.206699512740609,1.47824288379908,9.61391787687598,2.6302544235219,0.0702189702929488,-0.415917202740977,-7.65746084357633,-6.54193892689659,2.17732580611068,10.045207573756,-3.70165251807745,0.442480423027728,-4.27915479029589,0.648278683680986,3.29524762,0.09474309,-0.795,0.02986948,62.6264176177584,-75.6975921066795,1348.49281239835,0.0268161361749533,0.0212261328712098,10.2124698186084,0.225975951357074,-1.42511545767473,-929.649160051704,-933.67548371955,-950.758781678702,-956.390776303351,5.69719739316984,-969.983633516661,6.15752060793963,1908.85356323225,1938.68399570403,NA,2621.28803269002,0.406621698689838,1.55846964146362
"919",-5.86,0.73,-5.86,0.83,1.359326,9.604077,-1.1484446,0.2002995,35,35,-5.42628345381652,0.685930486541643,-5.81923004091461,0.786534581240711,1.39643223929699,6.06726640838273,-0.784753418191312,0.152138624282704,1.39643223929699,6.27368289680906,-5.62275674736557,0.736232533891177,1.39643223929699,6.10586816346075,-0.794636427106336,0.154668920250259,1.39643223929699,6.31649112809492,3.46298899647154,0.0923986693599472,-0.546738719395894,-7.29742834329214,-7.09100176747596,2.0609077626511,6.86695618070682,-4.17786247565512,0.536583258516378,-4.00356757838354,0.544393400422809,4.06187304,0.10017515,-0.863,0.02546223,95.8810765403392,-142.206909951841,1242.89155820389,0.710555198735911,0.710999760776073,6.01599086000635,0.127791107272297,-0.8414722908311,-899.632497742686,-900.104605257081,-915.988816816828,-916.399584335261,0.400204376343659,-944.6442782253,0.312761215566249,1848.82023861421,1869.14406598028,NA,2343.57620645595,0.537795110788409,0.826015846954905
"920",-5.86,0.73,-5.86,0.83,1.359326,9.604077,-1.1484446,0.2002995,35,35,-5.9865482519162,0.70717192113189,-4.97136672984759,0.705858180369366,1.45368081567335,8.88774116738036,-0.838946793513064,0.136901451920086,1.45368081567335,9.86733556035018,-5.4789574908819,0.706515050750628,1.45368081567335,9.14538954806775,-0.839280214849789,0.136901883398784,1.45368081567335,10.4781448214979,2.01634048654795,0.0534420638231696,-0.316697074476916,-7.73114217074519,-6.72378757618324,2.11458005444524,12.103117775275,-3.67863151451316,0.431231260616196,-3.30685749743658,0.483041472252758,4.428439,0.09380104,-0.838,0.03004688,56.4560062499675,-63.3567693710975,1332.82777073422,0.0631246292890202,0.0598434206926494,9.47549575569927,0.161699273650987,-1.14506382404716,-924.508364838628,-926.683434484316,-953.937404140951,-957.765229854143,3.82200674004995,-968.799416326947,4.35825792468954,1898.57197280609,1945.04124062853,NA,2602.29877209734,0.313700405525002,1.35725799889212
"921",-5.86,0.73,-5.86,0.83,1.359326,9.604077,-1.1484446,0.2002995,35,35,-5.85259365798067,0.716399019345777,-6.80664023162936,0.961207144176952,1.43819867116127,6.12320607863073,-0.681622828352083,0.149516304291316,1.43819867116127,8.97543147698615,-6.32961694480501,0.838803081761364,1.43819867116127,6.35075729480343,-0.740012416526219,0.164499058787155,1.43819867116127,9.22286464925556,3.69378247761157,0.0940076729547806,-0.572160483884899,-7.54221491334579,-7.03775802820303,2.0026402831722,11.2821964878007,-4.0923792612656,0.502675778029731,-5.23618850098003,0.757747195615823,4.1348991,0.13587854,-0.809,0.02252588,116.252024295011,-182.948805461184,1373.73949951037,0.0815775756004946,0.0605927346038184,7.48869686152657,0.152927791523301,-1.01826276259806,-918.375301170025,-920.776629340088,-945.319541400714,-947.034655233474,1.68668951845713,-953.209438977298,1.2311644895217,1886.30584546889,1927.80551514806,NA,2564.53019355955,0.543234954502348,1.04151841234391
"922",-5.86,0.73,-5.86,0.83,1.359326,9.604077,-1.1484446,0.2002995,35,35,-5.75712934402981,0.668575091163723,-6.16104017736819,0.92788915969568,1.42072900620726,9.09552330584626,-1.12673894993606,0.199638714985731,1.42072900620726,8.03862130854183,-5.959084760699,0.798232125429702,1.42072900620726,9.13630929616828,-1.15292389031533,0.21644966152038,1.42072900620726,8.94563398605457,2.62237854622925,0.0711522608323884,-0.415312995200942,-7.73167318811466,-6.59065790379266,2.18274653130219,8.48928856438775,-4.12362799784718,0.480541997503716,-4.71253273985334,0.706444636606121,5.05210623,0.10268762,-0.855,0.02504534,97.9324731526124,-146.309703176387,1324.12716209,0.0026278286634018,0.00212719780167743,7.63931574959949,0.189413436870907,-1.11812203653225,-918.76506790711,-923.95027963366,-935.422027465914,-942.115917944999,6.8237024171573,-965.278679111954,7.47985062812224,1887.08537894306,1908.01048727846,NA,2501.94462100361,0.421129203694222,1.29155552088968
"923",-5.86,0.73,-5.86,0.83,1.359326,9.604077,-1.1484446,0.2002995,35,35,-6.0269767728616,0.766289543038274,-4.94570832573044,0.733609180356926,1.3007853410723,6.52865604475241,-0.750913887699815,0.124411147706185,1.3007853410723,6.22376144009336,-5.48634254929602,0.7499493616976,1.3007853410723,6.82094140844277,-0.759747948951852,0.124678149232431,1.3007853410723,6.75430626064949,2.5720380892763,0.0604246913341827,-0.380530239163065,-7.41936319822831,-6.53279589526128,1.85550754016511,7.23516269444029,-4.45264624114076,0.56694320421984,-3.80128891618635,0.566715222185733,3.97056296,0.07410842,-0.841,0.02679731,87.1962084062307,-124.837173683624,1204.50744400091,0.065147117694855,0.0641826758979995,5.87926326511502,0.120150364211141,-0.797787044356777,-880.695337988013,-883.74566528668,-898.123393426361,-903.084471454546,4.99421916089058,-920.523115439083,6.1211845705259,1810.94591910486,1833.41321919935,NA,2284.17771431819,0.366199875638526,0.825307172557042
"924",-5.86,0.73,-5.86,0.83,1.359326,9.604077,-1.1484446,0.2002995,35,35,-5.51114897996697,0.718184548969509,-6.15490216110332,0.876086656147646,1.4804546654388,11.0014238924703,-1.32178606252986,0.233007375803668,1.4804546654388,9.72616226852844,-5.83302557053514,0.797135602558577,1.4804546654388,11.1050284320261,-1.34719855848087,0.239240644666492,1.4804546654388,9.81572078496618,3.88031574277408,0.0981311826280199,-0.599325587062525,-7.19013251187507,-6.89314579874282,2.31132127814959,10.3078386221001,-4.09371011865155,0.532652896809682,-4.72119291425451,0.682321481617771,5.77464353,0.11762157,-0.833,0.02464507,90.6765872668487,-131.79793140486,1328.32426652387,0.281865095356603,0.297002554468997,8.91034971451791,0.203515074022168,-1.29528367124375,-938.467270879921,-939.310555554187,-957.493454807046,-958.075496057013,0.567768691662891,-985.437986181242,0.401588328066663,1926.48978488868,1952.15334196072,NA,2524.85060164288,0.567326540758181,1.2636109178935
"925",-5.86,0.73,-5.86,0.83,1.359326,9.604077,-1.1484446,0.2002995,35,35,-5.86607718763217,0.687754630881037,-6.5418958623575,0.947046255883227,1.25311160367233,10.5922635822325,-1.09393906086342,0.161872260858242,1.25311160367233,10.3739189424202,-6.20398652499483,0.817400443382132,1.25311160367233,10.7064463025093,-1.13774759145751,0.178680297557311,1.25311160367233,11.0204239160158,3.20155058627145,0.0807149362263213,-0.491777451259763,-7.72635429716717,-6.85738056697476,1.88137883786835,11.9556597975414,-4.11943633966716,0.484139622762515,-4.92506694169619,0.723086415409398,6.42749975,0.11791772,-0.891,0.02509063,95.3244956087802,-141.093748088723,1339.71236799748,0.00334695753428781,0.00277768497302568,8.08736990980044,0.164887083168677,-1.07076425243504,-895.454105469801,-900.274294185433,-920.751772404946,-924.621671567372,3.8651882809309,-939.774735705587,3.68658682316393,1840.46345406844,1878.66997715652,NA,2538.33098790623,0.474402889315569,1.23032137069983
"926",-5.86,0.73,-5.86,0.83,1.359326,9.604077,-1.1484446,0.2002995,35,35,-6.58509275297573,0.857943370194762,-4.60983271817226,0.683753548304818,1.31012118199741,7.05365550903564,-0.774507347050674,0.158252583432428,1.31012118199741,10.2695349927923,-5.59746273557399,0.77084845924979,1.31012118199741,8.02906856030859,-0.860524895462859,0.16583810694494,1.31012118199741,10.9079843768253,2.49436188022683,0.0651494397515808,-0.386511416293652,-7.4314293933878,-6.49394724233698,1.95713258199198,11.9808186211389,-4.34198234251083,0.560989607437416,-3.49249669170729,0.518138566510087,5.06314075,0.12568465,-0.848,0.02698163,72.3367384338969,-95.1182337389565,1296.64416218371,0.147576646367402,0.134048827786798,7.03496158303049,0.130341273414561,-0.882072826940842,-904.162444943479,-907.921684788004,-931.006407308473,-934.863831829369,3.85238238685228,-949.51413472483,4.1167135452706,1857.8801330158,1899.17924696357,NA,2498.17009062847,0.392789033703821,1.04979860180859
"927",-5.86,0.73,-5.86,0.83,1.359326,9.604077,-1.1484446,0.2002995,35,35,-4.82300988457965,0.56888465533787,-6.08344451568781,0.923214861270482,1.37517247187661,12.2390342012185,-1.67379791086419,0.291874814896476,1.37517247187661,8.64393538834173,-5.45322720013373,0.746049758304176,1.37517247187661,12.6362080660427,-1.78545042646548,0.323262288605538,1.37517247187661,9.30717053711061,3.25334722714506,0.0967524384518363,-0.548969649439793,-7.39148354843949,-6.54091050256229,2.52416401282294,6.9074368682181,-3.59577258441651,0.442914472585934,-4.11855733535708,0.62603975242389,6.28427843,0.14170414,-0.892,0.02520402,84.9613048386581,-120.367366548479,1270.87345582383,0.0340314179367231,0.0287873300185978,7.94131819616598,0.207798301167415,-1.21454685572683,-921.528533734201,-926.104813294038,-931.974823063229,-936.63056233686,4.67651309348298,-994.500941853324,4.31337174974049,1892.61231059724,1901.11607847309,NA,2421.37954509919,0.529029075832057,1.31732324656965
"928",-5.86,0.73,-5.86,0.83,1.359326,9.604077,-1.1484446,0.2002995,35,35,-5.4575470762721,0.711111550140759,-5.68841969915935,0.729503202043329,1.37063282173217,10.82811936998,-1.30983457180712,0.221433819243029,1.37063282173217,9.30250620239679,-5.57298338771572,0.720307376092044,1.37063282173217,10.8414449119797,-1.31089610403561,0.221518382457955,1.37063282173217,9.3124477388197,2.68032690887097,0.0721786117184625,-0.425827268489436,-7.1786697049233,-7.29996962497936,2.2588425945657,9.15314266068672,-3.63495705137914,0.465527532229586,-4.36442843785745,0.560607580297462,5.93243527,0.1303487,-0.862,0.02176473,116.999890898377,-184.444538667917,1305.45151556588,0.62758268149739,0.576846186617574,8.02447750682611,0.15924816246218,-1.09353312110939,-918.511257744552,-918.560812520372,-935.788758290066,-935.856273124737,0.0656174782598933,-976.04117221812,0.0763451642306667,1886.57775861794,1908.74394892676,NA,2426.45849246385,0.41668792209018,1.03346613692038
"929",-5.86,0.73,-5.86,0.83,1.359326,9.604077,-1.1484446,0.2002995,35,35,-6.02633547073665,0.731680632825698,-5.68176745469676,0.833581628679302,1.30308553302283,8.35807665484059,-0.937403962811625,0.155592597059476,1.30308553302283,8.34345699879051,-5.85405146271671,0.7826311307525,1.30308553302283,8.38775843426001,-0.928626006818184,0.158188550298465,1.30308553302283,8.96930973092594,2.86562166243295,0.0778825672752521,-0.462133181776821,-7.62491282740867,-6.67324504697465,1.9118397088383,9.60823530354603,-4.28855268470764,0.525336606586478,-3.85494525329734,0.563509335965879,3.89288871,0.09525745,-0.818,0.02525989,94.7355911048642,-139.915939080891,1292.74232400871,0.0836026478652137,0.0808346566596339,8.5526351103732,0.162914402751519,-1.12788931084868,-896.064501834876,-899.089261067268,-916.567283206587,-921.105735646463,4.55484365055874,-936.713117114145,5.31401861810755,1841.68424679859,1870.3009987598,NA,2445.56870893654,0.430751217943503,1.13613082444684
"930",-5.86,0.73,-5.86,0.83,1.359326,9.604077,-1.1484446,0.2002995,35,35,-6.71723916618948,0.802996612670637,-6.1501799412641,0.914785313772564,1.45726646886732,11.1457955305176,-1.41086967896827,0.232978822080373,1.45726646886732,7.67566003691006,-6.43370955372679,0.8588909632216,1.45726646886732,11.2261845716608,-1.3950219754177,0.236103000503887,1.45726646886732,8.60765911485725,2.82473792843264,0.0827530729133343,-0.465363114217153,-7.89093436936813,-6.65786699081875,2.21589060319762,7.88403373218511,-4.95924700554053,0.598154085064497,-4.38152641728492,0.653275347880508,5.9475624,0.11946464,-0.88,0.02624828,87.9212888871434,-126.287334645449,1354.86614826964,0.00765743241129781,0.00691362747853073,8.75490531203153,0.182101724324281,-1.18239753883088,-925.747924262527,-930.546501711394,-938.77416762931,-945.916911416532,7.30502774783473,-966.664159089937,9.1909851317524,1901.05109165389,1914.71476760525,NA,2583.44496189383,0.482289962525057,1.30080879670566
"931",-5.86,0.73,-5.86,0.83,1.359326,9.604077,-1.1484446,0.2002995,35,35,-5.71614046756967,0.736030246439166,-5.60021971216044,0.78152278739029,1.36735598493369,12.0089800252257,-1.57711151592848,0.267045895275423,1.36735598493369,8.6361486329778,-5.65818008986506,0.758776516914728,1.36735598493369,12.0123394306094,-1.57579313350035,0.26756328809597,1.36735598493369,8.73532970752558,3.22119851337186,0.0890029742939134,-0.51594100138324,-7.28880395188135,-6.90185040958164,2.33262600071296,7.67557214796809,-3.69178735719548,0.462386524107267,-3.39154373231268,0.467607974121024,4.4055809,0.09747612,-0.862,0.02861127,67.571023229207,-85.5868033295765,1269.93869621315,0.486554540857715,0.463106686325262,11.5994462425625,0.249412390763167,-1.65045545359395,-918.666982403949,-919.165057991984,-930.52172651862,-931.238526316982,0.699897160798056,-978.411470586554,0.880483814069811,1886.88920793674,1898.20988538387,NA,2454.29058909672,0.520757000407479,1.53418763799718
"932",-5.86,0.73,-5.86,0.83,1.359326,9.604077,-1.1484446,0.2002995,35,35,-5.64927047025857,0.752403762097299,-5.68686202791417,0.789690360147271,1.24718670718382,11.2738295278604,-1.44220947762578,0.252235470105316,1.24718670718382,10.3353124314533,-5.66806624908637,0.771047061122285,1.24718670718382,11.2741828091622,-1.44255989295087,0.252583042703851,1.24718670718382,10.361685313758,2.70871429817154,0.0717405624782798,-0.42508158642757,-7.12438478525068,-6.93983244037055,2.15097151222939,9.48027052036046,-3.60696372682521,0.473058961398705,-4.02077847191321,0.554397430131117,5.82952426,0.13132388,-0.865,0.02487452,86.2270734488811,-122.898903768925,1283.36834653532,0.74361975826482,0.725709627048625,8.86460486740118,0.193355929013409,-1.26659177160767,-903.962059666431,-904.085532155311,-919.352623802287,-919.515297527939,0.158209666259276,-965.162492002125,0.17979555269253,1857.4793624617,1875.8716799512,NA,2443.83778930171,0.421965444285886,1.19609767964949
"933",-5.86,0.73,-5.86,0.83,1.359326,9.604077,-1.1484446,0.2002995,35,35,-6.06318608704246,0.765152673056001,-5.93617772210526,0.88199460737291,1.51264281081405,9.99189311531644,-1.19123023682116,0.199440075752478,1.51264281081405,7.8286802851487,-5.99968190457386,0.823573640214455,1.51264281081405,9.99592589650745,-1.18752026106274,0.202853085156207,1.51264281081405,8.24066087278067,2.86526512285267,0.0776154485025535,-0.456114425626988,-7.46234568957592,-6.63922331514407,2.20597150000516,8.81460827226491,-3.92124817668693,0.491999220887234,-4.05102316045063,0.608967087562723,5.0078563,0.10864254,-0.844,0.02914758,60.1991072744291,-70.8429714200209,1315.54991705866,0.0985592558405261,0.0865249753411057,9.40347096647715,0.198530941219252,-1.30886230751134,-932.068804264304,-934.3361333032,-949.135559521287,-952.328109774404,3.17314468914448,-969.051558675989,3.72394199528985,1913.69285165745,1935.4375513892,NA,2560.25686269731,0.449250202401724,1.29621079157243
"934",-5.86,0.73,-5.86,0.83,1.359326,9.604077,-1.1484446,0.2002995,35,35,-5.24187728260332,0.638770609599092,-5.9660766435775,0.851832252207456,1.38363674280507,9.48746621049171,-0.981607340476749,0.136138086936725,1.38363674280507,7.51052026188788,-5.60397696309041,0.745301430903274,1.38363674280507,9.61858238910055,-1.02018211683302,0.147486902824469,1.38363674280507,7.77138537149798,3.54801710497127,0.0901369645561768,-0.550744391505416,-7.39398851535012,-6.84882174358508,2.01289774188383,8.81017059488819,-4.24677191532528,0.530934807114152,-4.58627478098495,0.656511408833194,8.42834971,0.14135147,-0.918,0.02776158,68.5749027292113,-87.5945623295853,1273.71665451498,0.114775190464385,0.0939615375421024,4.39695862530693,0.0959498540957372,-0.607362353373001,-901.544056059862,-904.900204811624,-924.726358245316,-926.839776191016,2.0843411339875,-946.595529379555,1.79104890289939,1852.64335524856,1886.61914883726,NA,2459.83874670037,0.514825787778636,0.673274982063542
"935",-5.86,0.73,-5.86,0.83,1.359326,9.604077,-1.1484446,0.2002995,35,35,-6.22517497388248,0.705381711504032,-5.00920291396397,0.778858581125012,1.2061551490408,7.34166160795193,-0.954166214390021,0.212710974365146,1.2061551490408,11.7890178824842,-5.61718894392322,0.742120146314522,1.2061551490408,7.71130862057755,-0.931829759262674,0.21406068695747,1.2061551490408,13.7829266828792,2.47425722961913,0.0617186814018232,-0.37588284444715,-7.98043449842203,-6.32670626289754,2.03751986898482,11.6934160844728,-4.60372051771952,0.535538728319384,-3.63545089788913,0.578709504317914,4.11501579,0.12286867,-0.797,0.02031529,134.790705328355,-220.026167527872,1351.83920764978,0.00137099141717908,0.00144858081452707,7.6815942696654,0.151331064287342,-0.947021251050212,-894.698757962482,-900.770152287358,-919.603204727401,-929.745230861461,10.6017365580946,-958.59246453248,12.5833094151604,1838.9527590538,1876.37284180143,NA,2483.65224777168,0.372014800585389,1.350622706444
"936",-5.86,0.73,-5.86,0.83,1.359326,9.604077,-1.1484446,0.2002995,35,35,-4.75484423589742,0.542978460234242,-5.96647064944706,0.841651570200733,1.34369047862017,11.9211551707289,-1.32531749842395,0.246755629802429,1.34369047862017,14.3642510571155,-5.36065744267224,0.692315015217488,1.34369047862017,12.2881648122317,-1.41578755568705,0.269057036456693,1.34369047862017,14.7217283830614,2.7479016649723,0.0751194885015417,-0.441374935784001,-7.47766030644342,-6.90986961839752,2.42148827889569,13.6846800535947,-3.14916606837502,0.372343946830479,-4.11184441218858,0.573099960486574,6.71214813,0.15025545,-0.847,0.02464892,82.1299918310262,-114.704740533215,1397.77181616989,0.197353512101388,0.153425212135289,9.19026795238731,0.201226832791683,-1.25990694211963,-932.623934112586,-935.270927149985,-958.900802485873,-960.510821947976,1.5821440351345,-1005.99172236193,1.07888867131046,1914.80311135401,1954.96803731837,NA,2680.83889180657,0.426722083388674,1.45434139617706
"937",-5.86,0.73,-5.86,0.83,1.359326,9.604077,-1.1484446,0.2002995,35,35,-7.00551587970758,0.893273355059695,-5.73151479440332,0.826441850656275,1.36747445604347,7.83176980035686,-0.908017656524279,0.164120540575876,1.36747445604347,8.32991392570683,-6.36851533705545,0.859857602857985,1.36747445604347,8.23753949169598,-0.929303508809899,0.165237153071083,1.36747445604347,8.82800680466149,3.37269486831095,0.0858051212282464,-0.526194060696398,-7.64136561262796,-6.76552933658338,1.91530297756639,10.0851532218753,-4.56558088990085,0.580462236762887,-4.0698623325175,0.593307080905686,4.33323442,0.12152254,-0.835,0.02414218,100.847650176782,-152.140057224726,1331.09898709523,0.178326275150146,0.169594971915533,9.35557035819992,0.168816645133498,-1.21217263267458,-907.689492718785,-910.094376257619,-928.282252597839,-931.922977640866,3.63029241626696,-938.695691182076,4.29945725397948,1864.93422856641,1893.73093754231,NA,2510.05791696573,0.481207998589396,1.17568932282532
"938",-5.86,0.73,-5.86,0.83,1.359326,9.604077,-1.1484446,0.2002995,35,35,-4.93358791268948,0.614419799086102,-5.94011719250088,0.776587097246098,1.40144697989018,8.30175861525894,-0.880274673636072,0.131589871086923,1.40144697989018,7.03729001286368,-5.43685255259518,0.6955034481661,1.40144697989018,8.55503391303835,-0.921081207092557,0.138164429235051,1.40144697989018,7.08001150293309,2.68410704980367,0.0644044093916568,-0.401483354098281,-7.23077497321799,-7.27115345459355,2.08559931681362,8.00779846667338,-3.07724940214496,0.36958943844643,-4.22059420091435,0.564314057846909,3.63670939,0.07158815,-0.838,0.02937418,69.8728882590749,-90.1905333893124,1248.22460097509,0.114839481081519,0.0920393527766588,9.14340636196602,0.171378770327747,-1.21324174099725,-902.60142831411,-903.681970382748,-923.855107384639,-924.226200685303,0.361447866142682,-952.301838451451,0.0103275519167294,1854.75809975706,1884.87664711591,NA,2406.25866856087,0.386938268633031,1.14204806252251
"939",-5.86,0.73,-5.86,0.83,1.359326,9.604077,-1.1484446,0.2002995,35,35,-5.46681659043824,0.666020387497397,-6.17911201435277,0.920528554315161,1.3112054636538,7.2786060180462,-0.874496632347532,0.17629424211122,1.3112054636538,9.51293600435149,-5.8229643023955,0.793274470906279,1.3112054636538,7.40544721077858,-0.919817882990822,0.192487843855454,1.3112054636538,10.0540919117232,3.13752498311818,0.0813097531305882,-0.491202598980197,-7.45658069788687,-6.65258232293189,2.00822020951627,10.5145028194763,-4.05668403418377,0.493410200245539,-4.78146221802157,0.726724159816814,5.25653233,0.14209163,-0.827,0.02142906,120.068399208538,-190.581555288238,1317.59888999999,0.0331542604819458,0.0309795460385943,5.95481384256156,0.14330575285162,-0.863911399813858,-903.507429573711,-906.699139080843,-926.344330481179,-929.857922302883,3.50031634227086,-951.632109883243,3.32660150444482,1856.57010227626,1889.85509330899,NA,2444.61622471173,0.464826872993075,0.966913089685901
"940",-5.86,0.73,-5.86,0.83,1.359326,9.604077,-1.1484446,0.2002995,35,35,-6.72991698557211,0.856962480081891,-5.87719804223503,0.752229352716291,1.48617378238224,10.0239132818017,-1.23481643101011,0.211042313342401,1.48617378238224,7.85967444251547,-6.30355751390357,0.804595916399091,1.48617378238224,10.2056956808832,-1.25714341143501,0.213784570334346,1.48617378238224,7.90688411400499,2.68847277406828,0.0684893567287839,-0.417579159217733,-7.58209751545192,-7.3533514431873,2.23280453978132,8.44806774912661,-4.64736981030198,0.600871028181145,-3.73776267294015,0.478946373790788,3.8405897,0.10196341,-0.84,0.02784735,77.8473456646116,-106.139448200386,1355.48848372653,0.418432062563101,0.33903679351765,11.5661663921166,0.210891711509505,-1.51825042806647,-929.273329786748,-929.758542466481,-945.055779662053,-945.427791469708,0.362344878710483,-970.681556939558,0.295162069973721,1908.10190270233,1927.27799167073,NA,2604.83751925268,0.392124267760072,1.41354409556074
"941",-5.86,0.73,-5.86,0.83,1.359326,9.604077,-1.1484446,0.2002995,35,35,-5.41009752096348,0.677957941250609,-6.76209074445266,0.94244689926948,1.44935122241824,11.2277535487122,-1.31487435153411,0.202099695930202,1.44935122241824,7.84149631843648,-6.08609413270807,0.810202420260045,1.44935122241824,11.6847249678024,-1.40427117126642,0.219588298158679,1.44935122241824,7.97899113641455,2.68459608712378,0.0677461730032286,-0.41193865436545,-7.32874077222902,-7.10497722559999,2.20678017383469,8.32867688449594,-3.85898743309722,0.486454145839546,-4.4508675584301,0.61596028837263,6.18135651,0.11482913,-0.889,0.02894162,63.5911270389081,-77.6270109489788,1309.69905476906,0.341019354074374,0.309004821566416,9.96687447645293,0.209561744002288,-1.403643239135,-922.194785014492,-924.592064842504,-938.765236063419,-939.84543415267,1.05747345084706,-967.36409995422,0.289431976916115,1893.94481315782,1914.69690447347,NA,2541.77109858915,0.40046057576188,1.29801119198282
"942",-5.86,0.73,-5.86,0.83,1.359326,9.604077,-1.1484446,0.2002995,35,35,-6.455108007307,0.85251926188871,-6.24761604373351,0.876502233176246,1.37756741179207,11.8515074814897,-1.53190912185919,0.243006818757729,1.37756741179207,7.21747545072154,-6.35136202552026,0.864510747532478,1.37756741179207,11.8622707102266,-1.530665053408,0.243150614485673,1.37756741179207,7.29638004406867,2.14008499221218,0.0531778149294014,-0.324761376493392,-7.33376008141104,-6.98338378097541,2.15246899609614,6.87105958603059,-4.1638613127806,0.54982014973104,-4.14323997753605,0.581011582940916,4.63966241,0.09434286,-0.882,0.03023128,61.1086962300567,-72.662149331276,1273.63736971709,0.674315502450659,0.6719976774088,11.4799309624118,0.234102418341107,-1.59935945622998,-910.962429092344,-911.439021628945,-921.196497671959,-921.865434561865,0.6529392609422,-955.312436019581,0.862276007037767,1871.48010131353,1879.55942769055,NA,2474.6125901029,0.319860279955871,1.44553336923547
"943",-5.86,0.73,-5.86,0.83,1.359326,9.604077,-1.1484446,0.2002995,35,35,-6.71407268223509,0.908248765024257,-5.20518092436,0.752255008472106,1.27048765604738,5.49164759893444,-0.706716674440995,0.159416527194776,1.27048765604738,8.63401382553456,-5.95962680329754,0.830251886748181,1.27048765604738,6.06083618318029,-0.765561097826373,0.165500040215589,1.27048765604738,8.90788065457729,2.45247707436005,0.0677051940179545,-0.393437380354337,-7.26070279777065,-6.68118147495806,1.84628117752255,10.0356976462992,-4.78587377399715,0.64843258627479,-3.87582351013558,0.563800257545334,3.57154438,0.1155838,-0.826,0.02451319,99.2326345285005,-148.910025928164,1272.92901405778,0.218483083608333,0.219548201632813,7.05821772222837,0.139402694088775,-0.95178665812048,-888.880970214943,-891.523945441401,-912.504075237717,-914.466211841466,1.93304106804854,-929.547108541467,1.96149933790904,1827.31718355872,1862.17458282206,NA,2396.9480021874,0.393199081072667,0.936630735247243
"944",-5.86,0.73,-5.86,0.83,1.359326,9.604077,-1.1484446,0.2002995,35,35,-5.94945942410345,0.698022641025978,-5.60125408940892,0.749449500336589,1.54991837364408,9.55477131367719,-1.08909165110822,0.166893286548029,1.54991837364408,6.60616498770239,-5.77535675675618,0.723736070681283,1.54991837364408,9.58508305245461,-1.08461487441859,0.167554467012667,1.54991837364408,6.85186078279146,2.95516983092151,0.0707673238305567,-0.443079780930992,-7.74856238624595,-7.09396913149758,2.27257354406892,7.38728304998752,-3.81964600886057,0.448655317432948,-3.63503472341049,0.487063100536655,4.73453621,0.09673811,-0.886,0.03132958,54.8695582610587,-60.1838733932801,1305.30732896795,0.24968755862068,0.233422105501435,9.58173666089182,0.173041639924272,-1.22935301676108,-927.450678330968,-928.985619456878,-944.666573852004,-946.891975005091,2.19654899585652,-970.838626280682,2.67516618897866,1904.45659979077,1926.49958005064,NA,2550.43078454262,0.419779481933406,1.25244077860712
"945",-5.86,0.73,-5.86,0.83,1.359326,9.604077,-1.1484446,0.2002995,35,35,-5.51159754681601,0.670420201476404,-6.14482880654718,0.859350077846624,1.23979020847198,5.13828330888742,-0.499118695459822,0.110715788260989,1.23979020847198,9.60424375799368,-5.8282131766816,0.764885139661514,1.23979020847198,5.2385287659626,-0.529027771363514,0.119639412807306,1.23979020847198,9.83932154979117,2.74723021265581,0.0628525027442527,-0.399840593631837,-7.47514870111676,-6.98278464678294,1.75810925867456,12.1310631534759,-4.25761457694543,0.530893264492113,-4.55917580775066,0.633996638302239,3.50800159,0.09123928,-0.755,0.02350697,110.119038735043,-170.682834341249,1312.19594813741,0.426986624600432,0.400450748909424,5.67750867342843,0.112010362179007,-0.75176208177954,-882.018910643401,-883.985166885335,-913.228514310899,-914.763343471794,1.50744270002087,-923.642746196272,1.24960826404835,1813.59306441564,1863.62346096843,NA,2453.70906193357,0.389438646858645,0.804019115414479
"946",-5.86,0.73,-5.86,0.83,1.359326,9.604077,-1.1484446,0.2002995,35,35,-5.43417702099795,0.675214374051467,-6.05190112574575,0.852620122349468,1.21678166350775,13.2187243549079,-1.49293906815514,0.227698033359004,1.21678166350775,11.7647332901664,-5.74303907337185,0.763917248200468,1.21678166350775,13.3141201223046,-1.52033601991627,0.235566233241297,1.21678166350775,11.9609395236906,2.75611249296317,0.0769950137097316,-0.438696786368208,-7.36916573568361,-6.92995229932424,2.07996703249471,11.403422503642,-3.95905492762778,0.492170361161657,-4.25947041372106,0.607910088042865,7.71809865,0.14318128,-0.874,0.02401281,90.7340795195747,-131.912915910312,1329.85243316621,0.258692022462037,0.2124633472457,7.77926651370548,0.157206299752471,-1.06030368520577,-900.914699020083,-902.465164127977,-921.619213375712,-922.686995179658,1.04522543294499,-962.835167508534,0.889815993505158,1851.384641169,1880.40485909805,NA,2527.79195042211,0.46939758210186,1.0460304611711
"947",-5.86,0.73,-5.86,0.83,1.359326,9.604077,-1.1484446,0.2002995,35,35,-6.07085308734845,0.818052222600825,-5.1236623321397,0.775301471713349,1.35603685816301,11.1473474281862,-1.52084217077013,0.268771375511017,1.35603685816301,8.3842414703081,-5.59725770974407,0.796676847157087,1.35603685816301,11.3716400098745,-1.53096544977485,0.269228282186378,1.35603685816301,8.69667012449833,2.97688047182359,0.0705453442475689,-0.440353730118652,-7.1548508625004,-6.46235801847542,2.27631514410244,7.48571879993974,-4.54872943888849,0.609381869468736,-3.66859996077913,0.555317604521351,7.13974353,0.16042842,-0.919,0.02786066,64.5846649722498,-79.6140868156622,1248.01998374584,0.129148569799159,0.109096708437362,6.80538820784309,0.152951929335811,-0.960802292824983,-915.461369445748,-917.046650260751,-926.630871108608,-928.923419918827,2.26391749958225,-971.650045415981,2.9543130814807,1880.47798202033,1890.42817456384,NA,2416.42588067603,0.433798369666557,1.03382250765452
"948",-5.86,0.73,-5.86,0.83,1.359326,9.604077,-1.1484446,0.2002995,35,35,-5.98038796799542,0.748243251108133,-6.41549802136217,0.92380380199061,1.38604303769202,10.1729983273495,-1.34240317841232,0.24937428658563,1.38604303769202,9.24835077690744,-6.1979429946788,0.836023526549372,1.38604303769202,10.2203285169847,-1.36150021857821,0.25707966334217,1.38604303769202,9.53331777740233,2.93344212260534,0.0883966424746415,-0.491922641878507,-7.48028953084633,-6.8694552518262,2.22749818453367,9.14123616441996,-4.29162050804505,0.540289693202623,-4.64755309436802,0.667290625365258,5.6459498,0.1292614,-0.869,0.0255489,88.5536556715343,-127.552068214231,1334.68015608193,0.212195667508799,0.201915095091731,8.75047740165762,0.196671647219163,-1.24526204176546,-922.477982922336,-924.05427901797,-938.15903001083,-940.078889369732,1.89081701587699,-972.576598793537,1.96555639111358,1894.51120897351,1913.48449236829,NA,2541.80824394962,0.507043933114102,1.29196399152043
"949",-5.86,0.73,-5.86,0.83,1.359326,9.604077,-1.1484446,0.2002995,35,35,-6.48061867544896,0.831312023277673,-6.61309202648871,0.912303270187076,1.31125238691714,7.1558696059051,-0.818688062288403,0.147911265627072,1.31125238691714,8.07847319153509,-6.54685535096884,0.871807646732374,1.31125238691714,7.16025690308903,-0.821370357759147,0.149551161146057,1.31125238691714,8.17135928267716,2.40808953889048,0.0640100179415812,-0.376802636732659,-7.4856179894044,-7.13556644944774,1.80309825616744,10.0184448972634,-5.57321010780887,0.731767628841352,-4.50888213908055,0.625876482547365,2.96154213,0.06873784,-0.725,0.02150849,135.023535852886,-220.491828576934,1317.91125970411,0.212624044108108,0.156174312384212,8.56152390956224,0.166474328681027,-1.161037789273,-895.101568035889,-895.687701287534,-916.084064974305,-916.796628504409,0.695739698119076,-923.693932452124,0.733958068366233,1839.75837920061,1869.33456229524,NA,2415.33069083129,0.382994497198268,1.06971157678414
"950",-5.86,0.73,-5.86,0.83,1.359326,9.604077,-1.1484446,0.2002995,35,35,-6.30655115402574,0.816355001822863,-7.22937545125276,1.03955060867446,1.357106599477,9.73636608871558,-1.15565858650132,0.194618669464713,1.357106599477,8.68709117618617,-6.76796330263925,0.927952805248661,1.357106599477,9.94926725960371,-1.20715116876057,0.207072739194176,1.357106599477,8.87543003037342,3.45946760818793,0.0904758544316559,-0.546744173788917,-7.40066053138328,-6.99374315927395,1.98608690467117,9.81299835377266,-3.95119803871019,0.505651203598104,-4.99651351234127,0.714100638853565,5.43085929,0.12860965,-0.862,0.02494524,91.7421293810338,-133.92901563323,1338.22383420146,0.152225750896019,0.121977882825702,10.7710404503993,0.224766147116009,-1.51390120994666,-911.085716163063,-913.100331902253,-929.047433343533,-930.395329865359,1.32207304048263,-946.716844141794,0.917518941958932,1871.72667545496,1895.26129903369,NA,2542.51865276968,0.506072598266735,1.3870503992113
"951",-5.86,0.73,-5.86,0.83,1.359326,9.604077,-1.1484446,0.2002995,35,35,-4.03405132328007,0.380547327272038,-6.55670775843199,0.938831633431812,1.15295887482841,9.80255073348222,-1.09655483849845,0.164885077394185,1.15295887482841,9.13099653044967,-5.29537954085603,0.659689480351925,1.15295887482841,11.3934996059356,-1.44864471289303,0.24280541902026,1.15295887482841,10.2216963255768,2.64131429215527,0.0612622394839142,-0.388219429248632,-7.72459005174097,-6.92113305791847,2.21561346206819,7.70041493688222,-3.05846062857028,0.298679520663257,-4.77263261489848,0.694687969308835,6.26570455,0.11481286,-0.885,0.02165631,123.854414410455,-198.153585692073,1283.89867998556,1.61321145910932e-05,1.87278700448558e-05,7.24354801196755,0.197696667480739,-1.13079844830361,-872.272080109711,-885.216339883871,-892.24309470882,-899.400551919701,7.32085790827441,-965.902540597839,3.98509126419743,1794.09940334826,1821.65262176427,NA,2369.64377427905,0.373241677374402,1.24387498083431
"952",-5.86,0.73,-5.86,0.83,1.359326,9.604077,-1.1484446,0.2002995,35,35,-7.08290626477461,0.845686513547005,-5.12826541040374,0.675070854049578,1.4810336679057,9.20026643480216,-0.995499609226504,0.168688892428564,1.4810336679057,8.87249406467031,-6.10558583758918,0.760378683798292,1.4810336679057,10.1554216521961,-1.07887269383878,0.175966318245,1.4810336679057,9.43616429451941,2.73102504713359,0.0805857743536861,-0.454752186401724,-8.00226608538952,-7.06410918012201,2.17260028103966,10.3977708916958,-5.25664999554699,0.645527482029017,-3.63735867981395,0.485394826848738,5.5259116,0.1144097,-0.856,0.0246492,98.6332661822534,-147.711289235669,1389.75014552179,0.0631912426576144,0.0543659836999204,8.98828611918402,0.143862810171009,-1.07432712541026,-928.821175692447,-931.899707658291,-951.783922900625,-955.67064470638,3.88246124825787,-970.551064698154,4.2295889828071,1907.19759451373,1940.73427814788,NA,2631.7890018079,0.45713411821091,1.18129554149332
"953",-5.86,0.73,-5.86,0.83,1.359326,9.604077,-1.1484446,0.2002995,35,35,-4.87010780575673,0.712412548344119,-6.7913022275211,0.912412850390518,1.23903278639089,7.40750758617131,-0.908310465381329,0.165789525358799,1.23903278639089,8.16442666949031,-5.83070501663892,0.812412699367318,1.23903278639089,8.33025458772593,-1.00437033154201,0.175789555563461,1.23903278639089,8.61213855890156,2.82301058119425,0.0757083874200753,-0.446930701787312,-6.58347942377138,-7.31312379998407,1.86420541345997,8.93635547376576,-3.75870276924777,0.552156505204657,-4.72956817262925,0.63927654466548,4.48781734,0.10396134,-0.849,0.02448727,98.316355232265,-147.077467335693,1245.25850040337,0.21527556433159,0.195904274943226,7.43859829004374,0.145544391032888,-1.00080673161947,-884.714423624696,-888.148993765139,-902.864044614682,-906.202863325584,3.3220199776729,-928.241444885395,3.42017679042746,1818.98409037823,1842.89452157599,NA,2343.43953347104,0.439849671918335,0.973970234849919
"954",-5.86,0.73,-5.86,0.83,1.359326,9.604077,-1.1484446,0.2002995,35,35,-6.4813191813597,0.835316966789861,-5.808935913593,0.735593668170197,1.3820582428167,7.34125047958556,-0.7735778050049,0.14273425013248,1.3820582428167,8.99663063892744,-6.14512754747635,0.785455317480029,1.3820582428167,7.45427529427872,-0.790340874354492,0.145220434204376,1.3820582428167,9.01649951606437,2.66386989678577,0.0703201609285807,-0.416444139651488,-7.462458078228,-7.38420041825791,1.94877070602962,11.1677160147599,-4.76712723832052,0.615552451620736,-4.43720272626161,0.572892168275531,5.3127325,0.1016954,-0.824,0.023575,107.988436980319,-166.421630831801,1360.80551020507,0.913864736691185,0.922732769475582,6.45243178061827,0.125915925932776,-0.861265649457517,-910.248385314028,-910.673721238268,-935.712846016226,-935.851836953252,0.135153902760982,-946.201096652125,0.030734833797901,1870.05201375689,1908.59212437908,NA,2555.18938957835,0.417360861637343,0.865611869224575
"955",-5.86,0.73,-5.86,0.83,1.359326,9.604077,-1.1484446,0.2002995,35,35,-6.72648384408054,0.945436797385896,-5.41372396926233,0.816488290020564,1.27462895858218,9.48424323625011,-1.18313832846956,0.198242718124827,1.27462895858218,8.03629584748287,-6.07010390667143,0.88096254370323,1.27462895858218,9.91507785848329,-1.22545793506629,0.202399647512764,1.27462895858218,8.26882697014518,3.04348585371218,0.0847777422902962,-0.495265590165372,-7.05155728594563,-6.50703925002894,1.91636890026688,8.51623525236717,-4.89500903010838,0.678383471376754,-3.82159993251745,0.578632098864149,6.3639229,0.1381376,-0.892,0.0244711,91.0303982361177,-132.505553343398,1239.18903984416,0.211434756113175,0.183398942870207,7.66002636606128,0.160493708413965,-1.07553180749951,-894.260372302367,-895.75905763296,-908.817840232072,-910.596364678024,1.74984491520846,-933.490745690935,1.93476051667262,1838.07598773357,1854.80211281077,NA,2345.87252634493,0.473323707750629,1.00090806905725
"956",-5.86,0.73,-5.86,0.83,1.359326,9.604077,-1.1484446,0.2002995,35,35,-5.64225837766155,0.710803143800578,-5.89003405844316,0.913436703514493,1.48891533287951,8.61223739506974,-1.138199904693,0.214839693080307,1.48891533287951,7.57249324480138,-5.76614621805235,0.812119923657535,1.48891533287951,8.62758559206645,-1.15075182174483,0.225104782960891,1.48891533287951,8.17477743270351,2.15648507024186,0.0572451447591949,-0.335551611831825,-7.36521841148131,-6.40575577893576,2.26054481036246,7.94423059060253,-3.70846567266498,0.471177721653109,-4.38787320379135,0.688768258597449,5.23096699,0.15137551,-0.889,0.02709248,74.4186319543837,-99.2820207799301,1278.95558554884,0.0285423788812919,0.0298288541173555,7.43233480055809,0.164230967842657,-1.03006457704575,-927.771056949825,-931.120226558629,-943.200717620829,-947.953683900696,4.7775277982496,-971.788619126269,5.41809959995857,1905.09735702849,1923.56786758829,NA,2458.62915031775,0.348902715241392,1.15752977475871
"957",-5.86,0.73,-5.86,0.83,1.359326,9.604077,-1.1484446,0.2002995,35,35,-5.66672820837319,0.697303931062576,-4.63517505425307,0.680534283335742,1.50284221578983,10.2502271869282,-1.05790636767775,0.144028951072961,1.50284221578983,7.27284991490119,-5.15095163131313,0.688919107199159,1.50284221578983,10.516252664372,-1.06223106342927,0.144099256344182,1.50284221578983,7.77861848028159,3.28862813843966,0.0814429803611695,-0.502129502400439,-7.4701130584972,-6.53846912605495,2.21659103767246,8.38468579150274,-3.57386037564207,0.441548921410815,-3.11860681172743,0.453239083779808,4.54169647,0.07628445,-0.854,0.03095765,52.0938804103472,-54.632517691857,1247.2454140919,0.175394216910626,0.178717609119912,8.9176493812647,0.163253216597302,-1.15525509229237,-919.745961336616,-922.292292389982,-942.991156172055,-947.144955352524,4.15724481885253,-968.660412440096,4.96525516218466,1889.04716580207,1923.14874469074,NA,2439.85831049194,0.475488047436824,1.15847001681257
"958",-5.86,0.73,-5.86,0.83,1.359326,9.604077,-1.1484446,0.2002995,35,35,-5.70044433911763,0.711973178597408,-5.70254125062957,0.763270993390075,1.42888387535877,12.5503185117541,-1.47973832637468,0.231950189108062,1.42888387535877,9.16258413416104,-5.7014927948736,0.737622085993741,1.42888387535877,12.5503196110136,-1.47976521811927,0.232608055558687,1.42888387535877,9.22309163070699,3.2284375465695,0.0873027521269291,-0.516370682912155,-7.41643360838756,-7.11291141369074,2.32214259037167,9.11545377320703,-3.72948617580967,0.460419205579709,-4.21434189255906,0.562478989960136,6.00485197,0.10829389,-0.859,0.02610414,82.7059133563982,-115.856583583959,1324.48321256173,0.549467394009405,0.486607486148862,9.29714896975751,0.190919612574208,-1.29031090800677,-927.894976330797,-928.235822596484,-945.028714061014,-945.444254585178,0.404868457747268,-982.68225386194,0.466716994852436,1905.34519579043,1927.22386046866,NA,2533.1098415395,0.494522061303123,1.21058188778954
"959",-5.86,0.73,-5.86,0.83,1.359326,9.604077,-1.1484446,0.2002995,35,35,-5.30162819204819,0.731324632382982,-5.46776900647526,0.788587921200321,1.29465381619969,13.1054572238083,-1.47345693662483,0.214615921965761,1.29465381619969,10.0333072916987,-5.38469859926172,0.759956276791651,1.29465381619969,13.1123579163629,-1.47583537898506,0.215435693027305,1.29465381619969,10.0596387750006,2.20774822568296,0.0595393541071667,-0.339334105191597,-6.90232650723574,-6.72730746489965,2.10377665133155,10.1505503867977,-4.24883087728882,0.593539849542947,-3.9237995844401,0.567238044635262,7.7674875,0.1307525,-0.897,0.0297935,49.1343981600888,-48.7135531913403,1266.11611519607,0.875497355340998,0.876256607380001,6.31168958167404,0.13447540936761,-0.883745049523801,-906.592534595402,-906.81592746209,-926.613802935304,-926.780662049369,0.162285053537476,-961.896854383923,0.155389486805709,1862.74031231964,1890.39403821723,NA,2483.5186772008,0.387948804803973,0.869551659884968
"960",-5.86,0.73,-5.86,0.83,1.359326,9.604077,-1.1484446,0.2002995,35,35,-4.76450373842716,0.593041687167222,-5.5925388697872,0.79752622720617,1.37389931291442,8.33575454547285,-1.18323489675362,0.246790195465144,1.37389931291442,9.23084108438008,-5.17852130410718,0.695283957186696,1.37389931291442,8.50716509016446,-1.22556499249668,0.257243677243879,1.37389931291442,9.39546196554792,2.37057958126404,0.0673457721863532,-0.386788327342742,-7.18905605775833,-6.79882521399251,2.41130406333028,8.26911414594973,-3.31004112784772,0.406619513340571,-4.0157773232106,0.5745686792626,4.6753324,0.1498792,-0.846,0.0261375,77.5669861721977,-105.578729215558,1285.02279364858,0.309263078762092,0.250168610496249,6.8138168612302,0.156978712199338,-0.988895514382967,-917.996901059557,-919.233954988872,-935.883320009741,-937.000699729969,1.0941641871951,-988.855042784372,0.810774234699372,1885.54904524795,1908.93307236611,NA,2464.4668580816,0.385619624583273,0.993864579117019
"961",-5.86,0.73,-5.86,0.83,1.359326,9.604077,-1.1484446,0.2002995,35,35,-7.0687838528753,0.94797556646707,-5.83724129274368,0.826261188557999,1.33151254141968,6.08769963760692,-0.658539187936071,0.136089768822826,1.33151254141968,8.98189947689031,-6.45301257280949,0.887118377512535,1.33151254141968,6.46687390696081,-0.696013297079814,0.139793366270274,1.33151254141968,9.17514527811257,2.54993294754785,0.0661952483461445,-0.397073174112168,-7.37873196551156,-6.87233217295536,1.78350682337379,11.8011649917752,-5.49018914377869,0.737305171950941,-4.015792211653,0.578077400351805,2.72863401,0.08519411,-0.691,0.02171681,128.025225226425,-206.495207324013,1332.57785965561,0.0514292372018353,0.042723833686878,9.00433295198706,0.169363710651902,-1.20749453516068,-899.941501847853,-901.500968054377,-926.481327894049,-927.823550497096,1.31645429945839,-926.266127784611,1.33662545981882,1849.43824682454,1890.12908813473,NA,2458.6605119872,0.387689044605696,1.08581411163955
"962",-5.86,0.73,-5.86,0.83,1.359326,9.604077,-1.1484446,0.2002995,35,35,-4.74096210509933,0.570321649065713,-5.61732537991755,0.789180316900259,1.29815122269308,10.9488309461137,-1.16025440201038,0.166025305642599,1.29815122269308,9.27079505727692,-5.17914374250844,0.679750982982986,1.29815122269308,11.1408340934762,-1.20820432672683,0.178000084764177,1.29815122269308,9.47600445832363,2.85398812300339,0.076165801363873,-0.452621884566018,-7.30087453217928,-6.87333449805583,2.12950649525975,9.52644703631915,-3.82100083575853,0.472043311142269,-4.03888233644559,0.56414936760589,6.93189375,0.10224736,-0.876,0.02244277,112.19928927528,-174.843335421723,1266.54203291255,0.282086529447543,0.266205719866659,5.90232282390021,0.127965080514762,-0.832090954310188,-899.063574101224,-901.685844892661,-922.261765213048,-923.646569316764,1.35863282183691,-962.859175046684,0.970375354447318,1847.68239133129,1881.68996277272,NA,2358.24073040337,0.435758522573208,0.826761741304141
"963",-5.86,0.73,-5.86,0.83,1.359326,9.604077,-1.1484446,0.2002995,35,35,-5.58056298770835,0.660349386598616,-4.56511102721792,0.675637629523679,1.33187004532744,5.08243409539856,-0.562578917557412,0.11623103468109,1.33187004532744,7.35763461531944,-5.07283700746314,0.667993508061147,1.33187004532744,5.34021976641453,-0.558697798494736,0.116289467274024,1.33187004532744,8.16243338581407,3.30111492644708,0.0818990426160325,-0.504126345889076,-7.60411345102808,-6.49757809532589,2.00308858251235,8.4175556885543,-4.6637679942586,0.571854536813199,-3.04612821282806,0.459996841527622,3.25087885,0.07714218,-0.779,0.02523559,98.0089808557932,-146.462718582749,1245.36328909602,0.00319401470270005,0.00212236453580025,5.75164956462431,0.104562804801979,-0.714200695325049,-889.886068114818,-893.713073507552,-914.115243440685,-920.55078798055,6.54806280874277,-943.969145108835,7.72394546502381,1829.32737935847,1865.396919228,NA,2344.26385960929,0.479282280323223,0.852959981121731
"964",-5.86,0.73,-5.86,0.83,1.359326,9.604077,-1.1484446,0.2002995,35,35,-6.49286816078761,0.842819462412017,-6.04223911450616,0.872141352420424,1.3822598846701,7.82078028425682,-0.714769236299049,0.119042707658158,1.3822598846701,9.70218690987462,-6.26755363764689,0.85748040741622,1.3822598846701,7.87154691859494,-0.711465912466634,0.119257650966574,1.3822598846701,9.95109750291684,2.46382826183771,0.0645714668768916,-0.3792350112843,-7.4293091301585,-6.80398785082695,1.7958328349194,13.5267752393239,-5.06863712751049,0.663974815121348,-4.64730201917748,0.682704682324665,3.3969755,0.05420959,-0.634,0.02247958,120.984426754147,-192.413610379457,1342.52831299568,0.337846177522731,0.30527629656126,8.02058271107447,0.158485017017546,-1.08359542956709,-909.914731241273,-910.860602194351,-940.522589150262,-942.131999409512,1.58153847147387,-932.379532149396,1.78368537671293,1869.38470561138,1918.21161064715,NA,2492.6430156119,0.401133293689665,1.05780004974768
"965",-5.86,0.73,-5.86,0.83,1.359326,9.604077,-1.1484446,0.2002995,35,35,-6.34046554404308,0.78578594331772,-6.17945474890677,0.807260262734626,1.19003248833495,11.6716086065776,-1.44497466815293,0.237584568574304,1.19003248833495,10.2657940376958,-6.25996014647492,0.796523103026173,1.19003248833495,11.6780897256152,-1.44411026884184,0.237699855172908,1.19003248833495,10.3280444855557,3.36638673034157,0.0876181039769799,-0.527545995721415,-7.61669746162471,-7.32774822830809,2.01707092021964,9.60905638166468,-4.41983065934233,0.552526938175859,-4.38456530781344,0.573088701973499,5.39089,0.11896221,-0.853,0.02159532,123.909457421419,-198.263671714,1343.78703383061,0.859133808928146,0.832139711130385,9.41257791293545,0.175413559664726,-1.24944370324812,-892.026393018033,-892.281368095342,-907.429104297274,-907.814832678214,0.375741864293429,-949.843034489777,0.464292992080351,1833.6080291649,1852.02464094118,NA,2489.31039594723,0.502775425255743,1.15777885013994
"966",-5.86,0.73,-5.86,0.83,1.359326,9.604077,-1.1484446,0.2002995,35,35,-5.82745715870007,0.780331907961377,-6.01236347551696,0.80368299238289,1.42545307994297,9.69284274286099,-1.10324235877578,0.196187515879062,1.42545307994297,9.84374715449643,-5.91991031710852,0.792007450172134,1.42545307994297,9.70139032936069,-1.10432179952929,0.196323834164977,1.42545307994297,9.845884143784,3.60050173669042,0.0934532757458284,-0.561681177001393,-7.13618280759508,-7.18196940598435,2.13539168507127,11.1762157654618,-3.91621621275477,0.526848442006091,-4.21669375129955,0.569111362680746,5.43745614,0.10354738,-0.821,0.02803784,65.4135500216324,-81.2718569144275,1343.41780152498,0.923328111525133,0.917719008865825,8.85571205985443,0.187687100549482,-1.24213445785818,-926.922934280884,-926.946422940967,-948.981064237339,-948.994857855917,0.0134008354754546,-968.631111304784,0.00959475386909658,1903.40111169061,1935.12856082131,NA,2605.56374613552,0.543336229163102,1.19601607768562
"967",-5.86,0.73,-5.86,0.83,1.359326,9.604077,-1.1484446,0.2002995,35,35,-5.79045524489825,0.762377579933854,-6.68308792903178,0.840722266730898,1.34311241263843,10.8037216629048,-1.24094920365906,0.19824175160114,1.34311241263843,9.26980160095893,-6.23677158696502,0.801549923332376,1.34311241263843,11.0029199401007,-1.25843246067487,0.199776224088471,1.34311241263843,9.39811508109933,2.82626195500777,0.075483157420543,-0.450408632416579,-7.20614813414314,-7.63202344757983,2.05178846165235,10.0729242901976,-3.95713666086073,0.532973600007877,-4.27051415171054,0.535098170790994,3.84852015,0.09030256,-0.822,0.02559207,93.9563812053786,-138.35751928192,1336.4056907862,0.593555535905433,0.550295009443881,11.7283334122642,0.20669826710662,-1.50968922814731,-911.465820168959,-912.108285389031,-930.59687673625,-931.466055681491,0.849609076063581,-955.521881024956,0.94998550783466,1872.48688346676,1898.36018581913,NA,2534.45386229048,0.424140643798018,1.43317469915385
"968",-5.86,0.73,-5.86,0.83,1.359326,9.604077,-1.1484446,0.2002995,35,35,-5.82584205197354,0.819210022681966,-6.15126492865809,0.857198010618645,1.29412985167018,7.6210061962741,-0.970947181914885,0.181720556965103,1.29412985167018,8.01448077391154,-5.98855349031581,0.838204016650305,1.29412985167018,7.64748120844153,-0.97403772199334,0.182081328771973,1.29412985167018,8.0235991622111,2.64731968269434,0.0656115910921277,-0.392455644320639,-6.90294195384576,-7.00204222854811,1.91124468985258,8.84009863579696,-4.6196160832024,0.654182440133988,-4.10109403796107,0.577486959718526,4.49359969,0.09927669,-0.846,0.02601217,86.7723669491484,-123.989490769459,1255.10229941477,0.751620146803481,0.640676946849328,6.99633811053231,0.155122108399407,-1.00745092539584,-895.291312687363,-895.38526228746,-912.368581737377,-912.439352821395,0.0687838179392798,-934.006083468437,0.0621413858555448,1840.13786850356,1861.90359582138,NA,2386.21510806009,0.428212066988936,0.954358817268718
"969",-5.86,0.73,-5.86,0.83,1.359326,9.604077,-1.1484446,0.2002995,35,35,-5.59089494082181,0.68793550598705,-5.36802542594558,0.741713052866085,1.39075755149352,9.95958011383373,-1.06680610865462,0.163583274630627,1.39075755149352,8.73237442708051,-5.47946018338369,0.714824279426568,1.39075755149352,9.97199781899902,-1.06380976470858,0.164306280767709,1.39075755149352,8.92268032039522,2.50050906283378,0.0679496102604941,-0.401315569038675,-7.4500944432802,-6.90683222010442,2.11861387718473,9.74835051919079,-3.72219389414287,0.464163725684476,-3.52625447460719,0.483886091183206,5.16048732,0.11995808,-0.853,0.02668201,76.6260950673635,-103.69694700589,1294.05445654209,0.584753482141286,0.550718882097625,8.60333156968339,0.151034993685876,-1.10155064074232,-913.060471974978,-914.016204769749,-935.374841070087,-936.730403698232,1.3296653188139,-962.332912480604,1.54231236667685,1875.67618707879,1907.9161144868,NA,2484.41196607828,0.383067654223283,1.06430268266661
"970",-5.86,0.73,-5.86,0.83,1.359326,9.604077,-1.1484446,0.2002995,35,35,-5.25562218453436,0.630464646424293,-5.13678923060133,0.780817518532389,1.24462254240335,10.5931027605223,-1.18692164309529,0.180108512784909,1.24462254240335,9.28191464102985,-5.19620570756785,0.705641082478341,1.24462254240335,10.5966330782574,-1.18245492411406,0.185760009322697,1.24462254240335,10.0459774941961,2.79475673889502,0.0727159069176817,-0.432873863182198,-7.45721819654407,-6.4426217373756,2.05182077482341,9.30664709316921,-4.16171539176619,0.515976621827476,-3.84661528226639,0.582598953971802,6.55077366,0.09691629,-0.884,0.0251611,91.1545488538499,-132.753854578862,1251.92078897705,0.0323609534287406,0.0334179899074583,5.96826608490354,0.141170023113373,-0.854111693023564,-891.999235177424,-896.008225997483,-912.020850460414,-917.038439414611,5.05317110958851,-953.015755066708,5.79264371711559,1833.55371348368,1861.20813326746,NA,2371.08772337523,0.436357015249253,0.974670799068091
"971",-5.86,0.73,-5.86,0.83,1.359326,9.604077,-1.1484446,0.2002995,35,35,-6.12129351287258,0.749580925935703,-6.24584840098783,0.929963923265736,1.29543285260238,9.77680809307349,-1.27045194983147,0.237874192966406,1.29543285260238,9.95938156856651,-6.1835709569302,0.839772424600719,1.29543285260238,9.78068657311183,-1.27606884584406,0.246008699397847,1.29543285260238,10.6249507531787,1.92310898888633,0.0544417176986032,-0.307879116318289,-7.61322555525069,-6.6631052229481,2.10048096495472,9.88780801653333,-4.3944553439844,0.533962543366519,-4.65340187707662,0.714751126694007,6.92540723,0.17601207,-0.887,0.02095197,120.966267987926,-192.377292847014,1330.57050414601,0.0140628945397479,0.0133444607825475,7.07086341719186,0.158465906991909,-0.973725278580326,-909.193446593616,-912.037939220478,-926.290588691488,-930.417638994848,4.12967686821299,-960.678164023948,4.69726412140727,1867.94213631607,1889.7476097296,NA,2468.763715445,0.332187536241937,1.16023247015979
"972",-5.86,0.73,-5.86,0.83,1.359326,9.604077,-1.1484446,0.2002995,35,35,-5.45614679653296,0.684028081565487,-6.5363881830711,0.996366674497178,1.55080063061213,6.22242789349603,-0.683319038254167,0.121436047725025,1.55080063061213,6.09164002742357,-5.99626748980203,0.840197378031333,1.55080063061213,6.5141582567935,-0.767669306928643,0.145824896883662,1.55080063061213,6.57523839170167,1.80752522382507,0.049999422615245,-0.284194282258807,-7.33862572257153,-6.55803459622196,2.05858064193339,7.88262498382442,-3.85275292648982,0.481470560709897,-4.50073274918689,0.677888401007427,3.00901681,0.05623672,-0.785,0.02970707,69.824282691693,-90.0933222545487,1260.24659963316,0.0130016384491998,0.0089632107026072,8.62123186920383,0.214688324022998,-1.30078032486373,-919.559709626636,-924.956201521889,-939.903022021685,-944.520795488472,4.63710631726155,-948.617380912695,3.96538144262334,1888.67466238211,1916.97247639,NA,2430.39987701178,0.313314022648155,1.32441681502567
"973",-5.86,0.73,-5.86,0.83,1.359326,9.604077,-1.1484446,0.2002995,35,35,-6.16415320303372,0.66792589566434,-5.81780557124164,0.856874874942723,1.28852670225742,8.39154584322422,-0.984416334870102,0.170656666135268,1.28852670225742,8.56335479747438,-5.99097938713768,0.762400385303531,1.28852670225742,8.42153501373623,-0.968055826994455,0.179582095327854,1.28852670225742,10.0964435749727,2.99498571705829,0.0693301022971083,-0.437725718687605,-8.1425647859117,-6.67050802987106,1.98794870817319,9.22290236899693,-4.7653085072795,0.528200256759806,-4.32468319376179,0.650184832485021,4.27743587,0.11280843,-0.824,0.01942838,153.583681594542,-257.612120060247,1358.85825737586,0.000747179065522285,0.000825171360208377,7.31175990572596,0.143826088661101,-0.926357488327082,-896.236734245954,-903.117932842067,-915.442953504478,-925.85097858546,10.9009901940915,-944.982260206219,12.688686956441,1842.02871162075,1868.05233935558,NA,2460.10439469147,0.4304771646134,1.18742984435078
"974",-5.86,0.73,-5.86,0.83,1.359326,9.604077,-1.1484446,0.2002995,35,35,-5.30776658626134,0.656210824636246,-5.0702071379744,0.680697380029249,1.48764457278273,10.6329488244411,-1.3760067352187,0.255359840582788,1.48764457278273,9.29242981540707,-5.18898686211787,0.668454102332747,1.48764457278273,10.6470574473087,-1.37455248207129,0.255509738431542,1.48764457278273,9.37980497267572,3.24664220190556,0.0811250147262852,-0.499404231060899,-7.35597353081795,-6.97252952188087,2.57049562783749,8.56827509893125,-4.02194355884944,0.506921549379413,-3.25446729953571,0.429628844641223,5.81856451,0.12880698,-0.872,0.02766993,67.3755697643559,-85.1958963998744,1305.28909663605,0.505155349979692,0.426759383618147,7.70848573509531,0.170682187368103,-1.0761616565896,-939.124806304283,-939.490988157702,-955.791028312634,-956.382768634285,0.577269974226518,-1005.62992372239,0.711377871676301,1927.8048557374,1948.7484889719,NA,2525.38229687223,0.466883272767949,1.17636516488324
"975",-5.86,0.73,-5.86,0.83,1.359326,9.604077,-1.1484446,0.2002995,35,35,-6.23459487937936,0.743953604757272,-6.83872403648928,0.960389153312821,1.44438747902453,7.80546928294631,-0.846145207490462,0.169549642300875,1.44438747902453,10.1094482116824,-6.53665945793432,0.852171379035047,1.44438747902453,7.8967122925639,-0.878833963869834,0.18126072897051,1.44438747902453,10.4660588865684,3.06180255812793,0.0757328683903773,-0.466517117190269,-7.76005304515771,-7.0747152109601,2.04625592141614,12.5045896623425,-4.28360188333769,0.515233364013609,-4.95655251520502,0.689745884139394,5.30316469,0.11841822,-0.844,0.02500529,96.0820975163107,-142.608951903784,1409.34402366979,0.148907973930779,0.129757500664339,8.7407099042614,0.179048183194155,-1.16368605333724,-927.148601430323,-929.38385991786,-953.908505554059,-956.120178914821,2.18278400782711,-961.808794517803,2.0226234362194,1903.85244598948,1944.98344345475,NA,2676.07909543581,0.444937921787529,1.31868086134573
"976",-5.86,0.73,-5.86,0.83,1.359326,9.604077,-1.1484446,0.2002995,35,35,-4.8954384894572,0.60436194514461,-4.76086602464039,0.679078030765902,1.40946570778307,10.4930619996447,-1.18402265183433,0.185679717791871,1.40946570778307,8.55989748945002,-4.82815225704879,0.641719987955256,1.40946570778307,10.4975894367164,-1.18150896988346,0.187075341154514,1.40946570778307,8.77733014233674,3.60014458802675,0.0993546586472293,-0.584649508281921,-7.25254764110013,-6.67283607241917,2.3441787163838,8.48647279306488,-3.1959664512211,0.403654483854408,-3.58550820211384,0.504368518060087,3.67733683,0.07358952,-0.797,0.02978887,58.7442105361043,-67.9331779433713,1243.41702783948,0.432446178627421,0.368619386730678,8.46021884627241,0.165724224064885,-1.13720004264312,-917.896624278131,-919.065467796302,-937.396893532652,-938.97115510627,1.54660867573254,-982.749324312542,1.79835493808648,1885.3484916851,1911.96021941193,NA,2418.90087773559,0.549702463046601,1.11478224830317
"977",-5.86,0.73,-5.86,0.83,1.359326,9.604077,-1.1484446,0.2002995,35,35,-6.15904443374918,0.733432940338789,-6.24210347567458,0.847962542461368,1.52016622701449,8.5612190657406,-1.08244401647124,0.177776732859396,1.52016622701449,5.58335851475182,-6.20057395471188,0.790697741400078,1.52016622701449,8.562943766852,-1.08482219622734,0.181055990299985,1.52016622701449,5.8092511883782,2.55360762588181,0.0725287358559411,-0.414446839915162,-7.74718199570249,-7.14790330498529,2.18648258001149,6.01341021117913,-4.12377390790281,0.481478070847391,-4.75874280839558,0.655471041441616,4.76091856,0.10815201,-0.884,0.02655408,92.3141744880215,-135.073105847206,1306.80808466229,0.0675494046445789,0.0567117305633391,8.50489866405241,0.171006564296345,-1.16228768699037,-918.116672359891,-919.986545021912,-929.808856954513,-932.170455968037,2.33326223570756,-955.115783968242,2.78695123020495,1885.78858784862,1896.78414625565,NA,2478.54306347737,0.423501116015443,1.11818489549836
"978",-5.86,0.73,-5.86,0.83,1.359326,9.604077,-1.1484446,0.2002995,35,35,-4.53376452881354,0.531753026506989,-5.8635955259671,0.826987564116476,1.22209938924822,8.35783445529287,-1.13727304376103,0.204899898740186,1.22209938924822,7.44607987845931,-5.19868002739032,0.679370295311733,1.22209938924822,8.79994707554047,-1.23542605364688,0.226690756789558,1.22209938924822,7.73641899806883,3.24124200488434,0.0796443360879639,-0.498424309249096,-7.32345882870312,-6.89435884856545,2.19845803523535,6.17722897622097,-3.24197032447269,0.37594002994193,-3.61987999355661,0.508787017532975,4.23604072,0.12658109,-0.901,0.02501911,96.3126690661154,-143.070095003393,1206.10924510219,0.142224602375797,0.138213631286036,7.83337986209709,0.162761028272601,-1.08347828418398,-881.908305895377,-885.005629173568,-893.778746974315,-896.144604599178,2.33754125198363,-957.262123573586,1.38863775317489,1813.37185491959,1824.72392629526,NA,2269.14839520098,0.445302332608414,1.06414890045278
"979",-5.86,0.73,-5.86,0.83,1.359326,9.604077,-1.1484446,0.2002995,35,35,-6.74463737662617,0.87251436483246,-5.86306642409738,0.83922420374842,1.37913038568135,6.35699168485192,-0.788133800406917,0.165256856345944,1.37913038568135,8.25168356985421,-6.30385190036178,0.85586928429044,1.37913038568135,6.55128352093756,-0.795470710161091,0.165533915052194,1.37913038568135,8.54964226417101,2.76706782281632,0.0687741711572354,-0.416929161229023,-7.5041638015204,-6.82092701424156,1.9311978713882,9.97830857145831,-4.50353553792596,0.573164812123423,-4.02711932810086,0.581412929242048,3.55582652,0.09143026,-0.799,0.02399829,106.566068540831,-163.576893952824,1312.72975187558,0.220988659957406,0.188415506982049,9.21536885750589,0.187860124552115,-1.26254371951843,-907.732146210378,-909.275236347943,-929.772289828761,-931.991160470661,2.19000045349173,-940.381544435634,2.6201565326016,1865.01953554959,1896.71101200415,NA,2461.88260979834,0.425146750655825,1.24036870903275
"980",-5.86,0.73,-5.86,0.83,1.359326,9.604077,-1.1484446,0.2002995,35,35,-6.42596130031993,0.766208495417851,-4.67103935504298,0.710129743049534,1.39301493144176,8.9796055697746,-1.00272947154325,0.165812504219788,1.39301493144176,8.38736608766562,-5.54850032768146,0.738169119233692,1.39301493144176,9.74954332827826,-1.02733292984198,0.166598710836585,1.39301493144176,9.66041453620294,3.03596147273239,0.0763631791622483,-0.466552617009945,-7.81883058643645,-6.39801133628167,2.08982472051177,9.43745381553561,-3.77793288103858,0.44208582384726,-3.46879538569746,0.519295714076448,4.88588342,0.12717663,-0.864,0.02530109,87.1319032050965,-124.708563281356,1292.61305505613,0.0288980017446946,0.0241931529562781,9.61631461455575,0.159829356422231,-1.17028494567678,-912.547805940691,-917.876542644979,-933.245665256445,-942.14774396847,9.22168089452499,-957.953552741688,11.0133691828749,1874.65085501022,1903.65776285952,NA,2460.5175468309,0.446254226719763,1.27841272796485
"981",-5.86,0.73,-5.86,0.83,1.359326,9.604077,-1.1484446,0.2002995,35,35,-5.69589203809978,0.788410545597607,-4.411821115247,0.734698971443034,1.27007082483287,11.9304093610193,-1.32019775367765,0.192837718507302,1.27007082483287,9.73914647085058,-5.05385657667339,0.761554758520321,1.27007082483287,12.3426188947483,-1.33744012132578,0.193558951806843,1.27007082483287,10.3845165515541,2.68143522928071,0.0692005022435906,-0.413628181625083,-6.95648725446568,-5.99241599149185,2.01210197376911,10.2222824366835,-4.10329252966369,0.58014057777671,-3.04384554311348,0.517324023979239,5.76813525,0.1043771,-0.881,0.02702675,71.5492609898596,-93.5432788508818,1217.95788134993,0.0665544776236159,0.0642338308296881,7.59974374065867,0.14687570389189,-0.993795381987105,-899.143257579115,-901.577914215754,-920.025377538344,-924.110481011681,4.0864667976133,-951.205510716583,4.89817226564305,1847.84175828707,1877.21718742332,NA,2342.37248384897,0.416092575577076,1.07511281648346
"982",-5.86,0.73,-5.86,0.83,1.359326,9.604077,-1.1484446,0.2002995,35,35,-4.1767524776445,0.469355205505114,-7.3837034433594,0.994081750696752,1.20244784009001,11.3731696319111,-1.41261999775399,0.227753570424653,1.20244784009001,9.32489930107378,-5.78022796050195,0.731718478100933,1.20244784009001,13.9443032560361,-1.83331307296363,0.296588057231841,1.20244784009001,9.83853469532133,2.62273641181011,0.0648235261126987,-0.397054514429598,-7.33819684839078,-7.41896284124388,2.29457553785434,7.53254770013531,-3.41399027518452,0.398210453846459,-5.5822321260835,0.762268219539627,8.65145702,0.1753563,-0.915,0.02352703,99.6094415875327,-149.663640046228,1314.09561408815,0.014173881169639,0.00861681416514609,8.58148119473776,0.190894621985442,-1.24167671353845,-889.56574902817,-896.898275757196,-903.867008010629,-907.265467780872,3.38281331278469,-973.800190514237,0.0396481519994429,1828.68674118518,1844.90044836789,NA,2478.52758813007,0.390088698006727,1.15786644132724
"983",-5.86,0.73,-5.86,0.83,1.359326,9.604077,-1.1484446,0.2002995,35,35,-5.4697696137552,0.682572367092216,-5.11999402910214,0.801791589776296,1.18019630946415,12.3981526028772,-1.60770285547533,0.282325296508378,1.18019630946415,11.8022870822699,-5.29488182142867,0.742181978434256,1.18019630946415,12.4287383427821,-1.59727786214628,0.285878602272727,1.18019630946415,12.6621741807039,2.30513351242801,0.0530323429348631,-0.336702663784633,-7.36092130993056,-6.30086844686172,2.22427772456333,9.79842752530357,-4.15075984728738,0.54592022427768,-4.08541894077233,0.639651946571792,7.10617844,0.13473468,-0.882,0.02569675,79.9247688901571,-110.294294651477,1288.1669840757,0.0815725697620537,0.0684020372798245,6.29420956928086,0.166275665901481,-0.942631714872443,-899.228883556689,-902.198427692943,-914.345342804327,-918.895844861443,4.56733412692272,-974.419799573422,5.56740067444383,1848.01301024222,1865.85711795528,NA,2466.03967349992,0.326861652835723,1.14512023104348
"984",-5.86,0.73,-5.86,0.83,1.359326,9.604077,-1.1484446,0.2002995,35,35,-5.48200491851716,0.688660412363873,-5.61316358967757,0.87270079246826,1.28540686372874,8.69776790836733,-0.977164623155087,0.159188196369057,1.28540686372874,8.46550729415386,-5.54758425409736,0.780680602416067,1.28540686372874,8.70206855762246,-0.983199246078673,0.167655911746299,1.28540686372874,9.15837268150184,2.5735466759288,0.069288446659966,-0.409399584638712,-7.33688561636632,-6.37157932695955,1.92473874643791,9.50449367366764,-3.88725305095952,0.486154679949587,-4.0030035693857,0.625862669904691,5.17893468,0.09984279,-0.836,0.02751795,71.7783713501428,-94.0014995714483,1261.0861396132,0.0260199476815979,0.0226266822588957,6.43337560184036,0.151021086019171,-0.92971664659773,-893.923381231579,-897.927492841614,-914.129134832238,-919.074206439704,4.97752998075041,-938.016600365262,5.48441512806633,1837.402005592,1865.4247020111,NA,2428.17077965494,0.397816474445045,0.998010983296411
"985",-5.86,0.73,-5.86,0.83,1.359326,9.604077,-1.1484446,0.2002995,35,35,-6.04515561063784,0.716537944095219,-7.24928992362001,0.974713217006745,1.27767239555046,10.9353857206731,-1.32707485809781,0.215765132748274,1.27767239555046,9.11981760745597,-6.64722276712892,0.845625580550982,1.27767239555046,11.2978705815983,-1.40479428431688,0.232428750634009,1.27767239555046,9.31215862850068,2.75437266440784,0.0792663034065288,-0.452509056609179,-7.73394918829533,-7.39994203323771,2.03702385217013,9.18437427738213,-4.05918344843943,0.479634530618563,-4.95440422115759,0.666397193569085,4.62158965,0.12183885,-0.85,0.02174345,127.609729803631,-205.664216478424,1373.47735468486,0.202009816371641,0.171781018361909,12.657535722526,0.241097357104435,-1.70804033613492,-901.340865136166,-903.695526849159,-917.329371608752,-918.647332148019,1.29243331632818,-950.824805119308,0.639923466464536,1852.23697340117,1871.82517556413,NA,2541.2904928913,0.452432200360296,1.53387425355062
"986",-5.86,0.73,-5.86,0.83,1.359326,9.604077,-1.1484446,0.2002995,35,35,-6.4713597315116,0.793185858850077,-7.18808219145016,0.991514417390399,1.34845230442605,6.6917264237423,-0.745677472634986,0.157930963606443,1.34845230442605,9.89808512299095,-6.82972096148088,0.892350138120238,1.34845230442605,6.8201491948874,-0.781214105723258,0.167764517889614,1.34845230442605,10.1031393095112,2.64770515525307,0.0719268996429853,-0.421774568079146,-7.70350486722621,-7.23863709682553,1.87991198292042,12.4233694495464,-5.11347642540647,0.645822273444709,-5.26657518884293,0.714296981605355,4.8146756,0.1044431,-0.801,0.0204605,139.557615799457,-229.559988470078,1406.08194196685,0.611043325848003,0.598673070723162,7.14270507076979,0.155362475696002,-0.992234958394165,-908.827546672924,-910.487435011946,-935.725563997579,-937.03041943733,1.27946189867424,-940.82489720325,1.01907647560624,1867.21033647469,1908.61756034179,NA,2582.60389546363,0.417278266495431,1.06444277500515
"987",-5.86,0.73,-5.86,0.83,1.359326,9.604077,-1.1484446,0.2002995,35,35,-4.46860155103478,0.567124903921459,-5.9555556074268,0.805662895939525,1.35435809929564,10.9655354257228,-1.24844100239582,0.194487990296155,1.35435809929564,9.01134636251903,-5.21207857923079,0.686393899930492,1.35435809929564,11.518293517178,-1.33711476110454,0.208713083705157,1.35435809929564,9.10751351705848,2.39543218653597,0.060294715681976,-0.367176419486339,-7.04755935846305,-7.11336578484303,2.26424526516061,8.85127008137079,-3.40208821310726,0.444722605766005,-4.75422168461681,0.645544363411306,7.83873417,0.14177235,-0.902,0.02684314,72.1523986613955,-94.7495541939537,1278.49075791138,0.240166807311964,0.213616192780928,5.7039730974729,0.122240477272752,-0.794304836958206,-911.693831626724,-913.487054552307,-930.855482876997,-931.524681045007,0.653195511561256,-975.570059239953,0.0231029735804215,1872.94290638229,1898.87739810062,NA,2462.23196162881,0.356361164619288,0.813668502359473
"988",-5.86,0.73,-5.86,0.83,1.359326,9.604077,-1.1484446,0.2002995,35,35,-5.64498003593401,0.767495594953364,-6.28531275147345,0.871917345820457,1.33358686655111,10.9566295750467,-1.15807825132723,0.185752307015771,1.33358686655111,11.0821590854336,-5.96514639370373,0.81970647038691,1.33358686655111,11.0591360716942,-1.17479441715076,0.188478282529308,1.33358686655111,11.1005479747633,2.4731680083426,0.0671568286201068,-0.389574286990322,-7.03018111608045,-7.04839606115069,1.9884078036404,12.8749696187288,-3.77085316777365,0.508440315009098,-4.26359940472527,0.599185553947685,5.27632658,0.0892093,-0.827,0.02957392,57.1985343580778,-64.8418255873183,1333.68839938077,0.660115713559306,0.671859232138934,9.41158846632431,0.19026555232922,-1.28095505372174,-915.36282218889,-915.726823430764,-940.229664935241,-940.336123033417,0.10349511751842,-955.7297915742,0.00143108422170043,1880.28088750662,1917.62576221711,NA,2602.53497317422,0.406015487947634,1.27363079900153
"989",-5.86,0.73,-5.86,0.83,1.359326,9.604077,-1.1484446,0.2002995,35,35,-5.89064944810809,0.744351776762706,-5.29892231652705,0.703302273648046,1.45083682125387,7.6193687508116,-0.962918323133589,0.196320122156626,1.45083682125387,8.71524162539615,-5.59478588231757,0.723827025205376,1.45083682125387,7.70690400037389,-0.968990849316306,0.196741387583116,1.45083682125387,8.7905105100468,2.7595793663776,0.0773979139183694,-0.446757502784527,-7.41373540811296,-7.06657059371682,2.25982991990992,9.28803243722819,-4.34819935336182,0.554823977324166,-3.73830724424544,0.514222217502216,3.15414453,0.08012706,-0.772,0.02994689,62.7663260744766,-75.9774090201159,1321.1893605761,0.432428884991371,0.374540035522356,8.23594224612324,0.171322932594022,-1.12734965290786,-924.781853414366,-925.226135388612,-945.613022520009,-946.153257835291,0.526830351070701,-976.610168159541,0.616893631762667,1899.11894995757,1928.39247738665,NA,2566.40131213208,0.446329724640675,1.16682410907894
"990",-5.86,0.73,-5.86,0.83,1.359326,9.604077,-1.1484446,0.2002995,35,35,-5.95005410235889,0.664308097470099,-5.85030006007402,0.799605740761343,1.26910141416431,7.92593365832439,-0.808601910949942,0.132433982887546,1.26910141416431,9.17848232839405,-5.90017708121645,0.731956919115721,1.26910141416431,7.92842137556243,-0.805227789242462,0.137010345957588,1.26910141416431,9.77625333379324,1.91664329558197,0.0547489469003652,-0.308990443544654,-7.95001959070119,-7.04419720063294,1.88798875297955,10.7645707404533,-4.2955846182606,0.494469058506656,-4.2026259499239,0.577963974676646,4.8496563,0.1015895,-0.823,0.0212698,128.608647231261,-207.662051333685,1345.27426013955,0.126496996273302,0.106181409932289,6.76096211849033,0.121767361067509,-0.847307075975341,-890.546460097244,-893.530876419636,-916.084925438901,-920.079757647635,3.99356476296586,-937.258587104375,4.39599890711038,1830.64816332333,1869.33628322443,NA,2482.88646894542,0.330704290638465,0.954929984467095
"991",-5.86,0.73,-5.86,0.83,1.359326,9.604077,-1.1484446,0.2002995,35,35,-5.289463287248,0.669162163161088,-6.15819715494481,0.936510821804276,1.47863139202851,9.69071208926706,-0.919228453285977,0.180620701015822,1.47863139202851,13.2732358047486,-5.7238302210964,0.802836492482682,1.47863139202851,9.87938672248796,-0.977292161847644,0.1984895273354,1.47863139202851,13.6909040099853,3.28560076242863,0.0813314873885226,-0.495856195474072,-7.26050950828905,-6.53644924955216,2.18198647076161,16.1952399967642,-3.86444183746685,0.507432249926945,-4.15068228835746,0.640577221043897,5.7907832,0.10187154,-0.79,0.02798025,62.3267706235609,-75.0982981182845,1407.39247806511,0.173058165396044,0.168182926598911,8.01275617202694,0.189700315093456,-1.1202508913771,-944.070867448831,-946.858259048137,-977.190559161671,-979.209524773713,1.9898387684904,-985.999765627164,1.66278496343865,1937.6969780265,1991.54755066997,NA,2739.68665801193,0.496540660564875,1.41170990785512
"992",-5.86,0.73,-5.86,0.83,1.359326,9.604077,-1.1484446,0.2002995,35,35,-6.10013062690329,0.799112660558974,-6.23031851261707,0.845868651682093,1.27938255576043,12.4598063977027,-1.4854609396433,0.228816471816908,1.27938255576043,9.47305070100397,-6.16522456976018,0.822490656120534,1.27938255576043,12.4640436190993,-1.48698270555049,0.229363002493384,1.27938255576043,9.49190430374656,3.28721049648566,0.0874550937172248,-0.519318681221884,-7.29696541171366,-7.14859320135497,2.05240137208313,9.45142254125903,-4.50926145637166,0.605268946305951,-4.22464206729079,0.578012105475171,7.1722346,0.1601092,-0.911,0.0272173,70.1842811832986,-90.8133192377598,1304.83658873508,0.90357488039614,0.888910396070593,8.09483615622794,0.141097643145851,-1.03117369958855,-903.807590584546,-903.952197798258,-920.058764216125,-920.184665039423,0.122413709538626,-953.573289292511,0.122127760127741,1857.17042429793,1877.28396077888,NA,2518.8598582324,0.505210589729404,1.00536687554173
"993",-5.86,0.73,-5.86,0.83,1.359326,9.604077,-1.1484446,0.2002995,35,35,-5.5905968114868,0.721262651974167,-6.32490593572865,0.9011239044154,1.5320271453572,9.04256492508786,-1.12733272309822,0.182734860481903,1.5320271453572,5.84867401465795,-5.95775137360773,0.811193278194783,1.5320271453572,9.17736739757408,-1.16035116278951,0.190822378014335,1.5320271453572,5.9605648559261,1.96277979676773,0.0472372366989015,-0.282765560286302,-7.25124180221329,-6.91398412707294,2.20310516218993,6.35498122507495,-3.94183282025184,0.510714061421903,-4.55575087214005,0.65574781540717,5.47210883,0.11558449,-0.89,0.02915052,63.750747813081,-77.9462524973247,1258.09018182371,0.230064512377703,0.208273261417566,7.43916783165779,0.164321605311724,-1.07062188831428,-922.095059537587,-923.613852767937,-934.47872396808,-935.613113831694,1.11095625079391,-958.635715950982,0.835321863509472,1893.74536220401,1906.12388028279,NA,2438.2341111501,0.326295527072342,1.00719661326101
"994",-5.86,0.73,-5.86,0.83,1.359326,9.604077,-1.1484446,0.2002995,35,35,-6.03098038823945,0.736271252976844,-5.0089092154048,0.793485121800699,1.57741421945784,7.41533759833009,-0.86658219237323,0.162922644151071,1.57741421945784,7.29167958071168,-5.51994480182212,0.764878187388772,1.57741421945784,7.67649496891499,-0.851963030870429,0.163741000847519,1.57741421945784,8.32670988794678,2.92668173620964,0.073952237614227,-0.447268971081218,-7.60220801796486,-6.23927141989982,2.22642498858333,8.73972786000799,-4.17508227727107,0.499395902642456,-3.48827026357571,0.551652492793386,3.20693544,0.0578994,-0.765,0.03048866,62.6235396437984,-75.6918361587594,1296.25473449255,0.00319587621474503,0.00373915796538028,9.30657163552262,0.210333089959618,-1.301831932127,-934.674608034626,-939.567581267893,-955.015359325486,-963.249442726522,8.48827553053448,-971.044645416204,10.1939706392539,1918.90445919809,1947.1971509976,NA,2516.81763282634,0.445012183079225,1.47824434078956
"995",-5.86,0.73,-5.86,0.83,1.359326,9.604077,-1.1484446,0.2002995,35,35,-6.13985954601457,0.71104712329373,-6.34144529216557,0.83494242514713,1.4189290994406,10.0410606960357,-1.20869470478477,0.204432463949368,1.4189290994406,8.42207951890661,-6.24065241909007,0.77299477422043,1.4189290994406,10.0512198992985,-1.21493858650195,0.208269975404704,1.4189290994406,8.6236502230215,2.94121847108185,0.076178084685723,-0.459881325704608,-7.86136601314865,-7.32481561122118,2.18877366655566,8.90734924108515,-4.50401871323187,0.531086587742347,-4.61475056778514,0.615652674173792,5.61002858,0.10900705,-0.864,0.02458025,102.365266296611,-155.175289464384,1375.36097800495,0.27332284440445,0.249162880962378,8.29345791026116,0.164071880335922,-1.10614047861253,-920.894431199984,-922.145374823765,-938.019884450651,-939.501631418241,1.45475400120622,-967.463217554042,1.57982754980051,1891.34410552881,1913.20620124793,NA,2595.54666654551,0.437273210700157,1.15127401319061
"996",-5.86,0.73,-5.86,0.83,1.359326,9.604077,-1.1484446,0.2002995,35,35,-4.98852139633648,0.650077453411021,-6.33631390551747,0.931572122202399,1.38030903327155,11.0210764864714,-1.1807200373416,0.167881691995337,1.38030903327155,8.46286906260018,-5.66241765092697,0.79082478780671,1.38030903327155,11.4752126484225,-1.27556913883445,0.187691504134829,1.38030903327155,8.65918283316772,3.33908874031144,0.0853202002723951,-0.518843388273671,-7.07326937952166,-6.74398949436643,2.06613022992858,9.53091962265013,-3.49383387513394,0.449910045982043,-4.70268553151126,0.687504584156147,6.14179883,0.10137662,-0.885,0.02693522,78.1526524435333,-106.750061758229,1266.15559662848,0.032595863928131,0.0271117083937268,7.81338266839809,0.17678456908141,-1.13134208542382,-909.533529850775,-913.023264496483,-931.561490472977,-932.998830653539,1.41070708157136,-955.471893091327,0.592998199315709,1868.62230283039,1900.28941329258,NA,2425.56113149872,0.49029442838074,1.09844292743152
"997",-5.86,0.73,-5.86,0.83,1.359326,9.604077,-1.1484446,0.2002995,35,35,-6.25000845467904,0.808235326105299,-6.37591520946777,0.85542917475576,1.42472290273569,9.56970914622219,-1.19838901224297,0.225475029827764,1.42472290273569,9.49770732977167,-6.31296183207341,0.831832250430529,1.42472290273569,9.57367227394754,-1.19987451832536,0.226031844665375,1.42472290273569,9.51598658036006,2.40738787163266,0.0658500865153938,-0.383116498908052,-7.39249275883487,-7.23723077570754,2.17830210969325,10.2377218660231,-4.85461730201712,0.644295616871318,-4.58475884660836,0.622184973948291,4.96592382,0.10464335,-0.811,0.02288278,112.008825241145,-174.462407353452,1363.27721054314,0.90508456872541,0.916756705876498,8.23150178142958,0.176516750302618,-1.15319431952922,-927.695301394697,-927.803968485156,-946.585311579509,-946.707093867706,0.118405762416861,-970.698248795195,0.11718737555923,1904.94584591823,1930.33705550565,NA,2552.09201373283,0.388003658939885,1.14967711468852
"998",-5.86,0.73,-5.86,0.83,1.359326,9.604077,-1.1484446,0.2002995,35,35,-6.51459778801283,0.812306462428957,-5.76005603036484,0.854404263036703,1.33083750377489,8.49451520742524,-1.00042420590811,0.177797478566467,1.33083750377489,8.77455049845613,-6.13732690918884,0.83335536273283,1.33083750377489,8.63684852343387,-0.992483068792188,0.17824053477047,1.33083750377489,9.44204398788355,3.30121952929778,0.0841566430752535,-0.508673185187622,-7.63282731543949,-6.62747775541053,1.94129017156866,10.087851611217,-5.01884628086624,0.637020114091401,-4.04077950486911,0.612760592889887,6.45265668,0.14312827,-0.887,0.02424746,96.1794940558339,-142.80374498283,1314.53842309646,0.0249448768779929,0.0234609274162355,6.20437263372742,0.112269954324969,-0.763833875840633,-905.142057422761,-907.922868265817,-924.887698974905,-929.511774904795,4.64364650714463,-942.006066641061,5.58783128505604,1859.83935797436,1886.94183029644,NA,2486.27310121008,0.497900256805389,0.936791209513161
"999",-5.86,0.73,-5.86,0.83,1.359326,9.604077,-1.1484446,0.2002995,35,35,-5.24827144422548,0.660634327504056,-4.62423582019054,0.707265600296541,1.2613911709254,3.99938784478335,-0.410975581435083,0.107399591186576,1.2613911709254,8.84388213454283,-4.93625363220801,0.683949963900298,1.2613911709254,4.09674295979952,-0.403700687580932,0.107943210087137,1.2613911709254,9.41190857548541,2.7198648401861,0.0776664074695949,-0.44322227839607,-7.2701243033647,-6.36827162279787,1.87723647268097,10.5398882072413,-4.0107176639244,0.527900241549319,-3.5072350294125,0.551543080844079,3.39032578,0.09387245,-0.814,0.02876739,66.6394350793553,-83.7236270298732,1221.31134526036,0.0835967731919489,0.0806703654400973,4.01170279993231,0.0842360837572531,-0.502267576253514,-880.463679090098,-882.711390387331,-912.252120279721,-916.179123589262,3.92383791843207,-935.184396188921,4.46783964229999,1810.48260130903,1861.67067290607,NA,2358.89906349085,0.450866765396928,0.758803081808034
"1000",-5.86,0.73,-5.86,0.83,1.359326,9.604077,-1.1484446,0.2002995,35,35,-6.29658312350279,0.793006560574782,-5.95544274253126,0.835528199523527,1.39468966176739,9.30906013230317,-1.17620539044591,0.203181189904223,1.39468966176739,7.58355186100013,-6.12601293301703,0.814267380049154,1.39468966176739,9.33815432218553,-1.17257892841829,0.203633212348945,1.39468966176739,7.80814806158626,2.77557552442593,0.0767314219722561,-0.445568307816755,-7.52979647194463,-6.93532316943303,2.10031705157157,8.01563299914078,-4.36835311851995,0.545509625433786,-4.23902237616829,0.590958651992995,4.38946874,0.10020184,-0.863,0.02577105,94.1914309736459,-138.827618818454,1291.24855837168,0.308128568438917,0.313499044438497,9.28452832521135,0.19223864050076,-1.28602890825289,-912.760035556029,-913.921741539622,-927.273848937069,-929.081907743895,1.77927993995686,-954.055119751054,2.22090810774821,1875.0753142409,1891.71413022077,NA,2443.66949792491,0.44555989333313,1.24361183461991
