"","EFT_ln_k","EFT_s","NCC_ln_k","NCC_s","sigma_sq","Sigma_11","Sigma_12","Sigma_22","n_EFT","n_NCC","EFT_est_ln_k","EFT_est_s","NCC_est_ln_k","NCC_est_s","est_sigma_sq","est_Sigma_11","est_Sigma_12","est_Sigma_22","est_con_sigma_sq","est_con_g","red_est_ln_k","red_est_s","red_est_sigma_sq","red_est_Sigma_11","red_est_Sigma_12","red_est_Sigma_22","red_est_con_sigma_sq","red_est_con_g","mse_ln_k","mse_s","err_inprod","EFT_ln_k_mazur","NCC_ln_k_mazur","est_sigma_sq_mazur","est_g_mazur","EFT_ln_k_nl","EFT_s_nl","NCC_ln_k_nl","NCC_s_nl","var_ln_k_nl","var_s_nl","corr_ln_k_s_nl","var_residual_nl","lik_ut_nl","BIC_ut_nl","deriv_offset","p_value_nl","p_value_nl_lrt","mse_ln_k_nl","mse_s_nl","err_inprod_nl","lik_uc","lik_uc_red","lik_con","lik_con_red","F_con","lik_mazur","F_mazur","BIC_lin_uc","BIC_lin_con","BIC_mazur","BIC_nl","mh_dist_lin","mh_dist_nl"
"1",-5.86,0.79,-5.86,0.83,1.359326,9.604077,-1.1484446,0.2002995,35,35,-5.22750538804996,0.651495538186487,-5.3771253430331,0.752992585550912,1.2846465975077,4.36452008797841,-0.624175524925351,0.13832928093537,1.2846465975077,5.96243212485886,-5.30231536554153,0.702244061868699,1.2846465975077,4.3701166207107,-0.627972020839747,0.140904693591294,1.2846465975077,6.12130817770907,3.00488605406022,0.0757632182849665,-0.463322311090403,-7.30380478910045,-6.84873160025832,1.96488961694449,6.198620692599,-3.61397048290229,0.446843693678997,-3.71970502977553,0.515635500728099,1.86139246,0.06281508,-0.766,0.02627602,98.7398146051524,-147.924386081468,1192.63954357675,0.423891641376854,0.41172851369325,6.89519101756348,0.153679513898098,-0.996535828786432,-874.593105376412,-875.620851788958,-892.485397713672,-894.064778652421,1.55169506862992,-929.84784851651,1.74229628989643,1798.74145388166,1822.13722777397,NA,2237.35470107202,0.438702875784371,0.939404734185021
"2",-5.86,0.79,-5.86,0.83,1.359326,9.604077,-1.1484446,0.2002995,35,35,-5.67818877648261,0.790089709734877,-5.43675820192443,0.824642952247256,1.27321000069692,8.06924292321517,-1.12001951691859,0.215695298096552,1.27321000069692,8.04770458598025,-5.55747348920352,0.807366330991067,1.27321000069692,8.08381510379804,-1.11793396462043,0.215993779738581,1.27321000069692,8.18728334503363,3.44106072129368,0.0898631966180577,-0.539566211037748,-6.92877996743565,-6.48149011532482,2.02320157727813,7.86276001324945,-4.12516426097443,0.574575922871589,-3.77702553997965,0.580454653593468,4.7688222,0.14841162,-0.89,0.02792229,67.907618106197,-86.2599930835566,1218.16339174375,0.364311765753312,0.335751240761306,6.71177036162632,0.14185372667622,-0.934988367922809,-894.337595997676,-895.015431693478,-908.633268910686,-909.704912500184,1.04903465021803,-944.29181233332,1.32775182596268,1838.23043512419,1854.432970168,NA,2350.06679040394,0.517508546493429,0.924610373332312
"3",-5.86,0.79,-5.86,0.83,1.359326,9.604077,-1.1484446,0.2002995,35,35,-6.66677147161693,0.827679721160185,-6.27932859811727,0.862486768679643,1.34795655402055,9.68322231024312,-1.05330010584885,0.175316379725112,1.34795655402055,9.868673325764,-6.4730500348671,0.845083244919914,1.34795655402055,9.72075030529955,-1.04992867022161,0.175619262364367,1.34795655402055,10.1003358431205,3.22726545253161,0.0877713675494157,-0.514849249130135,-7.69341110165822,-7.09859684605081,1.93946691661615,11.8056076800441,-4.98121729310645,0.621138572588565,-4.52164401090065,0.621861484481344,6.93390334,0.12524777,-0.866,0.02380663,101.492080260616,-153.428917392396,1385.88966829618,0.386585466892595,0.358820598169375,7.84633836925095,0.156935863969751,-1.05958952191392,-912.329417894059,-913.235991536961,-935.446302981694,-936.92265334395,1.44939963766332,-946.817014161016,1.69522414801905,1874.21407891696,1908.05903831002,NA,2618.35041919997,0.507354136896562,1.06666242468417
"4",-5.86,0.79,-5.86,0.83,1.359326,9.604077,-1.1484446,0.2002995,35,35,-6.40180380903207,0.825814316291253,-5.76671589980564,0.780743719957506,1.21470532801,9.35800878313866,-0.976702042588713,0.135082367243171,1.21470532801,8.23472456798248,-6.08425985441886,0.80327901812438,1.21470532801,9.45884294625006,-0.983857990287012,0.135590206906641,1.21470532801,8.33523511763979,3.00648095100693,0.087720351465394,-0.500256108188367,-7.43955703857198,-7.07298807939223,1.73116034840985,9.87049663110105,-4.56002111790431,0.587917425434702,-3.93778998380253,0.532354040096618,5.5388894,0.09643279,-0.881,0.0228033,115.189491168711,-180.823739208585,1265.7938387898,0.586926191414686,0.580785983550607,7.73796479797519,0.141028661798176,-1.01599383674327,-875.083881498334,-875.539528845521,-898.540708611595,-899.298470857885,0.740110582225044,-913.245731660262,0.849711805629058,1799.7230061255,1834.24784956982,NA,2350.76393837102,0.488844259311138,0.943727922433012
"5",-5.86,0.79,-5.86,0.83,1.359326,9.604077,-1.1484446,0.2002995,35,35,-5.59550096640685,0.775701436222608,-6.10029391162548,0.854072054243846,1.55053134345336,8.1136544736278,-0.90231492334693,0.143679180248041,1.55053134345336,6.38116380332373,-5.84789743901617,0.814886745233227,1.55053134345336,8.17735845301342,-0.912205157119315,0.145214668690299,1.55053134345336,6.39077696207605,3.39491688124161,0.0973992909383777,-0.559986430810536,-6.93181376769514,-6.96969485069341,2.08237201636818,8.02068182782399,-3.99254420917671,0.546962969518999,-4.16249752133312,0.578001332501252,3.99540235,0.07118951,-0.834,0.03043079,60.3254165476937,-71.0955899665501,1255.31087739165,0.944972695240691,0.953430616038084,8.07106960182622,0.175345432551822,-1.15640916289112,-923.99658329526,-924.230170243111,-942.661504119658,-942.752612149178,0.0885625644648931,-951.972449465151,0.00909063144885914,1897.54840971936,1922.48944058594,NA,2439.52616481674,0.544348080671673,1.06573062755193
"6",-5.86,0.79,-5.86,0.83,1.359326,9.604077,-1.1484446,0.2002995,35,35,-5.42096032351189,0.726547739417236,-5.73836746174684,0.876108268418885,1.30137933008351,6.59327384165732,-0.887642423486692,0.178040553997099,1.30137933008351,7.49895671905744,-5.57966389262937,0.80132800391806,1.30137933008351,6.61846066450795,-0.899510318362522,0.183632641955912,1.30137933008351,7.75840241991653,2.97301182161416,0.0839286056176431,-0.48286785525565,-7.05011813087367,-6.47648233906691,1.96247978570817,7.99572591603551,-3.67447026128194,0.487720345392998,-4.40221125444847,0.663585770130522,2.86567403,0.08236541,-0.782,0.02789981,76.3867841967699,-103.218325264702,1222.04088652759,0.144786353659279,0.124505098144535,7.26632394813257,0.178448318493854,-1.09983654260278,-892.551209383259,-894.101889979508,-909.614978117059,-911.7198850563,2.07582039085556,-937.347289326017,2.21808424418493,1834.65766189536,1856.39638858075,NA,2340.86344779047,0.483584085494751,1.06333506624746
"7",-5.86,0.79,-5.86,0.83,1.359326,9.604077,-1.1484446,0.2002995,35,35,-5.5076024553544,0.766600220367188,-6.03987572933574,0.796921294962847,1.56093562512458,9.61689985608655,-1.20934446818302,0.207829373670337,1.56093562512458,6.97714418332013,-5.77373909234507,0.781760757665017,1.56093562512458,9.68772856563524,-1.21337924259444,0.208059215561495,1.56093562512458,7.04776226010619,3.05394182997648,0.0811182353253765,-0.486049715254671,-6.89813794558936,-7.24976610330856,2.31859026316523,7.47395762416721,-3.24791429239266,0.458753731883201,-4.268358869641,0.563896101299911,3.68751615,0.10357415,-0.843,0.03235872,43.8564449617434,-38.1576467946494,1283.45983956263,0.198734414477404,0.152976983448641,10.8712125636544,0.211473189403455,-1.47660065192716,-935.476034420563,-935.893104760868,-949.735437852823,-950.352389644913,0.601973477111414,-976.10984124383,0.748865729495753,1920.50731196996,1936.63730805227,NA,2528.76203233062,0.453673131898578,1.35079358820401
"8",-5.86,0.79,-5.86,0.83,1.359326,9.604077,-1.1484446,0.2002995,35,35,-4.81734391044635,0.660779919046148,-6.39800822897312,0.922297291466737,1.34548265608661,11.6468651744064,-1.36024990717645,0.219101053539355,1.34548265608661,9.81273138833653,-5.60767606970973,0.791538605256442,1.34548265608661,12.2714900963724,-1.46359270199148,0.236198887558797,1.34548265608661,9.92602940335249,2.56263966972918,0.0663528400738456,-0.392211030085132,-6.83832937285248,-6.86094085929894,2.17415777816255,9.97241197989926,-2.94941436104121,0.400997162179459,-4.50732641786503,0.658040786573953,4.7654558,0.1202061,-0.852,0.0282042,63.657497893434,-77.7597526580306,1269.09858447746,0.0625638951045626,0.0493254591550499,11.1279132430711,0.22104847869318,-1.5247307970132,-916.104803153406,-918.079850268379,-934.63501651148,-935.36467474145,0.712517933201964,-969.395458967351,0.00255042187422722,1881.76484943565,1906.43646536959,NA,2460.4374162969,0.412866482822929,1.40507768869873
"9",-5.86,0.79,-5.86,0.83,1.359326,9.604077,-1.1484446,0.2002995,35,35,-5.16374102667119,0.710927977080824,-5.23959049004584,0.760780425281044,1.33356880952316,7.62679194133989,-1.06598818141439,0.209949468141397,1.33356880952316,7.63836245464732,-5.20166575835851,0.735854201180934,1.33356880952316,7.62823022661345,-1.06693350177536,0.210570784789286,1.33356880952316,7.67459640858361,3.01538876473007,0.0753423272501107,-0.456977588364091,-6.88595733611032,-6.66479881341676,2.16428483041636,7.3045415014775,-3.99036331643541,0.554127144941779,-3.92427300747909,0.57766771403755,4.99365158,0.11760621,-0.858,0.02433456,93.5392667748605,-137.523290420884,1208.55644979856,0.765281311116004,0.760412828879769,4.8273806720622,0.121579337020684,-0.733998517231715,-901.884129643006,-902.087304947136,-916.740166340366,-917.033170037634,0.285228697059577,-958.530013716061,0.323835343934434,1853.32350241485,1870.64676502736,NA,2279.58960917624,0.459594469767763,0.741882600146739
"10",-5.86,0.79,-5.86,0.83,1.359326,9.604077,-1.1484446,0.2002995,35,35,-5.51804471301085,0.72923270068878,-5.69367769373863,0.781293232045176,1.51552129515024,7.90775063389564,-1.02891114397395,0.17700145883957,1.51552129515024,5.49634856632408,-5.60586120337474,0.755262966366978,1.51552129515024,7.91546236987547,-1.03119703054905,0.177679033570847,1.51552129515024,5.51077228587869,2.62696271770943,0.0687844952247563,-0.408796932417664,-7.13120621590368,-6.99667602250402,2.2195053827329,5.77098542433154,-3.72964384210608,0.491280607530383,-3.84246690779354,0.527658234593255,2.69033937,0.06314331,-0.821,0.03261343,52.8023813610741,-56.0495195933109,1218.10259607826,0.845622254905343,0.825298119094499,9.53554152102646,0.202275084530725,-1.35461451895875,-916.728643614319,-916.887087436619,-928.127769373458,-928.283016763584,0.150979110757414,-957.557184224665,0.143310632559199,1883.01253035748,1893.42197109354,NA,2380.15567256322,0.409793724501588,1.22564631596209
"11",-5.86,0.79,-5.86,0.83,1.359326,9.604077,-1.1484446,0.2002995,35,35,-5.7081617686145,0.722617747622838,-6.04524332814116,0.823855310945476,1.36173224233146,9.32991238550875,-0.95639909860952,0.147287422305363,1.36173224233146,9.08834565417222,-5.87670254837783,0.773236529284157,1.36173224233146,9.35831837995197,-0.964930427541386,0.14984968336224,1.36173224233146,9.15056021508691,2.92085338713327,0.0813144920874303,-0.469944142143577,-7.36073345012405,-7.09466780459977,1.95814046116453,10.9985581511453,-3.92906604594543,0.493620320371191,-4.57893140263849,0.636873044779499,6.31575581,0.12540693,-0.88,0.02509423,90.8005003029338,-132.04575747703,1314.08432143535,0.303331366404696,0.281241726117706,6.33294078058613,0.118334119043977,-0.817361334918518,-907.856949967224,-908.491084475645,-932.722152840703,-933.152515332614,0.419354202088564,-946.886251623698,0.358551598687317,1865.26914306329,1902.61073802803,NA,2496.12288539366,0.473879322112071,0.872379934254664
"12",-5.86,0.79,-5.86,0.83,1.359326,9.604077,-1.1484446,0.2002995,35,35,-5.59372326187408,0.782902969980451,-6.27549625713731,0.837337648306655,1.3464526435151,11.0841321247784,-1.08219789608509,0.167090458157503,1.3464526435151,11.8129111706842,-5.93460975950569,0.810120309143553,1.3464526435151,11.2003357290459,-1.09147591950725,0.167831241708623,1.3464526435151,11.9008414970154,3.27472322923517,0.085408436042672,-0.512422802161292,-6.88713118857269,-7.24459645641993,1.95060722367787,14.4755728727366,-3.77609077779675,0.531616805366394,-4.77898461309042,0.644976992532267,6.05977492,0.08835297,-0.805,0.02243165,110.675677974966,-171.796112821094,1353.70727349791,0.437957529062864,0.361583334516043,8.09267121261396,0.159145460227375,-1.09046892978399,-917.535796754221,-917.874445650604,-946.692613948048,-947.171357514935,0.46665914645546,-954.848557180285,0.503730329935246,1884.62683663728,1930.55166024272,NA,2535.61843417473,0.494762957817025,1.06605872013279
"13",-5.86,0.79,-5.86,0.83,1.359326,9.604077,-1.1484446,0.2002995,35,35,-5.12103450489069,0.735927822101681,-4.45757353600482,0.663862479137927,1.289170820025,11.5000954805947,-1.4126624411008,0.220201123376553,1.289170820025,8.26095812136127,-4.78930402044775,0.699895150619804,1.289170820025,11.6101405949035,-1.42461557666725,0.221499476790674,1.289170820025,8.30711195809604,3.62973705246706,0.0850443231191461,-0.54022416519794,-6.69430820690078,-6.46019390305762,2.21239397060025,7.44051168022192,-3.52347674578739,0.504925091879617,-3.15667197461067,0.470899983019032,6.2128249,0.11394155,-0.903,0.03169357,39.1468514018777,-28.738459674918,1182.20849205194,0.829834341744117,0.808161476192853,6.40332329795295,0.145727739354821,-0.928859242152162,-899.45197700339,-899.751526112363,-913.316220069749,-913.664212641017,0.3388915981301,-964.484801499373,0.349278310601886,1848.45919713562,1863.79887248613,NA,2335.67852442896,0.500972743295847,0.907252354671783
"14",-5.86,0.79,-5.86,0.83,1.359326,9.604077,-1.1484446,0.2002995,35,35,-5.39445199699692,0.735779544799052,-4.85165500478628,0.63998433526224,1.34762050788685,13.6577162374097,-1.63952202758877,0.258484778756238,1.34762050788685,10.2675954204805,-5.1230535008916,0.687881940030646,1.34762050788685,13.7313733810979,-1.65252136548996,0.260778959298788,1.34762050788685,10.2832354036426,3.39671503257519,0.0913144284417753,-0.539390112072316,-6.96860909680638,-6.99653517410761,2.4090304716911,9.13918474112881,-3.71295756545198,0.498863920048171,-3.11455582201126,0.409939284637061,7.03278248,0.15869331,-0.877,0.02571228,73.7442723868891,-97.9333016449408,1282.25563043657,0.745446135336997,0.719224583079789,8.60584302208291,0.164973235891051,-1.15702460241926,-921.417167026746,-921.664555118891,-937.908457740311,-938.005553852238,0.0943873839389098,-991.764118383811,0.00379945673488351,1892.38957718233,1912.98334782725,NA,2466.5779592282,0.526536493327578,1.0757938067423
"15",-5.86,0.79,-5.86,0.83,1.359326,9.604077,-1.1484446,0.2002995,35,35,-6.07158919037801,0.870524610727187,-5.16192984747902,0.691794243796142,1.46412927295871,11.314301669348,-1.41118495185534,0.23097530112507,1.46412927295871,7.8513521937133,-5.61675951892852,0.781159427261664,1.46412927295871,11.5211716993788,-1.45183088888999,0.238961437140896,1.46412927295871,7.91423028989064,3.04788127613277,0.0774313975105472,-0.465226847543741,-6.84297005534316,-6.99813998859571,2.31413233550417,7.79308221714506,-4.0775838027351,0.569885238233232,-3.5132884479003,0.473222066698006,7.247327,0.1541716,-0.908,0.0283116,59.8298795416089,-70.1045159543804,1262.9361274739,0.709767474351989,0.675940832300896,8.05820987932937,0.179857181634734,-1.16301975265396,-927.521325468556,-928.492327734866,-941.328672548513,-941.824179534041,0.483057328020038,-976.932196763108,0.140809768117645,1904.59789406595,1919.82377744365,NA,2455.76773899342,0.472201297448906,1.10801402746303
"16",-5.86,0.79,-5.86,0.83,1.359326,9.604077,-1.1484446,0.2002995,35,35,-7.2524785220011,1.0095543966596,-6.96431221864409,0.950845612945118,1.37533051000847,6.28831291867995,-0.721295068735589,0.13691724051742,1.37533051000847,7.38341000647647,-7.1083953703226,0.980200004802358,1.37533051000847,6.30907287327757,-0.725524542029987,0.137778920838729,1.37533051000847,7.39139414673231,2.14796328128868,0.0516353189790099,-0.315867041674546,-7.19555589909265,-7.25716133704553,1.78475934566866,9.78593919032112,-5.60575372183936,0.78757994436349,-5.27183978363278,0.718897363555836,5.06031669,0.09981996,-0.836,0.02300747,114.918278630827,-180.281314132817,1340.73964018194,0.780407512632245,0.768210225795805,6.63020443830293,0.143122384086711,-0.945491032672395,-900.844655116132,-900.989230811898,-922.197761953506,-922.264396395852,0.0647614201115982,-920.442877355829,0.0234610490666479,1851.2445533611,1881.56195625364,NA,2501.19796623106,0.331754234469449,0.87785386087604
"17",-5.86,0.79,-5.86,0.83,1.359326,9.604077,-1.1484446,0.2002995,35,35,-6.16366817386386,0.811718195089145,-6.91689239105923,0.993413342503509,1.44580566704208,10.785818453177,-1.1868805874055,0.200816185324794,1.44580566704208,10.3646870752268,-6.54028028246154,0.902565768796327,1.44580566704208,10.9276551335194,-1.22109488370035,0.209069466973276,1.44580566704208,10.4810471036538,2.22709570392192,0.0620196337519773,-0.352995811700164,-7.28540244587528,-6.9561339919952,2.09345226199077,12.3015192398996,-3.94423954223913,0.521722506601464,-5.04302372834758,0.711261562740573,5.75891075,0.12261701,-0.846,0.02512168,88.0048012722606,-126.454359415684,1378.08076980493,0.248875277827444,0.204541815696747,10.3073602018537,0.210869565319021,-1.41566392049306,-932.671252963635,-933.902862128591,-955.738992572268,-956.452059822417,0.696234034484181,-966.865173571192,0.463321977506683,1914.89774905611,1948.64441749116,NA,2629.70718019418,0.381858293399326,1.38589525254945
"18",-5.86,0.79,-5.86,0.83,1.359326,9.604077,-1.1484446,0.2002995,35,35,-6.16840527900553,0.808241490274548,-5.48961661963064,0.80960850667582,1.33114511459356,8.68027935600491,-1.06787576243424,0.179571582232652,1.33114511459356,7.32514682792612,-5.82901094931808,0.808924998475184,1.33114511459356,8.79546786702891,-1.06764378362665,0.179572049416112,1.33114511459356,7.63532823784939,3.2178582569657,0.0868001280768719,-0.510615956748315,-7.31085285863607,-6.62391986928498,1.97143943349938,7.94786192122629,-4.02600191901983,0.525220971080034,-3.69050244878067,0.537565171203486,3.76768236,0.08754757,-0.856,0.02942035,65.8261863435609,-82.0971295582845,1233.98675933335,0.294434274505908,0.282510810358829,9.66905169071394,0.199513745268191,-1.34031184961869,-898.620092059301,-900.221367008997,-913.709220611157,-916.269894157839,2.5335692343623,-938.276561145037,3.18326647512833,1846.79542724744,1864.58487356894,NA,2385.87638910841,0.504892507650189,1.28033442198806
"19",-5.86,0.79,-5.86,0.83,1.359326,9.604077,-1.1484446,0.2002995,35,35,-6.03865065179973,0.825176049614384,-5.71121142530482,0.796184436281664,1.34559506054314,8.70396998131154,-1.00896811500582,0.159793762064263,1.34559506054314,7.17719870203543,-5.87493103855228,0.810680242948024,1.34559506054314,8.73077409307344,-1.01134136286695,0.160003890475171,1.34559506054314,7.19415218139853,2.6931522946773,0.0738909648247357,-0.431883190000154,-7.08020650903628,-6.92549181262336,1.92592642984677,8.25258166552609,-4.61384942834973,0.637923361608733,-4.28729847922214,0.600696688323767,5.4873224,0.1003633,-0.869,0.0290294,64.9883859914777,-80.421528854118,1253.36613310747,0.906909889841375,0.892029896721909,6.74338281840239,0.138924659867417,-0.943875787207962,-897.963299223308,-898.06976285448,-915.099258875356,-915.244237012845,0.140981849493769,-933.72621566079,0.159848100648649,1845.48184157545,1867.36495009734,NA,2426.31073736082,0.425128710424114,0.854810841124679
"20",-5.86,0.79,-5.86,0.83,1.359326,9.604077,-1.1484446,0.2002995,35,35,-5.09080597832862,0.689483220526165,-6.28874560371951,0.800805585968162,1.28198392346591,7.6440079150219,-0.931855624469455,0.195753994180306,1.28198392346591,10.8821268343761,-5.68977579102407,0.745144403247163,1.28198392346591,8.00277275154233,-0.96519499265826,0.198852161442207,1.28198392346591,11.0987572735312,2.72974960113168,0.0786189382060747,-0.450331564692542,-6.94078459806477,-7.47549437701993,2.06368779482892,11.4549131902219,-3.48312441459459,0.473107344748129,-4.43507654758096,0.581904774964601,5.83554681,0.16934589,-0.858,0.02293508,100.953888242408,-152.352533355979,1333.1004319165,0.380226216011787,0.374973865854722,7.34476616115471,0.135334076871373,-0.946112304486374,-904.996772417744,-906.382339101887,-929.39251444076,-930.657233720889,1.23975026254845,-961.055083154624,1.32372726524202,1859.54878796433,1895.95146122815,NA,2513.84833047701,0.442266505737145,0.988474779021857
"21",-5.86,0.79,-5.86,0.83,1.359326,9.604077,-1.1484446,0.2002995,35,35,-5.92252977421818,0.80124097141013,-4.99576519323778,0.728777693419356,1.24983960885282,9.43453737867235,-1.34985343271107,0.23795237745773,1.24983960885282,6.72309958408163,-5.45914748372798,0.765009332414743,1.24983960885282,9.64926052581229,-1.36664253257697,0.239265109122022,1.24983960885282,6.90400869640309,3.05759402215296,0.0768103232613711,-0.467881706781458,-7.10668463371996,-6.6116375116997,2.12246107800906,5.51358109048439,-4.23795851066928,0.574706360964992,-3.63137650734385,0.528383215088148,4.52883017,0.11028806,-0.899,0.02632321,86.9590329477645,-124.362822766692,1180.52622798539,0.371850134365946,0.340158694524725,7.20253621595997,0.158277341817181,-1.03113723442289,-885.510070116112,-886.800656307623,-893.01371753938,-894.634516909273,1.59286041879028,-945.247203920523,2.10950462768098,1820.57538336106,1823.19386742539,NA,2236.68963320408,0.455472032736628,0.98279895998741
"22",-5.86,0.79,-5.86,0.83,1.359326,9.604077,-1.1484446,0.2002995,35,35,-5.11166910904135,0.650133545613624,-5.55033097932949,0.793113397770542,1.28875046456107,7.77640134363187,-1.08138143408415,0.206052731754206,1.28875046456107,7.40966894237709,-5.33100004418542,0.721623471692083,1.28875046456107,7.82450740274305,-1.09706138642432,0.21116354128491,1.28875046456107,7.56082898263254,3.51126576512642,0.0933843976627897,-0.557298477599456,-7.19608290939839,-6.78290781940522,2.14410033177439,6.79987778552386,-3.87185774281629,0.492902917229671,-4.03377367546305,0.57105367398502,4.76009858,0.12796819,-0.872,0.02621137,82.6557900672956,-115.756337005754,1223.25983067076,0.460625251882559,0.461350031958391,5.77744976075707,0.130373265245203,-0.833232848245615,-893.112759000481,-894.171384196016,-906.48654248353,-907.73358693806,1.22226960511785,-954.040073016345,1.21473716843809,1835.7807611298,1850.13951731369,NA,2330.76332433576,0.529332722900727,0.819310234020511
"23",-5.86,0.79,-5.86,0.83,1.359326,9.604077,-1.1484446,0.2002995,35,35,-6.18403815793948,0.808212724352057,-6.77546565312775,0.994558395918293,1.25138842569387,8.44102387827997,-1.044802492118,0.188962838133247,1.25138842569387,8.89081628804943,-6.47975190553361,0.901385560135175,1.25138842569387,8.52847049879612,-1.07235498056139,0.197644015461115,1.25138842569387,9.14066354798307,3.06520372512745,0.0787284252068737,-0.476875340284733,-7.32665711749246,-6.80788532212369,1.86586469075686,9.79580118336027,-4.12465231184007,0.533549367189568,-5.50407950518082,0.798703964831116,4.39106696,0.10803295,-0.83,0.02260219,117.958743789321,-186.362244449804,1301.45037409907,0.0436752920487947,0.0278228691069247,8.7685436287405,0.190749832984998,-1.25289272550657,-892.811748411257,-894.58820295316,-910.634499281996,-912.380772183917,1.71771602875845,-931.36290980986,1.58988111148875,1835.17873995135,1858.43543091062,NA,2416.53850374833,0.454295445071113,1.17492427281229
"24",-5.86,0.79,-5.86,0.83,1.359326,9.604077,-1.1484446,0.2002995,35,35,-5.43523164071364,0.742905210891858,-5.78338874004114,0.840410581792072,1.23902978276462,13.3760087059097,-1.7453039683173,0.285530965540514,1.23902978276462,9.71704738424776,-5.60931019037739,0.791657896341965,1.23902978276462,13.4063120473627,-1.75379076509267,0.28790778987911,1.23902978276462,9.77235835889247,3.46793667133414,0.0879877992600023,-0.537747691850803,-6.96693586584944,-6.73418119680006,2.22078163227804,8.11477813354474,-3.96247623081752,0.538698340309326,-4.17886254850225,0.614830084869457,8.3959959,0.17063291,-0.915,0.02695301,66.1013514740464,-82.6474598192554,1257.84991341756,0.540535220285073,0.521546046835656,6.59718141105404,0.152791022830837,-0.96480924141867,-902.497799131088,-902.911337094203,-913.818896194421,-914.17923903697,0.350949859694463,-968.101787645604,0.318487070499756,1854.55084139101,1864.80422473547,NA,2433.05236701587,0.503534095693208,0.947090579220748
"25",-5.86,0.79,-5.86,0.83,1.359326,9.604077,-1.1484446,0.2002995,35,35,-6.14436070694249,0.798622343491766,-6.04551299937541,0.85299692938736,1.25982728935453,10.3650888776438,-1.25144543959956,0.224969818556376,1.25982728935453,11.1408133905569,-6.09493685315895,0.825809636439563,1.25982728935453,10.3675315949666,-1.25010173880814,0.225708967454205,1.25982728935453,11.2701832658652,3.38078118279333,0.0875507554401446,-0.530276252787585,-7.34411667396003,-6.92131925412842,2.01855954938485,11.5490670152772,-4.27461697024987,0.566049708841478,-4.57995350044835,0.639280004376871,4.73936652,0.1115496,-0.813,0.02271294,110.682639850117,-171.810036571396,1333.95624122827,0.742177728409038,0.708304407570536,9.0670215350098,0.187600418592791,-1.25553851178365,-906.66439512805,-907.150897731846,-926.628762876937,-927.370721608305,0.72459325730232,-955.901622375097,0.839766630880011,1862.88403338494,1890.4239581005,NA,2496.10244588514,0.496103900416974,1.21371720636683
"26",-5.86,0.79,-5.86,0.83,1.359326,9.604077,-1.1484446,0.2002995,35,35,-6.15829550434777,0.748137255201817,-6.62286169470626,0.90881037239191,1.44914340825571,7.2444022206811,-0.932440429474379,0.179837375699195,1.44914340825571,7.18277207219699,-6.39057859952701,0.828473813796863,1.44914340825571,7.29835765698715,-0.951101253960885,0.186291338346091,1.44914340825571,7.36892854030092,3.25120522328158,0.0788551079265558,-0.490113363892334,-7.65882856337997,-7.16614589887237,2.08834390542302,8.13140180313012,-4.33430474795159,0.528855869005676,-4.85755301948542,0.67058787250787,2.88050202,0.08255069,-0.826,0.02665711,97.3620282464424,-145.168813364047,1330.58169337585,0.200078149152325,0.175728372400546,9.98169352227151,0.203833549898145,-1.36361274875557,-916.184634888301,-917.568759811089,-933.310343774774,-934.884985868807,1.54698673253749,-953.101037723057,1.51475380465097,1881.92451290544,1903.78711989618,NA,2515.99457338765,0.467633485336565,1.36398675447447
"27",-5.86,0.79,-5.86,0.83,1.359326,9.604077,-1.1484446,0.2002995,35,35,-5.78775169855031,0.840107256829859,-5.62863714042797,0.827689195859813,1.28847741257871,7.70667216858989,-0.901395351392193,0.167498410520336,1.28847741257871,9.06414498448658,-5.70819441948914,0.833898226344836,1.28847741257871,7.71300152924152,-0.901889324963192,0.1675369625799,1.28847741257871,9.06933256775971,2.12096187485054,0.0538591880326902,-0.319017429275841,-6.74035128694275,-6.65522032266063,1.86667794408951,10.6079890495597,-4.34914049900252,0.634500182305758,-3.89128143833056,0.579763589688207,4.36316134,0.09580851,-0.828,0.02584593,84.9671657118757,-120.379088294914,1242.53944529767,0.785457333803247,0.754278099111215,6.46507397344761,0.148892920482296,-0.935963506433071,-897.626318337053,-897.655181124225,-919.006417828775,-919.0424901701,0.0350507333824179,-934.008442178449,0.0398011555335914,1844.80787980294,1875.17926800418,NA,2364.69980230042,0.346162680583527,0.950987499920512
"28",-5.86,0.79,-5.86,0.83,1.359326,9.604077,-1.1484446,0.2002995,35,35,-6.52423143134338,0.867473751897058,-6.11215291843879,0.822253941627737,1.27317102462326,8.43842192687938,-1.15044564501154,0.216978605903852,1.27317102462326,8.20037724798437,-6.31819217489109,0.844863846762397,1.27317102462326,8.4808741020788,-1.15510417305395,0.21748981371405,1.27317102462326,8.21793574836162,2.68530910970488,0.0708635897951949,-0.423448744987144,-7.31378852374827,-7.17111793890645,1.98895397256222,8.19901846660797,-4.75320796596827,0.625825990689642,-4.04483989711298,0.529939769007845,5.2429674,0.12404309,-0.882,0.02232155,117.664031027457,-185.772818926077,1285.92169096133,0.624972857144291,0.524333932754185,8.34911883139335,0.187972098298652,-1.21166246660425,-895.561839368048,-895.717101985288,-909.797106732212,-909.930571224752,0.129774898731947,-941.412439277963,0.132388304674975,1840.67892186493,1856.76064581105,NA,2386.07056299659,0.406488231390914,1.14848959080354
"29",-5.86,0.79,-5.86,0.83,1.359326,9.604077,-1.1484446,0.2002995,35,35,-6.17311411612371,0.853254160042158,-5.71793646417785,0.778857076327439,1.35819672879723,8.69758803219539,-1.0768455827994,0.187151262193195,1.35819672879723,7.69133736235631,-5.94552529015078,0.816055618184799,1.35819672879723,8.74938470590311,-1.08531155526862,0.188534993709509,1.35819672879723,7.70048593612953,2.73267589107371,0.0660692497920436,-0.410626143088295,-7.04738785719897,-7.03544877830596,2.01712611941262,8.38141154126787,-4.55150648394697,0.645038318568025,-4.21909662325285,0.589259120170508,5.15663965,0.11420368,-0.857,0.02684546,76.5156432895616,-103.476043450286,1265.72843010071,0.879220443537778,0.805845057948497,6.46729949765246,0.135822075187514,-0.902630831099958,-905.757369284718,-905.942319377509,-921.651440836753,-921.725084664913,0.0715773638327742,-945.545516906963,0.000896370106286771,1861.06998169827,1880.46931402013,NA,2427.98081675113,0.394738955709364,0.870748026536104
"30",-5.86,0.79,-5.86,0.83,1.359326,9.604077,-1.1484446,0.2002995,35,35,-6.39435387069447,0.835057173672486,-5.71897575137258,0.762930359597955,1.35371937228669,10.7745085078936,-1.42284160728417,0.241723577700188,1.35371937228669,7.79394064698013,-6.05666481103353,0.798993766635221,1.35371937228669,10.8885424089083,-1.43501982529476,0.243024147027323,1.35371937228669,7.84149041112162,2.67595225780449,0.0687625481776422,-0.416293229354578,-7.37704054772947,-7.13137532242144,2.19357351651051,7.27766998116588,-4.261523251975,0.555851304404946,-4.34482256660986,0.589593447537786,6.46892099,0.14549313,-0.896,0.02324646,104.220677540087,-158.886111951336,1291.76354765242,0.871703540448778,0.857897668399288,7.53281702683398,0.150371125652916,-1.0326437788223,-910.351729274318,-910.703370104914,-921.663979981618,-922.041457747238,0.367683168606731,-961.709864051708,0.395525082388917,1870.25870167747,1880.49439230986,NA,2424.64098335351,0.397199838818583,0.960910865889099
"31",-5.86,0.79,-5.86,0.83,1.359326,9.604077,-1.1484446,0.2002995,35,35,-6.05407104232409,0.807154136001441,-6.52511959619414,0.95244713871559,1.19568614435529,9.86912073618184,-1.00241057372879,0.159090033573369,1.19568614435529,11.638026191377,-6.28959531925911,0.879800637358516,1.19568614435529,9.92459242120761,-1.01952058843278,0.164367547732793,1.19568614435529,11.7911931067354,2.76318515617199,0.0740015831388787,-0.437312639613754,-7.20299679733933,-6.80842723848163,1.72555287472148,14.1824043622232,-3.82546462007197,0.514101934009269,-4.48311722174371,0.66250189485532,3.94820425,0.08890037,-0.778,0.02469656,92.9613874523744,-136.367531775911,1310.45932423718,0.278181454623563,0.233161760408307,10.8701774491698,0.205072494433681,-1.44703353687773,-889.462795219341,-890.690138288805,-916.636045720548,-917.479312956722,0.824127920503381,-924.143820527953,0.707172377058931,1828.48083356752,1870.43852378772,NA,2484.55111669844,0.429459453569728,1.36109886083254
"32",-5.86,0.79,-5.86,0.83,1.359326,9.604077,-1.1484446,0.2002995,35,35,-6.03586407044248,0.813699173010835,-5.18286032615176,0.725955068601603,1.30640946325122,8.62117159280518,-1.00199642212308,0.185344717668513,1.30640946325122,9.99680925694229,-5.60936219829712,0.769827120806219,1.30640946325122,8.80307543974869,-1.02070793452321,0.187269474633158,1.30640946325122,10.0829542132484,2.56497047145997,0.0652173547646773,-0.39362727547999,-7.14579618861376,-6.81554911286775,2.01831650746354,10.955991941306,-4.19387915236174,0.565510349105689,-3.86376430694405,0.527256262022306,5.51047731,0.11183251,-0.848,0.02760637,67.9591240981025,-86.3630050673676,1293.9858494726,0.903033038168544,0.904617742967804,6.53017521242284,0.146310113273231,-0.930297282905103,-906.489101731032,-907.086248168773,-928.596456762708,-929.14267434758,0.532686972370403,-954.177640421433,0.537836208877187,1862.5334465909,1894.35934587204,NA,2501.60869387784,0.390227362786934,0.953052682541762
"33",-5.86,0.79,-5.86,0.83,1.359326,9.604077,-1.1484446,0.2002995,35,35,-6.79299059517814,0.879890526001779,-5.66669258349006,0.811559489631415,1.51806298574661,8.23342890502395,-0.928867443591995,0.169891645270064,1.51806298574661,8.36294887131448,-6.2298415893341,0.845725007816597,1.51806298574661,8.55056570780707,-0.948107721192124,0.171058927902926,1.51806298574661,8.66792203435331,2.26062433318019,0.063202755168143,-0.362874495930248,-7.50857176055341,-6.78937238155046,2.09547216181792,10.4000497782596,-4.71630545877493,0.615591004423119,-4.03845925798938,0.577251962893118,5.25350889,0.10771179,-0.849,0.02709757,77.2968133387961,-105.038383548755,1337.39110414402,0.3564705238165,0.311397886903696,8.58493907355318,0.174557977565539,-1.16246465039194,-932.061695431576,-933.608118376461,-954.124718477426,-956.36843598728,2.21491918536225,-961.702332906774,2.57665887268529,1913.67863399199,1945.41586930148,NA,2569.74382473928,0.374232732447912,1.20042094645385
"34",-5.86,0.79,-5.86,0.83,1.359326,9.604077,-1.1484446,0.2002995,35,35,-6.25783819804407,0.807455063710421,-6.28011726569912,0.929425928543969,1.34883734740737,9.57715146807766,-1.10673466181319,0.187164683126379,1.34883734740737,9.10421713500389,-6.26897773187159,0.868440496127195,1.34883734740737,9.57727555729154,-1.10741401110058,0.19088390609344,1.34883734740737,9.45059638377159,2.49041582479874,0.0632873035496044,-0.381029147849161,-7.40497110364022,-6.70057932099488,1.9657522882551,10.4874137939404,-4.77733290134297,0.621176126676228,-4.34886424401383,0.648979593722102,4.96859961,0.10807303,-0.83,0.02565536,87.4372587573478,-125.319274385858,1317.05773549753,0.172387067393655,0.162954523234991,8.34610488050903,0.169430492122059,-1.13733123378377,-910.733084837873,-912.513113510144,-930.501116831867,-932.860548884336,2.33108499169189,-946.313079594385,2.61471566027812,1871.02141280458,1898.16866601036,NA,2508.79619660921,0.382731720708688,1.13534716945305
"35",-5.86,0.79,-5.86,0.83,1.359326,9.604077,-1.1484446,0.2002995,35,35,-6.52030144079323,0.89001553708519,-5.44743422976445,0.760649654983816,1.27671112044069,7.55244743322789,-0.838776904291098,0.132439964895042,1.27671112044069,7.11484037910248,-5.98386783527884,0.825332596034503,1.27671112044069,7.84020844635305,-0.873475007574193,0.136623847758009,1.27671112044069,7.20653689063069,2.90166314902716,0.0786819944732288,-0.463320086820906,-7.17556041018076,-6.87342164872685,1.77195907218423,8.6442534815271,-4.6797998879649,0.636266939514791,-3.88017854728696,0.540156133356883,4.57651382,0.09660596,-0.872,0.02656651,85.6655443122007,-121.775845495564,1230.05806441015,0.502187406602931,0.427724138570601,7.3572801165291,0.147199445017178,-1.01139531856372,-882.338353691194,-883.305640305768,-901.688895290506,-902.475449419614,0.768390072092534,-914.763569768285,0.635678536030591,1814.23195051123,1840.54422292764,NA,2338.34028332475,0.450875772223922,0.933105667389201
"36",-5.86,0.79,-5.86,0.83,1.359326,9.604077,-1.1484446,0.2002995,35,35,-5.03541450549077,0.681930221881974,-6.29801359062834,0.837344127982423,1.25416899591248,6.94994590695332,-0.721199027140742,0.145726731019436,1.25416899591248,10.8813708836612,-5.66671404805956,0.759637174932199,1.25416899591248,7.34848501940086,-0.77025539105576,0.151765101571786,1.25416899591248,11.0032563256002,2.54722908893474,0.0602576618576106,-0.376042808126509,-6.93039193666096,-7.26707518567947,1.87507709238508,12.8433861273039,-3.67954935015235,0.501196684622703,-4.85796361555271,0.652574790837107,5.03959625,0.1096838,-0.77,0.02165081,116.767286091897,-183.979329054957,1329.47868827396,0.280093420245434,0.25009606622689,5.67649501938305,0.114099250106849,-0.773491077845747,-895.070425969479,-896.492799986021,-924.013834036742,-924.728273071031,0.697580282023835,-941.272341419142,0.519671045142418,1839.6960950678,1885.19410042011,NA,2474.97804749296,0.372373722203656,0.754330063033354
"37",-5.86,0.79,-5.86,0.83,1.359326,9.604077,-1.1484446,0.2002995,35,35,-6.34966759974798,0.852054368309987,-5.72511492624302,0.791826219395003,1.42703668851114,8.16064541531846,-0.871879745863705,0.136529801831405,1.42703668851114,7.27115488402711,-6.0373912629955,0.821940293852495,1.42703668851114,8.25816192581402,-0.881283658719983,0.137436659311836,1.42703668851114,7.32010036865759,1.93104365683109,0.0529029043835645,-0.303439973104864,-7.23108938949363,-6.9653604419973,1.92823881037223,9.24357132520215,-4.55671925633268,0.613986997435915,-4.48721087984637,0.635155789750236,4.71997834,0.09745139,-0.836,0.0246274,97.5399474336672,-145.524651738497,1273.64110504951,0.78966352538326,0.778614623704959,6.64360316687212,0.124812750238302,-0.881919271177068,-908.950564368502,-909.289421198644,-930.296083397342,-930.709095410154,0.402397609709853,-937.5813704471,0.425414688153496,1867.45637186584,1897.75859914131,NA,2401.75755836053,0.327237940245227,0.832967003153193
"38",-5.86,0.79,-5.86,0.83,1.359326,9.604077,-1.1484446,0.2002995,35,35,-5.11289112779361,0.752543772724246,-5.14216096548172,0.752092328571457,1.25005675106404,6.99016519579169,-0.805340718295292,0.168590230299709,1.25005675106404,10.6574332188094,-5.12752604663767,0.752318050647852,1.25005675106404,6.99037937664126,-0.805337414871023,0.168590281250165,1.25005675106404,10.6581485320757,2.84028042013092,0.0772747257671694,-0.453750485375015,-6.58717129570089,-6.6191307208312,1.93140604444604,11.8908394824567,-3.82770323770236,0.573382445311921,-3.75842989550201,0.54673727183918,4.91381858,0.11346469,-0.814,0.02572101,77.5240052367882,-105.492767344739,1248.20208050874,0.938692107221271,0.959532634492829,4.77577357298999,0.112788242321941,-0.6915683662806,-895.80425531297,-895.806836678811,-921.877255773987,-921.881550921257,0.00417255678828741,-946.028797459612,0.00488191363680321,1841.16375375478,1880.9209438946,NA,2390.91139367274,0.444542533408812,0.746330808671766
"39",-5.86,0.79,-5.86,0.83,1.359326,9.604077,-1.1484446,0.2002995,35,35,-6.1618507983323,0.805540357262836,-7.0238500817262,0.875245794186809,1.37294767702657,11.0975569580664,-1.33572402370186,0.213529759723951,1.37294767702657,8.4209014056068,-6.59285044002925,0.840393075724822,1.37294767702657,11.2833176492093,-1.35074553287114,0.214744471708142,1.37294767702657,8.55594386909785,3.03848546023645,0.0801433092080738,-0.474086894175529,-7.32039102947493,-7.76710335733868,2.0847652710839,8.92891992461685,-4.34052668723339,0.571431754833655,-4.91865955587552,0.613690106594022,5.17411546,0.12113228,-0.848,0.02173888,124.891247766401,-200.227252403964,1363.59034151878,0.559033445787857,0.505718793427299,11.6603120553603,0.211365697321172,-1.53976171270512,-914.132861172885,-914.825658800455,-929.940239795755,-930.936520460763,0.974735550456566,-955.611476811849,1.14721195754768,1877.82096547461,1897.04691193814,NA,2526.9534306336,0.478506018502835,1.37055312628012
"40",-5.86,0.79,-5.86,0.83,1.359326,9.604077,-1.1484446,0.2002995,35,35,-6.20414687400129,0.864255732924535,-5.89234529858918,0.858622273413044,1.35179382391603,9.35280840932945,-0.899620513565881,0.15180157281832,1.35179382391603,11.4106620027954,-6.04824608629524,0.86143900316879,1.35179382391603,9.37711346493679,-0.900059643953552,0.151809506784837,1.35179382391603,11.4608251966482,2.48242800508996,0.0648878766794241,-0.386723031068992,-7.0128760907183,-6.73463720930639,1.85852747360802,14.8741822822345,-4.25911736545261,0.597972317402069,-4.13012033806151,0.598210307738494,4.18731589,0.07486398,-0.734,0.02405419,97.8966129433412,-146.237982757845,1330.7303208196,0.93415582770669,0.917769169199819,9.37827956686143,0.191726149550922,-1.29682690889906,-915.447695057046,-915.609404195061,-945.429752094688,-945.712117865812,0.27485215383505,-943.891373313278,0.312264238571338,1880.45063324293,1928.025936536,NA,2515.22265888136,0.383879026398199,1.22551314535901
"41",-5.86,0.79,-5.86,0.83,1.359326,9.604077,-1.1484446,0.2002995,35,35,-6.68644525486801,0.857824520235206,-5.4718540772012,0.736953004315613,1.4068618990715,10.8033466431298,-1.41909602761548,0.270855248558712,1.4068618990715,10.4388251069167,-6.07914966603461,0.79738876227541,1.4068618990715,11.1721545753463,-1.45579839683227,0.274507729398887,1.4068618990715,10.6139717377885,2.61372842814848,0.0609376332198411,-0.382604041696504,-7.53348997258434,-7.03902000886689,2.34192792866299,10.0862657159553,-4.63475870047902,0.612552988562903,-3.65425924903489,0.486297340002138,6.62022661,0.1984019,-0.893,0.02411872,90.964674813038,-132.374106497239,1367.27854414294,0.426025068164242,0.37034864987509,9.51897272503927,0.170333974367192,-1.21650765271943,-931.951681395933,-933.065634753027,-949.504407923421,-950.568096651133,1.04118830281613,-987.968377311744,1.12064480854122,1913.4586059207,1936.17524819347,NA,2602.18298178865,0.380277355501091,1.23744022764184
"42",-5.86,0.79,-5.86,0.83,1.359326,9.604077,-1.1484446,0.2002995,35,35,-5.1429653036213,0.732965041630197,-5.93946729819858,0.898223961799712,1.26885600195137,8.28681747311974,-0.948393244866717,0.14470256967692,1.26885600195137,6.86826604286324,-5.54121630090994,0.815594501714955,1.26885600195137,8.44542132996114,-0.981300509750894,0.151530197350819,1.26885600195137,6.94049119178909,2.59097574732767,0.0675146962879003,-0.402562744844047,-6.73389048500234,-6.54582259722952,1.818635914057,7.86699590617351,-3.54647859765047,0.513582238618709,-3.92515664672564,0.604284580345034,3.3624926,0.07582889,-0.828,0.02952849,63.4862132463871,-77.4171833639369,1175.10388593028,0.526599656512579,0.48307713320397,8.1819869171363,0.171300749612635,-1.15833622936696,-880.843085115079,-882.172392430668,-898.01686981678,-898.656489430925,0.62419217909046,-918.192890289444,0.261008099331737,1811.241413359,1833.20017198019,NA,2272.79058849663,0.401386879671071,1.03091552029421
"43",-5.86,0.79,-5.86,0.83,1.359326,9.604077,-1.1484446,0.2002995,35,35,-5.3434915679658,0.758015272101749,-6.88782173860329,0.946311743600506,1.36648153777622,9.26324427598583,-1.01575981322942,0.172317944958841,1.36648153777622,9.51279049963851,-6.11565665328454,0.852163507851128,1.36648153777622,9.85948319497114,-1.08845779371945,0.181181835253562,1.36648153777622,9.68476196378341,3.7052469731574,0.102449054861373,-0.595956603227373,-6.78517395844078,-7.20768247733141,1.96812309800953,11.3472493714477,-4.06701849768502,0.586305722796635,-4.55130176469094,0.611164634698982,5.35943319,0.10961082,-0.841,0.02636816,79.482839293522,-109.410435458207,1312.17471235042,0.576857067227054,0.599313357131045,8.77978335638204,0.17582177358305,-1.19784184700061,-913.68020664437,-915.352329272291,-936.459975223143,-937.595791881699,1.11236493890519,-949.134732192561,0.874169044439144,1876.91565641758,1910.08638279291,NA,2514.93898924263,0.590709392564556,1.15066177806132
"44",-5.86,0.79,-5.86,0.83,1.359326,9.604077,-1.1484446,0.2002995,35,35,-6.20933720846214,0.887877720657128,-6.45010263454059,0.953528473962788,1.34377553618577,11.1635939202695,-1.36175984343738,0.236192548316756,1.34377553618577,10.212774584634,-6.32971992150136,0.920703097309957,1.34377553618577,11.1780859178681,-1.36571145133538,0.237270053669156,1.34377553618577,10.2346249423765,2.42712307812848,0.0637447120595662,-0.376533804025579,-6.87733273492571,-6.7269679612422,2.06548789426962,10.906052666808,-4.51279014797239,0.629076158309056,-4.51617869851431,0.664328373569631,6.36195456,0.13481593,-0.863,0.02363944,94.940139450693,-140.325035772549,1309.65562315295,0.76728941114319,0.748141271522191,8.70888106262034,0.201238908312954,-1.27960893563224,-918.947310613115,-919.117329707634,-936.867029421659,-937.00330583294,0.13251174499924,-959.691307104628,0.109407909036823,1887.44986435507,1910.90049118995,NA,2478.98621053336,0.386106224143042,1.22026956864392
"45",-5.86,0.79,-5.86,0.83,1.359326,9.604077,-1.1484446,0.2002995,35,35,-5.90638069165239,0.762334406083334,-6.47607073163792,0.97109771835683,1.22283281278958,7.51401705611185,-0.803704003641374,0.122286904264405,1.22283281278958,7.40918197309996,-6.19122571164515,0.866716062220082,1.22283281278958,7.59515374152654,-0.833436598570525,0.133182434402255,1.22283281278958,7.81351236945623,2.55268657447337,0.0600562715802652,-0.37255852743277,-7.32233079952658,-6.64826304662991,1.67011979375666,9.28012947842784,-4.34836583571102,0.562037542546699,-4.78624846452818,0.714130337007311,4.79904169,0.07011652,-0.867,0.02695203,87.3259389382608,-125.096634747684,1249.29173734399,0.0282945147739123,0.0214613956004929,6.84627990440354,0.163511273963654,-1.01634012152755,-872.370329463961,-876.212201909981,-893.619260813125,-896.906589574554,3.26957687919919,-902.496693577563,3.14925520577277,1794.29590205676,1824.40495397288,NA,2373.48683994029,0.384216254450977,1.0041236335751
"46",-5.86,0.79,-5.86,0.83,1.359326,9.604077,-1.1484446,0.2002995,35,35,-6.02641511655788,0.719732481858193,-4.97536819195774,0.716792825597877,1.24729378065565,9.67072016722594,-1.37265655504646,0.239836002376222,1.24729378065565,6.8381646385775,-5.50089165425781,0.718262653728035,1.24729378065565,9.9468950766538,-1.37342898421441,0.239838162770954,1.24729378065565,7.58753600535823,3.64472113005969,0.0964306286362625,-0.575922721291483,-7.6961764648735,-6.66264325157803,2.19319047740984,5.40236012477148,-4.05768112929963,0.487107171997119,-3.31748061711233,0.477651597579177,5.04060947,0.1452786,-0.919,0.02718916,79.8668908224253,-110.178538516013,1232.97462177788,0.0180154903167767,0.0160362182769074,8.5740966731822,0.156236579338741,-1.10604995699122,-885.981785653263,-890.381646754501,-893.549386680033,-899.940886869899,6.50117154853965,-952.675759539817,9.05272621195727,1821.51881443536,1824.26520570669,NA,2355.77070503975,0.551174952049374,1.12013620703377
"47",-5.86,0.79,-5.86,0.83,1.359326,9.604077,-1.1484446,0.2002995,35,35,-6.38539339031264,0.906312547760491,-5.52636719807627,0.775283169073401,1.37715413941527,8.54410709352167,-1.04080016613447,0.175351717901746,1.37715413941527,7.14636324685731,-5.95588029419446,0.840797858416946,1.37715413941527,8.72858859325869,-1.06893958319564,0.179643892421527,1.37715413941527,7.17797353529424,3.32085787270328,0.0789022626681484,-0.494964147572755,-6.94355898727113,-6.86517192680463,1.98457913626207,8.04112266984116,-4.65238828921208,0.657921986673666,-3.79444530056797,0.531597358702393,4.84529913,0.08903406,-0.857,0.02859314,68.3083030273991,-87.0613629259609,1246.83687911229,0.461359086120808,0.446703670688959,7.96721982074424,0.179120810497511,-1.16564420559904,-904.936094733335,-905.547027497333,-920.514585543672,-920.785680533408,0.263860025458643,-940.266981782658,0.0407516253996275,1859.42743259551,1878.19560343397,NA,2406.61239529862,0.473028219070878,1.05621636787143
"48",-5.86,0.79,-5.86,0.83,1.359326,9.604077,-1.1484446,0.2002995,35,35,-6.23562318303494,0.817522293342984,-6.03032280681956,0.84504703143144,1.46769885818928,6.12013928185815,-0.665680379317014,0.125667403292462,1.46769885818928,7.07760806923893,-6.13297299492725,0.831284662387212,1.46769885818928,6.13067634297669,-0.664267669545816,0.125856806094172,1.46769885818928,7.16005626192979,2.7794958840543,0.0784732481817526,-0.449510393311859,-7.32277813957541,-6.95349249640034,1.92498555487532,9.39437618355604,-4.44824507661953,0.58796578201792,-4.21719977858948,0.598019927362258,4.1134196,0.1030942,-0.821,0.0273934,76.1428067590509,-102.730370389264,1290.87280063033,0.636890315933311,0.603961166697034,7.27955764017719,0.139261613615691,-0.970207778210998,-912.695712503975,-913.12254939119,-935.522051167857,-936.232919796551,0.694076396740378,-937.679176679972,0.811046778697687,1874.94666813679,1908.21053468234,NA,2479.01523087139,0.459547673756915,0.937735384769357
"49",-5.86,0.79,-5.86,0.83,1.359326,9.604077,-1.1484446,0.2002995,35,35,-5.16488578740752,0.75510026148178,-4.7341171915746,0.676948836649419,1.26880321283881,8.45139247850852,-0.843577233665662,0.145867955514176,1.26880321283881,10.8899922340279,-4.94950148949106,0.7160245490656,1.26880321283881,8.49778287429751,-0.851993528550008,0.147394866815008,1.26880321283881,10.9015271899595,2.16376004676753,0.0608257877711817,-0.344643233017238,-6.62393505683953,-6.65877242692822,1.94452328931301,12.5302559683412,-3.91505530127646,0.563631485135988,-3.48128774069398,0.486339702494226,5.0125446,0.08570597,-0.826,0.0245779,91.6592024600219,-133.763161791206,1237.14103610516,0.714853118453706,0.685435347152231,5.57742805017751,0.128397189066838,-0.792252894378775,-898.656621291164,-898.90329854495,-926.906830798992,-926.974707672602,0.0659695135123903,-949.381502522976,0.00548931968808221,1846.86848571117,1890.98009394461,NA,2340.51891041912,0.373645307438532,0.877322307097119
"50",-5.86,0.79,-5.86,0.83,1.359326,9.604077,-1.1484446,0.2002995,35,35,-5.67817744683513,0.768721729435637,-5.43937595298939,0.715940591393842,1.3491299332864,8.78164477723721,-1.02335108721473,0.160377214923553,1.3491299332864,6.97286770946369,-5.55877669991226,0.742331160414739,1.3491299332864,8.79590131560295,-1.02650214086754,0.161073677056799,1.3491299332864,6.98116897162312,2.93356838370918,0.0780135858918621,-0.460415766123395,-7.05607353502277,-7.13172840346483,2.02316093687826,7.55708294930077,-4.24102713091144,0.572471251751,-4.12695258204514,0.541123951515717,6.96857343,0.13728467,-0.909,0.02673943,78.7655316483969,-107.975820167956,1240.16656207851,0.914239223134591,0.908385491469798,5.36568339909445,0.108924609346873,-0.73596148001571,-897.440342514898,-897.57267861591,-913.970651394127,-914.043496707852,0.0708008520160869,-943.058430305306,0.0393427351461999,1844.43592815863,1865.10773513488,NA,2372.35730398906,0.461858613337871,0.711748804306773
"51",-5.86,0.79,-5.86,0.83,1.359326,9.604077,-1.1484446,0.2002995,35,35,-6.82388309279977,0.882443123004658,-5.1959189745675,0.748782933375712,1.52658653510653,10.9659789069896,-1.17605334833438,0.178690510967852,1.52658653510653,8.59567015046699,-6.00990103368363,0.815613028190185,1.52658653510653,11.6285456995525,-1.23045184652239,0.183156772540764,1.52658653510653,9.01811049004603,3.65332783078263,0.0989618996243092,-0.583134808944436,-7.52425654576694,-6.69260525012165,2.17006221659481,10.3331662257686,-5.12870109486335,0.671309279849591,-3.76087269621045,0.550815498035415,8.28481301,0.15433497,-0.891,0.02596322,77.8580616142004,-106.160880099563,1342.4742122188,0.147284939534011,0.147041605804893,7.78787582858266,0.138477633249899,-0.992671193132568,-935.118254361719,-937.165502755519,-957.215103160892,-960.230880491106,2.99363594631026,-970.065733861072,3.34661731851525,1919.79175185228,1951.59663866841,NA,2578.78754433803,0.566832347177192,1.00832539485616
"52",-5.86,0.79,-5.86,0.83,1.359326,9.604077,-1.1484446,0.2002995,35,35,-5.52318569467545,0.777815454987289,-7.62965771372318,1.06717344066641,1.3510920435376,9.13632038865209,-1.1172730157681,0.204683583925714,1.3510920435376,9.34787485058864,-6.57642170419931,0.922494447826848,1.3510920435376,10.2456264804098,-1.26965414084837,0.225615594894783,1.3510920435376,9.58037587796416,2.51951452681422,0.0710960986328883,-0.407613785658078,-6.84690371920802,-7.2294557366914,2.03743752586827,10.2747774163625,-4.22347602124135,0.599649177926443,-5.54366728247276,0.777487741655776,6.50566152,0.13789283,-0.849,0.02024579,127.696919386303,-205.838595643769,1337.86401745397,0.252981888757222,0.233356277421649,8.20348909336214,0.176304450110947,-1.17265601505893,-913.501551648152,-916.611371455061,-932.578293897391,-934.133678695757,1.52785669423092,-954.434527665585,0.758116025331004,1876.55834642514,1902.32302014141,NA,2469.88943926417,0.41541003000093,1.06311278742895
"53",-5.86,0.79,-5.86,0.83,1.359326,9.604077,-1.1484446,0.2002995,35,35,-5.0751274170828,0.680611601032642,-5.88406986322639,0.75544328238344,1.30397146383244,10.2209914019129,-1.25597675939409,0.214064652743697,1.30397146383244,9.11866428830849,-5.4795986401546,0.718027441708041,1.30397146383244,10.3845883722061,-1.27111039023433,0.215464597877144,1.30397146383244,9.21668460173317,2.8826691813337,0.072751083293852,-0.441819824156689,-6.97796085005404,-7.34107550288976,2.17803719459616,8.76981627618844,-3.88815912787308,0.52125731734782,-3.80340774174724,0.491072810057373,4.85343561,0.09848287,-0.844,0.02620184,84.2658949186452,-118.976546708453,1283.2589787377,0.904014392826994,0.872165842582225,8.10230144490552,0.167651856187481,-1.12295675163504,-905.823796279127,-906.380141192382,-922.313170044904,-922.988002339899,0.65872145996381,-965.769204339281,0.737365512923253,1861.20283568709,1881.79277243644,NA,2447.54141076695,0.432055809953872,1.08094724417309
"54",-5.86,0.79,-5.86,0.83,1.359326,9.604077,-1.1484446,0.2002995,35,35,-5.39749983964735,0.712296227535941,-5.77420093695073,0.83076054756963,1.41259288969384,10.2379006393642,-1.48151319525619,0.279647082298828,1.41259288969384,7.9812412445421,-5.58585038829904,0.771528387552786,1.41259288969384,10.2733765685415,-1.49266960509319,0.283155531079089,1.41259288969384,8.07039993206495,3.33390738117887,0.0893996202886966,-0.53123535537136,-7.11156446693681,-6.78248580046941,2.40631782469191,6.89138189552365,-3.95461833935438,0.537173332534749,-3.97781618914547,0.569689421321291,4.9557334,0.1382213,-0.877,0.0296326,55.2258759118999,-60.8965086949625,1261.41976493103,0.81735201171446,0.810750490942246,7.9117068039058,0.172886392061667,-1.12675961281112,-922.404957984295,-922.982536200873,-933.569149389616,-934.260627667529,0.675050428607342,-982.715813392792,0.678641430815179,1894.36515909743,1904.30473112586,NA,2461.94302116709,0.50629772843977,1.08650661584234
"55",-5.86,0.79,-5.86,0.83,1.359326,9.604077,-1.1484446,0.2002995,35,35,-5.33270067684667,0.716942468604284,-4.77533502165003,0.626858646499849,1.39624798793558,7.69042737661109,-0.806861726843698,0.151504523221919,1.39624798793558,9.62251356666995,-5.05401784924835,0.671900557552067,1.39624798793558,7.76809149500929,-0.819414133976162,0.153533296973155,1.39624798793558,9.63569807427179,2.48541601542163,0.0722530598259715,-0.40174025586461,-7.01908420215787,-6.99841464808565,2.17018531310576,10.7839913407524,-3.7061537164774,0.512871081076441,-3.40531413812799,0.460798615965593,3.80887966,0.06984473,-0.733,0.02643312,80.5471089536632,-111.538974778489,1278.55517714233,0.856542054593867,0.845708098884942,7.02136601837597,0.152719177663721,-0.985660429530561,-916.061337689722,-916.376782550594,-942.466392618256,-942.55322171433,0.0844005998484867,-971.44492692625,0.00198801630067094,1881.67791850828,1922.09921758314,NA,2445.57137950617,0.444797351047291,1.00724779708535
"56",-5.86,0.79,-5.86,0.83,1.359326,9.604077,-1.1484446,0.2002995,35,35,-6.1345542957608,0.83428978323351,-6.33925074684159,0.87291223178599,1.41715497627805,5.43357596901038,-0.649809363127865,0.132389201318571,1.41715497627805,6.73287406624069,-6.23690252130119,0.85360100750975,1.41715497627805,5.44405112828165,-0.651785832665551,0.132762124701619,1.41715497627805,6.73561189753514,3.09614009839785,0.0835278196520052,-0.493040207414236,-7.12181288645373,-7.09640678338265,1.87406569700369,8.68292049954228,-4.33966102715151,0.597829578684324,-4.40069491664131,0.607470444284946,2.54401897,0.06348496,-0.769,0.02794482,82.7927128849127,-116.030182640988,1268.45273263725,0.994506712021688,0.994766885996656,8.11352641352253,0.169075094966712,-1.13366054561481,-902.945964620474,-903.007449811929,-923.883097671536,-923.907876850709,0.0240754635893227,-928.629614753899,0.00423284041514748,1855.44717236979,1884.9326276897,NA,2420.87528263352,0.479365248219648,1.06661415238929
"57",-5.86,0.79,-5.86,0.83,1.359326,9.604077,-1.1484446,0.2002995,35,35,-4.88513081192657,0.655074604904878,-5.17179995259281,0.822236855734167,1.47543099443572,6.87661355571111,-0.845565304495959,0.170732370024896,1.47543099443572,7.81642495747483,-5.02846538225969,0.738655730319522,1.47543099443572,6.8971583547637,-0.857545369195225,0.177718174550475,1.47543099443572,8.15683069450718,2.97633463179127,0.0811385460887663,-0.474550547047832,-6.94010705962332,-6.23086676639305,2.20443564927059,8.75539139089215,-3.74935345491621,0.507589494419617,-3.62323122082817,0.58194677162406,4.96114726,0.11676359,-0.847,0.02888054,57.479231511798,-65.4032198947587,1236.31968850232,0.149099571689775,0.1518627376547,5.28186365450787,0.132032760654101,-0.776817733699464,-922.115834612706,-924.075652425423,-942.935819014503,-945.58767595214,2.6255075305297,-968.669110625308,2.78350264892568,1893.78691235425,1923.03807037563,NA,2407.23615710989,0.471965634078364,0.895788536154023
"58",-5.86,0.79,-5.86,0.83,1.359326,9.604077,-1.1484446,0.2002995,35,35,-5.69286881311761,0.776251334883555,-6.07488648699924,0.822039888909858,1.17685187865655,9.14610714666929,-1.16922147862923,0.217324258358774,1.17685187865655,10.3499547273704,-5.88387765005842,0.799145611896706,1.17685187865655,9.18259152245877,-1.17359448785411,0.217848406278729,1.17685187865655,10.3627835354575,3.60843820206634,0.102687277070389,-0.594711123342258,-7.02590546048115,-7.13512677816964,1.94192433373932,10.1609506560579,-4.23383142187889,0.578982720520828,-3.96163347863707,0.530276177823615,5.04743769,0.12677717,-0.854,0.02308023,104.452476150776,-159.349709172714,1283.27558506585,0.90622023624055,0.87165965349782,7.64583233164918,0.159498353265689,-1.06539993789341,-887.420974561737,-887.533754914071,-905.221372722908,-905.300448759553,0.0768601259546257,-942.316075567377,0.0654980383206952,1824.39719225231,1847.60917779244,NA,2407.20146095898,0.567159630579428,1.01888070909019
"59",-5.86,0.79,-5.86,0.83,1.359326,9.604077,-1.1484446,0.2002995,35,35,-5.56955863939788,0.730422481556508,-5.8898979789152,0.819728911557996,1.28978382275862,6.38673019964743,-0.763882019704875,0.135081531731901,1.28978382275862,6.57370930392651,-5.72972830915654,0.775075696557252,1.28978382275862,6.41238452275803,-0.771034110405207,0.137075441341804,1.28978382275862,6.61786338891924,2.3461905534784,0.0688645749774817,-0.383491855042481,-7.17563173576016,-6.96390647513681,1.84587772684564,7.58424481260458,-3.91132542552082,0.516952700449763,-4.49134898873088,0.624656096733995,4.55150582,0.1097559,-0.87,0.02493286,96.8574565472076,-144.159669965578,1225.26302069125,0.576244361278596,0.543499145340144,5.75956658209076,0.114996862732794,-0.788507854805529,-882.099551250482,-882.578577141285,-899.353970770342,-899.760879879139,0.396434251569264,-920.701329413441,0.336656721290282,1813.7543456298,1835.87437388731,NA,2306.36637141692,0.414181410522922,0.739064775264996
"60",-5.86,0.79,-5.86,0.83,1.359326,9.604077,-1.1484446,0.2002995,35,35,-5.84544292762462,0.81914575867033,-5.10078222642131,0.740524357895027,1.32110629686086,10.6607227853851,-1.1565844844538,0.174847188001912,1.32110629686086,9.35121125821566,-5.47311257702296,0.779835058282679,1.32110629686086,10.7993526753642,-1.17122105131153,0.17639251916688,1.32110629686086,9.41215600889226,3.17692871952303,0.0828902845475687,-0.493962039304477,-6.92292569784857,-6.64667095761935,1.98742767241053,10.5326694628272,-4.68597385429399,0.653710872374347,-3.5254523158545,0.520512859843638,6.79557147,0.12079614,-0.857,0.02532256,82.0522210481547,-114.549198967472,1266.82014374295,0.342254081824704,0.261387988313946,6.41957811187438,0.130402939115124,-0.88965218008036,-905.154033447218,-905.525592414977,-927.102154125967,-927.513084081987,0.400363101730679,-949.137403378047,0.396228090497911,1859.86331002327,1891.37074059856,NA,2419.09108851843,0.492496984592692,0.818175951944363
"61",-5.86,0.79,-5.86,0.83,1.359326,9.604077,-1.1484446,0.2002995,35,35,-6.8683040367228,0.998953102341731,-6.0138000295599,0.835021053782688,1.21571621043144,7.39643806017034,-0.801717205810544,0.164209381592532,1.21571621043144,11.7727179679271,-6.44105203314135,0.916987078062209,1.21571621043144,7.57898233473469,-0.836737353909574,0.170927810728723,1.21571621043144,11.8325856219951,2.99842220043038,0.0771657045138758,-0.467182517932163,-6.87454118206525,-6.99670189955158,1.7426301708325,14.4483543168978,-5.01614829162661,0.733663330355005,-4.4682877550068,0.612277435861178,4.28574271,0.09521235,-0.77,0.02212279,116.667138717676,-183.779034306516,1327.88490296649,0.457839991450263,0.456368164013227,7.84718776709313,0.180605920256206,-1.13941337191404,-893.156579180614,-894.153259533466,-921.448362692464,-921.775696707978,0.318726248152139,-927.164381370554,0.0659663812508015,1835.86840149007,1880.06315773156,NA,2471.99077162647,0.444173433295024,1.13967013042103
"62",-5.86,0.79,-5.86,0.83,1.359326,9.604077,-1.1484446,0.2002995,35,35,-5.90358403444071,0.84507239929409,-5.54105339164735,0.797860928839413,1.21083077612453,6.66615375549438,-0.824128433530861,0.17275233986873,1.21083077612453,9.87660232166827,-5.72231871304403,0.821466664066752,1.21083077612453,6.69901087223543,-0.82840733471365,0.173309570604353,1.21083077612453,9.88546476334836,2.72293800210785,0.0739914876386732,-0.432524716552859,-6.82660258886026,-6.74534567013248,1.81883214098553,11.1271310024994,-4.37943503983719,0.626120527469733,-3.9847858165903,0.576463498192815,5.07504865,0.13954118,-0.858,0.02471416,88.9444133434316,-128.333583558026,1254.93236564152,0.847124090589448,0.821994983465162,5.47692884962776,0.116512846129664,-0.759725324794768,-885.947083084482,-886.071203779268,-909.213000076862,-909.270014049798,0.05540756354085,-929.178142880883,0.0356218911185423,1821.4494092978,1855.59243250035,NA,2381.53114772501,0.43415363630249,0.77884491240923
"63",-5.86,0.79,-5.86,0.83,1.359326,9.604077,-1.1484446,0.2002995,35,35,-5.37882643235174,0.824635631463018,-6.35388774313528,0.886415424891269,1.31844093696349,11.6265029869292,-1.26140086594197,0.204974233160684,1.31844093696349,11.6603136821893,-5.86635708774351,0.855525528177144,1.31844093696349,11.8641891268759,-1.27646063753199,0.205928418879693,1.31844093696349,11.9112677287259,2.75438853748387,0.0654378786155413,-0.412157419983639,-6.42360196109022,-7.03059524937384,1.99049958393345,13.2783386298372,-4.24899606262162,0.645910888493898,-4.90200584533244,0.689148121991895,7.2630743,0.1351079,-0.843,0.0233395,97.3224464655827,-145.089649802328,1330.42391849391,0.54793514307258,0.525823424285731,7.44623945864433,0.156825871881351,-1.03473867915379,-916.826577563814,-917.707063135933,-940.703167732492,-942.077141986377,1.34790302933009,-956.990392875461,1.54267687910305,1883.20839825647,1918.57276781161,NA,2515.75818718549,0.386087888306733,1.02678531665543
"64",-5.86,0.79,-5.86,0.83,1.359326,9.604077,-1.1484446,0.2002995,35,35,-5.79543705668538,0.737637395383661,-5.70197206573355,0.799372608331841,1.24591662539828,6.40924437387459,-0.616051150541585,0.11132214859078,1.24591662539828,9.27811459632273,-5.74870456120947,0.768505001857751,1.24591662539828,6.411428300008,-0.614608630261683,0.11227495772022,1.24591662539828,9.43433835610222,2.25843378152204,0.0548693212291351,-0.330295492015387,-7.35852556346739,-6.89725814897981,1.73740824739078,11.8848296031125,-4.27953231404095,0.555587079466904,-4.47503116067135,0.635021571390065,5.2415619,0.10148251,-0.824,0.01980809,136.613814034437,-223.672384940037,1274.71031147458,0.488426430564111,0.45406561194985,4.69734913412718,0.093753654242934,-0.6229587941215,-883.402589191415,-884.123367942812,-912.249578501455,-913.305549089882,1.03357630093033,-920.078302957851,1.13102434830187,1816.36042151167,1861.66558934954,NA,2325.74823800913,0.364901292322002,0.678652757094957
"65",-5.86,0.79,-5.86,0.83,1.359326,9.604077,-1.1484446,0.2002995,35,35,-5.77181311854064,0.727290315318729,-6.42869208015523,0.925831088485952,1.2632489757441,9.26760316698922,-0.821574425367752,0.134909247190977,1.2632489757441,12.7708551158968,-6.10025259934794,0.826560701902341,1.2632489757441,9.37547565954221,-0.854178739596816,0.144763856843437,1.2632489757441,13.0318271903704,2.5172660613513,0.066405289648721,-0.392029540116829,-7.39654685083754,-6.87057126228056,1.78135063520323,16.4756195568247,-3.9454000393061,0.495080411486624,-5.01685225149776,0.730095609603735,5.11515308,0.08768607,-0.788,0.02246537,113.464100083822,-177.372957038807,1361.76597054651,0.0374744329615767,0.0407129144685018,8.33475972986155,0.169352414052469,-1.11745932825685,-901.927930568977,-904.113545743532,-936.111993844509,-937.426153504342,1.28867095869173,-936.864223015639,1.05753839384084,1853.41110426679,1909.39042003565,NA,2546.15898405421,0.399360915597438,1.20582271119558
"66",-5.86,0.79,-5.86,0.83,1.359326,9.604077,-1.1484446,0.2002995,35,35,-4.73529729139041,0.628636220111379,-6.68775772575345,0.879741419718048,1.34522474687961,9.08517788011905,-1.13537274419693,0.197540655186035,1.34522474687961,7.98761121766404,-5.71152750857193,0.754188819914714,1.34522474687961,10.0382033170573,-1.25794098597064,0.213304110503411,1.34522474687961,8.22729371635452,2.85067690996446,0.0724919986037702,-0.442328880244752,-6.94778659423093,-7.40422722778299,2.15633460239978,7.96121081216178,-3.6064756434803,0.476435770567294,-4.506977162973,0.597377141352457,5.64427362,0.13649244,-0.875,0.02551457,85.6470147891529,-121.738786449468,1281.16520873183,0.488298036704454,0.438107730166749,8.03751401349961,0.155388994792848,-1.08622084619086,-906.061216760138,-908.751756000935,-921.64664690843,-923.488956096295,1.81343067876815,-960.291978676515,1.28301789622616,1861.67767664911,1880.45972616349,NA,2440.5916310142,0.415412121278582,1.00426967349074
"67",-5.86,0.79,-5.86,0.83,1.359326,9.604077,-1.1484446,0.2002995,35,35,-5.8640572325481,0.850230574655461,-5.76350954047949,0.82280676881301,1.44511329525977,9.4250664729351,-1.06773016289031,0.175849942488272,1.44511329525977,8.21266545898328,-5.81378338651379,0.836518671734235,1.44511329525977,9.42759393253019,-1.06841951298661,0.176037958769993,1.44511329525977,8.21621274959965,2.49226615284381,0.0684128941093091,-0.39531251727349,-6.75634471294468,-6.81918095963227,2.04594483326359,9.77990999656456,-3.77219278371417,0.553094585987611,-5.05433563079833,0.725599126774914,5.53913833,0.08619252,-0.849,0.02850068,66.4708259363067,-83.386408743776,1272.83499796568,0.236017910899559,0.156830142133279,7.45998327137431,0.170200707113582,-1.09124613036495,-921.164511827499,-921.20181475474,-940.926418765111,-940.953366726176,0.0261830588538598,-953.884456310106,0.0213038639186744,1891.88426678384,1919.01926987685,NA,2462.28358718758,0.410494270856578,1.02912418809011
"68",-5.86,0.79,-5.86,0.83,1.359326,9.604077,-1.1484446,0.2002995,35,35,-4.89383614256627,0.606672581066194,-6.24204626907822,0.938058763320046,1.4500450956002,14.3045076392792,-1.5447166437189,0.216968925167142,1.4500450956002,10.0188207506238,-5.56794120582225,0.77236567219312,1.4500450956002,14.7589252755866,-1.6564111953941,0.244423125614337,1.4500450956002,10.4236782178015,2.68164972543508,0.0785988347256174,-0.446400987249958,-7.23717912331124,-6.61107612869516,2.32786636619162,10.4473877353551,-3.78556193906861,0.48036675198074,-4.58037380081444,0.688406670591022,9.25427041,0.13123034,-0.904,0.02520662,85.6088829150572,-121.662522701277,1331.51724954702,0.0236507306676277,0.0165766592268325,7.6844967829417,0.184850079495238,-1.13880634735429,-931.609992863594,-936.472825374701,-954.292907244327,-956.818748738567,2.49848040830719,-987.614806539664,1.75054824650959,1912.77522885602,1945.75224683528,NA,2541.37197639277,0.440944747466137,1.15549205907603
"69",-5.86,0.79,-5.86,0.83,1.359326,9.604077,-1.1484446,0.2002995,35,35,-5.33324222004148,0.645780969617964,-5.90442368391444,0.806901200098568,1.30891589645767,11.6623304813406,-1.54683619423763,0.285576240451644,1.30891589645767,10.9440200758063,-5.61883295197796,0.726341084858266,1.30891589645767,11.7438925475086,-1.56984341651399,0.292066172619174,1.30891589645767,11.0891141409726,3.31160461109071,0.0788275627277537,-0.495474902190262,-7.44358754186539,-7.05485636558682,2.39627977521657,9.38325939935585,-3.37468117229801,0.399597498144552,-4.01996946112569,0.557525051076596,5.10562446,0.16275058,-0.861,0.02200815,113.209279453634,-176.863315778431,1336.43026738351,0.342807157722904,0.307740110704817,10.2800630547361,0.201500210442556,-1.38944583495818,-919.117763854304,-919.994984954982,-934.849845631587,-935.695071049947,0.826053235735847,-991.296473592255,0.722727333780452,1887.79077083744,1906.8661236098,NA,2495.99721898858,0.4668374124927,1.32763879433499
"70",-5.86,0.79,-5.86,0.83,1.359326,9.604077,-1.1484446,0.2002995,35,35,-5.06647553709823,0.623947746047985,-5.32840582331178,0.735050066461516,1.37148931285871,10.814673138326,-1.37676880777321,0.227980490753002,1.37148931285871,7.86248922539975,-5.197440680205,0.67949890625475,1.37148931285871,10.831825007035,-1.38404407341944,0.23106642215332,1.37148931285871,7.98456436645992,3.89267030727271,0.0960455927697903,-0.598276367256373,-7.30689755517289,-6.90690896628931,2.36056961558217,7.00010808878345,-3.94663432362391,0.499470454801674,-4.27831675751685,0.594884157944719,6.33660498,0.11819394,-0.887,0.02693704,76.7986676707779,-104.042092212719,1250.57580504806,0.422530235015151,0.375976395908138,6.50018992249345,0.14946978091241,-0.946891053443404,-912.57421929503,-913.453830609828,-925.402642168325,-926.360267257737,0.936656663942746,-978.492031464343,1.00816008127794,1874.7036817189,1887.97171668328,NA,2397.10951788341,0.542282820914231,0.930276301431752
"71",-5.86,0.79,-5.86,0.83,1.359326,9.604077,-1.1484446,0.2002995,35,35,-5.40286858064083,0.762476470729359,-5.29860749706545,0.791367540007627,1.38582589434485,10.6554235042364,-1.21099139909601,0.184041276741317,1.38582589434485,8.1470022018895,-5.35073803885314,0.776922005368493,1.38582589434485,10.6581410976235,-1.21023834554886,0.184249950212327,1.38582589434485,8.19657255888509,2.95690471979941,0.0673662102277942,-0.431733872013901,-6.81797230411605,-6.54158570591735,2.07925650686532,8.95277265147446,-3.61083756997471,0.507236790009775,-3.66116338580648,0.548090909779309,5.11445588,0.09827579,-0.853,0.02870173,60.5832149906709,-71.6111868525043,1227.35778490088,0.730512952489943,0.726861337707171,7.83660020669168,0.164587471256265,-1.10270637080581,-911.679198677011,-911.957452949395,-930.162302590803,-930.540629441643,0.368512459197155,-955.047215639758,0.43926719370382,1872.91364048286,1897.49103752823,NA,2383.10438294926,0.409433735985432,1.02119275421776
"72",-5.86,0.79,-5.86,0.83,1.359326,9.604077,-1.1484446,0.2002995,35,35,-5.68518517289248,0.714982548713765,-6.26028168810947,0.831442844161076,1.33895275215404,10.5824229689579,-1.2792240975421,0.214894683579238,1.33895275215404,9.18364867004369,-5.97273343050097,0.77321269643742,1.33895275215404,10.6651069694116,-1.29596807506032,0.218285433683157,1.33895275215404,9.21537498448656,3.38225225696818,0.0823431124965257,-0.511439474552218,-7.38324539374329,-7.26450160509408,2.1381821363205,9.34113704433828,-4.43218114216136,0.568000270579693,-4.79746722122961,0.641358905591379,8.62482672,0.16584466,-0.911,0.02263881,106.935642023246,-164.316040917655,1324.11104747173,0.775831416351158,0.717259467585009,5.5504620360529,0.122778644973442,-0.776895285434335,-912.153367844638,-912.598246745073,-929.24722278147,-929.46496298701,0.211848371052082,-963.233645032856,0.0758849712341207,1873.86197881811,1895.66087790957,NA,2483.9060540258,0.485432091592212,0.83749293442531
"73",-5.86,0.79,-5.86,0.83,1.359326,9.604077,-1.1484446,0.2002995,35,35,-5.85348897610932,0.797057479339107,-6.12561162302648,0.875347493365471,1.38438450677251,8.58327088356982,-1.05531292946494,0.180789515908825,1.38438450677251,7.29375329644052,-5.9895502995679,0.836202486352289,1.38438450677251,8.60178356731113,-1.06063905092595,0.182321847482887,1.38438450677251,7.32745659506178,3.02713108964875,0.0785047502684403,-0.4733665807911,-7.0625679988088,-6.86825900124917,2.00414312789451,8.16341969060426,-4.4121921895951,0.608982760546605,-4.13568686320732,0.589051541511979,3.67995044,0.07655385,-0.821,0.0270647,83.4171616662284,-117.279080203619,1246.90103668818,0.844739424701036,0.819357745458136,8.36276029503255,0.178756884085931,-1.18638970217437,-907.442340146277,-907.765793379992,-923.052696577909,-923.336578936939,0.276331381502468,-943.140629024697,0.244650705249157,1864.43992342139,1883.27182550245,NA,2376.52299317275,0.451459824243986,1.10264959454022
"74",-5.86,0.79,-5.86,0.83,1.359326,9.604077,-1.1484446,0.2002995,35,35,-4.9588453199798,0.650564424404877,-6.25816585977724,0.893842375350202,1.32582433905077,11.0158910101226,-1.34853794657765,0.219082870858835,1.32582433905077,8.65911666876599,-5.60850558987852,0.772203399877539,1.32582433905077,11.4379494764074,-1.42756195621342,0.233878911212874,1.32582433905077,8.77318612235396,2.72568539134761,0.0686402254647847,-0.41659612285357,-7.04069205599699,-6.89062551705205,2.17261993647876,8.38573514422943,-3.71901577976549,0.49303348406206,-4.14420697613038,0.591569167334394,4.94291919,0.09758996,-0.864,0.02778009,72.1201986690312,-94.685154209225,1252.9243970864,0.497111564000548,0.462635409974652,9.01716510863822,0.19709267886767,-1.28996906559603,-907.932248860406,-909.751706824141,-923.131465525886,-923.953288194361,0.803046811626631,-963.755343136377,0.131420355881737,1865.41974084965,1883.4293633984,NA,2411.16363996357,0.410578569150422,1.21718137475835
"75",-5.86,0.79,-5.86,0.83,1.359326,9.604077,-1.1484446,0.2002995,35,35,-6.72107412394876,0.897825742324903,-5.98102846129604,0.872092428957205,1.12968144668795,11.7072046730992,-1.31937754163083,0.203183765084943,1.12968144668795,11.5073782300599,-6.3510512926224,0.884959085641054,1.12968144668795,11.8441215688019,-1.32413849836669,0.203349315939164,1.12968144668795,11.775325971226,3.18282047745475,0.0888271076470216,-0.515523749032669,-7.32980191156344,-6.74306867095078,1.77146336039282,12.2752247987782,-4.92478734594435,0.649584283728586,-4.49999012810752,0.67271384370923,5.20595242,0.10795087,-0.81,0.01981232,136.989009229131,-224.422775329424,1307.81169831068,0.24846341173301,0.236923670846552,8.82835719120549,0.16724005466023,-1.18300617472138,-881.149377789888,-882.036179773491,-901.996435682726,-903.480220329391,1.45677583776107,-925.878824566658,1.74202462496299,1811.85399870861,1841.15930371208,NA,2391.20062129193,0.506837989802677,1.08681191448653
"76",-5.86,0.79,-5.86,0.83,1.359326,9.604077,-1.1484446,0.2002995,35,35,-6.35004167831182,0.848797455183559,-5.96262723700044,0.854484694495992,1.37190032548855,5.73632922907704,-0.602811312448315,0.114254971880231,1.37190032548855,7.39640562434633,-6.15633445765613,0.851641074839776,1.37190032548855,5.7738517164112,-0.602260482788108,0.11426305805298,1.37190032548855,7.50966243039475,2.81510975700949,0.0719621487800802,-0.431564349194246,-7.25086731367392,-6.82956977222492,1.77570638570196,10.0574573893725,-4.47189449258012,0.604936664394786,-4.46872168016999,0.643638786495885,3.40097244,0.0811346,-0.793,0.02669969,86.3813760480839,-123.20750896733,1274.80422341193,0.685979364550453,0.68484462716745,6.99084171833976,0.140452457482128,-0.952173597081421,-897.287963176939,-897.838952524299,-921.694376151894,-922.63227549086,0.917233296705151,-920.067144318852,1.07571786174591,1844.13116948271,1880.55518465042,NA,2426.40093785653,0.436101307926476,0.929517039199832
"77",-5.86,0.79,-5.86,0.83,1.359326,9.604077,-1.1484446,0.2002995,35,35,-5.37653086334455,0.686137397382887,-5.52696287128426,0.784033056439499,1.30791885973413,8.89811196030745,-1.0868012239401,0.181097281516158,1.30791885973413,7.58998086681816,-5.45174686731441,0.735085226911193,1.30791885973413,8.90376940756065,-1.09048288408022,0.18349317153169,1.30791885973413,7.73158267970058,3.91026267068743,0.108683350770615,-0.636212219493743,-7.24644303157032,-6.81363803529212,2.05960390291775,7.71153293864582,-3.67032272535449,0.479252239865526,-4.15136751854504,0.594292201861212,5.29540676,0.13994738,-0.905,0.02696215,75.8985452959745,-102.241847463112,1219.1400773356,0.446604522430285,0.40544656039845,6.78887437034699,0.119313562804177,-0.859811298773519,-896.16112944356,-897.125496805587,-911.588755104112,-912.733264684794,1.12094816336547,-948.058405945923,1.24237642976446,1841.87750201596,1860.34394255485,NA,2336.03830720808,0.604725554023064,0.877715974059124
"78",-5.86,0.79,-5.86,0.83,1.359326,9.604077,-1.1484446,0.2002995,35,35,-6.62860313603887,0.883761146779316,-5.48706820448476,0.750947294270137,1.34768326291847,10.2313394627967,-1.26848248794057,0.209715024448238,1.34768326291847,8.03313984695838,-6.05783567026181,0.817354220524727,1.34768326291847,10.5571149627863,-1.30638540094895,0.214124904302821,1.34768326291847,8.14188321374104,2.10476664366763,0.0576589414090386,-0.330864858983728,-7.32112414442139,-6.97085977790119,2.08103014814519,8.26049451220912,-4.59810798238345,0.623399552081376,-4.12084821097165,0.566095405504067,5.57537969,0.12224572,-0.877,0.02423025,98.5273892680768,-147.499535407316,1279.20366268392,0.802445836442646,0.787769018328501,8.16626974795201,0.155956594320857,-1.09382980960632,-907.893234643244,-908.792775745117,-922.447701754799,-923.285348725869,0.818602287410754,-952.732835517344,0.757576205591733,1865.34171241532,1882.06183585623,NA,2410.90778996052,0.356145030371572,1.02702891294796
"79",-5.86,0.79,-5.86,0.83,1.359326,9.604077,-1.1484446,0.2002995,35,35,-6.41144890148001,0.854316314718541,-3.74367049544208,0.548152276370339,1.09208009297275,8.3928042693621,-1.08964199899909,0.195986524395993,1.09208009297275,9.17707491391719,-5.07755969846104,0.70123429554444,1.09208009297275,10.1720646752927,-1.29383645155176,0.219420628990413,1.09208009297275,9.93820846732963,3.66950170557357,0.0995674154696722,-0.585154164023636,-7.27939459984694,-6.43566230827664,2.00676677756901,7.7961355730254,-4.92585199708893,0.658473674700294,-2.74397762322919,0.398971041131134,3.8276119,0.1004971,-0.846,0.0246421,97.4725684391111,-145.389893749385,1196.84605060767,0.00188907880940884,0.00130497407214206,8.78778979372012,0.165747385584273,-1.16849737200092,-864.077609925586,-869.835276308841,-879.270149462422,-884.318856794544,5.08565398897355,-942.029408614211,4.79918494022506,1777.71046298001,1795.70673127147,NA,2248.30220746596,0.5741356660858,1.1047754893859
"80",-5.86,0.79,-5.86,0.83,1.359326,9.604077,-1.1484446,0.2002995,35,35,-5.8197605754286,0.846982948784642,-5.54866387258052,0.853903788097182,1.29915441083746,9.37177626530372,-1.08941194596386,0.214157281055513,1.29915441083746,12.2210309090838,-5.68421222400456,0.850443368440912,1.29915441083746,9.39014962087751,-1.08894289178422,0.214169255559711,1.29915441083746,12.2868139489575,2.32027878140557,0.0583817878462823,-0.349383568463455,-6.73139657037597,-6.41906729780807,2.00006029889201,13.62236699455,-4.07198665489408,0.603304539531864,-3.55696513305926,0.53634753072705,4.4654115,0.12766067,-0.831,0.02738045,65.9427181996786,-82.3301932705197,1295.10467407091,0.739369550460084,0.688425001295612,9.00846135605143,0.190558005973261,-1.2386821309751,-915.270459034501,-915.47570318724,-940.126330047633,-940.473760951115,0.338343260988521,-958.997658992616,0.396927850118276,1880.09616119784,1917.41909244189,NA,2507.8791548713,0.368668572008557,1.30531046083321
"81",-5.86,0.79,-5.86,0.83,1.359326,9.604077,-1.1484446,0.2002995,35,35,-6.06496388899366,0.804197034561455,-5.89538960382937,0.869827856161522,1.27198320981594,7.18460862158625,-0.9516491886308,0.19553633761211,1.27198320981594,9.03185265881666,-5.98017674641152,0.837012445361488,1.27198320981594,7.19179748113349,-0.948866863716406,0.196613188798085,1.27198320981594,9.25555617285162,2.24924048795051,0.0566769863983402,-0.339791598169208,-7.23150728917976,-6.67092155219771,1.93330569179412,9.74440945273403,-4.49986644558867,0.606141672388311,-4.12065296540962,0.606232141501768,3.80949055,0.10316007,-0.814,0.02527716,91.4650040896655,-133.374765050494,1278.53518730739,0.451816130914504,0.457833581016459,7.03704552179602,0.157243916926781,-1.00534788914667,-896.01197302831,-896.948277763549,-915.624881961852,-917.168684900908,1.51635390507932,-939.89505236538,1.80031279950068,1841.57918918546,1868.41619627033,NA,2423.69560956428,0.354497348073562,1.00952409195694
"82",-5.86,0.79,-5.86,0.83,1.359326,9.604077,-1.1484446,0.2002995,35,35,-6.36239327183338,0.783568019729584,-6.02660428960166,0.827066604152703,1.22010709297019,10.8238108216401,-1.34697875576647,0.220531484721347,1.22010709297019,9.06973883362167,-6.19449878071752,0.805317311941144,1.22010709297019,10.8519993817871,-1.34332716941848,0.221004516433051,1.22010709297019,9.32702514947507,4.09697760045934,0.0971071840062986,-0.617389535210502,-7.65183900422145,-7.05689671211734,1.9872981622404,8.77776424098872,-4.62374449579637,0.58943669925256,-4.2224982736133,0.583867867978409,6.37186861,0.14199119,-0.903,0.02452924,95.9353824015112,-142.315521674185,1307.37288331373,0.43170590208451,0.393004604534495,8.24284024886018,0.152923085091778,-1.07421927639421,-891.19092554258,-892.364316551662,-905.687281085281,-907.45334529408,1.73743031146107,-943.3438832706,2.16767442474933,1831.937094214,1848.54099451719,NA,2472.43024495327,0.554217046367555,1.07869543572262
"83",-5.86,0.79,-5.86,0.83,1.359326,9.604077,-1.1484446,0.2002995,35,35,-5.64561996286401,0.756141534894807,-6.74908348011362,0.94429055946811,1.39779956407291,13.1225215419247,-1.82881291517168,0.329830287608301,1.39779956407291,9.70597172099348,-6.19735172148882,0.850216047181458,1.39779956407291,13.4269294753999,-1.88071681127737,0.338680301470272,1.39779956407291,9.76244659488659,2.74702929203341,0.0645105268460259,-0.405243515254557,-7.09846559475134,-7.08098591088112,2.46785880030641,8.18515992638459,-3.97167353420654,0.538331323556292,-4.41504983862904,0.617790357872137,5.41277265,0.15466679,-0.884,0.02576577,81.8169952843374,-114.078747439837,1319.47745494458,0.800161451635183,0.778856195597668,11.2527530332075,0.233580064718552,-1.56723952669966,-932.018160215741,-932.773914748352,-943.286318356461,-943.654603549463,0.35870554535474,-994.2164694197,0.00160401002814775,1913.59156356032,1923.73906905955,NA,2524.87616244932,0.39518240526641,1.48398714738935
"84",-5.86,0.79,-5.86,0.83,1.359326,9.604077,-1.1484446,0.2002995,35,35,-5.19895217886446,0.730836285501911,-4.96173828115915,0.697845655159894,1.38973923503066,7.80681402204426,-0.909229731727886,0.165942395416012,1.38973923503066,8.27175164847109,-5.0803452300118,0.714340970330902,1.38973923503066,7.82088163036039,-0.91118619073068,0.166214490838602,1.38973923503066,8.27453325483634,2.4705176364054,0.0637786821390706,-0.380330676827305,-6.8025599384,-6.76189567929319,2.12406749514314,9.08940027364972,-3.27281083479044,0.466284332131048,-3.53973675943958,0.502920026215064,3.37113204,0.08239205,-0.786,0.03166466,44.2991593784861,-39.0430756281349,1228.27830611251,0.913223170582449,0.891545452331675,7.69132497310212,0.162678315002762,-1.07997684486024,-911.22339203543,-911.269987828416,-931.801395277459,-931.822392738465,0.020400593114295,-960.748425752948,0.00918203670227404,1872.0020271997,1900.76922290155,NA,2417.51353659689,0.386597592786423,1.02908499000099
"85",-5.86,0.79,-5.86,0.83,1.359326,9.604077,-1.1484446,0.2002995,35,35,-5.76242425832076,0.756887820255827,-5.49509407217993,0.822164424322841,1.44972110632281,9.95146444097847,-1.1419176754631,0.200951504494389,1.44972110632281,9.62822420788412,-5.62875916525034,0.789526122289334,1.44972110632281,9.96933079808399,-1.13755507378413,0.202016763254019,1.44972110632281,9.89467498831738,3.12102775163814,0.0823002121799661,-0.491950980416533,-7.21082371514325,-6.55459241358578,2.17960587622863,10.8339918565536,-4.04628959106616,0.541796098180418,-3.87642415869168,0.586930776393204,6.10558154,0.12780411,-0.85,0.02620965,73.2948766931702,-97.034510257503,1308.37214715013,0.37577503516763,0.357711555640667,7.07802311078015,0.1489902696822,-0.966220805456216,-930.408430718642,-931.508998477057,-951.711743303968,-953.445014217114,1.70476767473733,-972.654340319512,1.98678836993537,1910.37210456612,1940.58991895456,NA,2519.70978404276,0.472249747989478,1.04062649737213
"86",-5.86,0.79,-5.86,0.83,1.359326,9.604077,-1.1484446,0.2002995,35,35,-5.98710776929402,0.777516502766573,-5.25938627906184,0.757532534629779,1.18758486026464,8.68981132300223,-1.11589040627024,0.197932840433733,1.18758486026464,8.61079730549591,-5.62324702417793,0.767524518698176,1.18758486026464,8.82220596483868,-1.11952609703856,0.198032680179356,1.18758486026464,8.88450278132798,2.30766754335184,0.064348760505524,-0.373426326946689,-7.3126068737978,-6.70394469447694,1.93454217278528,8.36686573378593,-4.67196295943053,0.613199284355279,-3.73015090669581,0.537659366458246,6.57773819,0.16273554,-0.9,0.02201612,111.011369281298,-172.467495433758,1239.27245400294,0.197994742243958,0.16824038375776,5.32407453090917,0.100013019105656,-0.693885301696163,-880.771767145433,-882.041146704523,-895.802804608408,-897.768472456833,1.93656902387669,-935.249450518386,2.43291590721357,1811.0987774197,1828.77204156344,NA,2306.07741257212,0.367937195744675,0.716250514882103
"87",-5.86,0.79,-5.86,0.83,1.359326,9.604077,-1.1484446,0.2002995,35,35,-5.14249411269418,0.765609811255656,-5.49896378705952,0.776410029863175,1.61514885805695,7.3565696192939,-0.957705412627587,0.176625632632123,1.61514885805695,5.77051866857692,-5.32072894987685,0.771009920559415,1.61514885805695,7.38833727647944,-0.958667900230112,0.176654793812616,1.61514885805695,5.81691005885354,3.0904292555991,0.0831095157042407,-0.494322747732252,-6.53893020412767,-6.83105497079996,2.29399312046837,6.46095294967076,-3.68773026943756,0.542095651036804,-3.83816099714939,0.53944640641344,5.10713277,0.12166276,-0.873,0.03131072,43.7852991768455,-38.0153552248535,1219.11175437221,0.844732352022785,0.850155920517674,6.07544287178505,0.140461598183517,-0.894905812456628,-932.671684257392,-932.991807469237,-946.619965571378,-947.097967701625,0.46593395472806,-969.040826271576,0.593331363884519,1914.89861164362,1930.40636348938,NA,2400.20815351957,0.465959824850206,0.843982606111083
"88",-5.86,0.79,-5.86,0.83,1.359326,9.604077,-1.1484446,0.2002995,35,35,-6.44704278165708,0.827694735240292,-6.06673357103706,0.803810755322474,1.24407977959868,14.5112082518517,-1.55802340313781,0.227195719553384,1.24407977959868,12.9072489966488,-6.25688817634707,0.815752745281383,1.24407977959868,14.5473670257724,-1.56029422752507,0.227338330677563,1.24407977959868,12.9481124170628,2.61720968507224,0.0665635757592053,-0.403614031138135,-7.47359296169428,-7.2355783229716,2.01832184204407,13.5269251125199,-4.26937446646603,0.545141226020394,-4.12640735329584,0.546682182210818,7.0234074,0.13551265,-0.842,0.02070137,123.069040323122,-196.582837517406,1390.18617314295,0.91483331181974,0.921412312687121,10.8000114601677,0.191743811961205,-1.40543553883557,-908.803345559337,-908.926059135169,-933.055646626475,-933.261024789654,0.199803180976074,-960.995282126282,0.229927109959671,1867.16193424751,1903.27772559958,NA,2583.7895087685,0.390978441098103,1.28418010277995
"89",-5.86,0.79,-5.86,0.83,1.359326,9.604077,-1.1484446,0.2002995,35,35,-6.57565767187062,0.933030411984759,-5.97909249456598,0.793570786426367,1.30428138535579,13.6184998119103,-1.53589297055644,0.242285977308039,1.30428138535579,12.1637324596701,-6.2773750832183,0.863300599205563,1.30428138535579,13.7074723146035,-1.55669215961846,0.247148224098261,1.30428138535579,12.233700176983,3.58031999624924,0.0991054207464362,-0.57629281655123,-6.97464514755766,-7.20894433138869,2.09200475109292,12.7315574369281,-4.0722405809795,0.57021937149518,-4.08959695366403,0.555929924170282,5.92879842,0.11905702,-0.847,0.02607773,76.9247071023977,-104.294171075958,1356.26950894477,0.941644071911645,0.929637749163508,11.9264830177491,0.239548372873433,-1.63132596158342,-919.43254007372,-920.127215086064,-940.787262279789,-941.158340160652,0.361432807287317,-967.809354129984,0.227408162260001,1888.42032327628,1918.74095690621,NA,2608.24484681357,0.570916985256427,1.55850914221923
"90",-5.86,0.79,-5.86,0.83,1.359326,9.604077,-1.1484446,0.2002995,35,35,-6.30219984357301,0.898985935551139,-4.91342992505558,0.686826105667366,1.38159162626157,10.706611806853,-1.35463200380903,0.218976936210405,1.38159162626157,7.33193542291694,-5.6078148843143,0.792906020609253,1.38159162626157,11.1887822784978,-1.42829230122413,0.230229884564483,1.38159162626157,7.41420098150184,3.61296959974262,0.0982124723847291,-0.579620030805924,-6.90401550016876,-6.77923894753933,2.19089556886351,7.10072016644456,-4.01215783344966,0.575236622498197,-3.27188723941085,0.455919417426173,5.58011222,0.12596599,-0.907,0.03366789,30.2526382889868,-10.9500334491361,1223.65321844389,0.563217699767533,0.519430428920356,8.91170926837815,0.187392328775524,-1.25274102378001,-910.601945073929,-911.931318850583,-922.879451170305,-923.567208069697,0.671399584829587,-960.654282089859,0.104392096504,1870.75913327669,1882.92533468724,NA,2436.35640343864,0.55491331622752,1.16959778871035
"91",-5.86,0.79,-5.86,0.83,1.359326,9.604077,-1.1484446,0.2002995,35,35,-5.35684787128409,0.755811850528592,-5.5880841043953,0.756096610759908,1.24475920877914,9.58680865199799,-1.27443310104704,0.22424598490382,1.24475920877914,8.23973074264991,-5.47246598783969,0.75595423064425,1.24475920877914,9.60017620087386,-1.27444956276785,0.224246005175917,1.24475920877914,8.2767681043121,3.32639708012799,0.0868002523382317,-0.52548602582472,-6.81165767731296,-7.04119738265334,2.08572956208817,7.52018424393945,-3.65487115995598,0.517079838193802,-3.48761752931712,0.471414641811636,3.28781327,0.10267323,-0.85,0.02665426,83.5921439299776,-117.629044731118,1212.80285139168,0.859134510079745,0.839423515225937,10.015454859657,0.202815349534134,-1.39193071295273,-892.046824485964,-892.228972547459,-904.566589036894,-904.846622405559,0.272577271262218,-950.369292522838,0.352821968024265,1833.64889210076,1846.29961042042,NA,2307.97665805224,0.484366521118061,1.25144797195912
"92",-5.86,0.79,-5.86,0.83,1.359326,9.604077,-1.1484446,0.2002995,35,35,-4.62011001209077,0.633278696125498,-5.97291341338872,0.901061898422821,1.40602090500812,9.65817942788951,-1.31885996705285,0.251043120984262,1.40602090500812,8.69172957326629,-5.29651171273974,0.76717029727416,1.40602090500812,10.1156986885303,-1.40942447377242,0.268970081842414,1.40602090500812,8.84169393454627,3.03910595800477,0.0770885443499584,-0.468091740435547,-6.80494064417181,-6.5623610203915,2.36366865586479,8.04702735072024,-3.11374753546054,0.428366932266002,-4.26153455738306,0.643296224300458,4.72099382,0.12398045,-0.843,0.02804695,63.0886937558689,-76.6221443829005,1252.28233214394,0.148338526639158,0.110855934128733,8.02834088135041,0.194524270802121,-1.20811712655949,-922.945626164566,-924.824003574208,-937.756081423538,-938.830927472729,1.05219367605631,-983.117806638473,0.327463650024068,1895.44649545797,1912.6785951937,NA,2427.94251990498,0.452969386718016,1.15976527466943
"93",-5.86,0.79,-5.86,0.83,1.359326,9.604077,-1.1484446,0.2002995,35,35,-5.76328862171956,0.888667720625612,-5.17829370864813,0.77142386255817,1.47703079439584,15.7377029268571,-1.67505644988346,0.237105077611094,1.47703079439584,11.3665566568999,-5.47079116518384,0.830045791591891,1.47703079439584,15.8232576889369,-1.69220321502304,0.240541608174729,1.47703079439584,11.3948730003045,3.51270412547246,0.0875552911537657,-0.540906545274013,-6.42657753279905,-6.5400911869222,2.27539529731854,12.5532467743693,-4.44818114322919,0.687608010177123,-3.25340787067606,0.491640502963475,8.1607325,0.1267536,-0.864,0.02721,63.2493229811224,-76.9434028334075,1332.32186860598,0.231330675676933,0.136548676570058,9.37205372883473,0.202814108554348,-1.33623141062237,-942.661640708561,-943.125952848506,-966.887880128351,-967.047979519203,0.155703111620728,-987.939475545287,0.0497213564202863,1934.87852454596,1970.94219260333,NA,2587.70033437855,0.499495384078444,1.24987758604473
"94",-5.86,0.79,-5.86,0.83,1.359326,9.604077,-1.1484446,0.2002995,35,35,-6.05569171071118,0.792510003813933,-6.10374079399204,0.880160491003643,1.47941793144049,8.85738634502202,-1.02925370363881,0.188328956398753,1.47941793144049,8.88673821751729,-6.07971625235161,0.836335247408788,1.47941793144049,8.85796352362305,-1.03030658502846,0.190249608374901,1.47941793144049,9.03124752790827,3.51266214881389,0.0939533805288937,-0.55541290345441,-7.29186341584025,-6.817713577745,2.12253930758898,10.5076663735377,-4.49547599201067,0.597302609601427,-4.28014121454869,0.622882438693767,3.96948055,0.07416222,-0.76,0.0253097,93.6029027641229,-137.650562399408,1329.41445044901,0.517449357152269,0.522036579960745,9.05360918894374,0.199928493583213,-1.29443591909932,-930.449435119365,-931.188479281635,-951.617417837055,-952.633166050964,0.993920632911716,-965.175576010252,1.09530525261623,1910.45411336757,1940.40126802074,NA,2521.17833849862,0.545992375412497,1.25732121957876
"95",-5.86,0.79,-5.86,0.83,1.359326,9.604077,-1.1484446,0.2002995,35,35,-5.37851052312978,0.755021615855276,-6.35253069967857,0.820973627940882,1.44257850986044,9.46736163497578,-1.14884075353539,0.197509298483292,1.44257850986044,7.9835715730975,-5.86552061140418,0.787997621898079,1.44257850986044,9.7045404610568,-1.16490040114923,0.198596715457827,1.44257850986044,8.19508820583652,2.91427761114352,0.0788295832816876,-0.463639870244509,-6.83802834285339,-7.41912349778596,2.16424248276291,8.68693359974371,-3.58294909859315,0.499225235591634,-4.7913271866093,0.632728782442112,3.89605546,0.07570815,-0.788,0.02763257,76.9410566151082,-104.326870101379,1298.02686358559,0.195882278253405,0.15554815339629,9.49489268225899,0.196982044871801,-1.32581515288725,-921.880446133809,-923.008641759104,-938.733583588043,-940.362618147857,1.60104819216064,-963.914358571119,1.91667831621954,1893.31613539646,1914.63359952271,NA,2491.7268570698,0.456182970846239,1.23750584612967
"96",-5.86,0.79,-5.86,0.83,1.359326,9.604077,-1.1484446,0.2002995,35,35,-5.55941772391185,0.660681603356624,-6.4805780859372,0.929140581795546,1.2660685737077,8.86463470167119,-1.09478800260718,0.199324644885276,1.2660685737077,9.40175880254311,-6.01999790492453,0.794911092576085,1.2660685737077,9.07676880481285,-1.15661144504912,0.217342200661393,1.2660685737077,9.8461958880525,3.34173708084639,0.0905912510221492,-0.537869275560994,-7.58098892575503,-6.90274016332094,2.03473471188109,9.58062894056823,-4.46806454570863,0.543942033154667,-4.51926206642926,0.650314965782723,7.34667411,0.15919305,-0.876,0.02087721,123.182964659791,-196.810686190744,1326.46442678449,0.129639810374774,0.127289988025079,5.73837544420425,0.135199947250078,-0.829411202106516,-898.604001137645,-901.774849290163,-917.01766432949,-919.946429443905,2.90544343397481,-951.88528643248,2.54276194556442,1846.76324540413,1871.20176100561,NA,2456.11816737823,0.502619316680279,0.897534031357597
"97",-5.86,0.79,-5.86,0.83,1.359326,9.604077,-1.1484446,0.2002995,35,35,-5.97308224397265,0.76924482062429,-6.55840574385351,0.995830891924395,1.60114576061924,5.98919997958431,-0.791597069672123,0.172300256589413,1.60114576061924,6.79892391087494,-6.26574399391308,0.882537856274343,1.60114576061924,6.0748508794625,-0.82475360774153,0.185135568516217,1.60114576061924,7.18968230096619,2.87240209939662,0.0799495707997678,-0.459458057380168,-7.34786189021851,-6.58324421092865,2.19062472894103,8.27128975459278,-4.35050169045735,0.566416677872236,-4.58385777723712,0.686277378540016,4.22070002,0.11863044,-0.829,0.02814722,70.1650219786164,-90.7748008283955,1319.41558840243,0.207177178905688,0.193750068292567,7.07489113525963,0.172704389155514,-1.05087677452146,-934.309766515034,-936.94619940761,-954.385155724694,-957.807409663842,3.40708164739925,-965.347926879081,3.42552776623841,1918.17477615891,1945.93674379602,NA,2548.05637597647,0.475982276414244,1.09466305169201
"98",-5.86,0.79,-5.86,0.83,1.359326,9.604077,-1.1484446,0.2002995,35,35,-5.5427614599702,0.712420795468502,-5.79810739556207,0.841610419742509,1.30555545773282,12.6708503475049,-1.34798095750571,0.206690905318238,1.30555545773282,11.9844953384491,-5.67043442776613,0.777015607605506,1.30555545773282,12.6871507342108,-1.35622796887547,0.210863395073252,1.30555545773282,12.1902027453359,2.73464396396202,0.0700572545810984,-0.417379670220353,-7.25608394375188,-6.74175152829413,2.07772343329594,12.920812007608,-3.9910323480324,0.51266384998655,-4.23889059475722,0.61592207890476,7.21950752,0.13799025,-0.846,0.02241663,105.987601818086,-162.419960507334,1345.5735178769,0.366047663891607,0.362150703902729,8.27655106299261,0.162751408055813,-1.11616689363622,-915.482149555596,-916.674488138637,-940.066803967851,-941.167089052707,1.0772928253039,-966.610189633852,1.08838474863267,1880.51954224003,1917.30004028233,NA,2528.72707524646,0.433073078414219,1.0866244433353
"99",-5.86,0.79,-5.86,0.83,1.359326,9.604077,-1.1484446,0.2002995,35,35,-5.52102885929524,0.752958336453013,-5.53823191571469,0.813219027694325,1.45340717551674,8.27196546201956,-1.02356504071797,0.193347506269178,1.45340717551674,8.25889840869386,-5.52963038750496,0.783088682073669,1.45340717551674,8.27203944830709,-1.02382420773579,0.194255343996398,1.45340717551674,8.33479101890858,3.22404733658258,0.0858446233686248,-0.509931556651084,-6.99283916378311,-6.65102461543462,2.16844583781328,9.15608589809097,-3.50944460463344,0.481476024364488,-3.94679655904088,0.569759322350887,4.69978788,0.11408335,-0.83,0.02757477,68.0953378870499,-86.6354326452625,1267.81402209392,0.698351942756481,0.61749209524316,7.72402499727006,0.176409297604984,-1.12686598155117,-923.823277501371,-924.21557349121,-942.678927996666,-943.250359743712,0.557377051437881,-966.04506378874,0.631325168724772,1897.20179813158,1922.52428833996,NA,2448.99261154258,0.494367657711374,1.07988814242004
"100",-5.86,0.79,-5.86,0.83,1.359326,9.604077,-1.1484446,0.2002995,35,35,-5.1457536609349,0.725425984108215,-4.70018342528922,0.700506972125181,1.30819252024007,10.310893613681,-1.33745301300971,0.25045499842154,1.30819252024007,10.4354317602272,-4.92296854311206,0.712966478116698,1.30819252024007,10.3605268224043,-1.34022880552004,0.250610237711092,1.30819252024007,10.495529692114,3.18528175408434,0.07987806475444,-0.486750433290314,-6.78159459615141,-6.48448538561257,2.29493517198917,9.5268348491574,-3.27719992450015,0.467711794744314,-3.6255776274114,0.541355429617411,7.10331009,0.17988033,-0.871,0.02678822,60.4578086622311,-71.3603741956247,1257.62507399476,0.822098700049767,0.798545893381559,5.90048024494464,0.133914630826897,-0.849987691766978,-914.287494437476,-914.55065031049,-931.66841727664,-932.035332974679,0.357368174109569,-981.189976585038,0.434821450675096,1878.13023200379,1900.50326689991,NA,2443.88977379389,0.474817075850769,0.852662713588714
"101",-5.86,0.79,-5.86,0.83,1.359326,9.604077,-1.1484446,0.2002995,35,35,-6.35687653098195,0.837779084413126,-5.57849407104824,0.714274331958342,1.34169448479411,9.98177387319216,-1.11465066292859,0.188941883173376,1.34169448479411,10.1384770522827,-5.96768530101509,0.776026708185734,1.34169448479411,10.1332436866753,-1.1386841461859,0.192755239143106,1.34169448479411,10.1649250801939,3.19095304811706,0.0869757529222528,-0.509177068118402,-7.32334676817254,-7.28077366406274,2.06151401335236,11.2181712034355,-4.34393438903385,0.579128010354834,-3.8817267476313,0.50759656618733,5.103668,0.10575454,-0.841,0.02440421,97.6059496772881,-145.656656225739,1330.34880212172,0.796974016896808,0.781513378110275,9.01406721052027,0.173424890461419,-1.19203320860842,-913.808179537043,-914.314815047443,-936.021939560506,-936.187955741407,0.161464254899185,-960.125195642225,0.00856298330806983,1877.17160220292,1909.21031146764,NA,2515.04094801769,0.504235365801038,1.21225392602529
"102",-5.86,0.79,-5.86,0.83,1.359326,9.604077,-1.1484446,0.2002995,35,35,-5.1235563343069,0.776107597475498,-5.77714507355522,0.794644898535064,1.30885660105166,7.64059352086862,-1.12578296148227,0.22822735438022,1.30885660105166,7.77324657280349,-5.45035070393106,0.785376248005281,1.30885660105166,7.74738808088669,-1.12881190428942,0.228313262262863,1.30885660105166,7.97105090112607,3.53796048487576,0.0918838354462721,-0.554616915547752,-6.45744933195275,-7.0005976283821,2.12189067404633,7.2941505050769,-3.36610764094793,0.512284500536862,-4.25626134095263,0.598851693670842,4.3098687,0.1421395,-0.883,0.0265391,78.760049569225,-107.964856009613,1218.47766240844,0.20153837738439,0.162240443242346,6.72138221478673,0.144086081686914,-0.944594510169215,-898.943815730388,-900.100274140278,-913.242079725558,-914.802792578735,1.53314901323209,-953.639491109973,1.99475190742121,1847.44287458961,1863.65059179774,NA,2328.99046880726,0.524528681025561,0.926761143463612
"103",-5.86,0.79,-5.86,0.83,1.359326,9.604077,-1.1484446,0.2002995,35,35,-6.05304162742512,0.772668793488731,-7.14590807552702,0.834480125757487,1.59612494711617,7.98396672938036,-1.04664330281869,0.189083730377421,1.59612494711617,5.93029284648494,-6.59947485147607,0.803574459623109,1.59612494711617,8.28255599772707,-1.06353118560594,0.190038890576631,1.59612494711617,6.22345214338027,3.28075211153727,0.0885181118331333,-0.522506766531776,-7.40742212936546,-8.132032654717,2.27357837961724,6.54992176970311,-4.07637272218041,0.524301897408902,-4.7890677464818,0.552611088995524,5.00719195,0.13746898,-0.914,0.02723825,90.7413055666788,-131.92736800452,1397.08315648881,0.102244852005541,0.098524591054059,10.3142355022273,0.174347071619391,-1.2831117841942,-932.313654953875,-934.357410620694,-945.349828166587,-948.249991498197,2.87647760786811,-967.265650730207,3.64002071571148,1914.18255303659,1927.8660886798,NA,2662.23894497311,0.507844692307847,1.31160190414596
"104",-5.86,0.79,-5.86,0.83,1.359326,9.604077,-1.1484446,0.2002995,35,35,-6.39389728091696,0.87527053642719,-5.99028959645031,0.818452035892279,1.41223130631726,8.78827729916595,-1.25526409923527,0.246046811883517,1.41223130631726,7.90465159838811,-6.19209343868364,0.846861286159735,1.41223130631726,8.82900208990608,-1.26099719509421,0.246853897384276,1.41223130631726,7.91235761808969,3.37899496878853,0.0997782413887844,-0.564405771263959,-7.1370031486638,-7.07190538747139,2.21320142008984,7.74936264999343,-4.46174808688967,0.607116356525927,-4.28529362258446,0.5918390883529,3.97058282,0.11900183,-0.844,0.02712427,80.2837983456109,-111.012353562384,1305.95361022702,0.943217921459636,0.942655757492674,8.71039139907514,0.187796595739433,-1.23981070873388,-919.081183268768,-919.202285343932,-932.906927069983,-932.96747835625,0.0588466975847496,-965.832029343688,0.026042442199378,1887.71760966637,1902.98028648659,NA,2500.89486689167,0.560069407471191,1.15845009295801
"105",-5.86,0.79,-5.86,0.83,1.359326,9.604077,-1.1484446,0.2002995,35,35,-6.21384788845989,0.897385249262829,-5.27545662620942,0.776927492787573,1.2151463893527,10.2168168528283,-1.26425345682248,0.222369081989103,1.2151463893527,10.3989018531109,-5.74465225733465,0.837156371025201,1.2151463893527,10.4369613930953,-1.29251258335915,0.225996599762866,1.2151463893527,10.4605246563518,2.62853117007491,0.0634912387916073,-0.389421409815419,-6.82520001975209,-6.60446489975008,1.96339897100767,10.4770213241177,-4.67228884138483,0.670366646507929,-3.70647543249433,0.545685018197692,5.33091644,0.13541622,-0.831,0.02191211,109.298420051406,-169.041596973975,1259.60310635539,0.400484383749224,0.342521890185377,7.77972255389056,0.163758816280549,-1.10195374952145,-895.761292302319,-896.357814670334,-913.367888692999,-913.745291570891,0.367610027210003,-945.987921790578,0.257307288196256,1841.07782773348,1863.90220973263,NA,2350.16461573681,0.399840709035496,0.992053682304909
"106",-5.86,0.79,-5.86,0.83,1.359326,9.604077,-1.1484446,0.2002995,35,35,-6.33453883706609,0.820681978502168,-6.34933136645755,0.858923095685765,1.15404561689949,9.31688885894844,-1.09826689081562,0.211292831001404,1.15404561689949,12.9408173604091,-6.34193510176182,0.839802537093966,1.15404561689949,9.3169435636799,-1.0984083115281,0.211658426762267,1.15404561689949,12.9780447469861,2.88766689926211,0.067621253259306,-0.4254499079185,-7.40286920705928,-7.18983105591761,1.85727824965032,13.6806270466923,-4.03488790304973,0.520089422725063,-4.7006216209852,0.637948573495545,5.7301282,0.1486815,-0.849,0.0226588,107.329974327387,-165.104705525936,1373.87523266559,0.615247884457696,0.556447362374769,8.4509446584687,0.159177407575525,-1.10781620120011,-890.900670293259,-891.030550399268,-914.8194096022,-915.006087597514,0.181586360526349,-940.990853856868,0.198079783027911,1831.35658371536,1866.80525155103,NA,2582.64575980525,0.414418667753385,1.11934215985408
"107",-5.86,0.79,-5.86,0.83,1.359326,9.604077,-1.1484446,0.2002995,35,35,-4.38402201495673,0.638588523678175,-4.96020556731359,0.699655522069797,1.43681666347234,9.21133962714031,-1.02537049276642,0.176565708551753,1.43681666347234,9.03528444350424,-4.67211379113516,0.669122022873986,1.43681666347234,9.29433649864194,-1.03416694278268,0.177498003124894,1.43681666347234,9.068516395089,2.48456608201391,0.0654807851939523,-0.388807295426938,-6.53721806850201,-6.74958024673734,2.28719192068716,9.60764028935512,-2.72207072757009,0.396519380992061,-3.57574608557118,0.52140126455683,4.50176387,0.08742096,-0.823,0.0301622,49.8275187377768,-50.0997943467163,1227.91440439091,0.425010969619505,0.34799635768178,6.91777133732296,0.151436902202022,-0.968521989959501,-923.517944820159,-923.764656898875,-945.502748110598,-945.734170889644,0.22518272605883,-980.629572848604,0.221197345892505,1896.59113276916,1928.17192856782,NA,2405.7290144351,0.386086935999863,1.0176651371934
"108",-5.86,0.79,-5.86,0.83,1.359326,9.604077,-1.1484446,0.2002995,35,35,-5.54907621333499,0.782262594266528,-5.97863573633421,0.861469218159686,1.3748089266578,9.2451189447415,-1.18597029860619,0.210067705808942,1.3748089266578,7.90103213424612,-5.7638559748346,0.821865906213107,1.3748089266578,9.29124929069133,-1.19447628850067,0.21163612812608,1.3748089266578,7.91231424379822,3.33325336537162,0.0822592095993926,-0.506604775709058,-6.84629933282725,-6.80396628695429,2.09595777522108,8.23911088862201,-3.87372137253829,0.547237281816772,-3.97124138254407,0.576574344951825,4.63049176,0.11693442,-0.859,0.02844471,64.0715443187909,-78.5878455087444,1247.6414240947,0.933350625540805,0.931074444688978,8.14407526947334,0.172311649467962,-1.15009675254231,-911.605799679352,-911.798151103233,-926.298704043835,-926.387373264933,0.0861903920772575,-954.403081367283,0.0110126867725059,1872.76684248754,1889.7638404343,NA,2416.69500268065,0.486233233732804,1.06570618762711
"109",-5.86,0.79,-5.86,0.83,1.359326,9.604077,-1.1484446,0.2002995,35,35,-5.7800210527672,0.798485577895884,-5.77448052725563,0.781579577892093,1.42638900769302,13.3147731924329,-1.53343945002603,0.220938831650292,1.42638900769302,8.45663797316407,-5.77725079001141,0.790032577893989,1.42638900769302,13.3147808667886,-1.53346286705712,0.221010284859325,1.42638900769302,8.46264067948808,3.32674540657051,0.0800244569197621,-0.499310601286301,-6.98059183381419,-7.07577288156275,2.21192449994335,8.77573060817726,-3.94363604377058,0.546734981993162,-3.99257469893509,0.547352336658049,6.75276296,0.13081354,-0.9,0.02966348,52.8723903668576,-56.1895376048779,1278.18075159683,0.988137846051985,0.973899549513403,8.84574939467049,0.163850689582508,-1.1695392504803,-921.919683189539,-921.962359959289,-939.560855982132,-939.605275165812,0.0431637576896385,-969.57290387235,0.0498572591116317,1893.39460950791,1916.28814431089,NA,2500.17196558878,0.476291604936694,1.08989402688055
"110",-5.86,0.79,-5.86,0.83,1.359326,9.604077,-1.1484446,0.2002995,35,35,-5.26586561456556,0.732153397283609,-5.00103436486152,0.755126012294244,1.38472782440057,7.91493561679666,-0.890584302480502,0.152873774167198,1.38472782440057,7.88016808713137,-5.13344998971354,0.743639704788926,1.38472782440057,7.93246951450158,-0.889063335894939,0.153005709427305,1.38472782440057,7.98297722409353,2.84070459963449,0.0726840707177633,-0.438972460010122,-6.86162636293452,-6.45993021761641,2.03285864849027,9.079661059614,-3.72934576485926,0.50510735423263,-3.59194345574772,0.547971595490584,4.47906396,0.07787658,-0.842,0.02955984,60.4391353622401,-71.3230275956428,1213.77677713473,0.335462157420988,0.310373817479831,6.48077952942697,0.153879776996542,-0.952744816853806,-907.328191663334,-907.822501979102,-927.89569815323,-928.701459840202,0.787262273059614,-949.961604471935,0.937106994596104,1864.21162645551,1892.95782865309,NA,2356.23052667381,0.427907105650564,0.9716486173019
"111",-5.86,0.79,-5.86,0.83,1.359326,9.604077,-1.1484446,0.2002995,35,35,-5.77454095610538,0.793742052102323,-6.57885312637771,0.937776673552109,1.27315590633981,8.3917619258757,-1.05560242111014,0.234869440462003,1.27315590633981,13.0496021974733,-6.17669704124155,0.865759362827216,1.27315590633981,8.55349144268774,-1.08456462085329,0.240055933506049,1.27315590633981,13.0878059929494,3.08820014562778,0.0884246277371414,-0.506684790514133,-7.00337243634913,-6.94956360383569,2.03788934317816,13.8809428240576,-4.03881334467659,0.555630538363312,-4.52649069345037,0.651382168074778,3.96486624,0.11588956,-0.756,0.02278168,106.144062349993,-162.732881571149,1366.51468722081,0.684920781633541,0.624749249840523,9.2046779423413,0.211085003261392,-1.33462783124642,-913.04077409412,-913.653402624442,-939.42866901185,-939.618755270582,0.184906167153753,-964.201815849092,0.0113616930917659,1875.63679131708,1916.02377037033,NA,2570.29649287046,0.50267813058241,1.33187988121298
"112",-5.86,0.79,-5.86,0.83,1.359326,9.604077,-1.1484446,0.2002995,35,35,-5.59870422473658,0.785582152851944,-5.35617867110823,0.807558619467768,1.27074075963721,6.69471868631021,-0.685277264546574,0.136862864723429,1.27074075963721,10.2868377179127,-5.47744144792241,0.796570386159856,1.27074075963721,6.7094233473509,-0.683944800863375,0.136983605994658,1.27074075963721,10.3837172960275,2.72022084591229,0.0768469632782964,-0.44449472294442,-6.87615027317849,-6.50269461829921,1.7992793202425,12.8840214257969,-4.21806111229485,0.599031502896743,-4.01133864101006,0.609139840934237,3.8145575,0.08865672,-0.736,0.02603255,81.7961692062066,-114.037095283576,1272.1792732166,0.742221329479589,0.746103050746945,5.65197071684005,0.123174901752713,-0.797090512921398,-894.86805491952,-895.211326045452,-923.636489691508,-924.234764567904,0.583672014824131,-931.265354448454,0.664371780882886,1839.29135296788,1884.43941172964,NA,2430.32145114963,0.433138674013859,0.800704571575934
"113",-5.86,0.79,-5.86,0.83,1.359326,9.604077,-1.1484446,0.2002995,35,35,-5.53318740989866,0.790468480675299,-5.19152630154398,0.75480981362476,1.30969704210821,8.58073623755486,-1.00489139882092,0.159837292452827,1.30969704210821,7.17883271163528,-5.36235685572132,0.772639147150029,1.30969704210821,8.60991931579539,-1.00793719374765,0.160155177586782,1.30969704210821,7.19214537313393,2.40819154073898,0.0628870686752594,-0.372280552650089,-6.78152198160315,-6.65230598414899,1.93744642476314,7.91488151130215,-3.99378309285112,0.574975581841614,-3.60394719543916,0.526682456512278,4.73793643,0.09316344,-0.859,0.02873022,63.4109279891862,-77.2666128495351,1187.94316293736,0.850693606363824,0.817375370178987,6.65491138882919,0.145948104661882,-0.96003223578827,-891.865057282256,-891.964888786733,-908.48832408099,-908.602170242837,0.110683396252916,-933.886003261788,0.115036127325823,1833.28535769335,1854.14308050861,NA,2298.61971302518,0.382369902400351,0.875683926079334
"114",-5.86,0.79,-5.86,0.83,1.359326,9.604077,-1.1484446,0.2002995,35,35,-6.02183871717246,0.814166257241581,-5.72843236209883,0.837817954699824,1.29117744000819,8.86680008511241,-1.04304986319026,0.181041595690052,1.29117744000819,9.010914569229,-5.87513553963564,0.825992105970702,1.29117744000819,8.88832190741183,-1.04131497360463,0.181181446388216,1.29117744000819,9.13970833499896,2.05762784951691,0.0588129196134255,-0.33269778201379,-7.12898806836425,-6.69467102017974,1.91777727282816,10.1283917816096,-4.3519095135128,0.600496620287454,-4.1260400775077,0.599219653484627,4.93446048,0.10351942,-0.844,0.02499417,91.331473965545,-133.107704802253,1264.76823605642,0.774556066235322,0.751557750355737,7.26414724090144,0.153118315473604,-1.01229974368599,-899.788084620694,-900.337057853797,-919.148061935783,-920.042891481999,0.874842754055349,-939.14824642923,1.05179267261535,1849.13141237022,1875.46255621819,NA,2396.42876731059,0.351897108052844,0.992820343522035
"115",-5.86,0.79,-5.86,0.83,1.359326,9.604077,-1.1484446,0.2002995,35,35,-4.80471985354856,0.667256889041175,-5.0510766855389,0.751363454471403,1.18287501271099,9.4458953762994,-1.36723972029203,0.269332945233976,1.18287501271099,10.0559065317857,-4.92789826954373,0.709310171756289,1.18287501271099,9.46106829846647,-1.37241977704428,0.271101423821093,1.18287501271099,10.1171951665869,2.13857657957864,0.0579509557394483,-0.33761266562947,-6.78711720476864,-6.53238888416588,2.23659651947215,8.02447273159495,-3.53871590917681,0.489279412242811,-3.75649679303508,0.553856476287294,7.06047954,0.20593294,-0.9,0.02259037,95.5553629381013,-141.555482747365,1215.19956898121,0.790904208413805,0.782425330413839,4.42302371630633,0.10378610885887,-0.644746210551559,-890.28842949174,-890.594256645019,-904.634660189622,-905.021634950353,0.376959334315984,-969.491832413197,0.382553292698724,1830.13210211232,1846.43575272587,NA,2288.84365521505,0.346352292703892,0.664369468761019
"116",-5.86,0.79,-5.86,0.83,1.359326,9.604077,-1.1484446,0.2002995,35,35,-6.67360312839493,0.825606644288969,-5.17043012771526,0.743119700446152,1.30191851358552,10.1785661062793,-1.13715014432246,0.166238459867178,1.30191851358552,7.9351253667058,-5.92201662805509,0.78436317236756,1.30191851358552,10.7434483737724,-1.16814818104574,0.16793948384331,1.30191851358552,8.63469447378386,3.44489608847417,0.0838362942585378,-0.522204813789146,-7.71259361398521,-6.70085647959,1.93734434545036,8.81142062897102,-4.8109787604487,0.596917871367866,-3.97491938897068,0.571857202519304,6.77357969,0.12490617,-0.888,0.02292921,110.826812136253,-172.098381143668,1297.51981548481,0.089181101324346,0.0814158081858593,6.77453440120412,0.119641451544659,-0.859806521710297,-894.047246768518,-897.226048899065,-913.219738116734,-918.496366945803,5.3240102773003,-937.226973572067,6.40831170361659,1837.64973666587,1863.6059085801,NA,2422.94124982596,0.489005980305303,0.878191781322747
"117",-5.86,0.79,-5.86,0.83,1.359326,9.604077,-1.1484446,0.2002995,35,35,-6.02154346249159,0.799949307833907,-6.33323466705875,0.951381625519763,1.31063563902257,10.915820085501,-1.33590187143982,0.226247488530683,1.31063563902257,9.6220164656536,-6.17738906477517,0.875665466676835,1.31063563902257,10.9401079372522,-1.3477019018173,0.231980425240611,1.31063563902257,9.89369459098331,2.35836180082165,0.0643279026958781,-0.376758598826941,-7.21339371933697,-6.62289036124433,2.04384952482095,10.0135531399439,-4.40828722474365,0.600461451896233,-4.201729779367,0.628442084753811,3.11661106,0.06752499,-0.703,0.02378386,106.843445677458,-164.13164822608,1295.15892218271,0.512149485964458,0.492797888678418,11.4648750482483,0.254013373218345,-1.66414812072077,-910.190852210366,-911.753882755636,-926.960401159539,-928.728270186624,1.73922838306239,-954.383900552015,1.84338196774245,1869.93694754957,1891.08723466571,NA,2426.18619613934,0.371740074867831,1.51067958184916
"118",-5.86,0.79,-5.86,0.83,1.359326,9.604077,-1.1484446,0.2002995,35,35,-5.50195652214688,0.716711319784484,-5.77743871386279,0.83152062681072,1.40795590190522,8.90041104453246,-1.12375644445207,0.201934985384941,1.40795590190522,7.9319773489254,-5.63969761800484,0.774115973297602,1.40795590190522,8.9193836540206,-1.13166342433432,0.205230279629902,1.40795590190522,8.05650028645049,2.90050759243502,0.0824866258850523,-0.474795949013954,-7.18971717231211,-6.78119522194863,2.16728857517041,8.29892614601447,-4.08607456550155,0.532251069068026,-4.17776808516611,0.596120103292014,6.13264762,0.12808195,-0.879,0.02776634,67.7372460579841,-85.9192489871308,1269.68602554966,0.506777687194983,0.496539243893865,6.24017677478415,0.150152293671803,-0.92375956104358,-916.316968905798,-917.150554090225,-932.378566838328,-933.347714426965,0.948005063260171,-962.828179683082,0.985435525088397,1882.18918094043,1901.92356602328,NA,2453.45280211219,0.467327950712743,0.942851192140206
"119",-5.86,0.79,-5.86,0.83,1.359326,9.604077,-1.1484446,0.2002995,35,35,-6.1802644148445,0.856351748438218,-5.81747770767417,0.814447905534771,1.41919755641328,5.84352886632901,-0.493694730825044,0.100799652796231,1.41919755641328,9.35864283073911,-5.99887106125934,0.835399826986495,1.41919755641328,5.87643241505388,-0.497495270121225,0.10123863580875,1.41919755641328,9.36928396289427,2.86862977399651,0.0796080953383886,-0.465604161796146,-7.0360835258184,-6.92294907121722,1.79947110165745,13.5546008464312,-4.11961117897634,0.573220405600857,-4.10191479511568,0.586304007161668,3.00031663,0.0803037,-0.689,0.02425423,99.5028117971674,-149.450380465497,1312.73680948945,0.958278718293794,0.952691384158035,7.82351691446997,0.150682300905309,-1.04967322482987,-911.072711377039,-911.202783447884,-944.699811822872,-944.771683874883,0.0698544199635939,-932.942365007195,0.0581556026192374,1871.70066588292,1926.56605599237,NA,2476.0232385134,0.445967282672509,0.997455269144813
"120",-5.86,0.79,-5.86,0.83,1.359326,9.604077,-1.1484446,0.2002995,35,35,-4.89481333486734,0.688718593611133,-5.1248714816201,0.662500000333406,1.29242368911559,11.9825022853232,-1.53051891982402,0.234707309047002,1.29242368911559,7.23770317544538,-5.00984240824372,0.675609296972269,1.29242368911559,11.9957339730451,-1.52901096957903,0.234879162705367,1.29242368911559,7.33989573020707,2.94458583718595,0.0745400518278753,-0.457236732001106,-6.74934740390088,-7.13560914482185,2.30023475723251,5.88097897541279,-3.62363050525022,0.504737580184715,-3.29241611295589,0.425236771263306,5.7198227,0.1131233,-0.909,0.0307537,50.4911544291876,-51.4270657295379,1190.58538202856,0.581577733556721,0.561364205413479,7.61813114895124,0.160543583970567,-1.07364247574688,-895.386487749674,-896.027479896375,-905.737615432608,-906.600655911421,0.843571754868346,-966.874254578575,1.12172902160586,1840.32821862819,1848.64166321184,NA,2329.74369832758,0.422419596201689,0.995000012386616
"121",-5.86,0.79,-5.86,0.83,1.359326,9.604077,-1.1484446,0.2002995,35,35,-5.27306538859181,0.765025867869363,-5.96824025358626,0.857443744637206,1.10340824842477,13.578539257443,-1.75557941476635,0.29850180482227,1.10340824842477,12.7303107868082,-5.62065282108903,0.811234806253285,1.10340824842477,13.6993562806731,-1.77164106101764,0.300637070808839,1.10340824842477,12.7640883043446,2.28996391219488,0.0612937975252078,-0.359091965797239,-6.6729804636139,-6.81755353378224,2.09984321308689,10.3769143829683,-4.09909198067074,0.602733958748313,-4.41509599996758,0.649667926879622,8.68047669,0.20065495,-0.897,0.02254936,95.649779607642,-141.744316086447,1273.86553599212,0.933420346674411,0.916521401863265,6.66460562731962,0.142038943015965,-0.933624456695682,-888.584469610627,-888.848776085086,-902.761221465162,-902.93321485256,0.167284719781115,-962.141756922401,0.104114306427311,1826.72418235009,1842.68887527695,NA,2405.98675589779,0.368000544373703,0.917110808905308
"122",-5.86,0.79,-5.86,0.83,1.359326,9.604077,-1.1484446,0.2002995,35,35,-6.81977777375649,0.88317949032296,-5.87252363431518,0.8802601164078,1.31149840105579,9.81965676938127,-1.21594810570249,0.21278265328713,1.31149840105579,9.13802737053489,-6.34615070403584,0.88171980336538,1.31149840105579,10.0439793705535,-1.21663945295892,0.212784783973144,1.31149840105579,9.71491001572904,2.42903609861701,0.0642288774639004,-0.379190581082849,-7.51576414079085,-6.58590287569021,1.98347910685596,9.83823045453415,-4.81577913289471,0.627768829670604,-4.27462476337485,0.637087915548007,6.29645085,0.12856528,-0.869,0.02093698,123.92831989334,-198.301396657842,1316.66247268204,0.165002757258471,0.148147947222893,8.10270099942847,0.172660067445016,-1.12611658880082,-906.992017275905,-909.382592547297,-923.857145841514,-927.73114121679,3.86939376265784,-946.476516910925,4.78627076675156,1863.53927768065,1884.88072402966,NA,2435.02354870623,0.384338297034907,1.14861213547726
"123",-5.86,0.79,-5.86,0.83,1.359326,9.604077,-1.1484446,0.2002995,35,35,-5.40885929750226,0.744390893760191,-6.04653016354141,0.812255914387473,1.32653005441849,10.0060786965087,-1.17286269196143,0.21012528353776,1.32653005441849,10.6142152577855,-5.72769473052183,0.778323404073832,1.32653005441849,10.1077347298575,-1.18368157858072,0.211276698793945,1.32653005441849,10.6578484752086,3.951601363087,0.0985608894316408,-0.610276728190897,-6.93171220855841,-7.16506084311892,2.0981995527304,11.2728154149662,-3.89182283898526,0.533368366639122,-4.1409096233804,0.554856555683891,5.5331848,0.13233002,-0.847,0.02258878,106.80500145187,-164.054759774902,1309.45118359844,0.913452118912303,0.912262801684491,7.91770493007277,0.160461348191557,-1.08070488031314,-914.980528424983,-915.273006832239,-936.16477240938,-936.427261274454,0.255467865793528,-964.602922516408,0.25163236347911,1879.5162999788,1909.49597716539,NA,2454.84760742199,0.556168279082771,1.06609041862995
"124",-5.86,0.79,-5.86,0.83,1.359326,9.604077,-1.1484446,0.2002995,35,35,-6.45678752948736,0.845725557553093,-6.1554048215144,0.824365126242768,1.44450588724817,7.94490011437022,-1.08032370713821,0.19928908864794,1.44450588724817,6.42620345719053,-6.30609617550088,0.835045341897931,1.44450588724817,7.9676079985365,-1.08193312329616,0.199403155654381,1.44450588724817,6.44527081671236,2.57714585156014,0.0671418406978878,-0.40390573401181,-7.3759147360174,-7.20179195035655,2.11600716429703,6.7819572026558,-4.21295855118357,0.550941161720904,-4.66904323794091,0.625619895076165,5.3899932,0.1462188,-0.908,0.0272044,80.1314677156272,-110.707692302417,1295.47138742623,0.820348819899828,0.766023444366646,7.67985465861379,0.149800318455841,-1.03743040636669,-913.317810507069,-913.457517454757,-925.73390655733,-925.91340670282,0.174595330569509,-950.728227338056,0.219104956729641,1876.19086414298,1888.63424546129,NA,2480.23508255004,0.385784581431837,0.982365638662918
"125",-5.86,0.79,-5.86,0.83,1.359326,9.604077,-1.1484446,0.2002995,35,35,-6.52439833808944,0.909677406490129,-5.69359812865162,0.788676080064004,1.28044706134229,9.85577609652038,-1.27738134924567,0.24683340122977,1.28044706134229,10.9975431705562,-6.10899823337053,0.849176743277067,1.28044706134229,10.0283333435209,-1.30251333107993,0.250493731478991,1.28044706134229,11.0312097418859,2.96599692765054,0.0832378285920617,-0.482563225868727,-7.06251697746062,-6.95261135937904,2.09011721272848,10.9875972777255,-4.53520392322202,0.64019679029378,-4.05910400290946,0.567907388063505,4.58966387,0.14166847,-0.825,0.02340048,102.695130751598,-155.835018374359,1330.98829805946,0.794553536031165,0.77739733820815,9.09047922138168,0.180919295267925,-1.24276681437426,-910.841233254812,-911.324506850916,-929.775288271391,-929.971441733351,0.190816304461291,-962.834356726119,0.0573698825894734,1871.23770963846,1896.71700888941,NA,2506.14157774456,0.471447745861564,1.16389257135715
"126",-5.86,0.79,-5.86,0.83,1.359326,9.604077,-1.1484446,0.2002995,35,35,-5.79386966955895,0.757845418623959,-4.72552830220514,0.702914658525758,1.49989863398622,7.46959900700693,-0.788754380841737,0.128791855754957,1.49989863398622,6.92989175096031,-5.25969898588205,0.730380038574858,1.49989863398622,7.75493732630678,-0.803425581680012,0.129546202856198,1.49989863398622,7.25474905600196,2.87266854076074,0.0722486082135431,-0.439943659472104,-7.23656400310166,-6.49548588999042,2.09918048408299,8.52674120114321,-3.85658502926463,0.509234915407484,-3.60724525833599,0.537986715068079,4.38172648,0.10293128,-0.836,0.03025834,52.8087775991454,-56.0623120694534,1239.50708587723,0.364465802039594,0.349617501359249,7.10162466071714,0.127376467287438,-0.915182973242612,-917.675955361442,-919.41424125512,-939.547032697105,-942.357483199983,2.78569965853028,-955.852496643239,3.2679905188085,1884.90715385172,1916.26049774084,NA,2422.951859685,0.427889592205024,0.899043005814404
"127",-5.86,0.79,-5.86,0.83,1.359326,9.604077,-1.1484446,0.2002995,35,35,-6.57275376311758,0.899617087982551,-5.72265522375347,0.812711392444635,1.48171365993993,10.1869624374374,-1.02833628357452,0.166374801272679,1.48171365993993,10.0670040782682,-6.14770449343552,0.856164240213593,1.48171365993993,10.3676293190947,-1.04680588478432,0.168262951251911,1.48171365993993,10.1435551435954,2.9291832645897,0.0624205570237674,-0.408601958053525,-7.17080917685017,-6.83847228293038,2.04161615150217,12.8892577954655,-4.71155001616193,0.647701248536104,-4.444064334864,0.653608538553195,6.56334484,0.13677031,-0.819,0.02403265,89.3629255005894,-129.170607872341,1360.01149595792,0.720681745783954,0.735383199648565,7.44587367715249,0.137920933613299,-0.980199633891825,-933.282834605478,-933.764825552879,-959.891474166543,-960.374001034765,0.470359675069533,-962.235654208455,0.463501285368966,1916.12091233979,1956.94938067971,NA,2590.8523840435,0.409566705492804,0.933579799115704
"128",-5.86,0.79,-5.86,0.83,1.359326,9.604077,-1.1484446,0.2002995,35,35,-6.13611049961642,0.836673409910893,-6.02263482783841,0.837774691672788,1.38806355175231,9.14853706151063,-1.06402373596958,0.194538258058926,1.38806355175231,9.75658484560344,-6.07937266372742,0.83722405079184,1.38806355175231,9.151756243532,-1.06399249379765,0.194538561264306,1.38806355175231,9.76566975348975,2.63803550469037,0.0656339795635253,-0.404688807723856,-7.10916805937614,-6.98913123583924,2.04303422418209,11.2439667608934,-4.65741465444278,0.649208541189885,-4.76003512183459,0.655233581421899,5.13815999,0.11983992,-0.828,0.02395714,100.017914007619,-150.480584886401,1323.5250368043,0.978314142827175,0.992765811582934,7.42569888904921,0.15248603201935,-1.01557552751472,-920.261026176334,-920.29643039061,-941.904012690225,-941.963109062948,0.0574321446013313,-957.992883559517,0.0685453765394194,1890.07729548151,1920.97445772708,NA,2496.56948872219,0.379031431676588,1.02384404091063
"129",-5.86,0.79,-5.86,0.83,1.359326,9.604077,-1.1484446,0.2002995,35,35,-6.21980887454883,0.826246849674245,-6.85977794091517,0.90175170350142,1.49234168578683,7.51346779985915,-0.848586968629702,0.150702168415513,1.49234168578683,7.35027987754109,-6.539793407732,0.863999276587832,1.49234168578683,7.61585790133561,-0.860667161332179,0.152127414153379,1.49234168578683,7.37996533953315,2.18103744311675,0.0580295794645473,-0.34286845225736,-7.25498518211946,-7.4451158677604,1.99793436624611,9.38634298962184,-4.43097568540781,0.580444163308385,-4.57090916713061,0.596112251486962,4.31653518,0.07545424,-0.824,0.02733922,83.5968134742956,-117.638383819754,1344.30529864269,0.980602425901662,0.967470284531456,9.16584538060082,0.196541426775293,-1.30083766248568,-921.350822880751,-921.687466528752,-941.925424663684,-942.173835191231,0.241741767349535,-946.764981529155,0.207303919124794,1892.25688889034,1921.017281674,NA,2570.97221346564,0.341702630394971,1.2163915724653
"130",-5.86,0.79,-5.86,0.83,1.359326,9.604077,-1.1484446,0.2002995,35,35,-5.8286406113684,0.874367326513944,-5.92118494467956,0.843242502765585,1.48350448899474,7.18989598403499,-0.808949146970126,0.146026368484354,1.48350448899474,7.32538649896334,-5.87491277802398,0.858804914639764,1.48350448899474,7.19203709744199,-0.808229040454322,0.146268557147696,1.48350448899474,7.37241416317202,2.46228640418673,0.061842716883771,-0.376318780037518,-6.57712757005489,-6.85510554909395,1.97600276315064,9.43609669086854,-4.51250000814962,0.675669205140421,-4.19437987462962,0.592751302433645,2.65224995,0.03937282,-0.667,0.03085798,60.558703061511,-71.5621629941846,1258.16212275773,0.533610717196486,0.519792400684572,8.56088449743966,0.204029527149138,-1.28632976877431,-919.241010415227,-919.494271724346,-940.261304286367,-940.655601148001,0.384112036911215,-944.22797283452,0.4459047575036,1888.03726395929,1917.68904091936,NA,2444.76208252127,0.368364137719647,1.19004415245474
"131",-5.86,0.79,-5.86,0.83,1.359326,9.604077,-1.1484446,0.2002995,35,35,-5.56948544180239,0.798662908950697,-5.65797150515533,0.84357173733497,1.27025113020037,10.6842220235652,-1.13615274895871,0.160629253500006,1.27025113020037,8.97111955910531,-5.61372847347886,0.821117323142833,1.27025113020037,10.6861794694172,-1.13714620031709,0.161133454216718,1.27025113020037,8.99673628832352,3.30764155944913,0.0855248780729633,-0.516944884841805,-6.76899973031273,-6.58993061520129,1.84254215598982,10.5088474128947,-4.18849091892863,0.597587911546957,-4.41008379929682,0.657398245658197,8.19222745,0.12756822,-0.912,0.02364909,97.2891974220332,-145.023151715229,1228.39256146574,0.69473585505195,0.703000630265433,5.06346133409814,0.117535840846205,-0.741830581970708,-892.012689585986,-892.226344512145,-914.865964405608,-915.04557027243,0.174698295062375,-930.519769090618,0.179944704813751,1833.58062230081,1866.89836115784,NA,2311.76197121624,0.490339964580053,0.726113555595214
"132",-5.86,0.79,-5.86,0.83,1.359326,9.604077,-1.1484446,0.2002995,35,35,-5.40102505433687,0.779941547949408,-6.82488647944847,0.943432278552709,1.35083698610107,9.97242967000533,-1.28541719881868,0.217683890483825,1.35083698610107,7.60603903977753,-6.11295576689267,0.861686913251059,1.35083698610107,10.4792750094855,-1.34361423498602,0.224366195232126,1.35083698610107,7.78108131449314,2.65766881995656,0.0636314359322698,-0.397879056384131,-6.71207636716981,-7.16190232581272,2.07236755973548,7.70001225571444,-3.96745252765241,0.575187390152084,-4.48821538175279,0.622012897534278,5.09440268,0.13214253,-0.881,0.02880067,61.8795431622984,-74.2038431957595,1258.95362968058,0.629840974333655,0.574754683765263,9.33328117599931,0.181201833488302,-1.26954605967589,-906.965814596911,-908.438045660766,-919.629848782759,-921.039325793087,1.38308397459575,-949.525703551066,1.3355167521133,1863.48687232266,1876.42612991215,NA,2443.7034161654,0.379595623188634,1.14708885458834
"133",-5.86,0.79,-5.86,0.83,1.359326,9.604077,-1.1484446,0.2002995,35,35,-6.38384574879724,0.849468624263505,-4.82143051421745,0.70158791253254,1.40097049941405,8.08097333084966,-0.9987104548281,0.18670168853493,1.40097049941405,8.19925345797713,-5.60263813150734,0.775528268398022,1.40097049941405,8.69125867216142,-1.05647322405534,0.192168864760444,1.40097049941405,8.52391783641373,3.58438223523462,0.0896342467244552,-0.55006540794509,-7.28067273245932,-6.5992925113085,2.11971482459381,8.93312061989897,-3.96744613575537,0.522166527425191,-3.39984567897059,0.485512717702673,2.42188524,0.06981742,-0.744,0.02813224,76.6503743159186,-103.745505503,1259.95905188817,0.398391404325983,0.345602932534529,10.6479877062678,0.218957441289283,-1.48069811080582,-914.680103963361,-916.964234134713,-933.223921242648,-935.651798911154,2.39988797292511,-959.699478357137,2.6239941397441,1878.91545105556,1903.61427483192,NA,2416.17259827334,0.521465250305445,1.38015382158836
"134",-5.86,0.79,-5.86,0.83,1.359326,9.604077,-1.1484446,0.2002995,35,35,-5.91655481718269,0.866528814035921,-6.23621266001291,0.788933791128626,1.40836294692431,6.54786874574252,-0.673220791069214,0.127447672096195,1.40836294692431,8.38375848617009,-6.0763837385978,0.827731302582274,1.40836294692431,6.57341402986322,-0.667019826659985,0.128952918991191,1.40836294692431,8.77314294901882,2.05593889031078,0.0482729222797784,-0.299332581614449,-6.71174160484284,-7.49369051490515,1.87841439403674,11.1151069823487,-3.97661283964202,0.587455421475168,-4.48132171388586,0.581834659123543,3.15705586,0.08851201,-0.807,0.02561891,95.0316712301095,-140.508099331382,1293.6253090155,0.167339842485978,0.139615171623005,8.21762606549164,0.141207611237561,-1.01297746285163,-909.73502092933,-911.47527028514,-935.903367301784,-938.749408676948,2.82169916379854,-937.04060605713,3.19731229419666,1869.0252849875,1908.9731669502,NA,2446.74251869963,0.310676137746161,1.11689025391207
"135",-5.86,0.79,-5.86,0.83,1.359326,9.604077,-1.1484446,0.2002995,35,35,-6.10631176608848,0.801780495788889,-5.56154623917609,0.766110288491118,1.34919913583618,6.99201240616884,-0.772100943366016,0.146923023330877,1.34919913583618,8.76871244383707,-5.83392900263229,0.783945392140004,1.34919913583618,7.06620477599688,-0.776958918184427,0.147241114253043,1.34919913583618,8.84240058521994,3.22201186079095,0.0804699710945284,-0.493402879608396,-7.28725227895424,-6.95500061674909,1.92382588262,10.6426854994859,-4.27204833013674,0.561935032899252,-4.12488298550752,0.568245271347792,2.68777827,0.05656496,-0.661,0.02452061,104.689597497147,-159.823951865456,1293.05634992168,0.850105951047985,0.869354363153949,8.75159855147242,0.183377243231099,-1.2319354146593,-904.162755285528,-904.548286804848,-928.20304822399,-928.729096303433,0.512943096937655,-941.500999159702,0.586492356600054,1857.88075369989,1893.57252879461,NA,2426.28874797791,0.47111615188197,1.13182602683588
"136",-5.86,0.79,-5.86,0.83,1.359326,9.604077,-1.1484446,0.2002995,35,35,-5.00715608729558,0.674014482725591,-5.42722993354167,0.789966953109618,1.40642404598388,8.73965840162029,-1.05275750913712,0.199188655154587,1.40642404598388,9.3859308532909,-5.21719301041863,0.731990717917605,1.40642404598388,8.78377391069529,-1.06493465919111,0.202549899001627,1.40642404598388,9.45278000031894,3.58304111503921,0.0949679248966131,-0.575459485009674,-6.94929344400516,-6.67855247670229,2.21946480723016,9.93335706050611,-3.84976670302735,0.529846500038233,-3.7791583796124,0.559297245300571,5.13501715,0.11388114,-0.848,0.02831307,61.5690750821831,-73.5829070355288,1262.80715848539,0.699653080528828,0.712622795152886,6.51665486077115,0.144949605156297,-0.913374667433232,-921.887823358852,-922.425215055384,-942.668862019958,-943.117973903768,0.437682674968528,-974.323716965386,0.359462110053038,1893.33088984654,1922.50415638654,NA,2452.03140993525,0.509277162378065,0.991240670855729
"137",-5.86,0.79,-5.86,0.83,1.359326,9.604077,-1.1484446,0.2002995,35,35,-5.55180739532477,0.805094823891275,-5.24938118432208,0.779230134308294,1.23387757374021,10.6427616355963,-1.38105937093221,0.244687605824235,1.23387757374021,9.90921894430391,-5.40059428982342,0.792162479099785,1.23387757374021,10.6656270388716,-1.38301491094955,0.244854851366041,1.23387757374021,9.92602660438681,2.32854901157095,0.0639177598473938,-0.372334329916731,-6.71300199900457,-6.5646709155364,2.0874324905777,9.22167039738603,-4.26925153259153,0.630327167765348,-3.68906031833989,0.553077016946406,6.09088099,0.15115757,-0.871,0.02613702,72.3636452393915,-95.1720473499457,1242.28234266109,0.739896275476078,0.680748074890257,6.67269239234617,0.14233473287648,-0.94118385719459,-899.156030098172,-899.243636307175,-914.042074588845,-914.149839480753,0.104766518251427,-956.941766966327,0.122709161265091,1847.86730332518,1865.25058152432,NA,2389.39263797223,0.372155979296329,0.895776070768487
"138",-5.86,0.79,-5.86,0.83,1.359326,9.604077,-1.1484446,0.2002995,35,35,-5.58423953933532,0.80156840878814,-5.89285434235829,0.815474977777587,1.45402835819734,10.2341644726949,-1.20286026595023,0.205790857937516,1.45402835819734,8.97530515835809,-5.73854694084681,0.808521693282863,1.45402835819734,10.2579752468561,-1.20393320921258,0.20583920610278,1.45402835819734,9.00627266806467,2.89710394053768,0.0715144710606676,-0.437269756105154,-6.76644361166983,-6.99220667525393,2.1726148186401,9.99869245788478,-3.6307505168961,0.519056682852807,-4.01640952967018,0.565045699209589,5.83298362,0.11763444,-0.862,0.03059174,46.0070475603392,-42.458851991841,1296.93847427805,0.874885943004842,0.858567505279861,8.18765476398687,0.178041552726924,-1.15905344575352,-928.96097256571,-929.098602886632,-948.000541305444,-948.217513902287,0.211100375037904,-969.305254993329,0.25382181481973,1907.47718826026,1933.16751495752,NA,2551.41809656425,0.434479484762993,1.1371169357075
"139",-5.86,0.79,-5.86,0.83,1.359326,9.604077,-1.1484446,0.2002995,35,35,-6.10327265662144,0.752578504378603,-6.01045912881288,0.805681058753876,1.45006383925815,10.529951704395,-1.35733916029673,0.23308339436681,1.45006383925815,7.77648260411467,-6.05686589271716,0.77912978156624,1.45006383925815,10.5321052921311,-1.35610700144493,0.233788364687104,1.45006383925815,7.88183665079415,3.52799191581898,0.0939790262281291,-0.55975566293476,-7.57734590231957,-7.1681610968812,2.2873825624458,7.68189422828234,-4.23019688142142,0.532218334372028,-4.15296518837705,0.558535538143486,3.14983785,0.06290082,-0.814,0.02945503,74.4523021865413,-99.3493612442451,1306.48782373902,0.642270852923468,0.626645054241623,11.7436813009343,0.247332613441971,-1.63769360191245,-925.135400681271,-925.71273925482,-938.36903888906,-939.204324588423,0.81628090629903,-973.638275574685,1.00330427235912,1899.82604449138,1913.90451012475,NA,2513.62628623379,0.534983191091722,1.59739948504371
"140",-5.86,0.79,-5.86,0.83,1.359326,9.604077,-1.1484446,0.2002995,35,35,-4.77927186181614,0.704969079862552,-6.06932259458434,0.847531080278923,1.34835144921963,9.55685587945089,-1.13912041648939,0.19282082438196,1.34835144921963,8.61155529826648,-5.42429722820024,0.776250080070737,1.34835144921963,9.97291360272984,-1.1850984697649,0.19790180537264,1.34835144921963,8.77109076350827,2.67636282470651,0.0658259253005696,-0.400979419333231,-6.53698973889902,-6.97769296392867,2.08312496037937,9.14963220266474,-3.29811783019744,0.486583378098919,-4.84101592864367,0.677287821060409,5.34021916,0.10292785,-0.876,0.02834003,66.5116440646374,-83.4680450004374,1236.38103646683,0.105490981513261,0.084633251222543,7.50975129077352,0.163235247309318,-1.05536827339307,-909.106261819738,-910.322677669855,-926.913765769018,-928.06610944061,1.12868430756453,-956.188134682426,1.0931349783523,1867.76776676831,1890.99396388466,NA,2389.29402793322,0.408861869056625,1.07125473887571
"141",-5.86,0.79,-5.86,0.83,1.359326,9.604077,-1.1484446,0.2002995,35,35,-5.98693015975411,0.838965455129368,-5.79456005583277,0.89036617589715,1.45914432158639,5.85570976307352,-0.721367025342623,0.156066178157362,1.45914432158639,7.66657732103068,-5.89074510779344,0.864665815513259,1.45914432158639,5.8649613272942,-0.71889503484369,0.156726686681224,1.45914432158639,7.81968101477381,2.92023593054028,0.0718895736842286,-0.438694011956849,-6.94633230721427,-6.44773000991339,1.97782967666845,9.64686910687794,-4.01371045173193,0.552600835294151,-4.16862485576557,0.641946660549069,3.48205842,0.09512019,-0.798,0.02944664,61.1104643246526,-72.6656855204679,1268.43642354207,0.361718126244737,0.340199916943552,7.1048595374422,0.169228373343111,-1.04866307357546,-916.377434505633,-917.104059156819,-939.016351870057,-940.242175283619,1.20128751973048,-945.154216217153,1.40489772047508,1882.3101121401,1915.19913608674,NA,2464.20716156367,0.442688405041719,1.05779488871708
"142",-5.86,0.79,-5.86,0.83,1.359326,9.604077,-1.1484446,0.2002995,35,35,-5.81309214183227,0.793142023604329,-6.1132996457927,0.884263105829699,1.42659062576926,9.04786264244883,-0.948030089607476,0.158515988233415,1.42659062576926,9.27561108054114,-5.96319589381248,0.838702564717014,1.42659062576926,9.07039377880737,-0.954868897770738,0.160591751139895,1.42659062576926,9.32466485673721,2.70774475170733,0.0759796828922109,-0.441869076227622,-7.04549843659781,-6.80283011204488,1.97955014129179,11.6661597683372,-3.90371362842966,0.529332184919907,-4.41447742593862,0.632009887127629,5.09765719,0.09873984,-0.834,0.02948077,57.1350837710806,-64.7149244133239,1303.27782559178,0.581025167440054,0.495253201969789,8.50600235657404,0.180736583315403,-1.19234590148507,-920.817756126806,-921.264688503698,-945.409425305989,-945.74279664861,0.324618823658013,-951.445622382689,0.279487041268819,1891.19075538245,1927.98528295861,NA,2541.84072677023,0.425205759574679,1.15890890977809
"143",-5.86,0.79,-5.86,0.83,1.359326,9.604077,-1.1484446,0.2002995,35,35,-6.10992783280588,0.862583059506855,-5.35043289828252,0.774136506674756,1.36276371151247,7.05069246141386,-0.79531492630316,0.16006866813057,1.36276371151247,9.40585689395881,-5.7301803655442,0.818359783090805,1.36276371151247,7.19490060030552,-0.812108603516169,0.16202436630754,1.36276371151247,9.45333856137663,2.9164567419319,0.0753431678963578,-0.453325443156889,-6.92862240490804,-6.69606914486039,1.94064058081525,11.4457807919704,-4.28703798304039,0.614073571025271,-4.22881051610732,0.606037150389591,3.83621532,0.07591408,-0.734,0.0248389,93.6932854418186,-137.8313277548,1282.85442795012,0.996116498098341,0.99234015986917,6.80620221245917,0.15729272398906,-0.999263718195921,-910.10792807756,-910.616014319061,-935.076818753487,-935.395500503894,0.310282316710179,-945.967677977374,0.266455426519967,1869.77109928396,1907.3200698536,NA,2427.87752814543,0.440712170384875,0.95695112505331
"144",-5.86,0.79,-5.86,0.83,1.359326,9.604077,-1.1484446,0.2002995,35,35,-6.13776275333577,0.837239107603661,-6.46880232057089,0.909637034188054,1.46896215817949,12.6357981267386,-1.41457092880782,0.202762973753336,1.46896215817949,8.32136455772427,-6.30328253695333,0.873438070895857,1.46896215817949,12.6631949255074,-1.42056257337912,0.204073338696766,1.46896215817949,8.33528541106848,3.00517521914591,0.0787524724562634,-0.470171924892297,-7.10745003262747,-7.00716148767069,2.12113760909592,9.51866328674065,-3.77377938776419,0.525480102903396,-4.4245638663546,0.631463099616105,6.15942292,0.12683704,-0.89,0.02995961,51.0367444951548,-52.5182458614723,1301.72701066769,0.64481101658912,0.590941497472778,10.862731489205,0.198276625736958,-1.43141128757538,-926.418399771273,-926.645518619618,-945.757766820247,-945.86222929519,0.10155358923521,-961.868546445853,0.053643885228302,1902.39204267138,1928.68196598712,NA,2550.93577547391,0.460255220291992,1.31004299683953
"145",-5.86,0.79,-5.86,0.83,1.359326,9.604077,-1.1484446,0.2002995,35,35,-5.94632960027498,0.884335999755229,-5.80597255811993,0.847304760485663,1.28398579882106,9.53908361841907,-1.13542633763439,0.183948694428589,1.28398579882106,8.1949441714256,-5.87615107919746,0.865820380120446,1.28398579882106,9.54400864323968,-1.13672573643719,0.184291522599049,1.28398579882106,8.20170814158055,3.187831384193,0.085488040057805,-0.505149063037514,-6.63542578338161,-6.71569128222777,1.88342934072902,9.11872517990746,-4.61456722541141,0.679861432509151,-4.29460522993892,0.622602023417582,6.58108867,0.12467387,-0.892,0.02666625,76.3274438918378,-103.099644654838,1238.15057944163,0.86535550593166,0.793134736382453,5.41269701511841,0.127079422705208,-0.800057298796768,-895.171610113209,-895.242189709239,-911.828086868429,-911.879561226277,0.0500220514623854,-931.391537244321,0.0402281116820113,1839.89846335526,1860.82260608349,NA,2373.20151422841,0.494873914320301,0.772195300305276
"146",-5.86,0.79,-5.86,0.83,1.359326,9.604077,-1.1484446,0.2002995,35,35,-5.29190572520504,0.763623573155539,-5.75762208893414,0.872970568402674,1.33962394448471,11.3117674956022,-1.24425339796017,0.198208378270545,1.33962394448471,10.5151185390707,-5.52476390706959,0.818297070779106,1.33962394448471,11.3659904284634,-1.25698456921297,0.201197569612939,1.33962394448471,10.5574895542887,2.62430030114984,0.0656051307541917,-0.403128437025758,-6.70017530926056,-6.51443057100875,2.0336465525507,11.7791336743661,-4.24187913294341,0.611966358996823,-4.12741734872941,0.628898096786926,8.51104424,0.17396137,-0.884,0.02528667,73.3539697407738,-97.1526963527102,1283.99701082825,0.807721495656858,0.816432663067704,5.42897833784804,0.11626388704597,-0.757368545444904,-915.689160849054,-916.173666594715,-937.971428550316,-938.228527738016,0.250212711666681,-958.361834993858,0.15798036521411,1880.93356482695,1913.10928944726,NA,2470.84132530378,0.379950427224402,0.767961007288785
"147",-5.86,0.79,-5.86,0.83,1.359326,9.604077,-1.1484446,0.2002995,35,35,-6.07705927695473,0.860625775840056,-6.24200232114831,0.834943201336786,1.25377731150678,7.82205803559662,-0.890613440853359,0.165718146124234,1.25377731150678,9.80673103564942,-6.15953079905152,0.847784488588421,1.25377731150678,7.82885958755358,-0.889554400348035,0.165883044782513,1.25377731150678,9.87845296715358,2.31758877521831,0.0650414863575717,-0.376012034894161,-6.90741483865775,-7.22536801586681,1.81397887828371,11.6232728644847,-4.04300211578026,0.557167818341376,-4.68017609092012,0.624197827499781,4.3780285,0.07926292,-0.826,0.0253012,94.9002207276238,-140.24519832641,1291.15692237441,0.628173726989573,0.588865431410276,7.89353595744165,0.180622087180366,-1.13937421566668,-894.248213052059,-894.527451784906,-917.301130910899,-917.764170884303,0.451301260871,-929.926920410594,0.525374637927309,1838.05166923295,1871.76869416843,NA,2442.06864642242,0.372403587499247,1.15542616225929
"148",-5.86,0.79,-5.86,0.83,1.359326,9.604077,-1.1484446,0.2002995,35,35,-6.21992755715585,0.819618672062871,-6.5350775930871,0.963441545793012,1.46355079595277,8.88969899490327,-0.838947682022656,0.143184129174715,1.46355079595277,10.3769052931035,-6.37750257512147,0.891530108927942,1.46355079595277,8.91452888119014,-0.850279127978603,0.148355383926714,1.46355079595277,10.5837573043496,3.54453708104077,0.0949880426948916,-0.564982725876659,-7.29459283176276,-6.75288340302797,1.93802239055951,14.114429874953,-3.93206164825333,0.5140496132924,-5.14593215174158,0.772788789534808,3.80337447,0.07735996,-0.729,0.02566997,90.5723081328015,-131.589373136766,1370.37106877403,0.0282751602910552,0.0184719221277865,9.57593148974015,0.194590072706473,-1.30168132233373,-928.731279950436,-930.100296005955,-958.802918804861,-960.064209281577,1.2363587814399,-952.436304438359,1.19214529932078,1907.01780302971,1954.77226995635,NA,2609.1527644113,0.53663453125696,1.31801965866012
"149",-5.86,0.79,-5.86,0.83,1.359326,9.604077,-1.1484446,0.2002995,35,35,-6.11519073665833,0.738880254212604,-6.18360431274137,0.858628547350347,1.39049014596054,9.44005170882474,-1.05071382583188,0.165247733861285,1.39049014596054,8.06834651837085,-6.14939752469985,0.798754400781476,1.39049014596054,9.44122181317287,-1.05276192807273,0.168832647288636,1.39049014596054,8.35307213846591,3.28423188505173,0.0836960078125167,-0.50665697062938,-7.67087461215184,-7.02585884496364,2.01078500499597,9.38918910341264,-4.12607905758342,0.506821791287359,-4.49589358382329,0.622325617683614,4.47944181,0.08899631,-0.827,0.02652019,86.1859589206191,-122.816674712401,1328.17343983331,0.277049266931529,0.241475976712314,8.79858479461665,0.169086571593108,-1.17482112870432,-910.415571590549,-912.237011159447,-930.380972891472,-932.545016945558,2.13504657406301,-948.345355653138,2.36995627800139,1870.38638630993,1897.92837812957,NA,2533.53020495422,0.492616283508503,1.13736170880577
"150",-5.86,0.79,-5.86,0.83,1.359326,9.604077,-1.1484446,0.2002995,35,35,-5.56721039632336,0.707108613194637,-6.6338257106856,0.905216804204548,1.38337095186247,8.25320518799811,-1.01484223471556,0.183210951606522,1.38337095186247,7.91708870959023,-6.10051805350448,0.806162708699592,1.38337095186247,8.53762224520612,-1.0676685423235,0.193022665442827,1.38337095186247,7.98831076481478,3.11142143475814,0.0845736528039207,-0.494349375448414,-7.31218148746031,-7.19851946420505,2.06667279460518,8.69217904722741,-4.09902690026848,0.523632475305923,-4.48597977950693,0.601818811428476,3.96803114,0.08259265,-0.824,0.02739775,82.0103077214465,-114.465372314056,1306.61673491298,0.701899577585166,0.67511687000953,9.28128792240519,0.203310660650564,-1.33046748905499,-910.419330655914,-911.719992047128,-927.945940987157,-928.502819951721,0.543125667243951,-952.631348232645,0.0767510941530101,1870.39390444067,1893.05831432094,NA,2498.76809751191,0.496062745287745,1.2495926301338
"151",-5.86,0.79,-5.86,0.83,1.359326,9.604077,-1.1484446,0.2002995,35,35,-5.99792298570268,0.846978061971847,-5.66817843418099,0.840681640488548,1.49123794632565,13.688584190957,-1.72621807891015,0.282092022761913,1.49123794632565,9.03403201635302,-5.83305070994184,0.843829851230197,1.49123794632565,13.7157670582716,-1.7267371315797,0.282101933992787,1.49123794632565,9.08420023952662,2.67524676247496,0.0649560733461286,-0.401461860774594,-6.90958809501613,-6.61735599336812,2.39943365467524,8.76048752585876,-4.31411036918141,0.59734328471684,-3.76279154580201,0.561080538052095,7.65333138,0.14769042,-0.899,0.02980863,47.5484984492882,-45.5417537697391,1299.87082052388,0.569990395032781,0.537332872770254,8.97264019380839,0.212188623704807,-1.33143904416411,-941.075395382122,-941.298161059011,-954.602277258016,-954.951391718641,0.339986873695887,-989.45388295182,0.43393286865331,1931.70603389308,1946.37098686266,NA,2554.19988727802,0.392846132010081,1.28466581844436
"152",-5.86,0.79,-5.86,0.83,1.359326,9.604077,-1.1484446,0.2002995,35,35,-5.77583101849909,0.772619838596989,-6.03191060873608,0.840197257876907,1.40665420320917,8.43306593731173,-1.0156595954936,0.167220783466347,1.40665420320917,6.69607972479202,-5.90387081361758,0.806408548236948,1.40665420320917,8.44946012644572,-1.01998589495322,0.16836246036548,1.40665420320917,6.71665053683473,3.06124801357059,0.0809785893925244,-0.480549992362897,-7.13050318101638,-6.98397399417977,2.01660057981143,7.56477743703318,-3.66884781431224,0.490870797873488,-4.04139622392488,0.565589499737177,4.75958172,0.11060346,-0.875,0.02862091,65.7966530652483,-82.0380630016592,1248.49451007709,0.747971351047436,0.731599044967148,8.25500875215452,0.162761980541002,-1.13102668077952,-906.382536175518,-906.625723175171,-921.727081219875,-921.913934252863,0.181756851400302,-942.294153451323,0.147931026459383,1862.32031547987,1880.62059478638,NA,2414.95095715252,0.474763092991796,1.02322040338155
"153",-5.86,0.79,-5.86,0.83,1.359326,9.604077,-1.1484446,0.2002995,35,35,-5.15202339490254,0.631418701413611,-6.43182186466373,0.877923975411741,1.30041907909763,5.17737387023532,-0.56693376619619,0.110926190023941,1.30041907909763,7.10840134215305,-5.79192262978314,0.754671338412676,1.30041907909763,5.5868449010361,-0.645803034308908,0.126117402551164,1.30041907909763,7.23623637574398,2.29884853220935,0.0729470673515267,-0.395832928852769,-7.34793539416654,-7.15911922957052,1.85247464230383,8.61742638834621,-3.49080901751328,0.429004590588459,-4.31799105678648,0.583167312063488,2.22861786,0.05639974,-0.727,0.02710473,90.9793804422535,-132.40351775567,1261.12548018863,0.221037994235335,0.187643887815907,8.29465230522188,0.170983442578633,-1.15401541577314,-882.883463008388,-885.671848326594,-906.141144510972,-907.236137863037,1.07207104302937,-925.553051313037,0.238130027360523,1815.32216914561,1849.44872136857,NA,2389.84744262158,0.416463130885352,1.0796017390673
"154",-5.86,0.79,-5.86,0.83,1.359326,9.604077,-1.1484446,0.2002995,35,35,-6.47984946507094,0.809322999001702,-5.39495009340003,0.738678586098457,1.3336318057679,10.2722879202239,-1.25923729715945,0.223294600697065,1.3336318057679,9.86984380538643,-5.93739977923548,0.77400079255008,1.3336318057679,10.5665395818869,-1.27839781695215,0.224542258965676,1.3336318057679,10.1674494819657,3.56118964349164,0.0960165343772329,-0.568733691079072,-7.6158536955669,-6.95183545533201,2.15034405597452,10.0164237922918,-4.32982973925096,0.536960584388782,-3.78098520517952,0.52106026071303,3.97459388,0.10006291,-0.772,0.02458277,97.2378872012712,-144.920531273705,1346.36080679783,0.390089122127727,0.355049701738362,10.528321304586,0.202186779189234,-1.41837452802026,-914.657016765949,-915.982591230068,-932.83629041219,-934.727054732965,1.86177339524991,-966.837258931829,2.21492177564928,1878.86927666073,1902.83901317101,NA,2547.80108232195,0.544236902311423,1.31089491905147
"155",-5.86,0.79,-5.86,0.83,1.359326,9.604077,-1.1484446,0.2002995,35,35,-6.25765771692777,0.880749257910425,-4.98369957625801,0.665304512708385,1.39551263347895,8.2098363456411,-1.06609845720021,0.179412009082746,1.39551263347895,5.84527951790533,-5.62067864659289,0.773026885309405,1.39551263347895,8.6155786816858,-1.13471535395388,0.191016118641539,1.39551263347895,5.91925720291061,1.90430721348241,0.0549911572760622,-0.307762936628836,-6.96812277980523,-6.97772868045278,2.11418729485795,5.8679007191968,-4.15359264575088,0.570027550049884,-3.36919238458334,0.451324659339148,4.84434077,0.10864267,-0.898,0.03234531,44.4838732257007,-39.412503322564,1205.73446915818,0.530339238664041,0.519120497040455,8.04580505321701,0.178449795675457,-1.16897914977766,-900.54379861946,-902.084403952834,-911.578179404201,-912.330618504285,0.734883442991706,-946.144196149153,0.000756233087708267,1850.64284036776,1860.32279115503,NA,2372.05643499379,0.335127058725895,1.05892172045874
"156",-5.86,0.79,-5.86,0.83,1.359326,9.604077,-1.1484446,0.2002995,35,35,-6.29362726243938,0.768910581057541,-5.63808065930322,0.738248191442994,1.34768865112508,5.33938321384835,-0.58149971604475,0.115415173268881,1.34768865112508,7.27248851018209,-5.9658539608713,0.753579386250268,1.34768865112508,5.44681855106918,-0.586524872383712,0.115650218803099,1.34768865112508,7.41921610038903,2.64548928498761,0.0644921243167099,-0.398180190042021,-7.67039822153282,-7.1975302012193,1.8703189487684,9.10405013713627,-4.68632522990205,0.578920244423795,-3.94668456612223,0.526036453707388,3.48545333,0.08127988,-0.822,0.02628376,94.5899721469633,-139.624701165089,1302.26274286533,0.296753124139317,0.243447161927573,6.628518059489,0.12199151509229,-0.850374740212257,-892.421864961681,-893.250176578207,-916.291155937973,-917.521850599568,1.2061033535182,-929.62935282485,1.40804223863028,1834.3989730522,1869.74874422257,NA,2464.90078456557,0.388086320629465,0.902973147542821
"157",-5.86,0.79,-5.86,0.83,1.359326,9.604077,-1.1484446,0.2002995,35,35,-5.77434852288843,0.75454901767267,-6.73249539143147,1.0583219306793,1.19766458487411,9.18974444673095,-1.12718152748158,0.19955465165995,1.19766458487411,9.78640319919124,-6.25342195715995,0.906435474175985,1.19766458487411,9.41925580215565,-1.19994629381796,0.222624147329083,1.19766458487411,10.4875414439221,3.36200116354706,0.0916165221629227,-0.535315329777723,-7.23668196028986,-6.3850284203993,1.88328634093947,10.1992496964867,-4.17423531933986,0.539752441044091,-4.94815043726321,0.779355596045644,6.68977752,0.15486586,-0.883,0.02061421,125.374044928005,-201.192846727173,1284.76248641558,0.0126724037238956,0.0134370200836729,7.17209847928519,0.180626522088797,-1.07710894087674,-887.891947272556,-892.39600246722,-905.951430632992,-910.359800856835,4.42013892501913,-934.924003327825,4.09230118037515,1825.33913767395,1849.06929361261,NA,2368.33212610399,0.53531257694074,1.15303757925199
"158",-5.86,0.79,-5.86,0.83,1.359326,9.604077,-1.1484446,0.2002995,35,35,-5.14565148334217,0.7425803845173,-5.73685385422875,0.832755028116583,1.40303336129691,8.20985581196354,-1.00360816550022,0.179293191873658,1.40303336129691,7.66020230756646,-5.44125266878546,0.787667706316941,1.40303336129691,8.29723587279903,-1.01693603127266,0.181326058460723,1.40303336129691,7.67489875763706,2.43568601970417,0.0702991230383945,-0.401484924514597,-6.67929093996233,-6.73325611876005,2.07393567546668,8.50385194622766,-3.68258052264748,0.525845307483385,-4.07758890036957,0.59809190101181,4.81717121,0.09805685,-0.857,0.02950319,57.6500477824676,-65.7448524360978,1225.07258818834,0.769536964920192,0.747117836907009,6.93764908387611,0.163163579773725,-1.02525316980308,-912.021406132926,-912.314033149609,-929.357509060393,-929.47619908101,0.115396681198534,-952.804065904141,0.0175824445950007,1873.59805539469,1895.88145046741,NA,2384.40032394058,0.398266715099761,0.995012080273335
"159",-5.86,0.79,-5.86,0.83,1.359326,9.604077,-1.1484446,0.2002995,35,35,-5.75477736149688,0.804063063400267,-5.8758865478947,0.822294310062023,1.23267260017101,6.83148585077328,-0.970363980721456,0.173480795230778,1.23267260017101,5.30221426906162,-5.81533195469579,0.813178686731145,1.23267260017101,6.83515270953076,-0.970915973584011,0.173563889819488,1.23267260017101,5.30292429182774,2.94521576029026,0.0722793971893754,-0.450654342443559,-6.92211892719365,-6.93461106367701,1.85040029993183,5.06361039065325,-3.89924419746153,0.539678840872011,-4.40545555378997,0.621176473484923,3.65797663,0.09990252,-0.888,0.02693904,88.1200718257437,-126.68490052265,1171.45964606694,0.717712882873395,0.668698964384477,6.65193024947487,0.142841407013045,-0.955924584343853,-867.335867225045,-867.349480827701,-875.393195445052,-875.401081370849,0.00766104515565258,-909.134058691473,0.00165509689415874,1784.22697757893,1787.95282323673,NA,2216.23439161123,0.411727362074753,0.840961016090696
"160",-5.86,0.79,-5.86,0.83,1.359326,9.604077,-1.1484446,0.2002995,35,35,-6.05341472590541,0.850523379967412,-6.22592170241,0.826548324911482,1.33087400550563,5.93861500980499,-0.746353486121515,0.155631196873272,1.33087400550563,7.79703102607165,-6.1396682141577,0.838535852439447,1.33087400550563,5.94605467404067,-0.745319520056707,0.155774897689506,1.33087400550563,7.86337024077205,2.16129066960093,0.060524718389308,-0.34612008762043,-6.94395774802255,-7.25930189852986,1.8697196434568,9.33181812236408,-4.3727716733638,0.613408362895406,-4.52113301671379,0.61591405905569,4.63023776,0.12624711,-0.861,0.02271066,112.886030952902,-176.216818776967,1270.9713638229,0.897627364821213,0.874960062338171,6.26804198061838,0.125596245761509,-0.84721972885706,-896.455376510223,-896.769697864658,-917.518669935194,-918.044565898797,0.512794212758584,-930.331052385117,0.61258065384787,1842.46599614928,1872.20377221702,NA,2365.72590886883,0.362437219161479,0.852811077059564
"161",-5.86,0.79,-5.86,0.83,1.359326,9.604077,-1.1484446,0.2002995,35,35,-5.20864678598825,0.652593073971525,-5.97118623237859,0.847963086359915,1.13932134211343,7.43659359237983,-0.904388781827311,0.180910647733698,1.13932134211343,10.8786541520501,-5.58991650918342,0.75027808016572,1.13932134211343,7.58196019420515,-0.941633117099292,0.190453008168858,1.13932134211343,11.0768658771757,2.38323162177634,0.0629096528799485,-0.369867906389922,-7.27840735284062,-6.8769828212825,1.88846110177621,11.0264247766397,-4.50838649677967,0.580309396022336,-4.46660150324294,0.632980152780927,5.62990711,0.12570481,-0.808,0.01817978,152.428246478863,-255.30124982889,1293.8410627348,0.551954260475029,0.523819851125898,4.6901013594761,0.109903473754435,-0.686538858885771,-877.55848498321,-879.082128552043,-900.467921660245,-901.626330025916,1.13467377162517,-938.090356600755,0.844326065945984,1804.67221309526,1838.10227566712,NA,2332.3808756407,0.383624968425149,0.691246074252982
"162",-5.86,0.79,-5.86,0.83,1.359326,9.604077,-1.1484446,0.2002995,35,35,-6.35897058094779,0.957909577263551,-5.09934561117595,0.67410570116423,1.44451170732396,6.79931083859777,-0.843018833685074,0.180086480272258,1.44451170732396,8.73199091829805,-5.72915809606187,0.81600763921389,1.44451170732396,7.19597460471596,-0.932390445898259,0.200222640294508,1.44451170732396,8.9685402553153,2.14021591641121,0.0571758212135129,-0.337504089841509,-6.60973442788074,-7.0409395120327,2.13812629698759,9.97673199439537,-4.44227907584631,0.672415778155433,-3.35144454249724,0.427604159280104,3.33157091,0.10363642,-0.813,0.02790459,72.1266771197896,-94.6981111107419,1283.61504393335,0.0499000351448796,0.0426109953988007,8.66834022796133,0.205923732132813,-1.27382435316672,-921.674780154257,-924.357621040141,-944.663155376446,-946.344252122668,1.65283291488993,-965.314924263435,0.94277550728536,1892.90480343735,1926.49274309952,NA,2472.53197675596,0.334997987999402,1.30321003920162
"163",-5.86,0.79,-5.86,0.83,1.359326,9.604077,-1.1484446,0.2002995,35,35,-5.87615300430531,0.800129288680843,-6.07179878991272,0.841162993353223,1.3261330165814,10.7273925777526,-1.41943611565133,0.241195958535088,1.3261330165814,7.88585204548002,-5.97397589710901,0.820646141017033,1.3261330165814,10.7369618961091,-1.42144313349808,0.241616899764873,1.3261330165814,7.89024653615955,3.21016340754447,0.0814381960446163,-0.499863576037706,-7.06693098183825,-7.0181085732917,2.13741313706732,7.39951448118339,-4.90431936660061,0.666198156264629,-4.04845093515272,0.570890361397564,5.04546427,0.11283921,-0.866,0.02604569,86.8073313496719,-124.059419570506,1258.73935011556,0.45119897910407,0.335558766915444,8.4144831588757,0.180368153860725,-1.20093914966162,-906.122073497333,-906.176079876842,-917.347570275548,-917.382180159424,0.0336293429913348,-955.86705734804,0.0157994767819475,1861.7993901235,1871.86157289772,NA,2393.41928066062,0.458030387493336,1.09010980932892
"164",-5.86,0.79,-5.86,0.83,1.359326,9.604077,-1.1484446,0.2002995,35,35,-5.08067200797225,0.695336847748238,-6.86234451598368,0.922663306840385,1.50979768986586,8.68506969227647,-1.21337735132746,0.229919793048091,1.50979768986586,6.88965013251818,-5.97150826197796,0.809000077294312,1.50979768986586,9.4786589237274,-1.31463267695448,0.242839122798934,1.50979768986586,7.07154546722544,2.84518496874106,0.0800851476760747,-0.464724514788385,-6.8957762314613,-7.32309652142704,2.33748029428768,6.79726657697608,-3.74267913732057,0.521082378996171,-5.30977934764348,0.713895404939486,6.71587671,0.17726924,-0.906,0.02741379,71.072511255258,-92.5897793816785,1298.20137272548,0.118726777865659,0.103916931913814,7.65528519575713,0.154269312886553,-1.05032958264,-928.196418066469,-930.561955284546,-940.802543719963,-942.398066385504,1.56773526738707,-975.184964654288,1.19223989324426,1905.94807926178,1918.77151978655,NA,2503.81296606928,0.449119102939686,0.996207894102446
"165",-5.86,0.79,-5.86,0.83,1.359326,9.604077,-1.1484446,0.2002995,35,35,-6.18787521808742,0.820741092220373,-4.91022300272034,0.70682979643203,1.30251638364994,10.4240245102458,-1.20163312096169,0.231494635473621,1.30251638364994,13.1958016982983,-5.54904911040388,0.763785444326201,1.30251638364994,10.8321233061039,-1.23801787581652,0.234738581300665,1.30251638364994,13.4589741314334,2.4985399079085,0.0699626551606965,-0.404407062461947,-7.25585340384439,-6.65685521197954,2.16343371185523,13.5889453963812,-4.12286082603271,0.539211562958183,-3.4650246065111,0.511587998204508,5.84096378,0.12642057,-0.807,0.02319247,96.5875505519172,-143.619857974997,1356.23509603528,0.385429537635898,0.388058642290121,8.30928542814742,0.174514578532082,-1.13556441016223,-920.680799597687,-921.910785193612,-945.739147809463,-947.024978026691,1.26063506898167,-978.154800997012,1.35279033751735,1890.91684232421,1928.64472796555,NA,2568.85033409556,0.40264247082479,1.21060135984986
"166",-5.86,0.79,-5.86,0.83,1.359326,9.604077,-1.1484446,0.2002995,35,35,-6.08474274434879,0.746491668608855,-6.22341710196553,0.899001941989048,1.30920699366303,7.26959517071926,-0.773106868652656,0.13959907893573,1.30920699366303,9.00190490447921,-6.15407992315716,0.822746805298952,1.30920699366303,7.27440281508436,-0.778394184700394,0.145413924807356,1.30920699366303,9.43758971694535,2.38184908767446,0.0612354273563264,-0.35901252375726,-7.59507978247371,-6.82513739634619,1.83319823833282,11.2179676944723,-4.9441735484373,0.614630088413587,-4.46337806600238,0.645330233651511,5.39387662,0.10279306,-0.835,0.02331629,108.433245541615,-167.311247954393,1324.24999284355,0.114810806579609,0.1075514531672,5.98782552126188,0.129849337133755,-0.826977656995454,-897.709696635373,-900.041492330338,-922.482464205257,-925.467132638476,2.96209247444747,-931.366865929791,3.14959719487384,1844.97463639958,1882.13136075714,NA,2481.18873773271,0.397807789122614,0.904423691121715
"167",-5.86,0.79,-5.86,0.83,1.359326,9.604077,-1.1484446,0.2002995,35,35,-5.92360273204298,0.753294234156667,-5.75228551428399,0.847345929705807,1.26521193174355,9.41490150424671,-1.1931731005449,0.23494817629262,1.26521193174355,11.4355343196271,-5.83794412316348,0.800320081931237,1.26521193174355,9.42223890152188,-1.18914493184315,0.237159606651537,1.26521193174355,11.8212880399702,2.92161279272304,0.0795905236992416,-0.459200890514606,-7.39341184493266,-6.66175896283157,2.08611348840199,11.4752386738837,-4.5688358616487,0.598699051117705,-4.06069572872865,0.600490974650791,5.9022795,0.1534108,-0.857,0.0244734,89.7568214925371,-129.958399856237,1333.73878975192,0.287321723537959,0.238699153524255,6.5943712514362,0.137782645477353,-0.885920899058424,-908.47351013101,-909.792881581694,-929.352657009117,-931.491078065981,2.10937884204371,-963.760159521236,2.4477685045547,1866.50226339086,1895.87174636486,NA,2537.5191796476,0.487555737146132,1.00743333438497
"168",-5.86,0.79,-5.86,0.83,1.359326,9.604077,-1.1484446,0.2002995,35,35,-6.36374750700298,0.836683141635399,-5.29026747478622,0.766662559969958,1.12696538330319,9.06774952972389,-1.07257546127622,0.209264134456069,1.12696538330319,13.1891220798293,-5.8270074908946,0.801672850802678,1.12696538330319,9.35583937461591,-1.09136688534173,0.210489854920261,1.12696538330319,13.5332342401125,2.87614712265492,0.0739452311248594,-0.440660807316707,-7.33674708766637,-6.68043156179948,1.86724358343938,13.5314617241426,-4.04345519252071,0.533370889534341,-3.90098547646832,0.572895251070025,4.11219323,0.11697474,-0.794,0.02481281,88.373454307079,-127.191665485321,1321.79211591293,0.518404726629984,0.538748273449196,8.52689978804485,0.16297521181867,-1.12389998976607,-885.951745863527,-887.227724117499,-910.237661797657,-911.915031407556,1.64912436214253,-941.944458173921,1.88913084710933,1821.45873485589,1857.64175594194,NA,2516.39256634053,0.453261430742418,1.14372428214491
"169",-5.86,0.79,-5.86,0.83,1.359326,9.604077,-1.1484446,0.2002995,35,35,-5.90076161538501,0.826826822783338,-5.65549718014834,0.862965524438658,1.27333065941411,10.2878530510551,-1.12360804112688,0.173748782994465,1.27333065941411,9.64237761748952,-5.77812939776668,0.844896173610998,1.27333065941411,10.3028917118531,-1.12139215656397,0.174075284433798,1.27333065941411,9.79042335560721,3.05143016013855,0.0815160065717085,-0.486014030329855,-6.93248259325119,-6.47191312515721,1.86043775328509,11.2229735929883,-4.40644968496399,0.609599094781453,-4.37450157533595,0.669689764100092,7.99179006,0.13516706,-0.903,0.02513669,86.4581067678508,-123.360970406864,1264.4503922834,0.317819583121677,0.301091920877769,5.7430290117242,0.133816832456434,-0.829040905814723,-898.121609960066,-898.772222073436,-920.019783949956,-920.986840612753,0.945945591656029,-934.994879212181,1.11005688017533,1845.79846304897,1877.20600024654,NA,2405.53981415993,0.459293651512727,0.878516942848953
"170",-5.86,0.79,-5.86,0.83,1.359326,9.604077,-1.1484446,0.2002995,35,35,-5.134322305927,0.660120774512635,-5.49712318853962,0.795471997406429,1.22295899686751,9.06297158661834,-1.10890626041756,0.206943047148233,1.22295899686751,10.6486229698903,-5.31572274723331,0.727796385959532,1.22295899686751,9.09587770672445,-1.1211826461997,0.211523035532944,1.22295899686751,10.822698575182,2.91841430587302,0.0805926654840999,-0.468896327856443,-7.1592347808971,-6.71564810231913,2.06930312277138,10.3996493056816,-3.59176945517119,0.465093865344904,-3.82351886684326,0.54742681710641,5.61540587,0.14738706,-0.861,0.02588162,77.2494390769565,-104.943635025076,1276.06874644697,0.584941257845877,0.572060193396066,6.43152013320653,0.13228584897427,-0.875038405534444,-896.185708540752,-897.140639254379,-916.455005099284,-917.493337412272,1.0161837317966,-958.622186257521,0.992632173977625,1841.92666021034,1870.0764425452,NA,2447.19385786887,0.465588007946827,0.907535703755309
"171",-5.86,0.79,-5.86,0.83,1.359326,9.604077,-1.1484446,0.2002995,35,35,-6.31111027889255,0.753796566851711,-5.86138912349447,0.718534612353711,1.27631289205111,9.0049799698302,-1.15931369116256,0.199994410847958,1.27631289205111,7.67260777765915,-6.08624970119351,0.736165589602711,1.27631289205111,9.05554224923335,-1.16327820289217,0.200305262206712,1.27631289205111,7.71414310633833,2.24669887000146,0.0611225516782446,-0.353143086860833,-7.77792662357369,-7.53828706834533,2.07612289713692,7.33566410203789,-4.77712866760698,0.577912887155467,-4.27591727788382,0.521628220209358,7.13317228,0.17844469,-0.919,0.02199744,122.525190878445,-195.495138628053,1340.08242815966,0.781445848333808,0.796863824446209,6.46015874237092,0.113658397169192,-0.823207701998263,-892.84264755181,-893.092508642533,-906.265713358436,-906.60016095682,0.325669328371978,-948.471922723752,0.394885063731274,1835.24053823246,1849.6978590635,NA,2484.66971769127,0.373545311449739,0.818056920821416
"172",-5.86,0.79,-5.86,0.83,1.359326,9.604077,-1.1484446,0.2002995,35,35,-5.42343507870968,0.776301254997167,-6.76944858637862,0.963398080680862,1.38089862351,6.27162247461186,-0.844252773224185,0.167198307952702,1.38089862351,6.51706569886001,-6.09644183254415,0.869849667839014,1.38089862351,6.72456056531867,-0.907211486877245,0.175949613497931,1.38089862351,6.60731400297264,3.91743574840838,0.101905216322173,-0.619647059482595,-6.75617431495414,-6.98751335021022,1.95246738642443,7.40324197120707,-4.05202420063278,0.585778487507405,-5.46493501491327,0.770494426590694,3.1713604,0.05248509,-0.783,0.02682144,91.473765898872,-133.392288668907,1237.35230329566,0.0969783721225428,0.0742463533983227,8.18967225496878,0.204351697766988,-1.26428298982577,-899.727465758777,-901.406743206224,-915.552135230945,-916.387535610053,0.816393646870651,-933.709501860922,0.388163007539731,1849.01017464639,1868.27070280852,NA,2341.31231792242,0.562374315116748,1.15594759501296
"173",-5.86,0.79,-5.86,0.83,1.359326,9.604077,-1.1484446,0.2002995,35,35,-5.42563304478267,0.724994922951566,-5.380660679753,0.717462482528222,1.28867116330206,9.32797053045662,-0.928593453118062,0.14655450203824,1.28867116330206,10.422473944197,-5.40314686226783,0.721228702739894,1.28867116330206,9.32847615886071,-0.928678141033132,0.146568686452923,1.28867116330206,10.4225717985176,3.11226195916303,0.0750565597403121,-0.462856391646479,-7.06404213082486,-7.06394609666928,1.95326499616219,12.0782707671145,-3.86743237681514,0.527196201978924,-3.80420381110683,0.522363287917818,4.2536727,0.09045346,-0.767,0.02572044,83.7557757001049,-117.956308271372,1290.83410904898,0.993618179644105,0.987310366004852,7.4654441378227,0.12979796916529,-0.954799669449151,-900.525839426308,-900.528113787497,-927.905515668544,-927.906115343635,0.000582544012231334,-949.291276628385,4.29622367236317e-08,1850.60692198145,1892.97746368372,NA,2463.71190982658,0.464813273706985,0.907532208600588
"174",-5.86,0.79,-5.86,0.83,1.359326,9.604077,-1.1484446,0.2002995,35,35,-6.23850935937398,0.888136635798442,-5.39634714176447,0.718010704650915,1.37947040657705,6.69382665491954,-0.545431934846575,0.115615897352025,1.37947040657705,11.6512107381755,-5.81742825056923,0.803073670224679,1.37947040657705,6.8711359551118,-0.581250342708599,0.122851605464228,1.37947040657705,11.7164746130453,3.34391084312972,0.0883784587255752,-0.524159240360935,-6.90496233642502,-7.07636639313709,1.85841787331949,15.9331721814451,-4.51458621866518,0.648315125371642,-3.71957558578578,0.50993987842495,5.08663497,0.1199059,-0.791,0.02491381,85.3084364881837,-121.06162984753,1353.63540534722,0.470433214472363,0.419096914899414,6.80817144332148,0.130612448035539,-0.888107141148529,-914.644900690856,-915.935653529901,-951.73900297875,-952.099184150745,0.350791997935783,-946.13724288932,0.111098310893758,1878.84504451055,1940.64443830413,NA,2586.20918084692,0.520269107136985,0.956073683808989
"175",-5.86,0.79,-5.86,0.83,1.359326,9.604077,-1.1484446,0.2002995,35,35,-5.16355857321637,0.700699813387171,-5.9061700300438,0.87072197619289,1.37345550275457,9.08369269832511,-1.04488550013926,0.193151141962598,1.37345550275457,10.1417882378709,-5.53486430163008,0.785710894790031,1.37345550275457,9.22156064227794,-1.07645060164278,0.200378025923882,1.37345550275457,10.2351227854727,2.82725364903187,0.0717834784196017,-0.432910163057427,-6.94671163520228,-6.67637504263651,2.10328643147748,11.2655510201325,-3.69261479266603,0.50278076495264,-3.99991485842624,0.583021771318969,5.40540227,0.09696688,-0.844,0.0300613,50.7586712939257,-51.9620994590139,1290.21671091469,0.606880555636874,0.578238339088367,7.57513164840325,0.191426869906168,-1.14526555184876,-919.133593762403,-920.153717168383,-941.774881584693,-942.358827797277,0.569634703283085,-965.175459132158,0.337109622182587,1887.82243065364,1920.71619551601,NA,2528.47132237037,0.432174614792038,1.19918186109215
"176",-5.86,0.79,-5.86,0.83,1.359326,9.604077,-1.1484446,0.2002995,35,35,-5.63529035773809,0.718461728936021,-6.63249475662556,1.00805234795627,1.17280545313418,7.44926010819362,-0.973415066974885,0.197032274279921,1.17280545313418,9.98124402541614,-6.13389255718183,0.863257038446148,1.17280545313418,7.69786426148375,-1.04561032676577,0.217997955936054,1.17280545313418,10.5356771815837,2.7615352863335,0.0695910952450006,-0.424125880000351,-7.31262252313151,-6.58452095120666,1.87418590395037,10.2485311743948,-4.48207821599787,0.582751870225803,-5.27916849988421,0.811384584938671,6.11849947,0.1512372,-0.856,0.02086907,124.016912096251,-198.478581063665,1298.49839472386,0.0437622257453918,0.0435931877819572,5.10191517273565,0.137337316738371,-0.787074322120361,-882.031583508594,-885.43831892062,-902.065774235576,-905.513684974813,3.43325897613532,-933.890919036459,2.99241908074629,1813.61841014603,1841.29798081778,NA,2398.51820838405,0.408954678409753,0.881474799517918
"177",-5.86,0.79,-5.86,0.83,1.359326,9.604077,-1.1484446,0.2002995,35,35,-5.69099284088706,0.724750792638075,-6.42413135411787,0.870122326415333,1.27551856458989,8.9461126204098,-1.06530246038408,0.176623648740477,1.27551856458989,8.15051678523231,-6.05756209750247,0.797436559526704,1.27551856458989,9.08048564030538,-1.09194682791897,0.181906869448665,1.27551856458989,8.19946271589426,3.30537245003465,0.0844507965728038,-0.511933010074589,-7.33085639216349,-7.19790892491401,1.93613190753888,8.77596480323058,-4.20796585235157,0.53964329219952,-4.67930965139864,0.631821569153114,5.53757356,0.10528541,-0.867,0.02354104,106.585203014278,-163.615162899719,1282.8898285582,0.62778591217751,0.62841016041401,7.16937088617878,0.149757020619277,-1.00412881158851,-892.760668578624,-893.559950656549,-909.868045502929,-910.24147624946,0.363730635452673,-936.946888888951,0.111125192448849,1835.07658028608,1856.90252335249,NA,2402.16449421668,0.491566318415732,0.939083821934302
"178",-5.86,0.79,-5.86,0.83,1.359326,9.604077,-1.1484446,0.2002995,35,35,-6.03661024643004,0.776358422361762,-5.76638184588906,0.861428105767151,1.13948229785264,9.11507397319854,-1.19690809427939,0.224601523169986,1.13948229785264,10.4309268154579,-5.90149604615955,0.818893264064457,1.13948229785264,9.13332982031328,-1.1911610331591,0.226410735928659,1.13948229785264,10.9087018464827,3.34893587745572,0.0859763906704923,-0.522716778583874,-7.36900889430943,-6.59195733350522,1.90757572299976,9.96572642766374,-4.48419050091015,0.567292012444144,-4.35449927097163,0.656205002145302,5.60723177,0.13255706,-0.867,0.02021306,132.320192882679,-215.085142636521,1273.98957958189,0.0683514198562465,0.0620025038310445,6.19569746037043,0.147041969341667,-0.894711036785765,-880.980407114805,-882.774194668017,-897.813098991447,-900.6793763742,2.8421756725581,-937.326122617554,3.43500554135013,1811.51605735845,1832.79263032952,NA,2332.89401652726,0.489265488643885,0.989051251134666
"179",-5.86,0.79,-5.86,0.83,1.359326,9.604077,-1.1484446,0.2002995,35,35,-6.06049302238566,0.895082842913405,-6.23517954381168,0.877529428435504,1.37583523634496,8.51439272214008,-0.866622723527117,0.165860900969261,1.37583523634496,11.4389753417747,-6.14783628309867,0.886306135674454,1.37583523634496,8.52202156733205,-0.865856137298542,0.165937931559219,1.37583523634496,11.4890723314949,3.03339066727932,0.0805273843019342,-0.479202819790941,-6.68556229491447,-6.96482751750604,1.90584654689636,14.6902701291871,-4.24452718867873,0.638748624447779,-4.62521223810781,0.664042999560366,3.53222679,0.07785818,-0.649,0.02458534,93.6977042455525,-137.840165362268,1357.42055568716,0.785571248802946,0.753762435635514,8.86626396222731,0.188871057262174,-1.25437708571005,-920.795439798076,-920.958172641225,-949.90825425462,-950.189607535663,0.273864623682643,-949.643250087421,0.310357555357207,1891.14612272499,1936.98294085587,NA,2577.00094601206,0.463487813678329,1.1718156636376
"180",-5.86,0.79,-5.86,0.83,1.359326,9.604077,-1.1484446,0.2002995,35,35,-6.58338081582982,0.867197480198235,-4.94029473998911,0.690248213738993,1.4109443133156,11.9103558673028,-1.25366207698024,0.180674269361293,1.4109443133156,9.53604219659022,-5.76183777790946,0.778722846968614,1.4109443133156,12.5852888304582,-1.3263477959426,0.188502030086409,1.4109443133156,9.80040822339913,2.09527408801149,0.0533920815521265,-0.320714699308019,-7.37458386352552,-6.78571572812037,2.114603513176,10.8737834982704,-4.3373471132367,0.571362219303085,-3.77496402700591,0.524467012713992,6.16401393,0.09537932,-0.875,0.02845203,67.5439745640392,-85.5327059992411,1313.33857099441,0.670687754776428,0.656546868004931,9.51741001830048,0.192213392362427,-1.30219261187707,-920.725975547945,-922.297282783834,-944.459524595005,-946.194261966804,1.70622796374373,-965.354028877852,1.64348216406879,1891.00719422473,1926.08548153664,NA,2541.14443598957,0.323790721366595,1.25895223524969
"181",-5.86,0.79,-5.86,0.83,1.359326,9.604077,-1.1484446,0.2002995,35,35,-5.68703405430715,0.797185251665476,-6.52117086569476,0.895724913098078,1.41580360788621,11.2077696873145,-1.30599245326092,0.199477378608778,1.41580360788621,7.99296284031147,-6.10410246000095,0.846455082381777,1.41580360788621,11.3817157423425,-1.32654134300657,0.201904894827591,1.41580360788621,8.04592908174215,3.00960315649194,0.0811460954721603,-0.479588173157948,-6.89535184254974,-7.14241485021167,2.08394977176562,8.83813590050611,-3.4797195087821,0.479494245261206,-4.89471946546714,0.674196583639334,5.4614973,0.10092609,-0.897,0.03023544,58.7196169590342,-67.883990789231,1279.88885448105,0.170336414176447,0.120835648412302,9.77669525926661,0.201849681030366,-1.35891092314767,-917.314585243289,-917.744744110003,-934.216683021125,-934.627755671402,0.400502535286965,-955.19413042561,0.354292814896256,1884.18441361542,1905.59979838888,NA,2491.89371817286,0.463971321048869,1.28244341461402
"182",-5.86,0.79,-5.86,0.83,1.359326,9.604077,-1.1484446,0.2002995,35,35,-6.52740763213689,0.908133960225599,-5.53527737093881,0.774233712450726,1.46762148443183,6.20323285647895,-0.690736556425521,0.126991946118941,1.46762148443183,6.68428598343921,-6.03134250153785,0.841183836338163,1.46762148443183,6.44931347027519,-0.723948178375364,0.131474265207484,1.46762148443183,6.73396444929168,2.92140696636582,0.0746002268411975,-0.451244295302507,-7.07472172495483,-6.88033449065737,1.93194628945462,8.74654743575603,-4.75686614246183,0.665623290181368,-3.70257591418858,0.528468350784325,2.75439966,0.05365084,-0.761,0.03000904,67.1777872385557,-84.8003313482739,1252.59342893683,0.237043866408823,0.189411066803646,8.56993378880158,0.182967501418274,-1.20804366582436,-910.919041757928,-911.838841447978,-932.014851503536,-932.465940900345,0.439616079522369,-936.311184284434,0.238801248904183,1871.39332664469,1901.1961353537,NA,2420.38652652539,0.43845746734603,1.15589174322865
"183",-5.86,0.79,-5.86,0.83,1.359326,9.604077,-1.1484446,0.2002995,35,35,-5.68237309104832,0.756062928807573,-5.82350740966948,0.755221418147669,1.43216238089856,9.8771700727752,-1.0028011571387,0.166937290266639,1.43216238089856,10.4540834230893,-5.7529402503589,0.755642173477621,1.43216238089856,9.88214979674836,-1.0027714656303,0.166937467301687,1.43216238089856,10.4671342206131,2.36509506178514,0.0647996366745722,-0.371937054774141,-7.1356870376625,-7.28183485903782,2.10376742878368,12.503411002361,-3.9330079465743,0.521704959825966,-4.31233489112534,0.5608017752608,5.85438685,0.10150027,-0.813,0.02476462,91.4249606389035,-133.29467814897,1360.46775438222,0.879978998991118,0.869658630695683,7.57947984873172,0.154967087577515,-1.03690164334889,-927.126076174931,-927.17214374448,-953.96455894354,-954.044271630675,0.0774792882888756,-968.596651506546,0.0894726786316288,1903.8073954787,1945.09555023371,NA,2587.64083061548,0.399773674117214,1.0331811483955
"184",-5.86,0.79,-5.86,0.83,1.359326,9.604077,-1.1484446,0.2002995,35,35,-5.86353257026383,0.721321547654283,-6.95163507288594,0.943470842960005,1.39389118208025,7.5673992709634,-0.983558093433125,0.190836037162905,1.39389118208025,7.79952458745848,-6.40758382157489,0.832396195307144,1.39389118208025,7.86339103501652,-1.0439883944776,0.203173614514113,1.39389118208025,7.91299476983287,2.7615238015251,0.0657830830332671,-0.411654781060704,-7.52382667576861,-7.28842116249084,2.07917567223481,8.49623984251871,-4.32509643425661,0.538509406061635,-4.619802812172,0.628892978401608,4.1402238,0.11447982,-0.853,0.02653243,87.6654095675557,-125.775576006274,1342.39071317329,0.52220712881547,0.489327680433458,9.02667983417451,0.183805496273955,-1.2417087757393,-911.501253274604,-913.105687049594,-928.873035657066,-929.769917830242,0.87686241736916,-953.394256682632,0.333992997462576,1872.55774967805,1894.91250366076,NA,2559.00585034031,0.395842169344356,1.19261522648536
"185",-5.86,0.79,-5.86,0.83,1.359326,9.604077,-1.1484446,0.2002995,35,35,-5.52608282340708,0.757322111425217,-6.46482425768593,0.900167959209563,1.1858647306701,8.49844455429727,-1.06260443188647,0.189986279689392,1.1858647306701,9.04037601605231,-5.9954535405465,0.82874503531739,1.1858647306701,8.71875342440527,-1.09612826089393,0.195087513746699,1.1858647306701,9.08429191522599,2.22927146970942,0.0645431457250759,-0.365254448535381,-6.97189488582378,-7.05959772319683,1.85085460782372,9.40026666734425,-4.02597813907905,0.559308795724577,-4.49122081409532,0.624553935287566,4.7869983,0.12003463,-0.859,0.02342102,104.724358404741,-159.893473680644,1257.42970526436,0.801849346043306,0.749137683876977,7.49777915271139,0.149878918342563,-1.03060776580943,-881.519928940941,-882.258719681663,-898.508599397212,-898.814106830405,0.297427221753044,-928.077615148894,0.0475507607908739,1812.59510101072,1834.18363114105,NA,2354.96593684809,0.376095870051118,0.949222444796277
"186",-5.86,0.79,-5.86,0.83,1.359326,9.604077,-1.1484446,0.2002995,35,35,-5.25478905740539,0.694324908278815,-6.48142013709134,0.924588543764576,1.46937343775523,16.2355563915044,-2.14628483413239,0.337917899239142,1.46937343775523,8.37047058720797,-5.86810459724837,0.809456726021696,1.46937343775523,16.6117123429173,-2.21689696708447,0.351173234695922,1.46937343775523,8.46322275878191,3.55194738626937,0.0922660436560675,-0.553802065383999,-7.07592215439388,-6.93070207913357,2.61755590556965,6.66369432644631,-3.86487971927879,0.51604095819692,-4.61110673253351,0.654540612527953,9.79114753,0.19736892,-0.933,0.02858703,56.666372148145,-63.7775011674526,1298.39504552808,0.490909240717523,0.479721337440176,8.38391573722286,0.190286592833856,-1.22313665486162,-937.479453614067,-938.70812883875,-946.194152403808,-946.883629967432,0.673087611591067,-1002.30622708406,0.125102542508937,1924.51415035697,1929.55473715424,NA,2533.0125898887,0.538325646521466,1.15319131613269
"187",-5.86,0.79,-5.86,0.83,1.359326,9.604077,-1.1484446,0.2002995,35,35,-6.05371129145342,0.739153151278605,-5.6027856387044,0.825626469665596,1.31581294085694,8.71352730490152,-0.880290417129499,0.127955621703067,1.31581294085694,8.22239046728097,-5.82824846507891,0.782389810472101,1.31581294085694,8.76436079097829,-0.87054215774474,0.129825030401281,1.31581294085694,8.85570084994966,2.86929941986894,0.0737395176597664,-0.434937681219092,-7.60776931684522,-6.64165800983094,1.84083124752113,10.2335752439692,-4.58910672843162,0.566073907544872,-4.43656617821809,0.66070422350113,6.52456546,0.09773922,-0.884,0.02466296,97.8964277736253,-146.237612418413,1289.12827416374,0.0197157734566909,0.0167521634221827,5.17071204473266,0.108902285832169,-0.692358579617766,-893.245600499541,-896.543489842189,-918.035677177203,-922.684781813711,4.66962510145891,-929.444851661758,5.37117515431053,1836.04644412792,1873.23778670103,NA,2432.01893590906,0.469462893468066,0.81242226599761
"188",-5.86,0.79,-5.86,0.83,1.359326,9.604077,-1.1484446,0.2002995,35,35,-5.59320865938327,0.857457800370358,-6.13632222671558,0.79877933222703,1.28668418913485,5.44082097861283,-0.54608836183734,0.113907941720142,1.28668418913485,8.88503964976046,-5.86476544304943,0.828118566298694,1.28668418913485,5.51456406536793,-0.53812109379761,0.114768732376054,1.28668418913485,9.43292744390005,3.06346124385537,0.0763049751828905,-0.471037129465155,-6.44243819915833,-7.33514289547236,1.7143100616387,11.9066319392475,-4.04599412544653,0.62035532175905,-4.39897812137418,0.571758343552326,3.47255622,0.07826932,-0.777,0.02440029,102.116883365585,-154.678523602333,1273.99965109282,0.101141311401812,0.0895573588909317,6.15618569136014,0.132774101879241,-0.842682787920053,-888.631028630357,-890.790914292637,-917.408239748119,-921.184350356487,3.76896515558179,-916.858448475391,4.28608027624804,1826.81730038955,1871.98291184287,NA,2393.32077858331,0.437405802622706,0.946984190772719
"189",-5.86,0.79,-5.86,0.83,1.359326,9.604077,-1.1484446,0.2002995,35,35,-7.12954633360614,1.01729695989175,-5.09458035058909,0.717975740581775,1.25915791795495,8.7726449625238,-1.11479480409491,0.18559919806931,1.25915791795495,7.08393647057271,-6.11206334209761,0.867636350236762,1.25915791795495,9.80791660053295,-1.26707192891765,0.207997496151613,1.25915791795495,7.2860878796395,2.9934497022635,0.0808994899965997,-0.47696064985357,-7.02649552250218,-6.774807908838,1.92741281774466,7.19696574894049,-5.52722436108997,0.794659365074015,-3.8082090839682,0.549248330771806,5.92417249,0.13100877,-0.891,0.02400105,99.4944955518366,-149.433747974836,1230.16248305537,0.0781993160373077,0.0602403643014615,7.30265464975485,0.154319235834594,-1.03912196245739,-885.298857396709,-888.436597934762,-898.029985851192,-899.758916449594,1.70044579971416,-929.675378900546,0.477136658042229,1820.15295792226,1833.22640404901,NA,2310.89121813591,0.464684295213287,0.922775300156291
"190",-5.86,0.79,-5.86,0.83,1.359326,9.604077,-1.1484446,0.2002995,35,35,-6.15255179584931,0.784690157013913,-6.33064865426959,0.906666516525352,1.26753229180136,10.4556774114867,-1.31513592265449,0.219663039111021,1.26753229180136,8.67035655915939,-6.24160022505945,0.845678336769632,1.26753229180136,10.4636070342315,-1.32056682426212,0.223382597180937,1.26753229180136,8.90420749254092,2.43698839214715,0.05862864389153,-0.364535210652615,-7.43531212467261,-6.88670539692348,2.00002988659727,8.67085892248923,-4.5465606405854,0.582929949196396,-4.83890876374276,0.677616379557157,6.71999128,0.15144714,-0.9,0.02431453,98.7662491824472,-147.977255236057,1308.31746469393,0.433955252191309,0.41843824872631,6.52431523533835,0.138452833674376,-0.907016117505507,-897.966092764262,-899.348398744393,-912.197067541991,-913.869681463958,1.64439267287229,-944.523701101274,1.85168746445452,1845.48742865736,1861.56056743061,NA,2468.65767415179,0.353697608263381,0.914754597141548
"191",-5.86,0.79,-5.86,0.83,1.359326,9.604077,-1.1484446,0.2002995,35,35,-6.81585875634502,0.881800840523849,-6.45789643504047,0.876498633868626,1.34538988964631,15.4074158757992,-1.68620085953408,0.247017775000233,1.34538988964631,12.2548632511581,-6.63687759569275,0.879149737196238,1.34538988964631,15.4394501316676,-1.68667535708466,0.247024803349086,1.34538988964631,12.3241866359343,3.24710759294344,0.0852630664194759,-0.512528835702647,-7.52005876212954,-7.19368561602578,2.12065191031064,13.1129916860386,-5.13695121749744,0.673272346151827,-4.24342148547664,0.572912249233579,8.4506805,0.15439528,-0.897,0.02483425,89.0104673811035,-128.46569163337,1406.55108766925,0.58355282451822,0.504207561665017,11.3055669723376,0.199509870485681,-1.44306807424212,-926.114594363709,-926.335331957528,-948.872941571221,-949.238089908626,0.355642308445917,-972.100502034904,0.423533067283849,1901.78443185626,1934.91231548907,NA,2684.63648370513,0.482905352152125,1.43202316063248
"192",-5.86,0.79,-5.86,0.83,1.359326,9.604077,-1.1484446,0.2002995,35,35,-4.75725156954107,0.587483786678457,-7.05449524297403,1.04119768770704,1.51115872395432,9.46892441216156,-1.0525227315823,0.158669838514736,1.51115872395432,6.86156635876978,-5.90587340625755,0.814340737192749,1.51115872395432,10.7882565359435,-1.31309557875392,0.21013391451138,1.51115872395432,7.25969285101741,2.03621035739762,0.0543539433053601,-0.31842263182309,-7.21491642176743,-6.80905008033342,2.23596829447358,7.6888366264129,-3.17490665814361,0.400597099200346,-5.18748451413945,0.762042994106695,3.64716613,0.05539728,-0.806,0.03113083,58.9269549957564,-68.2986668626755,1274.69949924596,0.000339842094645329,0.00018005748752274,11.8636841006201,0.272378974046281,-1.75237259981807,-922.080845637146,-929.745043419828,-940.773689326522,-944.231796626819,3.44366507097385,-968.096470233582,1.00898744513483,1893.71693440313,1918.71381099967,NA,2481.10033162923,0.328208926180149,1.59934854175537
"193",-5.86,0.79,-5.86,0.83,1.359326,9.604077,-1.1484446,0.2002995,35,35,-6.97120350392075,0.997768104952826,-6.00320906266334,0.926818009451762,1.5444312815786,8.23891349053034,-0.789144107144192,0.124051341872946,1.5444312815786,8.05436982723519,-6.48720628329205,0.962293057202294,1.5444312815786,8.47316680010667,-0.806313931657123,0.125309820885849,1.5444312815786,8.2300739627763,3.25764366547261,0.0782107597621053,-0.490375574977676,-6.98450055706476,-6.43920842505974,1.91996305235553,11.6136466994636,-4.64321977653645,0.676399080707934,-4.43328896353167,0.681406543687252,4.34584382,0.06130301,-0.781,0.02902051,65.8808379956316,-82.2064328624259,1316.49795499759,0.762515349894049,0.743789948461067,9.0802939646912,0.201292010913988,-1.30855096428135,-929.033284686659,-929.939008811359,-955.997862232318,-957.343231906284,1.31957070947733,-943.812112604834,1.46107291595942,1907.62181250216,1949.16215681126,NA,2550.78947713275,0.458537380447264,1.23420417403837
"194",-5.86,0.79,-5.86,0.83,1.359326,9.604077,-1.1484446,0.2002995,35,35,-5.6691564336293,0.687878581402009,-6.00710439429548,0.799626462139042,1.58320439781554,8.95558575385304,-1.27607324103569,0.21365357299554,1.58320439781554,4.14900783169019,-5.83813041396239,0.743752521770525,1.58320439781554,8.98413795988266,-1.28551448313666,0.216775470207845,1.58320439781554,4.22592995636164,2.0768519664477,0.0581109399604811,-0.330259357965488,-7.528695078035,-7.20087808224814,2.4201267100868,3.51301316328009,-4.29678214980113,0.535538193406164,-4.47858016176839,0.59594919082288,5.16646992,0.11160479,-0.937,0.03019718,73.0884289344259,-96.6216147400144,1240.61897508385,0.518354647516324,0.482772972718933,7.18562779107735,0.16049988639303,-1.03508840366822,-918.266311774364,-919.221126029324,-922.561633025998,-923.599643567258,1.01586648314371,-964.559532678644,1.17086058975747,1886.08786667756,1882.28969839862,NA,2384.61633542768,0.356377354213503,0.997487831640959
"195",-5.86,0.79,-5.86,0.83,1.359326,9.604077,-1.1484446,0.2002995,35,35,-5.98585301827154,0.705527425816922,-5.73751164846947,0.826882617309809,1.34825609202637,10.1943216905918,-1.24574082131072,0.215677739291756,1.34825609202637,9.22580753351967,-5.8616823333705,0.766205021563365,1.34825609202637,10.2097400495806,-1.23820644268874,0.219359509917324,1.34825609202637,9.86240794001969,2.92375801012949,0.0810908333613581,-0.469394140510807,-7.74024441464136,-6.76890021698488,2.16023225554725,9.3651701119088,-3.99471986828746,0.472876938865555,-3.92307694982376,0.57066033651199,4.73117189,0.12540587,-0.853,0.02521319,91.0942051364788,-132.63316714412,1328.57726574648,0.074144480278669,0.0676823430550262,9.39247123621071,0.180617954240112,-1.23200233727862,-913.904919166783,-916.728940326583,-931.232842088978,-935.460375912421,4.23329184517727,-965.82852849663,5.0143700561056,1877.3650814624,1899.63211652458,NA,2524.52136434884,0.473378388079514,1.3000104193577
"196",-5.86,0.79,-5.86,0.83,1.359326,9.604077,-1.1484446,0.2002995,35,35,-5.33856487496924,0.704966738350262,-6.63652158804078,0.943626728804695,1.39119547739105,7.0852953868501,-0.816515670830933,0.15495110774098,1.39119547739105,8.17545506009954,-5.98754323150501,0.824296733577478,1.39119547739105,7.50646829410197,-0.893958255018912,0.169190755501908,1.39119547739105,8.2761031232684,2.51271616860684,0.0631046278664608,-0.380570826109093,-7.09629670217643,-6.97237895012156,1.98402129533011,9.7779068011944,-3.43081695739809,0.459623411072122,-4.7918199325975,0.687303320578776,3.67941107,0.09982377,-0.818,0.02637527,84.5255870637184,-119.495930998599,1285.99628974445,0.0890559314007666,0.0607909463234912,8.61000207286454,0.175848246617378,-1.18828260103475,-909.463002264403,-911.538064682195,-931.327161738205,-932.090829958404,0.745910502602171,-946.34813117511,0.0854541701635167,1868.48124765764,1899.82075582304,NA,2452.49664849031,0.388957311311334,1.13115619691236
"197",-5.86,0.79,-5.86,0.83,1.359326,9.604077,-1.1484446,0.2002995,35,35,-6.08118001362631,0.830483593397673,-6.00831316877499,0.856315759758755,1.32391644234554,9.94774161511623,-1.18184654560201,0.198854255274258,1.32391644234554,9.06463621108403,-6.04474659120065,0.843399676578214,1.32391644234554,9.94906900938587,-1.18137596848741,0.199021080478985,1.32391644234554,9.09974330138783,3.24741468014856,0.0814342638160179,-0.496438315423619,-7.09111489843413,-6.86434669098835,1.98632526481593,9.97004782156077,-4.25817639527032,0.58522075321238,-4.44138103442318,0.641006655971889,4.31202249,0.08887068,-0.797,0.02446866,98.4122769879012,-147.269310846965,1287.19753624407,0.768770993641625,0.719452281985748,8.56477359312487,0.179294275897651,-1.20596019129477,-907.566438799506,-907.731614294033,-925.657449934609,-925.901196468226,0.237195074972463,-947.250934558438,0.280835760404148,1864.68812072785,1888.48133221584,NA,2427.12576164117,0.483314661384361,1.10376253562188
"198",-5.86,0.79,-5.86,0.83,1.359326,9.604077,-1.1484446,0.2002995,35,35,-5.46922936055618,0.750547672912458,-6.59536628748771,0.897229443014787,1.38054369987524,10.6371619757685,-1.22269621421163,0.200240340021325,1.38054369987524,9.34031054926335,-6.03229782402195,0.823888557963622,1.38054369987524,10.9542080703182,-1.26399215366661,0.205619225441413,1.38054369987524,9.41527396218567,2.26083226494653,0.0633635938185286,-0.362457598293527,-6.95540177461172,-7.20764667208779,2.08174005267318,10.3413962394167,-3.87167929464922,0.533631231524414,-4.36357215204525,0.587684367243289,4.79191781,0.09406381,-0.804,0.02538246,88.6910460792692,-127.826849029701,1322.26680042231,0.780807597375227,0.752876332010613,9.53756511108242,0.195191744670448,-1.33125495968334,-918.251139470928,-919.064396921517,-937.810339152341,-938.315982510027,0.492974756844292,-959.910967231036,0.320699822248419,1886.05752207069,1912.78711065131,NA,2516.70675181493,0.378439185248121,1.20254766464883
"199",-5.86,0.79,-5.86,0.83,1.359326,9.604077,-1.1484446,0.2002995,35,35,-5.61205049087718,0.806115121871454,-5.28729373387508,0.722022734483987,1.23419617043581,11.8433870727815,-1.43280798588823,0.220349153029654,1.23419617043581,8.93768693159197,-5.44967211237613,0.76406892817772,1.23419617043581,11.8697538105861,-1.43963537864236,0.222117035433785,1.23419617043581,8.97244232512399,2.69431203600828,0.0742568662154958,-0.433902985158907,-6.7671664232134,-6.94341034969446,2.05731666291584,8.41919960738079,-4.29329790699781,0.624832354980115,-3.83596713146432,0.523668666364261,7.83073762,0.1510369,-0.899,0.02380939,92.4789433358521,-135.402643542867,1234.6203078559,0.560050429397594,0.493486478276392,6.06800559418382,0.130243758783726,-0.863396886340617,-892.591782996433,-892.946908458274,-907.576153194323,-907.820539354453,0.237818596665999,-950.519758390998,0.190748063194268,1834.7388091217,1852.31873873527,NA,2333.83797216893,0.42365243078345,0.79892377306549
"200",-5.86,0.79,-5.86,0.83,1.359326,9.604077,-1.1484446,0.2002995,35,35,-4.90297994538964,0.651281825661755,-6.01570914996971,0.8002942023101,1.43235570996081,5.99381915960102,-0.685648695819317,0.144468931413579,1.43235570996081,8.10957256297575,-5.45934454767968,0.725788013985928,1.43235570996081,6.30336073028237,-0.727101301654442,0.150020103512176,1.43235570996081,8.17493744630213,2.31488807597855,0.0607064178707325,-0.357767552309212,-6.98055259036014,-7.20550461477421,2.09970589848953,9.52309029826124,-3.47348615586937,0.461441076596503,-4.46600041006435,0.593336484139995,3.25410726,0.06172032,-0.728,0.02835864,72.5786668061971,-95.6020904835569,1281.50553527455,0.313134070990335,0.271155059571067,7.17240725255322,0.165275386109329,-1.0460938863587,-913.483475816419,-914.663377208728,-937.966194047514,-938.466679028747,0.487927620694189,-959.395233639806,0.27253670930365,1876.52219476168,1913.09882044166,NA,2467.40898006554,0.371957588749688,1.02714856161781
"201",-5.86,0.79,-5.86,0.83,1.359326,9.604077,-1.1484446,0.2002995,35,35,-5.37256840177603,0.696795764415823,-6.78505065851301,0.947248473554141,1.50604061268619,8.80991705880148,-1.04316351395448,0.186868051975274,1.50604061268619,8.10501580207893,-6.07880953014452,0.822022118984982,1.50604061268619,9.3086935902007,-1.13160351590687,0.202549691853955,1.50604061268619,8.20126477160777,2.86797382316769,0.0752835618773503,-0.449892391950155,-7.1789807772832,-7.0993306025748,2.20009965004712,9.27073334465879,-3.27143745447941,0.415377062348399,-4.4793444366236,0.628386397341157,3.46433515,0.08877492,-0.787,0.02913685,64.6054162698896,-79.6555894109418,1319.28559102772,0.116318262026729,0.0826117321248939,11.9590891506803,0.246715825546695,-1.67584667017708,-930.973733386934,-932.939122549192,-950.22126626641,-950.957351340907,0.718826860955724,-969.988476675685,0.0334100111814763,1911.50270990271,1937.60896487945,NA,2558.9155926445,0.436746630515604,1.51404345017863
"202",-5.86,0.79,-5.86,0.83,1.359326,9.604077,-1.1484446,0.2002995,35,35,-5.01301433555396,0.705439261192913,-6.77863126258437,0.988483278854934,1.42946895407642,8.70101663916275,-0.894396591040235,0.157310069126758,1.42946895407642,9.86012823269901,-5.89582279906917,0.846961270023924,1.42946895407642,9.48036742241684,-1.01933341820993,0.177338548110323,1.42946895407642,9.98853242536575,2.80744692676419,0.0773718359369279,-0.451273748488665,-6.76793099393928,-6.84724490698689,2.02436014833672,12.2496738647471,-3.73522159546268,0.528571783749603,-4.8072534910607,0.710103856531656,5.13722308,0.12836133,-0.809,0.02547351,81.4038660348032,-113.252488940769,1317.9969119142,0.287965918931009,0.281300550082476,8.32075886242644,0.165631860997527,-1.1385669931326,-923.30693811434,-926.174023342017,-949.775988382835,-950.598775382136,0.803994659570288,-958.506084357359,0.0279095444280572,1896.16911935752,1936.7184091123,NA,2522.74133488763,0.444616795830482,1.06193450647977
"203",-5.86,0.79,-5.86,0.83,1.359326,9.604077,-1.1484446,0.2002995,35,35,-5.47275871473529,0.693775129885565,-6.00567371540028,0.804984168716163,1.42899908459457,7.04475363336675,-0.796783391543209,0.170735230713009,1.42899908459457,9.90614828840357,-5.73921621506778,0.749379649300864,1.42899908459457,7.11575323285018,-0.811599632793798,0.173827093292416,1.42899908459457,9.93567322305552,3.30134595247182,0.0796406714066386,-0.500431513090881,-7.29716724912471,-7.16752757397918,2.13020488414656,11.5364524130254,-3.69645784791972,0.491746724602307,-4.71992892383605,0.62887941792502,3.18095158,0.10936168,-0.757,0.02191242,121.391412495999,-193.22758186316,1339.66629040432,0.269684929985048,0.215957789547745,8.3208783867708,0.155749447131042,-1.0936787167728,-923.264733307548,-923.695497149797,-949.991443103215,-950.180689836449,0.18408841538195,-969.055752427781,0.0748905115323168,1896.08470974393,1937.14931855306,NA,2486.10499894549,0.457527325242541,1.07551969969509
"204",-5.86,0.79,-5.86,0.83,1.359326,9.604077,-1.1484446,0.2002995,35,35,-5.17656591097244,0.715521918141867,-5.55811407410283,0.758124484310146,1.22666891786701,9.86083349648189,-0.986248606098842,0.133994804040102,1.22666891786701,9.14651130284369,-5.36733999253764,0.736823201226007,1.22666891786701,9.89722824667894,-0.990312338815379,0.134448548701132,1.22666891786701,9.16143781720014,2.37974229778157,0.0617676820206245,-0.367072792568921,-6.87141270834315,-6.99914580650101,1.83030504805352,10.6285681511561,-3.13333836478097,0.431053817836622,-3.75975442835357,0.518937942221906,3.41172421,0.05387677,-0.779,0.02900522,67.4470630026134,-85.3388828763894,1220.91943190875,0.578850104576443,0.533737963113628,9.59842451288168,0.181404024944485,-1.29001636366114,-880.918300505631,-881.020181598143,-907.533039726759,-907.635940929331,0.100034676544822,-929.249398986515,0.0912229544276387,1811.3918441401,1852.23251180015,NA,2356.49998094111,0.374949857656973,1.160369874125
"205",-5.86,0.79,-5.86,0.83,1.359326,9.604077,-1.1484446,0.2002995,35,35,-7.18591781575341,0.935440504379139,-5.75981412544431,0.830402438175161,1.19123485183468,10.7112591695623,-1.50837785117498,0.282136004128132,1.19123485183468,10.1927496038241,-6.47286597059886,0.88292147127715,1.19123485183468,11.2197021034406,-1.54582664463408,0.2848942529661,1.19123485183468,10.6838026942178,3.22797001928249,0.0813828346117518,-0.503278844504067,-7.57054658461388,-6.77023251206734,2.07605261028879,8.85475586261475,-5.354982319911,0.692722218930662,-4.23284348234572,0.628767697857355,6.23384337,0.1925775,-0.892,0.01929333,140.638324948608,-231.721406768378,1333.1217903736,0.0363364278204957,0.0287663396813174,7.99567424580448,0.144142375591758,-1.03144373451179,-894.412961942386,-896.842766044942,-907.221178730912,-910.226788728091,2.98332503885932,-954.323012373342,3.72549207316381,1838.38116701361,1851.60878980845,NA,2434.52217397882,0.450077680568255,1.01985100920048
"206",-5.86,0.79,-5.86,0.83,1.359326,9.604077,-1.1484446,0.2002995,35,35,-5.5982414146258,0.805166674767886,-7.41808653977189,0.991164513052603,1.18575996650168,11.470320130555,-1.35087343896315,0.214273548111222,1.18575996650168,10.4012179993755,-6.50816397719885,0.898165593910245,1.18575996650168,12.2982792004345,-1.43549525378569,0.222922347072869,1.18575996650168,10.839847540886,2.80410470913141,0.0725725364488228,-0.434914907281044,-6.7590079493756,-7.47072608464718,1.8770536682287,10.7433176706116,-4.37389486639912,0.619134855074654,-5.48359820867462,0.732279267102487,5.27497131,0.108502,-0.838,0.02253255,115.186504047092,-180.817764965346,1319.95354877018,0.274945189179069,0.271157466060162,9.87492696814989,0.187410676480174,-1.32607887625981,-889.430600263904,-891.662654886036,-907.384347980099,-910.02688725114,2.61610722857444,-935.77215490712,2.73461081203072,1828.41644365665,1851.93512830683,NA,2459.08933257502,0.42942442692865,1.21037270264915
"207",-5.86,0.79,-5.86,0.83,1.359326,9.604077,-1.1484446,0.2002995,35,35,-5.30306892062757,0.738508775214711,-5.91190818264581,0.857489740741423,1.32160767441975,7.5319425763394,-0.97862857926722,0.185002715628607,1.32160767441975,7.70019282472983,-5.60748855163669,0.797999257978067,1.32160767441975,7.62461388808312,-0.996738650078595,0.188541833168024,1.32160767441975,7.73062139650626,3.59757722368595,0.0917830839547435,-0.559748898135359,-6.86096597186298,-6.76094742995527,2.00120720629142,8.18728956003686,-3.98439662254679,0.550138260380168,-4.45494517014759,0.640399633463874,3.92228836,0.08225274,-0.796,0.02657885,83.4549272191877,-117.354611309538,1234.33570150293,0.646592522661603,0.647220846947689,6.82461637484357,0.163848331975697,-1.03046520250866,-898.684072731235,-899.164790720396,-915.032032530108,-915.276427560767,0.237827243887705,-942.872512238506,0.0647483248386086,1846.92338859131,1867.23049740684,NA,2351.31679169633,0.523182678801357,0.948654636626517
"208",-5.86,0.79,-5.86,0.83,1.359326,9.604077,-1.1484446,0.2002995,35,35,-6.17428721608919,0.782779316306894,-5.5909445997754,0.829910890471385,1.51004218119158,8.17510512560673,-0.88352600415855,0.151106781538686,1.51004218119158,7.86840144329543,-5.8826159079323,0.806345103389139,1.51004218119158,8.26017727760869,-0.876652540212526,0.151662127859491,1.51004218119158,8.30437139987535,3.53363301789395,0.10433966365526,-0.594936848181775,-7.46843183937702,-6.60429150041982,2.07057485688505,9.90842784014853,-4.72891728019539,0.605072253689259,-3.73220186381085,0.553925184664127,3.69466587,0.08445589,-0.794,0.02576062,91.4884338416239,-133.42162455441,1295.52803508364,0.0705002654829427,0.0513834617436334,9.36001312561551,0.18166662212639,-1.24667785275593,-926.698411888397,-928.730694650538,-949.028208759168,-952.387492885911,3.34287495181524,-957.231068262929,3.93425422693334,1902.95206690563,1935.22284986496,NA,2457.63444561288,0.567767703060296,1.25017651955668
"209",-5.86,0.79,-5.86,0.83,1.359326,9.604077,-1.1484446,0.2002995,35,35,-5.97365817284767,0.804763749291626,-5.77365160717938,0.865221080732058,1.30327450226762,4.81412661807192,-0.546464258193319,0.136186021661973,1.30327450226762,9.35245298828049,-5.87365489001352,0.834992415011842,1.30327450226762,4.82412727464953,-0.543441292385601,0.137099793893198,1.30327450226762,9.56937958606601,2.64742653118558,0.0711103297049782,-0.420931516338187,-7.13682523332007,-6.57662953146204,1.79020991590874,11.9926769989408,-4.06861872477329,0.559794527420899,-4.35298059127327,0.661928956520885,3.2909847,0.1085475,-0.784,0.0243307,98.5115279844014,-147.467812839965,1281.57208799572,0.46025670791737,0.393604139231406,5.85685691637696,0.123694106173272,-0.799669115237016,-894.073220359502,-894.901325339134,-923.781112562714,-925.232745059295,1.42488052504211,-927.704944140655,1.60555026218713,1837.70168384784,1884.72865747206,NA,2415.67636315148,0.407420231682291,0.867014953202426
"210",-5.86,0.79,-5.86,0.83,1.359326,9.604077,-1.1484446,0.2002995,35,35,-6.25396109029037,0.86926978083712,-6.46288271025152,0.864800781616381,1.42391219955929,10.1076411312451,-1.33266089054786,0.26274184942784,1.42391219955929,10.376805193989,-6.35842190027095,0.867035281226751,1.42391219955929,10.1185531920669,-1.33242747290866,0.262746842416349,1.42391219955929,10.4109304565895,3.28027101889608,0.0911359262165382,-0.530364056877488,-7.03281790702844,-7.26836466790466,2.25487319163972,10.665349547923,-4.35589331797122,0.60305940505682,-4.26728046178494,0.568570011304393,5.67095105,0.13836592,-0.836,0.02523746,85.2803615823091,-121.005480035781,1376.81606778873,0.906692832647949,0.899009245246835,9.79050852358343,0.217899565173255,-1.40838234263307,-933.326484151216,-933.458156416248,-952.075244415203,-952.284898432991,0.203969200251126,-980.469647321236,0.251004411322213,1916.20821143127,1941.31692117703,NA,2632.62665554167,0.519416099180622,1.354009417247
"211",-5.86,0.79,-5.86,0.83,1.359326,9.604077,-1.1484446,0.2002995,35,35,-5.71149484095151,0.750945225094302,-5.34349090078471,0.725739935734917,1.18700280214536,10.5328247944315,-1.46482596154698,0.247982319463639,1.18700280214536,7.40281483374998,-5.52749287086811,0.73834258041461,1.18700280214536,10.5666815194261,-1.4671448729963,0.248141146116561,1.18700280214536,7.43898440232564,3.80572248345159,0.102230294793903,-0.605745984301613,-7.19529874198212,-6.97746139345052,2.12517044262689,5.75352537213372,-4.13539188770036,0.542766613724899,-3.9104005267761,0.526496804802809,5.0998798,0.12803382,-0.896,0.02551162,90.5840424111076,-131.612841693378,1211.32086598911,0.880275541033049,0.857967393944882,7.12220098004323,0.147005122053802,-1.0000707448899,-878.780304689936,-879.00170351245,-886.280265396749,-886.58093086097,0.292703184802514,-946.825885703172,0.393448000930221,1807.11585250871,1809.72696314013,NA,2291.02889028485,0.583333131894008,0.895171649832338
"212",-5.86,0.79,-5.86,0.83,1.359326,9.604077,-1.1484446,0.2002995,35,35,-5.60248568386635,0.718162698734059,-6.2469946359906,0.959642759580767,1.23823510157739,7.76188112062277,-0.879294291866916,0.149014575948459,1.23823510157739,8.34518233483874,-5.92474015992847,0.838902729157413,1.23823510157739,7.86572906796484,-0.918203307110718,0.163592730895091,1.23823510157739,8.89552807335053,3.13026747957673,0.0843141943135802,-0.499163521221298,-7.28159939382307,-6.48743263117284,1.79989591292781,9.69809994708434,-4.10654418272001,0.54021039758837,-5.07932918204429,0.765963167487628,6.92764832,0.12381276,-0.899,0.02427217,97.359033446583,-145.162823764329,1253.14925799044,0.0253614246169492,0.0180209130900905,4.87832099980507,0.132562941615704,-0.751081884710133,-883.716454014821,-887.765704035013,-904.073477765762,-908.079017284371,4.00457785390523,-922.225761627746,3.8977711230367,1816.98815115848,1845.31338787815,NA,2361.13569221654,0.479900209503474,0.868298437506117
"213",-5.86,0.79,-5.86,0.83,1.359326,9.604077,-1.1484446,0.2002995,35,35,-5.87874009713712,0.742871774645885,-5.94145307888163,0.845143602442523,1.2530224318774,12.7988014994147,-1.73940437368309,0.278982013519718,1.2530224318774,7.49684956915829,-5.91009658800938,0.794007688544204,1.2530224318774,12.7997847289345,-1.74100781650048,0.281596895209935,1.2530224318774,7.72403359187112,2.5641763409636,0.0655679525933846,-0.391796686329676,-7.41064352677414,-6.86404742336804,2.21318883343722,5.81386907960692,-4.138178363852,0.524565708267129,-4.12160836001109,0.586239383497463,7.42795947,0.16787149,-0.928,0.02472895,91.8849248372866,-134.214606545736,1245.68984689611,0.26648739927215,0.251753184814905,7.85137398194906,0.163146566700794,-1.09716394567996,-893.375668469505,-894.929091891582,-900.320414862131,-902.167451870335,1.81814605739844,-957.079909681603,2.35758722153447,1836.30658006785,1837.80726207089,NA,2357.16508724648,0.402484591165642,1.02425336839739
"214",-5.86,0.79,-5.86,0.83,1.359326,9.604077,-1.1484446,0.2002995,35,35,-5.95036757617576,0.78345077970047,-5.25911032050805,0.749238928190355,1.37539225551912,9.72649834374145,-1.23569978346164,0.202524452316408,1.37539225551912,6.88468626503855,-5.6047389483419,0.766344853945412,1.37539225551912,9.84595749211976,-1.24161208110819,0.202817065012345,1.37539225551912,7.03772794156614,3.68782754958876,0.0914353771624021,-0.568223361983217,-7.24051179431911,-6.75307989695425,2.13815608018864,6.81652580741435,-4.0232263135809,0.535723575771938,-3.87200683340793,0.557443345102636,5.0077198,0.1198715,-0.886,0.0290919,61.415010420113,-73.2747777113887,1228.88799596492,0.569281053104104,0.559260945811193,7.3127071482037,0.140983785621837,-0.982569585855987,-905.743995647914,-906.628464410843,-917.91549838363,-919.26117965289,1.31987927662016,-953.434521913434,1.69169350736802,1861.04323442467,1872.99742911389,NA,2384.50121421846,0.515366092355979,0.929113880005633
"215",-5.86,0.79,-5.86,0.83,1.359326,9.604077,-1.1484446,0.2002995,35,35,-6.31985838111457,0.816754402621888,-5.27879136873255,0.815681557025675,1.30980386786459,11.1450222308632,-1.33996585865516,0.20513195607594,1.30980386786459,7.96513085919013,-5.79932487492356,0.816217979823782,1.30980386786459,11.4159773619308,-1.34024508469506,0.205132243825358,1.30980386786459,8.68030386468711,3.69018671574123,0.0947070230193983,-0.574951955273631,-7.41158823186439,-6.37691295592456,2.01773739037819,8.1826788518148,-4.39161526057052,0.573568148798072,-3.39964799677483,0.529497637444386,5.77879675,0.12786013,-0.898,0.02759311,71.1852512220767,-92.8152593153159,1248.78692241218,0.0303864193978083,0.0268925130825926,9.53784748856209,0.17942351183507,-1.25342753217107,-900.046133837713,-903.47617814939,-914.933835194158,-920.306376364689,5.42454595896306,-944.87035649425,6.87576566044265,1849.64751080426,1867.03410273494,NA,2404.75858550904,0.54254821392048,1.24781836154099
"216",-5.86,0.79,-5.86,0.83,1.359326,9.604077,-1.1484446,0.2002995,35,35,-5.89210042039744,0.769481725738358,-4.99872420337518,0.752744212557433,1.39659040568101,6.68721412785952,-0.849940272420426,0.177693270460729,1.39659040568101,8.31588496863907,-5.44541231188631,0.761112969147896,1.39659040568101,6.88674439414477,-0.853678496472409,0.177763306547599,1.39659040568101,8.7109754708062,2.91264931653747,0.0762008055884542,-0.457420665973567,-7.26546864727758,-6.47181020262411,2.09244070640501,9.25840851413999,-4.09365413422748,0.515597752963054,-3.90412531569981,0.585102119223942,4.41424076,0.08544437,-0.823,0.02657884,82.091387319601,-114.627531510365,1260.051049541,0.100426747084049,0.0927273813829954,6.41919299902474,0.164554040659047,-0.966307124676118,-912.139021167917,-914.06349776002,-933.338642767273,-936.246144109816,2.88390788827969,-957.654441944647,3.49205515579774,1873.83328546467,1903.84371788117,NA,2405.47456757164,0.437517418359146,1.06925579149775
"217",-5.86,0.79,-5.86,0.83,1.359326,9.604077,-1.1484446,0.2002995,35,35,-4.82857014782458,0.612509204721172,-6.09779081753343,0.847317126118214,1.29609130659485,6.41375244042694,-0.749481790740244,0.160621315971443,1.29609130659485,9.70122480916604,-5.46318048267901,0.729913165419693,1.29609130659485,6.816482717531,-0.82398755755237,0.174405005959142,1.29609130659485,9.8071216367528,2.40303534176952,0.0663971710745637,-0.379120254800611,-7.1371400351752,-7.00743587040239,2.02904562382924,10.6250291794105,-3.67836322347228,0.4732440397527,-4.36495106319141,0.609790645842726,3.79664167,0.09073173,-0.775,0.02346421,106.419945609836,-163.284648090835,1278.52867863202,0.380514402728481,0.357544451772801,6.67810565180482,0.150117465836556,-0.95336789635627,-899.147488626126,-901.170854935964,-924.746452261351,-925.435750980663,0.672912157656204,-954.494056306532,0.0848728801467397,1847.85022038109,1886.65933686933,NA,2393.7727091732,0.410427776994524,0.974888962043369
"218",-5.86,0.79,-5.86,0.83,1.359326,9.604077,-1.1484446,0.2002995,35,35,-5.92692059309002,0.837438481642371,-6.03203596602395,0.856688493506349,1.34258217503063,9.62180526320246,-1.12559071749502,0.175300151064607,1.34258217503063,7.50092004290943,-5.97947827955699,0.84706348757436,1.34258217503063,9.62456757360922,-1.12609658553904,0.175392791803798,1.34258217503063,7.50159314701463,2.3476796717508,0.0635730768771208,-0.370089304646997,-6.89542005345107,-6.88584883702138,1.93161501781239,8.50866696587178,-4.47111934751562,0.637993554312427,-4.2344890380143,0.600473961466264,5.26973646,0.10386352,-0.88,0.02714613,77.2496915579403,-104.944139987043,1235.69932818148,0.93865104240625,0.912025410006092,7.62155816330954,0.154880849370556,-1.05528496278625,-900.675743812899,-900.689509956308,-917.267804343746,-917.27334673467,0.00538425004848868,-935.404340790705,0.000593527744646876,1850.90673075464,1871.70204103412,NA,2366.45451637591,0.381544844513101,0.975928634472212
"219",-5.86,0.79,-5.86,0.83,1.359326,9.604077,-1.1484446,0.2002995,35,35,-6.14329043989079,0.810158016833134,-5.05973111881967,0.712607674357171,1.31418536653251,5.38090323897217,-0.494858968564652,0.0951908003578313,1.31418536653251,8.26927768677946,-5.60151077935523,0.761382845595152,1.31418536653251,5.67442843954218,-0.521284364280528,0.0975698176871258,1.31418536653251,8.45341127815757,2.23420468860799,0.0631918022344712,-0.357826795090907,-7.27431985022449,-6.77194022654128,1.77202408698265,11.0520336234491,-4.89676272261131,0.654127803387927,-3.60453594652214,0.52590525095576,4.20474146,0.10411188,-0.805,0.02513442,91.9030913778013,-134.250939626765,1264.43414678494,0.111406473175587,0.0903861563374557,5.63231291661639,0.0949647266570351,-0.700174194786187,-888.412650967897,-889.737269287623,-918.087423498016,-919.464337573783,1.35081552595732,-922.573049732779,1.40630991400097,1826.38054506463,1873.34127934266,NA,2394.61735394312,0.384479615879774,0.714284326538607
"220",-5.86,0.79,-5.86,0.83,1.359326,9.604077,-1.1484446,0.2002995,35,35,-5.36890383892018,0.785468655012106,-6.84042844401157,1.03018621535817,1.24816385432532,10.0888914473679,-1.28112394046713,0.23357541886307,1.24816385432532,10.3966141705683,-6.10466614146588,0.907827435185138,1.24816385432532,10.6302376132152,-1.37115091830393,0.248547089948502,1.24816385432532,10.5033736177879,3.05322241577353,0.0814789947614463,-0.483483383452022,-6.64702607812203,-6.6605867841889,2.00983449164068,10.4679737811463,-4.27171411960898,0.627692289775864,-4.99333837963125,0.74820031009825,7.55865078,0.15411579,-0.884,0.02312284,96.9458706313959,-144.336498133954,1280.61057583406,0.601230477535282,0.544998755180842,6.66449451214814,0.168580679696588,-1.02020977650767,-902.489720912309,-904.200476231219,-919.92204382005,-920.574726739884,0.636999928423991,-951.68725260403,0.000949433562827458,1854.53468495346,1877.01051998673,NA,2416.88465353416,0.468910811226218,1.00972458748603
"221",-5.86,0.79,-5.86,0.83,1.359326,9.604077,-1.1484446,0.2002995,35,35,-5.38775413685518,0.713855052800583,-6.02212190379391,0.890059191040236,1.5340968424759,3.56581995385281,-0.513191668282987,0.135119328762748,1.5340968424759,5.90924059131479,-5.70493802032455,0.801957121920409,1.5340968424759,3.66642556978552,-0.5411362247081,0.142881303345942,1.5340968424759,6.05264509173273,2.52868464410672,0.0618619978282967,-0.372490136350501,-7.09253168659482,-6.67712079421361,2.07370318326804,7.32446721017634,-4.12943098687518,0.566440922043124,-4.2475248482186,0.629025041559648,1.8052565,0.0625364,-0.733,0.02957117,73.134694401488,-96.7141456741386,1231.89874387285,0.571157894202071,0.545217687033984,6.51659540479944,0.160200198631641,-0.97448911683462,-911.893340263283,-913.235347664987,-935.425811247269,-936.863821596492,1.41137161161799,-948.139164161606,1.18959650568342,1873.3419236554,1908.01805484117,NA,2367.08334207156,0.405202600851671,1.00129883876162
"222",-5.86,0.79,-5.86,0.83,1.359326,9.604077,-1.1484446,0.2002995,35,35,-5.40589940608843,0.760586150150607,-5.93635745512821,0.817512044235178,1.45971893271555,10.7281116725608,-1.37352036595468,0.25848678722765,1.45971893271555,10.0545774168142,-5.67112843060832,0.789049097192893,1.45971893271555,10.7984581080086,-1.38106956563367,0.259296926581982,1.45971893271555,10.0814495999774,3.45981098387185,0.0868038577470197,-0.534912550769239,-6.83226517041395,-7.02357347320083,2.35993224363057,10.1095297362499,-3.6357006825939,0.515302985469638,-3.74635950674052,0.512013154776832,6.59409302,0.17005319,-0.889,0.02998386,44.6954321396399,-39.8356211504425,1320.74900332788,0.913802376689667,0.94502407935829,8.28503191236704,0.168168804205974,-1.11485065424975,-938.06238676447,-938.259756075707,-956.148759244466,-956.318713296657,0.165298806657144,-989.918058421116,0.166119031045887,1925.68001665778,1949.46395083556,NA,2601.66238550532,0.492808917946035,1.18046400867079
"223",-5.86,0.79,-5.86,0.83,1.359326,9.604077,-1.1484446,0.2002995,35,35,-5.56448908014121,0.665634058389417,-6.74584263085874,0.924481047878504,1.30773816252251,13.8553033183975,-1.69748848094178,0.279881982887615,1.30773816252251,11.4391019464148,-6.15516585549998,0.795057553133961,1.30773816252251,14.2042023713457,-1.77393593347315,0.296632423879506,1.30773816252251,11.640061971655,2.94899649515499,0.0777847185813979,-0.465233619816327,-7.55655483644487,-7.19576500557349,2.31117950973381,10.3579896249838,-3.66289515474718,0.43195406103662,-4.48779834697056,0.613409080526408,6.48820957,0.15161655,-0.869,0.02261853,106.7084489134,-163.861654697963,1377.77022397734,0.225189738162969,0.215431345165511,11.5447532787972,0.22829171009523,-1.56947484092511,-920.906436399222,-922.852199870471,-937.472291445844,-938.594139279595,1.0985746218013,-985.577842350599,0.590092903066285,1891.36811592728,1912.11101523832,NA,2591.67879325672,0.445035778466962,1.48822592007065
"224",-5.86,0.79,-5.86,0.83,1.359326,9.604077,-1.1484446,0.2002995,35,35,-6.55668866156257,0.877813333974148,-6.61263153058788,0.916533556217976,1.36449484021824,5.60131209104754,-0.552255578688055,0.139227625203726,1.36449484021824,11.0717469894821,-6.58466009607522,0.897173445096062,1.36449484021824,5.60209449219623,-0.552797108768459,0.139602439106379,1.36449484021824,11.0937697414585,1.86751539513351,0.0457688969488665,-0.280754605593508,-7.28464519952387,-7.10990300404513,1.80949629261605,15.0839337133003,-5.0250623921752,0.661715351378598,-4.41030577756499,0.597804430454826,3.78379556,0.06820298,-0.704,0.02322762,112.861747336028,-176.168251543218,1389.86764657973,0.667900361306881,0.569171718340519,7.8304633188574,0.185587334443772,-1.15043912700717,-911.606150931543,-911.70274307086,-945.782773195314,-945.910359382052,0.124053886790535,-937.800497859262,0.124851155190644,1872.76754499192,1928.73197873726,NA,2603.56704161623,0.279063240359912,1.17136341834782
"225",-5.86,0.79,-5.86,0.83,1.359326,9.604077,-1.1484446,0.2002995,35,35,-5.58148258359326,0.775741251109063,-5.16830670740826,0.703304812418678,1.38488614517062,7.96337324800982,-0.842451742143006,0.167063351582176,1.38488614517062,10.8150982847567,-5.37489464550076,0.739523031763871,1.38488614517062,8.00605182417511,-0.849933989398908,0.168375110994712,1.38488614517062,10.8237319802521,2.44752149086804,0.0765221225170289,-0.41606295834695,-6.91755817809094,-6.93593985925956,2.08486431421335,12.6075945460935,-4.13541467016518,0.582880210843877,-3.30596715278124,0.450034862368817,5.10485997,0.10805379,-0.803,0.02635436,74.2684371468484,-98.9816311648595,1315.4654616236,0.463392898492441,0.393764547229077,6.99775636675172,0.1507629590331,-0.975647167320556,-920.01343762503,-920.201947067731,-947.912750316313,-947.963883025062,0.0496899204339097,-966.654288473135,0.00141728849948787,1889.5821183789,1932.99193297925,NA,2531.94929208234,0.445644771601715,1.006392389799
"226",-5.86,0.79,-5.86,0.83,1.359326,9.604077,-1.1484446,0.2002995,35,35,-5.60146578933304,0.809397128931713,-6.42825475028289,0.853412412618365,1.30941630457672,10.1993095526305,-1.16634492701737,0.192492309472794,1.30941630457672,9.68437808849967,-6.01486026980796,0.831404770775039,1.30941630457672,10.3702045491176,-1.17544276468367,0.192976645772298,1.30941630457672,9.90064993367759,3.23493336172686,0.0855145915997605,-0.506342471041476,-6.73702837288858,-7.30158566346009,1.96547277278797,10.8286129949918,-4.12241916741473,0.609926005400808,-4.85490365606605,0.649579596705322,5.42630332,0.12133229,-0.832,0.02409253,94.3457337440415,-139.136224359246,1300.34181783591,0.312004908506476,0.307671188248828,8.32453159294408,0.153133936563115,-1.09483431922212,-906.960995504214,-907.843933319895,-927.142128952769,-928.544910156925,1.37644749654904,-947.302670433429,1.63140634392767,1863.47723413726,1891.45069025217,NA,2461.54741131258,0.506363267566181,1.03080474621274
"227",-5.86,0.79,-5.86,0.83,1.359326,9.604077,-1.1484446,0.2002995,35,35,-6.47067682773111,0.842463632516855,-5.58642148720269,0.800280222953749,1.27573031366166,8.62445037817295,-1.07040623782208,0.200127991542356,1.27573031366166,9.55248152303081,-6.0285491574669,0.821371927735302,1.27573031366166,8.81992725498622,-1.07973146411905,0.200572851552949,1.27573031366166,9.83035238366872,2.82947015309681,0.0704953614611347,-0.432740293956739,-7.40923773953933,-6.77630023739489,1.96461862338304,10.244110870598,-4.81087859148106,0.634057037336217,-4.07901316720259,0.591315550670533,4.28383282,0.12298028,-0.817,0.02494621,92.4187030534044,-135.282162977971,1308.9810767644,0.284127368239409,0.259584496836046,8.3839258485191,0.166204892672544,-1.14090023384493,-900.761670700833,-901.995834794792,-919.887262975836,-921.706671510977,1.79059479821298,-945.422483954486,2.15806858699475,1851.0785845305,1876.9409582983,NA,2482.67999055082,0.413097775786236,1.08309400168836
"228",-5.86,0.79,-5.86,0.83,1.359326,9.604077,-1.1484446,0.2002995,35,35,-5.27088658949973,0.685629093206472,-5.28927598235523,0.737123942829934,1.27278488203433,5.44119238114419,-0.577846277374392,0.126737627602115,1.27278488203433,9.28436735553992,-5.28008128592748,0.711376518018203,1.27278488203433,5.4412769235866,-0.578083017129334,0.127400557486551,1.27278488203433,9.34617885782304,1.98839105862262,0.0496254962771034,-0.301779130377585,-7.1438271024748,-6.85542350658632,1.89714417139948,10.940838689817,-3.7713913398341,0.495687599912513,-4.05449570131256,0.557077465578036,3.79576433,0.0810899,-0.772,0.02424051,100.485934607442,-151.416626086047,1255.71153431298,0.794702951212325,0.756987038931551,5.11998487193308,0.114684698448757,-0.723956758672188,-889.052629820712,-889.33550119582,-917.519425419935,-917.93888286541,0.408696228940936,-938.964306932072,0.436931278955392,1827.66050277026,1872.2052831865,NA,2360.00644253992,0.300492008418791,0.767440619250135
"229",-5.86,0.79,-5.86,0.83,1.359326,9.604077,-1.1484446,0.2002995,35,35,-6.29946835942545,0.91036406982351,-5.70798703236662,0.82353432370642,1.44814719374726,3.65400065210876,-0.391913905555097,0.100885150764057,1.44814719374726,6.81870091541714,-6.00372769589603,0.866949196764965,1.44814719374726,3.74146319217359,-0.404753448920477,0.102770001966747,1.44814719374726,6.83359541061438,2.64413206957612,0.0731880512772034,-0.426040202259995,-6.83349603634409,-6.75932386773371,1.80513192214116,9.74904944544611,-4.48915107695341,0.653271394703631,-4.27740249609362,0.617516098072338,3.26420932,0.09426309,-0.814,0.02659405,85.6457682173649,-121.736293305892,1246.39805173975,0.940055646908553,0.933091414409842,5.84612888010991,0.124252957798182,-0.814849005659989,-901.867249880288,-902.330314417742,-929.955981263624,-930.089203246749,0.12953886897181,-923.103738377119,0.0337403752330187,1853.28974288941,1897.07839487388,NA,2371.05981017361,0.419921964843956,0.81468388692639
"230",-5.86,0.79,-5.86,0.83,1.359326,9.604077,-1.1484446,0.2002995,35,35,-6.59779017907769,0.796882158670161,-6.58194229497567,0.963776343024744,1.57896208153887,9.54440249026814,-1.07049045190677,0.179117485102808,1.57896208153887,7.98358058490447,-6.58986623702668,0.880329250847452,1.57896208153887,9.54446527912576,-1.06982922198403,0.186080902295654,1.57896208153887,8.58826442231792,3.56512834036063,0.0941988823341732,-0.565446891057975,-7.80791371695505,-6.7977534696453,2.17279419538251,9.86432095599962,-4.21164260597589,0.503190646915891,-4.51074415484952,0.660931048247472,6.0889612,0.1306203,-0.865,0.0274862,73.5543151231675,-97.5533871174976,1392.68686476878,0.0434820887226187,0.0280712331633621,9.77592369131206,0.199038331529246,-1.3204618764694,-940.500864347023,-943.898782578481,-960.865870073739,-965.425765482498,4.5770726444206,-968.89525202859,5.14406359963959,1930.55697182288,1958.89817249411,NA,2687.82034242007,0.529159131230662,1.38357038802531
"231",-5.86,0.79,-5.86,0.83,1.359326,9.604077,-1.1484446,0.2002995,35,35,-5.67347763497027,0.79907056324272,-6.1296295123698,0.787116728485514,1.35537066259862,6.3444866115548,-0.800801513921566,0.138360386316881,1.35537066259862,5.33256207666528,-5.90155357367003,0.793093645864117,1.35537066259862,6.39650524536858,-0.799438322879911,0.138396109858232,1.35537066259862,5.51234429771488,2.64778790650064,0.0702683206521014,-0.414816322452141,-6.87056322469736,-7.39793295628874,1.89232216264855,6.05515501557054,-4.03874249487413,0.562024136045467,-4.13749059205429,0.528663785166733,3.80397574,0.0963906,-0.888,0.02794049,82.4229692801299,-115.290695431422,1217.99434110425,0.435540446695118,0.440489947153973,7.06214403154701,0.140688131247586,-0.965790453757667,-886.01618313655,-887.270599874633,-898.977591991129,-900.937213491266,1.93052841541358,-919.923590214971,2.47899542193567,1821.58760940194,1835.12161632889,NA,2320.69798677708,0.417393639765893,0.905158619008452
"232",-5.86,0.79,-5.86,0.83,1.359326,9.604077,-1.1484446,0.2002995,35,35,-5.20854699173622,0.739200745025775,-6.57686760539347,0.998659238246056,1.19921594354903,11.4371407139088,-1.5413414240265,0.280057581473803,1.19921594354903,10.8663858966211,-5.89270729856484,0.868929991635915,1.19921594354903,11.9052160393487,-1.63009702519194,0.296887258899838,1.19921594354903,11.014121364751,3.49608636509349,0.0951183677624636,-0.553449779933922,-6.7623214658982,-6.5848555169748,2.12985957668035,9.46186097058573,-3.70781234758784,0.530796671554085,-4.93830693484284,0.754726202144319,5.31489078,0.10951601,-0.852,0.02749454,70.1239248358238,-90.6926065428102,1272.81298490712,0.108252332151157,0.0892759665210811,9.35095265994259,0.236305105054026,-1.44065931081762,-898.926254152932,-900.599637502548,-912.948210369872,-913.814323856412,0.846594061608031,-962.684386246941,0.168196563126443,1847.4077514347,1863.06285308637,NA,2454.93336327144,0.566459078727521,1.37813240543787
"233",-5.86,0.79,-5.86,0.83,1.359326,9.604077,-1.1484446,0.2002995,35,35,-6.23629294170903,0.751529767540677,-5.23783250858659,0.757588974094405,1.29931561329965,7.00358933805175,-0.760650590343045,0.127670980230037,1.29931561329965,7.53160736531057,-5.73706272514781,0.754559370817541,1.29931561329965,7.25282014717953,-0.759138120843045,0.127680158726052,1.29931561329965,8.25245300603739,2.54007760353577,0.0670644093665188,-0.398634066423053,-7.71661429010608,-6.68205467227629,1.85616477175801,9.02135937192744,-4.39940275015039,0.529371783298074,-3.47974221080161,0.504668236741771,3.06570588,0.06869089,-0.792,0.02778322,82.4603995022449,-115.365555875652,1270.4177277255,0.0249380210590424,0.0221804825541398,8.81311195846523,0.160608166439765,-1.13298335191819,-887.946586186208,-891.3059920982,-909.494556165202,-915.172320966131,5.74540077509054,-927.480577637382,6.84722886239507,1825.44841550125,1856.15554467703,NA,2425.46989957535,0.392299535947846,1.16642954907743
"234",-5.86,0.79,-5.86,0.83,1.359326,9.604077,-1.1484446,0.2002995,35,35,-6.45350266101306,0.92242444850239,-6.19286734850471,0.921517669715167,1.25207762501527,8.19229268068819,-0.878248513861765,0.148708598652874,1.25207762501527,9.45837481680113,-6.32318500475888,0.921971059108779,1.25207762501527,8.20927537221976,-0.87830759850491,0.148708804214816,1.25207762501527,9.50390131350579,2.98907641867478,0.0762719336266127,-0.462613539087242,-6.91567772262487,-6.66044476348381,1.71077376582813,12.0311750985548,-4.50646240890936,0.652991078776493,-4.34503005834248,0.648917006565489,4.27999908,0.08697449,-0.82,0.02450218,97.9370129478667,-146.318782766896,1268.70251583211,0.902122119700328,0.903432292510308,8.0673570257888,0.169264162018868,-1.12435484080759,-890.86608115356,-891.044697090174,-914.675143076758,-914.97919973169,0.296011744668344,-916.688653148022,0.347731721388138,1831.28740543596,1866.51671850014,NA,2391.08624889733,0.444237322926774,1.08966813223142
"235",-5.86,0.79,-5.86,0.83,1.359326,9.604077,-1.1484446,0.2002995,35,35,-5.8011850622435,0.755399755944222,-5.2695362076336,0.75568315303229,1.17793096632702,9.81588238781832,-1.36491257838414,0.285064178373021,1.17793096632702,13.0576787054841,-5.53536063493855,0.755541454488256,1.17793096632702,9.88654501397032,-1.36487491144982,0.285064198451498,1.17793096632702,13.2689752419086,2.69934113417057,0.0837832017389444,-0.463054228250382,-7.25845002116841,-6.72511276004241,2.19971558316798,11.216032989798,-4.47380067084191,0.599217070181282,-3.7205025998816,0.52728729555831,5.37590843,0.14455982,-0.82,0.02283705,103.140867874535,-156.726492620233,1332.82808716738,0.496711782789738,0.422073171335687,7.20849603233809,0.163422640302019,-1.03202807867131,-900.233257580374,-900.932125877841,-920.422768283083,-921.467087312791,1.02208656051191,-976.016483215157,1.25966216670999,1850.02175828959,1878.01196891279,NA,2508.92968171452,0.46588657690164,1.06310002610739
"236",-5.86,0.79,-5.86,0.83,1.359326,9.604077,-1.1484446,0.2002995,35,35,-5.68460705383307,0.8242459659825,-5.07111117703808,0.678515674751432,1.46500153226503,9.00156242871212,-1.25428319295442,0.23663117194752,1.46500153226503,7.30182372168914,-5.37785911543558,0.751380820366966,1.46500153226503,9.09565672642324,-1.27663442615302,0.241940501393093,1.46500153226503,7.37279512922953,2.77720679437803,0.0776101347253513,-0.450636808177121,-6.73170410867082,-6.98643159643031,2.36508087046649,6.88651588436873,-3.87670363525993,0.555924610100442,-3.45939073736302,0.46796795147776,2.95226032,0.09655094,-0.808,0.02926629,64.0703335663967,-78.585424003956,1235.74583966261,0.678733362577302,0.673073313897187,9.55385796455197,0.208285771422516,-1.37557452278358,-924.24823767501,-924.93792121455,-936.987937056149,-937.583816167048,0.581324763634499,-978.459279992181,0.413968607449758,1898.05171847886,1911.14230645893,NA,2392.90625532127,0.440804645298821,1.24756065933677
"237",-5.86,0.79,-5.86,0.83,1.359326,9.604077,-1.1484446,0.2002995,35,35,-6.25873657578696,0.837571676835014,-5.19957375651265,0.7823519628291,1.38968886200082,9.35386373265477,-1.12823189450968,0.1920978895158,1.38968886200082,8.1016621960831,-5.72915516614981,0.809961819832057,1.38968886200082,9.63432020208805,-1.14285356150119,0.192860193719524,1.38968886200082,8.44223596966421,3.14031880013243,0.0885070297047106,-0.513592688416165,-7.22644249365713,-6.49626444123499,2.06818777282372,8.90815069510922,-4.67027954144383,0.633752015819047,-3.87372883200436,0.589723423583933,5.37001549,0.10785009,-0.86,0.02552406,87.4890146076057,-125.422786086374,1261.5254774353,0.209167992239091,0.194750927350005,6.90407800393871,0.142059465593769,-0.94285557472907,-913.496556699806,-915.163597034085,-930.496446213858,-933.067949242396,2.54448210717835,-953.582225685192,3.09614963443374,1876.54835652845,1898.15932477434,NA,2397.62816878422,0.495012464015748,0.961690705539471
"238",-5.86,0.79,-5.86,0.83,1.359326,9.604077,-1.1484446,0.2002995,35,35,-5.7107188021193,0.819900695143498,-6.13859621628475,0.822498734012096,1.4217562502979,9.86397320675139,-1.22250347626476,0.211187468896906,1.4217562502979,8.19681775160789,-5.92465750920202,0.821199714577797,1.4217562502979,9.90974297713962,-1.22278138680301,0.211189156348397,1.4217562502979,8.30149729709715,2.38929105270401,0.0657879551872564,-0.382226426548248,-6.7837038561909,-7.19610282707127,2.14228524065583,8.79083430689902,-4.03069416967239,0.583674728086542,-4.1987692919465,0.567633505188225,6.70722632,0.16243358,-0.899,0.02806147,60.9396208899136,-72.3239986509899,1283.38862190519,0.662056167211799,0.644965763945719,7.26148503198965,0.141669452152501,-0.971756877870208,-920.870737183814,-921.365563584866,-936.813669538009,-937.605919684347,0.773986098835662,-961.789431372629,0.964906229937114,1891.29671749646,1910.79377142265,NA,2494.45324515939,0.384403758658257,0.964104261956113
"239",-5.86,0.79,-5.86,0.83,1.359326,9.604077,-1.1484446,0.2002995,35,35,-5.51035925073043,0.766989530778298,-5.08511493610778,0.749425340218365,1.22902473958278,9.45238066911783,-1.23388152578109,0.207657331760174,1.22902473958278,7.54163443256841,-5.2977370934191,0.758207435498332,1.22902473958278,9.49758885089756,-1.23574879382523,0.20773445695768,1.22902473958278,7.61536990567761,2.4098591169711,0.0643891913103593,-0.378572885000743,-6.89857533027778,-6.5779739179289,2.01782419585156,6.96637700747421,-4.05360314448593,0.56170274568947,-3.43780451153547,0.513852477548654,4.60518128,0.09720987,-0.881,0.02937868,61.5349871380226,-73.5147311472079,1177.82710809609,0.43140764224964,0.396158525570002,7.27631685210913,0.161782027224283,-1.04994375940325,-884.344686206938,-884.744310370095,-895.950682778852,-896.552362978262,0.587008518218391,-939.907775675733,0.76091061546658,1818.24461554271,1829.06779790433,NA,2282.13948504497,0.38287873639443,0.991465091685048
"240",-5.86,0.79,-5.86,0.83,1.359326,9.604077,-1.1484446,0.2002995,35,35,-5.40289003166028,0.661107019932917,-5.31331808282292,0.764883050836952,1.19364251924549,8.42208460939628,-0.784395503210448,0.138934848775727,1.19364251924549,12.7842828328728,-5.3581040572416,0.712995035384935,1.19364251924549,8.4240903929009,-0.782071647877774,0.141627214923276,1.19364251924549,13.1716225925014,2.78172558605231,0.0715033868748758,-0.426714231339688,-7.42192671162688,-6.71408402476739,1.85739759334215,14.7441871377851,-3.95457759064224,0.498317347041994,-3.83411656608515,0.560090607283494,5.8808828,0.1093984,-0.824,0.0231598,99.6526920512506,-149.750140973664,1315.92890603288,0.292953138127323,0.269489253640457,5.22133726020199,0.105683863820075,-0.67327938472158,-889.775264541715,-891.191373541783,-922.294257794815,-924.234135469097,1.91080696573697,-943.454583537076,2.03889724307636,1829.10577221227,1881.75494793626,NA,2482.1076710921,0.436179628866493,0.850541138254319
"241",-5.86,0.79,-5.86,0.83,1.359326,9.604077,-1.1484446,0.2002995,35,35,-7.13381286991301,1.04296019993624,-6.20578653923799,0.836107187752711,1.22558202427942,9.17515813048449,-1.06809430586251,0.168818440814593,1.22558202427942,8.19392407321802,-6.6697997045755,0.939533693844473,1.22558202427942,9.390466348091,-1.11608556633394,0.179515482976943,1.22558202427942,8.33764606529876,2.67508737470476,0.0695515037081502,-0.414720973724544,-6.87786711549582,-7.18221750409496,1.76835713392427,9.35354919327081,-5.78697244565251,0.838840044669348,-4.53879760868835,0.614599356871703,5.89355105,0.09974404,-0.871,0.02205882,123.155643613208,-196.756044097579,1285.27685120858,0.0791736351385314,0.0594980256616676,7.55036771117993,0.17250781456716,-1.11301356023744,-882.869302622788,-884.821400578076,-900.414763994584,-901.500558785336,1.06299501536665,-916.748890453025,0.602054008767708,1815.29384837441,1837.9959603358,NA,2373.79765831958,0.415413885276618,1.01302578701588
"242",-5.86,0.79,-5.86,0.83,1.359326,9.604077,-1.1484446,0.2002995,35,35,-5.50444617982658,0.786438639807903,-6.50182601519692,0.828978854886844,1.25300058153124,8.78944817523659,-1.14090721284196,0.200993008884448,1.25300058153124,7.9320382579669,-6.00313609751175,0.807708747347373,1.25300058153124,9.03813980923743,-1.15151440101997,0.201445426359189,1.25300058153124,8.32172906468131,2.73999210556794,0.0689353054598161,-0.417966912629042,-6.77678950061786,-7.52072574267136,1.9594918454842,7.96007665875598,-4.06485604647606,0.577000633449512,-4.78803656899078,0.607603875446794,6.7282039,0.1431883,-0.895,0.0248655,90.5721071115868,-131.588971094336,1275.607248887,0.203647979863338,0.179924612000019,6.14913020707581,0.130189604917344,-0.854906339837472,-889.970270572655,-891.957446515016,-903.812583781541,-906.801829918039,2.96673324623803,-936.835007056221,3.75113944341048,1829.49578427415,1844.79159990971,NA,2419.62552667966,0.414796800666666,0.857179227553112
"243",-5.86,0.79,-5.86,0.83,1.359326,9.604077,-1.1484446,0.2002995,35,35,-5.70622661059855,0.696907972166437,-5.41444481315272,0.703514888688097,1.42177186186711,8.93547343472638,-1.0970738481224,0.197613671607909,1.42177186186711,8.31927501248178,-5.56033571187563,0.700211430427267,1.42177186186711,8.95675758905657,-1.09659190362783,0.19762458444439,1.42177186186711,8.38682900936034,2.93263393061584,0.0809571756529981,-0.471797678211079,-7.51197048136355,-7.18082638495222,2.273686598786,8.48440985464044,-4.27737486167473,0.526654111480366,-4.23827362533943,0.578781000527412,7.4414301,0.18349743,-0.899,0.02420426,93.6262148478189,-137.6971865668,1320.86506398207,0.484775868685202,0.47409677317406,5.05700997203475,0.0862077924355621,-0.615322759626571,-919.95894011087,-920.269148741926,-937.742271417363,-938.2478604308,0.492921582589788,-975.261238449322,0.605118011584219,1889.47312335058,1912.65097518135,NA,2504.03294139733,0.465066959456615,0.706941301900762
"244",-5.86,0.79,-5.86,0.83,1.359326,9.604077,-1.1484446,0.2002995,35,35,-5.19230746510943,0.669341722417028,-4.82432339953049,0.750181151917451,1.32927714955851,8.05384819516503,-1.02365844183186,0.186411263306916,1.32927714955851,7.75825943392124,-5.00831543231996,0.70976143716724,1.32927714955851,8.08770126329503,-1.0162215363502,0.188045016647405,1.32927714955851,8.24433016750995,2.87115866681805,0.0694793559552218,-0.425696807042854,-7.16228391856811,-6.31267945082971,2.13610871015963,7.7265140946906,-3.40251525018842,0.437569394843062,-3.40855133480089,0.538324869380265,4.21213301,0.11515706,-0.844,0.02942645,56.0244856891949,-62.4937282495524,1214.97178802672,0.103704586416232,0.0988985075416417,6.66826700196199,0.141967304830195,-0.923711856276958,-900.83757951966,-903.221799271511,-916.915332590415,-920.696257869936,3.77390166772364,-957.054215306458,4.60804159965823,1851.23040216816,1870.99709752746,NA,2367.44984780388,0.437521242539859,0.954833608638234
"245",-5.86,0.79,-5.86,0.83,1.359326,9.604077,-1.1484446,0.2002995,35,35,-6.27054210112512,0.896322421534856,-6.24830367981112,0.894031070587987,1.32566157637269,6.84198642360385,-0.926204213100539,0.207385741668523,1.32566157637269,9.75192613377234,-6.25942289046812,0.895176746061422,1.32566157637269,6.84211006044948,-0.926216952107472,0.207387054240813,1.32566157637269,9.75198360691918,3.51162063150134,0.0932641267813789,-0.55760723401039,-6.88822628499285,-6.87963913968784,1.9727513034495,10.9092612891106,-4.68590294573932,0.673157679500441,-4.84207507961673,0.691895985375007,5.19590531,0.13824427,-0.843,0.02274818,106.86078110175,-164.166319074662,1306.0082022038,0.97543259617696,0.972206059618249,5.71755946806946,0.135492733287436,-0.834127843739585,-907.789038832015,-907.789559192356,-930.604176482305,-930.604550658009,0.00036348594073202,-948.446100206735,0.000373497261695938,1865.13332079287,1898.37478531124,NA,2447.85008533294,0.526367628835458,0.87737569470211
"246",-5.86,0.79,-5.86,0.83,1.359326,9.604077,-1.1484446,0.2002995,35,35,-6.39084303774195,0.84688190097345,-6.38618910289977,0.84116574140481,1.30624663770562,8.80805704077183,-0.829592760630462,0.138223833369023,1.30624663770562,11.2009482953623,-6.38851607032086,0.84402382118913,1.30624663770562,8.80806245554921,-0.829599411289005,0.138232001989076,1.30624663770562,11.2015829429211,3.36296004327222,0.0842104855730615,-0.516039916826186,-7.30308104940028,-7.33248251409852,1.78794687868543,14.7225787983829,-5.03237300229041,0.678135586290852,-4.66715014910281,0.611111780143185,4.66127685,0.08035302,-0.733,0.0206806,134.047637397591,-218.540031666344,1384.02005241135,0.801957259666176,0.771303977134943,7.65704403599449,0.148386313582009,-1.03147679725852,-905.18642545311,-905.189680556769,-935.839515086534,-935.843156129235,0.00353710489996948,-934.069956712501,0.00365937150975965,1859.92809403506,1908.8454625197,NA,2549.50007315635,0.491225180361365,0.974967105262635
"247",-5.86,0.79,-5.86,0.83,1.359326,9.604077,-1.1484446,0.2002995,35,35,-5.83432900436856,0.791723515065061,-6.03161685600214,0.812921932360038,1.58609100373018,5.3914026579479,-0.71380857233762,0.161139788849252,1.58609100373018,6.6529544203393,-5.93297293018535,0.80232272371255,1.58609100373018,5.40113328204845,-0.714854119889159,0.161252132073205,1.58609100373018,6.65636451087802,2.31799516878571,0.0653758173618959,-0.376429005963962,-7.07518640594386,-7.14617957284445,2.1797051653816,8.09551097990429,-3.98645894047906,0.5373237652542,-4.34655068582113,0.586343928244289,3.05258776,0.0992107,-0.793,0.02826576,73.3182359417161,-97.0812287545949,1296.90793842357,0.853877845795798,0.82401009153506,7.56575620142527,0.157158055807853,-1.05761417575893,-929.678016580417,-929.722190500108,-950.748068048768,-950.779252498283,0.0303002139953544,-963.453673513864,0.0302520775652037,1908.91127628967,1938.66256844416,NA,2496.73464809255,0.376263926238591,0.984764133693173
"248",-5.86,0.79,-5.86,0.83,1.359326,9.604077,-1.1484446,0.2002995,35,35,-6.5325453906959,0.849110571880933,-5.68384572586019,0.829691532434415,1.44875090591988,7.44255644225584,-0.826710546228369,0.148114620870776,1.44875090591988,7.79210615528399,-6.10819555827805,0.839401052157674,1.44875090591988,7.62262922252892,-0.830830779295793,0.148208895644033,1.44875090591988,8.11719565395291,3.17311664436164,0.0787476526616566,-0.488356197035929,-7.4315055578002,-6.69849950492563,1.96435123756759,9.89063329584115,-4.64913485586876,0.60730396830336,-3.8436037971931,0.57243788513529,3.42004752,0.08337853,-0.773,0.02758583,77.120092624722,-104.684942120607,1304.18734585533,0.144394638349637,0.131282973888743,9.10523553907526,0.172302363708907,-1.20777350340561,-916.43630009998,-917.981165454649,-938.271608188501,-940.813166201258,2.51431062353601,-944.271187183238,2.98875147482457,1882.4278433288,1913.70964872363,NA,2503.68974959006,0.446737672403253,1.16484131205321
"249",-5.86,0.79,-5.86,0.83,1.359326,9.604077,-1.1484446,0.2002995,35,35,-6.33821375933229,0.870498814589449,-6.3111096213551,0.844816326578779,1.30194108662486,7.31580102672857,-0.7379797268667,0.140466619958678,1.30194108662486,10.3902660140993,-6.32466169034369,0.857657570584114,1.30194108662486,7.31598468530243,-0.738153752291358,0.140631517506282,1.30194108662486,10.4020457649696,3.13945833102089,0.0868343625728797,-0.501999816340232,-7.10974831101082,-7.23565379074858,1.77869963376832,13.5384757385944,-4.61767886737723,0.658386148634921,-4.56194618069972,0.618291328691136,4.45157587,0.10299144,-0.812,0.02641459,82.5383455452703,-115.521447961703,1340.74344314606,0.795250187890561,0.78362586707432,7.33586463230301,0.131503514733285,-0.928994317321598,-901.581211257879,-901.639350198082,-930.217812654011,-930.290168862748,0.0703252284175527,-930.059059324399,0.0729482258477129,1852.7176656446,1897.60205765465,NA,2565.96543833042,0.512193907890459,0.989708534432882
"250",-5.86,0.79,-5.86,0.83,1.359326,9.604077,-1.1484446,0.2002995,35,35,-6.63357093166933,0.74039436269443,-5.15398087730684,0.783753840990444,1.56420985469671,5.20832938141145,-0.494063051354438,0.105334563428902,1.56420985469671,7.44586547377275,-5.89377590448808,0.762074101842437,1.56420985469671,5.75562606365354,-0.478024488142154,0.105804574518428,1.56420985469671,9.1380821475913,3.43890555672578,0.0879609244321807,-0.535568815318461,-8.18023414063369,-6.44231953470764,2.04547372582152,10.2371205972819,-4.57492028076092,0.519043847233856,-3.65791436185948,0.547336805680299,2.07568391,0.03045792,-0.535,0.02779262,89.1902957978666,-128.825348466896,1364.83039208358,0.003626269078189,0.00300944078698625,9.4831651119508,0.190218450815126,-1.22573967863945,-925.505434414136,-932.777893114706,-954.245572043627,-967.029099049833,13.6245046972385,-955.281879858178,15.6370520087365,1900.56611195711,1945.65757643388,NA,2600.83543570026,0.501767484757405,1.50629567642642
"251",-5.86,0.79,-5.86,0.83,1.359326,9.604077,-1.1484446,0.2002995,35,35,-5.14227027586763,0.690789970069127,-6.01346894199197,0.845612042407651,1.20891294584586,10.7241619530589,-1.13793935599613,0.176981503313177,1.20891294584586,11.2809473536462,-5.5778696089298,0.768201006238389,1.20891294584586,10.9139087320231,-1.17165955172311,0.182973971833976,1.20891294584586,11.3269090598741,3.11187609621855,0.0814184145241375,-0.486264870532388,-6.98446361997414,-6.93327244238426,1.91031755232811,12.2635985091442,-3.60897485887406,0.486404690011788,-4.29608044706617,0.603869154345178,5.2685661,0.09003738,-0.818,0.02498133,90.1096246820237,-130.66400623521,1289.31961337019,0.505220886107714,0.52555058941271,7.7607328721572,0.157887098086646,-1.06547363725652,-892.835361507924,-893.706909246615,-917.325099044418,-917.58658652412,0.254491443819607,-944.336721846165,0.0123075120091104,1835.22596614468,1871.81663043546,NA,2447.97522050518,0.476810910562873,1.03106825389345
"252",-5.86,0.79,-5.86,0.83,1.359326,9.604077,-1.1484446,0.2002995,35,35,-5.05460215000497,0.741627118927477,-6.16092453571458,0.81521242938781,1.7852779048296,10.6409911855299,-0.909999472673717,0.11356763218778,1.7852779048296,8.07208545764502,-5.60776334285978,0.778419774157644,1.7852779048296,10.9469784908105,-0.930351741729131,0.114921331666665,1.7852779048296,8.29747699076924,2.60380871676836,0.0598815482478998,-0.380995009672679,-6.59392091633294,-7.26184106397691,2.27130015110811,11.5866080228679,-2.91723489350367,0.435176218488221,-3.90451406314489,0.512739488862953,4.361531,0.06524828,-0.819,0.03488301,27.35792780538,-5.16061248192257,1326.39013853427,0.21769234951745,0.199450400109639,11.6868578466789,0.208188173920978,-1.49893705558578,-958.573006389422,-959.569200486693,-991.639685514478,-993.357548875852,1.68942679431347,-984.908393263749,1.85700388471083,1966.70125590768,2020.44580337558,NA,2647.61966458661,0.36633170564603,1.48393507926383
"253",-5.86,0.79,-5.86,0.83,1.359326,9.604077,-1.1484446,0.2002995,35,35,-5.81785325003345,0.802673907598291,-6.27933032793218,0.867052357672364,1.2848748149053,8.46495766757799,-1.15112385791047,0.247256586343986,1.2848748149053,11.3129374324465,-6.04859178898282,0.834863132635327,1.2848748149053,8.51819794093448,-1.15855115266543,0.24829273255247,1.2848748149053,11.3242416237247,2.53648215053604,0.066242352324712,-0.399538007068801,-6.99347104652681,-7.07139797808369,2.10142413858311,11.3536509795275,-4.08559559692134,0.574374532893665,-4.70751417144445,0.641872706729497,6.33452608,0.19978384,-0.872,0.02053639,122.298977590281,-195.042712051725,1333.59967909367,0.640452346474092,0.602173823728909,6.93368748601796,0.135167130584023,-0.924228871185402,-910.720256569746,-910.886082503116,-932.43743546369,-932.501671181845,0.0624290516484768,-965.208931501761,0.0278364000406208,1870.99575626833,1902.04130327401,NA,2472.15664613561,0.374620791533599,0.932786544701395
"254",-5.86,0.79,-5.86,0.83,1.359326,9.604077,-1.1484446,0.2002995,35,35,-5.62285080373047,0.761929595501196,-6.78364543640745,0.916667676159388,1.41178760425915,9.22090997524676,-1.24334786843099,0.221179672978918,1.41178760425915,6.98690739880771,-6.20324812006896,0.839298635830292,1.41178760425915,9.55777102005969,-1.28825265180568,0.227165641380364,1.41178760425915,7.05997375572236,2.24437546752686,0.0637599673811329,-0.36287213804261,-7.04121266830028,-7.28011785795996,2.16145044188306,6.96106260355307,-3.81350954616232,0.512720652951801,-4.68769770424237,0.630952209812073,4.61523401,0.12356931,-0.883,0.02693027,80.455958758837,-111.356674388837,1277.35935212058,0.458658237410272,0.407183612564713,9.33363968026856,0.189980224695028,-1.29830498643973,-913.61406784576,-914.573370359354,-925.216028013524,-925.853495229967,0.622082117909421,-956.730545022183,0.394713343010647,1876.78337882036,1887.59848837368,NA,2443.36202985232,0.377708923706864,1.17738827638801
"255",-5.86,0.79,-5.86,0.83,1.359326,9.604077,-1.1484446,0.2002995,35,35,-6.62257104668726,0.845695281181287,-6.44861429135379,0.953310948051174,1.24526864898743,10.0165835017403,-1.06011502074402,0.18013342208394,1.24526864898743,11.9061425433016,-6.53559266902053,0.89950311461623,1.24526864898743,10.0241487399218,-1.05543490268609,0.183028705022902,1.24526864898743,12.3936532574253,2.4924812384645,0.0799954641701151,-0.430184899715117,-7.54187863200592,-6.72677558114766,1.81754741510558,14.2377469298236,-5.32312394067527,0.682483392884848,-4.12797180630804,0.619862360760956,5.48610037,0.12412686,-0.794,0.02109199,124.350080885273,-199.144918641709,1380.315236688,0.0721513296534604,0.0543331482988664,9.32406621068472,0.177897052887693,-1.23326949579162,-902.13968000616,-903.946671481905,-928.060182557931,-930.65561407253,2.56860083864604,-936.996595226253,2.85473298382673,1853.83460314116,1893.28679746249,NA,2561.4855547343,0.462059562688052,1.22933233373636
"256",-5.86,0.79,-5.86,0.83,1.359326,9.604077,-1.1484446,0.2002995,35,35,-5.07417326678247,0.624979419383669,-5.05148699962959,0.684900729011469,1.43468392248643,9.46441625135376,-1.04622218452086,0.174390721307351,1.43468392248643,8.8581713917421,-5.06283013320603,0.654940074197569,1.43468392248643,9.46454491803307,-1.04588233681127,0.175288362144229,1.43468392248643,8.95165417669473,3.58208467343206,0.0841817926345041,-0.530224112521087,-7.30844884208904,-6.92876691799982,2.30691718683592,9.29577646631722,-3.67656225969455,0.463078485676216,-3.45239726348,0.479972368947866,4.51591577,0.08648406,-0.813,0.02883444,63.479410288946,-77.4035774490547,1287.15356052982,0.576985139132118,0.553657526101287,7.51708703589345,0.148030653674771,-1.00510501954109,-922.226207374101,-922.720975614616,-943.892347522709,-944.553013968201,0.64482844983847,-981.689022954869,0.722263545240526,1894.00765787704,1924.95112739205,NA,2496.90354361058,0.509472640981687,1.02312442490688
"257",-5.86,0.79,-5.86,0.83,1.359326,9.604077,-1.1484446,0.2002995,35,35,-6.00783168792199,0.870354348622624,-6.36476729068823,0.904981018416665,1.40944586573514,9.84333936435135,-1.15889026849011,0.19867664091131,1.40944586573514,8.91778965139123,-6.18629948930511,0.887667683519644,1.40944586573514,9.87519012048187,-1.16198014130379,0.198976392476566,1.40944586573514,8.93376772852993,2.97909144986581,0.0796016906599134,-0.471251294199401,-6.78022693044743,-6.93086579491764,2.03644498513839,10.3017598047784,-4.05046931893349,0.589350432457092,-4.90207578510364,0.70591482465474,6.5510811,0.15452414,-0.874,0.02620201,73.3675815624815,-97.1799199961257,1299.15682295111,0.567488240812004,0.440378360596328,7.2958703250799,0.14416188407134,-0.989195990304329,-921.00179680621,-921.102328986494,-939.966159714394,-940.078842625848,0.109551551668498,-954.398807133124,0.117328163495918,1891.55883674126,1917.09875177542,NA,2501.13372590609,0.461002945451746,0.948840785859581
"258",-5.86,0.79,-5.86,0.83,1.359326,9.604077,-1.1484446,0.2002995,35,35,-5.92732306705698,0.730986534921148,-5.50555216890618,0.721098472994149,1.31992131347269,7.68551490190671,-0.845726095475623,0.149101305148162,1.31992131347269,8.69559092992214,-5.71643761798158,0.726042503957648,1.31992131347269,7.72998757453846,-0.846768719665606,0.14912574859033,1.31992131347269,8.78304045629161,2.86180064176386,0.075140194918801,-0.44475311802504,-7.53003567943272,-7.16717529551105,1.98420796749616,9.8980546242751,-4.13413902124557,0.506712650494919,-4.16961624481256,0.547788383507887,4.94077093,0.07853939,-0.84,0.02464523,103.354470172743,-157.153697216648,1311.48488996733,0.675927360861454,0.65077294773997,7.2012519475415,0.157743452781836,-1.018243837234,-899.610153770737,-899.989745310537,-922.302038325828,-922.930574063528,0.613327009782563,-946.759189012215,0.724585941065372,1848.77555067031,1881.77050899828,NA,2465.81608271801,0.451944141333807,1.02286391420508
"259",-5.86,0.79,-5.86,0.83,1.359326,9.604077,-1.1484446,0.2002995,35,35,-6.68068179589963,0.886738529896364,-5.11784806069311,0.832028647652265,1.32266898322114,7.19121809823757,-0.71563597558012,0.126275388453881,1.32266898322114,9.17398931605448,-5.89926492829637,0.859383588774314,1.32266898322114,7.80183041921248,-0.737011587985184,0.127023681257672,1.32266898322114,10.1911024807126,2.56684311198026,0.0633147723353368,-0.38452989024118,-7.35546432612765,-6.11857791206547,1.75765752069435,12.2823897865555,-4.93699129847153,0.667539648369269,-3.88446205896131,0.630984889831824,2.95501981,0.06205886,-0.692,0.02473461,100.45994223668,-151.364641344522,1279.40168289299,0.0320717886516893,0.031812196654011,8.5453540079025,0.161183905182327,-1.10663548710392,-898.93093428095,-902.913231864049,-926.182943793884,-932.852868939588,6.79809001643168,-923.980831384855,7.79823147495911,1847.41711169074,1889.5323199344,NA,2407.43872444145,0.395185020192868,1.18695941494356
"260",-5.86,0.79,-5.86,0.83,1.359326,9.604077,-1.1484446,0.2002995,35,35,-5.65059783766953,0.722364294127646,-6.22859548656394,0.876285041352385,1.40028589285997,8.95568283489317,-1.1311034447341,0.193883893006027,1.40028589285997,7.12936945063593,-5.93959666211674,0.799324667740015,1.40028589285997,9.03920315542504,-1.15334490223709,0.199806792112583,1.40028589285997,7.23879097101193,2.86397801774341,0.0676554231063,-0.42513075601625,-7.30467952951732,-6.96565719648972,2.11168430933433,7.48587585063338,-3.92377344389594,0.501644452027246,-4.29328996902934,0.600750366678617,4.72610924,0.11979651,-0.867,0.02688481,79.6566692132351,-109.758095297633,1273.93523801197,0.500593340165682,0.456577516912908,8.07883578537188,0.162088261262281,-1.11093178521688,-910.420885759867,-911.525969719554,-924.449440739575,-925.385357828847,0.915281736271197,-953.258030938718,0.763269504734225,1870.39701464857,1886.06531382578,NA,2438.1123807263,0.408327651196302,1.03049252785199
"261",-5.86,0.79,-5.86,0.83,1.359326,9.604077,-1.1484446,0.2002995,35,35,-6.87309590098281,0.854103172160253,-5.61793582392072,0.844483809274356,1.46949016106648,7.73308258759429,-0.839079907049598,0.156189487524148,1.46949016106648,8.75456184443156,-6.24551586245176,0.849293490717304,1.46949016106648,8.12693929235692,-0.842098367114886,0.15621262055973,1.46949016106648,9.60907286110714,3.01657493742264,0.0806263774699676,-0.477150037412393,-7.74231144755716,-6.54446104536851,1.99968177122966,11.2129665781833,-4.74302931425136,0.588995978666611,-4.49249861487115,0.68598385734626,3.93806153,0.08746306,-0.772,0.02440066,101.685576923338,-153.815910717839,1349.59282553005,0.029521239650394,0.0269470346578004,8.64584359796691,0.165434973034439,-1.11708989382372,-924.741677541497,-928.223439830202,-949.025635564142,-954.903851141236,5.95687946425906,-952.649392137683,6.99149531816539,1899.03859821183,1935.21770347491,NA,2545.36974034227,0.467286913295379,1.24804574179
"262",-5.86,0.79,-5.86,0.83,1.359326,9.604077,-1.1484446,0.2002995,35,35,-5.40865836982103,0.773529426248992,-6.44236949578479,0.930001658521125,1.36089832897881,8.62814149363033,-0.985338343642393,0.17996766923697,1.36089832897881,9.59897899387062,-5.92551393280291,0.851765542385059,1.36089832897881,8.89528116661566,-1.02577511549342,0.186088559105026,1.36089832897881,9.64558427624116,2.83380163278885,0.0744504236206056,-0.440599967363476,-6.75791144448151,-6.85940150085819,1.97742865882968,11.2824562796536,-3.78098895960399,0.540457586248665,-4.4719938695026,0.657442706765219,5.65977387,0.14360742,-0.869,0.02649594,72.9564496749682,-96.357656221099,1286.91204856617,0.605406848144527,0.527796468878576,7.09972482939994,0.139766261345617,-0.950075954300726,-913.666984127598,-914.551574234555,-936.028447867955,-936.33557350362,0.299006083796291,-950.106247835562,0.0504670475219397,1876.88921138403,1909.22332808254,NA,2477.46644091124,0.447490396252444,0.962648825696818
"263",-5.86,0.79,-5.86,0.83,1.359326,9.604077,-1.1484446,0.2002995,35,35,-5.90316802803175,0.770408571060888,-5.21880667781488,0.750855645196066,1.32655556860659,12.4352855970964,-1.55989871407442,0.23885880501403,1.32655556860659,7.7390737863372,-5.56098735292331,0.760632108128477,1.32655556860659,12.5523732115141,-1.5632440307608,0.238954384241499,1.32655556860659,7.95242069849242,3.03288763609173,0.0835308473168176,-0.484739371111919,-7.27101435031984,-6.70314427269861,2.20440901690445,6.98964853203468,-3.99401944445077,0.518540944862027,-3.59879466392987,0.524757456197555,6.36398647,0.14515837,-0.902,0.02779735,65.4549438299113,-81.3546445309851,1235.9263369033,0.308022133639051,0.292311284085875,8.45789981048301,0.16027115167965,-1.13565927152378,-904.422078340323,-905.529504578473,-916.259693258687,-917.948076099825,1.66008325152674,-961.677584322336,2.17883868887899,1858.39939980948,1869.685818864,NA,2390.49802927561,0.489990405510883,1.03326777617376
"264",-5.86,0.79,-5.86,0.83,1.359326,9.604077,-1.1484446,0.2002995,35,35,-6.17033476488442,0.822736522353122,-4.85082269205571,0.681247371286646,1.56151369986769,10.4999804416825,-1.0635891049827,0.152993974586565,1.56151369986769,8.17189191789724,-5.51057872847007,0.751991946819884,1.56151369986769,10.9352584692676,-1.11026326573433,0.157998769553943,1.56151369986769,8.32764359914947,2.04916232934608,0.0502950842851565,-0.30425067552741,-7.22642469426756,-6.74986837037174,2.21195716773261,10.0139751636895,-3.99032949262645,0.530876086384621,-3.38196406789778,0.464777936886707,5.57953216,0.09632972,-0.856,0.02927459,59.0280827105224,-68.5009222922075,1294.67155514973,0.700035199396659,0.694705087895625,8.83412816992723,0.168891078981355,-1.18061354691657,-934.948258136317,-936.045863139768,-959.595571392871,-960.774290209138,1.15473605881515,-973.750695395976,1.10931434618087,1919.45175940147,1956.35757513237,NA,2520.84218800726,0.321866138248925,1.12402971317333
"265",-5.86,0.79,-5.86,0.83,1.359326,9.604077,-1.1484446,0.2002995,35,35,-6.16941227112657,0.86131871177802,-5.94094993397239,0.860741328266001,1.40742572635222,11.3826747998833,-1.43889858478467,0.232362119680355,1.40742572635222,7.64767932474668,-6.05518110254948,0.86103002002201,1.40742572635222,11.3957235597578,-1.43893156238132,0.232362203023285,1.40742572635222,7.67915981392237,2.84434254727497,0.081516328615902,-0.464638648462157,-6.99563949982211,-6.77061706422311,2.15318984161161,7.73275895742156,-4.5623869735966,0.637558481723236,-3.99952973727872,0.584141125048963,6.7332,0.1489708,-0.922,0.0291724,60.9032542661852,-72.251265403533,1256.543372319,0.624071975835431,0.582695162993406,8.59883611371527,0.177456056629848,-1.18871895988124,-917.56598113369,-917.730979999777,-930.022017069522,-930.276378139004,0.247543090297208,-959.030574101336,0.320453344428168,1884.68720539622,1897.21046648567,NA,2440.83547923447,0.471894262372411,1.15133377075566
"266",-5.86,0.79,-5.86,0.83,1.359326,9.604077,-1.1484446,0.2002995,35,35,-4.88098089090719,0.616080816241495,-5.70823622492826,0.811896818014146,1.31870007255672,9.55465665545571,-1.07734505200342,0.177061538352907,1.31870007255672,9.16213294724242,-5.29460855791773,0.71398881712782,1.31870007255672,9.7257445023723,-1.1178425099917,0.186647514990464,1.31870007255672,9.30317229299712,2.7390524343309,0.0774927665292657,-0.44412826659994,-7.16827204104497,-6.82890630777475,2.11417210424877,9.56436859128206,-3.65802153945319,0.470117366226558,-3.95787704212997,0.5688981501637,5.74769211,0.10033436,-0.869,0.02706396,74.2868587137126,-99.0184742985878,1259.57094254443,0.325871890147916,0.314899813694257,6.71271491762703,0.150104973857139,-0.953740929964229,-904.769121992202,-906.414750037722,-925.365048355091,-926.329892064206,0.943765994905838,-961.214429717892,0.613619361387975,1859.09348711324,1887.89652905681,NA,2420.12341079027,0.451023272050279,0.98473643982719
"267",-5.86,0.79,-5.86,0.83,1.359326,9.604077,-1.1484446,0.2002995,35,35,-6.04976812032488,0.82722163379979,-6.80162410621949,0.968315354833211,1.49045215695514,12.4862270515228,-1.50678988193993,0.235532680487329,1.49045215695514,8.19663362094566,-6.42569611327218,0.897768494316501,1.49045215695514,12.6275489074042,-1.53331042162271,0.240509540016093,1.49045215695514,8.23094093077459,3.56475951993888,0.094698236142849,-0.564315164779616,-7.07913691632021,-6.99039302309351,2.23410043270032,8.72930452384341,-3.98899862403193,0.553303065595452,-4.71664061264531,0.66951677915949,5.9908353,0.1292634,-0.873,0.0292429,56.2546924187096,-62.9541417085819,1317.97695361754,0.607061678612218,0.522926352547611,10.9721540139783,0.221079955818596,-1.52386292423796,-933.283880802215,-933.875801647098,-948.37299277984,-948.633636355683,0.253668588368481,-971.850336575218,0.0431160956547956,1916.12300473327,1933.91241790631,NA,2572.9997655265,0.541265297582713,1.35728607989098
"268",-5.86,0.79,-5.86,0.83,1.359326,9.604077,-1.1484446,0.2002995,35,35,-5.22652174492011,0.722546165762288,-4.96207338668599,0.841981062646829,1.20385832640306,6.51249706045547,-0.788424389106329,0.166784096902467,1.20385832640306,10.0639793829329,-5.09429756580305,0.782263614204559,1.20385832640306,6.52998029399865,-0.780528298507084,0.170350270550923,1.20385832640306,10.7826885017807,2.4265133087132,0.0656840689866316,-0.386198885691788,-6.87951989263158,-5.90350932490531,1.84912400971104,11.1515790583192,-3.95930893879899,0.557589478241729,-3.46794590639193,0.598933240802545,4.08193925,0.11880259,-0.8,0.02429975,91.4817493128451,-133.408255496853,1234.62829959837,0.0772006552072137,0.0771988082720224,5.28588811925323,0.126142889134943,-0.758721351954311,-884.628418518583,-887.25275975237,-908.993771796293,-913.399337101536,4.41723708894833,-933.295395222873,5.04495442141705,1818.812080166,1855.15397593921,NA,2335.84834369988,0.379994736518349,0.872316187783043
"269",-5.86,0.79,-5.86,0.83,1.359326,9.604077,-1.1484446,0.2002995,35,35,-4.85346864635154,0.676296119052743,-5.78888087665143,0.94973720465121,1.22844834692275,9.7112470959857,-1.11297612367902,0.194981908200241,1.22844834692275,11.0137186532822,-5.32117476150148,0.813016661851976,1.22844834692275,9.92999610613436,-1.17692115761284,0.213674415023558,1.22844834692275,11.49172890651,3.37136594940753,0.0822479903110728,-0.509615147134672,-6.78201260424255,-6.08833360484537,1.96521121065583,11.6303927814414,-3.75543902169719,0.522838498662622,-4.11688813783166,0.663484140851246,7.57278101,0.13545249,-0.88,0.02513013,79.7023687364765,-109.849494344116,1264.17072825974,0.117487045387608,0.104053285448266,5.22414357343283,0.15674046053807,-0.851421140372084,-897.735489779129,-901.072404931139,-919.71253380417,-922.443760197314,2.70563163310028,-949.565525335555,2.30694885052911,1845.0262226871,1876.59149995497,NA,2418.49196217536,0.487244683071077,0.985703504651362
"270",-5.86,0.79,-5.86,0.83,1.359326,9.604077,-1.1484446,0.2002995,35,35,-6.02565388018762,0.843270167665823,-5.45916526433588,0.742291720190954,1.35345642036369,8.76609711979218,-0.75758336616659,0.12705791230451,1.35345642036369,11.8223357036477,-5.74240957226175,0.792780943928388,1.35345642036369,8.84632445776458,-0.771884151401814,0.129607074018118,1.35345642036369,11.8398759687442,2.56742402441486,0.0682024323173856,-0.40041538656029,-6.95940966428524,-6.9945245083148,1.86474793691672,15.675978846678,-5.17564407389179,0.740273798863064,-3.73670230626522,0.504848281426731,6.50169547,0.10820436,-0.803,0.02374337,96.6934990519347,-143.831754975032,1359.19404762952,0.111559012784151,0.103057301565597,5.5093676205539,0.113714058905886,-0.748670971342647,-913.497482166757,-913.936303648406,-948.015184960433,-948.110875757752,0.0930203399855546,-946.434649399666,0.00471864144586342,1876.55020746235,1933.19680226749,NA,2574.55634028401,0.412663813629781,0.78712633008962
"271",-5.86,0.79,-5.86,0.83,1.359326,9.604077,-1.1484446,0.2002995,35,35,-5.2711808294092,0.687594889439302,-6.21776106993147,0.824458191946074,1.52698421337742,10.5773951844663,-1.33688836776112,0.245812766873814,1.52698421337742,9.16177045846672,-5.74447094967034,0.756026540692688,1.52698421337742,10.8013987224031,-1.36927639221251,0.250495657767079,1.52698421337742,9.19889409184877,2.91289875971274,0.0755898012695685,-0.454597198468235,-7.13240963711779,-7.26359373739592,2.44563309217099,9.27806696627956,-3.28082707803094,0.422333149425037,-4.17312620024155,0.545735728730401,6.24760929,0.15506939,-0.877,0.02763054,64.7525313895683,-79.9498196502992,1346.06228436377,0.523279691378542,0.478653306831926,8.95076486043229,0.180390373607437,-1.21674026623866,-943.833364282523,-944.406266034066,-961.291367723926,-961.546630238567,0.248421973345829,-995.934794000993,0.0814716699461359,1937.22197169388,1959.74916779448,NA,2612.17474907724,0.43862036053931,1.20806757462783
"272",-5.86,0.79,-5.86,0.83,1.359326,9.604077,-1.1484446,0.2002995,35,35,-5.84673791479416,0.851649353385828,-7.23093573926513,1.01148112359794,1.39340670329994,5.83090103380706,-0.731146370323167,0.153388339573589,1.39340670329994,7.41742952732247,-6.53883682702965,0.931565238491883,1.39340670329994,6.30990193812461,-0.786456067475405,0.159774888265873,1.39340670329994,7.57534526387763,2.26097946309131,0.0651248752637536,-0.365886883807639,-6.73057267865231,-7.16253417583683,1.88073002369844,9.28179071173447,-4.46633133270375,0.656476670532433,-5.18487568443709,0.736931865715737,2.93606298,0.0750744,-0.775,0.02725826,84.6107410137594,-119.666238898681,1283.87789990016,0.492525341488512,0.473706253533287,8.55640629688241,0.189085226558602,-1.22855047484644,-904.692916277582,-906.642412534841,-925.680341776653,-926.981414724296,1.27571844241704,-931.599689548438,1.14826418687715,1858.941075684,1888.52711589993,NA,2448.08956090165,0.393433852854812,1.17068039391733
"273",-5.86,0.79,-5.86,0.83,1.359326,9.604077,-1.1484446,0.2002995,35,35,-6.09891752165985,0.850811268451071,-5.99119157067237,0.825592151005858,1.23420896552926,7.58796561655998,-0.896272751860196,0.163483733217147,1.23420896552926,8.86613974315977,-6.04505454616611,0.838201709728465,1.23420896552926,7.59086683668903,-0.896951940212659,0.163642734188326,1.23420896552926,8.86856691637576,2.19544072185927,0.0577838663422539,-0.343591688415283,-6.9877453786882,-7.030268403493,1.79668868621092,10.2501029660166,-4.85519180427779,0.675774672220688,-4.13135892299144,0.56887192134391,4.44430413,0.08558508,-0.801,0.02321228,109.650593004704,-169.74594288057,1270.75140800094,0.560137797878161,0.480375416072968,6.97969721561897,0.154928354503076,-1.01161100077379,-886.741991972746,-886.769432532728,-907.072899472998,-907.090118084747,0.0167287087943007,-923.549697338967,0.0106454967219395,1823.03922707433,1851.31223129262,NA,2371.7568731213,0.339824102183477,0.929970537446762
"274",-5.86,0.79,-5.86,0.83,1.359326,9.604077,-1.1484446,0.2002995,35,35,-6.14818937668717,0.808939552722483,-5.35103479702545,0.744061939921392,1.3834655300313,8.2794415447983,-1.00854744459775,0.183620515766383,1.3834655300313,8.21208642323886,-5.74961208685631,0.776500746321937,1.3834655300313,8.43830540076722,-1.02147681613822,0.184672791927075,1.3834655300313,8.32549336667165,2.8502571819981,0.0746474374074111,-0.443611713010542,-7.2864780808904,-6.87584752992985,2.07870656110161,9.02599977071076,-3.96861056886413,0.50944325223748,-3.77033269896781,0.524363106875589,4.05783086,0.09435332,-0.842,0.02941302,63.1232389808107,-76.691234832784,1278.17399579432,0.593883064605066,0.582984063518194,8.88350566666968,0.183443253098909,-1.22731580993235,-911.822285160011,-912.509585196396,-930.240969913061,-931.097455513415,0.837125467470247,-955.238975021695,0.962783413527785,1873.19981344886,1897.64837217275,NA,2479.65675675586,0.444630662334854,1.19410724320224
"275",-5.86,0.79,-5.86,0.83,1.359326,9.604077,-1.1484446,0.2002995,35,35,-5.92877637567974,0.784185067792257,-5.14083898343333,0.742181887008081,1.66865499753498,8.17260110481079,-0.9850864913871,0.167552751456491,1.66865499753498,5.88897057824404,-5.53480767955653,0.763183477400169,1.66865499753498,8.32781243833582,-0.993360460570386,0.167993818255488,1.66865499753498,6.04292436012959,2.20192619345567,0.0615698892685176,-0.354659071750123,-7.21454589538383,-6.67685258509429,2.33263770203564,6.86363728102648,-3.66176409153678,0.484776130904211,-3.15672004134623,0.45501765880335,3.12548369,0.0797612,-0.863,0.03942755,9.4132798578654,30.7286834131066,1242.45875747494,0.382791266789342,0.351731599521324,10.5639648482669,0.205456940660793,-1.41746137658608,-940.470278703654,-941.487644626493,-955.818786125524,-957.365912840339,1.51965479447373,-974.97352891198,1.87562263049239,1930.49580053614,1948.80400459768,NA,2515.64619836298,0.360062876419299,1.37810044811717
"276",-5.86,0.79,-5.86,0.83,1.359326,9.604077,-1.1484446,0.2002995,35,35,-6.60799452035674,0.893279467298024,-6.50486914371172,0.873791304416796,1.34856164901996,6.49813102711637,-0.776348421565358,0.151451069501312,1.34856164901996,7.80668411912869,-6.55643183203423,0.88353538585741,1.34856164901996,6.50078973794341,-0.776850852599669,0.151546016624433,1.34856164901996,7.80741932086916,2.91895282802006,0.0807424198769067,-0.473208437848736,-7.24380783814282,-7.25678789299589,1.83781643992443,9.72548255727694,-4.68140257681449,0.6356956150438,-5.22475804689477,0.708144127625,4.05253186,0.09179571,-0.803,0.02291437,117.839958689214,-186.124674249591,1319.18760326465,0.745793553968273,0.685762573090897,7.10486788485216,0.150255879066893,-1.00025061155408,-899.954515235214,-899.969147337614,-920.830102647278,-920.835946160351,0.0056767924994461,-927.42331390539,0.00101714072648881,1849.46427359927,1878.82663764118,NA,2452.25053227972,0.451767275504289,0.940371842002932
"277",-5.86,0.79,-5.86,0.83,1.359326,9.604077,-1.1484446,0.2002995,35,35,-6.23860862805106,0.848570860635563,-5.67119912551743,0.885995243871936,1.27035558464631,11.215416460378,-1.21656971253167,0.188969829274633,1.27035558464631,10.7637238823319,-5.95490387678424,0.867283052253749,1.27035558464631,11.2959048462693,-1.21126097486297,0.189319975389789,1.27035558464631,11.1964513437429,2.19746669338054,0.0630338678866129,-0.354830685586346,-7.1407842550943,-6.35040996153901,1.88354267906524,12.4099065948455,-4.34695404287107,0.597239641896671,-3.54456037777183,0.547961554588617,4.7228787,0.09446445,-0.827,0.0268567,76.3334244509648,-103.111605773092,1291.5938766594,0.24817051576856,0.238436938026424,10.4835464334648,0.215206993805106,-1.44262067020507,-903.509203330396,-905.098700681574,-926.459047752686,-928.987761839704,2.5013735166074,-941.262491685903,2.94314295016611,1856.57364978963,1890.084527852,NA,2480.0761475457,0.381182999600655,1.41074837517246
"278",-5.86,0.79,-5.86,0.83,1.359326,9.604077,-1.1484446,0.2002995,35,35,-5.9198877639826,0.748564566469481,-5.42109921530266,0.775107794676692,1.41473374094355,10.1625854383324,-1.22266453405788,0.201471066716878,1.41473374094355,8.05723750791524,-5.67049348964263,0.761836180573086,1.41473374094355,10.2247829424059,-1.2193546694892,0.201647202457793,1.41473374094355,8.3252553227123,3.01645906713381,0.0754152718616128,-0.458788645280405,-7.41787501305731,-6.760948779305,2.18033458236398,8.46204559492443,-3.75228127449671,0.463875256204802,-3.54930084649772,0.506196828931974,4.26099248,0.10109326,-0.847,0.02793823,71.46925285953,-93.3832625902226,1281.06444413357,0.262863715720087,0.242326002804441,9.86054941758432,0.193347142333404,-1.33402365642281,-918.217797411686,-919.506000403416,-934.530002050625,-936.571354851719,2.0122262875709,-964.907176205518,2.48926992733426,1885.99083795221,1906.22643644788,NA,2468.74562567692,0.454229012780338,1.26971157165926
"279",-5.86,0.79,-5.86,0.83,1.359326,9.604077,-1.1484446,0.2002995,35,35,-6.51491507207435,0.835616059322835,-6.12422306387645,0.911207170691001,1.19784988295433,9.85917405771863,-1.15951514808632,0.180948473559155,1.19784988295433,8.54740809901053,-6.3195690679754,0.873411615006918,1.19784988295433,9.89733411903605,-1.15213193731073,0.182376977588624,1.19784988295433,9.07471533300936,2.6206615199764,0.077420256838334,-0.435908732463363,-7.49427205302731,-6.65322776399562,1.78575442086306,9.33610729418687,-5.0291229646236,0.6500347467571,-4.12500433120536,0.611802772938114,6.168428,0.11697228,-0.888,0.02374537,103.478678660115,-157.402114191392,1276.63058878601,0.0797513999654119,0.0755497723437256,7.56201368522398,0.154037793514794,-1.03238326067119,-880.532726860864,-883.14717374475,-897.448166716703,-901.211306393103,3.75566766813249,-919.088435554348,4.56043164806283,1810.62069685056,1832.06276578003,NA,2395.85906338062,0.441878143352618,1.02979926449588
"280",-5.86,0.79,-5.86,0.83,1.359326,9.604077,-1.1484446,0.2002995,35,35,-6.59587310630575,0.842221663283817,-5.26117441228983,0.824194342102147,1.23353519693178,8.31336616909791,-1.12272963984911,0.20670098602487,1.23353519693178,7.93693936534406,-5.92852375929779,0.833208002692982,1.23353519693178,8.75872132004987,-1.12874490035855,0.206782232102117,1.23353519693178,9.0059781990173,2.43572568109103,0.0688265119175945,-0.391729711065557,-7.53587560819008,-6.30857902884801,1.92870835326874,7.88653763190424,-4.56593300374142,0.576991882555135,-4.05423731755588,0.637840952490412,4.77960567,0.1323122,-0.876,0.02331902,107.491187852109,-165.427132575381,1262.11578771666,0.00799326223998353,0.00941693933262722,6.86332433748392,0.132062129790501,-0.889515576944992,-886.5245725578,-891.678285223705,-900.015030449622,-907.924299409741,8.13417633464966,-932.667074283766,10.4579572739548,1822.60438824444,1837.19649324587,NA,2358.80444285794,0.411943917084844,0.99201304187468
"281",-5.86,0.79,-5.86,0.83,1.359326,9.604077,-1.1484446,0.2002995,35,35,-5.63117846749115,0.716125566117838,-5.76832994900874,0.807188396693368,1.4067404157727,8.20372006816733,-0.900096453366741,0.131834900689951,1.4067404157727,6.20243874903355,-5.69975420824994,0.761656981405603,1.4067404157727,8.20842270038796,-0.903218803897897,0.133908010468058,1.4067404157727,6.31775395142776,2.33149157217479,0.061689743303675,-0.35857491327513,-7.32242888642689,-6.91705158768711,1.97186919418758,7.37441967977748,-3.97124157631201,0.506186454069905,-3.99721024971873,0.563387647870903,4.78560476,0.08821509,-0.88,0.03220892,47.6629177749229,-45.7705924210084,1237.58967651718,0.370039863463118,0.343898271864237,6.85936813155453,0.134264607757422,-0.926519653667348,-898.479405625872,-899.593701444309,-917.101699375889,-918.21356256454,1.08871925691263,-936.011814683281,1.18422162224313,1846.51405438058,1871.36983109841,NA,2429.40876061336,0.39000617555035,0.885138921246785
"282",-5.86,0.79,-5.86,0.83,1.359326,9.604077,-1.1484446,0.2002995,35,35,-5.81434085648024,0.744112375209446,-6.59337464303174,0.863223563747053,1.31427723456485,12.5061829316674,-1.5550724633908,0.257501375847436,1.31427723456485,10.0415986954044,-6.20385774975599,0.803667969478249,1.31427723456485,12.6579063418146,-1.57827037344758,0.261048244656146,1.31427723456485,10.0687958701159,2.58287872817675,0.0748990309182625,-0.423356860898974,-7.33885310898954,-7.40825325661397,2.2020370878499,9.50436017435751,-4.58510414387001,0.597802205102497,-4.43665584494531,0.585594515058155,6.59059239,0.14246575,-0.879,0.02294239,107.880345450225,-166.205447771614,1346.87962936494,0.969328026067063,0.946524223087608,9.61664208118641,0.183476564642861,-1.28485593365064,-915.110660217582,-915.493269625489,-930.352056390737,-930.524265275056,0.16749457496127,-970.991352004081,0.0247784146418066,1879.776563564,1897.8705451281,NA,2527.55381095827,0.436997478880883,1.21891597049476
"283",-5.86,0.79,-5.86,0.83,1.359326,9.604077,-1.1484446,0.2002995,35,35,-6.50076672972702,0.874958569960837,-5.68884432260404,0.831929628323817,1.27151210003602,8.29107022865496,-0.945837707531374,0.183988126391975,1.27151210003602,11.0624462671526,-6.09480552616553,0.853444099142327,1.27151210003602,8.45587472745206,-0.954571747998846,0.184450998846575,1.27151210003602,11.2780853609205,3.66585157892193,0.0915953951180212,-0.559811499079117,-7.24573121295288,-6.69016410551209,1.88172374379163,12.8874868880508,-4.75723111083104,0.645070412877777,-4.20002646664833,0.618914222038182,5.46043338,0.11738229,-0.831,0.02512873,86.2362977240745,-122.917352319312,1324.09544394691,0.478191145846826,0.483397229043636,7.27626018115276,0.151801428143008,-0.99343895740537,-903.661283485308,-904.524020618295,-928.437343553278,-929.677672377968,1.21562890739232,-942.250587878662,1.40553118239176,1856.87781009945,1894.04111945318,NA,2525.27353557451,0.542576854080812,1.04755195853668
"284",-5.86,0.79,-5.86,0.83,1.359326,9.604077,-1.1484446,0.2002995,35,35,-5.67245218857439,0.736998767355947,-5.14011970191312,0.793134330907081,1.37608137993126,8.2705516098866,-1.05807326060868,0.188282571097876,1.37608137993126,7.18359200639346,-5.40628594524375,0.765066549131514,1.37608137993126,8.34139607897534,-1.05060256457485,0.189070371471677,1.37608137993126,7.66640337086019,2.13612056260863,0.0557118335659151,-0.333478545809661,-7.23934547588786,-6.37257182777822,2.09988589493178,7.47616390145829,-3.6885539779881,0.482634188302466,-3.73218322524465,0.578521000065115,4.29546861,0.09255009,-0.843,0.02962825,58.5954831927718,-67.6357232567062,1224.96018737269,0.113608413070768,0.10836337612306,7.19203046812215,0.161979157658278,-1.02591860443895,-906.046155592756,-908.577054841062,-920.642834145152,-924.655422710528,4.01182912810028,-951.845247316338,5.02300161353951,1861.64755431435,1878.45210063693,NA,2382.28465148868,0.32568147360137,1.05792683001988
"285",-5.86,0.79,-5.86,0.83,1.359326,9.604077,-1.1484446,0.2002995,35,35,-5.45502690732282,0.766221392021581,-6.2582123389596,0.889482797377506,1.42327204432112,8.70050298295629,-1.14507373764854,0.229486236000403,1.42327204432112,9.30730401541235,-5.85661962314121,0.827852094699544,1.42327204432112,8.86177969235468,-1.16982417891478,0.233284579512983,1.42327204432112,9.3339403030836,3.23471773786604,0.0896399477818474,-0.524234767607292,-6.84781935881157,-6.91664523366856,2.20235627733281,9.82333290055491,-3.76716998893865,0.529635145410847,-4.42574381780805,0.617883479732674,5.2167075,0.1337571,-0.86,0.026195,76.8174470060304,-104.079650883223,1292.45223673198,0.658258189513424,0.62326538865551,7.64583162993911,0.179769395282364,-1.11800453607065,-926.050075251747,-926.542766034928,-945.054402259715,-945.23506396239,0.175726606970798,-972.073846761242,0.0236484047173123,1901.65539363233,1927.27523686606,NA,2480.82482258074,0.503850607121221,1.14100641400846
"286",-5.86,0.79,-5.86,0.83,1.359326,9.604077,-1.1484446,0.2002995,35,35,-5.64947818890828,0.808620202846114,-6.71286317761758,0.918661329038621,1.29492443753217,13.5086689552618,-1.47393946910346,0.219757700160036,1.29492443753217,11.6340808827139,-6.18117068326293,0.863640765942367,1.29492443753217,13.7913658638149,-1.50319348953692,0.222784962523465,1.29492443753217,11.7672285553307,3.33031728043339,0.08752666827635,-0.525679815601942,-6.7896694970368,-7.1974579312128,2.01017923418543,12.68948250862,-4.21429610094103,0.615380505840146,-4.54855762191662,0.61860491075611,7.92999402,0.18136724,-0.883,0.02262884,101.034159673341,-152.513076217845,1349.04619007512,0.646889473108208,0.670924219747339,9.1160420075965,0.156131239085571,-1.16106438965519,-913.41058324555,-914.039685090443,-936.148565174367,-936.882418873482,0.716636360174759,-957.926708483154,0.719109383772188,1876.37640961994,1909.46356269536,NA,2545.5793039324,0.496464828853812,1.08901285181009
"287",-5.86,0.79,-5.86,0.83,1.359326,9.604077,-1.1484446,0.2002995,35,35,-4.80963990578686,0.602855364771761,-5.71736120434362,0.728204104030395,1.29085707128544,9.15305681538441,-0.967183199039123,0.167360700776235,1.29085707128544,10.8294959889078,-5.26350055506524,0.665529734401078,1.29085707128544,9.35904630434779,-0.995628629132199,0.171288777384667,1.29085707128544,10.8741013145838,3.02211420915447,0.0804267006561455,-0.477389856751005,-7.17572487343371,-7.33665081995735,2.12991554490546,11.3356890963661,-3.26929433308861,0.400025203004028,-4.15255864479893,0.542426440562614,4.84936763,0.10076086,-0.803,0.02503813,90.8470992013587,-132.13895527388,1324.73880592392,0.403840694484367,0.369433614874657,7.83415657227622,0.15204871874584,-1.04696237496457,-905.100958336939,-905.740736891359,-930.771672907732,-931.03512460605,0.256406709872282,-968.457433265284,0.11729332765483,1859.75715980272,1898.70977816209,NA,2517.33865657397,0.465039705716108,1.03297444992289
"288",-5.86,0.79,-5.86,0.83,1.359326,9.604077,-1.1484446,0.2002995,35,35,-5.52213384229937,0.691911638381878,-6.61795420250857,0.876456628254215,1.28514898713262,11.0727356276848,-1.30472878786578,0.208776925811715,1.28514898713262,9.44210489652331,-6.07004402240397,0.784184133318047,1.28514898713262,11.3729411931471,-1.35528582718496,0.21729113913346,1.28514898713262,9.5010083652345,3.73753214163864,0.0996798072005064,-0.59254620444657,-7.35764457685241,-7.35399364207475,2.06704277267323,9.56692188311041,-4.16920474065761,0.52955304447829,-4.76057193427956,0.621797017503942,7.68244478,0.15230005,-0.894,0.02079492,126.312864705561,-203.070486282284,1327.02139221355,0.745347273062596,0.721873279044934,6.89291229003839,0.136342962465907,-0.931928724077712,-903.278942262541,-904.328663386391,-920.953404365847,-921.347161839293,0.383585102051062,-955.699528874428,7.26201514113991e-05,1856.11312765392,1879.07324107832,NA,2450.97229814481,0.570377495885667,0.908710851624812
"289",-5.86,0.79,-5.86,0.83,1.359326,9.604077,-1.1484446,0.2002995,35,35,-6.9554116437654,0.88963422624368,-6.66493634879028,0.905081387490061,1.3502030189238,7.36904068457023,-0.725688926069372,0.129167654359639,1.3502030189238,9.42250992578884,-6.81017399627784,0.897357806866871,1.3502030189238,7.39013465881794,-0.724567171389478,0.129227308057282,1.3502030189238,9.51771926575895,2.17830021987868,0.0533550114976155,-0.326462966556047,-7.61294236447492,-7.23043688005288,1.76434858664135,12.8851838696154,-5.41691601112137,0.694947679437176,-6.1963439897402,0.837622837973767,6.85462056,0.08346956,-0.831,0.02026626,141.648378671462,-233.741514214086,1390.63736798204,0.348825025578778,0.232281664888776,6.39173196092614,0.148644995255365,-0.944295876308092,-904.965555567057,-905.334263009379,-932.9200996436,-933.556644703625,0.621178119672305,-926.465143611478,0.710699918136409,1859.48635426295,1903.00663163383,NA,2547.53322175,0.328868605884471,0.891113197167321
"290",-5.86,0.79,-5.86,0.83,1.359326,9.604077,-1.1484446,0.2002995,35,35,-6.86207097287996,0.989991372119481,-6.67090352361251,0.992950636825796,1.20676927419853,10.6886763882111,-1.37031889436885,0.225682627323345,1.20676927419853,8.53968200614842,-6.76648724824623,0.991471004472639,1.20676927419853,10.697812636626,-1.37017746559744,0.225684816635245,1.20676927419853,8.57130900047651,2.4242460625083,0.067994350127917,-0.390648190793261,-6.92169978786133,-6.71290180524202,1.87573513114976,8.49236264862388,-5.45205446450992,0.789189422121325,-4.48970954915509,0.671226045411649,6.64872607,0.16108722,-0.903,0.02381854,99.8726278540626,-150.190012579288,1270.99725565033,0.435561731473775,0.384269206708984,8.12013184054347,0.165953412634952,-1.1334713191328,-886.753794333597,-886.904211602828,-899.209049943438,-899.440737732238,0.225441017103489,-928.152105164506,0.291375964173501,1823.06283179603,1835.5845322335,NA,2391.80449872137,0.399034188487839,1.01994627896386
"291",-5.86,0.79,-5.86,0.83,1.359326,9.604077,-1.1484446,0.2002995,35,35,-5.99394297491212,0.778131681393129,-5.29848343001852,0.82229061132559,1.37462964376634,11.2816644239284,-1.27633083891635,0.199811726347303,1.37462964376634,9.35278787749397,-5.64621320246532,0.80021114635936,1.37462964376634,11.4025804185743,-1.2686531515879,0.200299229120497,1.37462964376634,9.94079684418871,3.17102196803007,0.0881775911660547,-0.512421051640297,-7.31577700434854,-6.35722998191538,2.08643530551649,10.2801821728813,-4.12377472459917,0.537986280828512,-3.63346835934131,0.563556507210048,7.08297539,0.14282391,-0.894,0.02697485,67.941454005789,-86.3276648827405,1280.63933547149,0.0989204429264259,0.0868631072137359,7.40790792344009,0.148409833286267,-0.979155712872953,-917.047960510026,-919.501112538968,-936.842954809279,-940.709949999639,3.8622069927817,-960.273508645711,4.64571720523869,1883.65116414889,1910.85234196519,NA,2474.95100606024,0.504399546339947,1.0915405967162
"292",-5.86,0.79,-5.86,0.83,1.359326,9.604077,-1.1484446,0.2002995,35,35,-5.39040623701851,0.683998496730361,-6.7822027404995,0.856527681528969,1.40730114686047,6.91880037593527,-0.740485658487843,0.143610963707735,1.40730114686047,8.84820018895267,-6.086304488759,0.770263089129665,1.40730114686047,7.40307475271073,-0.800517037525622,0.151052543609553,1.40730114686047,8.97754769454793,2.66497360938573,0.0627918965925864,-0.394935904298104,-7.2730614218491,-7.63697368764488,2.01129587136898,10.8123712992477,-3.86540394238936,0.499411981627623,-4.36404842842529,0.53621694316652,3.27476786,0.07297356,-0.759,0.02224224,124.725518852205,-199.895794575573,1343.99486028625,0.615379759281242,0.619907544988901,9.69731526631946,0.184901069933163,-1.28998015809351,-913.505174228066,-915.172639462465,-939.100169968524,-940.013573479475,0.893120591754848,-952.900950663378,0.663326422938715,1876.56559158497,1915.36677228368,NA,2488.09392599694,0.379860583900761,1.24879538964968
"293",-5.86,0.79,-5.86,0.83,1.359326,9.604077,-1.1484446,0.2002995,35,35,-5.78218577969708,0.81649737404705,-6.39256001482788,0.86971789439716,1.30646310625357,11.0814106153637,-1.20439432061965,0.178963691529225,1.30646310625357,9.47632891183054,-6.08737289726248,0.843107634222105,1.30646310625357,11.1745497920916,-1.21251542922014,0.179671797475809,1.30646310625357,9.53876208902668,3.54750873656858,0.087142895025548,-0.540364948935855,-6.87544694018456,-7.1687470869335,1.91180733369715,10.9706492581293,-4.00499610907707,0.576031006481663,-4.50755867159382,0.618976439654053,5.56214697,0.10627201,-0.86,0.02585793,83.3324157450037,-117.10958836117,1286.02465555233,0.699676000208295,0.673741887606781,8.65096060929648,0.159087023623949,-1.13559099261976,-903.361673686896,-903.649853159756,-925.212437777122,-925.628361292394,0.405242722433364,-940.937918270321,0.447311117838077,1856.27859050263,1887.59130790087,NA,2454.93972274348,0.506530572942819,1.07866436959632
"294",-5.86,0.79,-5.86,0.83,1.359326,9.604077,-1.1484446,0.2002995,35,35,-6.1104484368283,0.841815403634204,-5.92842612875298,0.855042443331128,1.21774137019387,8.94362322973522,-1.00642081211503,0.193107686316169,1.21774137019387,12.3486036003854,-6.01943728279064,0.848428923482666,1.21774137019387,8.95190625989448,-1.00581890804137,0.193151424960955,1.21774137019387,12.3978053931427,2.04150860319925,0.047262997001525,-0.297897721562622,-7.05287132857729,-6.79204574074629,1.85816461983498,13.9928840661474,-4.54064700013346,0.624046065029238,-4.08474851851667,0.579446517228077,6.58395538,0.1507501,-0.849,0.02176328,110.461523711236,-171.367804293634,1331.49721779361,0.80273742446872,0.800972322176783,6.85436286009961,0.14531882306077,-0.950650780460781,-899.298744418962,-899.448480216044,-924.943168595562,-925.200708168731,0.250642090188281,-941.844393594422,0.290588204551707,1848.15273196676,1887.05276953775,NA,2491.62663129359,0.295308123929215,0.967379638280628
"295",-5.86,0.79,-5.86,0.83,1.359326,9.604077,-1.1484446,0.2002995,35,35,-5.25907614732201,0.754140890024883,-5.70777051685773,0.748138783980198,1.35605725025759,13.1811002775128,-1.87478669595839,0.321424851522273,1.35605725025759,7.91691454357993,-5.48342333208987,0.751139837002541,1.35605725025759,13.231431936826,-1.87411341816149,0.321433857841516,1.35605725025759,8.06841127572379,3.07449976093294,0.0836261897640121,-0.494195477600526,-6.72384110363784,-7.20829446782393,2.49204691496714,5.86702571955255,-3.69414558172114,0.530260032483564,-4.3290891077712,0.570167235726699,6.7320868,0.15888418,-0.911,0.02708898,71.3305560927007,-93.105869056564,1245.45422330381,0.355696441959535,0.290198911579046,8.01187106919116,0.175752419747892,-1.14797008322196,-916.376500718051,-917.206672918168,-923.058825222345,-924.238122409424,1.15530744804539,-986.426053505639,1.63202206300559,1882.30824456494,1883.28408279132,NA,2397.80257755105,0.469372434394477,1.08463862716355
"296",-5.86,0.79,-5.86,0.83,1.359326,9.604077,-1.1484446,0.2002995,35,35,-6.97147469464604,0.965739073804066,-5.72822744540014,0.844363006638258,1.3437689099659,11.3568651563495,-1.27136780569819,0.210282160175376,1.3437689099659,10.9547376603064,-6.34985107002309,0.905051040221162,1.3437689099659,11.7432810870388,-1.30909292110524,0.213965197595535,1.3437689099659,11.1552557975564,3.03825037053009,0.0834432745340383,-0.487891751649033,-7.17559242722795,-6.65547237769373,2.0045057761567,12.4927953456858,-5.66495361849092,0.794437327916371,-4.01162190390174,0.594793864932958,8.00275454,0.14764035,-0.871,0.02329153,98.7659915762043,-147.976740023571,1355.82397449936,0.165159042911383,0.0892921965916684,7.81700782594487,0.158115335842856,-1.06545891949532,-919.294618105004,-920.324647700714,-941.350997147251,-942.515376828365,1.14057152239083,-956.72773254075,1.19026840772998,1888.14447933885,1919.86842664113,NA,2563.67120897515,0.478403176714996,1.0533870430061
"297",-5.86,0.79,-5.86,0.83,1.359326,9.604077,-1.1484446,0.2002995,35,35,-5.03142291721095,0.742086065111657,-5.72503544274697,0.846007509408092,1.22475926445415,7.38379830103662,-0.842138340318379,0.157910719951174,1.22475926445415,9.58868451118496,-5.37822917997896,0.794046787259874,1.22475926445415,7.50407288493174,-0.860158644177328,0.160610636597338,1.22475926445415,9.61224382322379,3.27326374450033,0.0869268796418525,-0.520608892989199,-6.56800740093499,-6.64248285308556,1.82637089267816,10.9936695414803,-4.09820736526169,0.605338718873843,-4.01234840133217,0.598290622249182,4.77003412,0.10885647,-0.819,0.02313715,101.494332399194,-153.433421669551,1224.02260461516,0.98786745379319,0.991126525055324,5.4347914850466,0.120803442354111,-0.778531699760458,-887.113403207713,-887.567706732957,-910.137251448111,-910.292825062202,0.151296718392946,-929.804210686704,0.0301322944566983,1823.78204954426,1857.44093524285,NA,2294.61178756077,0.487302845479137,0.761600189789763
"298",-5.86,0.79,-5.86,0.83,1.359326,9.604077,-1.1484446,0.2002995,35,35,-5.32294451300788,0.699718766174402,-6.04787599630725,0.861780340176093,1.31482663042744,9.02613761588226,-1.04818303283174,0.197016449529804,1.31482663042744,10.7275624146135,-5.68541025465757,0.780749553175247,1.31482663042744,9.15751902975193,-1.07755391713846,0.20358243797178,1.31482663042744,10.810475985303,3.56139787746295,0.0947726212965022,-0.566048592215813,-7.11194240042207,-6.87135296246257,2.0605265568844,11.6287116513303,-3.65645921310539,0.483969680847502,-4.63181738822952,0.663140037359673,4.74227278,0.10321123,-0.803,0.02514503,87.3845160084205,-125.213788888004,1311.62478062585,0.236436698658443,0.161299474905769,7.47808353814047,0.167258629628842,-1.06553181434998,-911.718399017184,-912.62025890718,-934.673489754797,-935.166646733766,0.480758286126033,-961.164515882973,0.264705407379738,1872.99204116321,1906.51341185622,NA,2498.03577236369,0.534749686641503,1.08605930618711
"299",-5.86,0.79,-5.86,0.83,1.359326,9.604077,-1.1484446,0.2002995,35,35,-5.76423446774376,0.841642381545432,-5.48018471549504,0.733165223915949,1.46066161672425,7.44294193585855,-0.862279866781499,0.154003485759696,1.46066161672425,7.25062660917353,-5.6222095916194,0.78740380273069,1.46066161672425,7.46311300129669,-0.869983094218823,0.156945309191539,1.46066161672425,7.34713105806197,3.76275896628452,0.0862333971196403,-0.555158171923519,-6.70768818032476,-7.06991726261871,2.05965107505926,8.66378370602295,-4.66241900286607,0.685864679705073,-3.74680963817747,0.500832891873373,5.37361157,0.13437942,-0.857,0.02639581,76.4985992524855,-103.441955376134,1257.57570386953,0.241724471551265,0.172056213622366,5.71779215788464,0.121611169875134,-0.802441682461101,-916.325766666137,-917.103829648017,-935.828048103781,-936.642060174916,0.795370198563795,-951.694829270647,0.784463495239258,1882.20677646111,1908.82252855419,NA,2411.70945236293,0.507194020968233,0.77734806020125
"300",-5.86,0.79,-5.86,0.83,1.359326,9.604077,-1.1484446,0.2002995,35,35,-6.49327906753718,0.929034541805361,-6.04238030227612,0.906398045434612,1.36074640557995,10.9756128587265,-1.37613289904971,0.235463207463298,1.36074640557995,9.0900374046812,-6.26782968490665,0.917716293619986,1.36074640557995,11.0264402828549,-1.37868459111556,0.235591310205284,1.36074640557995,9.15509941880531,2.76551547943661,0.073253871603865,-0.432083334660562,-6.91607290374249,-6.60003652621643,2.07891437409378,9.54053215217154,-4.07267156356972,0.595062943951307,-4.51843334902641,0.687240635778623,5.43574031,0.14659564,-0.881,0.02661806,75.2287501489453,-100.902257169053,1284.19408393743,0.705605142952005,0.689442830882902,9.37293094102595,0.17816608164267,-1.250254115067,-917.172395976064,-917.468328666003,-932.556456495909,-933.006377551763,0.438473791820284,-957.015088715152,0.542402861898333,1883.90003508097,1902.27934533845,NA,2467.4859107058,0.438217899483607,1.18528157948404
"301",-5.86,0.79,-5.86,0.83,1.359326,9.604077,-1.1484446,0.2002995,35,35,-6.22323977030327,0.806403203663998,-6.00261298592718,0.835376445597301,1.33081080432026,8.40804201651373,-1.11980444891268,0.21538766160259,1.33081080432026,8.56638006789936,-6.11292637811522,0.820889824630649,1.33081080432026,8.42021106100975,-1.1182063806125,0.215597523789622,1.33081080432026,8.6694562230166,3.10968305643449,0.0768113577997036,-0.470860399192942,-7.37663938586638,-6.98339752345207,2.0647313471471,8.83268200116642,-3.81950047086342,0.491539513538104,-4.21147560391762,0.583829953641265,3.92584943,0.11528557,-0.843,0.02634536,84.9346583999209,-120.314073671004,1301.36514154271,0.635493310114923,0.608267228730003,9.30705143414175,0.187002725948946,-1.27680737753588,-906.973750894038,-907.438637250141,-923.375876591297,-924.126080513882,0.732688697106254,-952.904821336624,0.90642297436917,1863.50274491691,1883.91818552922,NA,2482.41620941442,0.461427413799274,1.20294504559274
"302",-5.86,0.79,-5.86,0.83,1.359326,9.604077,-1.1484446,0.2002995,35,35,-5.91792798347492,0.743204702349665,-6.27499947843685,0.80373071683135,1.31994732904663,7.6091395128548,-0.796420899167903,0.137005831917044,1.31994732904663,8.8308476000049,-6.09646373095589,0.773467709590507,1.31994732904663,7.64101452598339,-0.801823927786669,0.137921681524303,1.31994732904663,8.83702393225198,3.26361275384918,0.0722462934843944,-0.467791377140651,-7.44784791600447,-7.44432107898996,1.88069991388266,10.8023064957397,-3.90716497850478,0.488787464603948,-4.50782096304294,0.565475085433358,4.63410829,0.0760257,-0.84,0.02647277,90.2656022700689,-130.9759614113,1334.25712543717,0.716483742335304,0.641018422217481,8.24612080607092,0.170301255021212,-1.13512038329748,-898.651370550346,-898.802795997612,-923.276641433368,-923.320605852273,0.0427217072108007,-936.42298603727,6.66854902435954e-05,1846.85798422953,1883.71971521336,NA,2537.53828946304,0.451569094947177,1.12445733994584
"303",-5.86,0.79,-5.86,0.83,1.359326,9.604077,-1.1484446,0.2002995,35,35,-5.92649052217454,0.83357430900253,-6.44491832583996,0.964506074987453,1.3902209707596,9.07110366087131,-1.07348480357234,0.204239407890115,1.3902209707596,10.1916197421142,-6.18570442400725,0.899040191994992,1.3902209707596,9.13829550777464,-1.09045447053974,0.208525189726098,1.3902209707596,10.2621069674759,2.77563759508577,0.0762717602909038,-0.446890317815543,-6.91801172319252,-6.65638194630838,2.03832738447444,11.8027563926549,-4.31045414895937,0.608525060457559,-4.54703999839063,0.6868530638481,5.63533866,0.13400856,-0.822,0.02536667,81.8419744697807,-114.128705810724,1332.57453161809,0.66094583981008,0.642409288140197,7.77843013575353,0.173566800090409,-1.11939275336766,-922.889047931264,-923.505887698331,-945.059812572698,-945.499305049586,0.428278608015799,-958.989741136339,0.312136015355836,1895.33333899137,1927.28605749202,NA,2551.02035742545,0.433259774212859,1.08114967679945
"304",-5.86,0.79,-5.86,0.83,1.359326,9.604077,-1.1484446,0.2002995,35,35,-5.49699945410074,0.786576089166299,-4.93636979206804,0.754479652863464,1.31820270341106,10.5438342059505,-1.25132911819697,0.20204431848233,1.31820270341106,8.81055321796912,-5.21668462308439,0.770527871014882,1.31820270341106,10.6224106104383,-1.2558276717562,0.202301863788165,1.31820270341106,8.90287102076565,3.08664842833495,0.0781463118230643,-0.475297738991472,-6.76852388718243,-6.39911648705319,2.0736993559831,9.10474386132345,-3.53055597729228,0.501406035723573,-3.50656160952873,0.541218127974147,5.07234805,0.09850161,-0.849,0.02829865,61.7585383575795,-73.9618335863216,1220.07659632376,0.619949463232713,0.618764352619776,7.49771611492852,0.170112258126998,-1.09189912106689,-905.710210041585,-906.128429097238,-922.807946853293,-923.463570489048,0.639883444968804,-954.921920854484,0.774973837991444,1860.97566321201,1882.78232605321,NA,2366.1913590612,0.45814532052356,1.03773668358603
"305",-5.86,0.79,-5.86,0.83,1.359326,9.604077,-1.1484446,0.2002995,35,35,-5.82218028919471,0.756865477136261,-5.71065656075642,0.705077658225582,1.46470874160612,12.7824478518535,-1.64443818997285,0.265286596519345,1.46470874160612,7.83351848172195,-5.76641842497556,0.730971567680922,1.46470874160612,12.7855572373547,-1.645882082636,0.265957091066226,1.46470874160612,7.8607753540583,4.11756298687292,0.112210980309956,-0.662435849870898,-7.27071286054185,-7.46772755604916,2.46725981784437,6.98284951857294,-3.90776622821045,0.504540701086909,-3.97072254493055,0.491323062817987,6.41643092,0.14265971,-0.89,0.02455017,94.6548482414721,-139.754453354107,1322.36389454138,0.882469388829368,0.860932726461037,8.66738410606449,0.165808715146054,-1.16559673583324,-929.99084480587,-930.190984060111,-941.284440391954,-941.500101168296,0.209822091016982,-989.246717914478,0.23451540517289,1909.53693274058,1919.73531313054,NA,2504.97333572866,0.629807951833961,1.07688747584672
"306",-5.86,0.79,-5.86,0.83,1.359326,9.604077,-1.1484446,0.2002995,35,35,-6.33540872538507,0.811374881202152,-5.55972082946559,0.824915844765971,1.45056173050527,8.90414270450928,-1.04088532393844,0.194597978422724,1.45056173050527,9.41724713316429,-5.94756477742533,0.818145362984062,1.45056173050527,9.05456563247828,-1.03825943355456,0.194643817846283,1.45056173050527,9.85989845364939,2.8986769714225,0.0803706273772529,-0.464013650144702,-7.45918837269593,-6.60282691985582,2.12532766486091,10.9093902159942,-4.54089112047359,0.595295173761862,-4.6924934422059,0.696442081731002,5.54907057,0.14167125,-0.82,0.02178548,113.81885430077,-178.082465472702,1337.96772777102,0.333957954248099,0.31009857575923,6.74052148898587,0.133007204733365,-0.891018417316666,-928.666871719814,-930.404411312696,-950.450244053872,-953.363234779544,2.88946680521383,-966.698199166713,3.44782934171674,1906.88898656847,1938.06692045437,NA,2497.85299006934,0.474069161709712,0.960641224231832
"307",-5.86,0.79,-5.86,0.83,1.359326,9.604077,-1.1484446,0.2002995,35,35,-6.59754558494738,0.933771472217109,-6.16438206889783,0.882458587688852,1.36475430899516,10.786314954125,-1.40231989605734,0.238226320291744,1.36475430899516,8.04717292767807,-6.3809638269226,0.90811502995298,1.36475430899516,10.8332226120341,-1.40787661342756,0.238884573321397,1.36475430899516,8.06187572964056,2.91961328443017,0.0749452097842512,-0.454478285312665,-6.9921180155341,-6.86466338727836,2.09763607770202,8.10267624669307,-5.09540596180526,0.718043674895928,-4.34242465500783,0.621091773029454,4.46052869,0.0889316,-0.851,0.02817047,74.4082865172486,-99.2613299056598,1270.60509254388,0.57852968773826,0.514457411903938,10.1434638759575,0.22521272827678,-1.47269517175057,-913.215248489446,-913.342571779436,-925.64027669762,-925.753943227872,0.110508613181344,-954.078480668358,0.101241586506669,1875.98574010773,1888.44698574187,NA,2441.94885518209,0.431059330721943,1.3427877691436
"308",-5.86,0.79,-5.86,0.83,1.359326,9.604077,-1.1484446,0.2002995,35,35,-6.18255050883972,0.802280161762211,-5.74433633478196,0.885054483760436,1.36340396554191,8.78523794849013,-0.996393045797701,0.17158413668986,1.36340396554191,8.8279195180456,-5.96344342181084,0.843667322761324,1.36340396554191,8.83324586407641,-0.98732482551079,0.173297033785427,1.36340396554191,9.39578719389062,2.93950181225587,0.0828995251567268,-0.478507161184365,-7.36051414113489,-6.42915197610754,1.94933898858968,10.4832830841393,-4.04825724766148,0.521796837816871,-3.90783057919479,0.599237703656596,3.52940457,0.07892899,-0.792,0.02739804,77.615044214158,-105.674845299479,1289.05099825927,0.100137498525633,0.0942368635997098,9.74405596038315,0.206586694798981,-1.35451088808271,-910.258707263326,-912.741713430935,-931.191989545856,-935.124126215324,3.92911255393963,-944.246244973488,4.61137779606476,1870.07265765549,1899.55041143834,NA,2472.42715121906,0.472704892471303,1.36357121625509
"309",-5.86,0.79,-5.86,0.83,1.359326,9.604077,-1.1484446,0.2002995,35,35,-6.17034697294215,0.863161387042778,-6.37509176282289,0.932134639220929,1.57538825413427,6.8494829455426,-0.893065590261666,0.181750456582346,1.57538825413427,6.9337931544246,-6.27271936788252,0.897648013131854,1.57538825413427,6.85996305278843,-0.896596068767819,0.182939783961354,1.57538825413427,6.96411525373802,2.96203645242583,0.072681336568239,-0.450225873987376,-6.98559601923898,-6.77941602083787,2.14851859840361,8.3975626017338,-4.41184534584602,0.612731756254376,-4.83694293287233,0.709409748281422,5.8081834,0.1451691,-0.871,0.0257254,83.7804788227176,-118.005714516598,1296.27696279727,0.645690238028741,0.597450075103325,6.4079640897822,0.146737404563036,-0.933785760603614,-933.29700719609,-933.529366093067,-951.611998191064,-951.879020678708,0.259888645088025,-961.066396059555,0.250544965481526,1916.14925752102,1940.39042872876,NA,2474.54821107793,0.425308757815928,0.90611271487512
"310",-5.86,0.79,-5.86,0.83,1.359326,9.604077,-1.1484446,0.2002995,35,35,-5.16359379616824,0.64335171496357,-6.09060091071324,0.824798141829101,1.32925657475244,8.73712286012785,-1.0863141401975,0.203214809302707,1.32925657475244,9.27453605589475,-5.62709735344074,0.734074928396336,1.32925657475244,8.9519584077321,-1.12836467235078,0.211445510758274,1.32925657475244,9.3451922931511,2.9821063077087,0.0805434041599275,-0.472426682239929,-7.28841198860526,-7.13440824474338,2.16535930656802,9.33210984297383,-3.74681732012799,0.474361969526721,-4.32740881394743,0.589184222875944,5.59733293,0.13350855,-0.862,0.02516141,88.5317317332621,-127.508220337687,1307.77124037979,0.573022413587682,0.555540314947151,6.60028790571301,0.143642539739291,-0.925006709167554,-909.171750381094,-910.20736446406,-928.088539538458,-928.568270006527,0.467624436499505,-966.297504739459,0.126150952335151,1867.89874389103,1893.34351142354,NA,2488.03426042189,0.472492377639652,0.954004813917667
"311",-5.86,0.79,-5.86,0.83,1.359326,9.604077,-1.1484446,0.2002995,35,35,-5.99281036103071,0.769387314270635,-5.74444560164218,0.799140799695433,1.27466942252058,10.1410135668725,-1.15418559199355,0.179665353458001,1.27466942252058,8.84653264638195,-5.86862798133644,0.784264056983034,1.27466942252058,10.156434830299,-1.15233816268142,0.179886670931732,1.27466942252058,8.97243349735449,2.71145172855108,0.0797906588366915,-0.449270174353061,-7.3667410670047,-6.94111274075909,1.94562390876737,9.60491051942974,-3.93899509249133,0.488392065134399,-4.33736894394721,0.59916038269889,5.60097607,0.10086998,-0.883,0.02326191,110.632764163771,-171.710285198705,1276.13021123333,0.274023160266066,0.244289921119543,7.60193335283305,0.162945971379268,-1.06683695535765,-895.75898490066,-896.353244498411,-914.836520495233,-915.725888594136,0.869469301894725,-940.993743364657,1.0448215100858,1841.07321293016,1866.83947333709,NA,2380.55013726796,0.458845021747663,1.0536338993626
"312",-5.86,0.79,-5.86,0.83,1.359326,9.604077,-1.1484446,0.2002995,35,35,-6.35475362621549,0.865354226196884,-7.36229427116098,0.968257098544169,1.42057931210418,13.3903476981052,-1.63510542016595,0.258080194697089,1.42057931210418,9.17327498210986,-6.85852394868823,0.916805662370526,1.42057931210418,13.6441322359095,-1.66102512675883,0.260727444981419,1.42057931210418,9.28568696990268,2.89954738089344,0.0796071997757649,-0.463514593338913,-7.15693830427274,-7.55141026393014,2.21367731630212,9.34244776523787,-4.45312964843809,0.598053238572793,-5.07593366314824,0.659674282172763,6.40234294,0.12759074,-0.883,0.02562672,90.9628933817032,-132.370543634569,1379.34765822709,0.67303323637215,0.64737860522282,12.2839657125657,0.243396597579525,-1.68603853743475,-928.759954456727,-929.387502437966,-943.67423891085,-944.443478166607,0.751381947637703,-971.739354980308,0.808800824975671,1907.07515204229,1924.51491016833,NA,2626.3247728196,0.464129137748788,1.53022307800462
"313",-5.86,0.79,-5.86,0.83,1.359326,9.604077,-1.1484446,0.2002995,35,35,-5.86701698173793,0.722294239295395,-6.39825492907045,0.965488333093294,1.28909020672353,6.7721765268293,-0.716292980261973,0.133285489328539,1.28909020672353,8.97788015430124,-6.13263595540419,0.843891286194345,1.28909020672353,6.84272996600081,-0.748591463060119,0.148071331143084,1.28909020672353,9.65142573159905,2.08054773133415,0.0554400101663428,-0.32448543789407,-7.5215160421482,-6.60386650992301,1.80006895836261,11.2584036388649,-4.52615186053315,0.561961779548265,-4.35325332666767,0.665382127687733,2.4737801,0.05104209,-0.656,0.02521132,103.116775425164,-156.67830772149,1304.3617032591,0.0261112152577982,0.026922102749976,8.66997714346731,0.196219655911681,-1.23617396185073,-893.081856209651,-897.248770150695,-918.520319701786,-923.092936445196,4.59026351769792,-927.014409950373,4.54127285252921,1835.71895554814,1874.2070717502,NA,2452.04509879671,0.337114556599385,1.29264060241301
"314",-5.86,0.79,-5.86,0.83,1.359326,9.604077,-1.1484446,0.2002995,35,35,-6.00514934911833,0.806482035570927,-6.46818078934581,0.97904503270177,1.29642842001931,9.53978922571688,-0.981800524679457,0.159080148490224,1.29642842001931,10.5065390641246,-6.23666506923207,0.892763534136348,1.29642842001931,9.59338875437665,-1.00177604795232,0.166524645484919,1.29642842001931,10.77308229115,2.43209464529049,0.0652886457606837,-0.379566976087265,-7.15807930457928,-6.59302506199569,1.82395087200545,13.0958061206782,-4.13202203464704,0.549530015269757,-5.35419723313648,0.812880493077932,8.0078392,0.1523638,-0.875,0.0233379,97.1084065067093,-144.661569884581,1329.64915696212,0.040392686894382,0.0363038865830072,5.54110549363531,0.127300551668586,-0.790655894250971,-903.900617728073,-905.802568947509,-929.889178438154,-931.492197747688,1.57518601698739,-935.131801776526,1.47782900953448,1857.35647858498,1896.94478922294,NA,2514.63674403966,0.400751538826009,0.85394230827352
"315",-5.86,0.79,-5.86,0.83,1.359326,9.604077,-1.1484446,0.2002995,35,35,-5.85981672536681,0.842239875998354,-5.9012612363971,0.822808608375708,1.29929515433953,8.48240344704898,-1.07796936692646,0.204698104749046,1.29929515433953,9.22206921949492,-5.88053898088196,0.832524242187031,1.29929515433953,8.48283285892262,-1.07776803708013,0.204792498289402,1.29929515433953,9.23935936444309,3.19923981284307,0.0814150891256344,-0.495292589294613,-6.79971072061082,-6.95692169591136,1.98924958951402,9.87058189690564,-4.17908967376177,0.604872262309981,-4.43269440828943,0.623418116000349,5.06852345,0.11620439,-0.852,0.02493087,90.8478022275355,-132.140361326234,1269.40650277581,0.882737007583316,0.872951306029149,6.69957881462856,0.154333802597865,-0.969739474745636,-903.753545748459,-903.828292621833,-922.144685979055,-922.262987634237,0.115018772738599,-947.292571239112,0.136009929637943,1857.06233462576,1881.45580430474,NA,2406.67264422539,0.471406020226545,0.986780132064482
"316",-5.86,0.79,-5.86,0.83,1.359326,9.604077,-1.1484446,0.2002995,35,35,-5.55922157522959,0.858478075533785,-6.29546043383646,0.825785495210574,1.45788409879098,10.3681227440298,-1.23095837321554,0.215923374386846,1.45788409879098,9.39460420847423,-5.92734100453303,0.842131785372179,1.45788409879098,10.5036346582604,-1.22494098621002,0.216190575588893,1.45788409879098,9.91646464526,2.4085222167709,0.0631597945874968,-0.372948731698345,-6.40237257959737,-7.33338537191703,2.17235111427436,10.513526155192,-3.85850013718306,0.591601200079292,-4.50224811335962,0.584940561515033,5.26719037,0.10906879,-0.824,0.02670742,74.9017129124767,-100.248182696116,1317.36252864818,0.122968382044326,0.104688440628374,9.02115262801551,0.198269249956032,-1.26926152739695,-932.176659861618,-934.246676461202,-951.53156404825,-954.960536592588,3.41393563330698,-970.876630614869,4.12401166571293,1913.90856285207,1940.22956044313,NA,2534.47687460025,0.384272754249698,1.31583344389362
"317",-5.86,0.79,-5.86,0.83,1.359326,9.604077,-1.1484446,0.2002995,35,35,-6.17661989673541,0.866029531942759,-5.80655400604036,0.836134826297253,1.53861641741524,8.13744150600079,-0.837470616308194,0.122866841895966,1.53861641741524,6.44161142879154,-5.99158695138789,0.851082179120006,1.53861641741524,8.17167869686475,-0.840236369026134,0.123090265252373,1.53861641741524,6.46385806178389,3.24075555009848,0.0815998353568273,-0.500643120471355,-6.97478127790749,-6.78282030760096,1.9690716258926,8.73884178005845,-4.70847820708755,0.659849429675537,-4.31730754904387,0.632297281714498,5.17661901,0.08814725,-0.865,0.02998105,59.6565088712556,-69.7577746136738,1253.3645793357,0.749084362543105,0.725514963009731,6.68860066646972,0.137332475563088,-0.927597224040189,-919.387651102655,-919.526652084584,-941.342478014787,-941.551430234209,0.20328541176272,-940.946891225964,0.228667271691579,1888.33054533415,1919.8513883762,NA,2436.97138405773,0.467768785592251,0.873207613620549
"318",-5.86,0.79,-5.86,0.83,1.359326,9.604077,-1.1484446,0.2002995,35,35,-5.81219633986841,0.897108970721579,-5.86477847134989,0.884495364110091,1.44719617244018,5.71479063194445,-0.657789095624969,0.146087713623083,1.44719617244018,8.30333086081559,-5.83848740560915,0.890802167415835,1.44719617244018,5.71548185208225,-0.657623283044645,0.14612748939102,1.44719617244018,8.31343960745879,2.53439013388316,0.0682578154313963,-0.402096489687068,-6.42519446721684,-6.55292520286894,1.91553557747611,10.9459888669553,-4.16646752801622,0.630371449933387,-4.16835301797623,0.629696533098147,2.91360437,0.06558829,-0.725,0.03015347,58.7782355066535,-68.0012278844695,1261.73648025689,0.999802674394175,1,7.40790147785127,0.188079446899209,-1.13308389013024,-916.24235261924,-916.286754615985,-941.96481830971,-942.040837116063,0.0738869531806657,-941.343054273981,0.0848448448888337,1882.03994836732,1921.09606896605,NA,2455.4717326293,0.396217680471219,1.13690149242719
"319",-5.86,0.79,-5.86,0.83,1.359326,9.604077,-1.1484446,0.2002995,35,35,-4.86048152694508,0.652030927150021,-4.92191302575562,0.669598508266586,1.39938024723735,11.3619701708577,-1.54724979379278,0.288797894478098,1.39938024723735,9.77944468458008,-4.89119727635035,0.660814717708304,1.39938024723735,11.3629136281192,-1.5475195945024,0.288875049454671,1.39938024723735,9.78110343892162,2.82527092135819,0.0709483390179039,-0.434186273785554,-6.93359121909334,-6.89035961557107,2.5962829297738,8.10343776561578,-3.5167315035994,0.476893334165903,-3.44533592148056,0.456572427897151,6.96412154,0.17227096,-0.876,0.02600068,70.4603976472516,-91.3655521656659,1281.9704804727,0.976218631360745,0.95906515428497,6.00319762481536,0.140059931443535,-0.876218582851829,-929.6184120121,-929.629001663036,-944.041972042586,-944.052742900866,0.0104639244901245,-1006.33249645331,0.0094100559312889,1908.79206715304,1925.2503764318,NA,2472.57540877973,0.413408758230795,0.884649801840763
"320",-5.86,0.79,-5.86,0.83,1.359326,9.604077,-1.1484446,0.2002995,35,35,-5.64581685974478,0.75397250176668,-5.23126223325668,0.655126416439436,1.38396640036621,5.83353911318224,-0.74073901913885,0.153440569836269,1.38396640036621,7.19065766979831,-5.43853954650073,0.704549459103058,1.38396640036621,5.87650299776793,-0.750983294634514,0.155883206982399,1.38396640036621,7.22556508395659,2.41262572452555,0.0629395653688839,-0.376495686697299,-7.11158502972919,-7.28592980123778,2.10454141131722,7.81862844146393,-3.93824712128694,0.525389163324482,-3.79318749374995,0.480221346993707,4.00667627,0.11521523,-0.875,0.02662859,85.4870110845828,-121.418779040328,1249.04364695089,0.833462656630519,0.815531864589783,6.01866239943965,0.118571656364263,-0.795551243301046,-902.107404581449,-902.509592732858,-922.103102033186,-922.400798124496,0.289806296204534,-953.77411230831,0.194897512513724,1853.77005229173,1881.372636413,NA,2376.66851486145,0.368663216636982,0.854896977812823
"321",-5.86,0.79,-5.86,0.83,1.359326,9.604077,-1.1484446,0.2002995,35,35,-6.45711645383233,0.866128540928571,-6.05741581796559,0.79972653144793,1.30830330477009,10.6372831198729,-1.30963127802442,0.226537684912491,1.30830330477009,9.76096543285735,-6.25726613589896,0.83292753618825,1.30830330477009,10.677223269451,-1.31626650937748,0.227639991628258,1.30830330477009,9.76846656164385,2.9853721571995,0.0801863490595656,-0.467713069628976,-7.25468796508746,-7.25059331887082,2.06555973947323,10.0484554779347,-5.12137687947211,0.706052399006669,-4.03634651279676,0.545955643575245,6.71473103,0.15632918,-0.882,0.02346694,99.0590050345435,-148.56276694025,1329.92819373468,0.400606086699513,0.274088571203956,7.57373676884828,0.145587520826364,-1.00343456207979,-910.326163920902,-910.454926992782,-927.433772597944,-927.482550386084,0.047400650124277,-957.083359996044,8.74259579229839e-05,1870.20757097064,1892.03397754252,NA,2511.29362052911,0.485805953966777,1.00943275596765
"322",-5.86,0.79,-5.86,0.83,1.359326,9.604077,-1.1484446,0.2002995,35,35,-5.26875241185014,0.654026701476473,-5.2754912807731,0.763787745379539,1.46256026375959,9.80562197565539,-1.18624708995227,0.200499150364159,1.46256026375959,7.88948764206534,-5.27212184631162,0.708907223428006,1.46256026375959,9.80563332874398,-1.1864320062742,0.203511022053832,1.46256026375959,8.15838002175065,2.96076200157361,0.0804455802906865,-0.469934831610133,-7.32997179700754,-6.68278276920084,2.31669223556684,8.05409103750576,-3.56271382745785,0.433360607894712,-3.30256840001935,0.484419699130633,4.7695675,0.1077618,-0.858,0.0295287,56.7752128778219,-63.9951826268064,1261.78549306716,0.134261264812728,0.117905385322607,8.60273784187364,0.176633936373366,-1.1764197760255,-924.848310418053,-926.397393476638,-941.366924096168,-943.452916726813,2.05688815315715,-978.226865814045,2.37627146518796,1899.25186396494,1919.90028053896,NA,2459.5758035075,0.473333599350113,1.18628223313519
"323",-5.86,0.79,-5.86,0.83,1.359326,9.604077,-1.1484446,0.2002995,35,35,-6.33533142506513,0.846027172980512,-5.65112390698237,0.846743579278659,1.28412927967462,9.48869794210335,-1.26002338139948,0.224443631710049,1.28412927967462,8.20816876282912,-5.99322766602375,0.846385376129586,1.28412927967462,9.60573292405361,-1.25990083875569,0.224443760019544,1.28412927967462,8.53115030807412,2.74662181383478,0.0804051932456785,-0.455528220744808,-7.25266168492758,-6.56418600350478,2.01912615911474,8.10017156407454,-4.86238405255247,0.66357166589155,-3.94585812501314,0.602157183084105,5.30373194,0.13200042,-0.871,0.02584653,83.6709609612805,-117.786678793724,1261.98056005904,0.151010044243566,0.129990319033507,7.08880318959557,0.143104207305902,-0.967267775316821,-898.860358313246,-900.416613243718,-911.956068106831,-914.369277168877,2.38513711491885,-944.723027312462,3.06980744513597,1847.27595975533,1861.07856856029,NA,2406.17444132435,0.456484685766055,0.946746139502361
"324",-5.86,0.79,-5.86,0.83,1.359326,9.604077,-1.1484446,0.2002995,35,35,-6.64178540830408,0.927438245590959,-5.39888602030291,0.74987886104607,1.23447840451251,7.55367468431952,-0.822214789052486,0.142052538934148,1.23447840451251,8.95782071063447,-6.0203357143035,0.838658553318514,1.23447840451251,7.93987440649295,-0.877386901648663,0.149934372694138,1.23447840451251,9.03884958710157,2.55812008418888,0.069050553674395,-0.40422801402975,-7.07408956428153,-6.88904304239007,1.75590000334871,10.8602234312868,-5.06379195193023,0.71187847333775,-3.68911520577062,0.521900193847227,2.97234981,0.07174209,-0.76,0.02450469,102.844249682082,-156.133256235327,1254.52924462643,0.0862076290927947,0.057889143953096,8.97916318092203,0.172404512243814,-1.21190502859761,-884.732319011721,-886.132396718811,-907.773849719501,-908.341149406176,0.553330267724006,-919.772018639334,0.195666359259192,1819.01988115228,1852.71413178563,NA,2352.92523301753,0.408570773922144,1.10901674912464
"325",-5.86,0.79,-5.86,0.83,1.359326,9.604077,-1.1484446,0.2002995,35,35,-5.86318528825235,0.815392293140844,-5.28197041139228,0.767286705235914,1.23792150691961,8.07070369815965,-1.1271839505224,0.225602924185856,1.23792150691961,9.10530819069473,-5.57257784982231,0.791339499188379,1.23792150691961,8.15515638143052,-1.13417387136001,0.226181461082776,1.23792150691961,9.17081381600112,2.96216805859089,0.0875692017954407,-0.494433070713596,-6.96303023481741,-6.66841600242093,2.03715904268844,8.70478442587146,-4.33407756149323,0.596381752352433,-3.55913306141708,0.516483727475124,4.36343659,0.12443155,-0.844,0.02506807,89.1803446281502,-128.805446127463,1242.44796082657,0.40874464687241,0.392379387376864,6.99296018367272,0.158648639266223,-1.01734501465845,-893.075369494486,-893.498846175928,-909.485414149741,-909.937710671043,0.440796305939089,-949.15281812325,0.522448611018127,1835.70598211781,1856.13726064611,NA,2356.09047552567,0.49388317433416,0.97166606657289
"326",-5.86,0.79,-5.86,0.83,1.359326,9.604077,-1.1484446,0.2002995,35,35,-6.41891657858332,0.857366151416877,-6.34759933562798,0.928310501338259,1.30489763379404,7.66673823335434,-0.729978767647809,0.128594063118035,1.30489763379404,10.3525219288159,-6.38325795710565,0.892838326377568,1.30489763379404,7.66800977064003,-0.728713878787896,0.129852338314476,1.30489763379404,10.5247227096603,2.79745627744376,0.0778464574581597,-0.451102893412838,-7.26869213910724,-6.77470681757647,1.72370501803673,14.1049958836653,-4.65838847971169,0.62780073319109,-5.33523261117954,0.784703037839338,6.40227702,0.11389,-0.837,0.02331958,103.685107668844,-157.814972208851,1340.26910675116,0.246082155261871,0.192339366333229,5.74657744153746,0.120094784014291,-0.785523134599456,-900.620336248617,-901.376018725854,-930.541201422875,-931.595024338268,1.03145831127597,-923.702408573432,1.11529946233889,1850.79591562607,1898.24883519238,NA,2522.72324129346,0.449494071905088,0.827056840732193
"327",-5.86,0.79,-5.86,0.83,1.359326,9.604077,-1.1484446,0.2002995,35,35,-6.29912717436752,0.927468550113358,-5.87208096875298,0.790303482206762,1.409208607451,11.6653547074945,-1.52954838684422,0.240446841230366,1.409208607451,6.42111465944571,-6.08560407156025,0.85888601616006,1.409208607451,11.710946822927,-1.54419234229231,0.245150405193822,1.409208607451,6.54529871748096,3.24654659964245,0.0902559988409442,-0.529327809923694,-6.73125078384241,-7.12139855863639,2.19464619074857,5.94035765390428,-3.94683123107794,0.58323408947589,-4.22827678228163,0.573515271203651,4.63103165,0.09486414,-0.894,0.03193262,49.7492038413648,-49.9431645538921,1232.07221158945,0.392148522890625,0.368303353834694,10.3700604449719,0.226148473057612,-1.4945654464392,-910.970000617741,-912.222218041865,-919.624857637438,-920.786536571451,1.13790398530608,-955.662354040437,1.18921085034296,1871.49524436432,1876.4161476215,NA,2414.201258625,0.498208371367129,1.34963428671069
"328",-5.86,0.79,-5.86,0.83,1.359326,9.604077,-1.1484446,0.2002995,35,35,-6.33591345654617,0.802387209033013,-4.94958007851337,0.724462327302461,1.24257161991935,6.89540470083687,-0.906379313162741,0.174907122976057,1.24257161991935,7.74032891537472,-5.64274676752977,0.763424768167737,1.24257161991935,7.37588475959883,-0.933386779293322,0.176425194774238,1.24257161991935,8.34990582977851,2.71562415058323,0.0718745538860735,-0.425942712143907,-7.51323932890251,-6.59116223161326,1.93119974645275,7.99372740170388,-4.16014061407302,0.51973320423487,-3.5934602179936,0.523261591219564,3.49321438,0.10005563,-0.814,0.02372724,105.048082333265,-160.540921537693,1242.80054511536,0.132105935217733,0.12904907742238,7.95252771107029,0.155415474526107,-1.07272114436122,-883.597810364331,-887.029413457224,-900.246093013945,-904.965384462917,4.74252520480578,-933.402992352143,5.82524929204114,1816.7508638575,1837.65861837452,NA,2325.06016869303,0.423111329606073,1.02781415102547
"329",-5.86,0.79,-5.86,0.83,1.359326,9.604077,-1.1484446,0.2002995,35,35,-6.18488725550888,0.866580855344751,-6.25363859768628,0.922693030520506,1.29028643271929,6.43649200753426,-0.721468117268947,0.152694356175515,1.29028643271929,9.89416306224171,-6.21926292659758,0.894636942932628,1.29028643271929,6.43767369429705,-0.722432564107901,0.153481500226254,1.29028643271929,9.9474069227283,3.03326204158604,0.0773912234110019,-0.470677825021112,-6.97976399451773,-6.71421351713506,1.77797917339116,12.5592743400052,-4.87402541355123,0.682230913851707,-4.82301820967741,0.712845143172385,4.83440702,0.10878732,-0.82,0.02135844,124.155700722135,-198.756158315432,1292.71353684394,0.740858798885012,0.732803337968226,5.5199651894547,0.12838685276029,-0.792648048841591,-898.198670250841,-898.447371631857,-924.897519030698,-925.238801971384,0.33234150181181,-927.519326854246,0.348079155915796,1845.95258363052,1886.96147040802,NA,2386.67091537244,0.446018723864893,0.856625604628871
"330",-5.86,0.79,-5.86,0.83,1.359326,9.604077,-1.1484446,0.2002995,35,35,-5.67410262507476,0.730511425414284,-6.67717411048403,0.830068173970965,1.59799559917231,9.88083862003949,-1.00869825407116,0.174568239561846,1.59799559917231,9.85903268862448,-6.17563836777939,0.780289799692624,1.59799559917231,10.1323767212498,-1.03366388798548,0.17704612610764,1.59799559917231,9.96483434019189,2.09372574684748,0.0606148321522984,-0.341937450447088,-7.2796458169484,-7.68958395673818,2.26566101768304,12.242796926491,-3.7685437706606,0.475140319475902,-4.04194407563346,0.505305832238159,3.67419911,0.07015979,-0.749,0.02888823,70.2524083294802,-90.949573530123,1421.05385342362,0.921635898136176,0.923357536682088,12.5605904302957,0.235528711917743,-1.6455235760767,-950.504256080729,-951.188868485701,-977.073460914198,-977.752183307667,0.662537125808665,-986.078069761798,0.666513517556582,1950.56375529029,1991.31335417502,NA,2751.15813331712,0.357376249436823,1.65076935713359
"331",-5.86,0.79,-5.86,0.83,1.359326,9.604077,-1.1484446,0.2002995,35,35,-5.59197759728686,0.715778574464894,-6.38932906552842,0.970179851869869,1.34942968846385,7.99935827185367,-0.811561229068673,0.157339839826748,1.34942968846385,11.1880505519648,-5.99065333140764,0.842979213167381,1.34942968846385,8.15830061283043,-0.862273037084023,0.173519842313069,1.34942968846385,11.6292009418342,2.68410955323449,0.0665590368546581,-0.405138038185528,-7.28529530269988,-6.56698979153359,1.93666386949024,13.8435794127474,-4.05801275197821,0.521637985007385,-4.92376315764355,0.752792777339401,5.68440485,0.11125458,-0.786,0.02402272,94.4801944162833,-139.405145703729,1361.65319371551,0.0470997603825245,0.0387356170652688,6.4806094704464,0.163330224795653,-0.968187737325413,-914.471448064768,-917.496333213441,-943.733904185703,-946.222800307511,2.46128175980394,-951.63161586244,2.13585845268366,1878.49813925837,1924.63424071803,NA,2583.90124172729,0.40727553688968,1.06301951659644
"332",-5.86,0.79,-5.86,0.83,1.359326,9.604077,-1.1484446,0.2002995,35,35,-6.13130473578058,0.879264095837722,-6.07313015103885,0.844715185710218,1.3540905353165,7.5979207624442,-0.884207085942535,0.173155054584258,1.3540905353165,9.4293229132561,-6.10221744340971,0.86198964077397,1.3540905353165,7.59876683302167,-0.884709553067522,0.173453461382007,1.3540905353165,9.44537093429197,2.20088385339201,0.05730876269121,-0.338676372710179,-6.85061800997208,-6.99827689155501,1.92450838413323,11.3729474796659,-4.18940952240314,0.60602284317203,-3.88916860115938,0.541837344793944,4.50012738,0.14024987,-0.831,0.02507188,87.3424192081917,-125.129595287546,1309.8272123188,0.850134095750553,0.859114356060953,8.70077016323064,0.16982242783153,-1.1810590931383,-910.490590575918,-910.575114441436,-933.670234894012,-933.77786394017,0.104634350620446,-943.717101289837,0.108961515171345,1870.53642428067,1904.50690213465,NA,2494.52482935005,0.352750175097515,1.09295961207143
"333",-5.86,0.79,-5.86,0.83,1.359326,9.604077,-1.1484446,0.2002995,35,35,-5.88153416420111,0.807933237084434,-5.52351466958946,0.813085473696657,1.4569550256329,6.49835944381788,-0.881820732922494,0.17166547231928,1.4569550256329,6.05435197560925,-5.70252441689528,0.810509355390546,1.4569550256329,6.53040393344836,-0.881359582635485,0.171672108704807,1.4569550256329,6.14513793137195,2.9718381131629,0.0806902579901644,-0.478172461491276,-7.02581823657172,-6.63710304946776,2.0720535337134,6.74435228920439,-3.94267233988809,0.546733701037049,-3.93621542065182,0.588863660064077,2.95432624,0.08599261,-0.821,0.02928998,68.2167881208411,-86.8783331128448,1215.25168475214,0.606272247574323,0.583150164091769,8.02442414560972,0.173688773695947,-1.14567665291638,-909.780075129531,-910.364461943119,-924.24043366409,-925.135550818445,0.875125739856491,-945.415955094808,1.12053107919177,1869.1153933879,1885.64729967481,NA,2343.62503639143,0.449601345014778,1.06473461636149
"334",-5.86,0.79,-5.86,0.83,1.359326,9.604077,-1.1484446,0.2002995,35,35,-4.66067478260611,0.732725198776577,-4.37271461562344,0.622525973874754,1.28604997759459,9.0009430687003,-1.08460560300163,0.190354728059414,1.28604997759459,9.02835449341599,-4.51669469911478,0.677625586325665,1.28604997759459,9.02167333314246,-1.09253884980265,0.193390695351654,1.28604997759459,9.14176944378646,2.41291913968899,0.067156269653669,-0.386947832131977,-6.25302888564493,-6.62160718439449,2.16705801222524,8.74755633356807,-3.3067989959218,0.517454381922957,-2.9840954639452,0.440259716140277,4.71621711,0.11389821,-0.841,0.02892805,53.170362995888,-56.7854828629387,1189.2768182082,0.707372600677366,0.672703264252555,5.68672546251662,0.124828178134311,-0.804067284085937,-899.90452247565,-900.652851147819,-918.295032904725,-919.082249703431,0.769041085479704,-964.451233783119,0.765314941580684,1849.36428808014,1873.75649815608,NA,2321.76815355346,0.396027322910289,0.811972850966481
"335",-5.86,0.79,-5.86,0.83,1.359326,9.604077,-1.1484446,0.2002995,35,35,-5.88005257533195,0.781245150090165,-5.47760513507725,0.810495608319886,1.3545320333061,9.70343512556421,-1.36891204933947,0.26791598051418,1.3545320333061,9.25625861917798,-5.6788288552046,0.795870379205026,1.3545320333061,9.7439261111061,-1.36596910632926,0.268129877840842,1.3545320333061,9.47251465279554,2.47672580740818,0.0673904529123639,-0.392826318102678,-7.18333736394314,-6.60662326269137,2.27252922431485,8.53430658335906,-4.19110511000614,0.55628760798168,-3.68326927441659,0.547891952421241,6.94966068,0.1786134,-0.894,0.02371685,90.6546731451175,-131.754103161398,1281.42905192458,0.323278198401704,0.309590822861211,6.97024898244828,0.163483950318228,-1.01368572691112,-917.690097817661,-918.622370165304,-932.578777199592,-934.039401173352,1.43379870106792,-975.320143937135,1.82670960601672,1884.93543876416,1902.32398674581,NA,2431.10400068776,0.398552803303633,1.05482974901534
"336",-5.86,0.79,-5.86,0.83,1.359326,9.604077,-1.1484446,0.2002995,35,35,-5.81871422247326,0.740474236119417,-5.17135662842041,0.780011252162422,1.31439269758305,6.12069684655966,-0.703595826235798,0.112935218428549,1.31439269758305,5.41207714537626,-5.49503542544683,0.76024274414092,1.31439269758305,6.22546481020414,-0.697197179340391,0.113326012337945,1.31439269758305,5.93365728306552,2.57325056483137,0.0762708937621044,-0.428456171616861,-7.36490156624038,-6.48199266158955,1.82053636566142,6.43389767496094,-4.17900845639454,0.528056757552687,-3.68099513889225,0.552807577095036,3.20300611,0.06673302,-0.822,0.02688799,89.2128036149188,-128.870364101,1182.76579797868,0.0487348254087195,0.0478237256956144,6.78889640896052,0.136998130194348,-0.927993616385734,-876.232984268426,-879.716474330334,-892.329519241302,-897.803810048296,5.53135100510216,-912.278777225572,6.8542954095438,1802.02121166569,1821.82547082923,NA,2236.66123185637,0.436227609210649,0.899610581730313
"337",-5.86,0.79,-5.86,0.83,1.359326,9.604077,-1.1484446,0.2002995,35,35,-5.17582148955719,0.740998266585084,-5.51162345410746,0.796607289423202,1.29027817578743,7.13091721647332,-0.802351842435813,0.147351040869909,1.29027817578743,8.61232501397009,-5.34372247183233,0.768802778004143,1.29027817578743,7.15910795632228,-0.807020247214752,0.148124131725162,1.29027817578743,8.61766508778127,2.99363296833992,0.0745280815627017,-0.456177246731527,-6.71888679541313,-6.72338459183034,1.88758997105153,10.0697136345734,-3.70870817812075,0.537094481868054,-4.15025668742307,0.614945712009778,5.64110513,0.13791764,-0.872,0.02743162,65.4116866490874,-81.2681301693375,1222.06150349794,0.791504625071779,0.740210016530973,4.80964848455571,0.0937929502144307,-0.635757185919839,-893.68192120158,-893.806380586039,-916.133280057944,-916.172157371392,0.0377770225864145,-935.076044600604,0.00011521326982126,1836.919085532,1869.43299246252,NA,2362.85487682654,0.442497868246115,0.667862511356227
"338",-5.86,0.79,-5.86,0.83,1.359326,9.604077,-1.1484446,0.2002995,35,35,-5.47320414951287,0.792203732864859,-5.44788809999479,0.755892948943467,1.24706710538127,6.83363487561763,-0.755681984292775,0.129169420297346,1.24706710538127,7.69628186093376,-5.46054612475383,0.774048340904163,1.24706710538127,6.83379510120843,-0.755911795693723,0.129499038554592,1.24706710538127,7.72423208278401,2.25570800599075,0.0609622190973012,-0.356298490196245,-6.71120053770285,-6.90221474265365,1.78208316330051,9.18251829572259,-4.0274871611536,0.585910049932378,-4.05128811761523,0.554853855475953,4.65491056,0.09637042,-0.851,0.0243474,97.612381966147,-145.669520803457,1198.93772890804,0.722347418497546,0.69079315437934,5.35429542848305,0.114710126686847,-0.75508769317103,-879.631814368212,-879.809208723898,-900.777217893899,-901.001840108225,0.218554908432222,-918.060247913711,0.239273788255093,1808.81887186526,1838.72086813443,NA,2252.20593701262,0.361998823431501,0.727213866919493
"339",-5.86,0.79,-5.86,0.83,1.359326,9.604077,-1.1484446,0.2002995,35,35,-7.1470534468779,0.991978353416681,-6.14366263456203,0.849221336940396,1.53228918843904,8.84203570596611,-1.08306383353608,0.193332282444863,1.53228918843904,7.51516923911444,-6.64535804071997,0.920599845178538,1.53228918843904,9.0937339865261,-1.11887410321757,0.198427173883165,1.53228918843904,7.55807417125575,2.85221506571622,0.0797864116004446,-0.461152495030017,-7.19484434146134,-7.04196289210471,2.13895069830579,8.8767192821879,-4.95088451474506,0.684167354449598,-4.3461311186471,0.607615495736679,3.8513851,0.097138,-0.812,0.02760822,78.4327751936659,-107.310307258494,1337.33002926124,0.682776297503125,0.67581566866055,10.4408358597101,0.213959598061706,-1.45814468449358,-932.650805249246,-933.38408224559,-949.766215130181,-950.118034816681,0.342627997598349,-961.713463593687,0.131656728490537,1914.85685362733,1936.69886260699,NA,2567.34975126398,0.46026980433108,1.31783333738938
"340",-5.86,0.79,-5.86,0.83,1.359326,9.604077,-1.1484446,0.2002995,35,35,-5.25741854009573,0.678457212990374,-5.64005249460094,0.844408582669742,1.28834526957535,9.97850099664299,-1.23479075285183,0.207327624416298,1.28834526957535,8.56017959940154,-5.44873551734834,0.761432897830058,1.28834526957535,10.0151031824281,-1.25066541006082,0.214212588690912,1.28834526957535,8.85715065402997,2.59864980264521,0.0622404632559762,-0.390945834828046,-7.17308725953221,-6.56702589669265,2.09174962003286,8.39842596881249,-3.28971158694189,0.428367319652799,-3.76034136698242,0.559916038145595,4.37469495,0.11102797,-0.869,0.03082254,49.0288527657938,-48.5024624027502,1232.96964903899,0.2549129491939,0.213001226670809,9.00631285515442,0.186393328284938,-1.2424749942411,-900.017808408147,-901.967225453046,-915.385208469568,-917.526552786222,2.11230673072264,-954.509068512862,2.22338839202952,1849.59085994513,1867.93684928576,NA,2417.43683567522,0.364291135080036,1.22405597768982
"341",-5.86,0.79,-5.86,0.83,1.359326,9.604077,-1.1484446,0.2002995,35,35,-5.76175212354875,0.74730229257096,-4.89682673980466,0.730848072951807,1.44885837838671,7.6385560279028,-0.816818700865754,0.14620193570459,1.44885837838671,8.3739945964566,-5.32928943167671,0.739075182761384,1.44885837838671,7.82558000776401,-0.82037661892033,0.146269621040409,1.44885837838671,8.72959469575284,2.68940828571043,0.0702060858973555,-0.415278162353682,-7.26725967387247,-6.50036427276396,2.08402539215253,10.09149887428,-4.02520112250955,0.526584989101455,-3.57666318531602,0.534981827016696,3.86679063,0.06826039,-0.751,0.02770729,72.9882198481843,-96.4211965675311,1277.07157466556,0.322001284649545,0.326323649062639,7.50672420241541,0.158673665669733,-1.04357011596377,-918.885056257738,-920.440924977629,-942.775734548818,-945.382038749784,2.57956269371909,-959.399964937172,3.02779161947872,1887.32535564431,1922.71790144426,NA,2457.72195276359,0.428435976161111,1.04262048747552
"342",-5.86,0.79,-5.86,0.83,1.359326,9.604077,-1.1484446,0.2002995,35,35,-6.92111914136854,0.935154037929303,-5.02518098935036,0.700038215816383,1.37017913525391,6.0565728274149,-0.629052269760668,0.101293548275766,1.37017913525391,6.16575468679858,-5.97315006535945,0.817596126872843,1.37017913525391,6.95521819648445,-0.740493534082419,0.115113410727725,1.37017913525391,6.41200361199714,3.41957630062208,0.0832734630969213,-0.520351276147352,-7.30745460320828,-6.81227567846154,1.80987302630359,8.09767406604661,-5.11285319539311,0.683077764589396,-3.75904174947066,0.525615971911251,3.54702599,0.06474561,-0.797,0.0258431,96.4101103636689,-143.2649775985,1243.1559255615,0.121942000371447,0.106541081723743,7.37856951735845,0.147057422634215,-1.02055783981908,-888.777440525673,-892.118120987037,-910.292482548972,-912.657601275373,2.33679879445926,-917.908428143166,1.77211860468829,1827.11012418018,1857.75139744457,NA,2343.0468735245,0.478721613098485,0.903102312339567
"343",-5.86,0.79,-5.86,0.83,1.359326,9.604077,-1.1484446,0.2002995,35,35,-7.21317695796308,0.895371965221051,-5.58697828258751,0.836909756846604,1.32829012718597,10.849670084783,-1.48355844521425,0.251837284159058,1.32829012718597,7.24847228653295,-6.40007762027529,0.866140861033828,1.32829012718597,11.5108006177313,-1.50732623666877,0.252691741611062,1.32829012718597,8.32992776471814,2.3492250904647,0.0652193590540285,-0.375499410786704,-7.83652371459906,-6.55862774846372,2.13016297425257,6.56137731043865,-4.94346218426312,0.611392346346263,-3.93989039869537,0.595544492658921,4.50690555,0.10753592,-0.883,0.02727006,83.9636605428634,-118.372077956889,1298.79552449761,0.00314253822827833,0.00279958520847557,11.1135057851632,0.210004987657795,-1.45930033025586,-903.781481813817,-909.602545026986,-912.535503309596,-921.159451982832,8.91546579318183,-951.355378962772,12.0649136628315,1857.11820675647,1862.23743896582,NA,2479.21897103833,0.387653236855688,1.47343161634231
"344",-5.86,0.79,-5.86,0.83,1.359326,9.604077,-1.1484446,0.2002995,35,35,-5.8660204493536,0.86367254483926,-5.96125335606427,0.875811726598835,1.34802668253124,8.77546985299889,-1.22689772811558,0.219247130237698,1.34802668253124,6.47892707388762,-5.91363690270894,0.869742135719047,1.34802668253124,8.77773717962903,-1.22718674050659,0.219283970171146,1.34802668253124,6.479510730415,3.07940511483407,0.084144241858397,-0.49489189110879,-6.67822414977121,-6.70113495281213,2.04808698983533,6.28363354521433,-3.98265269663913,0.597359400233445,-4.12473474645073,0.598652610190889,3.84967881,0.09730778,-0.872,0.02933925,65.1209176500798,-80.6865921713223,1200.82590054542,0.867470731242221,0.851202093769672,8.23934353716269,0.190584917467838,-1.2220396837854,-899.790779517468,-899.797989926885,-909.293377818689,-909.298840415449,0.00530672962437291,-940.4189405932,0.00418727128423309,1849.13680216377,1855.75318798401,NA,2320.96520891952,0.476579125164022,1.11421268046174
"345",-5.86,0.79,-5.86,0.83,1.359326,9.604077,-1.1484446,0.2002995,35,35,-6.46857389625381,0.920912388154195,-6.03827334229045,0.846959392306869,1.32284430177012,9.67957631069954,-1.23922452016982,0.21485476709455,1.32284430177012,8.16373063717628,-6.25342361927213,0.883935890230532,1.32284430177012,9.72586595238482,-1.24718002393991,0.216222028493249,1.32284430177012,8.17298880559781,2.40704874934636,0.0606765476518068,-0.366616564683032,-6.93975742214459,-6.95004968063669,2.00347139338294,8.53424220602387,-4.93951512836434,0.710427193162369,-4.3759298694,0.612185780224788,5.92969273,0.14497523,-0.882,0.02439615,94.3198090602999,-139.084374991762,1275.19330537512,0.704473373027869,0.695743253971228,7.04599230470588,0.146435038004229,-0.986761943872846,-904.726017734586,-904.891065241703,-918.894744365662,-918.965430056917,0.068700781110982,-944.44695920644,0.000659931722820785,1859.00727859801,1874.95592107795,NA,2411.30223575847,0.368398630219113,0.911424443954856
"346",-5.86,0.79,-5.86,0.83,1.359326,9.604077,-1.1484446,0.2002995,35,35,-6.53812493113623,0.859592009918834,-6.27999597850674,0.968452056241833,1.29432019890031,10.5338813116486,-1.27725897775302,0.212189724659388,1.29432019890031,9.15418207323789,-6.40906045482149,0.914022033080334,1.29432019890031,10.550538950695,-1.27023399531789,0.21515235208075,1.29432019890031,9.73028437221325,2.67541283494119,0.0677002518627573,-0.4105082532659,-7.37463940269048,-6.4679504637624,1.9537652865895,9.86038142436974,-4.81208212680125,0.639754559484685,-4.17143807388288,0.641314382228744,6.77568416,0.14163803,-0.901,0.02601297,81.5623828538621,-113.569522578887,1304.71357841519,0.0822600836158211,0.0735478769458601,8.05436613181357,0.171683862206738,-1.1074806015753,-904.136669202568,-906.796587883159,-920.738352123367,-924.601260912939,3.85801200409562,-942.84994612812,4.61047986132321,1857.82858153397,1878.64313659336,NA,2495.85763425149,0.402122442470579,1.18787982815129
"347",-5.86,0.79,-5.86,0.83,1.359326,9.604077,-1.1484446,0.2002995,35,35,-5.06209910079899,0.65815534937061,-5.64428047422887,0.737654589886825,1.35580674736674,10.3379086758306,-1.07746483614446,0.162039568731213,1.35580674736674,9.45470467703769,-5.35318978751393,0.697904969628717,1.35580674736674,10.4226424637228,-1.08903558040205,0.163619601041877,1.35580674736674,9.4726683224203,3.2133362341863,0.0905699703718043,-0.525799888519388,-7.09872107017257,-7.20726654061045,2.11107134144785,10.4218655833872,-3.10933699027107,0.403269620168063,-4.32642543748677,0.570680114625221,5.77366243,0.09557923,-0.839,0.02718234,72.8213822858135,-96.0875214427895,1294.73989640436,0.266516832379223,0.225621545995255,7.99329120068946,0.15464248169359,-1.07809087113937,-909.937792783615,-910.1820671986,-934.150709604422,-934.270882880413,0.116840018322144,-963.5863286195,0.058147415578014,1869.43082869607,1905.46785155547,NA,2493.39227136593,0.505594080327264,1.00864536874294
"348",-5.86,0.79,-5.86,0.83,1.359326,9.604077,-1.1484446,0.2002995,35,35,-5.39578994778988,0.724030343262567,-4.49120639161317,0.736681837415565,1.31710699305156,9.67065795105161,-1.25293146680117,0.224894733884092,1.31710699305156,8.75633008384662,-4.94349816970152,0.730356090339066,1.31710699305156,9.87522580357794,-1.2500703834082,0.224934748960168,1.31710699305156,9.394572456343,3.20805167182903,0.0758457954549501,-0.476946729585337,-7.03994575001503,-6.05998786549954,2.19908289636029,8.26963665091805,-3.81735571564427,0.522158229536493,-3.12289588581258,0.512455246170734,4.379187,0.09279508,-0.84,0.03097315,46.9565065045363,-44.3577698802352,1218.94427472147,0.0956391763752383,0.082704851940004,7.58759663998788,0.173644779616732,-1.08462354167742,-907.166154434948,-909.946357924091,-922.216249793007,-926.651973183654,4.44844331390664,-966.285827659908,5.6060565265991,1863.88755199873,1881.59893193264,NA,2393.53077956271,0.455557751234954,1.15123634968989
"349",-5.86,0.79,-5.86,0.83,1.359326,9.604077,-1.1484446,0.2002995,35,35,-5.93233259280465,0.831601421171543,-6.36895039136329,0.929459372298832,1.40684250395559,5.94860859131889,-0.711384593579415,0.13575573517625,1.40684250395559,6.55677622433932,-6.15064149208397,0.880530396735187,1.40684250395559,5.99626736682344,-0.722066224377578,0.138149779825958,1.40684250395559,6.58523326688339,2.55078542152339,0.0675727860189343,-0.398651143078008,-6.93560774899584,-6.78921319742181,1.8585023555625,8.38492934637098,-4.10596448617897,0.569145018406465,-4.85477743605638,0.728799837275382,3.629254,0.09724168,-0.83,0.02506122,97.0225483724448,-144.489853616052,1240.11337911297,0.255396710034885,0.228345719313183,7.02369308411116,0.14886938497545,-0.99039313096461,-901.363668821294,-901.788239907386,-920.481227865906,-920.74433631587,0.256072012131851,-925.492450889105,0.146218614867949,1852.28258077143,1878.12888807844,NA,2335.73690460988,0.403854462024583,0.928906716833565
"350",-5.86,0.79,-5.86,0.83,1.359326,9.604077,-1.1484446,0.2002995,35,35,-5.03465958593214,0.752907879601332,-5.9735083984686,0.843028497396906,1.34501815517644,9.76821388628786,-1.10089922600244,0.179999394045916,1.34501815517644,9.09901342520459,-5.50408399220037,0.797968188499119,1.34501815517644,9.98857315948814,-1.12205163475304,0.18202982548388,1.34501815517644,9.2175296450582,2.80638941466345,0.0718017021475085,-0.434271937451352,-6.50677049928562,-6.90870399149146,2.0053584728244,10.2804990704734,-3.41985554389865,0.512641119569402,-4.27236481458948,0.60351938905564,4.31298913,0.0752785,-0.835,0.03145991,47.8171710371671,-46.0790989454968,1246.35736013787,0.420769975851379,0.404851514483332,8.62190184063517,0.185791690389516,-1.21488482399641,-909.271224506368,-909.958631314659,-929.770363211133,-930.587060172572,0.798008935202735,-950.564117765722,0.849835801656123,1868.09769214157,1896.70715876889,NA,2446.63562133023,0.420381774531821,1.19197097250095
"351",-5.86,0.79,-5.86,0.83,1.359326,9.604077,-1.1484446,0.2002995,35,35,-5.5314405274973,0.745140488690286,-6.3951528927956,0.871377783563566,1.12618089018673,9.27441310136086,-1.16461985056183,0.183661314186874,1.12618089018673,7.40564600931799,-5.96329671014645,0.808259136126926,1.12618089018673,9.46091286385316,-1.1918780286978,0.187645277841105,1.12618089018673,7.44677454965147,2.8938628249144,0.0734359105722789,-0.444396883652015,-7.04982754593249,-7.16145077477698,1.79115316603724,7.11824405328237,-4.24622068299002,0.575892967069229,-4.63115827710866,0.6294741648136,5.38687522,0.11000753,-0.897,0.02497048,98.9275657667682,-148.299888404699,1219.77235206424,0.872398772898546,0.880881095480535,6.55485240725818,0.134401882380407,-0.916235125760607,-861.218513446913,-861.802468243772,-873.417015449129,-873.758687855079,0.332721689632921,-911.374478731727,0.101967388113595,1771.99227002266,1784.00046324489,NA,2291.24481572378,0.436851038294838,0.825523332404685
"352",-5.86,0.79,-5.86,0.83,1.359326,9.604077,-1.1484446,0.2002995,35,35,-5.22018117812096,0.682809181143007,-5.63114789709816,0.759319150754794,1.19935461733781,6.73989055772442,-0.785212507511294,0.124025231151119,1.19935461733781,6.13107135354611,-5.42566453760956,0.721064165948901,1.19935461733781,6.78211396875114,-0.793073270306395,0.125488675013618,1.19935461733781,6.14338656765411,2.96600974838728,0.0766527475185736,-0.462362250016997,-7.10992199746203,-7.06506211596274,1.80175597544917,6.60421467412842,-3.81785546123408,0.503990888432157,-3.91349235828886,0.533816481402259,3.05746712,0.07920443,-0.844,0.02646482,91.7424229390141,-133.929602749191,1174.16507251141,0.904316260395602,0.890369575171923,6.97608272813634,0.126572538269055,-0.922462386153206,-861.380164692865,-861.664549879807,-877.329165429403,-877.449949729053,0.117434606642599,-910.531098394259,0.0174788504078017,1772.31557251457,1791.82476320543,NA,2214.40054227362,0.443599567317891,0.817049441303415
"353",-5.86,0.79,-5.86,0.83,1.359326,9.604077,-1.1484446,0.2002995,35,35,-4.21388845467296,0.60588094543261,-5.79387190624433,0.849442275688425,1.38920641703592,10.5285390283886,-1.19034177724561,0.185262904398421,1.38920641703592,8.5444688539243,-5.00388018045865,0.727661610560517,1.38920641703592,11.1526259551984,-1.28654749505733,0.200093434797416,1.38920641703592,8.6498367954004,3.80058626685919,0.0948614546384549,-0.587202592225715,-6.56194779567141,-6.69085586789853,2.20189976883609,8.91663527593084,-2.84988940694671,0.414961362031779,-4.20895375884724,0.62104680985596,6.73124785,0.13446894,-0.883,0.02726881,62.7239233209701,-75.8926035131029,1223.00951962839,0.183619577361096,0.148189302676328,6.62162155050805,0.14058374132148,-0.933123736782952,-914.449055497073,-916.3726190175,-933.736709879162,-934.505253438805,0.750698664329441,-968.960887156672,0.0905618534789352,1878.45335412298,1904.63985210495,NA,2370.12643574367,0.535037537912995,0.88166663557189
"354",-5.86,0.79,-5.86,0.83,1.359326,9.604077,-1.1484446,0.2002995,35,35,-6.0168843429145,0.897046327268404,-5.60806261520897,0.881290708932821,1.29892377449588,8.31029900378018,-0.905540957893885,0.157708503812592,1.29892377449588,9.48131749901324,-5.81247347906174,0.889168518100613,1.29892377449588,8.35208280504121,-0.90715126767114,0.157770563689876,1.29892377449588,9.54856402735481,2.57810107610362,0.070352191903989,-0.409995612708109,-6.63025568374671,-6.31530185300617,1.8028291177589,11.8276193922393,-4.24096878566478,0.641750336872251,-4.42577950764685,0.699926428092869,5.4592563,0.1193644,-0.839,0.02551212,81.7572840325685,-113.9593249363,1258.53740128808,0.77162016063137,0.729284860610296,6.13278328319149,0.13919826762384,-0.885347571873783,-900.337904041251,-900.613252545514,-923.827822005632,-924.275496712892,0.436277588924989,-928.978407628733,0.510434619403755,1850.23105121134,1884.82207635789,NA,2403.11547763986,0.413954140273632,0.879213294305091
"355",-5.86,0.79,-5.86,0.83,1.359326,9.604077,-1.1484446,0.2002995,35,35,-7.36618833923201,1.00185201337529,-5.51374205161198,0.706313766194772,1.33194109492408,15.6852093055779,-1.9301089003563,0.307559451691829,1.33194109492408,11.5224521125029,-6.439965195422,0.854082889785031,1.33194109492408,16.5430986177072,-2.06697608256612,0.329395165578463,1.33194109492408,11.6737123989418,2.45443233444963,0.0659736742785709,-0.388252447361739,-7.35515452278718,-7.26344863549172,2.37109835759512,10.2008117912765,-4.4440452009189,0.602348992552551,-4.06836491218574,0.527549147830098,7.24826693,0.16243839,-0.887,0.02623488,74.7284548143562,-99.9016664998749,1383.54545090762,0.803833662416819,0.795120221858382,12.9040407090598,0.248633738224045,-1.74157466377854,-927.079942940527,-929.023730847382,-942.432655706145,-943.27312864776,0.821380619821135,-991.360956271114,0.0376827272023413,1903.71512900989,1922.03174375892,NA,2667.18923531536,0.386041289778006,1.60783693390708
"356",-5.86,0.79,-5.86,0.83,1.359326,9.604077,-1.1484446,0.2002995,35,35,-5.44735184958616,0.703133023231555,-6.60048123274499,0.938115923588049,1.342933375526,9.38272112257947,-1.08144528225999,0.189170490715848,1.342933375526,9.62169105009515,-6.02391654116558,0.820624473409802,1.342933375526,9.71514796615553,-1.14918670399523,0.202974731580835,1.342933375526,9.75276770636309,2.87004936986974,0.0790249665146805,-0.461563444587228,-7.21600847696049,-6.96917054627652,2.03973187526301,10.6790880493959,-3.86282553447033,0.496281600809357,-4.87456059380292,0.69750849810922,6.45690124,0.13382324,-0.848,0.02294691,103.774961392571,-157.994679656304,1328.32046935908,0.178883653972605,0.163954863593908,7.42293566976195,0.168950690695451,-1.08092321848504,-911.98166533859,-913.865064618216,-932.922553137581,-933.781099411248,0.839151937688873,-955.943377197133,0.304360816077847,1873.51857380602,1903.01153862179,NA,2498.64625906185,0.452523545010881,1.03620909196542
"357",-5.86,0.79,-5.86,0.83,1.359326,9.604077,-1.1484446,0.2002995,35,35,-6.75228213761564,0.956966012282087,-4.81543957747958,0.718924053846246,1.34096862964911,13.2896851241625,-1.58931551705238,0.257935818616773,1.34096862964911,10.8648752858407,-5.78386085754761,0.837945033064167,1.34096862964911,14.2275248998511,-1.70457796610155,0.272101812110766,1.34096862964911,11.1343099728501,3.13027531187985,0.0831810903679798,-0.49261302276302,-7.00866750054202,-6.49001733069362,2.22508111447203,10.6373208043498,-5.28545778242332,0.751367541728462,-3.18771524471355,0.488578907895612,6.10758505,0.11942227,-0.83,0.02422094,89.9239859787486,-130.29272882866,1307.5954404387,0.0264071185558466,0.0147551125390851,10.0593822900781,0.20163412523077,-1.38371207507439,-922.717630213151,-924.696625519494,-940.311739421429,-941.883561160125,1.54418468591136,-977.126860692532,1.23622395823926,1894.99050355514,1917.78991118949,NA,2484.89815204874,0.486787029807111,1.2784523861876
"358",-5.86,0.79,-5.86,0.83,1.359326,9.604077,-1.1484446,0.2002995,35,35,-7.17376111256764,0.955855949225488,-6.28350271792854,0.934424871059605,1.43164913587755,7.91097420572935,-1.01543448725888,0.174237014015338,1.43164913587755,5.96175625053749,-6.72863191524809,0.945140410142547,1.43164913587755,8.10911420803569,-1.02020428656972,0.174351836793176,1.43164913587755,6.3178873078934,3.11042874546448,0.0767114220262851,-0.473874017712946,-7.43675994393442,-6.67418236729156,1.95720729814715,6.87046723103859,-4.73978053778613,0.641970305373579,-4.7757074778141,0.699138610727712,4.01061621,0.09895002,-0.876,0.02822501,79.5882574613789,-109.62127179392,1278.92156514081,0.416297713107824,0.412459244100834,9.05500951574218,0.181174794554975,-1.23882613846626,-906.625908933517,-908.892614543349,-919.022725995221,-922.515018282052,3.47856360215597,-932.011050573173,4.4923923754515,1862.80706099587,1875.21188433707,NA,2448.2218584877,0.448641696600534,1.17116903940526
"359",-5.86,0.79,-5.86,0.83,1.359326,9.604077,-1.1484446,0.2002995,35,35,-7.8902157560508,1.10822946322519,-6.34272916323872,0.916297492027724,1.29853975280753,12.5495106053481,-1.63399625701984,0.276170955325274,1.29853975280753,9.65927429952059,-7.11647245964476,1.01226347762645,1.29853975280753,13.1481892940814,-1.70824929505986,0.28538042571721,1.29853975280753,9.83230448806791,3.37393156820888,0.0834324023458932,-0.514304287804513,-7.2454126206731,-6.84140704605521,2.1446260075173,9.01309161364668,-5.38343811536625,0.75725785929908,-4.73755562854185,0.688996657339437,5.93598177,0.14930621,-0.878,0.02399764,97.80864491484,-146.062046700843,1340.30070041858,0.626953006259677,0.603747920437733,11.3923412835429,0.223807892916817,-1.56035826424348,-912.240780124439,-913.616521730905,-924.933894716427,-926.061068762545,1.10383244586803,-962.842619724269,0.904486145229759,1874.03680337771,1887.03422177948,NA,2534.53935413632,0.489094387689613,1.40116557968722
"360",-5.86,0.79,-5.86,0.83,1.359326,9.604077,-1.1484446,0.2002995,35,35,-6.0704736539817,0.850211863032022,-6.07087025213439,0.822992633108803,1.55844765285716,7.29760455634264,-0.925649995594149,0.169953480846927,1.55844765285716,6.13592029674316,-6.07067195305804,0.836602248070412,1.55844765285716,7.29760459566516,-0.925647296820073,0.17013870246633,1.55844765285716,6.15181404474277,2.30224115960962,0.0550032674762606,-0.343247859020734,-6.96287261338871,-7.12543433990891,2.14171753419771,7.24657166626598,-4.35548863532812,0.611473383697893,-4.34545991248229,0.58957552891468,4.13181682,0.08954801,-0.841,0.02817379,74.0406557956665,-98.5260684624955,1270.34903167903,0.888466258839244,0.874833577466952,7.67967518819326,0.172591358755114,-1.1160278245568,-926.276103072308,-926.383647128055,-941.543873811372,-941.699610584228,0.15145556831218,-955.716778649257,0.17805244341944,1902.10744927345,1920.25417996937,NA,2442.17199489557,0.332344734685195,1.04573121319378
"361",-5.86,0.79,-5.86,0.83,1.359326,9.604077,-1.1484446,0.2002995,35,35,-5.10935274082594,0.631010387803792,-6.80412158354046,1.04311548875417,1.17702284710081,10.7667138941688,-1.2982572480782,0.216075683445152,1.17702284710081,10.4542946712575,-5.9567371621832,0.83706293827898,1.17702284710081,11.4847742517278,-1.4728629693318,0.258533337002482,1.17702284710081,11.2048548244905,2.81673419559066,0.0737733264818926,-0.440810388003778,-7.30769736691799,-6.54725065853009,2.02177863620155,9.85442835689087,-3.47274939524992,0.435637987929977,-4.77100874434109,0.735011992835908,5.07195786,0.14345831,-0.855,0.02204732,112.015326194967,-174.475409261096,1285.33602182227,0.0174133015401605,0.0155431475071797,10.0196237191244,0.226056033514804,-1.44893420247492,-888.358226591089,-894.695352655597,-905.897531730328,-910.340366552125,4.45580386087975,-951.214462232878,3.13576833685511,1826.27169631101,1848.96149580728,NA,2396.19663438344,0.430285740317302,1.40540754141452
"362",-5.86,0.79,-5.86,0.83,1.359326,9.604077,-1.1484446,0.2002995,35,35,-5.97261423907316,0.925184816789577,-6.88365230660482,0.988729332951017,1.46179901201137,13.8489230403537,-1.53498732999672,0.235399431921232,1.46179901201137,10.8034252433495,-6.42813327283899,0.956957074870297,1.46179901201137,14.0564206304766,-1.5494601982982,0.23640890830478,1.46179901201137,10.9792666795038,2.86892022556501,0.0757956462535246,-0.451264854270123,-6.41834374072989,-6.95080002437425,2.1678169025446,12.3136020382183,-4.21474590382402,0.666577380297831,-4.78218138881859,0.686851738090251,7.73816574,0.16678926,-0.87,0.02501607,78.5843854489392,-107.613527769041,1357.79801153699,0.440004240238309,0.450366038692849,9.57548784046264,0.184956186649189,-1.28375248935458,-939.526307392002,-940.18198506825,-961.085794677199,-962.120927695151,1.01302947339221,-975.448952288225,1.16895207254039,1928.60785791284,1959.33802170103,NA,2607.98249530494,0.439979724256298,1.23297381695704
"363",-5.86,0.79,-5.86,0.83,1.359326,9.604077,-1.1484446,0.2002995,35,35,-5.37873766595366,0.76638805988194,-5.45765429463336,0.749839971943924,1.34663106977071,6.71999932613193,-0.725621530795438,0.14595982492128,1.34663106977071,9.42266817772181,-5.41819598029351,0.758114015912932,1.34663106977071,6.72155628470248,-0.725295050967648,0.146028284724881,1.34663106977071,9.44359326194557,3.01660312356774,0.0827647839476768,-0.486341612474257,-6.770537153459,-6.94804300792778,1.95271640094673,11.3567833540877,-3.65986800641889,0.526208958882936,-3.94311660336594,0.536151715701182,3.43353085,0.07944779,-0.741,0.02712381,76.4013254388645,-103.247407748892,1273.16529565366,0.779626706438805,0.771654254137183,6.98933339555567,0.149231453639743,-0.981068652814948,-905.824752219334,-905.908018934983,-932.272158493197,-932.41255320558,0.13652029431937,-947.236312469365,0.155391664212701,1861.20474756751,1901.71074933302,NA,2443.08318355843,0.4663461154042,0.958690758222521
"364",-5.86,0.79,-5.86,0.83,1.359326,9.604077,-1.1484446,0.2002995,35,35,-5.80616769362229,0.798863534097725,-5.91119358003866,0.78549239982796,1.31135218139098,9.23560360506767,-1.00105186219686,0.183620340823387,1.31135218139098,11.4540394364629,-5.85868063683048,0.792177966962842,1.31135218139098,9.23836121427206,-1.00070078338959,0.183665037631302,1.31135218139098,11.4771020225686,2.86620783758109,0.0725743286437529,-0.439898175481791,-7.00448670942238,-7.18917435377209,1.98357008034004,13.1599652839016,-3.87224436145036,0.53166015193578,-4.17354598479313,0.566131329363879,4.27435993,0.10927496,-0.785,0.02188147,115.715095303804,-181.874947478772,1332.60205875726,0.898533149718243,0.852866254782755,9.10353660601907,0.172115153021318,-1.20497126540651,-912.386205986106,-912.463339280006,-938.232439958504,-938.361947184681,0.125923469504465,-955.844615090963,0.144514993576179,1874.32765510105,1913.63131226364,NA,2483.32917003575,0.431095191606215,1.17194842960757
"365",-5.86,0.79,-5.86,0.83,1.359326,9.604077,-1.1484446,0.2002995,35,35,-5.27276549521242,0.633026316330575,-5.35228053639225,0.605933466824438,1.41691161080392,8.08878348938137,-1.09787654500806,0.184176058099822,1.41691161080392,4.97024087125922,-5.31252301580233,0.619479891577506,1.41691161080392,8.09036414982483,-1.09733797274702,0.184359563723413,1.41691161080392,5.00723787353452,2.72435068809422,0.0740681138835787,-0.435093489961238,-7.45909974080334,-7.70002696852914,2.39226558912053,4.11113294992125,-3.2920818463236,0.38375062324797,-3.9612683774562,0.451436957863631,3.16395235,0.07991634,-0.866,0.02671208,99.2853671977418,-149.015491266646,1258.10834775153,0.443304215884323,0.395558918952902,8.69009032476508,0.165739142129126,-1.17187321963908,-897.992682589787,-898.306532399819,-905.732487779014,-906.164932444716,0.421389389301055,-966.078630719312,0.564926772473109,1845.54060830841,1848.63140790466,NA,2367.20120423641,0.426082255614863,1.05946501177131
"366",-5.86,0.79,-5.86,0.83,1.359326,9.604077,-1.1484446,0.2002995,35,35,-5.46285412700344,0.722692292079205,-6.01688032711518,0.770872075552045,1.28404502029532,6.5206806331398,-0.823090354186467,0.168901540600907,1.28404502029532,8.55141990796282,-5.73986722705931,0.746782183815625,1.28404502029532,6.59741689074236,-0.829763569776383,0.16948186348478,1.28404502029532,8.60401075893037,2.82471851233092,0.0786644051933332,-0.46000705179894,-7.1149816919318,-7.38196520958593,1.97625296720809,9.24257655920176,-4.41147279952592,0.595466128927911,-5.04981583345506,0.661512807264082,7.2652035,0.1765471,-0.886,0.0200994,130.264190303863,-210.973137478889,1293.62887280735,0.664986115575701,0.656741718157561,3.49150546255724,0.0696424673811129,-0.457388114102858,-893.52317760081,-893.898374900113,-914.501909474635,-914.886277634391,0.374413218165798,-943.603883136388,0.419048325171284,1836.60159833046,1866.1702512959,NA,2376.28460813581,0.43769511083838,0.525208372316302
"367",-5.86,0.79,-5.86,0.83,1.359326,9.604077,-1.1484446,0.2002995,35,35,-6.80181062142408,0.971746539876398,-5.7664963080036,0.776662744528777,1.45232006001795,9.31059491496192,-1.09500916702433,0.181433672587288,1.45232006001795,7.62452084413185,-6.28415346471384,0.874204642202588,1.45232006001795,9.57856384685524,-1.14550242843427,0.190948094389096,1.45232006001795,7.6924673480699,3.63659625566808,0.0922860066531811,-0.56843251051154,-6.97013742569791,-7.0970818831613,2.06502949421122,8.86574701384226,-5.06015894035239,0.736852583857713,-3.9289211847797,0.537497738639879,5.1685364,0.12777,-0.865,0.0264325,79.7775924110457,-109.999941693254,1283.42060364517,0.215067611527993,0.167034859981817,9.24487995104811,0.17631838617181,-1.238860630223,-920.072702829576,-921.37068991193,-937.527307950064,-938.076627454261,0.535723937745676,-953.057696138823,0.0941278665737519,1889.70064878799,1912.22104824676,NA,2456.84126559708,0.51111241584471,1.15680054194602
"368",-5.86,0.79,-5.86,0.83,1.359326,9.604077,-1.1484446,0.2002995,35,35,-6.09998737945612,0.871303461318104,-6.74723133011722,0.983898226344421,1.35181858488478,8.77212526504018,-1.12537360380117,0.203030178638975,1.35181858488478,7.98718490259584,-6.42360935478667,0.927600843831262,1.35181858488478,8.87685644795702,-1.14359267393602,0.206199573916808,1.35181858488478,8.00838645978902,2.4565940964082,0.0758974526684605,-0.416993414243847,-6.8667280541436,-6.8431615309042,1.978362170622,8.77401863886977,-4.02251992517002,0.567650443758318,-4.55444901311937,0.660981590476659,4.33091318,0.09342097,-0.857,0.02959103,61.6003540013186,-73.6454648737998,1271.71754971104,0.65667115977271,0.620812370375377,9.59134037225056,0.227170026335692,-1.43371641393959,-907.440126510488,-907.835732743303,-922.8413002052,-923.006241863379,0.160417962327637,-942.226333356232,0.00341789747571304,1864.43549614981,1882.84903275703,NA,2469.78963454829,0.435195631793138,1.33904726530964
"369",-5.86,0.79,-5.86,0.83,1.359326,9.604077,-1.1484446,0.2002995,35,35,-4.90356119534426,0.653631602613924,-6.00624816809349,0.965863989550005,1.54521415816257,6.36091932933558,-0.670589314359045,0.119009340670735,1.54521415816257,6.56185831208262,-5.45490468171888,0.809747796081965,1.54521415816257,6.66489896930328,-0.756662960745247,0.143381606533686,1.54521415816257,7.02700902200694,2.85328655697335,0.0857431645232702,-0.480951227701029,-6.96713447728508,-6.20962168498552,2.0773390671473,8.48726811232496,-3.25489793621883,0.426807264804082,-4.15570328565998,0.681521487719995,1.63682027,0.03668831,-0.594,0.034072,44.234391156235,-38.9135391836326,1229.15346861355,0.00239573088603556,0.00148435126645673,9.92957490769655,0.245250305225794,-1.49734279281097,-921.10216929136,-926.35362675025,-943.512885100718,-947.691536125819,4.18286709026451,-953.144661925248,3.46480136044792,1891.75958171156,1924.19220254806,NA,2419.39339804347,0.480026572109283,1.49654574749738
"370",-5.86,0.79,-5.86,0.83,1.359326,9.604077,-1.1484446,0.2002995,35,35,-5.77927806789931,0.868303092421188,-6.18302832991131,0.839578386127455,1.36149781288331,9.56633902229309,-1.3445497074808,0.241121499983199,1.36149781288331,6.98287292237722,-5.98115319890531,0.853940739274321,1.36149781288331,9.60709259081179,-1.34165030555772,0.241327777171114,1.36149781288331,7.19661878111181,2.1395613504727,0.0569754281436878,-0.336528001980713,-6.56389416406973,-7.13877879309291,2.13981636566895,6.51881159860911,-3.8515553515042,0.583848097901509,-4.28452906249129,0.577225863605899,4.54218754,0.11641074,-0.884,0.02834331,69.4397783384476,-89.3243135480578,1231.57068199129,0.199472793594592,0.193283753550898,8.91654037617048,0.200374545127931,-1.29402445970124,-906.707194368221,-907.94416361253,-916.294196159186,-918.143831601319,1.82073778892423,-952.26556819297,2.44445838224581,1862.96963186528,1869.754824665,NA,2373.81705043453,0.3353059843311,1.22057015481455
"371",-5.86,0.79,-5.86,0.83,1.359326,9.604077,-1.1484446,0.2002995,35,35,-7.06229930977672,0.901514293994932,-5.51550976170122,0.821812700521889,1.08610000615824,8.82583351935729,-1.21831724286038,0.225026277933873,1.08610000615824,9.24151313676849,-6.28890453573897,0.861663497258411,1.08610000615824,9.4239729958662,-1.24913764079764,0.226614363934408,1.08610000615824,10.1802444354078,2.43443902552425,0.0689742807124065,-0.387899148186235,-7.64905166102719,-6.57710358249764,1.81431155950027,8.45797945331618,-4.50450356574304,0.576406356726631,-4.18897673108026,0.620235433414535,4.27019389,0.12591169,-0.88,0.02507182,97.4800704556434,-145.404897782449,1274.06206030889,0.0993796206225171,0.0823037704575421,9.20142995612944,0.173866187741896,-1.21013267372393,-865.401979256881,-869.773177586276,-878.366697060914,-884.505623922305,6.23284152009759,-919.867930260401,7.96864038088642,1780.3592016426,1793.89982646846,NA,2402.71922283533,0.428412818098285,1.21257545718268
"372",-5.86,0.79,-5.86,0.83,1.359326,9.604077,-1.1484446,0.2002995,35,35,-5.94228201209274,0.74747598037322,-5.87480569020931,0.798315985701648,1.32201239436873,11.0275342814001,-1.17169298301878,0.162842695952121,1.32201239436873,8.63051416869587,-5.90854385115102,0.772895983037434,1.32201239436873,11.0286725449038,-1.17083535887776,0.16348887248757,1.32201239436873,8.72564951365604,2.45057430112762,0.0632000870841767,-0.37738764670085,-7.44675477543576,-7.07638685766422,1.95929432351035,9.84374517888589,-4.42099515364168,0.562883051025361,-4.52405878424286,0.614913195717913,5.92275608,0.08881312,-0.859,0.0234018,110.204539260228,-170.853835391618,1298.73396958037,0.632992654786727,0.61444929417641,7.67851260727566,0.147865108401327,-1.03612886507821,-899.437204988124,-900.0497011719,-922.2184480735,-922.906552171177,0.671740194134147,-943.488646909424,0.768306836506613,1848.42965310509,1881.60332849363,NA,2426.61410376912,0.381981437716129,0.956132019545304
"373",-5.86,0.79,-5.86,0.83,1.359326,9.604077,-1.1484446,0.2002995,35,35,-5.28900115289382,0.671235350187899,-6.34243408678414,0.81838334694048,1.43430082727239,6.8195016162137,-0.803609178082409,0.151075779542379,1.43430082727239,7.29675739379068,-5.81571761983898,0.74480934856419,1.43430082727239,7.0969318527649,-0.842361814566198,0.156488912779453,1.43430082727239,7.34936857082916,2.48876762899541,0.0714147364875329,-0.408816537382696,-7.24769586210735,-7.42445910880541,2.09098011449369,8.41174920410651,-3.71420142944189,0.475500278487633,-4.28990522823998,0.560388651731854,4.01798892,0.10723835,-0.859,0.02888847,68.6386270137997,-87.722010898762,1296.69176813971,0.702208490993541,0.67706783159818,7.59366023465965,0.138839644920186,-0.981357214895103,-911.738214975552,-912.720683704552,-931.756402695274,-932.198883385766,0.431199789124123,-954.468503151258,0.188934231971494,1873.03167307994,1900.67923773718,NA,2505.66152538065,0.405718768833985,0.992720134058292
"374",-5.86,0.79,-5.86,0.83,1.359326,9.604077,-1.1484446,0.2002995,35,35,-5.63849902823965,0.755463458109278,-5.51147082079261,0.76337332924968,1.50052032952314,7.42684473866461,-0.887795124349644,0.147094811551767,1.50052032952314,5.69841602357033,-5.57498492451613,0.759418393679479,1.50052032952314,7.43087878003642,-0.887543930161618,0.147110453067132,1.50052032952314,5.71619466220385,2.29177090252835,0.0602933233549592,-0.351340707369513,-7.09538446614935,-6.92123129328367,2.107947543027,6.58390139611852,-3.79604027614725,0.508823660113167,-3.83794590069868,0.535506817475968,3.4320918,0.07593222,-0.818,0.03077639,57.3028859566845,-65.0505287845316,1218.40941745718,0.879132037668609,0.889609429261842,8.23818323783797,0.168453211856244,-1.15379046117359,-912.818047984998,-912.936964623398,-927.834781058991,-928.02032582986,0.180482583169695,-948.890965671916,0.225765338985995,1875.19133909883,1892.83599446461,NA,2371.76830612982,0.382149948331435,1.02157183465913
"375",-5.86,0.79,-5.86,0.83,1.359326,9.604077,-1.1484446,0.2002995,35,35,-5.21243654751348,0.772061034400319,-6.42117439181667,0.831018608149481,1.44465510347567,7.26066369471818,-0.651161389602067,0.114283073530066,1.44465510347567,9.32377704785542,-5.81680546966508,0.8015398212749,1.44465510347567,7.62592548878084,-0.668977452251792,0.115152072405663,1.44465510347567,9.77446859106758,2.78116032463846,0.074593669298242,-0.432396038485763,-6.57043792083288,-7.42792179717889,1.90258435244159,12.8506733954795,-3.31997670641727,0.49106333727291,-4.70256044646591,0.614766583208507,2.67160361,0.05943037,-0.696,0.02890539,71.398250841186,-93.2412585535347,1313.13896496515,0.0426168569667929,0.0468313043497196,9.86180822922121,0.181635802547213,-1.27349403072958,-917.730508097733,-919.583134348069,-948.819658835577,-951.810732933871,2.96858647725188,-944.858787218662,3.32035162068937,1885.0162593243,1934.80575001778,NA,2533.03667137676,0.463488678737881,1.31403505772138
"376",-5.86,0.79,-5.86,0.83,1.359326,9.604077,-1.1484446,0.2002995,35,35,-6.27025795984844,0.859159623449293,-5.86118726701775,0.886519570959204,1.18451532578418,9.52404312190295,-1.08379164696461,0.183743552010536,1.18451532578418,10.6335680440988,-6.06572261343309,0.872839597204248,1.18451532578418,9.56587782983621,-1.08099360879369,0.183930693692472,1.18451532578418,10.876725621049,2.2683016430504,0.0636064489552431,-0.368655312340494,-7.10934847809965,-6.53727429793341,1.77745394817851,12.001150029572,-4.78660301987496,0.657762295099644,-4.55269310879406,0.682307286995026,6.06933353,0.11522975,-0.859,0.02375215,100.348045014869,-151.1408469009,1282.76109477607,0.464192413690113,0.433750413091996,6.29497640806038,0.145309633228321,-0.909873448475072,-887.078065175138,-887.957033376612,-908.539263763763,-909.98727947787,1.42129355069208,-925.975788547626,1.68527790801354,1823.71137347911,1854.24495987415,NA,2414.38134265124,0.361230982099746,0.936835513834191
"377",-5.86,0.79,-5.86,0.83,1.359326,9.604077,-1.1484446,0.2002995,35,35,-6.48965060609867,0.873275230287109,-6.13344996622301,0.899650667178715,1.39489975534126,10.5585555455493,-1.42455670746676,0.249330195235851,1.39489975534126,7.69664391429414,-6.31155028616084,0.886462948732912,1.39489975534126,10.5902752695113,-1.42220797059231,0.249504111153657,1.39489975534126,7.86305233094524,3.41373243399454,0.0847235372178357,-0.52176541649147,-7.24464399150311,-6.73130532379413,2.17242917220005,7.48547562606039,-4.27317299469156,0.57679964820784,-4.10763343884263,0.610507050360776,3.40890188,0.10291145,-0.848,0.02872284,70.9572814730574,-92.3593198172774,1272.85798108076,0.395705944580387,0.395620087755906,12.5730696517398,0.256262004341965,-1.75131400170461,-917.062625436315,-917.932929225785,-928.227010285063,-929.553791538576,1.30116542010827,-960.204603625224,1.70111276421313,1883.68049400147,1893.62045291675,NA,2453.35664234424,0.494443335790776,1.58237081760369
"378",-5.86,0.79,-5.86,0.83,1.359326,9.604077,-1.1484446,0.2002995,35,35,-5.8350131534237,0.894962763013158,-5.1407263875574,0.689519541554834,1.28427823433019,5.18174050882028,-0.516817224172719,0.101930632199996,1.28427823433019,7.90463919345157,-5.48786977049055,0.792241152283996,1.28427823433019,5.30224903713456,-0.552476351621584,0.112482361510789,1.28427823433019,8.16883551666207,2.58859719482079,0.0642048972824582,-0.393785446131049,-6.46079783092513,-6.99048861600352,1.74548948543482,10.3295110516885,-4.17695971194803,0.64539959317071,-3.71980984296579,0.50044512860821,3.48155525,0.08349004,-0.774,0.02691042,78.2738356894525,-106.992428250068,1226.7501090916,0.171185505970382,0.152044581363841,5.54710672772393,0.129771082991481,-0.808953553824947,-882.49280235797,-885.078852002363,-909.638183597003,-911.684835982026,2.01752699778401,-916.712844246768,1.68835353821168,1814.54084784478,1856.44279954063,NA,2346.50778993313,0.38137337310054,0.825669461944516
"379",-5.86,0.79,-5.86,0.83,1.359326,9.604077,-1.1484446,0.2002995,35,35,-7.02771645411344,0.903561097198895,-5.68376510899753,0.776240021411706,1.54214741567977,6.00301255572183,-0.50793492588166,0.12015130576333,1.54214741567977,10.2598437251799,-6.35574078155548,0.8399005593053,1.54214741567977,6.45456386023155,-0.55071325864811,0.124203969848232,1.54214741567977,10.4776494832935,2.44336099247021,0.0675209650969556,-0.389058572156595,-7.60227448152557,-7.01686915909877,1.98614156001379,14.633494385228,-4.93940774419825,0.647174063893468,-4.13610230810337,0.576553072795452,3.34183708,0.08493569,-0.714,0.025515,93.0860510613225,-136.616858993808,1413.68473585422,0.399402599276855,0.37581712777068,8.77203655006214,0.156147978033486,-1.10173967654101,-935.229761395493,-936.926929212567,-970.894961706564,-972.236083112572,1.31536386411843,-959.6269216702,1.31339099286842,1920.01476591982,1978.95635575976,NA,2690.75261271463,0.403884756341229,1.2006574252479
"380",-5.86,0.79,-5.86,0.83,1.359326,9.604077,-1.1484446,0.2002995,35,35,-5.86243968782897,0.791003098431896,-4.57561525117515,0.731382901332289,1.36343218239932,10.0856995891481,-1.11873314510827,0.169790324011804,1.36343218239932,8.24884996788743,-5.21902746950206,0.761192999882093,1.36343218239932,10.4996788718405,-1.13791332674474,0.170678965987353,1.36343218239932,8.81164325648847,2.61752670374765,0.0649328668155972,-0.399131975313436,-7.10758914528259,-6.17596641504097,2.03817684818213,9.22393436772073,-4.37015294630175,0.590052330398985,-3.3891244483724,0.547610087916987,6.00675497,0.09947922,-0.867,0.02652582,78.0434458308483,-106.531648532859,1236.52567337152,0.0744505803530157,0.0676835516877069,6.88909272270921,0.139330609375578,-0.931241273006214,-906.980242450695,-909.465507509427,-926.94609651569,-931.081035145677,4.1378056469449,-951.099131073435,4.95640968244181,1863.51572803023,1891.05862537801,NA,2366.51969821019,0.382209491201742,0.95750243777241
"381",-5.86,0.79,-5.86,0.83,1.359326,9.604077,-1.1484446,0.2002995,35,35,-5.74661967111699,0.802410734913532,-5.98587760660572,0.882886902220289,1.3306714472771,11.2084407269792,-1.47433889075845,0.249317157091275,1.3306714472771,8.2159902492103,-5.86624863886136,0.842648818566911,1.3306714472771,11.2227518169028,-1.47915253116991,0.250936260467371,1.3306714472771,8.26474495967574,2.46303279548972,0.0709308498657617,-0.403745410258561,-6.92380538236499,-6.68360713784283,2.14761409859462,7.73693842290987,-3.80521143505562,0.53675421199375,-4.41601585956609,0.657412500435329,6.15415132,0.16206012,-0.899,0.02758202,64.2714167217185,-78.9875903145997,1242.90398685327,0.574464619645199,0.533217989369997,7.91403739558531,0.161849434926243,-1.09744293126633,-909.189818669759,-909.546898528251,-920.738181777363,-921.107521807566,0.359735657482264,-958.412064008527,0.365907320540953,1867.93488046836,1878.64279590135,NA,2406.82038339194,0.408770950928319,1.02334871889797
"382",-5.86,0.79,-5.86,0.83,1.359326,9.604077,-1.1484446,0.2002995,35,35,-6.42627253496856,0.823620858423753,-5.94329880622535,0.815618368030397,1.26076826108085,8.74461863032441,-1.01798495482544,0.171580370686397,1.26076826108085,8.71919037260754,-6.18478567059696,0.819619613227075,1.26076826108085,8.80293453598845,-1.01895120298157,0.171596380649521,1.26076826108085,8.85080880070005,3.02366324720063,0.0836149812876403,-0.48818125818633,-7.47709381888236,-7.04179685709982,1.86565749634947,9.82511593690145,-4.68418624078471,0.604701974804436,-4.6100584298935,0.651885456079961,6.79733472,0.15352143,-0.9,0.02477516,92.4017086601274,-135.248174191417,1303.40134032729,0.420729215228415,0.418396797276699,5.65492791374322,0.0983213108089633,-0.704492279910003,-892.165753273732,-892.738401188579,-911.23875388209,-912.180340930962,0.920864060396989,-931.430612009952,1.11648722827837,1833.8867496763,1859.64394011081,NA,2471.55450646317,0.475199176436974,0.758679126676548
"383",-5.86,0.79,-5.86,0.83,1.359326,9.604077,-1.1484446,0.2002995,35,35,-6.14199392142246,0.81977022354467,-5.90408079233131,0.900939971375555,1.53242178903622,10.2774261583292,-1.02983627053466,0.160666054550514,1.53242178903622,9.40376259008725,-6.02303735687689,0.860355097460113,1.53242178903622,10.2915768225776,-1.02500843336116,0.162313186541246,1.53242178903622,9.71055554450021,2.92965979038425,0.0697795136895637,-0.432749515841346,-7.21575629151777,-6.49425480913066,2.07117354291353,12.2760312864537,-4.9230425133314,0.665646611666488,-4.290222811392,0.655841269137028,5.58282034,0.08270325,-0.833,0.02906503,64.1648272582333,-78.7744113876293,1341.75503464022,0.235781003090342,0.210602997131019,7.5937314190352,0.16471093395399,-1.04829184195875,-937.548320471909,-938.995871900209,-963.809699642756,-965.84405549472,2.00522846608959,-964.176757053315,2.25287273895107,1924.65188407266,1964.78583163214,NA,2604.73565789281,0.434877567622724,1.14937999822779
"384",-5.86,0.79,-5.86,0.83,1.359326,9.604077,-1.1484446,0.2002995,35,35,-6.15839260156361,0.727129155063163,-5.54016630769595,0.820169532972275,1.49968071363047,11.9076237665041,-1.49207909528912,0.250292042774614,1.49968071363047,8.51505328793834,-5.84927945462978,0.773649344017719,1.49968071363047,12.0031747041115,-1.47769909328543,0.252456170754981,1.49968071363047,9.33004374457271,3.14507076258242,0.0835735832164714,-0.497777915872953,-7.78408648495976,-6.61154969555081,2.3995786810202,8.41390418960777,-4.7712373897683,0.593610595841222,-3.44254957627517,0.516530374520054,4.79530533,0.09563714,-0.851,0.0293288,63.768217736559,-77.9811923442806,1339.66036168343,0.0159345876137209,0.00993008117933993,10.830423016058,0.216889465980946,-1.44333461836857,-937.727637843513,-941.475388183906,-952.26793417895,-958.020633347112,5.82438682938214,-988.20328029269,7.24261081162673,1925.01051881586,1941.70230070453,NA,2601.33953102257,0.478304199563063,1.54964147500753
"385",-5.86,0.79,-5.86,0.83,1.359326,9.604077,-1.1484446,0.2002995,35,35,-6.34241949506138,0.75275990688598,-6.50230253893991,0.860998195911536,1.28996842199771,11.631230292293,-1.42796197485002,0.22556064969213,1.28996842199771,8.67011055908876,-6.42236101700065,0.806879051398758,1.28996842199771,11.637620939223,-1.43228834162843,0.228489531494925,1.28996842199771,8.84983225373465,3.10655958745182,0.0852314400809323,-0.500211270141345,-7.81541199156205,-7.33043931822813,2.0775444631481,8.45732436638053,-4.4449933911044,0.530963960782481,-4.64380388606235,0.616552328348015,7.32449894,0.14555293,-0.906,0.02422641,101.295761023666,-153.036278918494,1364.91417684079,0.359462392427668,0.324245077113524,8.71987880808101,0.171032501704776,-1.17670654305112,-902.141315258826,-903.301277368193,-916.494009308196,-917.783037073173,1.26379891535308,-953.058243188769,1.42450141784816,1853.83787364649,1870.15445096302,NA,2576.79207476308,0.482635241916845,1.13503602736786
"386",-5.86,0.79,-5.86,0.83,1.359326,9.604077,-1.1484446,0.2002995,35,35,-5.32474014143706,0.740135789377712,-6.28783066150439,0.866271244815182,1.17546426823608,9.03391147782331,-0.873584752940393,0.133300833869752,1.17546426823608,11.001343884109,-5.80628540147072,0.803203517096447,1.17546426823608,9.26579731528421,-0.903954718284444,0.137278372149357,1.17546426823608,11.06475672247,2.18029150854832,0.0502733164546215,-0.310576244545361,-6.87294386331146,-7.08455197993055,1.69700970745872,13.5366591110183,-4.04759179367154,0.561691912294809,-4.51756962064485,0.628412107437469,5.7774719,0.09752857,-0.831,0.02274579,107.326915635295,-165.098588141752,1279.51813076778,0.809419312869966,0.798469283509406,6.32906582354936,0.125379509782432,-0.857564123721479,-879.747670213033,-880.502821439746,-908.838667547957,-909.207560625475,0.359299179340955,-918.536047957124,0.216004437019705,1809.0505835549,1854.84376744254,NA,2393.93767339382,0.340926241304329,0.830292591986545
"387",-5.86,0.79,-5.86,0.83,1.359326,9.604077,-1.1484446,0.2002995,35,35,-4.77332432701298,0.592595983245856,-5.04632348320298,0.700165560913679,1.41148134467626,9.69602464125238,-1.31314394133996,0.243764721557207,1.41148134467626,8.23438878935159,-4.90982390510798,0.646380772079768,1.41148134467626,9.7146567760725,-1.32048554232372,0.246657525067116,1.41148134467626,8.33650125772413,3.31792773282265,0.0863184559006697,-0.520866683606856,-7.20053203497293,-6.83265948317754,2.51291662001395,7.08737740799397,-3.05023933847141,0.372021747955696,-3.37965331237718,0.474389250113874,4.9326957,0.1403087,-0.87,0.0293828,53.4483576707848,-57.3414722127323,1253.37840650137,0.471931271595575,0.432003490499457,7.36610582099364,0.154447341558584,-1.02028448655299,-921.4673859444,-922.093259647054,-935.322030411661,-936.091831407192,0.751933669647961,-994.194338067636,0.792420937333304,1892.49001501764,1907.81049316995,NA,2449.41534079002,0.491454378754423,1.01736906424773
"388",-5.86,0.79,-5.86,0.83,1.359326,9.604077,-1.1484446,0.2002995,35,35,-5.83864366300451,0.714975502308266,-5.71210820540678,0.924972256135342,1.36379515274626,8.69813252321112,-1.32386364662868,0.258783857790928,1.36379515274626,7.09957759521935,-5.77537593420564,0.819973879221804,1.36379515274626,8.70213532871849,-1.3172206377938,0.269808516945405,1.36379515274626,8.38911489573361,2.79949513601607,0.0803107561901235,-0.458287528342943,-7.53674586451589,-6.15910408843716,2.25932870751079,6.13820742751697,-4.4762913443848,0.565052133779512,-4.22295230980953,0.683173425659949,5.32139738,0.15166094,-0.893,0.02472698,95.6114926048376,-141.667742080838,1268.09673302684,0.00244371760905544,0.00233006845181882,6.34105318588096,0.158899731877633,-0.920164441812625,-907.182473870139,-913.882637882479,-917.723199964513,-928.064938146945,10.8263098172831,-963.762635805549,14.0039639769653,1863.92019086911,1872.61283227565,NA,2394.52572397283,0.462016893057944,1.12883056678077
"389",-5.86,0.79,-5.86,0.83,1.359326,9.604077,-1.1484446,0.2002995,35,35,-5.69536402983029,0.742986861824829,-6.52890292059031,0.921781638472668,1.29611412621549,8.63840553207271,-0.981972659543648,0.187616728102374,1.29611412621549,11.0003986360536,-6.1121334752103,0.832384250148749,1.29611412621549,8.81210230267507,-1.01923075949383,0.195608621141512,1.29611412621549,11.0914466605189,2.83698590080475,0.0765429896616586,-0.45136374355891,-7.22658179983625,-6.99490767801937,1.95899385810464,12.5150896779628,-4.26957723729879,0.555818010149295,-4.54494768494142,0.65079083824056,5.06286265,0.11822691,-0.811,0.02354411,101.523024858189,-153.490806587541,1340.51051655616,0.496970065225326,0.512588411767914,7.55481964196276,0.15683223918449,-1.03812505930274,-908.329869778035,-909.431259130365,-932.771482422896,-933.300573654943,0.515921666555312,-951.158715716153,0.241240381263212,1866.21498268491,1902.70939719242,NA,2527.53022652478,0.440895741133334,1.04998693420684
"390",-5.86,0.79,-5.86,0.83,1.359326,9.604077,-1.1484446,0.2002995,35,35,-5.55449296290742,0.715068369239397,-6.14406918932253,0.891983071337404,1.2305333489983,13.641225823869,-1.57135238149373,0.244980574238602,1.2305333489983,12.0471113951703,-5.84928107611498,0.8035257202884,1.2305333489983,13.7281258555575,-1.5974285571088,0.252805277193208,1.2305333489983,12.257017624548,3.33649653779823,0.0932428323367827,-0.546524967021992,-7.25204188727428,-6.78760609877385,2.09403317576227,11.6663287047666,-3.71438519201408,0.476324918618455,-4.29450132190376,0.627712641547527,5.81746122,0.10876406,-0.844,0.02436555,92.8943226551659,-136.233402181494,1318.80670092283,0.188634427425826,0.166303404937576,10.3119121481127,0.216564013366629,-1.44018159945945,-906.154884461337,-907.643556466544,-925.904239142464,-927.021459024546,1.09400641761729,-965.220562017748,0.967751839905874,1861.86501205151,1888.97491063156,NA,2501.37999966417,0.510118320538473,1.38471674552851
"391",-5.86,0.79,-5.86,0.83,1.359326,9.604077,-1.1484446,0.2002995,35,35,-5.03465766139776,0.67181224992019,-5.61768266253586,0.806198361282228,1.45752990650985,9.1217136194058,-0.901722750300679,0.136446923639648,1.45752990650985,8.56540392941506,-5.32617016196681,0.739005305601209,1.45752990650985,9.20669315739382,-0.92131036598313,0.140961830371401,1.45752990650985,8.6213696043858,2.92115260061871,0.0764559561346271,-0.457115499982784,-6.98991535129055,-6.77230267600253,2.07707691901014,10.5548314541896,-3.74057546188777,0.504564052473878,-4.00557581081248,0.58828054818989,5.59159422,0.09992901,-0.851,0.02943447,55.7639521371136,-61.9726611453899,1267.78513417532,0.502899572034814,0.491589299755821,6.44654133615792,0.130935121064707,-0.874013868844689,-919.557019316323,-920.459901706795,-945.652653235574,-946.061018753802,0.397857312257094,-960.014095862431,0.234800567844728,1888.66928176148,1928.47173881778,NA,2473.59760720525,0.44554468000011,0.894951501254466
"392",-5.86,0.79,-5.86,0.83,1.359326,9.604077,-1.1484446,0.2002995,35,35,-5.95850953954494,0.828468408275701,-6.4453963858583,0.85182655731735,1.41206382119663,13.4750712761605,-1.69816267632192,0.288961579497081,1.41206382119663,10.487561512939,-6.20195296270162,0.840147482796525,1.41206382119663,13.5343359764388,-1.70100587020257,0.289097980278744,1.41206382119663,10.5633450316572,2.67920254033771,0.072974088108728,-0.43019238156916,-6.98045037584039,-7.32817541454747,2.34443856306648,10.0443339358961,-4.04622828103245,0.571943319229727,-4.61881561581202,0.610337687633091,7.3049268,0.1603703,-0.889,0.0260349,75.1710352908448,-100.786827452852,1353.55178798752,0.552640272585477,0.550818356971513,9.48256900108131,0.194158542997831,-1.29713371835614,-935.317720065379,-935.617971579357,-950.706242854378,-951.166516762735,0.44859644642885,-988.098253688829,0.555700136974634,1920.19068325959,1938.57891805538,NA,2606.31674852219,0.41236960477063,1.29751661279535
"393",-5.86,0.79,-5.86,0.83,1.359326,9.604077,-1.1484446,0.2002995,35,35,-4.62687584964892,0.69058902285433,-5.66964606360711,0.809889623833126,1.46569728336299,6.54706623148496,-0.788645148567984,0.141197397899794,1.46569728336299,6.01847607016745,-5.14826095662801,0.750239323343728,1.46569728336299,6.81890866126456,-0.819745926869984,0.14475555624827,1.46569728336299,6.10586202949455,3.31787310344187,0.0804924106987976,-0.502572788687136,-6.47026638526212,-6.80227448998285,2.07948350292812,6.98171496919161,-3.32722440536993,0.498959504416123,-3.97260461315252,0.572361011917061,3.35398862,0.08387161,-0.858,0.03374549,38.546622335242,-27.5380015416466,1173.75957277688,0.519833234795774,0.510350947195984,6.96778032528521,0.144109212113284,-0.960677963210259,-908.639824824898,-909.662506959756,-925.349226192724,-926.215404155926,0.846657475901445,-947.349535667574,0.790301194147674,1866.83489277863,1887.86488473208,NA,2319.98114401211,0.468394781580185,0.947651269518424
"394",-5.86,0.79,-5.86,0.83,1.359326,9.604077,-1.1484446,0.2002995,35,35,-4.84459047979361,0.670401626409905,-6.78121244212326,0.974654132659244,1.51122271716372,8.35746506094079,-0.949767010288385,0.179357765067117,1.51122271716372,8.94517356675463,-5.81290146095844,0.822527879534575,1.51122271716372,9.29509121718518,-1.09707253171246,0.202500161956868,1.51122271716372,9.09020395763272,2.44200478824812,0.059071031610085,-0.368820796131163,-6.80825229953389,-6.93221656099413,2.20460228433001,10.5026094741546,-3.11764388241307,0.433665330442888,-5.05646150898998,0.746669901112479,3.09664402,0.06366622,-0.693,0.0255685,90.632113155719,-131.708983182601,1301.04513558812,0.0033039489331647,0.00217629794857204,10.8676325151812,0.243975990032782,-1.5800290902094,-934.345489453745,-937.435558008853,-957.241168865746,-958.254606688429,0.991643485507131,-974.454013549561,0.0721129609067747,1918.24622203633,1951.64877007812,NA,2470.38128799365,0.346107893529908,1.47295415077959
"395",-5.86,0.79,-5.86,0.83,1.359326,9.604077,-1.1484446,0.2002995,35,35,-5.68514929879972,0.727869607842318,-5.13904833762844,0.80766874138284,1.26132628109976,10.8038751552755,-1.19373712721533,0.194338970858339,1.26132628109976,11.0204015453191,-5.41209881821408,0.767769174612579,1.26132628109976,10.8784317202235,-1.18284253133355,0.195930946286793,1.26132628109976,11.7555195138665,3.75364280304336,0.0884983881140892,-0.563126146598203,-7.30643175614449,-6.28490820694565,2.00171882987561,11.7923928272261,-4.37248518611917,0.564736079085799,-3.70815384332859,0.596613268320931,7.38805446,0.14332693,-0.86,0.02278848,100.737154511873,-151.919065894908,1300.94848883806,0.0480014174344749,0.0447656712998863,5.9158192193656,0.127542321526424,-0.802342232331076,-903.649495314909,-906.308415393162,-926.222378714849,-930.377490934547,4.15859833573463,-954.521180677081,4.84940957261643,1856.85423375866,1889.61118977633,NA,2449.97791178121,0.509882048718992,0.937502984377333
"396",-5.86,0.79,-5.86,0.83,1.359326,9.604077,-1.1484446,0.2002995,35,35,-5.54163579125096,0.754086425796766,-5.72765197755472,0.701321840677986,1.50133788735051,8.25226850952007,-0.901823113910468,0.15972713764226,1.50133788735051,8.35000188923101,-5.63464388440284,0.727704133237376,1.50133788735051,8.26091901491181,-0.899369347186543,0.16042316300295,1.50133788735051,8.50004453471308,4.37374172960843,0.110216638548579,-0.678653400805873,-7.00672523134421,-7.50709916190384,2.19641147879918,9.80574441909037,-3.70047223159924,0.500213657212652,-4.2607648480665,0.52729635891133,4.58820235,0.08419964,-0.823,0.02820737,72.2142389157306,-94.8732347026237,1324.396723473,0.452045920079781,0.420553739131849,8.18898798040885,0.170725347427571,-1.12445762151272,-928.513906768078,-929.226875202467,-951.313615137868,-952.428011015055,1.09121901938134,-971.354703424924,1.25535892691082,1906.58305666499,1939.79366262236,NA,2553.92021224337,0.621389409067452,1.15276663450494
"397",-5.86,0.79,-5.86,0.83,1.359326,9.604077,-1.1484446,0.2002995,35,35,-6.17602719929244,0.836223122321858,-5.29879944672091,0.732023481292016,1.19017664861472,7.25571084367991,-0.701474029868798,0.144900685906169,1.19017664861472,12.9643833545161,-5.73741332300667,0.784123301806937,1.19017664861472,7.44809297615034,-0.724325734098641,0.147615077203855,1.19017664861472,13.033001868831,2.6614560415827,0.0762861491016723,-0.435809931080983,-7.15176745598679,-6.89533420094943,1.7656838174241,15.6925508907421,-4.98862770974893,0.682238656813324,-3.78475991695113,0.532421220618313,5.39057746,0.09966579,-0.787,0.02467295,90.4040227614122,-131.252802393987,1337.89021112742,0.29069261849113,0.257978085066856,5.32756097714303,0.122856123860656,-0.752485432152894,-889.541675316659,-890.225158615953,-922.490510583619,-922.833635884881,0.334139994223197,-933.095392655233,0.265497237115648,1828.63859376215,1882.14745351387,NA,2544.52761986086,0.437754240005556,0.857606258250252
"398",-5.86,0.79,-5.86,0.83,1.359326,9.604077,-1.1484446,0.2002995,35,35,-5.2273840974767,0.684839179226786,-6.19367719381656,0.783343553746889,1.28284390610793,10.3181569430765,-1.25252580119467,0.199411774241015,1.28284390610793,8.12559579225371,-5.71053064564663,0.734091366486837,1.28284390610793,10.551587530085,-1.27632182545918,0.201837552190915,1.28284390610793,8.24060210473897,3.51365905783842,0.0944154893998913,-0.560237029355621,-7.10503071353684,-7.48446023644451,2.09045038492611,7.89052365406961,-3.60132075511393,0.460215937903272,-4.30290205978848,0.540338263952616,7.22761431,0.14780682,-0.913,0.02341914,104.041925073974,-158.52860701911,1278.0654173482,0.644722522350549,0.650851135733689,7.02538266788559,0.133120157743093,-0.93224612027784,-896.055956933149,-896.781222562433,-911.080161226599,-911.956831198556,0.856977388329643,-952.412376368699,0.921811230167381,1841.66715699513,1859.32675479983,NA,2397.60222767729,0.535339223005368,0.900199574244871
"399",-5.86,0.79,-5.86,0.83,1.359326,9.604077,-1.1484446,0.2002995,35,35,-5.91765678347968,0.858233408804121,-5.79504458255361,0.871811978348669,1.42559416914472,13.3924515400659,-1.57859735320355,0.237958728115024,1.42559416914472,8.92032374744458,-5.85635068301665,0.865022693576395,1.42559416914472,13.3962099780199,-1.57818112862923,0.238004822502743,1.42559416914472,8.94603160497294,2.4585759346423,0.0660214687832639,-0.389168112665664,-6.76226544891044,-6.55875564436185,2.18483742060601,9.35701536127405,-4.27985153429536,0.619794616555689,-4.15247014117382,0.630298017464027,8.64178468,0.18159598,-0.897,0.02457579,82.0223813979426,-114.489519667048,1282.86105285311,0.839778690760132,0.837635590232042,7.17556379484236,0.146779991936866,-1.00077466953801,-926.259802176848,-926.387531453951,-942.775098698846,-942.956264393261,0.176217465924818,-968.575772457522,0.217803016280152,1902.07484748253,1922.71662974432,NA,2451.23258603917,0.38469498808284,0.906596782584256
"400",-5.86,0.79,-5.86,0.83,1.359326,9.604077,-1.1484446,0.2002995,35,35,-4.98833609725424,0.672685558394336,-4.16677776081774,0.562599597180063,1.53592805201189,7.91971631946418,-0.900382999358455,0.173688676485967,1.53592805201189,8.65331828429164,-4.57755692903599,0.6176425777872,1.53592805201189,8.08845584450626,-0.922993509148507,0.176718406200084,1.53592805201189,8.6864943238927,3.33337940161552,0.0911728897482785,-0.537524506990883,-6.93839084124394,-6.77269617479847,2.49279307889658,9.04079571356361,-3.33752338345797,0.449619613938197,-3.05079078409878,0.40924556244979,4.28160518,0.09177573,-0.82,0.03228437,38.1255920038083,-26.6959408787792,1251.74087507709,0.913864471223252,0.900337108466366,7.00035573856416,0.153639923962776,-0.974336006291138,-935.987893444925,-936.515270845493,-959.12902582345,-959.369185859857,0.233698985823644,-999.796785123432,0.13052979569554,1921.53103001869,1955.42448399353,NA,2476.78580927541,0.510397453933364,1.0579210717145
"401",-5.86,0.79,-5.86,0.83,1.359326,9.604077,-1.1484446,0.2002995,35,35,-5.93158985127745,0.816557246088691,-5.35057740152962,0.742743017108392,1.18945246417298,8.12913304579109,-1.09191342721536,0.21112276643824,1.18945246417298,9.26432574653402,-5.64108362640353,0.779650131598541,1.18945246417298,8.21352691248159,-1.10263517371689,0.212484901538229,1.18945246417298,9.28918220540367,3.93737121000622,0.10183875366079,-0.623138601243547,-7.0244943096339,-6.88324793525646,1.96296434704016,8.92111897845295,-4.09217102462169,0.570458372159101,-4.60775195902706,0.64919252794572,4.7144124,0.119466,-0.853,0.0241617,98.5058802638442,-147.456517398851,1246.19598960666,0.757043516224002,0.717379259441884,6.1279020530549,0.129409862996169,-0.854927087911186,-884.221725133358,-884.504026016607,-900.792893062131,-900.962202648913,0.164671235585753,-940.834840699331,0.121906962268849,1817.99869339555,1838.75221847089,NA,2344.93546181448,0.554660707291033,0.837686845218213
"402",-5.86,0.79,-5.86,0.83,1.359326,9.604077,-1.1484446,0.2002995,35,35,-6.23958151265526,0.789927174198703,-5.81769995330322,0.830914950256014,1.38641602633572,9.18498397710594,-0.898158482644286,0.17354421449583,1.38641602633572,12.8337032320746,-6.02864073297924,0.810421062227358,1.38641602633572,9.22947998963626,-0.893835485924929,0.173964213942362,1.38641602633572,13.1163989392773,3.10430107509943,0.0742519739907627,-0.463565158913419,-7.49114104827353,-6.82506492557119,2.00840568760234,15.8724066817063,-4.12021457615748,0.52857035292487,-4.11229210317625,0.601013964077015,4.47763095,0.10129668,-0.769,0.02548099,85.2916968002531,-121.028150471669,1401.96265147648,0.383878465299504,0.392498996754869,8.85321507705778,0.170189758552692,-1.13975998976387,-927.651473150419,-928.461511995881,-959.224327383956,-960.640377616096,1.38959957195104,-965.027263594246,1.55799555738604,1904.85818942968,1955.61508711454,NA,2682.8971524813,0.446707411950931,1.306135951137
"403",-5.86,0.79,-5.86,0.83,1.359326,9.604077,-1.1484446,0.2002995,35,35,-4.74260037420081,0.683291007611983,-6.46100453845494,0.956664756077241,1.29977602309039,7.92765740727623,-0.992244294261103,0.178032289274062,1.29977602309039,7.7443291891717,-5.60180245632788,0.819977881844612,1.29977602309039,8.66588562520771,-1.10968594120122,0.196715590861549,1.29977602309039,7.87752897168138,3.63716850459851,0.0865366436373644,-0.545463487039232,-6.62947059612188,-6.71918470789377,1.97871600765608,8.2313834213607,-3.43769871873997,0.498730424134743,-4.57247104315325,0.688088830095966,4.29618587,0.11063656,-0.834,0.02658227,76.8078578617547,-104.060472594672,1217.11711237825,0.200033688012929,0.171368979688268,7.5597713824496,0.165822507345131,-1.09414188681049,-894.959349495648,-897.555496489509,-911.305289227216,-912.363538847944,1.03582390538022,-940.27099106066,0.0524346324412342,1839.47394212013,1859.77701080106,NA,2330.17375216183,0.50723422362647,0.981647558066407
"404",-5.86,0.79,-5.86,0.83,1.359326,9.604077,-1.1484446,0.2002995,35,35,-6.25037098838916,0.88344117939968,-6.35047370017028,0.89910253750225,1.48382610463855,7.57528927660044,-1.00929181283401,0.190811955707193,1.48382610463855,6.61997649250463,-6.30042234427972,0.891271858450965,1.48382610463855,7.57779441482692,-1.00968374893807,0.190873275241598,1.48382610463855,6.62037109674892,2.61703674402196,0.0627934051558582,-0.392740943683247,-6.94479827962165,-6.95159467251437,2.08445312387042,7.50924614086719,-4.58759251173941,0.655083346193613,-4.56833316769931,0.648411183143355,3.95116899,0.09543807,-0.842,0.02946683,65.224213219146,-80.8931833094546,1272.88271364488,0.995383422698293,0.994273790206489,7.89786481264717,0.179402527894559,-1.15582168821915,-919.612173226872,-919.620698025467,-934.116880841243,-934.120505731941,0.00352141356841789,-950.174348528762,0.000309899372019759,1888.77958958258,1905.40019402911,NA,2464.87224398031,0.372344198557487,1.07502542915909
"405",-5.86,0.79,-5.86,0.83,1.359326,9.604077,-1.1484446,0.2002995,35,35,-5.43236272536027,0.712417592447341,-5.65855654324134,0.852712990227336,1.31741655167518,8.08122069230433,-0.955471359528261,0.188463487703912,1.31741655167518,10.2667313581321,-5.5454596343008,0.782565291337338,1.31741655167518,8.09401160311625,-0.963404847442012,0.193384187363474,1.31741655167518,10.5467923234377,3.12835809517646,0.0842795672195167,-0.500102195566147,-7.14570429191319,-6.53605443403489,2.03054743184844,11.3207192726109,-4.15329273002815,0.552352825238853,-3.54538239930774,0.529978572523413,5.7333986,0.12965287,-0.84,0.02545789,79.9945347894482,-110.433826450059,1296.62309596078,0.356745053115284,0.325092061886618,6.32876495309022,0.142675491902925,-0.894309023791829,-909.07447102105,-910.388415244733,-932.349481120731,-934.068220648922,1.69029907924785,-956.709592884715,1.76790414557293,1867.70418517094,1901.86539458809,NA,2482.81236547149,0.475152857499533,0.965307795870658
"406",-5.86,0.79,-5.86,0.83,1.359326,9.604077,-1.1484446,0.2002995,35,35,-5.08939059143887,0.739208545744894,-5.07197001422606,0.661602507395653,1.4008270359179,9.93456065897117,-1.17311838275889,0.199455899118418,1.4008270359179,8.85104273155755,-5.08068030283247,0.700405526570274,1.4008270359179,9.93463652809878,-1.17345636825471,0.200961573415484,1.4008270359179,8.98425474728345,2.90989898404181,0.0788122864899173,-0.461063488648753,-6.64311859093494,-7.08805470810687,2.26228522101747,9.01297927672145,-4.02816247517798,0.586523800320022,-3.48155542808769,0.453170111442189,6.72264426,0.13424272,-0.87,0.02779576,61.8969125328553,-74.2385819368731,1267.10126051786,0.34436361352041,0.298623823137624,5.91932130868904,0.13295708662483,-0.847698608315288,-919.423260207961,-920.130739313047,-937.990679541377,-938.930920675506,0.919538907322205,-975.927745764759,1.03999585108106,1888.40176354476,1913.14779142938,NA,2459.96393909885,0.464243112949852,0.852390374670545
"407",-5.86,0.79,-5.86,0.83,1.359326,9.604077,-1.1484446,0.2002995,35,35,-4.58868515963627,0.625923369474555,-6.80481142966442,1.00000130672211,1.45529207159666,12.0085665234003,-1.24226720985043,0.183864145284704,1.45529207159666,10.0999759704673,-5.69674829465035,0.812962338098334,1.45529207159666,13.2363704345775,-1.4495181957935,0.218847721068551,1.45529207159666,10.3137666857841,2.60207292992578,0.0740376777811775,-0.424106291408457,-6.81733692456713,-6.80480364455222,2.20744470701259,11.4955154383075,-3.22721954781489,0.451463917876422,-4.49037407469587,0.666314002348241,5.27582001,0.11072417,-0.826,0.02786595,62.4341003857305,-75.3129576426237,1309.004974793,0.142603549962549,0.112157609556681,11.3104670262198,0.224881087552223,-1.55131131793495,-930.659665100247,-935.084761928851,-955.691508472739,-957.02692167693,1.3097117219195,-977.667548117444,0.000677692122289196,1910.87457332933,1948.54944929211,NA,2542.69699194338,0.426829474517344,1.42545180679087
"408",-5.86,0.79,-5.86,0.83,1.359326,9.604077,-1.1484446,0.2002995,35,35,-5.48906331226046,0.679920166204461,-5.98168935630645,0.797400882582176,1.38602802531688,12.7275950222482,-1.62859773805495,0.283050444538439,1.38602802531688,10.3224409377626,-5.73537633428345,0.738660524393319,1.38602802531688,12.7882651270663,-1.64306625319516,0.286500874218594,1.38602802531688,10.3716984685531,3.25581464834572,0.0836564596829965,-0.506180762252892,-7.39601613501554,-7.18872247134611,2.43737065852019,9.24382336130142,-4.17849457720767,0.532216244554828,-4.21554730068172,0.56744660892816,7.20426478,0.16685137,-0.879,0.02477051,87.0676632328546,-124.580083336872,1354.48933948493,0.832307950407934,0.855407514907506,7.7121167824623,0.159732696669957,-1.05595160305641,-930.00348560763,-930.422878687115,-945.133268483665,-945.437138351408,0.295829504624588,-994.988869178222,0.20480254825275,1909.5622143441,1927.43296931396,NA,2584.39859563299,0.484385038789991,1.08044025792493
"409",-5.86,0.79,-5.86,0.83,1.359326,9.604077,-1.1484446,0.2002995,35,35,-5.72950260497651,0.746158966938401,-6.74602211992821,1.00062864506368,1.31983942741434,7.53821991781547,-0.797502547869054,0.144171773916845,1.31983942741434,9.33209216145815,-6.23776236245236,0.873393806001042,1.31983942741434,7.79654789888488,-0.86217089631351,0.160360478188142,1.31983942741434,9.60656749673967,2.30439051252964,0.0645476130897332,-0.374147867155015,-7.24182179356085,-6.74227681531315,1.8425179330289,11.6947491347144,-3.72968502079665,0.478683547426551,-4.76802635225674,0.710443949706434,3.63427075,0.08355168,-0.79,0.02724788,78.9167470440826,-108.278250959328,1301.52780537535,0.0418219038896028,0.0341688592041557,9.66121210543509,0.205621803971241,-1.35307762819707,-901.476122700071,-904.424723078166,-926.737687342624,-928.572988588662,1.80644176488928,-933.949081275808,1.26958069465975,1852.50748852898,1890.64180703188,NA,2494.77735979138,0.367269351540777,1.32625364431654
"410",-5.86,0.79,-5.86,0.83,1.359326,9.604077,-1.1484446,0.2002995,35,35,-5.52895040008425,0.774189690802852,-6.72369569208659,0.86587633933093,1.14436626174721,11.1092022630975,-1.42489562464453,0.238367069393845,1.14436626174721,9.77812270541321,-6.12632304608542,0.820033015066891,1.14436626174721,11.466056341288,-1.45228117256163,0.240468679773423,1.14436626174721,10.1160090080225,3.32301428235491,0.0838256132548046,-0.515715784422775,-6.87426978938937,-7.52276975519832,1.95289679185514,8.87553019675975,-3.79931008554935,0.528614558965066,-5.40096399909573,0.698429354302597,7.16037537,0.16202993,-0.895,0.02053226,128.195162111619,-206.835081094401,1300.18015787702,0.0838374591699371,0.0671685697406372,7.25080273581028,0.135613350231041,-0.959713062467872,-881.365305882545,-882.90369769721,-894.744664711765,-896.905418971436,2.13175051030815,-939.413863389514,2.59493905945786,1812.28585489393,1826.65576177016,NA,2393.52523465964,0.47311412878393,0.910133678490606
"411",-5.86,0.79,-5.86,0.83,1.359326,9.604077,-1.1484446,0.2002995,35,35,-5.7839420983036,0.690993783481975,-6.47784366759202,0.916181234973566,1.44247319590605,8.64693996163951,-0.696519560605269,0.0968470068672636,1.44247319590605,9.78103218229818,-6.13089288294781,0.80358750922777,1.44247319590605,8.76731480860476,-0.735584042098792,0.109524353944583,1.44247319590605,10.1136418494511,3.23454675521306,0.0924994985111645,-0.530335600816135,-7.62492117483713,-6.97721417985336,1.88133038705191,13.8503218112929,-4.19171571629319,0.510557511146602,-4.43504672139915,0.637775145002611,4.09108924,0.04752754,-0.732,0.02502845,100.665743659426,-151.776244190014,1367.06674043563,0.0814044450115051,0.077759124716243,9.01114972688267,0.180801613848661,-1.2162746574107,-915.549653874158,-919.266274028046,-951.483051711186,-953.610004407665,2.09789350258478,-944.545533942502,1.78691214540891,1880.65455087715,1940.132535769,NA,2582.35723668126,0.526034627900855,1.23636623912374
"412",-5.86,0.79,-5.86,0.83,1.359326,9.604077,-1.1484446,0.2002995,35,35,-6.85015340602427,0.924722698809267,-5.12262677698054,0.689080001509543,1.27532863366246,8.97534706868068,-0.980330375464515,0.165489422498806,1.27532863366246,9.84840164122777,-5.9863900915024,0.806901350159405,1.27532863366246,9.72143413219448,-1.08210013409576,0.179371292696478,1.27532863366246,10.0170231985308,4.00855088162648,0.0999965222730576,-0.615115424619686,-7.2986360870255,-6.97500767127681,1.91733176052565,11.232078014939,-4.9575994234227,0.660216043432654,-3.48050733394725,0.461920367524753,5.04138517,0.09502805,-0.836,0.02376288,103.726365963277,-157.897488797716,1307.47150562962,0.127808789808458,0.108125675212803,9.03479142146084,0.186639191232763,-1.25766001875781,-898.638390416543,-900.895240565598,-921.746078953738,-922.825750910505,1.05695440451182,-942.401001202225,0.531425937284615,1846.83202396192,1880.6585902541,NA,2457.04552246152,0.579451532007094,1.17972022947456
"413",-5.86,0.79,-5.86,0.83,1.359326,9.604077,-1.1484446,0.2002995,35,35,-5.7420125316322,0.756358947777823,-6.5974927739281,0.941773177538156,1.43724864924131,8.83727200546425,-0.789857635716145,0.110888366253857,1.43724864924131,8.87226435654196,-6.16975265278015,0.84906606265799,1.43724864924131,9.02023361670391,-0.829512188266263,0.119482975403262,1.43724864924131,8.9632212209947,2.41407892309208,0.0534990190164493,-0.342617440743571,-7.19356287382241,-6.9443931148118,1.85880608368963,12.4328369404272,-4.49740531988039,0.595008426780798,-5.44728445278453,0.771671940327487,6.60851318,0.08452854,-0.841,0.0223805,117.829917762796,-186.104592396755,1329.29030169058,0.174025058888341,0.136230682093745,6.09268740938736,0.13891262960623,-0.889604085630985,-913.432132218885,-915.302178373119,-944.429931732154,-945.071915021583,0.626509436883903,-938.08338505322,0.295893753865621,1876.41950756661,1926.02629581094,NA,2472.47601098439,0.347891439076038,0.845231249112963
"414",-5.86,0.79,-5.86,0.83,1.359326,9.604077,-1.1484446,0.2002995,35,35,-5.24627074745612,0.768083703593314,-6.01975402523849,0.89199487059851,1.2958353849885,15.3657568045982,-1.84994158512603,0.280581697080821,1.2958353849885,10.7892955872358,-5.63301238634731,0.830039287095912,1.2958353849885,15.5153258998504,-1.87390238902828,0.284420191407968,1.2958353849885,10.8164673534111,3.37916771658921,0.0890764973239463,-0.528622955400789,-6.62796802851051,-6.66322063774543,2.2242276621721,9.91147809710696,-3.54486796836518,0.517809497400456,-3.75227617020974,0.558790222301149,6.28860381,0.12694438,-0.878,0.03031722,44.2056606806954,-38.8560782325533,1270.81432961032,0.923372657163528,0.916589060797544,10.8583115072534,0.228016788969812,-1.53035595628221,-915.667215847987,-916.0471558054,-931.476434065897,-931.637583229098,0.156725233178388,-974.778801399041,0.0060934979936449,1880.88967482481,1900.11930047842,NA,2502.77258098808,0.52607843989088,1.40508219952817
"415",-5.86,0.79,-5.86,0.83,1.359326,9.604077,-1.1484446,0.2002995,35,35,-6.46775598229909,0.843631009335996,-5.80853591001445,0.853520186894356,1.48161030034956,9.67959876843446,-0.995293471798579,0.158710480534408,1.48161030034956,9.11061853245766,-6.13814594615677,0.848575598115176,1.48161030034956,9.7882415443602,-0.993663685712368,0.158734929492603,1.48161030034956,9.41533650832143,2.56362657136159,0.0608393733298899,-0.380757400824909,-7.39936196510074,-6.68122473194403,2.01991873993923,11.7018144305891,-4.03933156462347,0.526233695322543,-4.12322599430309,0.607859495942417,3.77560024,0.08649342,-0.782,0.02682614,79.9312752101712,-110.307307291505,1329.58446527062,0.336077158933273,0.304751314318782,10.7037765858931,0.199229710608398,-1.40669917100841,-928.626755899363,-929.850273443887,-953.547652650977,-955.62617474247,2.04941194173409,-956.489985382163,2.39200557582449,1906.80875492756,1944.26173764858,NA,2548.86162324974,0.36913662704913,1.36638852582829
"416",-5.86,0.79,-5.86,0.83,1.359326,9.604077,-1.1484446,0.2002995,35,35,-6.55398110082816,0.916798873384622,-6.71120984602166,0.871718186157372,1.2276251625793,8.43332359412876,-0.97295913272398,0.16127947852601,1.2276251625793,8.47966181216794,-6.63259547342491,0.894258529770997,1.2276251625793,8.43950381370753,-0.971187137752678,0.16178754561623,1.2276251625793,8.61257272266309,2.67512751689893,0.074572168875298,-0.424128524069093,-7.0496718832626,-7.47547969743506,1.74016713053809,10.0218683166903,-5.07646202003255,0.704768792809251,-4.89290966047995,0.641537671751167,6.96087682,0.13026896,-0.895,0.02204111,119.387193436494,-189.21914374415,1307.0925693933,0.627678875563017,0.603843583433226,6.44232823755547,0.136381241254043,-0.90075037934746,-883.888480971188,-884.545092365707,-902.965263724696,-903.939891814171,0.953403411719699,-915.001112111435,1.12493657298167,1817.33220507121,1843.09695979602,NA,2424.96599504245,0.459428856954769,0.878499331997078
"417",-5.86,0.79,-5.86,0.83,1.359326,9.604077,-1.1484446,0.2002995,35,35,-6.29721490662427,0.866051470549038,-5.27423317283693,0.84323698879604,1.31722442614361,8.16147786375161,-0.900697874857909,0.159736687250613,1.31722442614361,9.3124642446311,-5.7857240397306,0.854644229672539,1.31722442614361,8.42310077066725,-0.906532574382696,0.159866812395028,1.31722442614361,9.83604332490918,2.29890428224484,0.0629395088484572,-0.364149258750468,-7.09524558325719,-6.20818662805503,1.8535499880919,11.4142539077725,-4.47047210751991,0.631170166025666,-3.86800717031236,0.623507724203002,4.79630326,0.13623361,-0.835,0.02445381,89.5539912749531,-129.552739421069,1271.86741678467,0.205994814036394,0.18234837754426,6.978222266729,0.128468047039511,-0.903554353775555,-903.00637216402,-905.087967642803,-926.118680940855,-929.585405599844,3.45246069361602,-934.629632148461,4.06936835915095,1855.56798745688,1889.40379422834,NA,2414.18209414827,0.377889063614639,0.919672161037787
"418",-5.86,0.79,-5.86,0.83,1.359326,9.604077,-1.1484446,0.2002995,35,35,-6.24952720427854,0.773557308309467,-6.87873349862388,0.969421443234082,1.31315123378784,7.40122244638151,-1.00175697894094,0.201057035022316,1.31315123378784,8.29434496338086,-6.56413035145121,0.871489375771775,1.31315123378784,7.50019758659246,-1.03256671557371,0.210647724859758,1.31315123378784,8.55192390615169,2.79322580501594,0.0691794277572656,-0.428157105388656,-7.59861416483774,-7.0609126270278,1.98628082296118,8.82840431390992,-4.91929501564819,0.609383549702961,-5.73367280010807,0.813095956969425,5.92616779,0.14326989,-0.849,0.02118864,127.930955578096,-206.306668027354,1351.21927902362,0.12009333785757,0.095153036997363,6.03464439137701,0.140944942286644,-0.884469686066822,-900.694088068342,-902.396251112435,-918.083605328526,-919.997156379663,1.88451883133523,-943.3992314626,1.76240556304006,1850.94341926552,1873.33364300368,NA,2496.13189001988,0.397602585316108,0.877782054122192
"419",-5.86,0.79,-5.86,0.83,1.359326,9.604077,-1.1484446,0.2002995,35,35,-6.16525595215361,0.825160666433509,-6.26647963276042,0.913753628248039,1.23282251503884,7.76308627423905,-0.849590125735228,0.143112468646565,1.23282251503884,8.75276801529608,-6.21586779245701,0.869457147340774,1.23282251503884,7.76564783261796,-0.851832052152911,0.145074646867333,1.23282251503884,8.8960772500372,2.85110294381742,0.0695256210824535,-0.432800409647192,-7.2069034584011,-6.78031319770111,1.71320564977539,10.8313947088925,-4.62275767625753,0.619241209321558,-4.59067941670534,0.660508072583867,4.66226399,0.08513138,-0.827,0.02336613,109.775606591179,-169.99597005352,1273.43277292135,0.580798596919583,0.569038407207169,6.76907954930542,0.146800402706134,-0.962089011190639,-883.74213668814,-884.601402438519,-905.988497037815,-907.009607864566,0.999206373730287,-913.656095927815,1.06837420146927,1817.03951650512,1849.14342642226,NA,2376.86957578919,0.404634177920692,0.919220005351499
"420",-5.86,0.79,-5.86,0.83,1.359326,9.604077,-1.1484446,0.2002995,35,35,-5.39895374697568,0.772642322720754,-6.24933585448883,0.949941132572254,1.39259582387923,7.68031484541798,-0.8251272681253,0.140107591367956,1.39259582387923,7.9858783562245,-5.82414480073225,0.861291727646504,1.39259582387923,7.86110227761261,-0.862820202020573,0.147966308361645,1.39259582387923,8.06268673072917,3.68387520240918,0.0982303546683624,-0.590389296669306,-6.75349195490179,-6.54757363289957,1.88806229245403,10.1986732604427,-4.01610334914262,0.57383197229516,-4.44188366710559,0.6807399006988,5.19008844,0.10020717,-0.852,0.02892242,60.3253256313214,-71.0954081338055,1248.98810480926,0.437234208255822,0.394360536176002,6.23613642081694,0.145402381787444,-0.914218413361293,-907.513476336933,-908.86017239876,-930.112209075218,-930.708003660265,0.581241950899468,-935.542727164697,0.238645939948464,1864.5821958027,1897.39085049706,NA,2426.88080148471,0.537779917883079,0.902318477034634
"421",-5.86,0.79,-5.86,0.83,1.359326,9.604077,-1.1484446,0.2002995,35,35,-6.13539899115873,0.795432810428267,-5.80401331662058,0.841878317414961,1.36320161949514,8.33576563370866,-0.999069803681809,0.155384269355702,1.36320161949514,6.01135794546082,-5.96970615388966,0.818655563921614,1.36320161949514,8.36321975003095,-0.995221959766297,0.155923565635515,1.36320161949514,6.25222640448556,2.49629186275034,0.0632770261438661,-0.383400364914493,-7.35415737081373,-6.74606138434401,1.92268242654799,6.79638635660809,-4.71910640374427,0.621426672499867,-4.13064042492926,0.60995926627565,5.1721485,0.12335152,-0.902,0.02542098,93.5024019352214,-137.449560741605,1221.76267222727,0.13226263844706,0.133588989256398,6.74502146079505,0.121824427828848,-0.87373182147023,-893.482965326246,-895.127172076253,-907.516915063401,-909.881313060167,2.33607460082482,-927.319713626987,2.9355557037086,1836.52117378133,1852.20026247343,NA,2306.07578371294,0.375508837039815,0.850196155735822
"422",-5.86,0.79,-5.86,0.83,1.359326,9.604077,-1.1484446,0.2002995,35,35,-5.81096455165849,0.74227441452184,-4.97920853546448,0.774244123723975,1.1455385113963,7.70366673196357,-1.02925777761386,0.199590813803116,1.1455385113963,9.26044903097951,-5.39508654356149,0.758259269122907,1.1455385113963,7.8766212495823,-1.02261002812265,0.199846329379733,1.1455385113963,10.060591749202,2.74377171364207,0.074482411376438,-0.435243533313733,-7.3464268983358,-6.32420362751115,1.91088956356143,8.84534652244013,-4.307608389979,0.546571667098556,-3.2957167821264,0.511265738001351,3.54684155,0.10203327,-0.82,0.02586238,87.2989765234713,-125.042709918105,1231.52934695091,0.0181105682796298,0.0127782375443213,7.47490638518487,0.157714337394406,-1.02854786783348,-874.605017251048,-877.877678288084,-891.54997985717,-896.806412452554,5.30285805960795,-933.979217156502,6.6095500150863,1798.76527763093,1820.26639206097,NA,2338.01598398371,0.438523966208164,1.07390177358712
"423",-5.86,0.79,-5.86,0.83,1.359326,9.604077,-1.1484446,0.2002995,35,35,-5.57874196184255,0.687237051806579,-5.97789342466317,0.867071683729164,1.32957139845045,14.0192770187371,-1.86685657097931,0.307300905431035,1.32957139845045,9.11566962994027,-5.77831769325286,0.777154367767871,1.32957139845045,14.0591074913051,-1.88480188507873,0.315386029140718,1.32957139845045,9.46714500880812,4.15372407040621,0.119915428785901,-0.689873408077143,-7.44210267356934,-6.76984593516927,2.41127801720395,7.33826113145591,-3.74750056252864,0.450511636418212,-4.40185520093215,0.625731131705473,8.9714301,0.19004121,-0.911,0.02352313,94.918945239819,-140.282647350801,1308.13384364573,0.13597830591721,0.122304937213603,7.59699721001222,0.176392249183997,-1.11449984894588,-917.180742356045,-919.304422076299,-927.055753383451,-929.446647803845,2.36270327495414,-985.148237284627,2.67481968581648,1883.91672784093,1891.27793911353,NA,2475.98503994066,0.65992887047894,1.08451190765375
"424",-5.86,0.79,-5.86,0.83,1.359326,9.604077,-1.1484446,0.2002995,35,35,-5.66069129746741,0.732154154265884,-5.36213233161493,0.767743284309757,1.13275261655337,10.1398828564942,-1.06032523963161,0.194069075380681,1.13275261655337,15.0997266037453,-5.51141181454117,0.74994871928782,1.13275261655337,10.162167220517,-1.05766887616624,0.194385721925001,1.13275261655337,15.3035919994552,2.66616752930771,0.0709225120076027,-0.421591203759396,-7.25644753593186,-6.74585774267051,1.89403357247615,15.8375388789553,-4.02805168741833,0.534003891787543,-3.43177594032148,0.490763785179819,3.89196542,0.09850757,-0.735,0.02128448,120.013539519193,-190.471835909548,1327.61971407975,0.530620473418551,0.50122747189085,9.80989691285759,0.194430505658994,-1.3159425678581,-891.283364293899,-891.801333723385,-920.335442166516,-921.216263428646,0.861061013610662,-950.589897523609,0.97280307563951,1832.12197171664,1877.83731667966,NA,2464.76759224994,0.408139133574706,1.33881141141589
"425",-5.86,0.79,-5.86,0.83,1.359326,9.604077,-1.1484446,0.2002995,35,35,-6.34799237450877,0.892759488729523,-6.64561813707973,0.895359697077612,1.20517764260476,7.1437798024345,-0.942287813171383,0.20037093927087,1.20517764260476,10.2718961808748,-6.49680525579425,0.894059592903567,1.20517764260476,7.16592507607098,-0.942481285419492,0.200372629541734,1.20517764260476,10.3297008253351,2.89293479221904,0.0765771237342247,-0.453663031390827,-6.98690359005123,-7.2690379841397,1.8321798958787,11.2267776900523,-4.7313545200913,0.663476067805728,-4.95023161685517,0.662900167268177,5.97321305,0.14718084,-0.859,0.02054417,127.684294286328,-205.813345443819,1323.52470722873,0.790870549380058,0.771643899798452,6.3235239529359,0.143379147403652,-0.906548530771652,-888.744877721692,-888.983316255283,-910.565370209049,-910.923427556372,0.348718242274861,-931.255958817561,0.422842758886753,1827.04499857222,1858.29717276473,NA,2441.23606901364,0.451235514452463,0.928261121536183
"426",-5.86,0.79,-5.86,0.83,1.359326,9.604077,-1.1484446,0.2002995,35,35,-5.39166224775461,0.748799380639449,-5.37014404634075,0.757503136054096,1.33204811854568,5.84807716871883,-0.565134829725785,0.12132976338891,1.33204811854568,9.79793396666797,-5.38090314704768,0.753151258346772,1.33204811854568,5.84819292696685,-0.565088007435269,0.12134870222849,1.33204811854568,9.80159674477841,2.14406910354748,0.0586070982512095,-0.339384254818403,-6.88825053476747,-6.8148776108623,1.87218996547861,12.5015880165028,-3.75915738433928,0.524696169821135,-3.91797256958473,0.553019356325221,3.16338919,0.07483021,-0.706,0.02526174,90.4979496855098,-131.440656242182,1266.67082137193,0.956664966529701,0.964299376878085,6.618978823865,0.139548035051824,-0.921741775305789,-900.990485245237,-901.004924573439,-932.080554064115,-932.104294808635,0.0230663488292665,-940.019805395702,0.0253445070322406,1851.53621361931,1901.32754047486,NA,2401.90098650169,0.351862927242096,0.907572099031157
"427",-5.86,0.79,-5.86,0.83,1.359326,9.604077,-1.1484446,0.2002995,35,35,-5.8371783613911,0.726666060592771,-6.23295866079514,0.825040845755926,1.36042060368195,10.5151601711855,-1.44984529524199,0.260377205689696,1.36042060368195,8.08581689585441,-6.03506851109312,0.775853453174348,1.36042060368195,10.5543206825345,-1.45957899572341,0.26279660527867,1.36042060368195,8.12492141381595,3.53119189998758,0.085228356938025,-0.530081418903139,-7.46563124180698,-7.27532002763371,2.28801709563918,7.18671273734186,-4.03157335635969,0.501357080236056,-4.4704248888399,0.601361227384169,7.31868941,0.18459176,-0.925,0.02528437,87.7632910723889,-125.971339015941,1311.36743916098,0.602813359306253,0.568666819060767,7.33458029167312,0.144285309914747,-0.976917103934837,-913.95074628921,-914.285904042139,-925.159414546224,-925.460041617798,0.292665728559696,-971.650775357684,0.230094853313608,1877.45673570726,1887.48526143908,NA,2496.76353930601,0.509778938392894,1.01025655539129
"428",-5.86,0.79,-5.86,0.83,1.359326,9.604077,-1.1484446,0.2002995,35,35,-6.39575241760351,0.816728365172867,-5.75235546874999,0.83911188297785,1.45162179554232,11.1155120664863,-1.27583822795882,0.199552472760773,1.45162179554232,8.44649625646255,-6.07405394317675,0.827920124075359,1.45162179554232,11.2190019749347,-1.27223785619373,0.199677728228105,1.45162179554232,8.81094338512936,2.09474283488482,0.0570963344780974,-0.332194612215959,-7.4876373927369,-6.71088523698,2.13105265878447,9.5234232074416,-4.00820380353313,0.518389862399879,-4.42859665329905,0.639524447964968,5.64591862,0.10328427,-0.87,0.02902616,63.8995069064259,-78.2437706840145,1312.94122496376,0.251972834668463,0.228582112390978,9.1143811904974,0.184810760552742,-1.23879072125078,-925.388710674771,-927.055528657814,-943.78190042298,-946.431717408969,2.62344938022805,-963.026941264426,3.20155287144704,1900.33266447838,1924.73023319259,NA,2547.6386792435,0.338840211996206,1.24870894720031
"429",-5.86,0.79,-5.86,0.83,1.359326,9.604077,-1.1484446,0.2002995,35,35,-6.93396786757649,0.884340944411595,-6.18851561401006,0.836785956771313,1.40574724647795,9.16800832636508,-1.04506642839392,0.194789676793916,1.40574724647795,10.2685440217135,-6.56124174079328,0.860563450591454,1.40574724647795,9.30693309195191,-1.05392892157011,0.195355046006283,1.40574724647795,10.405052277873,2.37414023596537,0.064900046072356,-0.369547161941802,-7.62303459170002,-7.16090264869913,2.04223648965471,12.1289849495817,-4.32513170991387,0.567064403163969,-4.74364314821286,0.653317074279414,4.84464806,0.11635678,-0.844,0.02637829,84.3168324397309,-119.078421750624,1392.78847502406,0.711049135426082,0.636093346082603,9.55099388042403,0.171848660859016,-1.20742499563869,-924.943128692314,-925.548070351314,-948.260347617067,-949.103239345614,0.823758721709011,-960.33981830641,0.947854674127552,1899.44150051347,1933.68712758076,NA,2666.49852829749,0.413440763963206,1.30659554926384
"430",-5.86,0.79,-5.86,0.83,1.359326,9.604077,-1.1484446,0.2002995,35,35,-6.03095484759579,0.801123235872587,-7.3033599410518,1.03755608601605,1.42016400252746,8.84592786732204,-0.978267070029022,0.156446407545069,1.42016400252746,7.73798991259947,-6.66715739432379,0.919339660944317,1.42016400252746,9.25068154778524,-1.05347666072474,0.170421530701809,1.42016400252746,7.836897672038,2.4483979656289,0.0592965039762081,-0.366421425004481,-7.21581114496385,-7.07961049894954,1.94443675507601,9.60312044037702,-4.47994188745975,0.590473713530937,-5.05971594582359,0.722889775358095,5.65676708,0.08824745,-0.89,0.02952379,68.4437356270832,-87.3322281253291,1322.54111728483,0.225662442909415,0.205691526355094,8.97802013253887,0.206869127822674,-1.31318685236649,-912.713567637246,-914.817924743703,-932.956721719304,-933.744620500781,0.769711078759928,-940.838298652039,0.107072459812715,1874.98237840333,1903.07987578524,NA,2557.75000644433,0.360918715657223,1.27129209074018
"431",-5.86,0.79,-5.86,0.83,1.359326,9.604077,-1.1484446,0.2002995,35,35,-6.14219004615219,0.829601041722998,-6.64561111945255,0.893914542206973,1.36464889036038,10.4068291393247,-1.2394212733762,0.215841618634375,1.36464889036038,9.86912807898111,-6.39390058280237,0.861757791964986,1.36464889036038,10.4701873335854,-1.24751546623654,0.2168756752205,1.36464889036038,9.88513701506304,3.06407905947546,0.0826593699500797,-0.487556757434298,-7.15738294546,-7.27764082526933,2.06392543573296,10.8526282385673,-4.80727573813059,0.665141698454083,-4.50051945380295,0.601586474941661,7.3875829,0.16189808,-0.87,0.02061018,123.835684227319,-198.1161253258,1357.58679168082,0.848779273970077,0.772813930864884,7.2370276999964,0.139651529742259,-0.968665649902967,-919.230846672323,-919.396862223734,-938.464542408324,-938.567568249297,0.10015593207297,-959.348500117598,0.0703502071969178,1888.01693647348,1914.09551716328,NA,2517.05745803583,0.475781072041681,0.935698494930129
"432",-5.86,0.79,-5.86,0.83,1.359326,9.604077,-1.1484446,0.2002995,35,35,-6.47270035137466,0.872424831442729,-5.92056484712585,0.822492307933137,1.38137079852722,10.2874101352053,-1.07213231964588,0.135175879444887,1.38137079852722,6.72395472190906,-6.19663259925025,0.847458569687933,1.38137079852722,10.3636235389683,-1.07902469940747,0.135799193670896,1.38137079852722,6.76904183266701,3.06303578255755,0.0832282415839657,-0.490241669802117,-7.23276019303637,-6.97810974282794,1.85272208064769,8.47503006872538,-4.58489678063354,0.618173745664478,-4.05768008242639,0.561814139955121,4.84790714,0.06680564,-0.892,0.03050849,64.9320498798156,-80.3088566307939,1251.08984843614,0.750633666762957,0.722311865335336,9.20346651055056,0.175634042793409,-1.24601528835884,-893.679690674971,-893.929798596599,-917.536439358459,-917.943863016198,0.396937015029937,-925.063687011368,0.439587145017892,1836.91462447878,1872.23931106355,NA,2421.87084024149,0.474272346599453,1.10504334594992
"433",-5.86,0.79,-5.86,0.83,1.359326,9.604077,-1.1484446,0.2002995,35,35,-5.2133830736875,0.670836857428373,-5.61142571017434,0.834151145419519,1.35143789192649,8.6583386800303,-1.04456803372561,0.197152405956306,1.35143789192649,9.60935593404928,-5.41240439193092,0.752494001423946,1.35143789192649,8.69794816514565,-1.0608195461676,0.20382029512182,1.35143789192649,9.86723911664008,2.4792632227218,0.0703481541053817,-0.402046408715788,-7.17445189964439,-6.59951026908776,2.13692274670646,10.1464561845572,-3.57940023676669,0.464696716813655,-4.24369524655497,0.62487688172206,4.9787803,0.1017628,-0.818,0.0270725,73.5557113060746,-97.5561794833119,1288.05381064957,0.208632782715174,0.149252783897888,7.03401705911462,0.170597344290296,-1.04357466048167,-913.621460134477,-915.091963226174,-934.387855604112,-936.069005749628,1.65288604936846,-965.714010051721,1.65146296502509,1876.79816339779,1905.94214355485,NA,2478.55144181583,0.411345678488392,1.07539755820295
"434",-5.86,0.79,-5.86,0.83,1.359326,9.604077,-1.1484446,0.2002995,35,35,-6.1722202895287,0.85205833193393,-5.26365937049075,0.689969451839641,1.21237579792141,13.7451519206942,-1.62720712333753,0.227452538329775,1.21237579792141,8.68162116171454,-5.71793983000972,0.771013891886785,1.21237579792141,13.951522656595,-1.6640240288036,0.23402073959233,1.21237579792141,8.73213676919046,3.276579319724,0.08085587127714,-0.500105177482237,-7.05361846502856,-7.11074114988319,2.0612017092888,7.83912522553723,-4.48381746093195,0.622001728750885,-3.99102626337793,0.522821138108652,7.81752699,0.128997,-0.923,0.02630883,81.8268367740519,-114.098430419266,1246.00727603704,0.522185935309674,0.477429577620558,7.24460932516346,0.147464135015822,-1.00746467423556,-885.107449959138,-886.031059097499,-901.37850310606,-901.742791206953,0.354802284760598,-948.757304159483,0.02131250039103,1819.77014304711,1839.92343855875,NA,2377.91612165481,0.469862138325664,0.914920897417779
"435",-5.86,0.79,-5.86,0.83,1.359326,9.604077,-1.1484446,0.2002995,35,35,-5.11415773572334,0.688822705336238,-4.14207449379627,0.6046671400054,1.38401269147269,7.81277176853487,-0.996475488204065,0.173021128337443,1.38401269147269,6.37295052897612,-4.6281161147598,0.646744922670819,1.38401269147269,8.04900822584373,-1.01692704189732,0.174791668131481,1.38401269147269,6.52440012916452,3.95741648078831,0.108147992893886,-0.637987358254848,-6.96807153403967,-6.49736537343384,2.27173196937513,6.02033498818704,-3.51250848678989,0.479661925063546,-3.3023767206659,0.479182318459889,4.89942227,0.10742837,-0.876,0.02902488,59.0355195632352,-68.515795997633,1160.32366598109,0.751831966649828,0.740209548979833,5.20645536035855,0.112918285216112,-0.736803836659975,-901.339432201915,-902.463148572528,-914.748960803089,-916.172279285189,1.3968048167877,-964.521182085919,1.65322437794365,1852.23410753267,1866.66435395281,NA,2252.13153596455,0.605099200953777,0.719235117997486
"436",-5.86,0.79,-5.86,0.83,1.359326,9.604077,-1.1484446,0.2002995,35,35,-7.15763667111383,0.901287446645666,-5.60895067999056,0.791067605434733,1.40779218974691,8.6231030310365,-1.04789292896331,0.17026273596792,1.40779218974691,6.49590281342859,-6.3832936755522,0.8461775260402,1.40779218974691,9.22271010581188,-1.09056690997011,0.173299839317061,1.40779218974691,7.00964570604397,2.60255597674021,0.0657981222683133,-0.396198973509759,-7.74574052016998,-6.85371582141375,1.99142851582303,7.37108364414156,-5.08793226495372,0.6310675587925,-3.73509866272394,0.526767355660027,5.5257825,0.11631323,-0.896,0.02731715,82.0537816399434,-114.552320151049,1306.13939090675,0.0309345954998252,0.0253840600267181,9.29924012292755,0.169377623101829,-1.21233735838683,-905.677793436612,-908.793696336267,-920.080392162996,-924.720688587327,4.66048154136448,-938.416094248792,5.68007823157383,1860.91083000206,1877.32721667262,NA,2497.72646166246,0.402131435644836,1.16531573942068
"437",-5.86,0.79,-5.86,0.83,1.359326,9.604077,-1.1484446,0.2002995,35,35,-7.36554292146214,0.9860597676988,-6.3248050260713,0.936491917674795,1.36812721963727,7.94537585520135,-1.00229375333258,0.192637426938696,1.36812721963727,8.51752215097902,-6.84517397376672,0.961275842686797,1.36812721963727,8.21615969692699,-1.01519053831084,0.193251669877696,1.36812721963727,8.87689086873224,2.43615932131205,0.0622352619915275,-0.374595690219595,-7.44859521820138,-6.70316974659028,1.94521497429411,9.92387759736472,-4.99348479568981,0.6683227595405,-4.64816115860335,0.690700303442755,3.91244857,0.10896432,-0.819,0.02456681,99.8925519404364,-150.229860752035,1332.86808803215,0.294076122613013,0.28203117664307,9.42943526424409,0.191397393766898,-1.29618363987592,-911.038772023494,-912.835750921849,-929.792787700332,-932.387214232134,2.56758769977807,-941.979428132085,3.11179507846828,1871.63278717583,1896.75200774729,NA,2515.50631531226,0.372488931124537,1.2396782452077
"438",-5.86,0.79,-5.86,0.83,1.359326,9.604077,-1.1484446,0.2002995,35,35,-5.28251112228943,0.699404956419091,-5.81651663439719,0.837676389759995,1.03936134520417,8.44105396702881,-1.02374746126542,0.188614490953246,1.03936134520417,11.5048347891458,-5.54951387834331,0.768540673089543,1.03936134520417,8.51234443876918,-1.04220688815819,0.193394238272783,1.03936134520417,11.6164090309372,3.76773596933139,0.0892175635814488,-0.563465097211649,-7.07337860702127,-6.78359869975687,1.77117706323489,11.1960152252574,-3.65380718802912,0.47933001326207,-4.49885086709628,0.645750986114928,5.5850905,0.1337858,-0.85,0.0210133,120.062267251332,-190.569291373827,1251.69053208256,0.301959064686673,0.251785402860542,5.28884492274691,0.118528143780653,-0.757033026346522,-860.919277645726,-861.743679642381,-881.566532132593,-882.188336398127,0.60672920272433,-922.871567578694,0.462597799197585,1771.39379842029,1800.29949661181,NA,2312.8117727913,0.524683354610832,0.758780763669494
"439",-5.86,0.79,-5.86,0.83,1.359326,9.604077,-1.1484446,0.2002995,35,35,-5.94693658795763,0.872831506758885,-5.49282192065949,0.730318309205164,1.19399461189845,11.464906933268,-1.45155925385677,0.246169381354394,1.19399461189845,10.3529668117153,-5.71987925430856,0.801574907982025,1.19399461189845,11.5164619660319,-1.46773858717994,0.25124688422364,1.19399461189845,10.5050771172614,3.03280995511175,0.0796541550295432,-0.474755375613885,-6.70457356332097,-7.09951564893442,2.0551593788149,9.48097118600742,-4.19216624505803,0.617176275859344,-4.19103349642078,0.561136590011355,7.56206294,0.17212985,-0.884,0.02339264,91.1171969826769,-132.679150836516,1268.13931880345,0.528204905108601,0.49042131224055,6.10335648706451,0.134678668439645,-0.871607014276368,-893.860158513482,-894.841830576253,-908.783021537919,-909.714674184774,0.911083503429093,-954.001111723716,0.86172116035882,1837.2755601558,1854.73247542247,NA,2403.59948677039,0.466319333048558,0.849879322701084
"440",-5.86,0.79,-5.86,0.83,1.359326,9.604077,-1.1484446,0.2002995,35,35,-5.43945654015988,0.722469264799819,-5.47858001826029,0.704437614637442,1.26769283925768,9.03771338477811,-1.06277935058896,0.180427146237752,1.26769283925768,8.93614558424085,-5.45901827921008,0.713453439718631,1.26769283925768,9.03809604641278,-1.06260298537139,0.180508431339646,1.26769283925768,8.95153987940264,2.97420591115688,0.0813167287613018,-0.476430663424571,-7.0929128439061,-7.23946422762721,2.04588183402024,9.12590886615721,-3.91155876010355,0.528617572932799,-3.94093160536289,0.507576936862177,6.3534557,0.1323727,-0.896,0.026977,73.411535930957,-97.2678287330767,1263.84084941888,0.836292807671789,0.840452557654799,5.79650547598163,0.114727835590622,-0.766979352238172,-895.31711734442,-895.391100441395,-914.126077332601,-914.234445989026,0.105353938519385,-951.686372594509,0.123370762116265,1840.18947781768,1865.41858701183,NA,2430.41387010469,0.466949617222323,0.828791373471393
"441",-5.86,0.79,-5.86,0.83,1.359326,9.604077,-1.1484446,0.2002995,35,35,-6.20135389747239,0.833286416719662,-5.09571251877461,0.777970339891372,1.23011089742372,6.63911055486608,-0.822990677079986,0.165293168570905,1.23011089742372,8.87620764315568,-5.6485332081235,0.805628378305517,1.23011089742372,6.94472126943826,-0.838280612942131,0.166058135659823,1.23011089742372,9.31016551951017,2.33172317704517,0.0620950052233088,-0.367987909556594,-7.19459028621387,-6.41850777912818,1.83412598256834,9.97458171097277,-4.73646413165386,0.636538679069802,-3.87463007542048,0.58567926095834,5.01674315,0.11268778,-0.83,0.02513413,88.6658681246969,-127.776493120556,1255.39778596204,0.201684106659092,0.16552393443375,5.12552595782788,0.112935436614412,-0.719520305487788,-885.180453156411,-887.326411428581,-906.3294428381,-909.339565749762,2.98790149603176,-927.734421600966,3.56078384475283,1819.91614944166,1849.82531802283,NA,2383.01907880351,0.360768373739292,0.758345994657182
"442",-5.86,0.79,-5.86,0.83,1.359326,9.604077,-1.1484446,0.2002995,35,35,-5.29733996232682,0.705684108499215,-5.53540849798398,0.867192150879931,1.51167776355432,8.50789396447569,-0.836334264185257,0.152579797019267,1.51167776355432,10.062039604805,-5.4163742301554,0.786438129689573,1.51167776355432,8.52206312139317,-0.845946759971866,0.15910100895768,1.51167776355432,10.4039252583755,2.7650318407458,0.0768627988825499,-0.43869422887243,-7.05079788382029,-6.32664329637907,2.11827444721277,12.7942700739258,-3.71934967391065,0.49778149918668,-4.08157809936897,0.652174507382162,3.46772305,0.09720231,-0.741,0.02533872,88.147429447746,-126.739615766655,1316.30176237814,0.133897376248568,0.114934538592298,7.87226680421728,0.163343951408998,-1.06473250183378,-935.957285390937,-937.826509221347,-964.765171944861,-966.895847710435,2.10162187746098,-971.026191785872,2.13564263267409,1921.46981391071,1966.69677623635,NA,2505.86390898963,0.470261739634964,1.15748149864108
"443",-5.86,0.79,-5.86,0.83,1.359326,9.604077,-1.1484446,0.2002995,35,35,-4.52047049375652,0.567577041536275,-7.10932899731857,0.916928673609287,1.33375180997378,10.4707494677367,-1.33027486761862,0.230578983386991,1.33375180997378,8.89557786261839,-5.81489974553754,0.742252857572781,1.33375180997378,12.1462965556031,-1.55638035347499,0.26109062409501,1.33375180997378,9.26791773563136,4.26818457123487,0.117015035704643,-0.690063556855825,-7.09673458227528,-7.60424646360284,2.30427308857227,8.09754218962297,-3.21594001689782,0.408678466886255,-5.01184112716726,0.653782999443155,6.12801106,0.14547267,-0.894,0.02621166,81.7918624648966,-114.028481800956,1325.43854232149,0.0768054365010574,0.0494422578668242,9.690725496233,0.183586369751164,-1.28674905824401,-911.34273160349,-915.490438280588,-926.285030415518,-928.870569626922,2.55862888619449,-977.07752098973,1.46211442972597,1872.24070633582,1889.73649317766,NA,2536.84860284203,0.651056082026059,1.23800622124675
"444",-5.86,0.79,-5.86,0.83,1.359326,9.604077,-1.1484446,0.2002995,35,35,-5.8529286118231,0.718183093166111,-6.21231912972288,0.923421403884358,1.31320340916638,16.3069947024517,-1.93653243163232,0.283459705201919,1.31320340916638,10.6970526106624,-6.03262387077299,0.820802248525235,1.31320340916638,16.3392850885408,-1.9549726073278,0.293990396248539,1.31320340916638,11.2650071723294,3.36856142684427,0.0792171434072236,-0.499736960466471,-7.53192081703112,-6.66855458915088,2.27951106067905,9.69015238018257,-3.98527193288326,0.4873691917401,-4.28309569342086,0.65027112497421,9.7184478,0.19026394,-0.919,0.02459887,84.3806413366748,-119.206039544512,1336.93720096144,0.0224063161792401,0.0184171762657123,9.30644478294117,0.188697181351036,-1.2572599694347,-917.667697368867,-921.189912581358,-934.188492187534,-937.507427810401,3.30176425453996,-980.076623909325,3.6400845777908,1884.89063786657,1905.5434167217,NA,2554.66836237838,0.475701174099349,1.30389370312203
"445",-5.86,0.79,-5.86,0.83,1.359326,9.604077,-1.1484446,0.2002995,35,35,-6.15412656357137,0.765184167139071,-6.13034169815597,0.821496646428357,1.29618932677706,11.2621062050257,-1.30417949041125,0.204251011831207,1.29618932677706,9.42587794875045,-6.14223413086367,0.793340406783714,1.29618932677706,11.2622476349814,-1.30384464422598,0.205043785662133,1.29618932677706,9.5184526465955,3.66596784376699,0.0963908661797678,-0.58058254439416,-7.55309853250761,-7.19381848745639,2.03032913021468,9.88503754010942,-4.53341873297155,0.567701473284856,-5.27238364729048,0.719025480543318,8.91383558,0.17355383,-0.903,0.02209556,112.634681741459,-175.714120354081,1338.8090265074,0.3643193716773,0.303495309814171,6.1341168507504,0.118415290013336,-0.813462733547353,-904.539160913465,-905.033178150502,-922.940274680045,-923.559083767398,0.603793702977131,-952.346989982301,0.695051168071307,1858.63356495577,1883.04698170672,NA,2501.90393266071,0.539882545333211,0.82262504522069
"446",-5.86,0.79,-5.86,0.83,1.359326,9.604077,-1.1484446,0.2002995,35,35,-6.49385780144776,0.944170448570448,-5.88947787294585,0.832387229429057,1.32038303502342,6.82054798283435,-0.665293258346174,0.110068420914589,1.32038303502342,8.16340406147799,-6.19166783719681,0.888278838999753,1.32038303502342,6.91186675732834,-0.682183141844272,0.113192292934992,1.32038303502342,8.18695009135469,2.10938680689037,0.0552769790557179,-0.32411822220708,-6.82647582186245,-6.88807138688223,1.69278055408105,11.359010087808,-4.92559372667202,0.717846555480371,-4.14861776611631,0.588066431137987,3.38743401,0.05278056,-0.732,0.02720663,83.2753142513882,-116.995385373939,1266.40800993379,0.371726288088684,0.301274769279828,7.39278789732454,0.165454236889912,-1.07681475021323,-891.882810637846,-892.484048140667,-918.435981291583,-918.615620657909,0.174730921049999,-912.24462525056,0.021580499869882,1833.32086440453,1874.03839492979,NA,2415.82063449363,0.345471732684334,0.986302090074743
"447",-5.86,0.79,-5.86,0.83,1.359326,9.604077,-1.1484446,0.2002995,35,35,-6.53284452179112,0.846020340057356,-5.90862200397498,0.865894151020123,1.2264284993124,6.92949221216398,-0.856962207338817,0.151819616970121,1.2264284993124,7.11389847934581,-6.22073326288305,0.85595724553874,1.2264284993124,7.02690565010115,-0.853860787259372,0.151918359060667,1.2264284993124,7.50807872421658,3.26585744433199,0.0846250309533617,-0.505357862092766,-7.45021549044158,-6.70758994965162,1.73807519433662,8.19210436762773,-4.89399528909574,0.646370086959076,-4.44634750735427,0.661063760997469,4.32119383,0.10297246,-0.862,0.02491208,100.359589420295,-151.163935711752,1250.97396620086,0.150352305759618,0.148959322478117,6.44452957242984,0.127359007739426,-0.863796167332278,-875.694220652096,-877.747829425807,-891.836413165121,-895.15705197905,3.30349914032618,-908.35263382287,4.10774254912848,1800.94368443303,1820.83925867687,NA,2350.78399668997,0.506218099219079,0.876300850546702
"448",-5.86,0.79,-5.86,0.83,1.359326,9.604077,-1.1484446,0.2002995,35,35,-6.40381785588546,0.794054092513831,-5.74266439838862,0.820891032839714,1.36487704480336,9.94082052584149,-1.17978537853926,0.224046106959956,1.36487704480336,11.2948788002952,-6.07324112713704,0.807472562676772,1.36487704480336,10.0501014994315,-1.17534954456798,0.22422616230147,1.36487704480336,11.7282111746643,2.67201449899354,0.0820237903440953,-0.453199822091409,-7.63079028010408,-6.80974927673566,2.13914161241725,12.1892866077591,-5.06592384302011,0.652028061874057,-3.72290345654845,0.523055526437649,4.0841488,0.1039009,-0.778,0.0254655,90.0494242074222,-130.543605286007,1382.47129844094,0.10440812332825,0.0803574965251704,9.41870775226327,0.184234716684362,-1.24381319342901,-924.595649208737,-926.029961702107,-947.133443669328,-949.558108168015,2.39665652144432,-971.858187103943,2.84325500861758,1898.74654154631,1931.43331968528,NA,2634.39899159588,0.466322191416219,1.32127910946153
"449",-5.86,0.79,-5.86,0.83,1.359326,9.604077,-1.1484446,0.2002995,35,35,-5.284687789323,0.712161511802229,-6.59152017537311,0.941303124618749,1.41729404220425,8.90250729640912,-0.830031635495726,0.174721929359623,1.41729404220425,13.9717915441045,-5.93810398234805,0.826732318210489,1.41729404220425,9.32946001771647,-0.904894055650821,0.187848399040662,1.41729404220425,14.0562248012058,2.95248264629009,0.0771971239332637,-0.458040262474866,-6.99955501809355,-6.94122096991514,2.06288770587471,17.3796465228161,-3.7993305802695,0.513098783890954,-5.17802710980549,0.757965811643809,5.74200909,0.11864112,-0.763,0.02170137,113.010500896174,-176.465758663512,1419.1617175349,0.101899694661502,0.0743765671612314,8.1248269066677,0.179510595135466,-1.13200100080913,-935.226573294812,-937.014675906186,-970.155247094777,-970.5489023736,0.383485267342211,-974.579583290444,0.0106801770186589,1920.00838971846,1977.47692653618,NA,2661.85767640629,0.46417921434337,1.24238209631687
"450",-5.86,0.79,-5.86,0.83,1.359326,9.604077,-1.1484446,0.2002995,35,35,-5.4486714830407,0.675250584902905,-6.35543370397294,0.947668636207685,1.38315737135681,11.965971507127,-1.66123415369661,0.285944723267622,1.38315737135681,7.71114291181821,-5.90205259350682,0.811459610555295,1.38315737135681,12.1715259384545,-1.7229887530024,0.304497621936795,1.38315737135681,8.15490687864316,4.38486321358509,0.119873169302005,-0.706577669275497,-7.38344446284377,-6.66721042767033,2.39078060036689,6.37446558462069,-3.55001323462657,0.448088261888178,-4.70469468184592,0.701622447540494,6.68762938,0.16094604,-0.913,0.02897914,60.2981566969446,-71.0410702650518,1281.12167439079,0.0434223443165614,0.0334885721025409,8.8257940481654,0.20598509858924,-1.29319304650034,-917.748471701009,-921.008067483985,-926.27245614608,-929.750546554229,3.46406321760124,-978.757582841926,3.46247458577505,1885.05218653086,1889.71134463879,NA,2491.20227851652,0.67236896153596,1.28277166120534
"451",-5.86,0.79,-5.86,0.83,1.359326,9.604077,-1.1484446,0.2002995,35,35,-6.44023748662085,0.911129115789756,-6.5213670724362,0.934637562352675,1.26764123917945,8.02764023498808,-0.884405088266488,0.141630167814672,1.26764123917945,7.94175268415428,-6.48080227952852,0.922883339071215,1.26764123917945,8.02928573741173,-0.884881895899692,0.141768329579623,1.26764123917945,7.94511847460184,2.8937919008712,0.0833335483833364,-0.476015730502789,-6.9697072176434,-6.9107795621132,1.70535193235179,10.0734636420918,-5.07439485074975,0.712185739615579,-5.37972985965908,0.767474594290961,8.31259277,0.15659703,-0.898,0.02137101,118.700098200863,-187.844953272889,1277.07151064704,0.888588917229941,0.901430959581387,4.85583103653042,0.10528485001496,-0.696154089220958,-886.116422324236,-886.152193631584,-906.73477563314,-906.761119573566,0.0255960725507624,-910.213204520059,0.0218820388759859,1821.78808777731,1850.63598361291,NA,2366.29806802119,0.473920667363902,0.636270893583051
"452",-5.86,0.79,-5.86,0.83,1.359326,9.604077,-1.1484446,0.2002995,35,35,-5.33785114069664,0.710798311448065,-6.58320622450466,0.935459394246693,1.28319492754245,8.64853713000272,-1.0396134924158,0.191716409651919,1.28319492754245,9.69075073266564,-5.96052868260065,0.823128852847379,1.28319492754245,9.03626445119435,-1.10955919781508,0.204334560182982,1.28319492754245,9.78407833027303,3.26018525562089,0.0931750936926128,-0.538154681254077,-7.0608399644222,-6.96772245242238,1.98137917515122,10.4793118957139,-3.31848986972616,0.44552142292396,-5.22442760714451,0.739861036610653,3.14419145,0.09282008,-0.775,0.024617,100.05192424702,-150.548605365202,1285.83642976578,0.0102972363200395,0.00703381856457641,10.795800255034,0.222276710714311,-1.50826684855996,-901.939644272978,-903.574508080728,-922.227894040872,-922.836324770894,0.593623104307519,-948.228330066179,0.0453655560558258,1853.43453167479,1881.62222042837,NA,2421.12425416637,0.515558334844357,1.377116225633
"453",-5.86,0.79,-5.86,0.83,1.359326,9.604077,-1.1484446,0.2002995,35,35,-6.56814429120527,0.948489152690557,-6.73910332708098,0.952827114247242,1.49888630936042,12.5975410558855,-1.44412799377473,0.261792691737629,1.49888630936042,12.4861446885855,-6.65362380914312,0.950658133468899,1.49888630936042,12.6048478038724,-1.44431339720608,0.261797396215246,1.49888630936042,12.4984656917961,2.18331159139312,0.0570458838202191,-0.332978332158188,-6.87503259002261,-7.02014717347708,2.28185985279173,14.0206582450999,-4.79479726916018,0.697471425748536,-4.37174470204155,0.612268667053039,6.02198615,0.14834144,-0.803,0.02273122,101.266232584369,-152.977222039901,1422.18537009205,0.775401710885534,0.710614088288899,11.6204914343828,0.239552936395271,-1.61316674491716,-953.128908574768,-953.168053736157,-976.553261124846,-976.617184247879,0.0621251097080792,-992.23256237983,0.0731124181290131,1955.81306027837,1990.27295459632,NA,2691.3935181442,0.364396554065928,1.52620508155951
"454",-5.86,0.79,-5.86,0.83,1.359326,9.604077,-1.1484446,0.2002995,35,35,-5.9911113196677,0.817367773912645,-5.30146323653942,0.774705634692376,1.2267853776703,8.88537066648434,-0.963128105937558,0.157704046537175,1.2267853776703,9.72137515575956,-5.64628727810356,0.796036704302511,1.2267853776703,9.00427428612497,-0.97048357157141,0.158159061067888,1.2267853776703,9.8599331572117,1.92989930805413,0.0493710372250422,-0.290114011388723,-7.07918686298917,-6.64370876566147,1.81871540024754,11.2476617049366,-4.37082666464048,0.596219814349922,-3.75843787395493,0.55363819156555,5.06140419,0.09641933,-0.818,0.0238799,97.5048829653296,-145.454522801822,1260.99394099573,0.521277996902662,0.523978528792288,6.65312467466072,0.135963285609979,-0.918825251448578,-888.431124061312,-889.007879305429,-911.413963506967,-912.312814793393,0.878799963797949,-929.50856240449,1.01312181878355,1826.41749125146,1859.99435936056,NA,2376.53335918963,0.321382329522142,0.873030057500746
"455",-5.86,0.79,-5.86,0.83,1.359326,9.604077,-1.1484446,0.2002995,35,35,-6.05088700099666,0.725900098458025,-6.37458104666483,0.913474384997091,1.09373870028193,9.71122216783964,-1.18610244646855,0.207053057229885,1.09373870028193,11.0510368197911,-6.21273402383075,0.819687241727558,1.09373870028193,9.73741662663988,-1.20128161638683,0.215849085472545,1.09373870028193,11.6266603035266,3.16943535641929,0.0861165848030326,-0.508863723906126,-7.68390328560348,-6.89007827063495,1.82968547522472,10.7978684170954,-4.33279830056393,0.515644467893249,-4.71677457313872,0.682782441871628,5.52797725,0.13953006,-0.859,0.02082624,130.764810141684,-211.974377154531,1330.44809589378,0.0594330916656403,0.0501090956691036,7.53044352527662,0.15526934603526,-1.0237396321265,-873.10572088565,-875.792488966868,-891.472877955334,-894.739062298695,3.24805221985024,-929.672341560865,3.47389376583755,1795.76668490014,1820.1121882573,NA,2448.92181463304,0.484654624435304,1.07172930120274
"456",-5.86,0.79,-5.86,0.83,1.359326,9.604077,-1.1484446,0.2002995,35,35,-6.16784665370381,0.877379126459337,-6.11094119945963,0.832740314781064,1.38388309889511,9.94027045734682,-1.24037849900637,0.207898101890012,1.38388309889511,7.75901528430283,-6.13939392658172,0.855059720620201,1.38388309889511,9.94108001502752,-1.24101354697024,0.208396257767024,1.38388309889511,7.78984469349093,2.35649401182024,0.0624914973449716,-0.369682182795095,-6.89839008767856,-7.10743112223658,2.06365393187528,8.28583774548774,-4.61285881050932,0.669281324380172,-4.39180479753297,0.598563603598414,6.020211,0.14267532,-0.894,0.02732984,73.0930278688489,-96.6308126088605,1278.98470543479,0.637900547904927,0.610754097041343,6.84430474277992,0.138582716326892,-0.936099377625512,-912.376916891102,-912.577405259715,-926.784605382015,-927.030554220403,0.23934195303295,-950.774196244573,0.271363913254406,1874.30907691104,1890.73564311066,NA,2461.33859826071,0.368834240792896,0.912340634145724
"457",-5.86,0.79,-5.86,0.83,1.359326,9.604077,-1.1484446,0.2002995,35,35,-5.68256587602541,0.745032893066391,-4.90253149973246,0.682071207745889,1.43761881878675,10.6057307333556,-1.09533827923462,0.169627373566694,1.43761881878675,9.75281354757275,-5.29254868787894,0.71355205040614,1.43761881878675,10.7578441404053,-1.10761634896945,0.170618417021294,1.43761881878675,9.85873778730982,2.1981152150242,0.0605050297730812,-0.34591102166198,-7.20159392134526,-6.79666897360833,2.18633424586156,11.1040191825356,-4.25466238932077,0.565158490039476,-2.97302462830668,0.411910330894335,5.75158127,0.12930548,-0.853,0.02625401,74.7778343466765,-100.000425564516,1294.68451650034,0.211274028954253,0.182656973155485,8.49914297222668,0.149779982389834,-1.08553375920218,-925.466975372383,-925.945391609221,-950.473698439349,-951.159882974723,0.669857081614363,-974.199134765926,0.737309568907748,1900.4891938736,1938.11382922533,NA,2489.36860743617,0.375114912638566,1.07069663978952
"458",-5.86,0.79,-5.86,0.83,1.359326,9.604077,-1.1484446,0.2002995,35,35,-6.12233071747424,0.766843928396915,-6.56266407047081,0.930358229938042,1.19346775731794,11.8080946308037,-1.42507998576155,0.242857798240502,1.19346775731794,11.9198852193675,-6.34249739397252,0.848601079167479,1.19346775731794,11.856567996244,-1.44308018592667,0.249542029942623,1.19346775731794,12.1786141343382,3.53945281817518,0.0909730952499831,-0.55422883380109,-7.51141425833236,-6.97757171531214,2.00083335605555,11.6585459362854,-3.96968753896641,0.490458073252403,-4.73872019012621,0.67228400354516,5.71491661,0.13501851,-0.829,0.01937625,137.898027764751,-226.240812400665,1357.97580880893,0.194405383577236,0.157034701375787,9.67211293770901,0.199999383403526,-1.34587928944768,-899.070432867135,-900.45738509986,-917.725086319258,-919.113029522125,1.36174322908345,-954.044644792474,1.33899384853257,1847.69610886311,1872.61660498514,NA,2489.7108052172,0.512033741962224,1.26791555267209
"459",-5.86,0.79,-5.86,0.83,1.359326,9.604077,-1.1484446,0.2002995,35,35,-6.07311948566217,0.87765752453666,-6.05747799051574,0.855248621698961,1.43148963696422,5.01576219958242,-0.57405217657125,0.130811839010116,1.43148963696422,7.70427494906862,-6.06529873808895,0.866453073117811,1.43148963696422,5.01582336367503,-0.574139803757495,0.130937378741714,1.43148963696422,7.71354614977099,3.68852323673664,0.10337113538713,-0.606681559689533,-6.80200429593325,-6.91986924514623,1.87233199728415,10.3029824064884,-4.32335971036638,0.630871981349471,-4.69156159506247,0.669565488465471,3.96263104,0.09393038,-0.811,0.02596941,87.5212881069717,-125.487333085106,1270.78478729499,0.835844030112005,0.832906286230427,5.89112583525036,0.133410440915092,-0.843613024779065,-908.824301357312,-908.873672414198,-934.632204290653,-934.706723842413,0.0724289675418076,-933.817467264173,0.0781160720537365,1867.20384584346,1906.43084092793,NA,2416.08224150488,0.559080573567258,0.865768494449001
"460",-5.86,0.79,-5.86,0.83,1.359326,9.604077,-1.1484446,0.2002995,35,35,-5.42025928420569,0.708740684254225,-6.00840635383051,0.898889893780666,1.31948906666378,9.87657650166828,-1.10623654861333,0.168229541934031,1.31948906666378,8.20636148787009,-5.7143328190181,0.803815289017445,1.31948906666378,9.96305574554535,-1.13419547370694,0.177268722404913,1.31948906666378,8.46402014065478,3.79730085537825,0.0886155202614157,-0.560719729072247,-7.15550691830034,-6.61079420244202,1.95882170002779,9.20251419652341,-4.14126880006007,0.544682146170546,-4.37389860873457,0.654248542741963,6.5446438,0.10334225,-0.895,0.02672838,79.1896591160786,-108.82407510332,1249.44009939358,0.11792717167337,0.108649492313007,6.58861030780417,0.158123389259375,-0.977419073925419,-899.207724357233,-901.646729426049,-918.597435837227,-920.529613891463,1.90311757934375,-941.296141719754,1.76676942271691,1847.9706918433,1874.36130402108,NA,2390.05612368384,0.535341293649423,0.981041320627303
"461",-5.86,0.79,-5.86,0.83,1.359326,9.604077,-1.1484446,0.2002995,35,35,-5.40613293001837,0.772135010905363,-5.32709050311102,0.768569363670028,1.23633486679972,6.75864695913491,-0.81798056920303,0.157973451436548,1.23633486679972,8.5507833654702,-5.36661171656469,0.770352187287695,1.23633486679972,6.76020888544776,-0.818051028555773,0.1579766298966,1.23633486679972,8.55317059226915,2.32036849814281,0.065146027482189,-0.372982042787723,-6.7636935704636,-6.7058943471025,1.86072579116693,9.51791304940755,-4.00495295396319,0.580440567283584,-3.9454496306285,0.58112604923423,4.16187113,0.09094206,-0.812,0.02796173,67.9731819097216,-86.3911206906058,1213.03242241075,0.978702839841098,0.980335307402432,5.51412892319284,0.130201720888388,-0.815513550505166,-884.564590848837,-884.576516112571,-905.220560087447,-905.238054463445,0.0169966604954489,-929.774496930474,0.020313231297359,1818.68442482651,1847.60755252152,NA,2339.67372413089,0.386492247724553,0.796671271017768
"462",-5.86,0.79,-5.86,0.83,1.359326,9.604077,-1.1484446,0.2002995,35,35,-5.77297733475138,0.802109052137956,-5.46385060947724,0.885668597539002,1.42258843348161,8.14815268139193,-1.09634567298544,0.212633105196894,1.42258843348161,7.80426589847164,-5.61841397211431,0.843888824838479,1.42258843348161,8.17204251446162,-1.08988805082664,0.214378654603801,1.42258843348161,8.21569450990337,2.21403231279427,0.0710272163505453,-0.382725074753936,-6.95196039390986,-6.14500751982423,2.13005163273868,8.31745149567204,-4.47842974893979,0.62583680798862,-4.17475418470093,0.663123011078619,6.99622802,0.1670344,-0.895,0.02596772,75.8243946129236,-102.09354609701,1253.22749687675,0.211078644630357,0.211091277788693,4.95818014233981,0.127231377752516,-0.743050152026216,-918.020519605991,-920.01053115139,-933.903549755603,-937.10056108303,3.17768067207224,-958.65182533922,3.90441556424023,1885.59628234082,1904.97353185783,NA,2404.36144765648,0.40766675767802,0.840583617695587
"463",-5.86,0.79,-5.86,0.83,1.359326,9.604077,-1.1484446,0.2002995,35,35,-5.28796256070749,0.760660487475974,-4.94005253666181,0.738400678369474,1.27335007856736,8.7723249127232,-1.22132592191086,0.220134924670481,1.27335007856736,7.12554321668455,-5.11400754868465,0.749530582922724,1.27335007856736,8.80258525893107,-1.22326202459123,0.220258799445846,1.27335007856736,7.15825845701762,3.2421706647353,0.087162700662117,-0.512918492595889,-6.71388544248473,-6.49859360092894,2.11191841556267,6.3422074332309,-3.51926087244599,0.513707013794826,-3.75978199230309,0.555439527126695,5.30975678,0.13758346,-0.892,0.02666259,73.2348644938866,-96.9144858589357,1167.76256881951,0.931589226338966,0.901662425994161,5.68514216067401,0.131012634854117,-0.838272406911125,-890.685554835069,-890.897235127586,-901.13532682958,-901.416596517136,0.273783091582259,-948.218465432749,0.355711838599448,1830.92635279897,1839.43708600579,NA,2238.61065178008,0.509957713470915,0.779751319415965
"464",-5.86,0.79,-5.86,0.83,1.359326,9.604077,-1.1484446,0.2002995,35,35,-5.24595301067975,0.73780407385427,-6.87766865807273,0.927505166875925,1.26534731669408,8.89223184375679,-1.00223372322111,0.15436410069905,1.26534731669408,7.8038416224874,-6.06181083437624,0.832654620365097,1.26534731669408,9.55785583224357,-1.07961828367386,0.163360726872453,1.26534731669408,8.04098085512399,3.36743690131486,0.0786597015038133,-0.506075751436106,-6.80804849026523,-7.30957411435155,1.83240157950763,8.97052889045181,-3.75879536326846,0.530192942810733,-5.04078225189167,0.683628504201269,5.38695879,0.1017656,-0.878,0.02703034,79.9319399485856,-110.308636768334,1255.86596697562,0.22251400955038,0.165270751623479,7.65898470722196,0.14769512313446,-1.03083659631169,-886.348053288372,-888.320759924185,-905.202981037637,-907.063545754591,1.83163992615437,-924.145782376306,1.63830351005743,1822.25134970558,1847.5723944219,NA,2401.42329718291,0.442401633419876,0.967064786566247
"465",-5.86,0.79,-5.86,0.83,1.359326,9.604077,-1.1484446,0.2002995,35,35,-5.54385415923165,0.79540613275588,-6.35352294980061,0.881131241458315,1.52980301912891,7.73875555491893,-0.653790156597804,0.106372697036742,1.52980301912891,9.13862480314156,-5.94868855451613,0.838268687107098,1.52980301912891,7.90264644252428,-0.671142392868928,0.108209895602253,1.52980301912891,9.20041502974159,3.50750611765752,0.0842762451730609,-0.521647419443735,-6.76277147755535,-7.06171225354555,1.92795968354789,13.3152216557625,-3.97356819281965,0.57753020375638,-5.01993211048166,0.694919252800834,4.92582162,0.08265645,-0.804,0.02738692,74.7906868826573,-100.026130636477,1328.60042332279,0.362384332028834,0.350962812922092,6.83445598567004,0.131688034849631,-0.898763740724201,-928.83108581759,-929.348177696824,-961.58359748334,-962.008920330875,0.414428533493006,-949.259460872951,0.385319733752581,1907.21741476402,1960.33362731331,NA,2557.1747160091,0.518846163995182,0.941386652574551
"466",-5.86,0.79,-5.86,0.83,1.359326,9.604077,-1.1484446,0.2002995,35,35,-4.69406076306949,0.618292544808913,-5.68866076991662,0.757374980663859,1.499654643445,9.72382403982067,-1.07372688223244,0.180948415412369,1.499654643445,8.89705444242718,-5.19136076649305,0.687833762736386,1.499654643445,9.97113133322574,-1.10830973014586,0.185784396403206,1.499654643445,8.94179575749279,2.70057278703579,0.069934075008918,-0.420938414244223,-6.96817500673118,-7.13415785109046,2.33892949067307,9.67477648307921,-2.70364626049989,0.354987272050617,-4.19003648040738,0.565130922064661,4.22918783,0.07750672,-0.814,0.03068358,51.9131182882791,-54.2709934477208,1278.32260783725,0.0854391519960462,0.0561645144262775,9.87903069734226,0.198439623957795,-1.33910995160912,-933.099889572139,-933.800276982976,-955.019020750926,-955.334754508956,0.307405545979301,-986.330676797438,0.131309892746988,1915.75502227312,1947.20447384848,NA,2502.37422222678,0.406316474166622,1.33738677932669
"467",-5.86,0.79,-5.86,0.83,1.359326,9.604077,-1.1484446,0.2002995,35,35,-5.24736256208295,0.738614659447828,-5.29160403323789,0.784422990226135,1.37645945163078,9.23006583246541,-1.15871175940958,0.211799184741767,1.37645945163078,8.84662098877643,-5.26948329766042,0.761518824836982,1.37645945163078,9.23055515940789,-1.15921841639578,0.21232378553394,1.37645945163078,8.88324996878367,2.05634512508558,0.0525493650759203,-0.311756590253708,-6.80462878245709,-6.57595607264806,2.17414542605316,9.10275731338251,-3.83337229321938,0.545183439924231,-3.70906384665419,0.553059557310507,4.66448107,0.12830911,-0.84,0.02678948,72.7263470693497,-95.897451009862,1245.42710462103,0.85811428755465,0.867603179789754,7.04801872862379,0.146839001393552,-0.982162748533467,-916.223899023135,-916.414085435144,-933.659939692542,-933.91985335866,0.252956891844551,-966.503916391053,0.283300360498927,1882.00304117511,1904.48631173171,NA,2394.95675823221,0.331537208168156,0.935978418747143
"468",-5.86,0.79,-5.86,0.83,1.359326,9.604077,-1.1484446,0.2002995,35,35,-5.46395744952151,0.684293120001549,-5.52119382831136,0.775286786887222,1.33756077067383,6.81798533351296,-0.785085139663484,0.177732062634774,1.33756077067383,11.0510710597778,-5.49257563891644,0.729789953444385,1.33756077067383,6.8188043342772,-0.786387176659819,0.179802024488099,1.33756077067383,11.2186309155115,3.08658444009425,0.0791650671645706,-0.481847734703265,-7.34485734514198,-6.85997700304115,2.08670482204404,12.2939646556762,-4.201161617187,0.542431303908598,-3.80598467327405,0.538107598306912,4.68718016,0.12645601,-0.801,0.02411093,95.0135529265273,-140.471862724217,1337.81257844276,0.554343054547142,0.534688937241353,5.73138341721005,0.118035110906837,-0.759899720314437,-912.382549759487,-913.019409545056,-940.778299632922,-941.744885566349,0.945481952050106,-966.054350905816,1.00855729909637,1874.32034264781,1918.72303161247,NA,2535.1532941613,0.449425883065886,0.886632742791451
"469",-5.86,0.79,-5.86,0.83,1.359326,9.604077,-1.1484446,0.2002995,35,35,-6.67554632897003,1.02830306844901,-5.56658636013159,0.75699509102345,1.34659487910551,10.6730080119002,-1.2767774588247,0.218782313415376,1.34659487910551,9.8270680778218,-6.12106634455081,0.89264907973623,1.34659487910551,10.9804560650218,-1.35199488037257,0.237184318069063,1.34659487910551,10.1158556296799,2.7772411868914,0.0691130450794219,-0.420559941193858,-6.50692397113055,-7.01434672547902,2.08356918047648,10.4817273976648,-4.94407188420712,0.766061328986071,-3.74095115405076,0.512703508421805,6.43175132,0.14118291,-0.889,0.02776939,66.0236590409011,-82.4920749529648,1302.15685882791,0.0492168305986062,0.0409278970878208,8.08589462287708,0.19024596534592,-1.17428426767354,-916.397886724744,-919.07687419717,-934.930210517536,-936.772836063844,1.81374619474106,-960.556552960475,1.28077157897278,1882.35101657832,1907.0268533817,NA,2521.82164270286,0.420108100717576,1.23938131355464
"470",-5.86,0.79,-5.86,0.83,1.359326,9.604077,-1.1484446,0.2002995,35,35,-7.04129255865285,0.90509437503126,-6.69743156633711,0.938129527374946,1.33835005673208,7.05657851235747,-0.876582070012763,0.176337200253107,1.33835005673208,8.678644634761,-6.86936206249498,0.921611951203103,1.33835005673208,7.08613860786657,-0.873742194946214,0.1766100305757,1.33835005673208,8.87157955688378,2.70310022314597,0.0710793713179343,-0.420540123514015,-7.60671571350578,-7.06603983202655,1.87988968667518,10.4013816858484,-4.72558751443868,0.602928414579204,-5.2024427212819,0.724274010630395,4.46336956,0.1111992,-0.824,0.02292132,116.073061963222,-182.590880797607,1369.39284463877,0.414629446684985,0.366230794684441,8.09568551311593,0.170224984711305,-1.12954245042767,-904.587507090202,-905.413274046804,-925.57661329332,-926.958273460226,1.35551776095066,-935.107799436076,1.62304703327806,1858.73025730924,1888.31965893327,NA,2556.19480847993,0.426854287019227,1.09460661819178
"471",-5.86,0.79,-5.86,0.83,1.359326,9.604077,-1.1484446,0.2002995,35,35,-5.67433753129022,0.753367048517727,-5.72393700712318,0.856261716003638,1.28282767415633,5.87086495976788,-0.797450744521519,0.179024283756434,1.28282767415633,8.67059721653773,-5.6991372692067,0.804814382260682,1.28282767415633,5.8714799867686,-0.798726624914846,0.181671111905693,1.28282767415633,8.90546230671132,2.71441802040248,0.0680384653934549,-0.412199742778746,-7.14371283505887,-6.58029250804463,1.93404682983211,9.51974436268803,-4.03878729312575,0.547787834302608,-4.34159587898357,0.648253539599573,4.30098341,0.1355415,-0.843,0.02454617,92.8980485312417,-136.240853933646,1255.54509029994,0.498692506158798,0.508989365126251,5.51659174756577,0.125104086490873,-0.788536198018364,-893.035172746999,-894.07473566073,-915.137542632683,-916.817282642416,1.65148292025776,-939.249347636663,1.85669176939518,1835.62558862283,1867.44151761199,NA,2374.84932666623,0.413987815510276,0.818992632415247
"472",-5.86,0.79,-5.86,0.83,1.359326,9.604077,-1.1484446,0.2002995,35,35,-5.10998505778779,0.684831500582788,-4.71882490727042,0.677652748470105,1.47855453793709,6.56215372730172,-0.733802636236416,0.150129501767844,1.47855453793709,8.35294403139294,-4.91440498252911,0.681242124526447,1.47855453793709,6.60040529313992,-0.734504646675647,0.150142385388318,1.47855453793709,8.42485127751089,2.76694382674724,0.0687463371709249,-0.423019819893985,-6.98767742122188,-6.63928641814753,2.22453825690598,9.56845591539951,-4.03288504856662,0.547998280052748,-3.40508979067285,0.483106180565219,4.54070979,0.07201276,-0.773,0.02982831,55.2348011085395,-60.9143590882416,1263.71144613749,0.661132378280842,0.581379896413344,5.54411803992194,0.143340424080156,-0.8551132808089,-922.843809753952,-923.180450024596,-947.589174717277,-948.12529003323,0.522797176975383,-973.695056458244,0.61436915664794,1895.24286263674,1932.34478178118,NA,2466.50853318673,0.401531493184373,0.864855780942439
"473",-5.86,0.79,-5.86,0.83,1.359326,9.604077,-1.1484446,0.2002995,35,35,-6.62519195507982,0.971030858208868,-6.10554906213314,0.865572290555167,1.35550404781087,9.12697263990223,-0.959278849195249,0.142643809435077,1.35550404781087,8.06146184728521,-6.36537050860648,0.918301574382017,1.35550404781087,9.19447982394973,-0.972979047990645,0.145424186807969,1.35550404781087,8.08731649135262,2.40951868193174,0.057128802934842,-0.356270858407082,-6.79778260553198,-6.90643456917222,1.8062039800106,10.4461576847079,-4.36343393689716,0.65399248961532,-4.14531094115586,0.578242420225477,2.53050126,0.05129594,-0.709,0.03131264,57.3596101464142,-65.163977163991,1275.45939362109,0.526612503336771,0.483878651020939,11.2504164111798,0.229108071353836,-1.57315587276726,-901.42521599318,-901.944546793509,-924.08449054915,-924.283933869828,0.19402121050817,-925.448486398619,0.0679509606919143,1852.4056751152,1885.33541344493,NA,2485.7548100782,0.352168992926022,1.38972505797903
"474",-5.86,0.79,-5.86,0.83,1.359326,9.604077,-1.1484446,0.2002995,35,35,-5.22903236259488,0.702011828338956,-5.62454236506395,0.838646884699603,1.33112659012904,8.99469850420105,-1.17729372015789,0.224612428705781,1.33112659012904,9.22827003806704,-5.42678736382942,0.770329356519279,1.33112659012904,9.03380554471432,-1.19080385302753,0.229279713362451,1.33112659012904,9.37458151282016,3.21179356013456,0.0819714405611508,-0.498009766966222,-7.00436877900792,-6.58584247270824,2.16683421823081,9.10953310536406,-3.37989293432657,0.443726748244757,-4.03426325638864,0.602281610877712,4.7421675,0.1090796,-0.863,0.0293016,57.7671028784159,-65.9789626279945,1250.46263075225,0.19117747691261,0.163421890025394,7.50756438836613,0.184276359272555,-1.11381881598102,-910.921748768233,-911.798629664598,-928.117046157402,-929.111275075914,0.972713884770728,-965.702109137739,0.951558950249484,1871.3987406653,1893.40052466143,NA,2434.9462988765,0.474079274156348,1.18268281589499
"475",-5.86,0.79,-5.86,0.83,1.359326,9.604077,-1.1484446,0.2002995,35,35,-6.76259224648872,0.908846071168437,-6.72465019582313,0.978662483698989,1.44609296706145,7.86667384064218,-0.870237987361446,0.155732454372318,1.44609296706145,8.27889284212052,-6.74362122115592,0.943754277433713,1.44609296706145,7.86703374044434,-0.869575742896062,0.156951037236977,1.44609296706145,8.41103993527895,2.43008659429094,0.0672433629710326,-0.386927501047739,-7.30566376658206,-6.85177359643945,1.92054535224376,10.7786271246464,-4.91618441330631,0.663343873639559,-4.40245899137136,0.639499913892807,4.17485064,0.08570706,-0.801,0.02758384,77.3081226624553,-105.061002196073,1336.46828258883,0.498258308114591,0.46722818815833,9.9490372052001,0.208954235703358,-1.39418769796616,-919.192780254583,-919.8849590676,-941.593864131174,-942.583750053458,0.968434756998381,-941.489163186149,1.08375041154932,1887.940803638,1920.35416060898,NA,2567.87556298159,0.403173518090427,1.31836776075094
"476",-5.86,0.79,-5.86,0.83,1.359326,9.604077,-1.1484446,0.2002995,35,35,-5.67454344741207,0.683897073487123,-5.20010426289367,0.68954431731225,1.50439201755924,6.85170938446188,-0.712150230920622,0.117514469213308,1.50439201755924,6.59733524530667,-5.43732385515287,0.686720695399686,1.50439201755924,6.90798251941349,-0.71148041248183,0.117522442054013,1.50439201755924,6.74752984664435,2.58934354557949,0.0648310529493705,-0.396149780920901,-7.5578028856806,-7.04971888378833,2.14345559643348,7.98783836119804,-3.79917322289305,0.452852692477239,-3.49717707139707,0.46878602111356,3.05227704,0.0663625,-0.801,0.03445979,38.7044388504032,-27.8536345719691,1282.23612448526,0.355575947877823,0.323992169090941,8.40212110204632,0.15254055794447,-1.08648743956689,-915.050495309255,-915.864382432276,-937.280976660298,-938.651331863562,1.34431778527502,-958.928140622289,1.59458714164611,1879.65623374735,1911.72838566722,NA,2536.61861439855,0.38258462651659,1.07878049921886
"477",-5.86,0.79,-5.86,0.83,1.359326,9.604077,-1.1484446,0.2002995,35,35,-7.27063333698553,0.88879609030637,-5.84684444512931,0.848436970131779,1.2424848858648,11.2250593060246,-1.3146143904756,0.216882893712437,1.2424848858648,10.7320805706837,-6.55873889105742,0.868616530219074,1.2424848858648,11.7318530081679,-1.32898010722301,0.217290108357754,1.2424848858648,11.7211277855639,2.17449988380527,0.0521284986743399,-0.320320820257791,-7.93315745472526,-6.74981775714727,1.93750965090251,11.4156131358791,-5.4657901120709,0.675282066928855,-3.96427631697561,0.566862432793406,6.7966735,0.12302571,-0.872,0.02476407,95.1890770538331,-140.822910978829,1388.67425258028,0.0399544532205013,0.0329327605723249,9.43756872231932,0.180817560924188,-1.23620181718694,-901.582385499178,-905.007144369304,-920.835534660787,-926.501138498186,5.73259024319302,-945.487147944971,6.92713710307571,1852.72001412719,1878.8375016682,NA,2636.52559418173,0.331459853335972,1.30216712139287
"478",-5.86,0.79,-5.86,0.83,1.359326,9.604077,-1.1484446,0.2002995,35,35,-5.10495119431519,0.647099511473026,-6.21674258293072,0.932318752386063,1.35356005406119,7.41415194983395,-0.920078338179857,0.181916327057832,1.35356005406119,8.71427453884887,-5.66084688862295,0.789709131929545,1.35356005406119,7.72317197278387,-0.9993544121585,0.202253830904584,1.35356005406119,9.07094471780634,3.50471016758102,0.0849704517175975,-0.529747957446278,-7.20744098496547,-6.61996994235076,2.08391912530961,9.41778241986578,-3.79231794849293,0.470248932997663,-4.31758442399678,0.649288550042064,4.77996324,0.12077521,-0.838,0.02665207,76.4599098001229,-103.364576471408,1282.00029113238,0.0741748917986558,0.0757814624440011,6.44843599513806,0.161997626779399,-0.970317475542678,-908.108056711849,-911.2074844666,-928.602488313529,-931.126556132368,2.49669412493074,-957.19420541102,1.89175001899047,1865.77135655254,1894.37140897369,NA,2460.63600579334,0.498178938055267,1.02311243701459
"479",-5.86,0.79,-5.86,0.83,1.359326,9.604077,-1.1484446,0.2002995,35,35,-5.4561907066887,0.706046775856059,-5.7476907239089,0.827736562031628,1.48326245222666,8.69308933448702,-1.24627685649812,0.236781559849859,1.48326245222666,6.72264348689572,-5.6019407152988,0.766891668943843,1.48326245222666,8.71433239949686,-1.25514500018955,0.240483660864723,1.48326245222666,6.85568761839092,2.39215180322501,0.0608967080541961,-0.365239157749922,-7.20748794991746,-6.77399171074683,2.35688380115935,6.30471244694681,-3.87898762198054,0.519112749461829,-4.17969251836007,0.598580888147691,5.05193206,0.13774956,-0.908,0.02874183,66.389994968119,-83.2247468074007,1238.15208119443,0.630902650641539,0.609083959235671,6.8453786761554,0.148105710324598,-0.94873833735004,-923.528997492758,-924.429105997066,-934.960637322122,-936.156312978961,1.17149017134158,-974.926449291792,1.29890184476175,1896.61323811435,1907.08770699087,NA,2393.07941558147,0.372192386131734,1.01592499690306
"480",-5.86,0.79,-5.86,0.83,1.359326,9.604077,-1.1484446,0.2002995,35,35,-6.55705980987297,0.91604594121312,-5.75209314490722,0.773228505080997,1.36029472802214,5.55873760202106,-0.478680682585611,0.0906604228569275,1.36029472802214,8.49918601096373,-6.15457647739009,0.844637223147058,1.36029472802214,5.72073043494759,-0.50742150140117,0.0957596278727658,1.36029472802214,8.53386499338618,1.95572393880319,0.0505100196271314,-0.297324110443392,-7.05723636734911,-7.1031390300173,1.71557473098103,12.3315196544795,-4.87371879593224,0.682776776070162,-3.97701196340411,0.544075140450588,2.46873696,0.03696212,-0.686,0.0281791,83.6826087415419,-117.809974354246,1284.23205351661,0.262090318507736,0.230258823263919,8.07774330231638,0.1730339414984,-1.12759560347913,-896.555780766734,-897.607539805188,-928.251149174155,-928.506235072402,0.248249776560291,-918.172766252968,0.0109631011203659,1842.66680466231,1893.66873069494,NA,2450.65413267898,0.320639459187035,1.14066621033092
"481",-5.86,0.79,-5.86,0.83,1.359326,9.604077,-1.1484446,0.2002995,35,35,-5.75847725003029,0.728387312538248,-5.38036280803603,0.803690211303887,1.27983080925601,11.1644877003759,-1.3365481230155,0.214362816206232,1.27983080925601,9.2764164223441,-5.56942002903316,0.766038761921067,1.27983080925601,11.2002303331871,-1.32942984462867,0.215780447846859,1.27983080925601,9.7535715047165,3.47751265233487,0.0831160322760376,-0.521801093478412,-7.37667535676306,-6.54992573004016,2.08143192474873,9.19159562418692,-4.12949038148989,0.510943311538257,-3.67073719195971,0.547587419300086,5.97863307,0.10004557,-0.882,0.02566534,87.4651921680509,-125.375141207264,1266.21111057109,0.0534352333376698,0.054280799842334,8.29629489573825,0.188042776148404,-1.18942526961024,-902.188046856676,-904.350381414651,-918.817826211539,-921.994869324747,3.15737940813439,-956.133341191782,3.83433965681513,1853.93133684219,1874.80208476971,NA,2407.04707993491,0.489903732455212,1.21657296400058
"482",-5.86,0.79,-5.86,0.83,1.359326,9.604077,-1.1484446,0.2002995,35,35,-5.95529822082344,0.797720244691448,-5.42241307966945,0.77759267159356,1.35337240118725,7.66730888753565,-0.764121610588861,0.14142920460714,1.35337240118725,10.1935770990754,-5.68885565024644,0.787656458142504,1.35337240118725,7.73830053095131,-0.766803031746699,0.141530484406842,1.35337240118725,10.304504975187,2.7192500239028,0.0771907843772205,-0.446986610931251,-7.16042865905733,-6.74745839001223,1.9063664392492,12.8642191822808,-4.16304767250235,0.555326440909146,-4.39632865981551,0.628826434180837,4.34982537,0.08479563,-0.744,0.02340389,104.752094637265,-159.948946145692,1310.67871884101,0.654010133587424,0.646117795524921,6.82856719280669,0.147875477345279,-0.964612982615722,-909.923942270581,-910.349966609068,-938.490581443974,-939.180863773452,0.673877126929388,-945.379544317565,0.767861221129163,1869.40312767,1914.14759523458,NA,2461.40849153634,0.428813103620288,0.946409265020977
"483",-5.86,0.79,-5.86,0.83,1.359326,9.604077,-1.1484446,0.2002995,35,35,-5.18612940292416,0.665757763002991,-6.41382045956879,0.917489993982067,1.4739910464727,9.99960522301369,-1.37835817043848,0.256240101441878,1.4739910464727,7.8875965427725,-5.79997493124647,0.791623878492529,1.4739910464727,10.376411555655,-1.45562052259903,0.272082380470304,1.4739910464727,8.02708071442849,3.03158254977106,0.075590709594406,-0.465370415281406,-7.17745815915117,-6.9053937243248,2.40889097491141,7.37345211209453,-3.86748661744095,0.508365517530926,-4.52220137821302,0.642545794473795,6.50567871,0.17095369,-0.888,0.02542931,81.8768575488675,-114.198471968898,1293.61621500566,0.51390959066401,0.48507827150555,7.5392963354967,0.167482979883069,-1.08433931840142,-930.41191323116,-932.087631012846,-943.259408581778,-944.349474474216,1.0672090735623,-985.052983581925,0.436685550802052,1910.37906959116,1923.68524951018,NA,2473.03395804242,0.437026592686592,1.03846545335509
"484",-5.86,0.79,-5.86,0.83,1.359326,9.604077,-1.1484446,0.2002995,35,35,-5.47134829038273,0.700010501212367,-6.15128197382183,0.862311127718022,1.4572648791443,10.703890925923,-1.21023178763916,0.179703367055678,1.4572648791443,7.48949272461111,-5.81131513210228,0.781160814465194,1.4572648791443,10.8194683793918,-1.23782020334028,0.18628874039671,1.4572648791443,7.57912643171805,3.14283562644538,0.0745073652098115,-0.470962671905242,-7.25860809593294,-6.97159664515412,2.15118616167669,8.33932521511939,-4.53540490989357,0.594876769305991,-3.73255273688225,0.52538704350948,3.62374949,0.04383356,-0.799,0.02864315,76.9783332137118,-104.401423298586,1265.9037127843,0.396087554857004,0.321155961464533,11.5474577126776,0.23946300126656,-1.62540244147094,-919.073987106817,-920.367498817091,-937.2554492233,-937.990648376417,0.717957159631298,-961.152822682872,0.487923701603646,1887.70321734247,1911.67733079323,NA,2427.40600227001,0.435430306210606,1.45411713040258
"485",-5.86,0.79,-5.86,0.83,1.359326,9.604077,-1.1484446,0.2002995,35,35,-6.31473730486005,0.889514847193199,-5.42391161147362,0.766290919461588,1.33171815661002,9.90124119814988,-1.2526357998969,0.210277275820302,1.33171815661002,7.81434485382226,-5.86932445816684,0.827902883327393,1.33171815661002,10.0996338021492,-1.28007856011272,0.214073309911703,1.33171815661002,7.85581602000963,3.04973093326497,0.0805287065059509,-0.477627064639831,-6.97297925506064,-6.81628983646641,2.05382365797206,7.96189909020625,-4.43271764953197,0.630112202039308,-3.77218188127282,0.534684959935455,4.79247453,0.11248911,-0.865,0.02795772,69.278943742447,-89.0026443560567,1246.20200759936,0.645770336448988,0.61448793973265,8.50405961777088,0.174123224919604,-1.18754951719174,-904.175013422914,-904.718421851011,-917.811654784455,-918.14022983071,0.319937482309672,-948.36155418505,0.158731491794485,1857.90526997466,1872.78974191554,NA,2403.40137084267,0.474905405377464,1.07145773407768
"486",-5.86,0.79,-5.86,0.83,1.359326,9.604077,-1.1484446,0.2002995,35,35,-5.73160401189027,0.754153738803732,-5.95895539177573,0.828519239025797,1.34106013301072,6.27770323135078,-0.822048362402386,0.169719193773257,1.34106013301072,7.66728442407548,-5.845279701833,0.791336488914764,1.34106013301072,6.29062539383473,-0.826275137175225,0.171101750679076,1.34106013301072,7.706805924533,2.33191232588123,0.0713866270086883,-0.394377555581178,-7.1962924185066,-6.98059339161559,1.9770889363195,8.55352209055683,-4.00673523809013,0.52447313730416,-4.29219337741297,0.589390763705463,3.23630022,0.08456398,-0.805,0.02539186,97.3424589562549,-145.129674783672,1261.88189250913,0.767998098051484,0.770152237244944,7.42353548857284,0.165319831616506,-1.06877280157766,-899.063974784098,-899.346167461006,-918.346577203019,-918.665041047541,0.31006967114707,-941.269982007148,0.293125509579061,1847.68319269703,1873.85958675267,NA,2378.63411023458,0.408160597519551,1.02489440811406
"487",-5.86,0.79,-5.86,0.83,1.359326,9.604077,-1.1484446,0.2002995,35,35,-5.55757580570888,0.743721452972159,-4.76605706482194,0.704849295871892,1.21363882239761,10.6742159997852,-1.2252812261052,0.223142591192651,1.21363882239761,13.1549521453732,-5.16181643526541,0.724285374422026,1.21363882239761,10.830841479079,-1.23297323631608,0.223520352342058,1.21363882239761,13.3837583340206,3.28235217893856,0.0884719096141585,-0.521069218894053,-7.08441707174907,-6.52448858392469,2.1012339103458,12.8856778065627,-4.17274554857618,0.570615049031341,-3.24095518221552,0.466854912540787,6.3236032,0.11556318,-0.813,0.02213125,106.018470005849,-162.481696882861,1311.03170586939,0.468780787974262,0.435714312765915,6.88835411713283,0.158644025039872,-0.995804751070886,-904.492923120691,-905.227972211895,-928.222067724214,-929.344527437434,1.09917862442974,-969.278472395712,1.27870570940484,1858.54108937022,1893.61056779505,NA,2459.58171485592,0.513100686123763,1.01875651459871
"488",-5.86,0.79,-5.86,0.83,1.359326,9.604077,-1.1484446,0.2002995,35,35,-6.27407455473322,0.836361515468488,-5.38190437455425,0.737471769291074,1.58590258186564,7.43206859820626,-0.80384882509629,0.155399132609565,1.58590258186564,8.30773878294096,-5.82798946464373,0.786916642379781,1.58590258186564,7.63106050580641,-0.82590544576253,0.157843928084324,1.58590258186564,8.37210075445016,2.67087335284763,0.0715810814425001,-0.426361569136153,-7.24899030087192,-6.94597963873685,2.1881693241006,10.5043906629097,-4.57042558488617,0.616176170253249,-3.74633243237834,0.508170111005313,5.02719556,0.09970134,-0.817,0.02621647,81.0428230799056,-112.530403030974,1326.54042184886,0.538189795603708,0.469890553233543,7.28588208379734,0.158834404846634,-1.02865151790646,-939.733814689833,-940.384779858068,-964.421769859304,-964.904146147966,0.470212386132574,-972.626378794124,0.434028488035513,1929.0228725085,1966.00997206524,NA,2540.55044066674,0.402038476401984,1.02869041154255
"489",-5.86,0.79,-5.86,0.83,1.359326,9.604077,-1.1484446,0.2002995,35,35,-5.40491061957926,0.670987317258564,-6.00401236408844,0.819601873941643,1.52433098624382,9.49243689204341,-1.29756523947904,0.232446277285571,1.52433098624382,6.59509232295575,-5.70446149183385,0.745294595600103,1.52433098624382,9.58216761711189,-1.31982404952112,0.237967848900098,1.52433098624382,6.67434613286185,3.97358310539033,0.108507187720713,-0.641461375182709,-7.36508304480235,-7.07877771755478,2.42171586482718,6.2253822366608,-4.20296125341023,0.543943014807814,-3.96304151037253,0.543458291880909,4.08062502,0.0989543,-0.848,0.02820904,73.7758137521391,-97.9963843754409,1275.16538521151,0.704215027929431,0.637782323012388,9.00927452920632,0.199694744276084,-1.2979366941375,-929.539443807993,-930.350419287433,-940.486167674591,-941.212823933606,0.709571239486599,-981.192585450507,0.557470390734032,1908.63413074482,1918.13876769581,NA,2452.33438604757,0.602963616929716,1.22562958536765
"490",-5.86,0.79,-5.86,0.83,1.359326,9.604077,-1.1484446,0.2002995,35,35,-6.06932481314012,0.794449260802397,-5.92117462238883,0.775707491137288,1.20996495893291,7.01571361843007,-0.942514132580547,0.186571839280908,1.20996495893291,8.33481953685707,-5.99524971776447,0.785078375969843,1.20996495893291,7.02120073818498,-0.943208281768273,0.186659652763453,1.20996495893291,8.33642768983369,2.40446467947899,0.0524796696078464,-0.338492089329636,-7.29394292695309,-7.25745135006229,1.89995000251456,8.50685061246334,-4.33027987758945,0.56192162745384,-4.72026859536907,0.619051534093601,4.33101665,0.10996387,-0.844,0.02123182,130.524699501377,-211.494155873917,1281.52561610036,0.852192340319331,0.788009267969017,6.0666682909704,0.128659300325214,-0.852626049582311,-881.21427410388,-881.234827306979,-898.337375324129,-898.349433512559,0.0117146777158574,-931.348079207501,0.00877310607918653,1811.9837913366,1833.84118299489,NA,2351.5570763268,0.344187262178242,0.814226028559343
"491",-5.86,0.79,-5.86,0.83,1.359326,9.604077,-1.1484446,0.2002995,35,35,-5.98470487986417,0.843672128271396,-5.87437323217013,0.832449558985234,1.40628741290114,7.88057658697112,-0.931977416006931,0.17742049334393,1.40628741290114,8.76993478357375,-5.92953905601715,0.838060843628315,1.40628741290114,7.88361985509185,-0.932286967147106,0.177451979859275,1.40628741290114,8.77130959184766,2.61075204624947,0.0675422731528954,-0.399097617318367,-6.91606588668905,-6.87259540273981,2.00982188771895,10.402993441382,-4.13101736345364,0.566156158458286,-4.46811259756465,0.627002694063543,5.15749183,0.11222063,-0.836,0.02346868,102.084442484258,-154.613641839678,1290.0095417962,0.849084793052676,0.838974708370648,6.62917472648867,0.156022644021043,-0.978915846037567,-917.017713232586,-917.028530602682,-938.365098510415,-938.374948095988,0.00956884203391352,-951.486833635125,0.00981204351561367,1883.59066959401,1913.89662936746,NA,2425.40544175273,0.421535218951599,0.955430448160172
"492",-5.86,0.79,-5.86,0.83,1.359326,9.604077,-1.1484446,0.2002995,35,35,-5.02177810857276,0.711348821757623,-5.26609163110138,0.691605891211596,1.29178611360071,6.90789946084334,-0.804695778183698,0.158925385308597,1.29178611360071,9.11510741653116,-5.14393486983707,0.701477356484609,1.29178611360071,6.92282173516594,-0.803489911957015,0.159022831135233,1.29178611360071,9.20451054369541,2.53661387865351,0.0705762814602956,-0.407912825075985,-6.74148713432942,-7.10342392817683,2.0270715710695,9.86086654999046,-3.71101730505052,0.537160167385881,-3.86841563405745,0.522488288415926,4.1312098,0.1103191,-0.822,0.0235131,101.778409958799,-154.00157678876,1237.7130543449,0.724903980497078,0.710844253674741,5.20650321006176,0.102730470543432,-0.686731022058093,-896.843748909249,-897.20675535792,-919.988319579022,-920.604301562316,0.601023043732871,-951.875777964506,0.708074364071599,1843.24274094734,1877.14307150467,NA,2321.42453190104,0.411682588521169,0.747637361882559
"493",-5.86,0.79,-5.86,0.83,1.359326,9.604077,-1.1484446,0.2002995,35,35,-5.92008004327901,0.863492475946138,-5.55397052443615,0.724127123131569,1.39825935644585,11.1858892239642,-1.51590481870098,0.260074037405657,1.39825935644585,7.54677352879552,-5.73702528385758,0.793809799538853,1.39825935644585,11.219398268911,-1.52866056426655,0.264929712796939,1.39825935644585,7.71248383252075,3.04940636418325,0.0801316358564426,-0.478997436103271,-6.73335654756545,-7.1975497372455,2.30927918316656,6.74225882736838,-4.28777489508028,0.63045638525686,-3.56353813011127,0.479624427549086,6.3620922,0.15916376,-0.911,0.02822316,62.3455042705481,-75.1357654122588,1249.68279481638,0.361818200259325,0.325376775791533,7.98044041767753,0.16672987411484,-1.10417731526183,-917.66695176733,-918.844488791134,-927.599546365682,-928.943761527815,1.31842742940958,-971.963334492033,1.43416910889921,1884.8891466635,1892.36552507799,NA,2424.22982422051,0.463287539981605,1.09726889838841
"494",-5.86,0.79,-5.86,0.83,1.359326,9.604077,-1.1484446,0.2002995,35,35,-4.79812245063664,0.658729164582142,-6.24649717105887,0.946938852449601,1.23508698570267,9.66288058661995,-1.19126667097004,0.217010658750135,1.23508698570267,10.548202113663,-5.52230981084776,0.802834008515872,1.23508698570267,10.1873279193095,-1.29562557749205,0.2377768647953,1.23508698570267,10.7488197041718,3.8580262742554,0.0994406803012271,-0.599855731029387,-6.83132577746597,-6.56262175754091,2.0548613886773,10.4035425641043,-3.35575676296302,0.461970865014004,-4.5642370013239,0.701799467950369,5.61864656,0.12280609,-0.835,0.02428565,89.0076366164636,-128.46003010409,1268.06479615761,0.0770545175928271,0.0624453232947492,7.08668069310592,0.175569706266028,-1.07528196296442,-899.223164714128,-901.740703233313,-918.266608063955,-919.472219543703,1.18130909212782,-956.918280065504,0.366667965785728,1848.00157255709,1873.69964847454,NA,2407.66956221113,0.578726414039726,1.05138051019876
"495",-5.86,0.79,-5.86,0.83,1.359326,9.604077,-1.1484446,0.2002995,35,35,-5.89019575680652,0.870372587222376,-5.66430175636217,0.853963525568971,1.41753994806757,6.7394185069472,-0.835455686505636,0.167983146884327,1.41753994806757,7.83614393739214,-5.77724875658435,0.862168056395674,1.41753994806757,6.75217553180639,-0.836382363650742,0.168050461210413,1.41753994806757,7.84670040793042,3.41662898200618,0.0876747769253085,-0.528241570951935,-6.66248233847424,-6.53434928119106,1.9718017686901,9.47114560168606,-4.07441132224024,0.610364945633841,-3.94706117426349,0.585580505508581,3.40928478,0.09847441,-0.819,0.02876618,66.6600655211427,-83.7648879134479,1239.08531683896,0.971188417358872,0.962584799436119,7.40911881486954,0.164890524450524,-1.06044133161237,-912.860816725377,-912.929877395427,-933.285541420575,-933.369119945731,0.0812390565035454,-943.823894942726,0.0946263063862662,1875.27687657959,1903.73751518778,NA,2394.40574576447,0.517673944300471,1.04494463463654
"496",-5.86,0.79,-5.86,0.83,1.359326,9.604077,-1.1484446,0.2002995,35,35,-6.16419087574233,0.783557225901517,-5.63408145966465,0.786886445304474,1.29470450483243,7.74011355460981,-0.796142948066378,0.130938024417303,1.29470450483243,8.74215077964465,-5.89913616770349,0.785221835602995,1.29470450483243,7.81036755286337,-0.795701735427957,0.130940795342761,1.29470450483243,8.94656674973432,2.00371856859774,0.0569992133770348,-0.322363075344475,-7.45370091496491,-6.90375687118589,1.81940050448593,10.8740933910454,-4.7250454452232,0.613448102131312,-3.75148219170676,0.519609166023606,3.80977303,0.07999373,-0.797,0.02433344,103.785898727676,-158.016554326514,1286.73806129662,0.267804961757468,0.219413489535208,7.99061988346788,0.144888325218498,-1.03816801287208,-893.067798976345,-893.916531002614,-917.911424590084,-919.365011606516,1.42681901363511,-928.516674458285,1.66592404156246,1835.69084108153,1872.9892815268,NA,2415.45956826673,0.344490451358359,1.00448450660117
"497",-5.86,0.79,-5.86,0.83,1.359326,9.604077,-1.1484446,0.2002995,35,35,-5.77092817714896,0.801224514349556,-4.93342646017786,0.685603152884953,1.25978095612429,9.77583546863072,-1.13488044035311,0.184175876272789,1.25978095612429,9.05223422777981,-5.35217731866341,0.743413833617254,1.25978095612429,9.95118775011312,-1.15908871253939,0.187517951079521,1.25978095612429,9.09116715708971,2.5128524275732,0.0683146585483796,-0.396310810935196,-6.95518108355906,-6.80652151887598,2.0105219321565,9.342061086788,-4.10173247255027,0.5705965978533,-4.23117751555402,0.596870540439766,6.5784714,0.12716457,-0.873,0.02516201,84.7136887456915,-119.872134362546,1244.89594302408,0.965933136693137,0.950063808077749,5.39799397568178,0.115219072133994,-0.760854925788704,-894.748439497257,-895.254538226759,-913.405301810355,-913.675892500898,0.2633682356662,-948.154169837406,0.126478515960667,1839.05212212335,1863.97703596734,NA,2369.91975168562,0.4119609331831,0.727865447148791
"498",-5.86,0.79,-5.86,0.83,1.359326,9.604077,-1.1484446,0.2002995,35,35,-5.83657996651242,0.760877005054572,-5.03434414919208,0.648462641291741,1.40245891453815,11.0750617948607,-1.18899431383923,0.166161008342807,1.40245891453815,8.05456186094589,-5.43546205785225,0.704669823173157,1.40245891453815,11.2359573715086,-1.21154002108718,0.169320255637858,1.40245891453815,8.08554047775785,2.73237979500289,0.0712769910657555,-0.419802082649145,-7.26121289258459,-7.12871276511931,2.16263994095302,8.72914086681335,-3.98053469790583,0.507427668325434,-3.33874283525361,0.437372828573731,6.10694534,0.08846931,-0.897,0.03144492,50.2222228129677,-50.8892024970981,1280.09601304157,0.698915803873741,0.689923404795315,7.97068657130167,0.160289067324823,-1.09052367515282,-910.670090406251,-911.123600033109,-932.374321099233,-932.613405228353,0.232650234827945,-963.885046319467,0.0992935052647608,1870.89542394134,1901.91507454509,NA,2509.30282358604,0.44249310288812,1.04361053746451
"499",-5.86,0.79,-5.86,0.83,1.359326,9.604077,-1.1484446,0.2002995,35,35,-6.77257024321016,0.845677212428577,-6.67319447527264,0.951843101807865,1.50630736771383,5.94850946032424,-0.659564358003807,0.10934011660818,1.50630736771383,5.22380233706031,-6.7228823592414,0.898760157118221,1.50630736771383,5.95097834613753,-0.656926778807347,0.112157915625104,1.50630736771383,5.55158896470233,2.68632263593683,0.0771962248743136,-0.440953377209901,-7.69198547748181,-6.96010081314984,1.86902561031393,7.18588483479085,-4.43189464607393,0.546470137992097,-4.89067729556227,0.695126829658937,3.83730776,0.08569465,-0.858,0.02652141,95.1356344350118,-140.716025741186,1298.21877592303,0.0735166192999759,0.0653931079748875,8.65766231607392,0.174202144443975,-1.18520191057641,-905.785159572987,-908.366720463467,-923.633548218647,-927.226408963579,3.58133010538142,-922.091498710027,4.16630800439124,1861.12556227481,1884.43352878392,NA,2455.72152610488,0.440907981710779,1.13250057539756
"500",-5.86,0.79,-5.86,0.83,1.359326,9.604077,-1.1484446,0.2002995,35,35,-7.00153776082892,0.954289981567028,-6.1175836881364,0.907546187453443,1.40041830597615,10.6598468007815,-1.4361279108595,0.257746481559232,1.40041830597615,8.37491399918481,-6.55956072448266,0.930918084510236,1.40041830597615,10.8551905014389,-1.44645775265446,0.258292727131265,1.40041830597615,8.60743169405642,3.22964853619183,0.0845774681294522,-0.505075988688563,-7.27386622227964,-6.668399579033,2.17993385525635,8.30058063143171,-4.83088216814698,0.673680311003176,-4.30286438528502,0.632466033847831,5.17102865,0.1180291,-0.86,0.02704286,75.9150165064492,-102.274789884061,1309.48009851898,0.609397669707873,0.563345832145144,10.2344761693206,0.220646560032596,-1.45635424215141,-921.797757719227,-923.004013356928,-934.451389741836,-936.166357219096,1.68654381817733,-964.259731384918,2.15166188320171,1893.15075856729,1906.0692118303,NA,2516.6854071539,0.494540885809165,1.36247997071208
"501",-5.86,0.79,-5.86,0.83,1.359326,9.604077,-1.1484446,0.2002995,35,35,-6.09911257457744,0.839296576608618,-6.39236710980789,0.821038722386086,1.41483537701259,6.37588878544902,-0.630214678951341,0.135734534446153,1.41483537701259,9.96733298927311,-6.24573984219266,0.830167649497352,1.41483537701259,6.39738834105733,-0.628876129312757,0.135817871756356,1.41483537701259,10.0678150094919,2.34707145177966,0.0626752591576929,-0.3648571413631,-7.05654198594847,-7.45857209205524,1.90275932176658,13.2981040661282,-4.73711258615309,0.651650885314781,-4.92080714236349,0.637667308001287,5.44987363,0.10625221,-0.775,0.02175171,119.223187210931,-188.891131293025,1383.65588795617,0.769661377904519,0.776931997947498,5.48885104621059,0.11990221020327,-0.770515734446904,-917.252132334481,-917.614137775238,-947.942589934658,-948.581005448843,0.623011755142103,-945.994075646957,0.706971330702592,1884.0595077978,1933.05161221594,NA,2578.42064461932,0.386957116741028,0.795637083869178
"502",-5.86,0.79,-5.86,0.83,1.359326,9.604077,-1.1484446,0.2002995,35,35,-5.1285939680475,0.708909374740688,-6.44279045017573,0.863002635729856,1.31679052195991,11.8317733443224,-1.38539504490063,0.233208446392334,1.31679052195991,11.1478408014007,-5.78569220911161,0.785956005235272,1.31679052195991,12.263551442732,-1.43602225027855,0.239144629662903,1.31679052195991,11.2921974387363,2.17586919166531,0.0580323982261459,-0.341302434159146,-6.86283658787581,-7.25898529571491,2.1611837282199,11.2753407070861,-3.30480829218935,0.458875290198607,-4.39031430490007,0.595127589493523,5.73068642,0.11784654,-0.849,0.02632804,76.1267574344483,-102.698271740059,1322.89266017334,0.351850586410476,0.299013184942285,9.82481380055371,0.192359920529867,-1.32028368195971,-917.607931537177,-918.634889890272,-937.503833739931,-938.330762243803,0.808065523684459,-971.856359309985,0.703944150942063,1884.77110620319,1912.17409982649,NA,2543.08704860662,0.345983360397584,1.2943822678256
"503",-5.86,0.79,-5.86,0.83,1.359326,9.604077,-1.1484446,0.2002995,35,35,-5.144497184951,0.710240530939669,-5.51712425151949,0.829499118934415,1.33808032715031,8.43350458765946,-1.02970674660154,0.183389332357883,1.33808032715031,8.21113055473831,-5.33081071823525,0.769869824937042,1.33808032715031,8.46821732034433,-1.04081649105344,0.186944985060509,1.33808032715031,8.30940844795484,2.52599391073361,0.066285119896706,-0.392862652061629,-6.87080912060882,-6.53292438042714,2.04896759510051,8.78632562960838,-3.62707811174756,0.507612053441176,-4.18450511437448,0.622812431028484,5.65207251,0.12583764,-0.864,0.02564454,80.0484783792446,-110.541713629652,1226.36987343018,0.524217734945688,0.504181728010722,5.57489048315396,0.128349529703633,-0.811717609592323,-904.401505862758,-905.167226263139,-922.0615817788,-922.8044885696,0.725524049302097,-950.861726894409,0.677531303771924,1858.35825485435,1881.28959590423,NA,2342.19803323071,0.39717908044226,0.80179850170758
"504",-5.86,0.79,-5.86,0.83,1.359326,9.604077,-1.1484446,0.2002995,35,35,-5.67939734106899,0.762735001051977,-6.77897909108296,0.934504416767918,1.30517770334263,10.3168176188764,-1.27329572350515,0.216502560829316,1.30517770334263,9.06246954414135,-6.22918821607597,0.848619708909948,1.30517770334263,10.6190876251173,-1.3205143521881,0.223878743873165,1.30517770334263,9.1166041332292,2.9721923022969,0.0750683564146661,-0.457116050105631,-7.0929608077819,-7.16918482769988,2.03648101844249,9.36699850896034,-4.36829908186635,0.598826674036236,-4.53554047691985,0.636456190609489,5.47927827,0.12860661,-0.876,0.02643627,80.7073427407475,-111.859442352658,1297.24282064531,0.92636772928661,0.929546080040898,9.24696085496897,0.181838264130068,-1.25102641398324,-906.017981758433,-906.918283977716,-922.149869044011,-922.525449250269,0.36582988319374,-951.381560398016,0.0327489406931151,1861.5912066457,1881.46617043465,NA,2482.62619893796,0.440411046194905,1.19894352782055
"505",-5.86,0.79,-5.86,0.83,1.359326,9.604077,-1.1484446,0.2002995,35,35,-5.90605526182694,0.825428409965516,-6.52883019784287,0.936579953034862,1.5552377553007,5.26087700094109,-0.394100428952709,0.0783611637585792,1.5552377553007,7.97881031781319,-6.2174427298349,0.881004181500189,1.5552377553007,5.3578391561735,-0.411406027733479,0.0814498301402534,1.5552377553007,7.9973399173091,2.59568189434396,0.0622049257030323,-0.385821998720798,-6.94610762139469,-6.90667042646747,1.8385492646213,12.5867617667644,-3.99080059023049,0.560970551092877,-4.82909257223641,0.696384759780674,3.49290996,0.07250874,-0.749,0.02756448,76.2698037153792,-102.984364301921,1315.7673135089,0.390633245333292,0.307492495267262,7.32765165821898,0.14833461828468,-0.99927782147961,-922.727590426712,-923.373673847897,-957.119564380604,-957.263874748189,0.14033181692476,-935.79755872794,0.00740913935986277,1895.01042398226,1951.40556110784,NA,2528.55026271588,0.382204002458496,0.987341900406188
"506",-5.86,0.79,-5.86,0.83,1.359326,9.604077,-1.1484446,0.2002995,35,35,-5.96141194034233,0.826576201206638,-6.05838690623187,0.781728466850112,1.46166182470188,10.1104515517735,-1.22200270093337,0.18669125192035,1.46166182470188,6.34652595337882,-6.0098994232871,0.804152334028375,1.46166182470188,10.1128025877758,-1.22091542405601,0.187194081739579,1.46166182470188,6.42897309011392,3.29213032634831,0.0755860688271436,-0.477580281983853,-6.9946260567092,-7.35879221865509,2.1300137933749,6.83815811523047,-3.94372566068354,0.540446387592195,-4.16431770965642,0.528475857501381,3.67656127,0.06512424,-0.83,0.02827484,79.5555758918798,-109.555908654922,1253.35100661388,0.552323253118064,0.532998426593244,11.4689635654242,0.236470169176542,-1.6180505270091,-914.333375245471,-914.940462725998,-927.871445222893,-928.652651929284,0.763136934867543,-952.59648839555,0.945256567710055,1878.22199361978,1892.90932279241,NA,2397.14610457283,0.47687386482149,1.40851410727391
"507",-5.86,0.79,-5.86,0.83,1.359326,9.604077,-1.1484446,0.2002995,35,35,-6.2109130162194,0.808109953015021,-4.71085400612702,0.756417903054574,1.09397037888893,9.72933019597066,-1.21677213646649,0.205857985101653,1.09397037888893,9.7920210865982,-5.46088351117321,0.782263928034798,1.09397037888893,10.2918744544105,-1.23615741778982,0.206526002108931,1.09397037888893,10.9340854325832,2.66989383438888,0.0767552432093192,-0.43733083688108,-7.35414426080433,-6.16205310803419,1.84643175387534,9.21339473855634,-4.62901212194851,0.607529866280167,-3.5588365375116,0.576166014744457,5.54404954,0.13017763,-0.87,0.02226784,109.286422510949,-169.01760189306,1226.11723663253,0.0125225922534637,0.0108570477291221,6.1368313020509,0.112081549554313,-0.769492548567629,-868.350419433457,-872.776456068377,-883.800715144764,-890.842123995861,7.19609190010029,-926.856857418035,8.9673168107512,1786.25608199575,1804.76786263616,NA,2283.21687137199,0.442221994198487,0.889937956092811
"508",-5.86,0.79,-5.86,0.83,1.359326,9.604077,-1.1484446,0.2002995,35,35,-5.72243856817271,0.644505095228425,-5.57406240912653,0.740461343975165,1.3226988953176,9.31037943689177,-1.08119383959629,0.188821978252422,1.3226988953176,9.55031116379624,-5.64825048864962,0.692483219601795,1.3226988953176,9.3158833080351,-1.07763443468991,0.191123878670809,1.3226988953176,9.90877288217891,2.60299418808467,0.0710917625641925,-0.414502075331961,-7.84038521945171,-7.120326560953,2.16925816726746,9.70871244993484,-4.18747650483671,0.473420437305741,-3.80363826138259,0.507713077108682,5.46327969,0.13501729,-0.868,0.02142473,126.101899874514,-202.64855662019,1346.53220664064,0.149034468487793,0.134331619142996,8.09022553249088,0.142686774917191,-1.01281098090768,-908.250568913304,-909.830497884796,-928.730951413216,-931.069788851634,2.31039601312109,-967.99128571581,2.65603758978814,1866.05638095545,1894.62833517306,NA,2490.41585666108,0.416828183718516,1.0988173864661
"509",-5.86,0.79,-5.86,0.83,1.359326,9.604077,-1.1484446,0.2002995,35,35,-5.52043274141737,0.752736254998424,-5.09381127305198,0.695190904982293,1.30991736496208,8.7425241890837,-1.15978011171663,0.21972169276224,1.30991736496208,8.76445875329846,-5.30712200723467,0.723963579990359,1.30991736496208,8.78802565840125,-1.165917632147,0.22054955958936,1.30991736496208,8.77476573136359,2.65531881776493,0.0663681686267314,-0.401890410356587,-6.99356614974369,-6.90978498577495,2.18923550417209,8.30227409627837,-4.10935770394877,0.556759034445158,-3.66777602401363,0.496675947480426,4.91826994,0.11412905,-0.843,0.02731003,72.4874859999267,-95.4197288710159,1254.07283280804,0.828178326305986,0.802765689163325,6.56575446253334,0.146968782135585,-0.947104152769697,-904.894540746976,-905.032499661924,-920.933514246336,-921.007364519365,0.0717781216692292,-965.309280174145,0.0410164553632925,1859.34432462279,1879.0334608393,NA,2412.72593674506,0.407043312194023,0.911464578676886
"510",-5.86,0.79,-5.86,0.83,1.359326,9.604077,-1.1484446,0.2002995,35,35,-5.85272989435384,0.783851343940948,-6.10634072715791,0.847866952198091,1.20705910096143,9.86852640469349,-1.04386766418984,0.167170793255191,1.20705910096143,10.9854860886343,-5.97953531075587,0.81585914806952,1.20705910096143,9.88460601832238,-1.04792642712048,0.168195292780324,1.20705910096143,11.0048667718733,3.02702273298921,0.0757667941101195,-0.462084625062057,-7.14048765440636,-7.01271005852135,1.80593208711473,12.707687875395,-3.86239993591275,0.519009503746066,-4.8640643581322,0.68457861603983,4.95353424,0.10225554,-0.819,0.02239953,113.029401321494,-176.503559514151,1297.17611336891,0.288428184661391,0.232023915442903,8.32128868712707,0.15899303291185,-1.11411768507393,-890.486421493239,-890.687590461119,-915.244423022106,-915.357522494194,0.109956863702099,-931.722198780571,0.0784857414465869,1830.52808611531,1867.65527839084,NA,2417.84866722368,0.450792057315655,1.04953908298028
"511",-5.86,0.79,-5.86,0.83,1.359326,9.604077,-1.1484446,0.2002995,35,35,-6.91334785685598,0.869172720827391,-6.0425679661917,0.865812979910328,1.26494258797991,10.4921155261443,-1.37620896919722,0.2425513904551,1.26494258797991,9.18413903301752,-6.47795791152384,0.86749285036886,1.26494258797991,10.6816799306406,-1.37694036790433,0.242554212419858,1.26494258797991,9.68483265728433,2.73768567275309,0.0720675504703601,-0.427162866140993,-7.69278293201581,-6.84201950833587,2.03570873897072,8.91663636337522,-5.28093781333804,0.661763747623906,-4.52334521443138,0.65598521715654,7.47853961,0.1521964,-0.891,0.02193861,116.99459889649,-184.433954664143,1343.6367994282,0.0786133528649955,0.0722188727763201,7.62668692674558,0.160729488056131,-1.0538598145234,-901.557499418798,-903.702194225613,-915.319637556429,-918.679197530971,3.34315609201333,-949.734151903833,4.26662577608169,1852.67024196643,1867.80570745949,NA,2502.83964419225,0.428848925077268,1.07592002042063
"512",-5.86,0.79,-5.86,0.83,1.359326,9.604077,-1.1484446,0.2002995,35,35,-5.40181414932544,0.764953993035078,-4.73811169887695,0.690770026721313,1.3806593463339,8.3903123292835,-0.935575423032761,0.14547530331306,1.3806593463339,7.03612845882569,-5.0699629241012,0.727862009878195,1.3806593463339,8.50043756496633,-0.947884443089368,0.146851118527571,1.3806593463339,7.07614594947194,2.75893543926048,0.0843482864029416,-0.467606065656512,-6.80215743601117,-6.58042386028901,2.03526149474853,7.9537456700541,-3.72644521588174,0.531753454810338,-3.15971993843952,0.469541517285037,3.75702511,0.08191797,-0.832,0.03283432,38.1265598070867,-26.697876485336,1188.27099725883,0.637852102882719,0.629735403373658,7.77513143469322,0.15301626698473,-1.06338734627415,-901.266705182667,-901.614754837872,-920.183688731942,-920.531402534989,0.338619445655598,-946.10535548313,0.321059046948999,1852.08865349417,1877.53380981051,NA,2349.84411803232,0.477310417809663,0.966408898509594
"513",-5.86,0.79,-5.86,0.83,1.359326,9.604077,-1.1484446,0.2002995,35,35,-6.52055075205501,0.899294239931833,-6.76238953270931,0.950454909043757,1.26764685673939,9.36764607650567,-1.29378049293482,0.232543875250509,1.26764685673939,7.72073689184833,-6.64147014238216,0.924874574487795,1.26764685673939,9.38226757546275,-1.29687365139369,0.233198228766504,1.26764685673939,7.72806209784197,3.31922859163609,0.0918777429890281,-0.535793351447925,-7.12052961093044,-7.05756636385269,1.97538475902824,7.45786214807626,-4.73478904067462,0.656906580929926,-5.2411667312395,0.738985162435462,6.38277264,0.17205911,-0.915,0.02547462,89.6431548498093,-129.731066570781,1283.32995652455,0.808082295861979,0.766180724142731,7.14780826609421,0.142342238599929,-0.976735191477425,-893.968124721941,-894.051779389515,-904.983909794852,-905.042683404426,0.0571183391661674,-936.795239237034,0.0282363719521904,1837.49149257272,1847.13425193633,NA,2436.92884647832,0.523479086092145,0.918231141467739
"514",-5.86,0.79,-5.86,0.83,1.359326,9.604077,-1.1484446,0.2002995,35,35,-5.47625722336884,0.752807077312362,-5.52307590599517,0.734474773603467,1.26643853282329,9.00980316411085,-0.854932328655356,0.131067551240287,1.26643853282329,10.523917748404,-5.499666564682,0.743640925457914,1.26643853282329,9.01035116137156,-0.854717755078064,0.131151569580105,1.26643853282329,10.541329736319,2.75827232452617,0.0767967951567434,-0.442567274507782,-6.9489686906754,-7.10500649495253,1.84980921313616,12.8349124754802,-3.85054490142732,0.524665707584122,-4.72919342368975,0.644030638313176,5.69008548,0.07208028,-0.834,0.02318323,107.909273927897,-166.263304726956,1283.5269351868,0.461306316763164,0.35410235988564,6.27476339918346,0.134960756978812,-0.881193837171823,-894.636317232593,-894.714632598923,-924.260729618334,-924.366415836215,0.102744153860529,-937.926930217775,0.113214816779981,1838.82787759402,1885.6878915833,NA,2400.79056564664,0.452265069046031,0.874718729118166
"515",-5.86,0.79,-5.86,0.83,1.359326,9.604077,-1.1484446,0.2002995,35,35,-4.98350673221622,0.677748973757399,-5.53688606400974,0.771817200058132,1.35093666254421,9.22186649924802,-1.27707197654731,0.22854552871216,1.35093666254421,6.98884769315279,-5.26019639811298,0.724783086907766,1.35093666254421,9.29842367046209,-1.29008582960064,0.230757736512001,1.35093666254421,7.00343699488961,2.84274172342944,0.0724331606073325,-0.439754584610873,-6.90339495773182,-6.89634013924291,2.259165074019,6.15775705712067,-3.6244909265757,0.496824740545514,-3.81510044014701,0.538148838411062,5.529363,0.1307743,-0.908,0.0302832,52.0960105525196,-54.6367779762018,1203.17791517061,0.90642294502329,0.913222300085829,6.09917025129599,0.138252671883112,-0.880040755656706,-904.090381282773,-904.345094496491,-914.438691535944,-914.566409548074,0.124182179484362,-963.840615424408,0.00036626357574571,1857.73600569438,1866.04381541852,NA,2351.71905236502,0.421626703758885,0.8732191180359
"516",-5.86,0.79,-5.86,0.83,1.359326,9.604077,-1.1484446,0.2002995,35,35,-5.90700319231496,0.821026086805041,-6.19952889076531,0.854070151876178,1.28905272470442,8.11146496615705,-1.05551006533067,0.204118855262235,1.28905272470442,8.95498037182231,-6.05326604154014,0.837548119340609,1.28905272470442,8.13285778722052,-1.05792662488431,0.204391832821341,1.28905272470442,8.96307411590023,2.71443609218349,0.0722574290974217,-0.422798300282897,-6.97328345408447,-7.06894116364753,1.97290834716538,9.51587661498334,-4.24892802177563,0.580288613108549,-4.71886303310366,0.659482155034284,5.96324483,0.13765466,-0.854,0.02352482,99.3047025005302,-149.054161872223,1294.18393020225,0.794762604620128,0.771721293844761,5.95038333694397,0.134396100575839,-0.865740981063474,-900.481573884513,-900.556232031922,-918.352357417648,-918.409246720465,0.055286356852748,-944.110546593861,0.0524849182489725,1850.51839089786,1873.87114718192,NA,2439.31369853228,0.440740539356778,0.817006122726538
"517",-5.86,0.79,-5.86,0.83,1.359326,9.604077,-1.1484446,0.2002995,35,35,-5.3851822629128,0.737378506598282,-5.08212948656043,0.717938393798937,1.38392575398363,9.93483100718755,-1.05359870300293,0.173528767115856,1.38392575398363,10.0675572841513,-5.23365587473661,0.72765845019861,1.38392575398363,9.95779125350127,-1.05507154804204,0.173623246612269,1.38392575398363,10.0903289244389,3.85845147967444,0.0944163952067076,-0.589622258137797,-6.94981316208549,-6.76257954727726,2.11818762139281,11.3521738976686,-4.0723825152257,0.561914916136295,-3.26060766817381,0.455956875143028,5.84209563,0.10736763,-0.855,0.02719902,69.6835546480683,-89.8118661672991,1277.03297908041,0.558012711512021,0.480489852640614,6.70308311818454,0.144134394983126,-0.928438477905736,-918.782629499022,-918.876424783783,-943.167576974041,-943.311454902315,0.139910867393853,-967.151406512613,0.159443486587394,1887.12050212688,1923.50158629471,NA,2464.25409199353,0.537944912421293,0.982827910878901
"518",-5.86,0.79,-5.86,0.83,1.359326,9.604077,-1.1484446,0.2002995,35,35,-6.77866702621388,0.940544746260325,-5.67684482356913,0.793826643481858,1.265178091891,6.01942294439042,-0.708981985783615,0.135270248287755,1.265178091891,7.51496733033508,-6.2277559248915,0.867185694871091,1.265178091891,6.32292598595065,-0.749396301576422,0.140651798708483,1.265178091891,7.58864213516789,2.46867829717298,0.0679387100741512,-0.391848896221798,-7.13288604276997,-6.9051723302633,1.73422802102666,9.30759585411349,-4.84716266506087,0.678593172747522,-3.87034223310422,0.542261488122356,2.85876018,0.08629903,-0.787,0.02481427,101.999815497121,-154.444387865405,1255.40999944075,0.282599524329078,0.232351663957775,8.64945253266829,0.167222415545884,-1.18025319693701,-882.241736178978,-883.44030989881,-902.834824299051,-903.437886272217,0.588362413415622,-911.818499829046,0.345192815192585,1814.03871548679,1842.83608094473,NA,2356.37561101609,0.408306350076927,1.03773409630144
"519",-5.86,0.79,-5.86,0.83,1.359326,9.604077,-1.1484446,0.2002995,35,35,-5.66656773344324,0.787200240157341,-6.26159554955095,0.868075436515971,1.28626621008615,10.6963909837343,-1.19343169187855,0.201601794495597,1.28626621008615,11.2758149381662,-5.96408164149709,0.827637838336656,1.28626621008615,10.7849055092197,-1.20546243974519,0.203236993842109,1.28626621008615,11.2958322770932,3.15812608093338,0.0802063135898095,-0.489143077439809,-6.93437363643173,-7.04756796069416,1.97653202138798,12.5132348686807,-3.98818682035031,0.578074887736986,-4.58213245270542,0.641369235982946,6.49082415,0.16540053,-0.863,0.02181202,109.610851010864,-169.66645889289,1316.54111764157,0.689050670567016,0.681589011478865,8.20406552902426,0.140252596937668,-1.03299978948662,-909.721047813683,-909.959717530867,-932.491240195595,-932.605291485896,0.110882988534194,-953.337548221505,0.0570864562254437,1868.9973387562,1902.14891273782,NA,2463.41577639025,0.461948679486687,1.02118846726036
"520",-5.86,0.79,-5.86,0.83,1.359326,9.604077,-1.1484446,0.2002995,35,35,-5.94225029141797,0.787156416155171,-6.39254234127235,0.970315942673441,1.37941934789814,7.63765115805972,-0.975340357670746,0.198063544116671,1.37941934789814,9.00554069871347,-6.16739631634516,0.878736179414306,1.37941934789814,7.68834189060024,-0.995959177332314,0.206450397155271,1.37941934789814,9.32016050605068,2.50090969675269,0.0581131774811898,-0.366438654661478,-7.21031728647107,-6.56939227348603,2.03474779894382,10.1575678343101,-4.237520267359,0.559863751529091,-5.09311601818489,0.764124842394771,5.10043495,0.12910099,-0.839,0.02241311,111.909658561033,-174.264073993229,1309.83287653596,0.120171762504948,0.101478726784986,6.88434050185267,0.166620055543187,-1.01823626991585,-914.807538784642,-916.549989945944,-935.306960746691,-937.474181986021,2.13822996109354,-953.745121647973,2.15318467369043,1879.17032069812,1907.78035384001,NA,2445.40167907869,0.359453258447587,1.05889722954044
"521",-5.86,0.79,-5.86,0.83,1.359326,9.604077,-1.1484446,0.2002995,35,35,-5.08365911024951,0.718101248407928,-5.8997325512941,0.838740621040903,1.4471278894506,6.01691569171839,-0.804021917322022,0.176375813643987,1.4471278894506,7.60640942229683,-5.49169583077181,0.778420934724415,1.4471278894506,6.18340965701299,-0.828634564309536,0.180014278201307,1.4471278894506,7.63448878720159,2.57981414812101,0.070678734736746,-0.413795690728519,-6.76313892534784,-6.86047420207306,2.12603233477075,8.56062435066141,-3.67649834671563,0.524449955057895,-3.89113821259724,0.560263100680541,2.48615865,0.08588416,-0.801,0.03065757,58.4243242082376,-67.2934052876379,1233.23509574732,0.931574666105479,0.922909851748392,8.09533147012782,0.175844832518948,-1.14286217294825,-915.685170728788,-916.321958162862,-936.502688209096,-936.730699216102,0.221857538938072,-959.090822252833,0.0554665785488066,1880.92558458641,1910.17180876482,NA,2399.17678620701,0.405274616204279,1.13314810028861
"522",-5.86,0.79,-5.86,0.83,1.359326,9.604077,-1.1484446,0.2002995,35,35,-4.73682482277253,0.616046356267265,-5.53863025938887,0.776063281381589,1.42712563416992,11.040860208526,-1.17162551165429,0.165113908281917,1.42712563416992,8.24135384445115,-5.1377275410807,0.696054818824427,1.42712563416992,11.2015831980729,-1.20370112178112,0.171515262362678,1.42712563416992,8.29530690780519,3.37302190882324,0.0861137251925974,-0.520912815027547,-7.02432127651957,-6.87278728085456,2.20910922874694,8.96529378802069,-3.20166992667912,0.414102695973175,-3.70018127310144,0.520901546449096,4.87362706,0.08844487,-0.849,0.0309135,48.8025088164667,-48.049774504096,1252.38367733564,0.470811305889945,0.434824095954078,8.53365351225333,0.164731914686753,-1.15213286254776,-915.649180257847,-916.763331883533,-938.075350880953,-938.48283798452,0.396999007918912,-969.93307224169,0.124125158060047,1880.85360364453,1913.31713410853,NA,2456.71758016719,0.506275178005135,1.06663092698073
"523",-5.86,0.79,-5.86,0.83,1.359326,9.604077,-1.1484446,0.2002995,35,35,-6.99108503337977,0.959821494763932,-5.73226238477734,0.805459280681916,1.36958170557935,6.44196498068272,-0.706295306841497,0.140771640150041,1.36958170557935,8.63845189797851,-6.36167370907855,0.882640387722924,1.36958170557935,6.83812359584134,-0.754873969635213,0.146728563434116,1.36958170557935,8.75061241924253,2.86692205397055,0.0704917444334319,-0.432438410736255,-7.23045817059197,-6.89128564920892,1.84518151319712,11.2095857912307,-5.62545748963484,0.78122439987944,-4.27437277862609,0.591548681505274,5.44278881,0.10334144,-0.836,0.02422102,99.1325021748758,-148.709761220914,1316.36381413224,0.208684304052788,0.197882829000386,6.31669085489372,0.138188496291021,-0.896504247223227,-905.835634944543,-907.285238353565,-930.936931928389,-931.746803300972,0.791300877639223,-932.939154182375,0.607642659226974,1861.22651301792,1899.0402962034,NA,2484.01786704356,0.42659099469513,0.881715127826411
"524",-5.86,0.79,-5.86,0.83,1.359326,9.604077,-1.1484446,0.2002995,35,35,-5.98020785625274,0.863674872797097,-5.83475396529603,0.856660653247337,1.37593339688025,8.8856491759415,-0.918526378296817,0.148986448620285,1.37593339688025,9.17675175868029,-5.90748091077439,0.860167763022217,1.37593339688025,8.89093838454011,-0.9187814396782,0.148998748439258,1.37593339688025,9.18366522288731,2.8798179186184,0.0737119631409026,-0.446554311259992,-6.79239768729996,-6.68873270135244,1.87538688624727,11.7868377300502,-4.3672836140965,0.632180555919392,-4.44745674827081,0.657745238015486,5.85519999,0.10115297,-0.843,0.02525095,86.3187165695568,-123.082190010276,1282.47953842073,0.939710591021645,0.919141451528765,5.84890598047874,0.130673955664526,-0.838641579882608,-911.024617474624,-911.053484078417,-935.874714889936,-935.922252473624,0.0461950509578261,-938.534122633454,0.0533282238119252,1871.60447807808,1908.9158621265,NA,2441.87688683119,0.428389380724232,0.827209545900118
"525",-5.86,0.79,-5.86,0.83,1.359326,9.604077,-1.1484446,0.2002995,35,35,-5.07255537334821,0.725959622628142,-5.57708687823959,0.831312662081058,1.48183910436014,8.09033524524376,-1.03108800105926,0.179447200749218,1.48183910436014,6.21098130758095,-5.3248211257939,0.7786361423546,1.48183910436014,8.15397325510076,-1.04437648294428,0.18222201647971,1.48183910436014,6.23658051954597,2.37038381638877,0.0640276518021132,-0.378015070145787,-6.70521702835253,-6.58208238636976,2.16700306346748,6.70592189911891,-3.77134254723099,0.545388747318638,-3.59081349910545,0.535838329839648,3.62448012,0.08882993,-0.855,0.03149097,50.3618594448131,-51.1684757607889,1188.80344956234,0.88685979235723,0.864849871040635,7.84143338031808,0.174338357801576,-1.13494282915947,-916.518099347216,-916.928049772442,-929.926803304118,-930.17486546634,0.241402153101089,-956.219058537767,0.10804964319209,1882.59144182327,1897.02003895486,NA,2326.43842336389,0.366181561607535,1.05521045108889
"526",-5.86,0.79,-5.86,0.83,1.359326,9.604077,-1.1484446,0.2002995,35,35,-5.01935197103916,0.614142947462007,-6.38466346152825,0.923490981405617,1.49430784657269,10.1769133536453,-1.25605181794718,0.241191676889415,1.49430784657269,10.268467172175,-5.7020077162837,0.768816964433812,1.49430784657269,10.6429322201607,-1.36164092427304,0.26511572841561,1.49430784657269,10.5444153949143,3.0773353901281,0.0818506577066017,-0.484512508989422,-7.31818844190318,-6.84048439608915,2.43827025012299,10.4403266670475,-3.40134271446789,0.415042884775688,-4.49733055291806,0.643055149821087,4.06366315,0.07812852,-0.752,0.02830867,68.2171649193217,-86.879086709806,1356.62459902207,0.0588200395927274,0.0396705118780022,10.9603636645228,0.271200464316613,-1.65691528453817,-942.590283461562,-945.26999806653,-963.227927501331,-964.921472166066,1.66522019894689,-998.945714318334,0.973519231080615,1934.73581005196,1963.62228734929,NA,2626.37011133433,0.478890705460276,1.64399673619221
"527",-5.86,0.79,-5.86,0.83,1.359326,9.604077,-1.1484446,0.2002995,35,35,-5.33902975424484,0.736950440901808,-5.88380280795878,0.81099985457114,1.30904421655025,9.98512910129041,-1.2770759834754,0.233251508140531,1.30904421655025,9.73168597868238,-5.61141628110181,0.773975147736474,1.30904421655025,10.0593235213036,-1.28716101477799,0.234622337056724,1.30904421655025,9.74817016831453,3.75695174474685,0.102517006575507,-0.600750687390501,-6.90621095806665,-7.00981676689163,2.15566015090033,9.5027812269732,-3.91603826813197,0.540363937806509,-4.47303969758155,0.615617256952414,5.8115491,0.11391181,-0.841,0.02285161,105.540588471138,-161.525933813439,1280.49489214727,0.759541179647235,0.82362648036662,7.38148452103848,0.171351580303724,-1.08892630043432,-910.533472279795,-910.736091517386,-927.381758282652,-927.489197875624,0.104450027443296,-965.771052536492,0.0564196723430857,1870.62218768843,1891.92994891193,NA,2399.46385048111,0.590705379866959,1.03021255236912
"528",-5.86,0.79,-5.86,0.83,1.359326,9.604077,-1.1484446,0.2002995,35,35,-6.58043447708389,0.901516265617736,-6.18234173728347,0.78670977539269,1.27360658370668,10.0723567451959,-1.23700040009498,0.201355352770041,1.27360658370668,8.22057286153841,-6.38138810718368,0.844113020505213,1.27360658370668,10.1119762025663,-1.24842630765512,0.204650485319489,1.27360658370668,8.29972699361697,2.67032393032988,0.0733855663277799,-0.425229265760242,-7.16717508191588,-7.45306970242228,1.95203595420371,8.54552873470608,-4.34704140609618,0.591068279319101,-4.43930721275239,0.567204208023422,5.02490857,0.12304167,-0.882,0.02464846,98.9432344428683,-148.331225756899,1300.3941474253,0.677542170295031,0.683040362957185,9.1963244912347,0.17357989745276,-1.22704626587843,-895.19971074314,-895.914441624377,-910.034395877391,-910.632747202782,0.583746917048217,-938.116293214895,0.522000749611092,1839.95466461512,1857.23522410141,NA,2452.45706909369,0.434813320207867,1.14210065323515
"529",-5.86,0.79,-5.86,0.83,1.359326,9.604077,-1.1484446,0.2002995,35,35,-6.6995896125439,0.84236709673497,-6.16176448564963,0.904901963612626,1.31928738609671,14.0438386621768,-1.61986051554524,0.252346017643765,1.31928738609671,11.5145647683227,-6.43067704909676,0.873634530173798,1.31928738609671,14.1161526289565,-1.61145230986679,0.253323670037616,1.31928738609671,12.0708517057693,3.5127112061905,0.0897429830704306,-0.549012380178666,-7.63872565956004,-6.72833397794451,2.11725440732806,11.8538214476556,-4.68978613947287,0.602595187004968,-4.50024411771768,0.659750035989432,8.30968043,0.16046177,-0.895,0.02680043,70.1835395450197,-90.811835961202,1381.76604834221,0.209605550146204,0.189272987288119,9.32866885785165,0.177741494596735,-1.21513391808199,-920.586775408477,-922.610865427315,-940.049875885729,-943.094283894068,3.02267897019618,-968.436760551388,3.62408366099702,1890.72879394579,1917.26618411809,NA,2672.72026072321,0.503453893620411,1.29726484130535
"530",-5.86,0.79,-5.86,0.83,1.359326,9.604077,-1.1484446,0.2002995,35,35,-6.27882340499823,0.863480824337153,-5.6697199377877,0.794175023053924,1.26952824829402,8.14720981810525,-0.80514148252485,0.119958432388471,1.26952824829402,8.59094559615887,-5.97427167139297,0.828827923695538,1.26952824829402,8.23996157654722,-0.815695083489703,0.121159255911349,1.26952824829402,8.62588504142845,1.91087835116351,0.0479579237651634,-0.288875411655517,-7.09216932655592,-6.89597188914162,1.71536946139157,11.2129119272674,-4.63601570990799,0.637375585843944,-3.75912833369164,0.531655928582971,4.41747605,0.08036373,-0.845,0.02764433,75.5792042179243,-101.603165307011,1257.37224230012,0.444537052837202,0.417861345959254,7.43404326918801,0.141439158202559,-0.98964050260642,-885.869179841689,-886.166766182748,-912.005361803979,-912.259905741011,0.247721379973502,-915.076141673062,0.218653645934771,1821.29360281221,1861.17715595459,NA,2413.14131929323,0.297345607005324,0.949676987847781
"531",-5.86,0.79,-5.86,0.83,1.359326,9.604077,-1.1484446,0.2002995,35,35,-5.95299025161291,0.819534363458977,-5.9883371470519,0.819766706874293,1.37592299718742,9.78892220439696,-1.11778288050118,0.189192810021521,1.37592299718742,9.32503851613034,-5.97066369933241,0.819650535166635,1.37592299718742,9.78923455515125,-1.11778493365578,0.189192823517386,1.37592299718742,9.32577213209461,2.60916529288716,0.0750888528612936,-0.425732996509775,-7.02815781506531,-7.0621204685593,2.03292104114533,10.6449632319781,-4.25057759603682,0.600881439487873,-4.28033791603477,0.591453774239767,5.00320198,0.12935835,-0.845,0.02511929,86.9962583059934,-124.437273483149,1299.31396997842,0.961183831497848,0.967288804050512,8.66691003281892,0.158868795574229,-1.13727714455147,-916.333993942784,-916.336981671678,-936.885482382139,-936.890455854454,0.00483154474362825,-955.021517726427,0.00579817818060774,1882.22323101441,1910.93739711091,NA,2474.19066647369,0.439693609099069,1.07407727669078
"532",-5.86,0.79,-5.86,0.83,1.359326,9.604077,-1.1484446,0.2002995,35,35,-6.84888745869786,0.859769620401561,-5.97027965188855,0.83646302915724,1.49096645993186,8.13910818793213,-1.00381199931102,0.197061378621399,1.49096645993186,8.62307841674529,-6.40958355529321,0.8481163247794,1.49096645993186,8.33209610747868,-1.00893133756536,0.197197177920256,1.49096645993186,8.94504247234775,2.34274591453753,0.0707825470174446,-0.390793919091573,-7.68434377295626,-6.94459060573836,2.14365919192668,10.0562391483913,-4.46679405821989,0.555779147308141,-4.20311570226651,0.58448914319221,3.80089852,0.08913414,-0.792,0.02581443,92.3363617861903,-135.117480443543,1366.63300308478,0.372065745839982,0.369734415667962,10.8223300084171,0.218438141778798,-1.47388092441879,-931.181371326333,-932.680603043574,-951.630388762242,-953.934086507676,2.27510936031345,-966.200699218535,2.747625025955,1911.9179857815,1940.42720987111,NA,2598.14852572602,0.415766086817172,1.45554090237466
"533",-5.86,0.79,-5.86,0.83,1.359326,9.604077,-1.1484446,0.2002995,35,35,-4.8851064816075,0.686022774839183,-5.96393612793833,0.824384001542454,1.3055249788229,9.41527135670703,-1.28641040810033,0.233414283836786,1.3055249788229,7.94859506147746,-5.42452130477292,0.755203388190819,1.3055249788229,9.70623970815761,-1.32372745641788,0.238200241100494,1.3055249788229,8.02459774846339,2.69543313345785,0.0735163552601713,-0.42336724371842,-6.7557015412878,-7.01021080262931,2.18893221451761,7.18197013372158,-3.67390891668251,0.514582872550165,-4.30782817803045,0.596286959894761,5.76190524,0.12360325,-0.889,0.02904545,59.1780215415198,-68.8007999542022,1227.34596914437,0.696931493774068,0.652731655975892,6.45840225588982,0.153969496576323,-0.959399181414414,-901.816930602512,-902.667654031668,-914.002923735216,-914.594940952952,0.577541243015004,-960.783928847684,0.430391751770129,1853.18910433386,1865.17227981706,NA,2385.89113833454,0.452278441882502,0.940388931156545
"534",-5.86,0.79,-5.86,0.83,1.359326,9.604077,-1.1484446,0.2002995,35,35,-6.58026453334973,0.905309187906815,-5.24983240597093,0.743017226760239,1.39652532271768,7.55496329841948,-0.8772421338216,0.144815864461898,1.39652532271768,6.54175910810018,-5.91504846966033,0.824163207333527,1.39652532271768,7.99747570980989,-0.93122174360278,0.151400534625099,1.39652532271768,6.66647969849763,3.08651937365616,0.0848221425719559,-0.495965964307106,-7.14440788867719,-6.78086926954925,1.93677416740367,7.8256420575971,-4.66846182649564,0.644363945333686,-3.83728648166401,0.534823097232141,4.50621054,0.08387225,-0.876,0.02925548,68.3641384671713,-87.1730338055052,1233.94762290587,0.499155744388789,0.455352119417845,7.51811785239264,0.160408076772254,-1.06304620961511,-901.335935934311,-902.784092971179,-918.538636959747,-919.686782667602,1.12453872173104,-933.448856931756,0.920074033792996,1852.22711499746,1874.24370626612,NA,2380.72221200624,0.485621562364661,0.999967901281041
"535",-5.86,0.79,-5.86,0.83,1.359326,9.604077,-1.1484446,0.2002995,35,35,-5.98048595031422,0.811323437652381,-5.61297582865643,0.883614975650384,1.32052722789315,9.19682806433923,-1.05614598469157,0.173934145735544,1.32052722789315,8.55527501156725,-5.79673088948533,0.847469206651383,1.32052722789315,9.23059398671946,-1.04950401671045,0.175240662352073,1.32052722789315,8.98624182164867,3.22695521674575,0.0857299617458223,-0.51057169816637,-7.10457208498257,-6.30636768680045,1.90874203842266,9.90931051051389,-3.98581774119127,0.546699778056512,-3.95933495944828,0.616138970588909,4.35019006,0.08838037,-0.818,0.02873081,63.4768575652018,-77.3984720015663,1256.40608546996,0.274869557113246,0.278965423449658,8.12623942587416,0.178639481861151,-1.15654116222301,-902.137649342769,-904.164457942275,-921.39402903786,-924.482076841321,3.06697013430383,-937.29534184674,3.64108361668931,1853.83054181438,1879.95449042235,NA,2435.41369893834,0.491078611135317,1.13581318170899
"536",-5.86,0.79,-5.86,0.83,1.359326,9.604077,-1.1484446,0.2002995,35,35,-5.41597534025826,0.802891117281897,-6.64572717403129,0.873276352556451,1.32479141624491,8.94824171047416,-1.02765422142065,0.172307235692808,1.32479141624491,8.60442723332349,-6.03085125714477,0.838083734919174,1.32479141624491,9.32631410364122,-1.04929331445801,0.173545756028971,1.32479141624491,9.0465237114518,2.44222495663543,0.0684403323793674,-0.394391992542919,-6.59029905766399,-7.40071387324541,1.91672898274721,9.98717901966553,-3.86270293451503,0.578738352251137,-5.00967691979483,0.655884137393617,4.90241177,0.09179294,-0.835,0.02449057,99.5602142601766,-149.565185391516,1287.5576242033,0.0842393488915469,0.0715557269643802,8.35452534539787,0.166941005425465,-1.13258125557756,-902.919489571462,-904.944124364488,-922.54305384098,-925.693229751308,3.13007322377543,-938.567317193619,3.71120371916375,1855.39422227176,1882.25254002859,NA,2425.55006301508,0.397852433153059,1.11664172304323
"537",-5.86,0.79,-5.86,0.83,1.359326,9.604077,-1.1484446,0.2002995,35,35,-5.30088961933172,0.685839988332326,-6.72638127868727,0.916004364831032,1.3277365259799,8.88860947975392,-0.957576879144605,0.166323103838725,1.3277365259799,10.0292967614131,-6.0136354490095,0.800922176581679,1.3277365259799,9.39661609747698,-1.03960122888952,0.179567013890985,1.3277365259799,10.1199071378736,2.76633475085106,0.0747912125811268,-0.44009749184164,-7.17257367372024,-7.22680553748918,1.97726800737151,11.6453102594331,-3.49944470550651,0.44353035242839,-4.67607279035712,0.631918301664636,4.40210773,0.08417506,-0.804,0.02508974,94.8282570813863,-140.101271033935,1330.22458303034,0.175377620530788,0.144649419780736,9.42418470988342,0.199138096175544,-1.32124690470053,-908.435854796956,-910.325456914357,-932.770266377175,-933.342996825132,0.558648999351528,-951.105349754728,0.0139978389467971,1866.42695272275,1902.70696510098,NA,2520.34789502674,0.432465615834094,1.26567682134416
"538",-5.86,0.79,-5.86,0.83,1.359326,9.604077,-1.1484446,0.2002995,35,35,-5.99668072839853,0.874250414334127,-6.14286867025692,0.925054247218332,1.49464171941011,5.48321317818676,-0.756943443938154,0.148722907799988,1.49464171941011,4.96552149288104,-6.06977469932773,0.899652330776229,1.49464171941011,5.48855590677297,-0.758800170880119,0.14936816515892,1.49464171941011,4.98369545484131,3.12624588750563,0.0828577165095818,-0.493434317183113,-6.74586421959903,-6.58937607163167,1.96708861162438,5.96146290204169,-3.84445491746867,0.569819513249453,-4.38568282071074,0.659775894358976,2.29068787,0.06092983,-0.832,0.03072411,68.5758207071548,-87.5963982854722,1185.94840652447,0.599359289443514,0.531944601567599,8.69942248330225,0.204246263919532,-1.29516934835155,-905.612286307353,-905.785310276169,-918.761833434086,-918.974764260221,0.207162008346354,-928.949392588181,0.212806762968243,1860.77981574354,1874.6900992148,NA,2284.30041476348,0.477197844028648,1.205797515113
"539",-5.86,0.79,-5.86,0.83,1.359326,9.604077,-1.1484446,0.2002995,35,35,-5.91958083555751,0.810222111549527,-6.33162347178375,0.906610906094496,1.2141448960733,8.92631571322486,-0.960236906446951,0.145865528544375,1.2141448960733,8.74192891846508,-6.12560215367063,0.858416508822011,1.2141448960733,8.96876049674193,-0.970165979698695,0.148188228472833,1.2141448960733,8.77789902934603,2.44345678971126,0.0613892723295492,-0.371581743422838,-7.05022838615672,-6.88801152699437,1.71265700645894,10.5894222173884,-4.19792369324675,0.582176164076107,-4.62920175988182,0.669680574228019,5.07714176,0.11172008,-0.879,0.02651555,81.5590124787061,-113.562781828575,1245.91946199382,0.662547082210378,0.653910233554284,7.83972933343731,0.141250904311479,-1.01841022111863,-880.133197489539,-880.638410333663,-902.170430742535,-902.428415661095,0.251076307410606,-912.854391961427,0.157763581690404,1809.82163810792,1841.5072938317,NA,2378.27614215907,0.372917908466352,0.971784442723153
"540",-5.86,0.79,-5.86,0.83,1.359326,9.604077,-1.1484446,0.2002995,35,35,-4.74721483969798,0.710574055493279,-5.01749634241297,0.738379623039374,1.38098490681755,7.75431791749314,-0.959650674041482,0.184437689438215,1.38098490681755,8.45135153748154,-4.88235559105547,0.724476839266327,1.38098490681755,7.7725809401706,-0.961529506686532,0.184630976834855,1.38098490681755,8.45953120625957,2.35570899751828,0.0581789316772547,-0.354244243231078,-6.47153972237148,-6.57616284888835,2.1530300712097,8.96001091208416,-3.34605623537695,0.494575379302839,-3.2488339852777,0.46816161890699,4.69620476,0.10089922,-0.857,0.03251041,34.6621892607432,-19.7691353926489,1207.56509231344,0.9451267990713,0.940146776781374,6.39254278619573,0.162111170737875,-0.970213326889103,-912.072156078552,-912.139618743397,-931.596175422197,-931.656730696949,0.0588505754652948,-963.614782546011,0.0607424688834228,1873.69955528594,1900.35878319102,NA,2395.36104923424,0.358720898199936,1.00679924222386
"541",-5.86,0.79,-5.86,0.83,1.359326,9.604077,-1.1484446,0.2002995,35,35,-6.76027966874737,0.848820920734532,-5.53256512581274,0.837710123594234,1.47022815145465,10.6661936542092,-1.07179986021258,0.149594372126554,1.47022815145465,8.53424420208622,-6.14642239728005,0.843265522164383,1.47022815145465,11.0430144039425,-1.07521008202077,0.149625234579827,1.47022815145465,9.33735801127404,2.44787129813746,0.0686986933559336,-0.39748266847869,-7.66096550242895,-6.49944621371732,1.98639153178564,11.03444913665,-4.46468068075509,0.551961326610749,-4.12812859926455,0.627994316368958,5.49514251,0.08493346,-0.855,0.02865645,68.9587800642329,-88.3623169996284,1337.75753315658,0.0192669708677847,0.0186806716853347,9.11440054852604,0.174464957856223,-1.19074636307388,-921.991326604374,-925.378180740502,-947.549489674571,-953.210694502351,5.72795681201678,-950.500271280709,6.71596993261734,1893.53789633758,1932.26541169577,NA,2587.15274931353,0.392087133272989,1.26688877899757
"542",-5.86,0.79,-5.86,0.83,1.359326,9.604077,-1.1484446,0.2002995,35,35,-6.48841158613284,0.875757204461595,-5.23220966088215,0.77907335848537,1.49652018516,6.70419508460392,-0.88550602749725,0.172345864037351,1.49652018516,6.33350995041128,-5.86031062350749,0.827415281473483,1.49652018516,7.09870590385481,-0.915869635861244,0.174682805555539,1.49652018516,6.61789916475647,3.05118161231062,0.0715989433695242,-0.454555086056626,-7.22861801166568,-6.5484334218806,2.10240157852108,7.2709197503597,-4.05254818794044,0.537348672855454,-3.63314048956794,0.546620150919321,3.26765071,0.08018663,-0.84,0.03167496,52.3767245186922,-55.198205908547,1238.21208691083,0.191377488518791,0.179585120540989,9.12455197810929,0.202010903204434,-1.30402016885906,-917.781413666093,-919.985462920177,-933.521600102655,-936.184846910968,2.63700011402968,-951.280654935864,3.166146871706,1885.11807046102,1904.20963255194,NA,2421.22596791311,0.421202419588906,1.27748678975143
"543",-5.86,0.79,-5.86,0.83,1.359326,9.604077,-1.1484446,0.2002995,35,35,-5.60390469034853,0.742683800924805,-7.47791145960817,1.04761600128239,1.2364034737374,7.0553928147832,-0.683312179993399,0.132838403717456,1.2364034737374,11.2264933897685,-6.54090807497835,0.895149901103597,1.2364034737374,7.93336815759094,-0.826173431902236,0.156084315421185,1.2364034737374,11.3959526545114,2.4347149211027,0.0654896620982156,-0.381143160196198,-7.13692801877382,-7.19422764555144,1.73148936453947,14.3830514936044,-4.34910784167408,0.597772443486082,-5.27414393240642,0.743496367588488,4.57301097,0.1070132,-0.774,0.02022972,134.21452126197,-218.873799395102,1357.29352971894,0.39062559890039,0.409763587467357,7.6266893867009,0.153916680576161,-1.04231040567547,-891.574387573511,-895.481366272356,-922.52289583366,-923.486434208698,0.94248036907758,-925.444779468451,0.0146685851307149,1832.70401827586,1882.21222401395,NA,2495.71326004277,0.398825335376876,1.01159353780788
"544",-5.86,0.79,-5.86,0.83,1.359326,9.604077,-1.1484446,0.2002995,35,35,-6.24354262206685,0.849148564498775,-5.58642571882571,0.810947140301008,1.32855771400957,9.66056699465332,-1.24303096361683,0.236230114369338,1.32855771400957,10.1008595187294,-5.91498417044628,0.830047852399892,1.32855771400957,9.76851765078463,-1.24930666400889,0.236594951572022,1.32855771400957,10.2248073109095,3.02114081373446,0.080803593853346,-0.473738509042043,-7.14227643898539,-6.71275373573915,2.11522538999098,10.3310470006169,-4.48915942134378,0.602376774309942,-3.79640222171856,0.540158216893432,5.13699588,0.10570765,-0.836,0.02638161,79.1387142191148,-108.722185309392,1305.48441609784,0.530460776641257,0.475530102003282,8.19850914959423,0.200877630522271,-1.22910074644451,-915.128889170673,-915.695635309071,-933.374471455323,-934.15173241356,0.759261015241612,-963.788544759818,0.915993766077403,1879.81302147018,1903.91537525727,NA,2502.2466468863,0.484570343580657,1.23732529189441
"545",-5.86,0.79,-5.86,0.83,1.359326,9.604077,-1.1484446,0.2002995,35,35,-5.44942099583256,0.781139562321149,-6.1831448045337,0.847382203951002,1.50886636738076,5.10372478907714,-0.628519613620038,0.155507288618467,1.50886636738076,8.18655757761147,-5.81628290018313,0.814260883136075,1.50886636738076,5.23831244594085,-0.640670564448807,0.156604310510992,1.50886636738076,8.25969056220881,3.10731135528063,0.0888447545680702,-0.509487295015086,-6.75333484904862,-7.09240214051509,2.07514464715529,10.2998916218543,-3.83753809222219,0.538568333959309,-4.89499394222792,0.676702354471951,3.87682149,0.0952585,-0.778,0.02515064,92.7940527961724,-136.032862463507,1298.30049774967,0.300698061545908,0.265809964269669,6.2346611752749,0.153905800873412,-0.933885435443819,-924.434448572901,-925.108421222003,-951.304632663173,-951.859687079209,0.541339115398231,-959.005201862044,0.583439868847392,1898.42414027464,1939.77569767297,NA,2460.56813303583,0.505035822504809,0.962174654322383
"546",-5.86,0.79,-5.86,0.83,1.359326,9.604077,-1.1484446,0.2002995,35,35,-5.5570292488402,0.745320577943668,-6.74355826268949,1.00542516298925,1.51980030880308,8.48634896085688,-0.870564342156107,0.152486186018746,1.51980030880308,9.01115410826938,-6.15029375576485,0.875372870466457,1.51980030880308,8.83831173603343,-0.947719751354061,0.169399784809179,1.51980030880308,9.18599358599622,3.5742370887529,0.0927637673402906,-0.555480843784558,-7.07434334210541,-6.71123654546797,2.06779080406295,11.6700550076483,-4.0912597554564,0.55694643461468,-4.92209290304225,0.731702041281773,7.40649488,0.11620171,-0.867,0.02663905,74.0552254203856,-98.5552077119338,1343.95531933205,0.18581499585322,0.153844176130015,6.64762462962858,0.171866793574119,-1.02317965407512,-933.259361049745,-935.888053274268,-959.090715883011,-960.302676042317,1.18758380470881,-962.141122299783,0.598867324447266,1916.07396522833,1955.34786411265,NA,2589.35543095216,0.547236229375852,1.04504329412992
"547",-5.86,0.79,-5.86,0.83,1.359326,9.604077,-1.1484446,0.2002995,35,35,-7.00017705707376,0.878878976478853,-4.90568573205467,0.735472425452064,1.35754678506489,8.36920682326396,-0.899350966717733,0.150591279278543,1.35754678506489,8.71600356780422,-5.95293139456422,0.807175700965459,1.35754678506489,9.46593030090902,-0.974441910986863,0.155732638997893,1.35754678506489,9.74090245956081,2.75867492045869,0.0758756006566094,-0.44088989966902,-7.72178477274815,-6.48167256946027,1.92919000393857,10.5825373824032,-5.06659148763282,0.64053342418356,-3.64033821162919,0.543625974982578,5.93723447,0.10141277,-0.877,0.02863844,67.3156479362319,-85.0760527436265,1313.58226042998,0.0268444007743157,0.0205264006498886,8.28977999931192,0.152735217792788,-1.05062285050453,-906.329208777734,-911.002046791357,-929.335500664949,-936.355432121502,7.17302378010534,-942.001886870602,8.19011896716231,1862.21366068431,1895.83743367653,NA,2542.08846811633,0.444139889524426,1.18087711980011
"548",-5.86,0.79,-5.86,0.83,1.359326,9.604077,-1.1484446,0.2002995,35,35,-5.82386543809615,0.872812698341329,-5.59550769468227,0.768022341900729,1.36058033632635,7.9822372448959,-0.703970527976902,0.13186148020237,1.36058033632635,11.8573242811381,-5.70968656638921,0.820417520121029,1.36058033632635,7.99527405964018,-0.709952950308981,0.134606734903107,1.36058033632635,11.9760881776899,2.84448471780211,0.0664825176351498,-0.419968457978089,-6.58161446914425,-6.97757055282252,1.85501059830963,15.8634451787399,-4.05539020039416,0.586541470367792,-4.26020730190669,0.576872062334186,5.95479061,0.08339884,-0.8,0.02447926,93.9576393709243,-138.360035613011,1342.37599289753,0.761849492693757,0.77369119969824,6.28719736133289,0.160120888530389,-0.946443077518101,-915.25808735292,-915.960482801327,-949.492110526546,-950.135736787029,0.628120189623646,-945.543221100215,0.596414647973088,1880.07141783468,1936.15065339972,NA,2546.39195018205,0.402851249449612,1.03058058908941
"549",-5.86,0.79,-5.86,0.83,1.359326,9.604077,-1.1484446,0.2002995,35,35,-5.76995351805291,0.848665198359619,-6.50297353088171,0.920211513033732,1.31519443236661,10.5480762113464,-0.991268960646993,0.143740271528772,1.31519443236661,11.1869749350605,-6.13646352446731,0.884438355696676,1.31519443236661,10.6824057961483,-1.00438018077206,0.145019990314634,1.31519443236661,11.2582329839363,2.84790308264399,0.0714725112255166,-0.435337845527381,-6.67156710534797,-6.97833268937488,1.78449044259223,14.7948157058702,-3.7439807406651,0.554154354018471,-4.51523129527142,0.641081276828526,6.24401856,0.09797137,-0.834,0.02364465,97.5734883922836,-145.59173365573,1324.81161491556,0.602932948086391,0.549031180106899,8.40971056650975,0.171455503593422,-1.16004208243536,-906.722464370556,-907.079205808823,-937.431829433567,-937.839932123162,0.397600499662547,-933.75630558622,0.397311779645159,1863.00017186995,1912.03009121376,NA,2504.03149617538,0.424855100666207,1.1023166706378
"550",-5.86,0.79,-5.86,0.83,1.359326,9.604077,-1.1484446,0.2002995,35,35,-6.60345469607674,0.79738550196263,-6.46058947930946,0.936893354246396,1.1530690789148,10.7737643610704,-1.39273799452731,0.24771178249912,1.1530690789148,10.9280585943263,-6.5320220876931,0.867139428104513,1.1530690789148,10.7788669786109,-1.38775528963799,0.252577392711328,1.1530690789148,11.6854925758555,2.99993872987016,0.0808731425207392,-0.477866749687208,-7.81057944486762,-6.83656254461452,1.95381387420407,10.2347230316415,-4.91141702876784,0.597372669120831,-4.55400629911664,0.656333327487992,5.4232297,0.14698589,-0.865,0.01987105,140.805159693206,-232.055076257574,1360.02971985965,0.0698843892367868,0.0646621592450514,9.09815847575778,0.180124143674502,-1.21734377559173,-888.093379110434,-890.982532661554,-903.697077751325,-908.006665122692,4.31801288840813,-944.042112487889,5.14321153446433,1825.7420013497,1844.56058784928,NA,2488.00436346173,0.462973710097594,1.25036450567687
"551",-5.86,0.79,-5.86,0.83,1.359326,9.604077,-1.1484446,0.2002995,35,35,-6.71539823394391,0.966914639563565,-6.16508071858112,0.803306436618114,1.32463539291001,6.99745294557747,-0.825754751772215,0.187875053763798,1.32463539291001,11.3720105574607,-6.44023947626251,0.88511053809084,1.32463539291001,7.07316528750624,-0.848263866706693,0.194566964781558,1.32463539291001,11.535906738212,2.73395061558506,0.0725462031692263,-0.430593681947046,-6.91251224993166,-7.33693007085378,1.94029021344991,13.4885013207759,-4.7868033972868,0.684314948824829,-4.31924688343021,0.556145862259792,3.57081996,0.08971289,-0.721,0.01981353,142.578811982986,-235.602380837134,1367.22956131005,0.355945040952997,0.344873149596208,8.85692633657484,0.212357265188127,-1.31110272765146,-912.161807308943,-913.177820795553,-940.239076211345,-941.16030122594,0.90081884745649,-951.242518886565,0.762507335418836,1873.87885774672,1917.64458476932,NA,2498.85674178297,0.422183022891654,1.32625620155333
"552",-5.86,0.79,-5.86,0.83,1.359326,9.604077,-1.1484446,0.2002995,35,35,-5.93358127577987,0.803999386280059,-5.71816283764066,0.810092935166467,1.55452414444417,9.18727952250696,-1.12691462102868,0.186936312302673,1.55452414444417,6.46086234182976,-5.82587205671026,0.807046160723263,1.55452414444417,9.19888079837954,-1.12658645533272,0.18694559513718,1.55452414444417,6.49658136877943,2.84180389247322,0.0708933870546315,-0.433602461785556,-7.10130221328111,-6.84957998770319,2.21880582324905,7.25582556212196,-4.05558318187053,0.546584646049499,-4.07808151929076,0.572127419243339,5.22842404,0.11515097,-0.877,0.03177326,45.0401192098185,-40.5249952907996,1266.12003965869,0.869924756610778,0.866122891602948,8.24100717559561,0.172941877349438,-1.16137227572907,-929.718644577818,-929.931594740971,-944.043374656289,-944.377701388556,0.325551353354972,-964.419486823016,0.411633092643679,1908.99253228447,1925.25318165921,NA,2491.71508402658,0.420229129802582,1.06499441246864
"553",-5.86,0.79,-5.86,0.83,1.359326,9.604077,-1.1484446,0.2002995,35,35,-5.79204954261852,0.859553508762722,-6.36272854094899,0.908920238991592,1.49286171271843,10.1304207294564,-1.03690054868347,0.16641364811324,1.49286171271843,9.62348150521749,-6.07738904178375,0.884236873877157,1.49286171271843,10.2118393592403,-1.04394368772294,0.167022916626612,1.49286171271843,9.6719409412342,3.11984909800219,0.0732388781585448,-0.460397472458201,-6.62879339409794,-6.90535818834436,2.02749500517466,12.4487185484819,-4.17852260076891,0.637529890322423,-4.33336478134634,0.623978312447997,4.51851709,0.09780155,-0.774,0.02674603,73.9532975290424,-98.3513519292474,1331.87879766722,0.790018478016341,0.750114758805007,9.02331946513289,0.180156286348432,-1.23494039313655,-933.290218558693,-933.53572511879,-958.86480456412,-959.183386304857,0.31018472122516,-959.407070839917,0.33381054645391,1916.13568024622,1954.89604147487,NA,2565.40624340519,0.447799131298946,1.15925666956051
"554",-5.86,0.79,-5.86,0.83,1.359326,9.604077,-1.1484446,0.2002995,35,35,-6.10682764402914,0.811904381025029,-5.97477734328543,0.839147070664736,1.27777903066575,10.3586509346458,-1.15855088647869,0.17541423395602,1.27777903066575,8.83577743037804,-6.04080249365728,0.825525725844882,1.27777903066575,10.3630102551275,-1.15765153513869,0.175599774990721,1.27777903066575,8.89640117288241,2.79449985615723,0.0760093100637327,-0.445610067005911,-7.22745266841386,-6.93309747238248,1.88832082404732,9.98298093464456,-4.58445453638568,0.618344533294563,-4.70458640452739,0.667177000183309,8.57947187,0.14362972,-0.91,0.02511772,85.970475637032,-122.385708145227,1288.24609328926,0.716321703971027,0.699966963911053,5.55435026862339,0.114993451218283,-0.7669430834544,-895.505431483814,-895.813396642835,-915.356978438389,-915.78710583719,0.419124417919968,-934.895577725259,0.497157919799963,1840.56610609647,1867.88038922341,NA,2454.10647843328,0.440201463766125,0.752945167983295
"555",-5.86,0.79,-5.86,0.83,1.359326,9.604077,-1.1484446,0.2002995,35,35,-6.15099620088834,0.804481333743665,-5.27222533960773,0.824976430939432,1.27901908948201,7.95114612416956,-0.983969333328184,0.181200666602072,1.27901908948201,8.53386948713522,-5.71161077024804,0.814728882341548,1.27901908948201,8.14420568082853,-0.979466709774496,0.181305678854338,1.27901908948201,9.21991557750507,2.24447434243316,0.0570941250951865,-0.340404358128143,-7.31584582011488,-6.31497047325436,1.91797807063286,9.36892725156367,-4.60800646767308,0.606491016281606,-3.80255953464364,0.602111015263007,1.45568522,0.03600613,-0.457,0.02638605,96.2817973063692,-143.008351483901,1247.91482359081,0.0392107180970202,0.0309560364471372,10.6662101070531,0.227281477526204,-1.50304274866163,-895.199383389538,-898.161722352111,-913.412322706151,-918.276458677794,4.89320041648355,-936.699884226631,5.99417586423542,1839.95400990791,1863.99107775893,NA,2352.82129569772,0.357215972523555,1.43351565329685
"556",-5.86,0.79,-5.86,0.83,1.359326,9.604077,-1.1484446,0.2002995,35,35,-5.13792538189475,0.649902009409725,-6.13710033929259,0.8552479731188,1.28117831638251,5.3791529880326,-0.66478255012008,0.180564489581035,1.28117831638251,11.8170461532212,-5.63751286059367,0.752574991264263,1.28117831638251,5.62874063690534,-0.716076686255288,0.191106230783937,1.28117831638251,11.9245280935708,3.00597146249274,0.0827023304149198,-0.484292703634426,-7.22371861504004,-6.99949545799585,2.02887001812787,12.9734765768132,-3.89444463939099,0.497627841779521,-4.97329920762414,0.706684016731519,3.3775741,0.07768702,-0.659,0.02191248,122.080814764218,-194.606386399599,1348.3543514146,0.109476308726372,0.0911600726167171,6.20246593777767,0.166093392408043,-0.964225044698407,-901.965527935691,-903.426340502793,-934.540354834617,-935.124917338534,0.570238404106758,-960.912870562623,0.211032426205717,1853.48629900022,1906.24714201586,NA,2502.10231642959,0.469614799432075,1.02982908784393
"557",-5.86,0.79,-5.86,0.83,1.359326,9.604077,-1.1484446,0.2002995,35,35,-5.80625314687572,0.79215183857496,-5.45406621891132,0.851974407997732,1.30625723080028,6.07470730425441,-0.688846621200553,0.134851483693529,1.30625723080028,8.02694118920128,-5.63015968289352,0.822063123286346,1.30625723080028,6.10571621231166,-0.683579439463567,0.135746168646614,1.30625723080028,8.36936690774404,2.21382425701082,0.0622351884465358,-0.355487447593629,-7.04455870781624,-6.33596439150606,1.80232051119802,10.0297817564611,-4.18636102894038,0.565149755060495,-4.26032083928406,0.667458623110359,3.24649572,0.07168214,-0.745,0.02531474,93.702173223265,-137.849103317693,1233.92858443026,0.145799997231657,0.131163837674749,6.0289079365307,0.142044151424192,-0.881765882257416,-891.715000492841,-893.268945309364,-914.750494464603,-917.356731439575,2.57949491116248,-923.624224747574,3.00568418325975,1832.98524411452,1866.66742127583,NA,2330.00806554283,0.371422747594006,0.903607243872326
"558",-5.86,0.79,-5.86,0.83,1.359326,9.604077,-1.1484446,0.2002995,35,35,-6.33295240313057,0.81835390179284,-4.93251290170908,0.664158049490415,1.3257591766979,8.57076993384762,-1.04570040256592,0.201244079796608,1.3257591766979,9.93952787160301,-5.63273265241982,0.741255975641627,1.3257591766979,9.06107763313304,-1.09968589319583,0.207188170013426,1.3257591766979,10.1325788256443,2.68586200146814,0.072191465876861,-0.428402151133676,-7.41515285172196,-6.93337233708645,2.13808214864117,10.2730165148048,-4.71408558654502,0.619396848161493,-3.36621163436039,0.453994753334748,5.0374484,0.12754983,-0.836,0.02567129,83.3758668647367,-117.196490600636,1318.55250941211,0.173349804426412,0.122367984370881,7.50969240775222,0.144823674427697,-0.995044848524946,-910.78182233335,-912.339969848836,-931.833054494621,-933.057578422126,1.20000287296518,-966.242062129469,1.14599017176815,1871.11888779554,1900.83254133587,NA,2519.90852822359,0.408945943923703,1.00795474717663
"559",-5.86,0.79,-5.86,0.83,1.359326,9.604077,-1.1484446,0.2002995,35,35,-6.7396404879539,0.819804421018962,-5.38745365881327,0.726492822115579,1.25457201189309,9.78572031575358,-1.13924739235873,0.19006859112297,1.25457201189309,9.59749860601086,-6.06354707338359,0.773148621567271,1.25457201189309,10.2428226209789,-1.17079107111954,0.192245354745447,1.25457201189309,10.055126765863,3.15068678618661,0.0811024487525483,-0.486429156752734,-7.81319911834665,-7.01693864924737,1.97672544357528,10.1076657278806,-5.13438710793279,0.631246677800353,-3.74771611052671,0.508006722649672,5.43003995,0.11645962,-0.848,0.02212374,120.407101655655,-191.258960182473,1346.66036024862,0.0872845201172989,0.0635908110386851,8.46910818379865,0.151565575532318,-1.08763575484398,-896.753139900171,-898.745521547262,-916.087790329705,-919.04713051586,2.93642075614874,-946.500329453172,3.4362766273268,1843.06152292918,1869.34201300604,NA,2502.06176031476,0.484023367981426,1.08112209570253
"560",-5.86,0.79,-5.86,0.83,1.359326,9.604077,-1.1484446,0.2002995,35,35,-4.90462034996827,0.628036493833629,-6.00293627392058,0.812759037216721,1.39156981738727,8.6693685010506,-1.03865137875174,0.187972275521141,1.39156981738727,8.65909359161165,-5.45377831194442,0.720397765525175,1.39156981738727,8.97094296825242,-1.0893723064794,0.19650288002962,1.39156981738727,8.71359180384557,2.77473429592442,0.0687640948684238,-0.413763883939059,-7.12068266678057,-7.11846947787443,2.2055037337658,9.04261933814272,-3.20528554771826,0.396726190070367,-4.32333382120718,0.589702246303007,4.0090723,0.08290995,-0.797,0.02575886,88.2685894797131,-126.981935830589,1277.3688106529,0.14609677509359,0.110409413585115,8.64959922475595,0.195123462711232,-1.2541214866594,-915.666876299582,-916.778632809118,-934.98882451564,-935.38266613769,0.383667307574753,-969.803413943834,2.63165607562358e-05,1880.888995728,1907.14408137791,NA,2427.75568547522,0.439547521639272,1.2003189261557
"561",-5.86,0.79,-5.86,0.83,1.359326,9.604077,-1.1484446,0.2002995,35,35,-5.68647389039811,0.756605010439041,-7.32278224171638,1.07416642266267,1.21775226555333,11.4796547526633,-1.35510257712959,0.219164514503814,1.21775226555333,10.5446214216832,-6.50462806605725,0.915385716550858,1.21775226555333,12.1490310078118,-1.48500967484907,0.244375827137181,1.21775226555333,10.775622294039,3.42565415623603,0.0895818906311956,-0.538628407167557,-7.13655825492637,-6.88091788752349,1.96310314930561,10.7174941365536,-4.35436257776527,0.598386597639024,-5.55467390024625,0.818338349975483,4.18625816,0.07952358,-0.761,0.02178109,124.47128857735,-199.387334025863,1313.61936870143,0.0878463122926283,0.0705105095543982,11.1056295411292,0.23946163716998,-1.58819697313215,-896.533613158708,-899.709397482842,-914.78191158687,-916.168740143747,1.36063875517772,-946.676767401815,0.338086603816728,1842.62246944625,1866.73025552037,NA,2427.85140337701,0.511500313362814,1.44906687926896
"562",-5.86,0.79,-5.86,0.83,1.359326,9.604077,-1.1484446,0.2002995,35,35,-6.49419568779875,0.850060619554822,-4.52606399371067,0.643932272593415,1.41521394280586,5.77039071026883,-0.56642502879817,0.107675111838182,1.41521394280586,7.70759038735355,-5.51012984075471,0.746996446074119,1.41521394280586,6.73877630158734,-0.667846961974354,0.118297335693443,1.41521394280586,8.11295041170211,2.5191505158865,0.0597739640079841,-0.369853035649468,-7.38749571670568,-6.64742337401986,1.9554302565783,9.90123888069144,-4.27849233178574,0.559199532514901,-3.18498514885274,0.458401898101191,3.62272494,0.06496929,-0.786,0.02803038,73.4968599963738,-97.4384768639103,1264.14463920322,0.170026762974058,0.151032838288145,7.90306465404845,0.15609555163295,-1.0616977322396,-904.888174837601,-908.630234671693,-931.857313941622,-935.042413369813,3.16556939744613,-943.190067806774,3.05757502986266,1859.33159280404,1900.88106022987,NA,2430.85080154254,0.378901239712719,1.0640986209545
"563",-5.86,0.79,-5.86,0.83,1.359326,9.604077,-1.1484446,0.2002995,35,35,-6.07168125225851,0.807512941734824,-6.13960183789637,0.852976579851365,1.40582182279605,7.03010716976116,-0.671401166336092,0.112024182675519,1.40582182279605,8.19300483531236,-6.10564154507744,0.830244760793094,1.40582182279605,7.0312604712495,-0.672173145567617,0.112540918273217,1.40582182279605,8.22190618290989,2.40075849393966,0.0665014661871769,-0.384286251220804,-7.21846933556236,-7.015529329919,1.82469379572457,11.3033948886665,-4.06199661947412,0.54154802727493,-4.36987898382076,0.592756209602211,3.89323723,0.07517387,-0.812,0.02500574,99.1547499293081,-148.754256729779,1290.45383627863,0.866302626722007,0.850629233426607,7.85823123344673,0.155986540089484,-1.0629278858928,-906.589548202852,-906.796995218571,-934.023285295083,-934.243008973456,0.213781203408361,-930.471500872135,0.218306837829521,1862.73433953454,1905.21300293679,NA,2432.15341582747,0.391709629492869,1.0428464735741
"564",-5.86,0.79,-5.86,0.83,1.359326,9.604077,-1.1484446,0.2002995,35,35,-5.57936126401257,0.779110493266839,-5.58281343999804,0.824676598737906,1.47935443490902,8.62909280817265,-1.18713682976205,0.241950609738857,1.47935443490902,8.72133980624982,-5.58108735200531,0.801893546002373,1.47935443490902,8.62909578755241,-1.18717615531581,0.242469677230807,1.47935443490902,8.76694697613295,3.42273613201668,0.0911424893810804,-0.539071067966696,-6.89536378559239,-6.62734489631384,2.31413614009757,8.93094763097237,-3.95605371693834,0.553464773503451,-4.11010417807552,0.621800900993452,3.98616904,0.12378203,-0.823,0.03028761,48.8871599909236,-48.2190768530098,1282.24745083708,0.656056181127633,0.629637771296184,7.778724766523,0.176381600450573,-1.12374427668032,-932.747681886571,-932.956132736241,-950.425943705749,-950.753577197149,0.319018531793212,-981.19177069867,0.371961654648292,1915.05060690198,1938.01831975813,NA,2516.27582482115,0.533635934029626,1.10942108038501
"565",-5.86,0.79,-5.86,0.83,1.359326,9.604077,-1.1484446,0.2002995,35,35,-5.4787843174047,0.749027688486686,-5.59751394974663,0.734182640374366,1.30322316335935,13.3225235680894,-1.52849289595851,0.237728516472174,1.30322316335935,11.1499962246651,-5.53814913357567,0.741605164430526,1.30322316335935,13.3260477494884,-1.52805225918239,0.237783610335538,1.30322316335935,11.1791893706667,3.56138779279679,0.0998508877835651,-0.58443832688312,-6.9740124053429,-7.18118499288772,2.20567159409426,10.8505676170552,-3.7135489656932,0.507925871045399,-3.89140069993502,0.511268687715783,6.76111506,0.13396103,-0.869,0.02505752,83.1554387478475,-116.755634366858,1305.09236694012,0.891553057520026,0.88397758328585,9.38754294547618,0.180386753798029,-1.25909038068619,-915.320663336983,-915.433679841199,-934.97883673376,-935.146826015018,0.163385559254837,-975.615882986056,0.195403140463963,1880.1965698028,1907.12410581415,NA,2493.42909951338,0.545548657800544,1.19182684675981
"566",-5.86,0.79,-5.86,0.83,1.359326,9.604077,-1.1484446,0.2002995,35,35,-6.43224457121733,0.85461981328544,-5.86807162573785,0.845229352163261,1.44238218444707,8.26685876494853,-0.854769981397408,0.171064829671831,1.44238218444707,11.1335524184579,-6.15015809847759,0.84992458272435,1.44238218444707,8.34643154305128,-0.856094442425084,0.171086874861853,1.44238218444707,11.2903789731288,3.33925525044098,0.0817756930875807,-0.505834638532572,-7.29838210365895,-6.79015509557755,2.01608677572042,14.1375710889292,-4.30868014527746,0.576948687880332,-3.47454655920388,0.503245586341185,5.04222038,0.14655626,-0.857,0.02760464,67.5394201562598,-85.5235971836822,1367.33884479041,0.318248309270244,0.252092456971351,10.4231222087967,0.186206983074774,-1.31882534161939,-930.668884214383,-931.212037709143,-959.740629398339,-960.639584568595,0.878902183782077,-962.164980682891,1.00715665271046,1910.8930115576,1956.64769114331,NA,2649.15409239714,0.483467481035565,1.40036896185359
"567",-5.86,0.79,-5.86,0.83,1.359326,9.604077,-1.1484446,0.2002995,35,35,-6.79814276113251,0.924504067428128,-5.24360188842296,0.757921155338223,1.23571635387884,12.2477256856083,-1.64778137504904,0.259437508979931,1.23571635387884,7.0276922440618,-6.02087232477774,0.841212611383175,1.23571635387884,12.8518750168394,-1.71252136143373,0.266374975630019,1.23571635387884,7.30131209658639,3.48528206565877,0.0931391017450157,-0.55268732564829,-7.24792799132737,-6.68584500222046,2.09975249292962,5.6634454518279,-5.01388694321093,0.683054675106513,-3.80748368432233,0.547820705908878,8.29316,0.1802611,-0.935,0.0256724,81.6959499479625,-113.836656767088,1224.70979468134,0.254722773771185,0.209272833896695,7.47944519104799,0.148041869607826,-1.02915080541211,-885.920532027701,-887.76771932927,-892.937135070764,-895.283289465548,2.31774579866776,-943.407937208463,2.68708183446068,1821.39630718424,1823.04070248816,NA,2335.58293259559,0.534344476378875,0.919510225794779
"568",-5.86,0.79,-5.86,0.83,1.359326,9.604077,-1.1484446,0.2002995,35,35,-6.47257766860184,0.875442784334989,-5.81699304172415,0.76838857995223,1.3752373098374,11.8938878153077,-1.29353796190784,0.203738630020528,1.3752373098374,10.7650842931734,-6.14478535516299,0.82191568214361,1.3752373098374,12.0013356160573,-1.31108373456683,0.206603780689534,1.3752373098374,10.7838060082163,2.68029785939733,0.0651355527715956,-0.403395918827915,-7.21465732788657,-7.1968739483249,2.08142174209575,12.1458283180043,-4.6862084557841,0.63883302590374,-3.92076945304266,0.513716176341266,6.6192913,0.1350775,-0.847,0.0240833,93.782005531472,-138.008767934107,1373.39869926431,0.571239964872855,0.585881901216589,8.82524793271115,0.167450130142675,-1.17815089576697,-922.97011316186,-923.325415530677,-945.902859126749,-946.014161214647,0.108208032444989,-965.041079290809,0.0013753952318574,1895.49546945256,1928.97215060013,NA,2608.78863059452,0.390023803497277,1.10755848246727
"569",-5.86,0.79,-5.86,0.83,1.359326,9.604077,-1.1484446,0.2002995,35,35,-5.97927349325791,0.777674764539335,-5.40454685932218,0.716482792306572,1.32385769728866,9.98981950464503,-1.02507375638622,0.173028235066459,1.32385769728866,11.5179977473897,-5.69191017629004,0.747078778422954,1.32385769728866,10.0723971805838,-1.03386592044253,0.173964349432893,1.32385769728866,11.5534760881456,2.71773060377473,0.0711813771442349,-0.421169765619911,-7.30382971507294,-7.09366901706479,2.02890333680796,13.1672245703334,-4.56098603355527,0.599736162368804,-4.2481847546002,0.58281932255833,7.01040228,0.13552812,-0.829,0.02270798,104.03523472946,-158.515226330083,1359.54104566629,0.851940364488872,0.842764133239807,5.92226111489029,0.112207060082564,-0.775314001868336,-913.777385376858,-914.004437127925,-940.916344494556,-941.114456941148,0.192724684896724,-961.398849779158,0.182853733119545,1877.11001388255,1918.99912133574,NA,2560.5668650025,0.430928438400067,0.798755504190419
"570",-5.86,0.79,-5.86,0.83,1.359326,9.604077,-1.1484446,0.2002995,35,35,-6.50957971509508,0.897850734255486,-6.24566953169888,0.886264073051951,1.30619954357485,13.6584595164701,-1.84538402645973,0.311345004759354,1.30619954357485,9.40968169624536,-6.37762462339698,0.892057403653718,1.30619954357485,13.6758716626952,-1.84614848593053,0.311378567438816,1.30619954357485,9.43535101094908,3.36354779011026,0.0950607404841671,-0.538843965783169,-7.1181586072545,-6.9232787530308,2.26340405599841,7.99201781200703,-4.43224256269067,0.619448549584204,-4.06802540791765,0.57385793911495,5.56680112,0.15317568,-0.885,0.02452898,91.6478627971554,-133.740482465473,1295.11120907657,0.870817258220701,0.846038306247394,12.3039922063167,0.249631302100485,-1.71824630647875,-914.791740508847,-914.909235094171,-924.716265869245,-924.88866693599,0.16768172656832,-972.284811248787,0.222055536176928,1879.13872414653,1886.59896408512,NA,2456.48193568766,0.577119500942896,1.51354260293042
"571",-5.86,0.79,-5.86,0.83,1.359326,9.604077,-1.1484446,0.2002995,35,35,-5.65609238723265,0.81235233419123,-5.04209650401774,0.758771485071223,1.26661914984535,11.5931655203378,-1.20580404155945,0.177553742336361,1.26661914984535,10.9939370222953,-5.34909444562519,0.785561909631227,1.26661914984535,11.687413256489,-1.21402864675416,0.178271469184466,1.26661914984535,11.0590008602386,3.75484820521424,0.0987603728409317,-0.595241273733566,-6.7740486225699,-6.47927357330569,1.93113309813446,12.4429434381646,-3.65171381146876,0.525881030879779,-3.44701863607481,0.507662742490432,5.65024594,0.09006467,-0.858,0.02897582,58.5199334375681,-67.4846237462987,1258.63012426467,0.948715582299555,0.946452651738483,8.50834950068476,0.182010028132871,-1.19487976833188,-901.821968921166,-902.088959544412,-927.094030147593,-927.472734802046,0.368881458350085,-947.461979752694,0.398310563081061,1853.19918097117,1891.35449264181,NA,2449.77562478304,0.551275596389995,1.17028582767671
"572",-5.86,0.79,-5.86,0.83,1.359326,9.604077,-1.1484446,0.2002995,35,35,-5.02748394790399,0.67167882017228,-6.14619106313044,0.803742677075513,1.32832488470622,8.35722258918721,-0.892873999280816,0.147375392363338,1.32832488470622,8.75723442302116,-5.58683750551722,0.737710748623896,1.32832488470622,8.67009899160178,-0.929809193376289,0.151735607938377,1.32832488470622,8.85898012478336,4.17277737651832,0.0981493523685768,-0.624152174475089,-6.98353657770723,-7.31544140764378,1.98180414191501,10.0873766617258,-4.16474684545909,0.555756979758881,-4.44664195985204,0.585671487223903,6.03637022,0.09247716,-0.848,0.02498925,93.2016542431081,-136.848065357379,1292.66128429559,0.934312166443816,0.991171562890757,6.21619315090913,0.131840823411702,-0.874371905645939,-901.165249756113,-902.130024628691,-924.300583900414,-925.026744697308,0.709084912780729,-947.064999183564,0.596601818410568,1851.88574264106,1885.76760014746,NA,2448.4745032338,0.570187977649892,0.831683212163787
"573",-5.86,0.79,-5.86,0.83,1.359326,9.604077,-1.1484446,0.2002995,35,35,-6.12414190726406,0.776929552725239,-6.86591772937291,0.92979936166662,1.24802880376414,9.42630823225777,-1.0970146957684,0.19534267587786,1.24802880376414,10.6136834043834,-6.49502981831848,0.85336445719593,1.24802880376414,9.56386607482409,-1.12536347781918,0.201184970499304,1.24802880376414,10.6753178586972,2.45015403229497,0.0657459129191637,-0.384893828862825,-7.45313790822916,-7.28415496675713,1.90789582227383,11.719432450672,-4.38922231179504,0.573877899766717,-5.70076582322055,0.784618743808945,6.01213352,0.10227866,-0.835,0.02144665,125.746545634152,-201.937848139467,1364.89527512296,0.15600505477858,0.0958053289203433,7.61501190407191,0.167952388990229,-1.08226904257105,-899.824682341152,-900.628651924516,-921.216272399894,-921.586783941026,0.360879726733281,-942.559702016598,0.140026522123582,1849.20460781114,1879.59897714642,NA,2527.85270210644,0.393763266204289,1.07885990796633
"574",-5.86,0.79,-5.86,0.83,1.359326,9.604077,-1.1484446,0.2002995,35,35,-5.67987419283657,0.844440614468703,-5.60108900550239,0.820546571782989,1.48078346107581,6.18400714630383,-0.670808041937043,0.121674891874581,1.48078346107581,6.66269104251689,-5.64048159916948,0.832493593125846,1.48078346107581,6.18555892273965,-0.671278666094334,0.121817623193548,1.48078346107581,6.66593578043452,1.86087395773734,0.0474996703108294,-0.282553158907261,-6.60665675775893,-6.67022609368928,1.92489678188189,8.89637646988697,-4.02291122238281,0.594764719255258,-3.84443800451276,0.563696848678485,3.43959915,0.06908944,-0.779,0.03134962,49.1837104928269,-48.8121778568164,1222.51840233723,0.948263579830877,0.92002469655022,7.28139807740512,0.166558472856623,-1.07162743111085,-912.200694767436,-912.235649165305,-934.005279345939,-934.034914310669,0.028794346160459,-935.949509857875,0.0252440281760454,1873.95663266371,1905.17699103851,NA,2396.22462681764,0.297518496111285,0.986646915933599
"575",-5.86,0.79,-5.86,0.83,1.359326,9.604077,-1.1484446,0.2002995,35,35,-5.66920688453441,0.779742884871664,-6.6014354677984,0.883533734374157,1.31492845282222,10.566752544669,-1.20985518312658,0.197389148062184,1.31492845282222,9.73759835854132,-6.1353211761664,0.83163830962291,1.31492845282222,10.7840150775326,-1.23404438227345,0.200082283172296,1.31492845282222,9.82136015515671,4.04307608182948,0.104444834054947,-0.632285734954939,-6.98144178057654,-7.29531134044339,1.99180719687599,10.7551498492032,-4.5069916255207,0.639775057229897,-4.48161869774243,0.602192775792088,5.1500584,0.09673671,-0.823,0.02588463,85.5997885506843,-121.644333972531,1323.87404131475,0.764156046011123,0.751033775172176,8.07709657304932,0.160777591319265,-1.10141659932734,-908.592912155621,-909.17263829486,-928.519135232989,-929.063072015663,0.530454015847579,-950.345460918132,0.500691122541711,1866.74106744008,1894.20470281261,NA,2526.10374865697,0.596315897700005,1.04524067370153
"576",-5.86,0.79,-5.86,0.83,1.359326,9.604077,-1.1484446,0.2002995,35,35,-5.52850645767104,0.644013507522739,-5.93774752411277,0.843300944032192,1.40602726602656,8.83353787278485,-1.07604909767325,0.185686406000639,1.40602726602656,7.65304315093236,-5.73312699089191,0.743657225777465,1.40602726602656,8.87540743540043,-1.09643824843464,0.195615276588267,1.40602726602656,8.09255925190261,3.00355122860605,0.0757945300553309,-0.455713356170268,-7.64938186129246,-6.87131995058356,2.18039233979612,8.00087595863024,-3.68199613959195,0.43045494593223,-3.7978479630614,0.539340741007434,4.18680042,0.09983256,-0.852,0.02729701,79.3291370750333,-109.103031021229,1290.11390966412,0.0960184352130756,0.0842825844042709,9.19794206320209,0.188443919127946,-1.25169761386163,-913.279819759747,-916.245724748495,-929.821861586873,-933.290035806658,3.45394034730501,-963.164831899983,3.67075879320438,1876.11488264833,1896.81015552037,NA,2471.12478830701,0.467656650249013,1.28506119520098
"577",-5.86,0.79,-5.86,0.83,1.359326,9.604077,-1.1484446,0.2002995,35,35,-5.4844166452934,0.826012730532289,-6.06068290510908,0.880271719212678,1.19094217926151,6.77447392514429,-0.860185739865916,0.176746009470969,1.19094217926151,9.54363311434589,-5.77254977520124,0.853142224872483,1.19094217926151,6.85749462569479,-0.868002645982974,0.177482018934124,1.19094217926151,9.59615710647906,2.23399151185779,0.0573419043231542,-0.344575535477012,-6.52098777412884,-6.77399301997511,1.78076577221156,10.6693421108723,-3.63260895414063,0.547869396355729,-4.27499224635078,0.617560596571527,3.5641086,0.1020997,-0.804,0.0256746,85.9740648934247,-122.392886658012,1240.27232204635,0.53250765605532,0.512149038051478,7.16948436815371,0.162593767610478,-1.04398627334124,-881.526079192426,-881.901855774928,-902.978895551688,-903.326740726748,0.338747699803435,-922.649311551539,0.366566557953428,1812.60740151369,1843.12422345,NA,2358.15175743469,0.341836909375274,0.991599373932444
"578",-5.86,0.79,-5.86,0.83,1.359326,9.604077,-1.1484446,0.2002995,35,35,-4.71157029545003,0.625715094273472,-4.66675768418723,0.725301199892168,1.31256024999376,7.18714987774421,-0.949182706583153,0.183974057107377,1.31256024999376,7.66512597650624,-4.68916398981863,0.67550814708282,1.31256024999376,7.18765192027625,-0.948067028223584,0.186453405215451,1.31256024999376,7.95337095356136,2.00143947206449,0.05515953999492,-0.315105470045601,-6.94146291013362,-6.30334205147255,2.17707037559251,7.34310322716191,-3.17729865959369,0.420390485042567,-3.29774949756299,0.510093639139393,3.43378648,0.08187866,-0.83,0.02936616,61.3911320751371,-73.2270210214368,1173.29425716588,0.212034973436603,0.189668933104645,6.32765669112498,0.157359344036131,-0.945984344527624,-896.49438137702,-897.976920923669,-913.066340283748,-915.356995267301,2.26201655843107,-960.135241163134,2.66779686576095,1842.54400588288,1863.29911291412,NA,2273.36149331031,0.342084645630486,1.00186796307082
"579",-5.86,0.79,-5.86,0.83,1.359326,9.604077,-1.1484446,0.2002995,35,35,-5.89511178738422,0.802175062590334,-5.76981602768987,0.842434304581727,1.40672200230362,6.71255995047313,-0.811630120856592,0.171296159370385,1.40672200230362,8.84943827385517,-5.83246390753704,0.822304683586031,1.40672200230362,6.71648470732249,-0.810369042779087,0.171701361011816,1.40672200230362,8.93493472081217,2.0030542066425,0.0528061595066044,-0.313899042497413,-7.07370157334894,-6.70855166774639,2.00907331768378,10.5767838726112,-4.13416659733417,0.567349130314372,-3.91125132379616,0.571960298725262,4.2073706,0.1101101,-0.82,0.0270804,74.0809100983756,-98.6065770679139,1285.19942646657,0.721850624569354,0.73543656705351,6.98074279278908,0.15294535386416,-0.97846391673209,-915.517910721624,-915.878214912401,-939.00812435736,-939.613125945565,0.59026294002052,-951.924967899809,0.682190450015778,1880.59106457208,1915.18268106135,NA,2471.79227586522,0.309828268821254,1.02471733082119
"580",-5.86,0.79,-5.86,0.83,1.359326,9.604077,-1.1484446,0.2002995,35,35,-6.38116683846965,0.804612074027359,-5.07997327237664,0.716036611446093,1.31235129634992,14.4316237064181,-1.67375163216443,0.25183843609773,1.31235129634992,10.8455812835786,-5.73057005542314,0.760324342736726,1.31235129634992,14.8548998805286,-1.70256508767055,0.253799839240601,1.31235129634992,11.257764186,2.45298308362203,0.0649786210130207,-0.38658512076765,-7.54523754091757,-6.77175366022786,2.23463174043843,10.322350423721,-4.36132438398495,0.553887047996391,-3.54057817431657,0.503690095476243,6.82195171,0.14141928,-0.883,0.02710354,69.9569474151538,-90.3586517014702,1333.80710637486,0.256229554643917,0.232787294388098,10.0659510648346,0.177029628389705,-1.28567657342679,-916.486779211347,-917.976030065714,-934.912725717089,-937.307050288871,2.36615128406626,-977.215864326352,2.81388886670049,1882.52880155153,1906.99188378081,NA,2577.25556104826,0.376091689810008,1.26222948075694
"581",-5.86,0.79,-5.86,0.83,1.359326,9.604077,-1.1484446,0.2002995,35,35,-6.20494639308032,0.809211923623447,-6.49118184422355,0.9070973002233,1.38977695242985,10.9635029512011,-1.30224787113329,0.245077400409048,1.38977695242985,12.0076945439431,-6.34806411865193,0.858154611923374,1.38977695242985,10.9839856345739,-1.30925243736614,0.247472787147071,1.38977695242985,12.0785303055061,2.70171439068743,0.0698933884299462,-0.414481586629736,-7.34161238193697,-7.04467208907888,2.18270948674733,12.9315490277849,-4.12566255485376,0.543929597599564,-4.42394295897792,0.611125506456197,4.21519565,0.09321955,-0.752,0.02340443,104.625990739897,-159.696738350956,1396.95448629662,0.786835249929218,0.70720121913713,11.5852557433457,0.247374235281795,-1.63216367233463,-932.972670459071,-933.35719610459,-955.507856950777,-955.888020468151,0.370306342143079,-978.714252934114,0.345056237734882,1915.50058404698,1948.18214624818,NA,2634.21223424228,0.430571315352875,1.56659226410792
"582",-5.86,0.79,-5.86,0.83,1.359326,9.604077,-1.1484446,0.2002995,35,35,-6.36674254294811,0.812383195241881,-6.34772028527549,0.899311961427957,1.45765002190333,11.1106881836186,-1.41666299286413,0.246332927407869,1.45765002190333,8.6431670435694,-6.3572314141118,0.855847578334919,1.45765002190333,11.1107786451903,-1.41624959751674,0.248222080005527,1.45765002190333,8.82774002361769,3.72617796481622,0.0999949119906736,-0.597886967590042,-7.4845149161315,-6.94759356406281,2.25475800617625,8.87931562432306,-3.77137823726091,0.468266186049428,-4.65342546152326,0.65665693806921,4.06016708,0.09161016,-0.809,0.02834171,71.213064104792,-92.8708850807466,1345.74623317737,0.148453187364916,0.113231066286491,12.0482043604022,0.261139305114944,-1.72425681742839,-931.508525474439,-932.452323050266,-946.239615708116,-947.566774795028,1.3015394824726,-974.640844641286,1.54007373221102,1912.57229407772,1929.64566376286,NA,2598.62158127399,0.551336956554359,1.58875190691109
"583",-5.86,0.79,-5.86,0.83,1.359326,9.604077,-1.1484446,0.2002995,35,35,-5.42224271739516,0.745919924561337,-5.82330824570154,0.855176388381626,1.43718453803116,8.83237277499449,-1.04277063037784,0.180365163269903,1.43718453803116,7.95707964982073,-5.62277548154835,0.800548156471481,1.43718453803116,8.87258616449341,-1.05372538072358,0.183349406991532,1.43718453803116,8.01354657037222,2.98944596297525,0.0832031636793111,-0.482332015898568,-6.9359860586051,-6.68612984774492,2.09836571400412,9.05640471309317,-4.08283750483722,0.564923035216574,-4.0825072963499,0.588492500077033,5.5858728,0.1062758,-0.869,0.0263214,79.5745657121472,-109.593888295457,1248.04795755278,0.856863369317153,0.851384756546474,6.57045938925365,0.155233271272505,-0.967503984867606,-919.17755355428,-919.735592336841,-937.609052566139,-938.048959044513,0.428683315055499,-957.651129873902,0.352049179057167,1887.9103502374,1912.38453747891,NA,2386.5020268101,0.479541723683711,0.966790084761353
"584",-5.86,0.79,-5.86,0.83,1.359326,9.604077,-1.1484446,0.2002995,35,35,-5.71943455417965,0.749749128851302,-5.87131218672123,0.839163480627024,1.43145613587369,9.0455808790772,-1.1684986952384,0.209846686319761,1.43145613587369,7.58894576897138,-5.79537337045044,0.794456304739163,1.43145613587369,9.05134758289381,-1.17189370525414,0.21184541789563,1.43145613587369,7.69001101280811,2.59361429946293,0.0615386618344634,-0.382029339482061,-7.21036448711246,-6.82953454950937,2.18438756227828,7.89358205448404,-4.06247780542297,0.533574845164678,-4.41569021942463,0.640365391019793,5.04146442,0.10150504,-0.863,0.02924498,62.5735361431157,-75.591829157394,1272.44935086769,0.331843572730088,0.295396151473325,7.6118247346834,0.177144527903605,-1.11647030528975,-919.041928339592,-919.679180095148,-933.692791061631,-934.511665468936,0.800149024776149,-963.193624601749,0.888388060467852,1887.63909980802,1904.55201446989,NA,2469.30687257798,0.385342948345411,1.09388571657791
"585",-5.86,0.79,-5.86,0.83,1.359326,9.604077,-1.1484446,0.2002995,35,35,-6.06243119221581,0.880689109090396,-5.9619001367976,0.770389266234911,1.46818432267889,6.71380374295903,-0.681622341378347,0.14533465183727,1.46818432267889,9.82090585971759,-6.01216566450671,0.825539187662653,1.46818432267889,6.71633036623489,-0.684394481282027,0.148376165670757,1.46818432267889,10.0239612133816,2.72859192751915,0.0664448979545707,-0.405798463348731,-6.7732546061983,-7.32986147224336,1.99804307076421,12.8745990268121,-4.90239485995787,0.707253040511082,-4.27196401871219,0.552751838793156,6.40462169,0.13274363,-0.843,0.02532454,84.5102882681746,-119.465333407512,1348.64097321733,0.278110438590364,0.209561507791463,5.47779626025326,0.129108939588447,-0.772826693198791,-926.394223260069,-927.349765956257,-956.069968890515,-957.371353248234,1.27602663105632,-956.913190927513,1.32989940944769,1902.34368964897,1949.30637012766,NA,2577.81661302715,0.417687277235264,0.929407407768438
"586",-5.86,0.79,-5.86,0.83,1.359326,9.604077,-1.1484446,0.2002995,35,35,-5.87471373543797,0.785409289830707,-5.67790579880335,0.794747316584863,1.30739174807784,9.52700803147012,-1.19383887728547,0.218675444224496,1.30739174807784,9.68855689342532,-5.77630976712066,0.790078303207785,1.30739174807784,9.53669137245071,-1.19337942784104,0.218697243910412,1.30739174807784,9.73135558456246,2.91419584303741,0.0697858002348498,-0.434125579633116,-7.15318965702868,-6.90074817339223,2.08601633435873,9.90738814283888,-4.25713966303503,0.565663068934319,-4.21641586386001,0.594198769233004,6.87534748,0.15302393,-0.885,0.02522754,84.9201886303632,-120.285134131889,1299.39972755594,0.765394568949658,0.764123708093724,6.27622227131874,0.138197767546898,-0.882036716344998,-908.781098626762,-908.952252015076,-926.790401185053,-927.070132707725,0.272282874699009,-959.048060070787,0.333295873328499,1867.11744038236,1890.74723471673,NA,2478.51432097999,0.42462946819811,0.923406436469458
"587",-5.86,0.79,-5.86,0.83,1.359326,9.604077,-1.1484446,0.2002995,35,35,-5.91803095919308,0.742245482963776,-5.55650361263901,0.775811452514728,1.34487625386192,7.01060921356926,-0.709407531576168,0.126713987987157,1.34487625386192,8.78903096152541,-5.73726728591604,0.759028467739252,1.34487625386192,7.04328471914588,-0.706373777599602,0.126995656565131,1.34487625386192,8.99602436957746,2.28845672825737,0.0684864012958588,-0.384095484762885,-7.45366567260673,-6.89216096532774,1.89325560958231,11.0069985919186,-4.31965150551827,0.556185377213263,-3.64506178000953,0.499743087436784,3.7548987,0.09309326,-0.823,0.0271271,79.9298985746934,-110.304554020549,1287.23747444558,0.428708514200086,0.375414007505933,7.77662875718456,0.139675946462935,-0.991429632851552,-901.165589472606,-902.032904438161,-927.562245154843,-929.026993876562,1.43789020617689,-938.655004149096,1.65047918765669,1851.88642207405,1892.29092265631,NA,2464.17039487062,0.386761691929579,1.02834573253829
"588",-5.86,0.79,-5.86,0.83,1.359326,9.604077,-1.1484446,0.2002995,35,35,-5.92426153330489,0.848541362898817,-5.20554617641439,0.706115689703457,1.40637485062696,8.76552717314633,-1.02683935966458,0.175107206068039,1.40637485062696,7.93976687526499,-5.56490385485964,0.777328526301137,1.40637485062696,8.89466511420389,-1.05243023929983,0.180178474164327,1.40637485062696,7.98230758376036,2.04210831063618,0.0554257229209403,-0.319574468399064,-6.82661290023054,-6.95643284877317,2.08720389439792,8.88196738672493,-4.14603704391968,0.59656692361336,-3.74403455529931,0.516523492935237,4.46027786,0.10885852,-0.845,0.02814825,66.9891991966202,-84.4231552644031,1250.69359710991,0.735120763433971,0.712683746430712,7.36307955678852,0.146686040515168,-1.00131657404509,-913.668963994179,-914.402668395428,-932.164311723948,-932.496623164134,0.323584296777273,-955.731991543673,0.0972347571850009,1876.89317111719,1901.49505579452,NA,2416.96403895542,0.342808222520653,0.965152081562126
"589",-5.86,0.79,-5.86,0.83,1.359326,9.604077,-1.1484446,0.2002995,35,35,-6.77926946149809,0.868814874786226,-6.56671331375065,0.990698333891183,1.50028430454032,5.50988244305281,-0.717036827298498,0.152045784216448,1.50028430454032,6.41320825998034,-6.67299138762437,0.929756604338705,1.50028430454032,5.52117747203912,-0.710560057663128,0.155759678617295,1.50028430454032,6.94913224659631,2.8293210842517,0.0707736332532416,-0.427682636360697,-7.56083649077143,-6.62213023343658,1.97645296218346,8.12761364541048,-5.23447623954206,0.677881645737159,-4.92186660019306,0.728285101401209,4.00223461,0.08713125,-0.827,0.02677712,89.2190060694546,-128.882769010072,1318.24568120232,0.0962472890449987,0.0922715333702866,6.69057273442861,0.163322874772011,-0.986546140717277,-915.658054826736,-918.630767066179,-934.893696406553,-939.779658758512,4.91593245621058,-939.594963465477,5.81249584121947,1880.87135278231,1906.95382515973,NA,2507.60859339458,0.436676391376566,1.06271812460129
"590",-5.86,0.79,-5.86,0.83,1.359326,9.604077,-1.1484446,0.2002995,35,35,-6.54538200095877,0.889329043527945,-5.29585757176951,0.79394206666328,1.38768506952505,6.63518526951678,-0.803110546407734,0.134153585824002,1.38768506952505,5.46862819733403,-5.92061978636414,0.841635555095612,1.38768506952505,7.02551309430197,-0.832907635862462,0.136428254662847,1.38768506952505,5.77582335190342,2.54815362100508,0.0645564107676634,-0.390799299073055,-7.20473092131656,-6.52349741701681,1.86626500184279,6.59806633303663,-4.81755172479579,0.661199345010468,-3.6390772057844,0.536377835202326,4.48087939,0.09277865,-0.886,0.02988618,63.889274411677,-78.2233056945166,1207.37573301255,0.154959242992959,0.135043221123183,6.92960056474906,0.144828466046664,-0.969615418152405,-891.90319459633,-894.196045844477,-906.238416123002,-909.486193974316,3.22932001553715,-919.121245289261,3.89459737930897,1833.3616323215,1849.64326459263,NA,2336.52816033059,0.384901979193286,0.912484061674836
"591",-5.86,0.79,-5.86,0.83,1.359326,9.604077,-1.1484446,0.2002995,35,35,-5.41383272354348,0.623536433605234,-5.32772743068032,0.730979927009003,1.36418799438682,9.97008057119108,-1.12519710935528,0.188532120225466,1.36418799438682,9.57890935803714,-5.3707800771119,0.677258180307119,1.36418799438682,9.97193410155586,-1.12288424598884,0.191418146294168,1.36418799438682,9.93599658725743,2.58176187412712,0.075491583896241,-0.422028123954347,-7.65670523471681,-6.9304794112867,2.24005329998742,9.77969829227694,-3.97387880504213,0.475156236319075,-3.87330231060544,0.541929456230928,6.0612082,0.1078257,-0.866,0.0263419,81.8255420797116,-114.095841030586,1322.04035073431,0.190897040188367,0.183801632584778,7.00149005081435,0.143514745386548,-0.930006851998323,-915.358071384577,-917.038598873043,-936.487291832461,-938.811113436888,2.29531521305002,-976.090558232052,2.59911430117126,1880.27138589799,1910.14101601155,NA,2529.98486043803,0.45108419850594,1.06586357626159
"592",-5.86,0.79,-5.86,0.83,1.359326,9.604077,-1.1484446,0.2002995,35,35,-6.65726053905184,0.892348506085828,-5.46176335074735,0.845699445019373,1.17403171764693,11.2467364385539,-1.37701194939722,0.229557113657141,1.17403171764693,10.6430540974572,-6.0595119448996,0.869023975552601,1.17403171764693,11.6040398203648,-1.39095415473272,0.230101147381736,1.17403171764693,11.2746688788055,2.231208312994,0.0567270570659821,-0.340008699403902,-7.29862028283553,-6.38104612899616,1.90670145519149,10.5819126052502,-4.8148165161645,0.654435902684002,-3.99139236669656,0.625745845819292,6.40575602,0.14974009,-0.866,0.02059463,120.780285858444,-192.005328588052,1283.44583349755,0.12734246367948,0.108073005694161,7.87385726640894,0.152224722774001,-1.0488692293658,-889.746749263611,-892.060856832665,-906.418282143019,-910.116235890076,3.68887791572375,-939.127259836854,4.53697434657986,1829.04874165606,1850.00299663267,NA,2374.88633840705,0.34849567861897,1.04167623704716
"593",-5.86,0.79,-5.86,0.83,1.359326,9.604077,-1.1484446,0.2002995,35,35,-6.92001353802929,0.887792351804804,-6.38750042291265,0.856369868267712,1.37328867205479,13.1505445725046,-1.60497524410241,0.263491528690779,1.37328867205479,10.3175470160447,-6.65375698047097,0.872081110036258,1.37328867205479,13.2214371269474,-1.60915846525067,0.263738371808689,1.37328867205479,10.3951170860935,3.22253925445078,0.0746593909964226,-0.474534417410989,-7.58851767002412,-7.24321158063128,2.20328708299161,10.3587347643289,-5.08442759965813,0.655179110389202,-4.55637313119807,0.630408337404067,8.16892028,0.19733282,-0.879,0.02107245,119.755135719911,-189.955028310984,1412.12733018482,0.552837065299961,0.522641141328822,8.70926349193876,0.154599795371112,-1.1240070509933,-926.501700107591,-926.812328314555,-942.840732777063,-943.318873605531,0.466069613480781,-973.867268949986,0.566962570408967,1902.55864334402,1922.84789790075,NA,2634.29963205866,0.45067710909182,1.07070987072764
"594",-5.86,0.79,-5.86,0.83,1.359326,9.604077,-1.1484446,0.2002995,35,35,-6.35941721934805,0.873388379548565,-5.80482373047902,0.786607665115254,1.42873871412745,7.68859551413847,-0.85296166594692,0.135613835257919,1.42873871412745,6.57297155233865,-6.08212047491353,0.82999802233191,1.42873871412745,7.76548899861245,-0.864993670742948,0.137496558357308,1.42873871412745,6.58555060003482,3.24212949682301,0.0922280829114398,-0.532543602735687,-7.11373649073235,-7.07616004222774,1.92180776518413,8.26198113327148,-4.92450537931853,0.6786341406006,-4.01235427461383,0.547509932815945,4.64303156,0.09510381,-0.84,0.02674087,82.079943293673,-114.604643458509,1261.25914298389,0.441922763482661,0.371588988005397,7.2704452939731,0.144934225680596,-1.00397910620307,-905.45073552266,-905.755821915357,-924.414917685119,-924.531094385195,0.112951070452034,-933.237250677868,0.00943983899897763,1860.45671417416,1885.99626771687,NA,2407.91364250928,0.515849855015993,0.896539351913508
"595",-5.86,0.79,-5.86,0.83,1.359326,9.604077,-1.1484446,0.2002995,35,35,-6.23815785146671,0.889910903768171,-6.11338489481147,0.881754601623644,1.34363781585686,9.68331404812878,-1.23474789057963,0.213368543626229,1.34363781585686,8.03882799703729,-6.17577137313909,0.885832752695908,1.34363781585686,9.6872061208069,-1.23500231206311,0.213385174942397,1.34363781585686,8.04271728189556,3.44663862242086,0.0823784536870772,-0.515200180635735,-6.8940401990811,-6.81786037999817,2.01456464727969,8.50709446730754,-4.16255963189618,0.601912962894184,-4.02837358827826,0.581149233891537,3.96944026,0.1034551,-0.853,0.02707773,78.6391983642877,-107.723153599738,1251.49784919789,0.978604694932753,0.974765778261896,9.87991639696413,0.207692975818387,-1.39411151150884,-907.525652855043,-907.546756929438,-921.755224912068,-921.785338482571,0.0292594759463429,-945.699985426019,0.0360576830995759,1864.60654883892,1880.67688217076,NA,2395.27254479605,0.493035106455171,1.27573462083413
"596",-5.86,0.79,-5.86,0.83,1.359326,9.604077,-1.1484446,0.2002995,35,35,-4.98637095967057,0.764942613494188,-5.92005057009996,0.864181675470856,1.32958248007241,10.2579600629502,-1.20386764936764,0.205101060545163,1.32958248007241,9.77735068002003,-5.45321076488526,0.814562144482522,1.32958248007241,10.4758994666831,-1.22703202154908,0.207563158400666,1.32958248007241,9.87098419817639,3.21970086010675,0.0867642805161847,-0.513363934921443,-6.38678204271624,-6.72922100196216,2.04653090649806,10.5720863121917,-3.63128126563336,0.56795635833385,-3.9650080925978,0.578254220647233,6.36449381,0.13754374,-0.859,0.02327782,93.3715900309425,-137.187936933048,1256.18943673428,0.70403936522616,0.720885372252575,6.70463225793433,0.143591652468952,-0.944637251563463,-912.047919959863,-912.665178252032,-931.493072570026,-932.098605252322,0.590783340328401,-956.436535018576,0.589227932314017,1873.65108304856,1900.15257748668,NA,2375.19093653551,0.494496746165932,0.913199360286674
"597",-5.86,0.79,-5.86,0.83,1.359326,9.604077,-1.1484446,0.2002995,35,35,-5.26767722468569,0.771505623861055,-4.49754981449671,0.566854451661033,1.43393210956444,9.98530668566913,-1.11133253346421,0.180783812855797,1.43393210956444,8.83408144322313,-4.8826135195912,0.669180037761044,1.43393210956444,10.1335807426502,-1.15073440277385,0.191254338426508,1.43393210956444,9.02208406955554,2.92138268633463,0.0846604935959653,-0.478105844309144,-6.62898759027454,-7.07811890650772,2.32495645128568,9.13123559662721,-3.86151066720823,0.557941304552783,-3.39487708337518,0.434555351264484,7.0773007,0.1455783,-0.877,0.0285939,55.647381199511,-61.7395192701845,1270.22364579166,0.376394483925074,0.36560706128411,5.43853747635048,0.119383742391953,-0.762760597526375,-922.659321976903,-924.596326374219,-943.592662249083,-944.918253246411,1.29998705668779,-983.033516756448,1.01909905707379,1894.87388708264,1924.35175684479,NA,2478.70777231313,0.496193292474678,0.800193389654957
"598",-5.86,0.79,-5.86,0.83,1.359326,9.604077,-1.1484446,0.2002995,35,35,-5.27803791949835,0.758806793830902,-5.00134409682896,0.797987295002107,1.4014301208453,9.6976954041473,-0.945286208974901,0.156875465344722,1.4014301208453,10.9908853300385,-5.13969100816365,0.778397044416504,1.4014301208453,9.71683527202315,-0.942575958314109,0.157259243262728,1.4014301208453,11.1557934746203,3.22064581822452,0.0889603531045706,-0.520632871073423,-6.71500462833298,-6.2048835184165,2.01293811408592,13.6145680086891,-3.48474033347501,0.49702424444667,-3.7644465994087,0.603415852603107,5.40628538,0.10396873,-0.813,0.02468089,84.9638530977758,-120.372463066714,1280.90193993022,0.338373406922769,0.317641796698188,6.62941893324857,0.143894580002794,-0.918418575609458,-922.842837193524,-923.4403277647,-951.855999023991,-952.812134622402,0.935189814839717,-960.551414421278,1.05263340374415,1895.24091751589,1940.87843039461,NA,2441.43141679372,0.502077492607015,0.992677168819807
"599",-5.86,0.79,-5.86,0.83,1.359326,9.604077,-1.1484446,0.2002995,35,35,-5.60568385272399,0.757859272338174,-6.0371789077923,0.859274710611214,1.448442859189,7.40985820193171,-0.972676610538799,0.20164209530591,1.448442859189,8.43154520419446,-5.82143138025815,0.808566991474694,1.448442859189,7.45640519756881,-0.983616675569399,0.204213368085938,1.448442859189,8.46534587668431,2.28811252746999,0.0603990590094034,-0.353232881564772,-7.04829564942233,-6.87558376651387,2.16216023148124,9.30849824696659,-3.80571611913574,0.523419990434257,-4.74239531901888,0.685374304611324,4.35851389,0.15128987,-0.841,0.02464097,92.128656846898,-134.702070564959,1294.15308316019,0.382072082643427,0.293400749199335,7.18339341774689,0.147183247802318,-0.992375516213928,-923.230870005729,-923.571141908976,-943.133904178694,-943.38432098932,0.243697684689857,-965.855201362174,0.159260517517912,1896.01698314029,1923.43424070402,NA,2453.60409575541,0.375431008642184,0.947493692936247
"600",-5.86,0.79,-5.86,0.83,1.359326,9.604077,-1.1484446,0.2002995,35,35,-6.36520658416549,0.866240923201554,-5.83969248297288,0.846992655080842,1.35837002660737,7.81218342637194,-0.836417636100998,0.139630147503206,1.35837002660737,8.13344466342931,-6.10244953356919,0.856616789141198,1.35837002660737,7.88122469401001,-0.838946445181241,0.139722771459618,1.35837002660737,8.24277621249879,3.7454505771781,0.098457279103211,-0.588274181666989,-7.16210855091933,-6.75127065031919,1.83331696493526,10.4395432354112,-5.12366362756256,0.705849421896272,-4.81057857672575,0.706076663022801,6.14316357,0.10691021,-0.854,0.02463404,94.7819845068605,-140.008725884884,1281.99525317016,0.630055380443469,0.623350256771906,4.94527229400418,0.111342332264863,-0.708790650641015,-902.490437842742,-902.99380076329,-925.155825678481,-925.98878244268,0.813991392151641,-929.078627758355,0.957726981318621,1854.53611881432,1887.47808370359,NA,2423.98178045544,0.5698106124112,0.714097225912615
"601",-5.86,0.79,-5.86,0.83,1.359326,9.604077,-1.1484446,0.2002995,35,35,-6.95125025119296,0.926463011278589,-5.84096147301462,0.823072853840712,1.30078886497369,9.62403774715876,-1.09418192139448,0.197996556413032,1.30078886497369,11.0776330192548,-6.39610586210379,0.874767932559651,1.30078886497369,9.93222303989595,-1.12288015428882,0.200668937576789,1.30078886497369,11.2602622342755,3.10867409919612,0.0830688302888717,-0.493072796777614,-7.38936460084231,-6.89504762642712,1.94188414600831,12.6979779978551,-4.73196390719752,0.635894507425846,-4.31202439733945,0.636467819845317,6.53584271,0.17939066,-0.883,0.02372878,96.8560417844672,-144.156840440097,1356.21251598718,0.406109463895067,0.413408921566936,8.59616344703422,0.139957520628753,-1.04703302683659,-910.937200270214,-911.912234636327,-934.102617865024,-935.153184060399,1.02824672695486,-949.479953543951,1.09314614871875,1871.42964366926,1905.37166807668,NA,2568.26819153426,0.476103711411537,1.09306788997358
"602",-5.86,0.79,-5.86,0.83,1.359326,9.604077,-1.1484446,0.2002995,35,35,-6.03643355847623,0.88079950885704,-6.23939567912301,0.888072593398385,1.32407331673045,17.7230043731173,-2.15180431984529,0.343315681033293,1.32407331673045,13.5897214043847,-6.13791461879962,0.884436051127712,1.32407331673045,17.7333027787217,-2.15217336001083,0.343328905472979,1.32407331673045,13.6066497339913,2.60345400823703,0.0717137490130956,-0.417011487690547,-6.74659923921718,-6.90623020422136,2.38100080851612,12.1069928320614,-3.83127340577517,0.578890875045574,-3.80511780648002,0.540466777907107,7.86971368,0.16727356,-0.894,0.02597964,69.2936180709313,-89.0319930130252,1351.09375077,0.762435287234201,0.747462518557771,12.0466106053618,0.241797813659202,-1.62518095542697,-934.798310357312,-934.848539361745,-951.676733620195,-951.757906941333,0.0788998214113855,-997.882609715129,0.0971669643081892,1919.15186384346,1940.51989958702,NA,2613.15550852698,0.41732732708943,1.65735665562284
"603",-5.86,0.79,-5.86,0.83,1.359326,9.604077,-1.1484446,0.2002995,35,35,-5.99236183836821,0.79887678441453,-5.71906319918371,0.860312130246406,1.28212530378029,9.48545328677335,-1.09350919115833,0.177169677849442,1.28212530378029,8.72003453046175,-5.85571251877596,0.829594457330468,1.28212530378029,9.50412632331838,-1.08931164205491,0.178113253278813,1.28212530378029,9.0055142002637,2.89829076317955,0.078124969828934,-0.460068206526545,-7.19060191220955,-6.55128738017168,1.89595700972011,9.80854626036762,-4.94539734117675,0.669586034981818,-4.24954882212527,0.642919726714519,6.01009989,0.11289971,-0.865,0.02385591,101.096010644219,-152.6367781596,1261.58726771606,0.240365087125371,0.218765016518143,6.24804317212538,0.130914480229225,-0.863416646195929,-896.513910491562,-897.879549782799,-915.360301411279,-917.386604715589,1.99717578015752,-935.323994923978,2.3734513972137,1842.58306411196,1867.88703516919,NA,2370.53775727253,0.453263492419523,0.869128866206902
"604",-5.86,0.79,-5.86,0.83,1.359326,9.604077,-1.1484446,0.2002995,35,35,-5.95896052850771,0.830636901101732,-5.59114046568001,0.729432303408599,1.3603299327245,11.0936445224985,-1.4641586847093,0.268126279094932,1.3603299327245,9.89424909663157,-5.77505049709386,0.780034602255165,1.3603299327245,11.1274674221531,-1.47346495507979,0.270686871743489,1.3603299327245,9.9465440112495,3.29649030796156,0.0947533084968616,-0.54519974370291,-6.96798204568615,-7.20311278721932,2.30580452954682,9.19693464708327,-4.26198947723965,0.593911892571988,-3.58604285213155,0.489302642580546,5.2499111,0.1483981,-0.873,0.0274807,68.1870209210349,-86.8187987132324,1312.10752212185,0.646800302315459,0.62900467378419,8.82079296478144,0.172325581747352,-1.18077411738923,-922.551107073432,-922.910924074791,-937.849515003268,-938.184727282483,0.326415722871481,-981.233196327925,0.279816721941233,1894.6574572757,1912.86546235316,NA,2537.39624553047,0.525888684090847,1.17354529576598
"605",-5.86,0.79,-5.86,0.83,1.359326,9.604077,-1.1484446,0.2002995,35,35,-6.30161476480331,0.859937179419701,-6.49759384741026,0.93850167668393,1.29152588192599,13.5233510991625,-1.96198761794031,0.362664396405997,1.29152588192599,10.6748715041142,-6.39960430610678,0.899219428051816,1.29152588192599,13.5329530493674,-1.96583686746514,0.364207491463591,1.29152588192599,10.7356487208845,4.02728299374869,0.10833117839354,-0.646977596802019,-7.13607280579084,-6.86398494381777,2.40084367200669,8.33729205924099,-4.82820409292878,0.673345303922884,-4.23496953968115,0.633847398970261,7.46590366,0.2396231,-0.901,0.02019441,121.101400271876,-192.647557414914,1326.36223787821,0.45766597881278,0.463035486589791,9.52751000606425,0.191321075915391,-1.31232618941005,-919.509578245486,-919.789442801396,-929.977568611818,-930.34103039663,0.353995394204025,-988.046401465988,0.392989070067775,1888.57439961981,1897.12156957026,NA,2460.07691834151,0.597003474813839,1.2096397447412
"606",-5.86,0.79,-5.86,0.83,1.359326,9.604077,-1.1484446,0.2002995,35,35,-5.23358883756342,0.72357913717511,-5.56033228888804,0.785092813851255,1.4002434189234,12.3809758054722,-1.63210793907528,0.264303749138685,1.4002434189234,7.46445666586578,-5.39696056322573,0.754335975513183,1.4002434189234,12.407666126218,-1.63713273683049,0.265249732243239,1.4002434189234,7.47144918032859,3.28549089854001,0.0844626161071391,-0.516514619690086,-6.88043280889912,-6.84069369246989,2.36506447447414,6.44387294008077,-3.74788067709275,0.520981754536868,-3.82335586393566,0.52510678353918,7.52972315,0.14947288,-0.927,0.03154638,40.8767841100923,-32.1983250913473,1230.58918510289,0.983183464266229,0.975468950947314,6.82859431078467,0.160905305298636,-1.01174618098941,-917.732098143221,-917.837197400968,-927.269481780912,-927.327285130157,0.0561750153897913,-976.43587017463,0.0106743499957692,1885.01943941528,1891.70539590845,NA,2428.98004511443,0.467768387987711,0.974329395166649
"607",-5.86,0.79,-5.86,0.83,1.359326,9.604077,-1.1484446,0.2002995,35,35,-6.34866806349203,0.838615234758419,-5.94966671757612,0.773225015684462,1.46704136783752,6.65089981829128,-0.82191738882256,0.150832675270243,1.46704136783752,6.18915574977769,-6.14916739053408,0.80592012522144,1.46704136783752,6.69070033680195,-0.82844008517762,0.151901645457878,1.46704136783752,6.19568619398285,3.31857026343213,0.0877254019554241,-0.522451892040258,-7.31015673329584,-7.30073339160781,2.02877205654381,7.35226797498994,-4.53521694359973,0.599584366395916,-3.99738410453296,0.518900078501488,3.64486358,0.10144376,-0.862,0.02761805,82.3898734364238,-115.22450374401,1283.04554469985,0.723562456757447,0.697863258196879,8.29794920494584,0.157110237086822,-1.10864405574245,-910.82856819716,-910.992013822063,-927.255729340939,-927.319286678246,0.0617694512967275,-942.889064706459,0.000623618750481945,1871.21237952316,1891.6778910285,NA,2450.86658565569,0.50798979093933,1.03269774475421
"608",-5.86,0.79,-5.86,0.83,1.359326,9.604077,-1.1484446,0.2002995,35,35,-6.30171034715684,0.863636724592801,-6.14266479384415,0.897233510416262,1.46197518721857,8.9615459950104,-1.2202741937325,0.220226068529925,1.46197518721857,6.6975004227667,-6.22218757050049,0.880435117504532,1.46197518721857,8.96786986701754,-1.2189383388848,0.220508254534341,1.46197518721857,6.77644100775156,3.44830909192187,0.100542731346325,-0.572801669319465,-7.11412745533365,-6.75492094591877,2.15774754263224,6.93868802128635,-4.67297123671664,0.643644373718433,-3.98464319268495,0.580593747281289,4.54500841,0.11954064,-0.879,0.02830404,70.4669234389582,-91.3786037490791,1261.84313325586,0.425379424820163,0.364371049672288,8.71977792037485,0.18590924127942,-1.23568548426773,-919.64805162035,-920.118098694826,-931.190732569354,-931.9049512333,0.697364012231025,-956.211956093816,0.896367273424168,1888.85134636954,1899.54789748534,NA,2432.30766276263,0.563279499338906,1.14725404471372
"609",-5.86,0.79,-5.86,0.83,1.359326,9.604077,-1.1484446,0.2002995,35,35,-6.75490919757823,0.956010461246492,-6.17388809172921,0.879285540568087,1.47482328447557,8.09328315832306,-0.933996241997161,0.185008950630551,1.47482328447557,9.49504360106442,-6.46439864465372,0.91764800090729,1.47482328447557,8.17767953968355,-0.945140941561845,0.186480628993828,1.47482328447557,9.51302404107365,2.52574373901818,0.0654937941187481,-0.386027286894595,-7.01698748630691,-6.89307360376646,2.04749956969645,11.7924470093153,-4.37035493900934,0.62273689495505,-4.36977040702876,0.623361010238343,4.85737281,0.11615924,-0.819,0.02963669,53.9706176862567,-58.385992243676,1348.12686818614,0.999902751615648,1,9.66922442824661,0.203581229896579,-1.35207495308023,-931.202506879855,-931.465006163341,-955.034951803399,-955.154775399688,0.116499746652223,-960.061538461262,0.0697604775757684,1911.96025688855,1947.23633595343,NA,2637.8677441286,0.410490018091336,1.30030987215198
"610",-5.86,0.79,-5.86,0.83,1.359326,9.604077,-1.1484446,0.2002995,35,35,-5.85059559103623,0.874578169829617,-5.87627858272016,0.868606004046177,1.43066009913747,11.7339898138118,-1.33699316428654,0.201447713888408,1.43066009913747,8.4769747700517,-5.86343708687819,0.871592086937897,1.43066009913747,11.7341547178273,-1.33695481851551,0.201456630579444,1.43066009913747,8.47932567234888,2.13773247950307,0.0572246328083584,-0.33349271593366,-6.59782639980783,-6.65909000981327,2.07647640059208,9.64515560350244,-4.10926966856707,0.619857485213292,-4.60205943145361,0.684004679453496,5.27709911,0.10353598,-0.86,0.02818476,66.3081984196129,-83.0611537103885,1259.51209793868,0.79706871886408,0.744073536873955,7.95280827438221,0.166508098118085,-1.11565447769602,-921.977987443094,-921.990744466253,-940.443748308425,-940.461110679542,0.0168683952513747,-957.073295984469,0.020205663515445,1893.51121801502,1918.05392896348,NA,2435.96304216698,0.350185726842755,1.04100518243843
"611",-5.86,0.79,-5.86,0.83,1.359326,9.604077,-1.1484446,0.2002995,35,35,-5.68213122966614,0.762588072307859,-6.34705452698431,0.895692739144643,1.44103454830318,6.08126740995835,-0.796344794142355,0.168397321298864,1.44103454830318,7.28000698206915,-6.01459287832523,0.829140405726251,1.44103454830318,6.19179815778747,-0.818470892632743,0.172826534382297,1.44103454830318,7.31729123031435,3.02979717222535,0.0868302356429426,-0.491978767249505,-7.09657005981578,-6.96849019559014,2.03965977856633,8.52538434431145,-4.08358561971552,0.556650048993785,-4.42397176447972,0.612530613595412,3.6707137,0.08773147,-0.817,0.02877908,70.1815494637843,-90.8078557987313,1278.90050868382,0.862035486963586,0.83241614680369,7.29550113049256,0.167398570546861,-1.06241164738514,-912.95331660841,-913.570354041944,-932.762464614864,-933.07696179795,0.30619888197729,-948.800330356129,0.100477411527217,1875.46187634566,1902.69136157636,NA,2466.9931615689,0.513868154498602,1.03966045824492
"612",-5.86,0.79,-5.86,0.83,1.359326,9.604077,-1.1484446,0.2002995,35,35,-6.08864576183544,0.849128916807161,-6.70976819416586,0.998001175179244,1.50957606429344,11.3452202016253,-1.38897997953353,0.236566718640125,1.50957606429344,8.79318715927399,-6.39920697800065,0.923565045993203,1.50957606429344,11.4416684706113,-1.41209695434018,0.242107455968326,1.50957606429344,8.86677254410371,4.20123636973012,0.107366248522208,-0.651971420467606,-6.98749663461638,-6.72167667521239,2.24430194526094,9.6276128365747,-4.41965849281728,0.623105736166945,-4.19281807395538,0.626791552648016,4.89306418,0.12109084,-0.833,0.02570591,82.4543199967724,-115.353396864707,1317.85554382995,0.735810683420769,0.700908471980736,11.03455619104,0.234037833830359,-1.56584605783062,-939.363022760892,-940.126705558606,-955.896038721578,-956.420048034917,0.510947670767408,-976.057488375048,0.35253734177196,1928.28128865062,1948.95850978978,NA,2520.35769079518,0.62032693320484,1.42428211117908
"613",-5.86,0.79,-5.86,0.83,1.359326,9.604077,-1.1484446,0.2002995,35,35,-4.8808568161525,0.652332808695386,-6.66851048444092,0.872347697748023,1.49359568713362,5.81804483260292,-0.536401203691534,0.122077585669485,1.49359568713362,9.53676410467899,-5.77468365029671,0.762340253221704,1.49359568713362,6.61697124203919,-0.634728809564791,0.134179223520696,1.49359568713362,9.74200806624816,2.70197001998234,0.0680834349830138,-0.411207201848153,-6.95216797617131,-7.42902986869581,2.05856437479724,12.5100414001191,-3.57792528117356,0.4807783936052,-5.26780173478701,0.691261533731774,6.4678265,0.13020535,-0.822,0.02020458,130.381736968317,-211.208230807797,1369.39522731573,0.114597862602789,0.0935596236300316,5.31168733993234,0.107838655111712,-0.712102167948185,-925.734192398415,-928.725776880575,-958.411489513487,-959.761898528409,1.3245612455636,-963.29220827423,0.972996022487568,1901.02362792567,1953.9894113736,NA,2527.58222382367,0.414348813628557,0.767236677075282
"614",-5.86,0.79,-5.86,0.83,1.359326,9.604077,-1.1484446,0.2002995,35,35,-5.55608762150079,0.754407738395195,-6.35800976647367,0.810871345093322,1.35617836370012,9.21400157168035,-1.22515848079195,0.213132192780909,1.35617836370012,7.02498666395968,-5.95704869398723,0.782639541744259,1.35617836370012,9.37477135332983,-1.23647833494101,0.213929227501249,1.35617836370012,7.17003466381031,3.10827970538704,0.0801123248690437,-0.480533304604851,-7.0192627642786,-7.484789351621,2.13009273946231,6.80300408596586,-3.95050540500958,0.530607646934254,-4.2497753919012,0.536832222894073,4.06297715,0.10153194,-0.888,0.02759267,83.8240459860191,-118.092848843201,1266.819582372,0.572736898093913,0.542220477398117,9.04885054583619,0.181858325363085,-1.23696800784148,-904.203589443277,-905.119072417306,-915.703407566892,-916.957327680249,1.2290692063251,-952.448241242069,1.55158507812533,1857.96242201539,1868.57324748041,NA,2415.5463159008,0.476646600914672,1.18704121317311
"615",-5.86,0.79,-5.86,0.83,1.359326,9.604077,-1.1484446,0.2002995,35,35,-6.14690136399307,0.82280067321644,-5.8838718508231,0.878370654989104,1.24586726957019,9.38614671601189,-1.4095535603861,0.268281513618497,1.24586726957019,7.85085899797253,-6.01538660740808,0.850585664102772,1.24586726957019,9.40344284721149,-1.40589942407296,0.26905351933705,1.24586726957019,8.10425631170311,3.6593791878379,0.0963369517247817,-0.581505037280031,-7.20260909913286,-6.60850801439515,2.10928040282491,6.6036763880812,-4.38012474670482,0.590798514987085,-4.01845608354384,0.612764225694289,4.65269711,0.14767568,-0.897,0.02613292,84.2947356643025,-119.034228199768,1245.36526942507,0.174225488788509,0.172582095650562,7.9762615292677,0.169863665358782,-1.12157116276634,-892.030346581452,-893.354114951676,-901.774710325498,-903.750636340931,1.94681864637394,-949.136974327641,2.61884448429499,1833.61593629174,1840.71585299762,NA,2371.69631065037,0.533340574329782,1.07959002292005
"616",-5.86,0.79,-5.86,0.83,1.359326,9.604077,-1.1484446,0.2002995,35,35,-6.92663775087148,0.909411156685528,-6.34581161993758,0.928966250339458,1.31349602400754,9.21904829759985,-1.08495863408373,0.189943439697738,1.31349602400754,9.36798374646155,-6.63622468540453,0.919188703512493,1.31349602400754,9.30338804619374,-1.08211910673696,0.190039040119691,1.31349602400754,9.69256465094086,2.76643751672223,0.0798000767312716,-0.454900861193297,-7.46634263768106,-6.76901231902498,1.89597170118108,10.8915630935557,-4.95752443711585,0.650392743413586,-4.41906826393881,0.639445871842934,6.0405031,0.1197482,-0.859,0.0244891,95.6677672642631,-141.780291399689,1340.97882377259,0.345884021509624,0.308810206537805,8.41041449788538,0.177576676873044,-1.17240279558797,-906.05000538679,-907.349575492209,-925.80007557024,-927.957898057892,2.12881328176517,-938.668114198098,2.56657087673177,1861.65525390242,1888.76658348711,NA,2540.1773561455,0.455820735917978,1.15281221200261
"617",-5.86,0.79,-5.86,0.83,1.359326,9.604077,-1.1484446,0.2002995,35,35,-4.64910806358054,0.637990374321806,-5.2351525671051,0.71827089036118,1.23414523745339,10.4241511210839,-1.28497252378353,0.205098668300488,1.23414523745339,8.26380163509823,-4.94213031534282,0.678130632341493,1.23414523745339,10.5100131611117,-1.29673451257478,0.206709908614375,1.23414523745339,8.28363954049071,2.82799409706805,0.0782644512928813,-0.458407206494491,-6.80586773620807,-6.91362169934417,2.15365668093974,7.3509652538653,-3.64927276005712,0.510686852945498,-4.07678592750114,0.556369569922215,7.15887149,0.14351107,-0.9,0.02541317,79.711137350811,-109.867031572785,1197.39564340247,0.836333852559966,0.813104385972029,4.73489384436961,0.10299290698859,-0.672310703844715,-888.517058244166,-888.749039518571,-902.650657524759,-902.800398278091,0.145618140351575,-957.519039794639,0.0768246015628545,1826.58935961717,1842.46774739615,NA,2284.92425523216,0.438504641573997,0.650375433760646
"618",-5.86,0.79,-5.86,0.83,1.359326,9.604077,-1.1484446,0.2002995,35,35,-5.62376526204021,0.788703246469772,-4.64978523553536,0.643105492320943,1.41063468826513,9.96637275397014,-1.18249484789181,0.225526306913609,1.41063468826513,11.0514814343294,-5.13677524878779,0.715904369395358,1.41063468826513,10.2035320269777,-1.21794717400304,0.230825983416904,1.41063468826513,11.091920802277,3.48588178377272,0.086475653086873,-0.532623250498108,-6.8826166423519,-6.77607035876216,2.33378053870804,11.2462916786545,-4.35427016822421,0.602773812392556,-3.21260011938331,0.450572168851784,7.41470512,0.16409458,-0.887,0.02770767,58.9215081236141,-68.2877731183908,1302.95502055302,0.382771497511505,0.324357484262229,6.06777370566227,0.136841748942108,-0.840251121995044,-931.249410445308,-931.924971015935,-953.812748254251,-954.047243656004,0.228177509580573,-990.597620117056,0.047267100248608,1912.05406401945,1944.79192885513,NA,2537.62226798764,0.504926207058453,0.991534231055384
"619",-5.86,0.79,-5.86,0.83,1.359326,9.604077,-1.1484446,0.2002995,35,35,-5.93707803544467,0.803554316170947,-5.06342837528945,0.720466600457352,1.51381135254861,12.569765326125,-1.58274922038733,0.261522559504618,1.51381135254861,8.45617269457771,-5.50025320536706,0.76201045831415,1.51381135254861,12.7605812582973,-1.60089660903639,0.263248451630244,1.51381135254861,8.54917379545544,2.44701732241615,0.0651856411829681,-0.384261856449326,-7.1074505854853,-6.72881603495901,2.46170340769705,8.12629950261411,-4.49087599697037,0.609630786493403,-3.45968250800434,0.504277987348632,7.59369712,0.15196241,-0.9,0.03069208,42.0514090791975,-34.5475750295576,1292.64173250725,0.363048099178509,0.305100881424987,7.27528156145589,0.155768946556779,-1.01533161802107,-940.394025661024,-940.942900480437,-954.131105495386,-954.816189456159,0.668777428664369,-993.379612145566,0.759376231013294,1930.34329445089,1945.4286433374,NA,2550.73588998495,0.386227132375141,1.02708674785931
"620",-5.86,0.79,-5.86,0.83,1.359326,9.604077,-1.1484446,0.2002995,35,35,-6.73279776913718,0.860494543855645,-6.65017457027947,0.920387876738967,1.49510521512849,8.95983713481659,-1.11856804048732,0.216472459902109,1.49510521512849,9.04784945280226,-6.69148616970832,0.890441210297306,1.49510521512849,8.96154378306396,-1.11733089579906,0.217369262733077,1.49510521512849,9.16620277573642,3.08715209509248,0.0974782766059128,-0.533843422241413,-7.56393517704444,-7.12448299945445,2.17478255538769,10.3580853112206,-4.73047169989797,0.608469181922103,-4.73784737982558,0.654439792842009,5.53622307,0.13827056,-0.85,0.02286254,109.578345723467,-169.601448318097,1393.00134316173,0.665999722611604,0.668566789969888,9.03199875085523,0.183888316111969,-1.23695123467595,-935.582380994595,-936.101933494009,-955.333147829837,-956.152857523218,0.800969998339146,-970.674953936262,0.930356156768316,1920.72000511803,1947.8327280063,NA,2616.40123800536,0.542960844662325,1.21376111061664
"621",-5.86,0.79,-5.86,0.83,1.359326,9.604077,-1.1484446,0.2002995,35,35,-5.09884854721414,0.652585152389174,-5.77538094407634,0.780910551438166,1.21965238184585,8.43924518166723,-0.944042814811027,0.170434455128582,1.21965238184585,10.54007120247,-5.43711474564524,0.71674785191367,1.21965238184585,8.55366920266828,-0.965746887260258,0.174551307138853,1.21965238184585,10.5756327961083,2.84389640880181,0.0704489352094024,-0.42990163971748,-7.16865630880428,-7.08065918487211,1.97462681334749,11.1035048624655,-3.50631097095151,0.454932969593644,-4.11990167906498,0.556272714795489,2.89835803,0.06953773,-0.707,0.02266266,116.712901453407,-183.870559777977,1276.71532404282,0.531273666592592,0.505121436343047,8.60828167837062,0.172891931566409,-1.18019999881397,-891.536332788848,-892.1402586854,-915.136303330172,-915.351681890019,0.209547092472806,-949.245167857077,0.0385556241953808,1832.62790870653,1867.43903900697,NA,2369.56008830765,0.427919628523205,1.11433578046864
"622",-5.86,0.79,-5.86,0.83,1.359326,9.604077,-1.1484446,0.2002995,35,35,-5.94697977051071,0.82969599140295,-5.95128699573811,0.845350946016381,1.33577878118235,8.93156466257811,-1.16270905725188,0.203756410760099,1.33577878118235,7.40758497866625,-5.94913338312441,0.837523468709665,1.33577878118235,8.9315693006254,-1.16272591460574,0.203817680161086,1.33577878118235,7.41317681369816,2.55136472162717,0.064976386186886,-0.38880630520296,-6.96160698419548,-6.87264604086573,2.01795680615184,7.67359336468303,-4.07048213439523,0.582125950625825,-4.5025714053327,0.6407344102618,4.58385256,0.11823882,-0.877,0.02643591,83.1201433735001,-116.685043618163,1234.65277240687,0.81989621040618,0.7947078352576,7.35456122459368,0.150954829269337,-1.01986165042014,-902.033883406901,-902.067587672678,-915.250327536711,-915.296868647213,0.0452263977271334,-942.900743795689,0.0538065066355037,1853.62300994264,1867.66708742005,NA,2352.62050119558,0.400204313706009,0.959688112131854
"623",-5.86,0.79,-5.86,0.83,1.359326,9.604077,-1.1484446,0.2002995,35,35,-5.66520894694831,0.742066475173731,-4.9107837473029,0.781897049309214,1.53845298247838,9.10992553622277,-1.01454325506845,0.181660619509509,1.53845298247838,8.94202089395017,-5.2879963471256,0.761981762241473,1.53845298247838,9.25221488168777,-1.00703095785741,0.182057238168499,1.53845298247838,9.50369242351517,3.62973058614067,0.0903121308188854,-0.555687253884412,-7.20191014245323,-6.21018468905883,2.24579933090052,10.4980997988311,-3.71504059928657,0.49460218111792,-2.94355959951506,0.483841064620969,3.26656237,0.07558122,-0.792,0.03189141,44.7312552923055,-39.9072674557736,1276.37244740441,0.0490527008723285,0.0492272464495635,10.3539490255215,0.214387848788676,-1.39620436302062,-938.965895969534,-941.238675922092,-961.594254816648,-965.441212999809,3.84163988567565,-978.976313078944,4.53244830270189,1927.48703506791,1960.35494197992,NA,2512.83762735305,0.525898274296827,1.53110498904194
"624",-5.86,0.79,-5.86,0.83,1.359326,9.604077,-1.1484446,0.2002995,35,35,-5.71830356302684,0.775014733603892,-6.72417829598266,0.934895366087721,1.13849756144977,6.88114730625155,-0.793418808566404,0.145100762179104,1.13849756144977,9.05674835016906,-6.22124092950475,0.854955049845806,1.13849756144977,7.13409330085128,-0.833623780692522,0.151491216339961,1.13849756144977,9.10883354134159,2.67217949050683,0.0729512168270648,-0.4301108170001,-7.05870756081954,-7.11205485771807,1.64973705209352,10.6266345744762,-4.1691262205077,0.557673255115377,-4.91549091509825,0.685393023498988,3.41078303,0.06526389,-0.769,0.02143021,132.558308064426,-215.561373000015,1262.00478813952,0.373489653064987,0.330504433935378,7.61241814769593,0.164025141098435,-1.08774382983612,-867.020440989456,-868.110122292184,-888.635772178216,-888.997375578448,0.352180732420549,-903.796229172523,0.0176564361169639,1783.59612510775,1814.43797670306,NA,2308.44820327903,0.409990132071151,0.994840584870924
"625",-5.86,0.79,-5.86,0.83,1.359326,9.604077,-1.1484446,0.2002995,35,35,-5.38327532868079,0.712184809751785,-6.3867776683855,0.809558936804586,1.23567074373887,11.9400357738493,-1.56024325080297,0.247038785952367,1.23567074373887,7.77512592200554,-5.88502649853315,0.760871873278185,1.23567074373887,12.1917900102975,-1.58467204188402,0.24940921610719,1.23567074373887,7.91910516631978,3.50562553075773,0.0888968593270995,-0.543389264702908,-7.0980037542967,-7.52137624250547,2.14416404002792,6.48940043867834,-3.3361835737267,0.440352199799195,-4.47927099466668,0.564405089378151,5.92792472,0.14853878,-0.924,0.02598013,87.9314587493615,-126.307674369886,1262.72686369807,0.17328870821236,0.125586063131614,9.64347161613813,0.168479086175831,-1.24150772074418,-889.571880243986,-890.428547778646,-899.159773695555,-900.298989013883,1.11572058342961,-952.625676497998,1.32827245811246,1828.69900361681,1835.48597973774,NA,2399.14605302626,0.509026584211812,1.1542679903243
"626",-5.86,0.79,-5.86,0.83,1.359326,9.604077,-1.1484446,0.2002995,35,35,-5.37762946335955,0.724091970055688,-4.98512850866485,0.771421721097075,1.54391680860703,6.3300965389361,-0.726624174453807,0.139874575830449,1.54391680860703,6.78294909068825,-5.1813789860122,0.747756845576381,1.54391680860703,6.36861078879517,-0.721979931336507,0.140434602163859,1.54391680860703,7.04399652955458,2.71233659942382,0.0730341555580453,-0.431650520754319,-7.02141810909843,-6.34693874520999,2.14859194207253,8.30920044253171,-3.58443887141365,0.476204083692414,-3.47349101781066,0.552492546371926,3.8272532,0.10687882,-0.849,0.03128566,46.3375373937512,-43.119831658665,1223.74903281918,0.115165433316974,0.106256055113183,6.80713793707809,0.139998527779618,-0.921960068807147,-924.307750481888,-925.692340041467,-945.32438373103,-947.633733683921,2.28078401079986,-960.74410912853,2.7065619415024,1898.17074409261,1927.81519980869,NA,2404.3782339797,0.418759577881943,0.976215658269344
"627",-5.86,0.79,-5.86,0.83,1.359326,9.604077,-1.1484446,0.2002995,35,35,-6.10774144110209,0.761906613647355,-5.534178449872,0.807970719573533,1.54099868387184,7.06647035214752,-0.893284027657211,0.164296779979242,1.54099868387184,6.06769606339203,-5.82095994548704,0.784938666610444,1.54099868387184,7.14871397837472,-0.88667886106137,0.164827255442936,1.54099868387184,6.47907423913309,2.99758731396425,0.0747713774856767,-0.461092124396414,-7.52624022561008,-6.6782392112719,2.16646787332415,6.99483448610102,-4.12208682032274,0.509585728068633,-3.637370778694,0.527820195177892,2.52061116,0.06931655,-0.78,0.02952,70.8909067652901,-92.2265704017428,1266.33504766884,0.0964230015656133,0.0843363226777776,9.6783465356235,0.197060223093871,-1.3291918384874,-922.702989686302,-925.167019666938,-938.112821947288,-942.073034690213,3.95796815532078,-957.446771453039,4.94058043810981,1894.96122250144,1913.3920762412,NA,2440.44352493593,0.42900466242805,1.28668293555989
"628",-5.86,0.79,-5.86,0.83,1.359326,9.604077,-1.1484446,0.2002995,35,35,-5.73577791650364,0.779278234426279,-5.22028131853704,0.732578976823059,1.25993077641744,7.40384323485404,-0.806513941362831,0.149702802583417,1.25993077641744,9.6886497290827,-5.47802961752034,0.755928605624669,1.25993077641744,7.47027742048284,-0.812532268468338,0.15024800774859,1.25993077641744,9.73159530719355,2.40769599097617,0.0669440386898206,-0.389959599439739,-7.05078107966186,-6.81350657413709,1.88166698208119,11.2297870375815,-4.26329503549737,0.585364310609872,-3.24123135138888,0.453971310098053,2.82277638,0.06332096,-0.707,0.02642306,86.2173264557694,-122.879409782701,1258.25795996159,0.238093698805369,0.181864173557949,8.62437285702106,0.176736169215651,-1.19141783787659,-892.949218669214,-893.210067804758,-917.731560778203,-918.012247996357,0.273214988380788,-937.794218802215,0.291130332589509,1835.45368046727,1872.62955390303,NA,2393.63651014048,0.37948843215789,1.13810903574548
"629",-5.86,0.79,-5.86,0.83,1.359326,9.604077,-1.1484446,0.2002995,35,35,-6.07950733468505,0.838378930868733,-5.58311281259495,0.845539097187114,1.23798450013696,10.2361431233934,-1.14386235726275,0.184611584035807,1.23798450013696,10.2572587744669,-5.83131007364,0.841959014027924,1.23798450013696,10.2977450037837,-1.14297379042833,0.184624401031234,1.23798450013696,10.4627296437639,2.30359341405213,0.0565027486000476,-0.341052766980934,-7.04240384191531,-6.50335090173518,1.85907621168138,11.5612859013551,-4.07770522356815,0.571054453559965,-4.57383018402443,0.697458296539028,5.92840756,0.10281946,-0.859,0.02446925,93.5225058437383,-137.489768558639,1266.72114576653,0.284813920759595,0.237749079115237,6.66489042026244,0.14168747343674,-0.92276912793906,-895.63395538386,-896.394793754564,-917.054541673566,-918.320682546383,1.24115643000788,-935.771092517834,1.48073896729473,1840.82315389656,1871.27551569376,NA,2395.95252297441,0.364942209530791,0.952851840963734
"630",-5.86,0.79,-5.86,0.83,1.359326,9.604077,-1.1484446,0.2002995,35,35,-5.04036327580032,0.56646955473715,-5.55204136309448,0.832699019432849,1.4154125655529,8.7997691279745,-0.997440770883652,0.164272508708684,1.4154125655529,7.82093797402882,-5.2962023194474,0.699584287084999,1.4154125655529,8.86522274422874,-1.03149671670286,0.181992040676723,1.4154125655529,8.64589448601989,3.85805748599068,0.0942631002918966,-0.589806023083989,-7.62322548408412,-6.54877731287011,2.22212026787419,8.285942908308,-3.78554610825873,0.429886989186072,-3.73488753101367,0.548788334969022,4.87746883,0.07827969,-0.852,0.02837871,73.2574008313065,-96.9595585337757,1280.2452967146,0.00912701785387977,0.00668534611829896,7.44029424182616,0.188143312870114,-1.10532111586763,-913.348915230488,-918.974776197286,-932.7970143323,-939.055306395785,6.35953262346452,-968.90058706903,6.65770171612358,1876.25307358981,1902.76046101123,NA,2463.53103489542,0.534682067052538,1.25408656598299
"631",-5.86,0.79,-5.86,0.83,1.359326,9.604077,-1.1484446,0.2002995,35,35,-6.31584965960222,0.843915202595773,-6.17806945842188,0.929185468838446,1.21063442918268,6.18063273471374,-0.633148252727778,0.119222627200886,1.21063442918268,9.16735476076392,-6.24695955901205,0.88655033571711,1.21063442918268,6.18537858067307,-0.630211114118374,0.12104038177716,1.21063442918268,9.48213413087604,3.09892269065154,0.0833026948968068,-0.49534862349531,-7.24576249250277,-6.59996411041943,1.60744074621293,12.2431498965087,-4.72091794141933,0.628921925166886,-4.31814433992009,0.649739753016395,3.70760098,0.06374989,-0.759,0.02514574,97.9443827502364,-146.333522371635,1281.62663464675,0.244959295733045,0.260547450979914,6.94871178246973,0.159031538366575,-1.00633269483538,-877.50427990215,-878.900065617256,-904.453039693673,-906.587355273026,2.10526707007679,-901.989308639982,2.33138822711582,1804.56380293314,1846.07251173397,NA,2416.91974692187,0.467944417308868,1.00491613511203
"632",-5.86,0.79,-5.86,0.83,1.359326,9.604077,-1.1484446,0.2002995,35,35,-6.67643011322852,0.90023101036377,-5.25668457173581,0.736028545920671,1.41165825834556,9.9190866582576,-1.50918560730637,0.28605481947772,1.41165825834556,6.9828122384617,-5.96655734248217,0.818129778142221,1.41165825834556,10.4230060089047,-1.56746703650518,0.292795431810018,1.41165825834556,7.14606353337844,2.7443367867075,0.0700947565184377,-0.422884025870743,-7.27082793627839,-6.82935818729664,2.37728431063557,5.74741067067804,-4.90423349602189,0.667305994592043,-3.55436117441168,0.497740549656638,5.55344628,0.15091775,-0.912,0.02795401,71.2123447722818,-92.8694464157262,1257.99625428761,0.147220191270452,0.102938399131345,8.25137715706065,0.183597156088731,-1.18437083733471,-916.615086344376,-918.337444374344,-925.15767984735,-926.57476322946,1.39062372040423,-974.260343823009,1.44587448131079,1882.78541581759,1887.48179204133,NA,2423.1230621595,0.415973502792117,1.15029352271193
"633",-5.86,0.79,-5.86,0.83,1.359326,9.604077,-1.1484446,0.2002995,35,35,-4.85737269128655,0.644143945339026,-5.72049265537338,0.755776055476919,1.50651262972745,7.04969776274931,-0.752901774819051,0.129092157961285,1.50651262972745,6.94296282833607,-5.28893267332996,0.699960000407972,1.50651262972745,7.23594178085063,-0.776989750542341,0.132207589964745,1.50651262972745,6.98412676585018,3.4507842882916,0.0927171483209281,-0.546609303884863,-6.97747098015191,-7.17551571905744,2.1650303186394,8.29810355205568,-3.18372828652772,0.419277355190999,-4.12085211592687,0.550407112806845,3.58812087,0.08410856,-0.821,0.03102305,52.9750678481245,-56.3948925674116,1247.7122328679,0.360133895687822,0.312495328378198,7.64283413239388,0.144749634648693,-1.01461426755344,-918.798502861457,-919.432472542365,-940.740304764498,-941.102138861661,0.352405999052819,-962.569666888364,0.231854334752665,1887.15224885175,1918.64704187562,NA,2439.02957316838,0.539302059540907,0.976551486620287
"634",-5.86,0.79,-5.86,0.83,1.359326,9.604077,-1.1484446,0.2002995,35,35,-6.10334866615138,0.79640130995637,-6.96277460394937,0.927696059899319,1.31418124096971,9.74877457964603,-1.18699354657631,0.213431512293623,1.31418124096971,9.91516494614318,-6.53306163505037,0.862048684927845,1.31418124096971,9.93342781528603,-1.21520307497573,0.217741090134269,1.31418124096971,9.94828528358611,1.23629134374627,0.0323975519281702,-0.18867579016332,-7.31633697623637,-7.39354276899216,2.01578411583646,10.6977711454613,-4.36877904755074,0.56891332167856,-5.28001122820731,0.710953352884286,5.68392836,0.13007086,-0.842,0.02150042,123.432693882769,-197.310144636701,1366.13441766442,0.472445776658371,0.419775868907009,8.61396633921833,0.174166367248124,-1.18679376760535,-910.530883033389,-911.086492614379,-929.527989505892,-929.7400718049,0.206335218682628,-953.10584605842,0.0300815074226003,1870.61700919562,1896.22241135841,NA,2534.95869069214,0.207368744596604,1.11141441786018
"635",-5.86,0.79,-5.86,0.83,1.359326,9.604077,-1.1484446,0.2002995,35,35,-6.50142906360581,0.90932779867027,-6.18149250767049,0.784666948732386,1.23798405166801,6.77412393567775,-0.840156977415209,0.162193677597697,1.23798405166801,8.28989082396657,-6.34146078563815,0.846997373701328,1.23798405166801,6.79971378563369,-0.850127868162483,0.166078759474506,1.23798405166801,8.444111336881,2.87252910812065,0.0749407496816141,-0.448714954207868,-7.04163057589976,-7.46439110542952,1.79947744657955,9.4918297096607,-4.67651029815509,0.654948856327298,-4.24628587652388,0.537528236156133,3.2004757,0.1168495,-0.847,0.0235573,113.949573513424,-178.34390389801,1298.11954392912,0.435557363408871,0.417302607189789,8.99959031924951,0.167833821704151,-1.19398118423942,-884.139519719369,-885.131241082714,-903.608408825245,-904.76093135429,1.12886093893876,-921.487367616806,1.12651813338011,1817.83428256758,1844.38324999712,NA,2417.89518396023,0.437283152355572,1.11127111591034
"636",-5.86,0.79,-5.86,0.83,1.359326,9.604077,-1.1484446,0.2002995,35,35,-5.06396067073061,0.61841119258287,-5.31733966836344,0.616019387707792,1.35048814312708,8.1554850011634,-0.902426674253264,0.154558671588738,1.35048814312708,8.50376186700136,-5.19065016954703,0.617215290145331,1.35048814312708,8.17153523027376,-0.902275165972819,0.154560101771378,1.35048814312708,8.55017820871203,2.34698409980514,0.0605868479844047,-0.359975028543648,-7.33736804165753,-7.60499679380917,2.24266235650179,8.61848463900818,-3.96533251428481,0.491215547578208,-3.97029440051136,0.467648781190217,5.51611642,0.08972322,-0.855,0.02423981,105.206733163019,-160.858223197201,1314.78553398765,0.84770269948682,0.843568943670965,6.55657158450848,0.140550885436373,-0.914744960739994,-904.713113510739,-904.915925372879,-926.512218781775,-926.853266390199,0.33211177642032,-972.386526298526,0.395131770579784,1858.98147015032,1890.19086991018,NA,2468.71284477811,0.37230504631445,0.929402366182128
"637",-5.86,0.79,-5.86,0.83,1.359326,9.604077,-1.1484446,0.2002995,35,35,-6.57261626082839,0.797146021609189,-5.03792834610902,0.752984621296803,1.3848535360035,9.75533228875899,-0.989062951548443,0.147345295007182,1.3848535360035,9.03369723284087,-5.8052723034687,0.775065321452996,1.3848535360035,10.3441490376554,-1.00600644338757,0.147832852326569,1.3848535360035,10.0584613113565,3.52802887413241,0.0959296484626779,-0.565188684383242,-7.78116777159479,-6.50958205229931,1.97283768080816,11.0566751553787,-4.70201967759416,0.575915353237034,-3.9374596875738,0.594464742877182,7.68557294,0.12894232,-0.88,0.02473405,90.4277885897857,-131.300334050734,1333.0184954339,0.0303230735209377,0.0289693137980435,6.43271435293063,0.111328205894644,-0.782056179005854,-911.166813620486,-915.10111155056,-936.466945922092,-943.274215831678,6.94499302918805,-948.887401003924,8.08945625901563,1871.88887036981,1910.10032419081,NA,2534.73665681707,0.545338059044423,0.92825485565376
"638",-5.86,0.79,-5.86,0.83,1.359326,9.604077,-1.1484446,0.2002995,35,35,-5.27976640132365,0.681806779946909,-5.50838115849548,0.816949564869507,1.17384642518855,8.02829421376426,-0.903854948161158,0.168023535524888,1.17384642518855,10.8804291915537,-5.39407377990956,0.749378172408208,1.17384642518855,8.04136039056344,-0.911578856900809,0.172589428604047,1.17384642518855,11.1627732010044,2.43983481902394,0.0610165694004646,-0.372715587345494,-7.17547926759991,-6.59894828307608,1.87138696456159,11.6806608933338,-3.82626903542642,0.49333498608971,-4.08476837102982,0.599448961968599,5.44782479,0.10251248,-0.81,0.02157454,116.554100166417,-183.552957203998,1267.47078401633,0.308005268046035,0.273556326364688,5.79999816783956,0.137081643658329,-0.850376430912801,-883.650212497384,-885.013563283493,-907.792397496588,-909.436520348463,1.61605210831093,-937.719176486226,1.66681261130694,1816.85566812361,1852.7512273398,NA,2351.38861082866,0.361493240051677,0.868200660125604
"639",-5.86,0.79,-5.86,0.83,1.359326,9.604077,-1.1484446,0.2002995,35,35,-6.29323599734809,0.836425220577769,-6.25835720442998,0.882845625185895,1.37643817565921,8.56726505954419,-0.981401472763581,0.190738459909486,1.37643817565921,10.4967804558272,-6.27579660088903,0.859635422881832,1.37643817565921,8.56756919209306,-0.980996700843709,0.191277173400481,1.37643817565921,10.5619190334038,3.02270112231644,0.0772067828935926,-0.469839504468405,-7.26777220493065,-6.95633265355675,2.00161328289483,12.4299639784992,-3.83416967522361,0.512976541060978,-4.94247265722933,0.699737208064793,4.29203308,0.1240573,-0.801,0.02464254,92.7332329968914,-135.911222864945,1350.60012712978,0.255376232598214,0.174469165873939,9.0033857550201,0.168961465710454,-1.18354230001165,-920.231455388324,-920.489789752678,-944.501860732883,-944.89734813333,0.385275103080545,-956.210579490567,0.429377684273731,1890.01815390548,1926.17015381239,NA,2565.28903139462,0.442775823814758,1.17008248404997
"640",-5.86,0.79,-5.86,0.83,1.359326,9.604077,-1.1484446,0.2002995,35,35,-6.09577936500385,0.897338590922147,-5.65178747484281,0.726077496907117,1.32027385760404,12.5016806234832,-1.54435933537065,0.250539000004371,1.32027385760404,9.62045133069655,-5.87378341992333,0.811708043914632,1.32027385760404,12.5509628231154,-1.56336896958134,0.257871590585177,1.32027385760404,9.88996215027821,3.58922802537387,0.0943033569613603,-0.570958719885732,-6.70740947461607,-7.2837468653953,2.18945720435293,9.17108011381984,-3.98242698629183,0.585559470151762,-4.15081665556316,0.528729164683917,7.04098339,0.16383672,-0.887,0.02454702,86.5902897492906,-123.625336369744,1300.6740967728,0.237351979518455,0.227737739367059,8.30717821261614,0.169408647937684,-1.1401814256453,-913.794912470182,-915.545253293207,-928.745187012411,-930.499383386796,1.72560799545142,-968.459222628427,1.77499452393606,1877.1450680692,1894.65680637145,NA,2477.72285717585,0.517866311191158,1.11128275367394
"641",-5.86,0.79,-5.86,0.83,1.359326,9.604077,-1.1484446,0.2002995,35,35,-5.81658277689755,0.864948512429085,-5.21356405255612,0.775948921972668,1.23997089105278,12.6455023140482,-1.48463715935455,0.243293035482153,1.23997089105278,11.8801830690673,-5.51507341472683,0.820448717200876,1.23997089105278,12.7364102095248,-1.49805426423054,0.245273267257506,1.23997089105278,11.8981178352635,2.97031094732321,0.0815630480833017,-0.474574823410638,-6.62118459259688,-6.54840239778739,2.06229553884566,11.7899083398944,-4.25082432952941,0.629189812701809,-3.82295152964718,0.57562258041277,6.17287892,0.13389336,-0.838,0.02188422,106.823981014222,-164.092718899606,1277.43859043256,0.848034898823704,0.823648135490337,8.14266857790012,0.170571747902456,-1.14181847063865,-907.500976284325,-907.73079013094,-926.87471322521,-926.972115597922,0.0946853080270692,-961.818683885806,0.0238989556294289,1864.55719569749,1890.91585879705,NA,2390.78446196551,0.476619739823082,1.06905026670006
"642",-5.86,0.79,-5.86,0.83,1.359326,9.604077,-1.1484446,0.2002995,35,35,-5.6445119049563,0.83824275202651,-6.48095300269469,0.902910071330827,1.39183895712859,9.7735780864942,-1.12835426423285,0.182407276533124,1.39183895712859,8.21406996512453,-6.0627324538255,0.870576411678669,1.39183895712859,9.94848651399065,-1.14187686511952,0.183452742079626,1.39183895712859,8.3487147185309,2.49892369892822,0.0675416291163828,-0.39586033646494,-6.60821973048954,-7.05938967376294,1.98508203565176,9.58601265203667,-4.1306097540677,0.608056075793188,-4.68415064736562,0.649984572289172,4.91654128,0.07805862,-0.834,0.02696514,80.2177122746945,-110.880181420552,1273.48618450585,0.616402024216604,0.629049770452521,8.32384382170557,0.187154629913066,-1.21168466974834,-913.320147395048,-914.021158407581,-931.734434016572,-932.749938769652,0.993680671656281,-945.850315233373,1.15270031654283,1876.19553791893,1900.63530037977,NA,2436.09218759114,0.396782419258383,1.12705223872352
"643",-5.86,0.79,-5.86,0.83,1.359326,9.604077,-1.1484446,0.2002995,35,35,-6.0674776118225,0.878175985636213,-5.72973097903416,0.802012717507729,1.28741772760164,6.85604262954309,-0.581854725540069,0.0959250004824434,1.28741772760164,9.7093595352298,-5.89860429542833,0.840094351571971,1.28741772760164,6.88456082653306,-0.588285697378206,0.0973752113354462,1.28741772760164,9.72852094615827,2.49399250680787,0.064895111422982,-0.386658692309203,-6.79327356502452,-6.90928797499105,1.65172900776735,13.882555391976,-4.5778980394525,0.667335554698628,-4.26916691861644,0.605023879042247,3.14396972,0.05313051,-0.701,0.02632522,88.0529216667446,-126.550600204652,1275.30873172317,0.771666536077611,0.707183166811708,6.68358051212606,0.135616277729574,-0.912949629948561,-889.924073645284,-890.260284262351,-923.154567415455,-923.279700972697,0.121667027691906,-912.733065026507,0.0651560171595973,1829.40339041941,1883.47556717754,NA,2424.06686324169,0.388068452565864,0.899921827343292
"644",-5.86,0.79,-5.86,0.83,1.359326,9.604077,-1.1484446,0.2002995,35,35,-6.36044874079627,0.823343169202335,-6.14373715701697,0.915631159454882,1.47736829533887,6.87996773115833,-0.816841676453,0.145244619842761,1.47736829533887,6.32833140071334,-6.25209294890662,0.869487164328608,1.47736829533887,6.89170870879437,-0.811841707320141,0.147373888128974,1.47736829533887,6.68915097032127,3.12384345965129,0.0850448875834886,-0.498089188035674,-7.41292442523369,-6.64638487687569,1.96454133253201,7.95556796793592,-4.30169891307434,0.558096173533307,-4.59895495459554,0.691921262374118,2.47251568,0.04965287,-0.706,0.02763651,86.4800387219873,-123.404834315137,1273.43821465642,0.078480892628102,0.0761141422451979,9.30444215303064,0.205826837884532,-1.33768882819997,-912.834673696979,-915.040394171857,-930.316500685498,-933.680877099231,3.34806511765433,-937.447928187796,3.97431045843354,1875.2245905228,1897.79943371762,NA,2423.4715949977,0.49345672491464,1.26979334946227
"645",-5.86,0.79,-5.86,0.83,1.359326,9.604077,-1.1484446,0.2002995,35,35,-5.39286577956711,0.726244143456837,-5.43433477770868,0.777184400114408,1.28391890689175,14.0858911117591,-1.69301829553005,0.301406050973033,1.28391890689175,14.6567966035973,-5.41360027863789,0.751714271785622,1.28391890689175,14.0863210312108,-1.69354640588222,0.302054778410118,1.28391890689175,14.7080767479598,3.01513657053947,0.0806348438976705,-0.473694177830315,-7.02383233309947,-6.76181246387592,2.36163816721345,13.2110798411587,-3.84131094089737,0.517206695652186,-3.62864241692232,0.517134236506152,6.16110449,0.13706197,-0.825,0.02483693,81.4563011412605,-113.357359153684,1359.28179221637,0.839490107211774,0.810575663000918,10.2767194936145,0.222856110444765,-1.44344164159619,-928.050035921398,-928.223306164476,-949.072915432413,-949.301809282139,0.22271796108322,-998.712750487038,0.243430490453162,1905.65531497163,1935.31226321145,NA,2605.20622527906,0.480070244536892,1.46060179163402
"646",-5.86,0.79,-5.86,0.83,1.359326,9.604077,-1.1484446,0.2002995,35,35,-5.79209530732613,0.80427228001288,-6.29688561944345,0.816630853112687,1.46748882007047,6.26407853906794,-0.593517240124203,0.102663395342068,1.46748882007047,7.38593252062601,-6.04449046338479,0.810451566562784,1.46748882007047,6.32778185386982,-0.595076862117298,0.102701578924333,1.46748882007047,7.49700789395522,2.60716376317672,0.0691277215519189,-0.404491673166687,-6.9581904145839,-7.3893515461982,1.87827843900775,10.350691815811,-4.13177178652584,0.5682717894473,-4.35585024512499,0.571701124137061,4.6321082,0.07663735,-0.813,0.02750741,77.3252301347705,-105.095217140704,1304.76757435226,0.819233600733812,0.784636794282853,6.88474855723161,0.139654590361438,-0.944786837437866,-911.178872364429,-911.719284127453,-938.109173726946,-939.03026781717,0.90068997905821,-934.741765773191,1.03763320759717,1871.9129878577,1913.38477980052,NA,2504.43993156381,0.425038203076842,0.909762952984311
"647",-5.86,0.79,-5.86,0.83,1.359326,9.604077,-1.1484446,0.2002995,35,35,-6.09162457126806,0.828948303502355,-6.35492979903075,0.897960381743818,1.44603170589527,7.35953521611451,-0.9302829233489,0.187627853813546,1.44603170589527,8.25630965417326,-6.2232771851494,0.863454342623086,1.44603170589527,7.3768676268563,-0.934825733593837,0.188818520549347,1.44603170589527,8.27685689663873,3.02798134771495,0.0741283640515128,-0.462222610081826,-7.11070631598551,-6.96285543982814,2.06078773862863,9.6696696446209,-4.55510760454098,0.618244347260785,-4.54552694241651,0.650050308953794,3.43237303,0.10436189,-0.785,0.02409522,103.079048314054,-156.602853499271,1302.89024129387,0.807139712625375,0.807742618631609,8.566240413815,0.182668026678431,-1.21173454518625,-921.272068237974,-921.455436893857,-941.412909612314,-941.568124055344,0.150947033953473,-955.295695138743,0.11830702449484,1892.09937960479,1919.99225157126,NA,2449.17762908848,0.424566189556608,1.13589477888936
"648",-5.86,0.79,-5.86,0.83,1.359326,9.604077,-1.1484446,0.2002995,35,35,-5.81914362035516,0.771176784074581,-5.88048237090627,0.816552020028835,1.50788675571906,9.52811397313211,-1.33476196749143,0.27618250657667,1.50788675571906,9.58223444645089,-5.84981299563071,0.793864402051708,1.50788675571906,9.5290545837119,-1.33545778256128,0.276697234586146,1.50788675571906,9.61061511843367,3.86821602476748,0.0995677807959307,-0.606226036560313,-7.18241312829801,-6.973417964775,2.4537094442804,9.39056351267925,-3.67587018729441,0.485169727104535,-3.69550670616212,0.509561498772198,3.69412254,0.11512317,-0.828,0.02948831,58.5736134354607,-67.5919837420841,1331.83011651573,0.906544254278316,0.913721520821815,10.9339416991632,0.235823115719109,-1.53370485822771,-942.902996723345,-943.027561898913,-961.045990148456,-961.233473027556,0.182370340082215,-997.123542571545,0.203871818838604,1935.36123657553,1959.25841264354,NA,2596.06824928937,0.559925446965474,1.54138133686687
"649",-5.86,0.79,-5.86,0.83,1.359326,9.604077,-1.1484446,0.2002995,35,35,-6.42887179926211,0.860208505129407,-5.83877306541692,0.772114543659662,1.44719217071592,9.10205457852427,-0.976948799797566,0.16918996446205,1.44719217071592,9.42312352880323,-6.13382243233951,0.816161524394534,1.44719217071592,9.1891087074457,-0.989944833578242,0.171130100973908,1.44719217071592,9.43761594554597,3.20594776304725,0.0872703867547816,-0.518134141424915,-7.26171335188211,-7.19645564441573,2.05443188365135,11.5159985147358,-4.88677112695944,0.658870465582782,-4.20358528811961,0.558517076084117,6.32125434,0.10288169,-0.86,0.02737006,74.3788071956267,-99.202371262416,1355.43794004772,0.666993383637269,0.581770540047672,7.41905549939702,0.159187000409134,-1.03514277239397,-925.865872419367,-926.149536531937,-949.919939124688,-950.017200234386,0.0945478901581263,-960.124992770477,0.0197084893726751,1901.28698796757,1937.006310596,NA,2611.67350883303,0.479861864324747,1.05374342473253
"650",-5.86,0.79,-5.86,0.83,1.359326,9.604077,-1.1484446,0.2002995,35,35,-7.56089269620214,0.93814811317628,-5.9128920799954,0.798944069963299,1.35763194678912,7.97005034339835,-0.973237079620473,0.178860648421514,1.35763194678912,8.18868556888066,-6.73689238809877,0.86854609156979,1.35763194678912,8.6490268511528,-1.03058916686884,0.183705089833224,1.35763194678912,8.65235496064461,2.6665152026228,0.0724771269937233,-0.427365713432307,-7.92939023249667,-7.11073128394864,1.95319228864383,9.45061977559253,-5.39280103116622,0.672425825861308,-4.1852575193997,0.56069024318339,5.10856503,0.13502792,-0.857,0.02277746,116.240020493214,-182.92479785759,1383.19823621235,0.143422622145038,0.121177614727972,9.77075967830666,0.174599625869771,-1.26514977693387,-906.87980457313,-909.718348677546,-925.444765897109,-928.890797662963,3.43134155626454,-941.431977014566,3.90720267849278,1863.3148522751,1888.05596414085,NA,2583.47167456712,0.411011103163053,1.20383202906199
"651",-5.86,0.79,-5.86,0.83,1.359326,9.604077,-1.1484446,0.2002995,35,35,-5.16453311830492,0.698353780676179,-5.9909489918651,0.832743555383916,1.31203372345768,10.2862948046178,-1.20038523262597,0.210400792507048,1.31203372345768,10.6321220818908,-5.57774105508501,0.765548668030048,1.31203372345768,10.4570356036359,-1.22815069339164,0.214915945393547,1.31203372345768,10.6631566753358,3.14244174774215,0.0726370471765419,-0.46471686425305,-6.96166323610048,-6.98741960796883,2.11175339269973,11.0613872786526,-3.07270249926416,0.417813669606238,-4.62344462285671,0.63900002218128,4.35307459,0.08968762,-0.794,0.02897152,60.8084044412917,-72.0615657537461,1303.13528855376,0.0822581126692729,0.0535942139910216,9.5950151539159,0.202809067755176,-1.34939612771454,-912.721880037831,-913.279712955365,-933.580516937585,-933.767028792542,0.181424536245674,-965.572259413655,0.00309938746253786,1874.9990032045,1904.3274662218,NA,2534.20901135378,0.429319448540245,1.27364336272374
"652",-5.86,0.79,-5.86,0.83,1.359326,9.604077,-1.1484446,0.2002995,35,35,-6.12196846497483,0.825757031942496,-5.76220459694787,0.74918580076226,1.164805620523,8.67085629354412,-1.16092046440515,0.208515059193231,1.164805620523,8.31939956705725,-5.94208653096135,0.787471416352378,1.164805620523,8.70321380372855,-1.16780735498239,0.209980847554345,1.164805620523,8.33757110420507,2.43302457194051,0.0624432503830059,-0.371865102709486,-7.16006297984117,-7.25649069286289,1.92086505871195,7.76612103128272,-4.30676145723818,0.582257130152265,-3.8202163304765,0.489563494134567,5.55735,0.15681616,-0.904,0.02317928,106.614623923005,-163.674004717173,1253.94870093718,0.720188672348689,0.684418697421015,7.69088058112613,0.149330169031573,-1.04335183419662,-875.875055632832,-876.081615033032,-888.902540265627,-889.038897665227,0.132590572725259,-931.191216394491,0.0657122557312924,1801.3053543945,1814.97151287788,NA,2344.22339715718,0.385124387438256,0.956061735135407
"653",-5.86,0.79,-5.86,0.83,1.359326,9.604077,-1.1484446,0.2002995,35,35,-5.50102836845447,0.750012238792236,-5.21620418653792,0.872911053632149,1.30283678889174,9.19877786757331,-0.873208577375282,0.156974383812559,1.30283678889174,12.7996490337795,-5.3586162774962,0.811461646212193,1.30283678889174,9.21905907122441,-0.864457438776458,0.160750413484822,1.30283678889174,13.5200863029114,2.31172847023594,0.0658353268837661,-0.375002230666728,-6.9903907604441,-5.97336724221469,1.88450534415258,15.9082357968305,-3.82898579591772,0.525218259856021,-4.38734615764651,0.732660997678668,5.786802,0.1097874,-0.742,0.0189591,135.60893662106,-221.662630113284,1330.46924027609,0.0466012227543211,0.0423183143463933,5.31492495440246,0.130653165874493,-0.770962473299679,-911.928679457936,-914.289063045708,-943.818190360828,-947.38047591288,3.55007103304226,-949.500925811146,3.86289838582637,1873.41260204471,1924.80281306828,NA,2439.2758504389,0.386904544710479,0.907067778790575
"654",-5.86,0.79,-5.86,0.83,1.359326,9.604077,-1.1484446,0.2002995,35,35,-6.28861067513898,0.868856837188803,-4.96387002398131,0.73788026624807,1.28516942715517,10.2270183999737,-1.21307006155195,0.206999821048837,1.28516942715517,9.92902868027472,-5.62624034956015,0.803368551718437,1.28516942715517,10.6657528481811,-1.25644755852055,0.211288536582685,1.28516942715517,10.1604886969414,3.5196763758127,0.0860989455939939,-0.530804726151081,-7.06992770327637,-6.52551156900082,2.0258297325541,10.4154907696365,-4.43160625204565,0.62053176043589,-3.66772360335677,0.563430698519701,4.82484034,0.10189082,-0.801,0.02615143,76.8495380237966,-104.143832918756,1274.77586407373,0.39031855641053,0.378085119057213,8.14330679370336,0.171408770818494,-1.14470801695374,-905.19130164594,-906.516257492197,-924.147638532761,-925.614650590872,1.44013540395772,-953.468819277523,1.52514595834079,1859.93784642072,1885.46170941215,NA,2445.40789522871,0.517043374847399,1.07157966987417
"655",-5.86,0.79,-5.86,0.83,1.359326,9.604077,-1.1484446,0.2002995,35,35,-6.34920698395646,0.894324871182478,-6.47318780173664,0.85201835630192,1.45722853169311,12.6402614473804,-1.50092709912245,0.261178636278864,1.45722853169311,11.2640729075887,-6.41119739284655,0.873171613742199,1.45722853169311,12.6441042581747,-1.49961580004438,0.261626096579199,1.45722853169311,11.3517069745355,3.48619528033246,0.093933908773292,-0.556666431406928,-6.97879205591793,-7.35482414170753,2.28014465211001,12.0001975208479,-4.56564168325687,0.638478255784545,-4.53854828371602,0.609212374863899,6.17393932,0.13379499,-0.852,0.02648481,77.0979990477372,-104.640754966637,1389.84447293597,0.87375913021564,0.855292017709021,10.7919941231623,0.2152605611381,-1.44583743814551,-943.017240307224,-943.343656300324,-962.998476930905,-963.496889788989,0.485900287554533,-986.992167355435,0.567654935733355,1935.58972374329,1963.16338620844,NA,2675.04819090531,0.532156425294142,1.50154010066639
"656",-5.86,0.79,-5.86,0.83,1.359326,9.604077,-1.1484446,0.2002995,35,35,-6.70268766107587,0.886890557698883,-5.89646212856437,0.880944255765905,1.45238078940607,7.90982060738595,-0.881369487465287,0.133633308828107,1.45238078940607,6.00185021454541,-6.29957489482012,0.883917406732394,1.45238078940607,8.0723205097043,-0.882568002575882,0.133642148454777,1.45238078940607,6.35984400073933,3.09220612553372,0.0818004685581064,-0.484268594270897,-7.37656444899669,-6.60576544467844,1.88831950972059,7.74345021687468,-4.73187434971975,0.627575349145356,-3.95133334628324,0.594140400014766,4.2490672,0.08518962,-0.88,0.03223266,51.4333557072488,-53.3114682856602,1252.81463241299,0.0850797753600624,0.0781090503770435,8.73434994342061,0.170341149401926,-1.17300677470987,-905.21078655406,-907.366862799631,-922.947104155879,-926.437605608842,3.47673496508342,-926.913936726132,4.28223926721069,1859.97681623696,1883.06064065839,NA,2452.31779654033,0.483945257714492,1.14290140323897
"657",-5.86,0.79,-5.86,0.83,1.359326,9.604077,-1.1484446,0.2002995,35,35,-6.44419802185836,0.882442133105224,-6.12807234284544,0.78605605292645,1.33082492707335,8.05005767414948,-0.797724934520584,0.138345425926688,1.33082492707335,10.0113931959125,-6.2861351823519,0.834249093015837,1.33082492707335,8.07504153538232,-0.80534246328156,0.140667995039746,1.33082492707335,10.0707123220323,2.46494768007669,0.0588601480468019,-0.367237531215296,-7.14457737239021,-7.40269501727448,1.82906218469533,12.9513973381437,-4.90102127362652,0.681669073219454,-3.88525365374039,0.499371793197241,4.6897509,0.1012247,-0.807,0.0260662,84.4506920507677,-119.346140972698,1351.39170885337,0.237289586194723,0.206059183864107,8.36537252595219,0.155469785274068,-1.09494008464071,-905.278895580425,-905.80180527536,-933.225768991728,-933.601851681225,0.366320637577941,-935.456994939156,0.310696363769188,1860.11303428969,1903.61797033008,NA,2583.43727673405,0.356370843884248,1.0810243627646
"658",-5.86,0.79,-5.86,0.83,1.359326,9.604077,-1.1484446,0.2002995,35,35,-5.83518027938681,0.817615079937924,-5.67704129642386,0.798075380827641,1.3576084098492,10.0175451573747,-1.04990863825751,0.165956223179146,1.3576084098492,9.84678483061847,-5.75611078790533,0.807845230382782,1.3576084098492,10.0237971418579,-1.05068113529368,0.166051673139476,1.3576084098492,9.84853200407544,2.94834252085206,0.0742425176150589,-0.448912860049936,-6.92178243740499,-6.88005592545683,1.95906525860593,11.834279286812,-4.02347079163301,0.572538586293315,-3.95800188238118,0.548289174919036,5.34983625,0.09113392,-0.846,0.02874387,61.3312588536768,-73.1072745785162,1289.99718700264,0.931101055574836,0.935162292229165,7.64274821643791,0.159698659577809,-1.05848214050327,-912.609437415235,-912.626531953298,-937.053225010038,-937.064499530082,0.0109532729679086,-949.358594789853,0.00824044636349074,1874.77411795931,1911.2728823667,NA,2506.88709942677,0.45055264077969,1.04731385721274
"659",-5.86,0.79,-5.86,0.83,1.359326,9.604077,-1.1484446,0.2002995,35,35,-5.21092477904487,0.741933693209312,-5.94848407874114,0.829024289331633,1.39014898305242,8.97639588451245,-1.35870246776056,0.258916216053191,1.39014898305242,6.6330920527913,-5.57970442889301,0.785478991270472,1.39014898305242,9.11239431465455,-1.37476108753208,0.260812409036426,1.39014898305242,6.67532198421209,2.37679301074978,0.0639104628019653,-0.373427745084349,-6.74841705513384,-6.96711311955059,2.29935402666046,5.62307357140898,-3.57161662413736,0.502760526213471,-4.55044869049646,0.645547027656274,5.15738651,0.15292041,-0.894,0.02557159,84.6653966207348,-119.775550112632,1217.49228740061,0.383196068591255,0.332496017488769,6.68061843538739,0.149860594357566,-0.975121356213537,-909.260369492991,-909.752530747629,-918.260068396965,-918.646274661167,0.376208660494741,-965.443380698028,0.373734743962659,1868.07598211482,1873.68656914056,NA,2315.20902468858,0.383865804939125,0.889022824375594
"660",-5.86,0.79,-5.86,0.83,1.359326,9.604077,-1.1484446,0.2002995,35,35,-6.71728674399311,0.869642636556214,-6.84735717945498,0.937224677232247,1.29224871811315,8.47082516914825,-0.922067224607138,0.152684379771708,1.29224871811315,8.91416581808508,-6.78232196172405,0.903433656894231,1.29224871811315,8.47505474869356,-0.924264830972172,0.153826212827193,1.29224871811315,8.97232497166799,3.37699202739165,0.0903783510377646,-0.533906972874606,-7.49392218284063,-7.22135630814672,1.77569932735764,11.173388076593,-5.28710888478947,0.699220786138088,-4.77954253415476,0.649175737878722,5.63452429,0.1028583,-0.845,0.02093979,131.163250114279,-212.77125709972,1344.21343767578,0.769700428075069,0.710403225041511,7.75899574485244,0.157975755687473,-1.07160419219715,-896.290211844154,-896.68168792416,-918.671458840503,-919.080897831099,0.398906223297477,-923.431321993094,0.408986550356937,1842.13566681714,1874.50935002763,NA,2475.65561825184,0.525963538057816,1.00861715993546
"661",-5.86,0.79,-5.86,0.83,1.359326,9.604077,-1.1484446,0.2002995,35,35,-6.90590405643142,0.885131719020691,-5.26405129285501,0.738948598396709,1.48807109547118,11.4288538742163,-1.46512946647357,0.250341953943903,1.48807109547118,8.21514726907171,-6.08497767464321,0.8120401587087,1.48807109547118,12.1027739985322,-1.52513225661975,0.255684330132744,1.48807109547118,8.59653710895525,3.32271819276139,0.0847175374337362,-0.511186673669868,-7.59025955006255,-6.81932799138504,2.35040286337137,8.14167998284627,-5.03158671204648,0.652298702998311,-3.03361587220426,0.42698443569447,4.75470577,0.12874706,-0.863,0.03032182,53.7966818545166,-58.0381205801958,1336.93805335637,0.0118292495835302,0.00547981553735233,12.349096073121,0.222013291809242,-1.61101975958068,-934.52907017857,-936.762484429903,-948.122056390034,-950.960818409634,2.81433474200926,-982.103179813044,3.29162451501057,1918.61338348598,1933.4105451267,NA,2615.83798613255,0.504381828643852,1.49713343897848
"662",-5.86,0.79,-5.86,0.83,1.359326,9.604077,-1.1484446,0.2002995,35,35,-5.93729216474656,0.797175788683228,-5.40663335040014,0.749005498190148,1.44789292197943,8.76848387320604,-1.10362798699997,0.202346802423545,1.44789292197943,8.01191270903984,-5.67196275757335,0.773090643436688,1.44789292197943,8.83888356751692,-1.11001848430992,0.202926896645092,1.44789292197943,8.05135702472465,2.60771087635269,0.0732818649046357,-0.425844754797156,-7.14566633098866,-6.90199364238294,2.20177590506514,8.56096682759785,-4.46255536224621,0.616050537886761,-3.59583179146374,0.4934953799186,4.63562736,0.10850161,-0.838,0.02783025,68.467837620435,-87.3804321120327,1273.73853430034,0.473344035614438,0.430899309994435,8.50634076906113,0.176810713143571,-1.18683200365537,-922.911031412516,-923.182122494656,-939.854983689635,-940.16069871547,0.297629765529895,-967.668735933987,0.335649299878158,1895.37730595387,1916.8763997259,NA,2460.09663648864,0.41009134565363,1.11761735360217
"663",-5.86,0.79,-5.86,0.83,1.359326,9.604077,-1.1484446,0.2002995,35,35,-5.0828241665597,0.747688763335471,-6.04730215489412,0.871406112957937,1.66342356113846,7.54853509622519,-0.863340063261482,0.178274643267222,1.66342356113846,8.50479361011215,-5.56506316072691,0.809547438146704,1.66342356113846,7.7810895437206,-0.893170728382969,0.182101138916624,1.66342356113846,8.55244460859767,2.7650203014198,0.0746421109858127,-0.430393843660406,-6.58602922407543,-6.81343125767462,2.31050839426356,10.5939791621886,-3.43542552729186,0.507750483534195,-4.24883837072922,0.617600530887168,4.3123164,0.10141258,-0.795,0.03041631,48.9881537712411,-48.4210644136447,1312.14692694519,0.505328930495174,0.476099879409882,8.31859931657848,0.193838427898202,-1.21087038737837,-953.198046374871,-953.923306127063,-977.580696477396,-977.930755264209,0.340908811903958,-986.226446848907,0.229718294634971,1955.95133587858,1992.32782530142,NA,2575.87278947674,0.466516653688598,1.23455078656988
"664",-5.86,0.79,-5.86,0.83,1.359326,9.604077,-1.1484446,0.2002995,35,35,-5.73859323709934,0.790372258531326,-5.76903707274322,0.807183956693337,1.41226829190836,7.30977893273477,-0.986374838074263,0.199366638108437,1.41226829190836,7.78049714100421,-5.75381515492128,0.798778107612332,1.41226829190836,7.31001063951695,-0.986502791218198,0.19943729640721,1.41226829190836,7.7839532086826,2.93336754347367,0.0765970132499633,-0.453458054529037,-6.98750107543824,-6.91778516379284,2.12322271747956,8.34616139265128,-4.37139684528645,0.610796469078422,-4.64560240190276,0.659372594838046,5.4638123,0.12414605,-0.858,0.02864387,63.5822018279212,-77.6091605270049,1275.93090266983,0.913515763521232,0.902431552529818,5.23500775767475,0.128619675580748,-0.783430250112395,-914.448928434522,-914.468577029092,-931.930489948709,-931.958037037948,0.0267652956724788,-957.972776841191,0.0291462009242105,1878.45309999788,1901.02741224405,NA,2474.25264481266,0.465721245357316,0.800953700599606
"665",-5.86,0.79,-5.86,0.83,1.359326,9.604077,-1.1484446,0.2002995,35,35,-6.53568990886533,0.914642722141931,-6.55958957296555,0.868547520080872,1.35753212939109,12.0979196932784,-1.56939947678814,0.249212373647646,1.35753212939109,7.41609448067451,-6.54763974091544,0.891595121111401,1.35753212939109,12.0980624917644,-1.56912406182667,0.249743565560908,1.35753212939109,7.47701278011191,3.67053747067702,0.106301209824728,-0.610223329542085,-7.04422648245687,-7.34274943239006,2.13239587744705,7.00128238835274,-4.6110022669061,0.64362957699227,-4.31800587947594,0.581068807134844,6.6457047,0.1600338,-0.918,0.026495,79.9855927230217,-110.415942317206,1289.3121987796,0.823220840109432,0.797663078746128,9.9654974607483,0.188692617982373,-1.3394374567253,-909.198574152919,-909.602613329257,-919.278860976038,-919.783717705964,0.492205068663984,-953.591257533164,0.62154843617788,1867.95239143468,1875.7241542987,NA,2468.20845524199,0.586203535759095,1.20999224209575
"666",-5.86,0.79,-5.86,0.83,1.359326,9.604077,-1.1484446,0.2002995,35,35,-5.2020845600547,0.756610549582519,-6.37975461694356,0.849438054580925,1.35008617607342,6.92133177573655,-0.925037247663278,0.186671548232716,1.35008617607342,7.77478947279413,-5.79091958849913,0.803024302081722,1.35008617607342,7.26805846645969,-0.952367290936358,0.188825784653774,1.35008617607342,8.04183926744138,3.46343882472606,0.0943080702195744,-0.557292849501119,-6.65213592379948,-7.27676372686395,2.02458626170311,8.39672568900634,-4.17593592250545,0.611593363558189,-4.49588794331341,0.596244020208737,5.20566681,0.12916656,-0.866,0.02681573,75.9147045575667,-102.274165986296,1265.32248084493,0.385500268173693,0.367194878253613,5.56598389623287,0.122213512619999,-0.7799700953241,-903.082283362295,-904.934950821651,-920.852939698137,-922.951528157738,2.06949535283046,-946.507040983982,2.44048841055515,1855.71980985343,1878.8723117429,NA,2428.37079570355,0.528182258379169,0.82198108573528
"667",-5.86,0.79,-5.86,0.83,1.359326,9.604077,-1.1484446,0.2002995,35,35,-5.90836053725235,0.771490734552228,-6.94161093861462,0.974458535273595,1.52259321828205,8.0328740861422,-0.900846436235467,0.158422185364782,1.52259321828205,7.6417710109957,-6.42498573793349,0.872974634912911,1.52259321828205,8.29977568412102,-0.953275576625208,0.1687211673972,1.52259321828205,7.71969831144586,2.73236031080245,0.0698707128103564,-0.418608568583744,-7.26975960949029,-7.09378037609449,2.07036119034724,9.61485628645436,-4.19975241710715,0.556139923200168,-5.35526247150971,0.765987468822946,5.0610891,0.10659328,-0.833,0.02716886,77.1508064643655,-104.746369799894,1336.430553504,0.158219686642484,0.152409918724947,7.51031585654638,0.159543612502409,-1.05287388134123,-928.286475142954,-929.785777349235,-949.244070797116,-949.872467802423,0.613191025759423,-956.250945378088,0.167690927814213,1906.12819341475,1935.65457394086,NA,2568.11473720811,0.42468700412579,1.02228988255765
"668",-5.86,0.79,-5.86,0.83,1.359326,9.604077,-1.1484446,0.2002995,35,35,-5.13542602768781,0.731791406481536,-5.90502009010056,0.857435935184971,1.38579009925558,8.32871938409165,-0.856364649162283,0.173479037868979,1.38579009925558,11.9283773988253,-5.52022305889419,0.794613670833254,1.38579009925558,8.47678813931687,-0.880538469978484,0.177425674767256,1.38579009925558,11.9539738403266,3.90744001299797,0.107431138933998,-0.633418242406083,-6.73334342358323,-6.7543798969921,2.03653716219471,14.3996312519501,-3.33285027624944,0.478375228998017,-4.16523235117933,0.593622114130838,5.38091141,0.12145695,-0.808,0.02649048,70.3234377816727,-91.0916324345081,1333.98120956908,0.525462850310885,0.513334112978036,7.00540992609855,0.157501234281218,-0.988507165943765,-924.393254742288,-924.96213045652,-954.375869041457,-954.514322574729,0.134630817804363,-965.23837554862,0.00167915262118661,1898.34175261341,1945.91817042954,NA,2576.87078670364,0.594516230689072,1.06709334952106
"669",-5.86,0.79,-5.86,0.83,1.359326,9.604077,-1.1484446,0.2002995,35,35,-5.6664925767222,0.695073656973151,-5.1141886497802,0.699614920916386,1.2483103215183,9.94165119293145,-1.36215026156029,0.262754113332108,1.2483103215183,10.3872384878804,-5.3903406132512,0.697344288944768,1.2483103215183,10.0179110998603,-1.36152322208301,0.262759269101659,1.2483103215183,10.6225535237273,2.97772161049162,0.075346326338954,-0.45741029774606,-7.4831648227434,-6.90380522036962,2.29835078274782,8.79386577172487,-4.23990420781621,0.533485245873973,-3.6573638474962,0.500952935979249,6.19426187,0.16088405,-0.878,0.02356317,97.5001353552479,-145.445027581659,1300.45039035484,0.435453863636703,0.411854771986349,6.37551358959917,0.132234250564716,-0.862298439376537,-903.945099558809,-904.87413132941,-919.893181148636,-921.324973907671,1.40520657880455,-979.02834456564,1.77448739870464,1857.44544224646,1876.9527946439,NA,2455.45575312803,0.445539151580507,0.93655292537593
"670",-5.86,0.79,-5.86,0.83,1.359326,9.604077,-1.1484446,0.2002995,35,35,-5.72030912248758,0.783556509476596,-4.77810526970638,0.7586455696862,1.37255905549359,9.86482985306325,-0.899727883652752,0.129424346282504,1.37255905549359,10.3701046246838,-5.24920719609698,0.771101039581398,1.37255905549359,10.0867668781122,-0.905595679514482,0.129579485012814,1.37255905549359,10.7727977856111,3.002140344586,0.07852957705512,-0.471472924688412,-7.00982342998445,-6.2160325102752,1.91178591107829,13.4046757281498,-4.16598588674335,0.576675821523062,-3.41650302758832,0.538958043367688,5.11941406,0.08001234,-0.789,0.02815689,64.0587170108815,-78.5621908929257,1288.61390180598,0.327536027370349,0.280381030401625,7.33106372784663,0.14125956789055,-0.970635691796061,-911.565276831602,-912.939435362696,-943.034852621729,-945.471138802406,2.40834502820733,-947.413501378841,2.7228045762233,1872.68579679204,1923.23613759009,NA,2498.66561271904,0.450769182654645,0.984897826863596
"671",-5.86,0.79,-5.86,0.83,1.359326,9.604077,-1.1484446,0.2002995,35,35,-6.34653998166955,0.779172846749096,-4.4571651746108,0.677850144678169,1.2995651513743,7.31541470840223,-0.914441435768137,0.180359555112748,1.2995651513743,8.8318442274852,-5.40185257814017,0.728511495713633,1.2995651513743,8.2078489987893,-0.962300575937118,0.182926127601487,1.2995651513743,9.96242093800317,3.22246919833362,0.0765289137959222,-0.476158139699294,-7.66217101733728,-6.37645064996044,2.06001869358453,9.2173953679664,-4.58336850654892,0.558959262982722,-3.49373020342124,0.543775170359597,4.18216475,0.09722396,-0.794,0.01986868,140.572178460393,-231.589113791949,1284.43906927706,0.00826967596494773,0.00851439378519087,6.94261777141667,0.131317601384368,-0.886592024371881,-899.267032019019,-904.668206430393,-919.47101712451,-927.090280308508,7.81940951630458,-953.688279670266,9.34606180053585,1848.08930716688,1876.10846659565,NA,2337.28902476218,0.474176246303885,1.01755512322408
"672",-5.86,0.79,-5.86,0.83,1.359326,9.604077,-1.1484446,0.2002995,35,35,-4.99493090862614,0.66868580138912,-5.56009767488522,0.756617096824834,1.58278577461899,8.79691325304422,-0.988688064325828,0.143965539714341,1.58278577461899,5.51028386001843,-5.27751429175568,0.712651449106977,1.58278577461899,8.87676662146517,-1.00111202579942,0.145898517893592,1.58278577461899,5.52208301668269,2.30490442092691,0.0667921246255167,-0.376845707191423,-6.96881516983653,-7.01011003185452,2.259782352388,6.28671388034984,-3.5593764803871,0.485175655671107,-3.83156922612441,0.527168992300656,3.93248228,0.06022762,-0.878,0.03624529,29.253458567522,-8.9516740062066,1204.87650979883,0.900696779875574,0.898491074931473,8.25131482100743,0.169691065299564,-1.14638951376086,-922.3151733898,-922.604601648337,-938.917373934947,-939.044126227909,0.123242345559902,-964.53250841997,0.0123236873101556,1894.18558990844,1915.00118021652,NA,2400.80134559146,0.39283748294602,1.07368753342726
"673",-5.86,0.79,-5.86,0.83,1.359326,9.604077,-1.1484446,0.2002995,35,35,-6.26178343481216,0.921319067147819,-6.03174901354238,0.845383739443851,1.24211675999318,8.45445165479014,-1.01378342342442,0.168551703902319,1.24211675999318,7.84896935855363,-6.14676622417727,0.883351403295835,1.24211675999318,8.46768061353238,-1.018150358215,0.169993247400696,1.24211675999318,7.89411937303393,2.82661439827706,0.0739049148168869,-0.442463952631909,-6.73054407249517,-6.95291268391508,1.78616155944746,8.93419115341024,-4.81919175816824,0.70509047367775,-4.51208337459529,0.622266852414237,5.76496802,0.11428261,-0.884,0.02610863,84.7863847509054,-120.017526372973,1239.4358315305,0.552766246937124,0.528052461042832,6.25203301984631,0.142266639508136,-0.913388652207755,-884.429423997236,-884.814359748648,-901.021113204229,-901.377365476102,0.34695577080875,-917.756156938886,0.331619972297568,1818.41409112331,1839.20865875509,NA,2358.85413668803,0.429367583837357,0.860937304768882
"674",-5.86,0.79,-5.86,0.83,1.359326,9.604077,-1.1484446,0.2002995,35,35,-5.37726524514003,0.729315992500791,-5.93516296822088,0.804341871774429,1.45911649138648,8.39441199950069,-0.9264979142342,0.169447988382151,1.45911649138648,9.11420252931838,-5.65621410668045,0.76682893213761,1.45911649138648,8.47222446685539,-0.936962106038925,0.170855209022346,1.45911649138648,9.13015301742888,3.56548128853435,0.0877075131250839,-0.539893123972303,-6.9899305169703,-7.10084346577158,2.12650116902319,10.777011396639,-3.76877519027693,0.516356277846237,-4.13963709035107,0.566957067921998,4.94886802,0.09671391,-0.827,0.02904014,59.4536289469916,-69.3520147651457,1309.64157049023,0.877712539850348,0.870797403921453,7.24509956137463,0.152384462177033,-0.996928349926299,-926.275570613124,-926.515937231918,-949.824347034905,-949.934652783704,0.107238626908045,-966.442218265678,0.058453530100415,1902.10638435509,1936.81512641644,NA,2549.93112621532,0.523241573240631,1.03323784524739
"675",-5.86,0.79,-5.86,0.83,1.359326,9.604077,-1.1484446,0.2002995,35,35,-5.67455362298898,0.747259822616174,-5.92348054492087,0.862786990051071,1.2027998734209,11.8379281170461,-1.31537893263533,0.191868333205335,1.2027998734209,10.0745279327072,-5.79901708395492,0.805023406333622,1.2027998734209,11.8534192701617,-1.32256838818259,0.195204964809217,1.2027998734209,10.2396130416144,3.09882551571339,0.0829725862890566,-0.488522835787294,-7.18031419831337,-6.74096015161167,1.89388094610158,10.6305150642956,-3.82309144576721,0.508406672059952,-4.3441821665907,0.632018457126801,5.4113833,0.1068595,-0.857,0.0223369,111.946125445903,-174.337007762969,1256.09168000603,0.341937095042215,0.314818427303013,8.9553725570809,0.17170344004466,-1.20560646112458,-888.046250717233,-889.243948114338,-908.844975990169,-909.880746847535,1.01365832240417,-937.620903042678,1.04285661486931,1825.6477445633,1854.85638432697,NA,2337.84635224908,0.488594071091635,1.11392560003048
"676",-5.86,0.79,-5.86,0.83,1.359326,9.604077,-1.1484446,0.2002995,35,35,-5.78803272683695,0.773025765237399,-6.58975086858538,0.885809708442846,1.46018107076487,9.13874445870531,-0.971910935404516,0.14471148481461,1.46018107076487,7.33949086570432,-6.18889179771117,0.829417736840123,1.46018107076487,9.29943245340744,-0.994516168745949,0.147891539275852,1.46018107076487,7.36894411956187,2.45810381219294,0.0636857451013889,-0.37763968380972,-7.14028648347224,-7.27006707668251,1.98463821400499,9.2392938447142,-4.55368534081965,0.614244910723742,-4.50652752351991,0.602094602512932,4.90936206,0.06535576,-0.847,0.02954044,68.1687383026756,-86.7822334765138,1310.62309125162,0.984913042221379,0.962063418484659,8.53448248776687,0.178513428602028,-1.20327301374886,-915.098398815616,-915.602776548413,-936.49734300637,-936.744132117065,0.240161095511227,-944.630000464029,0.0986313813202928,1879.75204076007,1910.16111835937,NA,2534.46394902673,0.391230544611018,1.09153557233635
"677",-5.86,0.79,-5.86,0.83,1.359326,9.604077,-1.1484446,0.2002995,35,35,-5.78564620738141,0.754379577224933,-5.92345008422584,0.783073926799237,1.36405762029542,4.24655027083265,-0.343231200520576,0.0776084232203479,1.36405762029542,7.976245034126,-5.85454814580362,0.768726752012085,1.36405762029542,4.25129774795099,-0.344219748674292,0.077814264644721,1.36405762029542,7.97829141885819,2.706967639913,0.0755105637097638,-0.431434464740662,-7.24898912712438,-7.21583949443658,1.75313107479058,11.4031544025416,-4.39524022449738,0.578438800163274,-4.29653912794182,0.573816302172116,2.16989592,0.04429834,-0.576,0.02515901,104.124869205766,-158.694495282694,1299.21338784013,0.974105210721676,0.964435945134368,6.2115049841959,0.1246398376053,-0.847881582966394,-891.664499666383,-891.711501200618,-924.964228101696,-924.980184729956,0.0155024914382563,-920.951987071758,0.00601392301937082,1832.8842424616,1887.09488855002,NA,2439.73228039757,0.457128864283253,0.816383888178744
"678",-5.86,0.79,-5.86,0.83,1.359326,9.604077,-1.1484446,0.2002995,35,35,-5.51093791429273,0.71233135446193,-5.95278693108762,0.815760951131231,1.35382302495009,4.11913472657918,-0.399268916521387,0.105761137516638,1.35382302495009,8.7491592965704,-5.73186242269017,0.764046152796581,1.35382302495009,4.16794236498983,-0.410693982920343,0.108435557883431,1.35382302495009,8.78636882279645,3.10831376235406,0.0833335043625109,-0.495064900305197,-7.22479326444693,-7.05043550874352,1.8401138790424,11.5878612836882,-4.16349877131344,0.542026533490982,-4.34266348225431,0.598717703110697,3.528701,0.10078877,-0.762,0.02385916,104.926832069219,-160.298421009601,1306.06487423063,0.801561423055644,0.818888783340165,5.35611994151339,0.106788871617848,-0.721476455096237,-896.120848058983,-896.636988967302,-928.901007986514,-929.167667783962,0.259534971826942,-933.333262669793,0.156182673404956,1841.7969392468,1894.96844831966,NA,2451.83132745165,0.472621598788845,0.729678279825978
"679",-5.86,0.79,-5.86,0.83,1.359326,9.604077,-1.1484446,0.2002995,35,35,-6.03987622392778,0.767418749570004,-5.08930340157419,0.734221033379276,1.35255515854774,10.4832218793639,-1.07911286134974,0.167969750145679,1.35255515854774,10.3863052248562,-5.56458981275099,0.75081989147464,1.35255515854774,10.7091190520133,-1.08700207304352,0.168245272235749,1.35255515854774,10.7547225154177,2.45218558654745,0.0648772245862265,-0.382217475318758,-7.42553512898302,-6.67274570912696,2.03508786530526,12.0030179743308,-3.78797674845087,0.477253938637225,-3.55477734691743,0.520560754244271,4.97564557,0.09629439,-0.829,0.02588196,82.5739879132437,-115.59273269765,1306.14346013304,0.263644150179447,0.253460395878389,8.90721805770288,0.161909119628309,-1.14116810867915,-913.91234485852,-915.210796741067,-939.537575698247,-941.766637417646,2.20021993644539,-959.143286933018,2.54839442932452,1877.37993284588,1916.24158374312,NA,2496.69418756843,0.390805526589065,1.18717205570894
"680",-5.86,0.79,-5.86,0.83,1.359326,9.604077,-1.1484446,0.2002995,35,35,-6.67688980950695,0.966271082923422,-5.91566307734575,0.790382650454267,1.22834675485348,9.42886107945476,-1.20891101101995,0.224428891417958,1.22834675485348,10.1441701739917,-6.29627644342635,0.878326866688844,1.22834675485348,9.57372761389396,-1.24238375518831,0.232163076587072,1.22834675485348,10.2586831701807,3.2106148215528,0.0878683357885557,-0.517005122825234,-6.87783796942364,-7.16450900329689,1.96016179036986,10.3048277232034,-4.82568678171962,0.70343041642406,-4.11553645004666,0.556761907855902,5.24628855,0.14667854,-0.876,0.02256788,109.491206560483,-169.427169992129,1287.29950870567,0.41121615310002,0.362345023415506,8.60953372508364,0.177024077087945,-1.17967724367529,-896.914040470984,-897.944884768574,-914.43298181109,-915.148603113777,0.698740562937781,-945.054545508053,0.441325192373013,1843.38332407081,1866.03239596881,NA,2405.17184741922,0.495191390253943,1.18235693712696
"681",-5.86,0.79,-5.86,0.83,1.359326,9.604077,-1.1484446,0.2002995,35,35,-5.12275467667193,0.668654259171027,-7.08751240830817,0.985722879363469,1.38518582534258,11.7177296212431,-1.24241024331282,0.195905164638159,1.38518582534258,11.0291579011352,-6.10513354249005,0.827188569267248,1.38518582534258,12.6827978572492,-1.3981509990584,0.221038292115844,1.38518582534258,11.1940772439715,3.23550546353445,0.0854963667533527,-0.507476400790631,-7.09682685825555,-7.17257179857278,2.12866004818625,12.3685083435755,-3.62631737243171,0.478965142800994,-5.31312744239973,0.735852853542309,7.40569548,0.11023743,-0.854,0.02536041,84.8891155974903,-120.222988066143,1375.05750076819,0.0782657742925275,0.0506062970002005,8.82006543267265,0.200300114341251,-1.28490897658678,-924.711707094908,-927.785567312455,-949.22263184208,-950.175810251702,0.932277671058812,-971.12715550104,0.023991917327107,1898.97865731865,1935.61169603079,NA,2629.89201347023,0.501956689657859,1.22205590557732
"682",-5.86,0.79,-5.86,0.83,1.359326,9.604077,-1.1484446,0.2002995,35,35,-6.44415467057219,0.878479403968449,-5.65300453484065,0.779908185374727,1.28597650574386,9.64105521716562,-1.17981270747828,0.202709153863664,1.28597650574386,8.96237683020966,-6.04857960270642,0.829193794671588,1.28597650574386,9.79753485148263,-1.19930886572069,0.205138225147426,1.28597650574386,9.00745358544552,2.560714140286,0.065540818693878,-0.395692614817089,-7.16814293586626,-6.96425461326031,1.98029383659298,9.46954544552134,-4.29441471954515,0.578971582474736,-3.86748705104101,0.525570107489731,4.94791097,0.11835179,-0.853,0.02608074,83.1294563444746,-116.703669560112,1288.2587738826,0.833465082684041,0.811451662656288,8.90022349703201,0.179455129438589,-1.23050400019872,-900.923895815767,-901.365477696633,-917.818976236694,-918.134990760591,0.307679523499219,-944.87143540892,0.238602068893734,1851.40303476037,1872.80438482002,NA,2459.81387820508,0.386110364216223,1.12420163343079
"683",-5.86,0.79,-5.86,0.83,1.359326,9.604077,-1.1484446,0.2002995,35,35,-4.70431467471716,0.629539717879001,-5.62050436488949,0.801370341079838,1.45378185522179,11.3100513837196,-1.36760131717826,0.260275972566454,1.45378185522179,11.8302984756178,-5.16240951980332,0.71545502947942,1.45378185522179,11.5199022708142,-1.40695867853638,0.267657413333852,1.45378185522179,11.8823943454394,2.76616606247323,0.0713498141218153,-0.421183426032967,-6.91142117165614,-6.80388847337611,2.48682390782336,11.5556226261944,-3.53276796992001,0.487305833019563,-4.02256975074854,0.566749341645247,6.821229,0.1653875,-0.833,0.0238781,87.0020248163096,-124.448806503782,1345.09393694131,0.810996590225806,0.829461403720291,7.08842466052526,0.158595761371596,-1.00896239481121,-943.605755873249,-944.35350966391,-965.577784806539,-965.861435834675,0.276105747235399,-1007.03233921287,0.0440701735248629,1936.76675487533,1968.32200195971,NA,2565.73906737883,0.44959332377397,1.03428126178537
"684",-5.86,0.79,-5.86,0.83,1.359326,9.604077,-1.1484446,0.2002995,35,35,-5.53069755014017,0.76113083018366,-5.51675242646441,0.633415969650385,1.1917304587816,7.09659220682926,-0.874142906004287,0.166780424639543,1.1917304587816,8.88173014267852,-5.52372498830229,0.697273399917023,1.1917304587816,7.09664082344784,-0.874588155885628,0.170858196039801,1.1917304587816,9.32179472227962,2.62557506680734,0.0783980769176064,-0.439034360848247,-6.95381825177552,-7.70076521840643,1.96957639708397,8.84768093553854,-4.06394842422306,0.56049651637353,-3.91927607552679,0.44724844035406,4.75210687,0.11853197,-0.851,0.02314312,111.123963507124,-172.692683885411,1288.13562964424,0.130999435669597,0.123541967188216,6.01132868279978,0.122546240068673,-0.804762129644503,-878.840318706301,-880.890025977927,-898.602586499204,-901.652489302453,3.02825426122833,-941.398671628967,3.42310087158159,1807.23588054144,1834.37160534504,NA,2403.57857540306,0.447162854932884,0.880604212798374
"685",-5.86,0.79,-5.86,0.83,1.359326,9.604077,-1.1484446,0.2002995,35,35,-5.50518909773015,0.703186987491587,-6.10532405105513,0.844599190575863,1.40093021837224,10.6569341383271,-1.21775072320345,0.196342451659998,1.40093021837224,9.03061851017522,-5.80525657439264,0.773893089033725,1.40093021837224,10.7469746288777,-1.23896732467784,0.201341804455285,1.40093021837224,9.09902976256105,3.061720429237,0.0796760619363895,-0.479467491337657,-7.27352422000753,-7.03116186056574,2.14903906202546,9.8014070731012,-3.97294230379664,0.508011402416356,-3.94898351201731,0.559199596149327,4.2188188,0.09841233,-0.826,0.02934475,61.9353783334456,-74.3155135380537,1309.59537356348,0.496367377202846,0.47644799489664,9.9194053481979,0.184206481040602,-1.30759261204167,-919.818928592811,-920.63395045434,-939.273272026376,-939.74906832834,0.463776501670083,-965.998650238646,0.301129055363172,1889.19310031446,1915.71297639938,NA,2544.87523358891,0.458345915180568,1.24442972669302
"686",-5.86,0.79,-5.86,0.83,1.359326,9.604077,-1.1484446,0.2002995,35,35,-5.70317411643679,0.726696629075881,-5.639785673952,0.698873956405842,1.34207517832437,9.34551979527099,-1.12462326162926,0.181126788610465,1.34207517832437,7.39123807939013,-5.67147989519439,0.712785292740861,1.34207517832437,9.34652431893114,-1.12506417060084,0.181320313889091,1.34207517832437,7.3993526469751,3.24292710906655,0.0792758365965313,-0.493874999633445,-7.3314448777405,-7.43381671935599,2.12380591207583,7.45697571955349,-4.71058613227196,0.606187066740911,-4.11769577374301,0.50589226575807,6.37937454,0.10436182,-0.891,0.02312639,115.416725725986,-181.278208323135,1288.91412935378,0.61147481542469,0.5797691844734,6.43861459500528,0.145731501478984,-0.938563460114826,-900.869086304644,-900.934811236498,-916.266225433251,-916.333884729392,0.0657579478210387,-954.540969885213,0.0694349431781378,1851.29341573813,1869.69888321313,NA,2396.55005038443,0.457286601416564,0.88214424357566
"687",-5.86,0.79,-5.86,0.83,1.359326,9.604077,-1.1484446,0.2002995,35,35,-6.5248414136371,0.907369410272695,-6.38907258479922,0.872993286138944,1.30704487836418,8.0619172784248,-0.883930497104262,0.153194403419827,1.30704487836418,8.98706544908382,-6.45695699921816,0.89018134820582,1.30704487836418,8.0665255721458,-0.885097298632667,0.153489832897442,1.30704487836418,8.99226525777227,2.96786114456513,0.0735057686308941,-0.452604146329983,-7.076710497232,-7.1457457204798,1.79760331992469,11.2809977811315,-5.25393850864717,0.733890842899245,-4.50737185386301,0.62622920295171,3.21631731,0.0501151,-0.712,0.02500036,102.528279030387,-155.501314931936,1302.22588186197,0.49110886007859,0.415240653715731,8.89092228381058,0.187171048598141,-1.25379516816119,-899.194760732163,-899.251941384172,-921.973586207114,-922.010022524401,0.0354044932034159,-926.743043032987,0.0256898112998639,1847.94476459316,1881.11360476086,NA,2448.950448792,0.43129778324731,1.15519543228459
"688",-5.86,0.79,-5.86,0.83,1.359326,9.604077,-1.1484446,0.2002995,35,35,-4.62714243464362,0.671691794804837,-6.40381795263137,0.917524058941248,1.22961225278041,7.0950616478617,-0.731561995540754,0.138500628482706,1.22961225278041,10.3779528092053,-5.51548019363749,0.794607926873042,1.22961225278041,7.88420562191598,-0.840753036846421,0.153609004005315,1.22961225278041,10.5564823616904,2.80136119820615,0.073838913143985,-0.441537523270598,-6.58311776494353,-6.89518826717557,1.80979263739299,12.4208159340107,-3.23776792137252,0.470321537753997,-4.65303069342486,0.669211736977653,4.9755921,0.09912645,-0.823,0.02353437,99.1293139438852,-148.703384758933,1250.67713536888,0.122610406273124,0.099791703833906,6.87284965562265,0.148628868496284,-0.965891802972863,-888.391127737458,-891.272127558374,-916.138532704965,-917.228362998516,1.06697661455977,-931.50513087035,0.477138723136937,1826.33749860375,1869.44349775656,NA,2352.65088597883,0.423474100972079,0.968183067161925
"689",-5.86,0.79,-5.86,0.83,1.359326,9.604077,-1.1484446,0.2002995,35,35,-5.73074777548877,0.851929138555178,-5.60657477583458,0.856145419910289,1.23293433066091,8.32801845898603,-0.829790932064586,0.147631417771502,1.23293433066091,11.5133045510134,-5.66866127566167,0.854037279232733,1.23293433066091,8.3318731924468,-0.829660044988773,0.147635862028619,1.23293433066091,11.5291543248878,2.6047703556143,0.0732210950174505,-0.420667279947369,-6.61291565170789,-6.46362313878628,1.73354102504166,14.5741676620346,-4.02470134333924,0.613095437687931,-3.92124556770902,0.590344109047442,4.80612095,0.08971038,-0.81,0.02588203,80.5444967039057,-111.533750278974,1262.67022842651,0.968805558181012,0.947979829290426,7.15846648673701,0.151656811081545,-0.983582005696107,-894.42549159132,-894.476231146771,-923.457608160187,-923.546216417455,0.0861310950328827,-926.167065272233,0.0982390260594455,1838.40622631148,1884.081648667,NA,2413.80670657404,0.427816297106042,1.04367839028179
"690",-5.86,0.79,-5.86,0.83,1.359326,9.604077,-1.1484446,0.2002995,35,35,-6.13644094078828,0.840244689217953,-6.74786676207733,0.916760091551087,1.45455538107722,10.0951901320791,-1.16057599937569,0.175780468268536,1.45455538107722,7.10344633956945,-6.4421538514328,0.87850239038452,1.45455538107722,10.1886505158139,-1.17227187255389,0.177244119967086,1.45455538107722,7.12694988876871,2.01667727719787,0.0585176702746642,-0.320630437854628,-7.08822174257582,-7.2437885966404,2.02350783176631,8.38668299295997,-5.12316001488779,0.705469599092969,-5.15013339194503,0.696014443873745,8.06226104,0.12649896,-0.925,0.02684606,83.6747575814194,-117.794272034001,1300.98221370181,0.94077199440408,0.926673312894896,6.26937204222281,0.142546943084515,-0.908830969257389,-916.505673432155,-916.752491842852,-933.541709542688,-933.744446379283,0.19722983019526,-946.33907679212,0.151622641796162,1882.56658999315,1904.249851432,NA,2484.17015536962,0.379476954246372,0.88844137210485
"691",-5.86,0.79,-5.86,0.83,1.359326,9.604077,-1.1484446,0.2002995,35,35,-5.64004749789869,0.746839408405769,-6.05596052842739,0.7814767561049,1.48508002008119,10.2135367853178,-1.28184919221272,0.225566382317556,1.48508002008119,8.29350578684783,-5.84800401316304,0.764158082255334,1.48508002008119,10.2567826975587,-1.28545072327548,0.225866318781463,1.48508002008119,8.32117406220328,3.32959921153282,0.0836175597614003,-0.506781042277652,-7.14831279229817,-7.35786546833543,2.31918577265333,8.53253664226708,-3.58892002373883,0.474565821100588,-3.93175623133723,0.494160413763393,4.8300332,0.11884897,-0.865,0.02786971,71.4703580232775,-93.3854729177177,1315.3349556308,0.727803684094487,0.718549122023055,10.4486094737134,0.207857952784957,-1.42258525047475,-932.34355724573,-932.507512727328,-948.221811845263,-948.429903600468,0.202447038536698,-980.292721437288,0.236368371155209,1914.2423576203,1933.61005603715,NA,2537.28443834388,0.505924971366547,1.35856384541631
"692",-5.86,0.79,-5.86,0.83,1.359326,9.604077,-1.1484446,0.2002995,35,35,-5.52331876428371,0.76442778171332,-6.62390509953227,0.935164451994917,1.2556492234175,9.5896974718274,-1.11225276569804,0.173692202566913,1.2556492234175,8.20326316932292,-6.07361193190799,0.849796116854118,1.2556492234175,9.89252004216137,-1.15923037725748,0.180979955211625,1.2556492234175,8.25970306705058,2.64508075428656,0.0768456835883506,-0.434766678284707,-6.92679708185687,-7.01017851706392,1.85878334409164,9.097130505225,-3.57857873723143,0.488348709016786,-4.60954149167161,0.656771770611263,4.94915853,0.12087668,-0.885,0.02662342,80.9347943277864,-112.314345526736,1247.89637782619,0.3022471848251,0.255087624582296,9.14081586736042,0.175232165894416,-1.23529597861459,-888.829224063663,-889.860713888318,-906.423872552914,-906.851843345566,0.41701654889909,-928.089604514773,0.044081762656891,1827.21369125616,1850.01417745246,NA,2383.47841012565,0.445178732149104,1.11862298904372
"693",-5.86,0.79,-5.86,0.83,1.359326,9.604077,-1.1484446,0.2002995,35,35,-6.38373907646732,0.866807658505412,-6.59140362263866,0.860916849641801,1.35077993956645,6.42524486023529,-0.73758554975779,0.152253060861021,1.35077993956645,8.88081683711739,-6.48757134955299,0.863862254073607,1.35077993956645,6.43602600116943,-0.73727972172048,0.152261736268288,1.35077993956645,8.91904895825227,2.03157038124958,0.05287043210748,-0.312939034280989,-7.17726458093477,-7.420025041952,1.85688113917089,11.1902775781524,-4.58502003302201,0.626697702279145,-4.88838081805437,0.628775731961125,2.93757952,0.06680583,-0.699,0.02442486,107.924536670138,-166.293830211439,1348.26317880737,0.673796321216645,0.631756003053181,8.81560859691849,0.18469990441773,-1.23528362018367,-904.71509766677,-904.876054585196,-929.288673028332,-929.559003325843,0.263114303202773,-934.432313253821,0.309816946086718,1858.98543846238,1895.74377840329,NA,2530.23252740329,0.323939636575246,1.16131452095991
"694",-5.86,0.79,-5.86,0.83,1.359326,9.604077,-1.1484446,0.2002995,35,35,-5.12295288356606,0.728156945221426,-5.74298982813366,0.844990280257564,1.31561255570221,11.8347617788365,-1.4088295502075,0.225786650440957,1.31561255570221,9.671933180377,-5.43297135584986,0.786573612739495,1.31561255570221,11.9308732319937,-1.42693979622736,0.229199157484874,1.31561255570221,9.69883571074879,3.11630304607364,0.0788356311160495,-0.48251378090188,-6.74252345916035,-6.66649762652291,2.12975297992096,9.68214665740285,-3.79050631180542,0.529069721168462,-3.70313530859283,0.547366680884333,5.72646191,0.10668672,-0.854,0.02603043,77.8933632009604,-106.231483273083,1253.52357376845,0.799908579905727,0.785661620173731,8.32240837534334,0.186420542417994,-1.20915517449223,-911.064047819027,-911.487377262573,-928.217170080236,-928.393408766862,0.171418995449252,-963.401434939305,0.0302330220719659,1871.68333876689,1893.6007725071,NA,2400.81566426382,0.451507443059147,1.12452600609009
"695",-5.86,0.79,-5.86,0.83,1.359326,9.604077,-1.1484446,0.2002995,35,35,-6.57301887545091,0.837701649444101,-6.9979671693367,0.866711901076999,1.26354317788587,5.1003014810169,-0.708436147573035,0.16472465235635,1.26354317788587,8.09992917568149,-6.78549302239381,0.85220677526055,1.26354317788587,5.14544674413602,-0.711518111807184,0.164935051031301,1.26354317788587,8.1454251154898,2.17332558975276,0.0605500640380225,-0.351435406279306,-7.53995045014914,-7.79206317178351,1.81700428851982,9.34894999747134,-5.29802340183639,0.679123649513366,-5.25957707049367,0.647352596196492,4.10422476,0.0951934,-0.818,0.01970883,155.254394143508,-260.953545158179,1384.67116901374,0.840075692084161,0.841392969783349,5.97147689673119,0.135630785531881,-0.858337334064484,-884.691858336598,-885.02282141626,-907.168901434803,-907.51800097395,0.339972306073897,-923.382200206544,0.402239060849013,1818.93895980203,1851.50423521623,NA,2508.38879286931,0.346638257269039,0.87171877313567
"696",-5.86,0.79,-5.86,0.83,1.359326,9.604077,-1.1484446,0.2002995,35,35,-4.8351419485645,0.718828528506127,-6.27753841237826,0.908161202548324,1.204051775325,8.87040469196741,-1.11290957411964,0.180060453926183,1.204051775325,7.1452513722339,-5.55634018047138,0.813494865527225,1.204051775325,9.39053158167301,-1.18118276900035,0.189022169291176,1.204051775325,7.2832507474326,2.23028814906156,0.0549525387868949,-0.335132090357352,-6.51028881703589,-6.8246902024869,1.86723575050853,7.14531379056393,-3.50525978325403,0.525078239841274,-4.58095408670401,0.656635653557267,4.22326484,0.08654125,-0.863,0.02745689,78.3925444121722,-107.229845695507,1179.60506682772,0.255480810492812,0.240449487733023,7.56142094173745,0.162907396626074,-1.08672722615292,-874.836609614382,-876.392518169003,-887.594963968722,-888.770991266304,1.1520770918747,-921.682864704145,0.77340840963925,1799.2284623576,1812.35636028407,NA,2251.98028795992,0.338531693001594,0.96406079976637
"697",-5.86,0.79,-5.86,0.83,1.359326,9.604077,-1.1484446,0.2002995,35,35,-5.88521026561771,0.810703100495475,-5.95403870633576,0.914029334641549,1.42367685238287,7.0068426332316,-0.687779738994044,0.127892668087655,1.42367685238287,9.03705963324164,-5.91962448597674,0.862366217568512,1.42367685238287,7.00802697179452,-0.68955768488943,0.130561745753357,1.42367685238287,9.2374616210622,2.65825178878088,0.068635638138753,-0.409643635984804,-7.01299220854238,-6.46622968392842,1.86669018504126,12.3292334055863,-4.49833688043113,0.62773507982224,-4.49681470266743,0.694150949680468,4.81391662,0.07195896,-0.773,0.02696354,77.3349710182821,-105.114698907727,1303.06073904868,0.386589462773483,0.354634740361899,6.28208800600275,0.148762411055843,-0.921872408402865,-915.098443843699,-916.175740724906,-943.264275845243,-944.648140436342,1.3577019236456,-938.849360585645,1.4297727803824,1879.75213081623,1923.69498403711,NA,2501.00677918963,0.414576999628297,0.941827391783341
"698",-5.86,0.79,-5.86,0.83,1.359326,9.604077,-1.1484446,0.2002995,35,35,-5.652222254268,0.809852330338675,-5.93482409952227,0.868592652960237,1.59514555784439,8.97247090702296,-1.05973203699988,0.169392299917339,1.59514555784439,6.11734462445965,-5.79352317689514,0.839222491649456,1.59514555784439,8.99243685775825,-1.0638820678908,0.17025490629276,1.59514555784439,6.12464062095275,2.75723259128494,0.0729229662007314,-0.436229626200831,-6.78507286563326,-6.71771506893056,2.17624277509532,7.31689903734263,-4.07158758988223,0.579127871548352,-3.95684211499841,0.575445367424184,5.6495677,0.1052311,-0.891,0.0321834,42.4010389510465,-35.2468347732557,1238.07823735566,0.947905449511405,0.919702932384,7.49930995123365,0.169899549236275,-1.09545494377479,-931.684954115926,-931.822303525725,-947.063733733292,-947.135454043403,0.0697068622792626,-959.931986433654,0.0298300468369116,1912.92515136069,1931.29389981321,NA,2440.90963993806,0.414472100163662,1.02138168796037
"699",-5.86,0.79,-5.86,0.83,1.359326,9.604077,-1.1484446,0.2002995,35,35,-5.44172083091101,0.763968516989331,-5.48517931282324,0.751462878349182,1.39369255962266,7.29671603301107,-0.776195371577306,0.146616775316182,1.39369255962266,9.10220766471568,-5.46345007186712,0.757715697669257,1.39369255962266,7.2971881929236,-0.776059502559645,0.146655873065632,1.39369255962266,9.11119357634583,3.48880900177517,0.0883477388442625,-0.536880784774894,-6.84793532886585,-6.96589916971431,2.00220902895273,11.0658319528641,-3.80793216920895,0.534316011294831,-3.77193406726635,0.529562840587653,4.61053586,0.09776434,-0.814,0.02731173,71.0056849940369,-92.4561268592364,1277.20461856338,0.998666611966438,0.981999601827479,6.46473810130197,0.13620078411708,-0.893444867881532,-912.928928580015,-912.967505315468,-938.502061838976,-938.564299148575,0.060485985947821,-952.534615060775,0.0685453633013864,1875.41310028887,1914.17055602458,NA,2461.95311026751,0.519455594669089,0.910801882248708
"700",-5.86,0.79,-5.86,0.83,1.359326,9.604077,-1.1484446,0.2002995,35,35,-5.23844054907751,0.752744042705967,-5.87122594085979,0.832895090544173,1.4083412887286,6.2170043316602,-0.423016662695241,0.0587617819290267,1.4083412887286,8.47832518007583,-5.55483324496865,0.79281956662507,1.4083412887286,6.31710866967349,-0.435696265747259,0.0603678295464173,1.4083412887286,8.50344074301525,2.5562552910279,0.0686195544778034,-0.405641474701292,-6.71152756025752,-6.86679374969144,1.71441532605225,13.1414700520696,-4.25251909806233,0.608198855866399,-4.4010489587642,0.6213704918185,5.50966167,0.0652787,-0.835,0.02673279,81.273374411253,-112.991505693669,1260.3507614079,0.976785277409377,0.949706677575689,4.43727621745691,0.103400685027618,-0.645160564249244,-897.803848917344,-898.241077590175,-936.601507629624,-936.786747552911,0.180185660170287,-920.071453601214,0.118328716024754,1845.16294096353,1910.36944760588,NA,2407.71001712213,0.395740326086324,0.661395436841364
"701",-5.86,0.79,-5.86,0.83,1.359326,9.604077,-1.1484446,0.2002995,35,35,-6.12832339078865,0.870638513633599,-6.40513079328701,0.943360697903681,1.47918458978395,6.19929653452057,-0.790971410793842,0.162032377918189,1.47918458978395,6.9501998401256,-6.26672709203783,0.90699960576864,1.47918458978395,6.21845211904005,-0.796003920526795,0.163354506939442,1.47918458978395,6.97262499455707,2.35988006306423,0.0577319606076549,-0.352234668171086,-6.89902565171203,-6.74257309863527,1.98886640184774,8.63344293944018,-4.36563089502891,0.622651112402723,-4.3770573911195,0.628159699081897,2.23298694,0.06793582,-0.725,0.0295253,69.3371441381361,-89.1190451474348,1271.06390769337,0.996295015378786,0.998247274871416,9.20746290740796,0.21064497621938,-1.3575891534892,-917.052903752377,-917.277615665656,-936.318966712179,-936.516137988554,0.191807820181257,-943.016688349357,0.152028541828159,1883.66105063359,1909.80436577099,NA,2453.00877023931,0.36063649440041,1.23860783399123
"702",-5.86,0.79,-5.86,0.83,1.359326,9.604077,-1.1484446,0.2002995,35,35,-5.79059013084433,0.725642780444626,-5.28865812596356,0.741338067956689,1.44373840450542,9.10826370402229,-1.06528359939422,0.182918172062494,1.44373840450542,8.17487712631498,-5.53962412840395,0.733490424200657,1.44373840450542,9.17124763840319,-1.06331410761219,0.182979757575016,1.44373840450542,8.39013644952384,2.87395317638811,0.0764492383905357,-0.455755463719388,-7.42513944958885,-6.82969898317782,2.19641346336327,8.92361547506713,-4.14696743137754,0.521993393084309,-3.81241360230397,0.53709867749173,5.05045165,0.1113013,-0.862,0.02638221,81.4984776481203,-113.441712167403,1284.97928615539,0.348108816804017,0.34863601264626,7.22284673332202,0.142275502129798,-0.960235101162907,-921.515631415863,-922.501942034084,-940.405498001307,-942.028855601268,1.59540381595075,-968.374305009581,1.93570703712773,1892.58650596056,1917.97742834924,NA,2456.51686014338,0.434970875403418,1.00469108375777
"703",-5.86,0.79,-5.86,0.83,1.359326,9.604077,-1.1484446,0.2002995,35,35,-5.63586485187897,0.787005939644581,-5.7792555678421,0.770976946928125,1.29454155122456,6.82601674888954,-0.85462265341918,0.155756763053659,1.29454155122456,6.94007056957041,-5.70756020986054,0.778991443286353,1.29454155122456,6.83115697324565,-0.854048051233736,0.155820995205535,1.29454155122456,6.97908418883118,2.13339957735965,0.0529455794740813,-0.32237384076886,-6.90482834704339,-7.14371565379171,1.90100813816157,7.67630477582548,-4.17998242207342,0.59316244228921,-3.9576577512106,0.530157120815311,3.19510902,0.08799905,-0.83,0.02629823,90.4548535116686,-131.3544638945,1224.18458672993,0.715323560814314,0.745622858257507,7.06163808594471,0.144098758130452,-0.977699734028502,-887.284267697689,-887.498387930509,-903.562804089439,-903.905907584214,0.334118706690047,-928.284895903119,0.411731727486305,1824.12377852422,1844.29204052551,NA,2317.01470956536,0.323025818315495,0.913922799061489
"704",-5.86,0.79,-5.86,0.83,1.359326,9.604077,-1.1484446,0.2002995,35,35,-6.1394423966696,0.871198815265385,-5.7065305525556,0.915145043270847,1.44665624106194,8.89157522527194,-0.938926219769934,0.177323719789222,1.44665624106194,10.7619674083629,-5.9229864746126,0.893171929268116,1.44665624106194,8.93842839146548,-0.934170009118009,0.177806537528199,1.44665624106194,11.0568634271709,2.35977151798422,0.067050495172405,-0.381307271721217,-6.90680652545995,-6.2120744268466,2.00735019623272,13.6619718298859,-4.3720087062274,0.623769847144717,-4.05371380083075,0.664343117692954,5.15727251,0.10066404,-0.797,0.02597182,78.1656325650522,-106.776022001267,1331.5493579225,0.255654379601052,0.239540280325004,7.34494070898565,0.176439817510431,-1.06469804272157,-931.231653277984,-932.241982755988,-958.288305958673,-960.021705577602,1.7048958378074,-959.98369076359,1.95148926145004,1912.01854968481,1953.74304426397,NA,2556.32269384373,0.398167708140481,1.19093191496968
"705",-5.86,0.79,-5.86,0.83,1.359326,9.604077,-1.1484446,0.2002995,35,35,-5.64116416197842,0.810788637292756,-5.35048113546953,0.781905756997049,1.43636723741413,11.4340392857799,-1.22132107352719,0.195449143907626,1.43636723741413,10.5149417246132,-5.49582264872397,0.796347197144903,1.43636723741413,11.455163441255,-1.22342001429185,0.19565769910117,1.43636723741413,10.5248020147557,1.96988709124513,0.0529893261220312,-0.310020479582143,-6.76843649879923,-6.64983019907463,2.13903837052134,12.1685659895092,-4.26836170128038,0.618087160254429,-3.50197515717023,0.501447496199427,6.47165354,0.12485718,-0.863,0.02765429,62.069594119287,-74.5839451097366,1296.08235787385,0.581563513124959,0.532366814987368,7.43718803105548,0.154576598990187,-1.01620085456352,-931.08883187931,-931.142893030123,-955.053772042317,-955.113687669845,0.0582286689525463,-971.791333428055,0.0594299569844415,1911.73290688746,1947.27397643126,NA,2517.58077063796,0.316482765685892,1.05847379879639
"706",-5.86,0.79,-5.86,0.83,1.359326,9.604077,-1.1484446,0.2002995,35,35,-5.73652499802215,0.81937919097334,-5.5254744449265,0.821388823353138,1.24317868301919,6.96338721386752,-0.720295357134181,0.145371494957382,1.24317868301919,11.007685542261,-5.63099972147433,0.820384007163239,1.24317868301919,6.97452279785801,-0.72018932362786,0.145372504612957,1.24317868301919,11.0427014191127,3.00594700487671,0.0748456788503135,-0.461730595848666,-6.81261703899001,-6.58959361620772,1.76954579454269,13.7086477440031,-3.98727838612544,0.573234431867604,-4.65817142478206,0.707125862972418,4.93194315,0.10799855,-0.788,0.02290328,103.712796528974,-157.870349929111,1279.64952432215,0.439354955171235,0.381591974082605,5.08444703413539,0.115142336145185,-0.724160261986164,-893.48098876906,-893.599731233449,-922.597695371794,-922.801526862362,0.198296300942554,-929.202237964019,0.227411991431083,1836.51722066696,1882.36182309022,NA,2401.42869871518,0.430528455931104,0.762165118153794
"707",-5.86,0.79,-5.86,0.83,1.359326,9.604077,-1.1484446,0.2002995,35,35,-5.18632046246934,0.655875719461263,-5.48173045403641,0.770211919535992,1.47919343654746,7.99255876306981,-1.00533850583697,0.177083461748037,1.47919343654746,6.50398762461861,-5.33402545825287,0.713043819498628,1.47919343654746,8.01437552884922,-1.01378251981195,0.18035165340992,1.47919343654746,6.61166310096136,2.21304029875045,0.0570416213467304,-0.337012754516042,-7.2365238769434,-6.85074837522235,2.25761397727589,6.78348202188275,-3.97697932901758,0.516483394815758,-3.56701922269785,0.500461747877415,4.66333385,0.09767224,-0.87,0.02923189,63.500026254562,-77.4448093802867,1230.59125069678,0.527645440920557,0.523718927656119,6.74215139966871,0.150663652054443,-0.963947033892384,-917.601674301004,-918.493160717107,-932.277056807202,-933.274355696141,0.97573886813006,-966.605595085724,1.00784243217301,1884.75859173085,1901.72054596103,NA,2383.73769201327,0.358852412215794,0.964595472452816
"708",-5.86,0.79,-5.86,0.83,1.359326,9.604077,-1.1484446,0.2002995,35,35,-5.39068240582297,0.787699276733447,-6.29112017929452,0.887230391626199,1.58080736516853,6.75192583681049,-0.777648347686843,0.154130492208119,1.58080736516853,7.41301689026332,-5.84090129255874,0.837464834179823,1.58080736516853,6.95462288278409,-0.800053741558137,0.156607102916067,1.58080736516853,7.47926770323952,2.13584607512703,0.058538395705139,-0.339464922583399,-6.65551517802663,-6.96297232461515,2.1231472567567,9.49271995913068,-4.00030359652128,0.586569943795817,-4.33210998066775,0.616164167356546,3.64528575,0.11201862,-0.809,0.02915145,61.503539969392,-73.4518368099467,1283.41537068058,0.821050491063647,0.797811863460944,7.55810067682769,0.151392405867531,-1.03187620694454,-934.36063925588,-935.085715906966,-956.558739054109,-957.107815842485,0.535486299521828,-962.014128061044,0.504949500598416,1918.2765216406,1950.28391045485,NA,2493.37890455122,0.347742036591248,0.98841863124337
"709",-5.86,0.79,-5.86,0.83,1.359326,9.604077,-1.1484446,0.2002995,35,35,-5.71759241045394,0.675997675539854,-5.19212910312376,0.794251594125569,1.24874907547949,8.39408849663173,-0.897212552950797,0.165312673983427,1.24874907547949,11.1858949805415,-5.45486075678885,0.735124634832712,1.24874907547949,8.46311641846933,-0.881678029159597,0.168808671298646,1.24874907547949,12.270855208163,2.54602388259209,0.0635783935882682,-0.384212307986131,-7.64791441756657,-6.4179248638471,1.95685907344206,12.4124984974353,-3.59765559191962,0.403134801106335,-3.65105183015948,0.56474217550533,4.17951607,0.11057744,-0.786,0.02391662,100.147865961197,-150.740488793557,1325.83188055569,0.0143434903348099,0.0149660272315505,8.20656646780057,0.165684261805038,-1.081971443145,-898.339095627165,-901.974255545543,-924.724286735377,-930.694667883189,6.05431899717413,-950.624891329903,6.8593122098892,1846.23343438317,1886.61500581738,NA,2500.92327231783,0.393682306848874,1.23989448295212
"710",-5.86,0.79,-5.86,0.83,1.359326,9.604077,-1.1484446,0.2002995,35,35,-5.70897414564876,0.742767834563939,-5.50188090941101,0.838580103438135,1.3632582154043,9.48909232652559,-1.21003032333678,0.226576841694898,1.3632582154043,9.47041800371083,-5.60542752752988,0.790673969001037,1.3632582154043,9.49981422864944,-1.20506980512867,0.228871839411603,1.3632582154043,9.87379971087003,3.39974371369052,0.0873727512683072,-0.530966734676631,-7.24149682339745,-6.46357888253015,2.17129220493894,9.66468489400888,-4.37409409001294,0.573637390474477,-3.92699077366134,0.602149869731032,5.96932943,0.12913568,-0.878,0.02665202,75.3282987105893,-101.101354292341,1283.90018482359,0.114936893595398,0.110247158013556,6.71483590974105,0.164604817316774,-0.978947758031423,-917.76800575143,-919.444414318288,-935.598665012544,-938.244822613202,2.61975749937625,-968.076711203833,3.10991296820539,1885.0912546317,1908.36376237171,NA,2466.69901535484,0.49693506256565,1.11997063693153
"711",-5.86,0.79,-5.86,0.83,1.359326,9.604077,-1.1484446,0.2002995,35,35,-5.78207734605603,0.791565713100338,-5.88927922928174,0.864796582675243,1.47684200809476,9.88410893303664,-1.17037330604512,0.176810281066416,1.47684200809476,6.31216665681116,-5.83567828766888,0.82818114788779,1.47684200809476,9.88698199397842,-1.17233592782729,0.17815097113109,1.47684200809476,6.38440198086996,1.69380195472837,0.0471349544183638,-0.267049340270907,-7.02387489090277,-6.69478620313962,2.09221868989653,7.11456161344015,-4.0966925409254,0.556708720088009,-3.98025317033474,0.584932091336361,3.91172156,0.07199241,-0.86,0.03155474,54.6489867282407,-59.7427303276441,1218.66637235197,0.499921641151911,0.495715514069372,9.71812895576933,0.205364507359988,-1.37509238602102,-915.427900465201,-916.085652114646,-930.074632378806,-930.762754011556,0.671757396478731,-949.423131361089,0.759103038344332,1880.41104405924,1897.31569710424,NA,2377.5900143763,0.295275243757528,1.25740704462076
"712",-5.86,0.79,-5.86,0.83,1.359326,9.604077,-1.1484446,0.2002995,35,35,-4.96429356803288,0.724806125357642,-5.12629614120913,0.70873906494104,1.35158171306142,9.79005382618801,-1.37044888385875,0.251521648959342,1.35158171306142,7.83862490611908,-5.045294854621,0.716772595149341,1.35158171306142,9.79661503461693,-1.36979815757603,0.25158618656695,1.35158171306142,7.88205073170264,3.45053609129296,0.0916060685932012,-0.544466553855235,-6.60382746128456,-6.86155342275271,2.33478472506212,6.73895979775171,-3.52375109547658,0.503224541038487,-3.66374057583985,0.505677783792994,6.41523844,0.14652173,-0.905,0.02896092,55.2701312485225,-60.9850193682076,1209.35807148229,0.904118202347944,0.885548937650161,5.52497750127273,0.139822210030027,-0.839287802527718,-910.280381146397,-910.505112410744,-921.631581787073,-921.974662822807,0.334096782140618,-974.639560812235,0.437455483107557,1870.11600542163,1880.42959592077,NA,2357.73112359638,0.529713323217013,0.862749731525848
"713",-5.86,0.79,-5.86,0.83,1.359326,9.604077,-1.1484446,0.2002995,35,35,-6.45348493732596,0.986429555599494,-6.05386564310346,0.785035642497785,1.33103802933688,12.4550254381813,-1.6215050676558,0.286839136645219,1.33103802933688,10.633315580817,-6.25367529021471,0.88573259904864,1.33103802933688,12.4949493332601,-1.6416252910094,0.296979013703823,1.33103802933688,11.1220067842382,2.83417433957658,0.0774413870728355,-0.454717094437362,-6.53433413344282,-7.33456765881505,2.24973830790987,9.90702610254511,-4.86980857132022,0.745601092852067,-4.55327346182435,0.610531690113653,8.9838191,0.19516827,-0.911,0.02517249,82.6705559338903,-115.785868738943,1344.41679817613,0.143166691145945,0.131201803995481,6.92334729356141,0.162524853359623,-0.980290579558009,-922.257476643345,-924.578457065565,-937.110974484803,-939.991441490819,2.85653746791157,-977.558538459874,3.10557548230386,1894.07019641553,1911.38838131623,NA,2573.04772761331,0.441495721449249,1.1508987219155
"714",-5.86,0.79,-5.86,0.83,1.359326,9.604077,-1.1484446,0.2002995,35,35,-6.36227800101615,0.880665770050805,-6.17971797794835,0.89479311632127,1.29192620919862,11.4322047530591,-1.25842119061455,0.191281565544453,1.29192620919862,10.0585268542708,-6.27099798948225,0.887729443186038,1.29192620919862,11.4405367935647,-1.25777641844929,0.191331461022615,1.29192620919862,10.1070543762473,2.58426131956274,0.0697833267995753,-0.404589276857482,-7.07324046295708,-6.8065133665406,1.89623072823345,11.5938453708768,-5.02258088424297,0.705061134615433,-4.58792569784817,0.663704402699835,7.87000788,0.15362316,-0.879,0.02243718,105.369304472721,-161.183365816604,1313.03109761334,0.835053138932233,0.866003397612078,6.85578466327219,0.135634330111997,-0.936229404834333,-904.71876200096,-904.919124611452,-926.256907744713,-926.563412855527,0.29840064032833,-940.709851081128,0.354512619505852,1858.99276713076,1889.68024783605,NA,2464.87882941008,0.427493612928478,0.86882673251896
"715",-5.86,0.79,-5.86,0.83,1.359326,9.604077,-1.1484446,0.2002995,35,35,-5.28632852292756,0.760728960239094,-6.99179056013666,0.998434277326568,1.4583977196228,8.94035527182335,-1.24016366285453,0.227166928417686,1.4583977196228,6.72787112933119,-6.13905954153211,0.879581618782831,1.4583977196228,9.66750546191371,-1.34151301143839,0.2412928828606,1.4583977196228,6.8641812992977,3.07440546744852,0.0811896183257195,-0.484728705146511,-6.71184346170082,-7.0011187306632,2.2163661223358,6.68978047294789,-4.17719552088115,0.604297144868054,-5.02938636163975,0.716818216929457,6.67364611,0.16257055,-0.902,0.02768995,67.2834118526504,-85.0115805764634,1259.37859081971,0.560427801437372,0.563921760517043,7.30254073722941,0.161775774659075,-1.05558272018627,-919.613124962589,-921.668388012564,-930.866124025,-932.090075141853,1.19943661101467,-961.664007891483,0.584270727728021,1888.78149305401,1898.89868039663,NA,2433.74560106296,0.466601483379514,0.978634547941273
"716",-5.86,0.79,-5.86,0.83,1.359326,9.604077,-1.1484446,0.2002995,35,35,-6.38303652691193,0.876547032495094,-5.81184613116911,0.819250716453186,1.49266004787478,8.08453676187672,-0.999031194058691,0.185625278317514,1.49266004787478,7.59899433698178,-6.09744132904052,0.84789887447414,1.49266004787478,8.16610137892393,-1.00721297041734,0.186445995275508,1.49266004787478,7.63484742635463,3.36530076940494,0.0819824923555503,-0.511249287442554,-7.11853736140484,-6.88870359008272,2.11369069779692,8.87742266329644,-4.81939566943336,0.668495099396808,-4.27305403963453,0.60305121224672,6.12107416,0.13130494,-0.866,0.02616984,78.7892826234742,-108.023322118111,1303.62440193874,0.775458419223675,0.722451740080579,6.13268051422852,0.14003731428916,-0.890068071598972,-926.081102140532,-926.376222505908,-944.03219923722,-944.323454073056,0.283522698330955,-958.805401269783,0.301085315123798,1901.7174474099,1925.23083082107,NA,2499.22548175936,0.474813190000266,0.874575505775866
"717",-5.86,0.79,-5.86,0.83,1.359326,9.604077,-1.1484446,0.2002995,35,35,-6.82135374242333,0.844503393470461,-4.88874927275116,0.717487397694989,1.27528778994159,12.640065241152,-1.69976075915825,0.282715677169223,1.27528778994159,8.61646889619138,-5.85505150758725,0.780995395582725,1.27528778994159,13.5738052502012,-1.76112867944714,0.286748942964932,1.27528778994159,9.59327042984396,2.91678522578514,0.0720953471072379,-0.441918606668447,-7.74776228629853,-6.57188625155115,2.26710783162631,7.03921904387441,-4.70412912473858,0.586000783452136,-3.56254108446031,0.536274120746841,5.05123636,0.11178959,-0.881,0.02320229,109.910730877619,-170.266218626401,1272.28098808348,0.00970045654058894,0.0100782932136562,11.356233427972,0.216039325618257,-1.50043730596909,-903.854219438454,-908.530080534039,-913.300389309996,-920.07231500967,6.90716155850952,-968.765208695224,9.02784305802379,1857.26368200575,1863.76721096662,NA,2374.29575754056,0.432566408951934,1.49341518064382
"718",-5.86,0.79,-5.86,0.83,1.359326,9.604077,-1.1484446,0.2002995,35,35,-6.15259028573036,0.788432190116972,-5.35179570336813,0.825565237974397,1.39778642578173,7.26837987856953,-0.816042081362394,0.135857657223363,1.39778642578173,6.79106848224818,-5.75219299454924,0.806998714045685,1.39778642578173,7.42869786935472,-0.80860809547469,0.136202373034158,1.39778642578173,7.44712738544957,2.5260064714973,0.065459358376142,-0.389185632142565,-7.41305654965083,-6.39103287706592,1.91175981500904,8.39828774613807,-4.50357085069869,0.579662770987177,-3.81983789497788,0.595002592324363,4.32274912,0.07109866,-0.847,0.0281623,76.4666222353522,-103.378001341867,1245.74893452579,0.0222624230978678,0.0224677261438961,7.03669619612351,0.156170433015569,-0.987869479372086,-901.828802949501,-905.278417268566,-921.036357972613,-926.695747229751,5.72604457518785,-932.46427020935,6.91809952742289,1853.21284902784,1879.23914829185,NA,2388.11986770972,0.398034858254774,1.05874335742048
"719",-5.86,0.79,-5.86,0.83,1.359326,9.604077,-1.1484446,0.2002995,35,35,-6.08549287227044,0.816472607455192,-5.22829834013204,0.718433260637385,1.29849600196194,8.39075834642267,-0.890302182751826,0.148075369483544,1.29849600196194,9.20315866246882,-5.65689560620124,0.767452934046289,1.29849600196194,8.57445396290465,-0.911311880758486,0.150478297864659,1.29849600196194,9.26986850878155,2.78597452312373,0.0745956741902058,-0.441287888624248,-7.17890158570335,-6.905800112282,1.90463858736573,10.8481059094199,-4.39966687312198,0.597248840177563,-3.77426403634603,0.519232934877968,5.67616909,0.10866865,-0.859,0.02627701,78.3861301827072,-107.217017236577,1271.35748155859,0.708624322390815,0.699200566099685,6.38874646543031,0.127843355524014,-0.863597122727571,-897.976656363315,-898.549470770966,-921.864330351867,-922.320511621934,0.444594629891613,-939.657368630235,0.39330868941654,1845.50855585547,1880.89509305036,NA,2435.49794588061,0.431343962519503,0.866273131761393
"720",-5.86,0.79,-5.86,0.83,1.359326,9.604077,-1.1484446,0.2002995,35,35,-6.00954929053332,0.784193256266667,-5.46510704241445,0.685106777116999,1.28840705177922,7.4495505641492,-0.876778792521917,0.155471154157943,1.28840705177922,7.92028708268657,-5.73732816647388,0.734650016691833,1.28840705177922,7.52365490453339,-0.890265508888525,0.157925686745512,1.28840705177922,7.93865274666676,2.78925492754655,0.0768515209797372,-0.449238787073721,-7.29527002542579,-7.34115937949096,1.96501424309969,8.63522655276082,-3.84659352609318,0.494092162530601,-3.64920340541174,0.461872772049547,2.01329313,0.07764721,-0.784,0.02479272,108.793147110341,-168.031051091845,1264.0001565008,0.935417255789883,0.945763570103786,10.8473548498319,0.193953443421944,-1.41942689882366,-891.396412100296,-891.773201844225,-910.547470263793,-910.691442632153,0.140002798012682,-940.067160753597,0.0132355873138099,1832.34806732943,1858.26137287421,NA,2359.96926190975,0.438057387772604,1.28181179216876
"721",-5.86,0.79,-5.86,0.83,1.359326,9.604077,-1.1484446,0.2002995,35,35,-5.12017304735785,0.661227286821979,-5.18901735046189,0.750981340106386,1.19695288436361,10.5066998508107,-1.19744781195101,0.190085600112694,1.19695288436361,10.1417897431756,-5.15459519890987,0.706104313464183,1.19695288436361,10.5078847353282,-1.19899257576329,0.192099547632939,1.19695288436361,10.3154161882079,2.58074434674826,0.0609379377706734,-0.381942180014343,-7.13849320832085,-6.67260608759597,2.02212899966632,9.9270311801469,-3.38789971706934,0.42985923989581,-3.91230906788865,0.575075163995771,4.79870858,0.09968297,-0.839,0.02607804,81.2591670698563,-112.963091010875,1232.92805975619,0.180297280375234,0.15796653392224,7.63669459695873,0.154827894989536,-1.04199973452626,-888.130526439399,-889.057046036094,-908.074953693941,-909.157376268144,1.05966801872413,-951.490243384464,1.16895375658091,1825.81629600763,1853.31633973451,NA,2352.8930285015,0.371871558506364,1.03055785396365
"722",-5.86,0.79,-5.86,0.83,1.359326,9.604077,-1.1484446,0.2002995,35,35,-4.92089077781168,0.741024301816056,-5.75102482398283,0.821763953416107,1.17553248605444,11.7488003102916,-1.21536264803053,0.18163068353236,1.17553248605444,12.4317665809304,-5.33595780089725,0.781394127616082,1.17553248605444,11.9210809439448,-1.23211883144783,0.183260406367485,1.17553248605444,12.534808829933,2.46730221063722,0.0601342595485745,-0.370056983850725,-6.46380097249862,-6.81290906742121,1.86017776539242,13.6083727077262,-3.40653264917313,0.535514943488753,-4.22015678053991,0.603251728439292,5.53870008,0.11982728,-0.818,0.02275584,100.576498828118,-151.597754527398,1269.43096080589,0.394519836606225,0.416595518781473,7.68769994372048,0.138424437684975,-0.998672493972064,-890.40241691785,-890.844424452854,-916.735159213292,-917.270117206717,0.521664286671317,-941.200354289594,0.533716353354103,1830.36007696454,1870.63675077321,NA,2387.26416708438,0.366676147896986,0.951509452252221
"723",-5.86,0.79,-5.86,0.83,1.359326,9.604077,-1.1484446,0.2002995,35,35,-5.67775089330819,0.802625664884746,-6.12893390681221,0.971337162982858,1.45329196173457,9.88839607782641,-1.25313799636792,0.20654881291463,1.45329196173457,6.77377077013237,-5.9033424000602,0.886981413933802,1.45329196173457,9.93928760574508,-1.2721679368991,0.213664705312257,1.45329196173457,7.00205717821884,2.48636792942329,0.0616280287697927,-0.377698394732739,-6.85365610740508,-6.29969967268337,2.12427382226613,7.22377348908955,-3.77076448611235,0.527710656560721,-4.15125137263893,0.675902754613788,4.78582899,0.10653415,-0.886,0.03134687,49.277892329193,-49.0005415295487,1233.94631652734,0.054439565523627,0.0494477950208259,9.05413187123204,0.213231960083035,-1.33940839855956,-917.990096204644,-919.927988322814,-930.421424328459,-932.447456073181,1.99690423205206,-953.616255320882,2.09033815208538,1885.53543553813,1898.00928100355,NA,2418.89209152512,0.367690843827761,1.29795738938375
"724",-5.86,0.79,-5.86,0.83,1.359326,9.604077,-1.1484446,0.2002995,35,35,-6.03619447014032,0.837541732230193,-5.23082882476578,0.732726601540279,1.48532082805006,8.69713220280373,-1.10053676436651,0.185510374983605,1.48532082805006,6.21973086497697,-5.63351164745305,0.785134166885236,1.48532082805006,8.85928565849112,-1.12164039070978,0.188256927888991,1.48532082805006,6.25544795639299,1.80441302247048,0.0526951087172242,-0.293266862993884,-7.00407879021725,-6.82317457050145,2.17996787232091,6.64400309816433,-4.19822582673771,0.594233315725111,-3.66716260644513,0.522340720514891,5.5139906,0.12760307,-0.903,0.03097521,48.130725742029,-46.7062083552206,1228.58136780647,0.768735087495217,0.73724488549579,6.89744012093501,0.139293699391383,-0.94521133106868,-917.7585937892,-918.23535487396,-930.586663295203,-930.932110008376,0.336406198750624,-957.398115489359,0.233707908168382,1885.07243070724,1898.33975893703,NA,2410.45652725773,0.32063501257344,0.906623022735712
"725",-5.86,0.79,-5.86,0.83,1.359326,9.604077,-1.1484446,0.2002995,35,35,-5.68219517433336,0.771160957862324,-5.63426138029635,0.763303646550318,1.28455214119187,16.1626549615118,-1.86346309184741,0.278659276154002,1.28455214119187,12.4171499027962,-5.65822827731485,0.767232302206321,1.28455214119187,16.1632293736645,-1.86355724953294,0.278674710489266,1.28455214119187,12.4172575720267,2.76745417253863,0.0767921228616507,-0.445173065140215,-7.04555897075348,-7.04443700427843,2.27087114721308,11.4318627051148,-3.78156407612565,0.513375900292,-3.52833910163709,0.475323085082239,7.065149,0.15998443,-0.862,0.02264215,98.4432159245165,-147.331188720196,1330.95130602601,0.948346829322686,0.954772276333804,10.6927581331249,0.198402189531696,-1.42356933219409,-919.057498548982,-919.059064237168,-938.387724209346,-938.388285939367,0.000545682781236285,-984.429140692404,5.30613169030464e-06,1887.6702402268,1913.94188076532,NA,2514.57142333182,0.445335181813559,1.2855251980341
"726",-5.86,0.79,-5.86,0.83,1.359326,9.604077,-1.1484446,0.2002995,35,35,-5.93935214007345,0.741618637760649,-5.97807670010712,0.832250951389056,1.23562891939822,8.88992453232781,-1.06062636638293,0.171202988534152,1.23562891939822,7.82830996510485,-5.95871442009028,0.786934794574852,1.23562891939822,8.89029943021524,-1.06150379050045,0.173256542602561,1.23562891939822,8.02099811028947,3.21777616845466,0.0891674401854964,-0.518728723207687,-7.47872143499871,-6.97748212334118,1.88354347096503,8.31093154265228,-4.0614618644698,0.522306156418101,-4.43146159910536,0.616329620693449,4.00127883,0.1138525,-0.891,0.02526301,100.656454990664,-151.757666852491,1252.20623336166,0.524509550020507,0.489176698825057,8.58814327569529,0.148276887964195,-1.08751129498355,-883.346581998132,-884.55838202479,-899.574454524854,-901.08585139286,1.48417918314431,-928.494434133783,1.70478034554033,1816.2484071251,1836.31534139634,NA,2352.65479987082,0.511647639837804,1.06879293268317
"727",-5.86,0.79,-5.86,0.83,1.359326,9.604077,-1.1484446,0.2002995,35,35,-5.88035379037575,0.812074522912927,-5.50733376366134,0.819775704652094,1.26392990126824,7.68631062369718,-0.87294528474669,0.147577505482808,1.26392990126824,8.02439825609855,-5.69384377701855,0.81592511378251,1.26392990126824,7.72109660877968,-0.872227110992171,0.147592332532853,1.26392990126824,8.14598379103861,1.96087071488887,0.0559331009390815,-0.312862929162552,-6.99996515341997,-6.58106347873696,1.80168012433232,9.50390095192153,-4.23806048433328,0.585156431688555,-3.70554532783289,0.553147015520319,3.69986129,0.0749687,-0.822,0.02845782,71.3262137677497,-93.097184406662,1223.16370854291,0.464667053884877,0.483284552199666,7.30394952801946,0.155075599274365,-1.02385589059182,-886.707403662171,-887.27256662029,-906.660439045003,-907.597250880181,0.916162622847144,-921.827325859372,1.10342507554119,1822.97005045318,1850.48731043663,NA,2353.23023267915,0.349449972014719,0.993195849439624
"728",-5.86,0.79,-5.86,0.83,1.359326,9.604077,-1.1484446,0.2002995,35,35,-4.72608290740681,0.627702826277009,-6.43560585185182,0.795457646820915,1.4798778410033,10.1026403483747,-1.0403042246662,0.160485094267302,1.4798778410033,9.0129961007312,-5.58084437962932,0.711580236548962,1.4798778410033,10.8332575227707,-1.11199940335647,0.167520514221232,1.4798778410033,9.35338430931039,2.94070728070679,0.0862817538214336,-0.486067056428181,-6.94413312917836,-7.65421626270632,2.22277243571585,10.3834609301538,-3.17405431064761,0.431808729808851,-4.22488577560291,0.535545040140083,3.1469789,0.0519074,-0.735,0.031699,52.7791863970593,-56.0031296652813,1331.94373440618,0.228804888810275,0.189476041632168,11.8480430294442,0.208647989378821,-1.51409811117835,-927.99280270375,-929.983289350773,-952.581839825799,-954.921911361336,2.31163559343584,-976.100573096032,2.37135203749543,1905.54084853634,1942.33011199823,NA,2607.88433914708,0.498103768473229,1.48704065592473
"729",-5.86,0.79,-5.86,0.83,1.359326,9.604077,-1.1484446,0.2002995,35,35,-6.64234130417965,0.949725726689763,-5.83261615766379,0.835996211631632,1.29587007331833,8.51587885313395,-0.9299813272031,0.170373935379248,1.29587007331833,10.5734421692547,-6.23747873092172,0.892860969160697,1.29587007331833,8.67979255635898,-0.953003739264005,0.173607536028087,1.29587007331833,10.6074170918295,2.75722811969661,0.0705078654731863,-0.429911025132238,-6.94186241509774,-6.80970828953288,1.84431868515319,12.9186181834039,-4.67670718720315,0.668472998517118,-4.43604416484713,0.639091832147848,5.14481453,0.13205401,-0.81,0.02365557,97.9126519072342,-146.270060685631,1323.51426293941,0.946141749140623,0.963838791712849,7.56081081779125,0.152392830089921,-1.04327904779437,-905.192877771157,-905.725156802189,-930.189465132313,-930.394655652334,0.199620363700055,-937.40977319797,0.080961085909543,1859.94099867115,1897.54536261125,NA,2500.7584651932,0.400115190788717,0.961895895083143
"730",-5.86,0.79,-5.86,0.83,1.359326,9.604077,-1.1484446,0.2002995,35,35,-4.98691379026838,0.677897224038522,-5.4267099075037,0.670989968495001,1.30371508053863,6.77028820964785,-0.801103118318618,0.163455540470523,1.30371508053863,9.23976236606134,-5.20681184888604,0.674443596266762,1.30371508053863,6.81864336583167,-0.80034367227642,0.163467468015308,1.30371508053863,9.3950899658504,3.24146474781778,0.0912291690643008,-0.527556498822157,-6.90591877897176,-7.38686653734615,2.10216373520454,9.69832784885823,-3.85591466235746,0.539879816004143,-4.34990699465494,0.547536558248808,5.86277669,0.12340959,-0.852,0.02277342,108.044944274594,-166.534645420351,1286.15752172691,0.387712467521608,0.347381142117809,3.91978392340859,0.0914379549909213,-0.548519058893945,-899.559502128465,-900.197432481417,-923.097766235718,-924.151627652244,1.03149627970506,-960.259897414175,1.22394056491707,1848.67424738577,1883.36196481806,NA,2405.78039803346,0.518707205416734,0.667067708606839
"731",-5.86,0.79,-5.86,0.83,1.359326,9.604077,-1.1484446,0.2002995,35,35,-5.73777986036753,0.827815366903928,-5.43615666868995,0.716255228896405,1.43175830368996,8.1747331498198,-1.00367700673154,0.16837492380812,1.43175830368996,6.40350285634231,-5.58696826452874,0.772035297900166,1.43175830368996,8.19747728725923,-1.01208928795399,0.171486339906185,1.43175830368996,6.50336044251402,2.92186097653042,0.0812049538937261,-0.469047103476489,-6.76361134816862,-7.12663459034381,2.09389896661234,7.01123606433567,-4.00456459946344,0.584377685264902,-3.38751637994031,0.436758727038285,2.51511612,0.0634199,-0.777,0.03074926,61.1596086063195,-72.7639740838016,1218.08127938639,0.188409352191456,0.151212069868098,9.97488390993375,0.210849420663924,-1.41642381816537,-908.840594142568,-909.748080881065,-923.347910201285,-924.285751442642,0.917176097779103,-949.171284783398,0.934890124056547,1867.23643141397,1883.8622527492,NA,2363.39858468897,0.475880431942317,1.27257272204815
"732",-5.86,0.79,-5.86,0.83,1.359326,9.604077,-1.1484446,0.2002995,35,35,-6.27607169164346,0.826486252221907,-6.19706155518009,0.850787640726865,1.44746444823705,11.0085265461144,-1.27145473633447,0.210163773695034,1.44746444823705,9.31426375792821,-6.23656662341178,0.838636946474386,1.44746444823705,11.0100871965304,-1.27097472232896,0.210311413065852,1.44746444823705,9.34544571284437,3.78708427132383,0.0952125165173411,-0.585347252440423,-7.30982170078528,-7.08603018007512,2.14781623629703,10.4884344764386,-3.68629914850742,0.493876883265632,-4.0175369823029,0.548039487316042,4.6617587,0.1151137,-0.854,0.0285872,63.7531633999392,-77.9510836710411,1332.14124017105,0.882452547511504,0.879959415221304,11.8640215418567,0.217906943006674,-1.55365169563875,-929.782488606855,-929.926078728741,-949.231100531077,-949.442404422321,0.205576760887944,-968.017457745932,0.241532870924265,1909.12022034255,1935.62863340878,NA,2586.33139667107,0.543187277778708,1.48914723752608
"733",-5.86,0.79,-5.86,0.83,1.359326,9.604077,-1.1484446,0.2002995,35,35,-4.19159877953737,0.576932941207691,-5.45477280516677,0.750590941604085,1.2254166928122,10.3016830379734,-1.28298643353585,0.215085105459273,1.2254166928122,9.12532524580506,-4.82318579235207,0.663761941405888,1.2254166928122,10.7005851927296,-1.33782650239672,0.222624380734692,1.2254166928122,9.21732072844893,3.1316993007982,0.0723277795876077,-0.463968992256997,-6.71212283883825,-6.94068743555422,2.22010645912841,7.90318626242794,-2.96050806660471,0.406257158052395,-3.62662963458552,0.49264952251922,4.04554187,0.09407587,-0.844,0.02658491,79.0272946751044,-108.499346221371,1197.24860676138,0.576149878220957,0.544937621401762,8.45726055139252,0.175964744890977,-1.18399428764684,-891.967564661638,-893.040585220929,-907.136493927359,-907.769619794411,0.617826357960728,-967.205215536907,0.314518086699681,1833.49037245211,1851.43942020135,NA,2285.99786730138,0.423690572656192,1.09870499328149
"734",-5.86,0.79,-5.86,0.83,1.359326,9.604077,-1.1484446,0.2002995,35,35,-5.46184747251278,0.764923316439876,-5.3892687421467,0.723099137768094,1.36164729819081,8.84710834212849,-1.21371145017186,0.232187664574815,1.36164729819081,8.26725183436565,-5.42555810732974,0.744011227103985,1.36164729819081,8.84842526015387,-1.21447033661851,0.232624980055207,1.36164729819081,8.29014788236184,2.63655600020461,0.0785765214231399,-0.43840566883747,-6.86237352241455,-7.03897242574005,2.24514227333942,7.79574196707859,-3.84386870333353,0.53890502890514,-3.64060898383827,0.49445768109839,4.49966611,0.12515868,-0.877,0.03004612,54.221755021574,-58.8882669143107,1245.3370439336,0.906322322786056,0.889574790434318,7.93750250317389,0.169952339098776,-1.11322171993935,-912.133524817347,-912.258572546588,-926.764290488977,-926.937022035147,0.168003556131639,-969.527630755248,0.187934545682483,1873.82229276353,1890.69501332458,NA,2431.78582095289,0.456021320604297,1.09987215562483
"735",-5.86,0.79,-5.86,0.83,1.359326,9.604077,-1.1484446,0.2002995,35,35,-5.74070711463688,0.831129278188238,-5.23198755253747,0.732689178167949,1.14431653050656,7.13097998382148,-1.01352962215357,0.216421261126895,1.14431653050656,10.0498532925,-5.48634733358718,0.781909228178094,1.14431653050656,7.19567888203713,-1.02604922329741,0.218843874449896,1.14431653050656,10.0732970111273,3.74526029295451,0.0972594382016239,-0.583958033917191,-6.74679517654625,-6.82455625704146,1.93373635737183,9.49622923442006,-3.95034592023936,0.567422075593164,-3.84185598456552,0.53326663709144,3.63797472,0.12594514,-0.842,0.02293425,109.519154009313,-169.483064889788,1229.2227774923,0.923450581066046,0.923131646637818,6.79545116840573,0.154485361203663,-0.988428344945974,-877.078383053616,-877.380254213391,-896.476929689947,-896.625286582673,0.144270953147677,-939.131690422823,0.0354520182888829,1803.71200923607,1830.12029172652,NA,2288.96249009481,0.567117744885014,0.949960157364352
"736",-5.86,0.79,-5.86,0.83,1.359326,9.604077,-1.1484446,0.2002995,35,35,-6.09018380629871,0.909572967657714,-6.27872597155562,0.825793077930791,1.2530097836807,8.34044838312493,-1.03102780622456,0.175657408559848,1.2530097836807,7.64326069217476,-6.18445488892717,0.867683022794252,1.2530097836807,8.34933542014487,-1.02707879577103,0.177412176040512,1.2530097836807,7.98594859987869,2.73877682479457,0.0708458950551741,-0.421994498988397,-6.6289246652078,-7.31660573375132,1.83059751470548,8.44179011450929,-4.50735136417076,0.665218011371248,-4.38809403228506,0.57660933146966,5.664975,0.11948578,-0.9,0.02743292,77.246625341371,-104.938007553905,1257.43361337723,0.18279949917196,0.167604796261776,6.80216791118564,0.150169220821088,-0.961482938857429,-886.144849666416,-887.995465754397,-901.513853330289,-904.235606214571,2.69606327447287,-921.997370984118,3.25592121977683,1821.84494246167,1840.19413900721,NA,2409.92921920056,0.429438989239176,0.985979705879304
"737",-5.86,0.79,-5.86,0.83,1.359326,9.604077,-1.1484446,0.2002995,35,35,-5.13674033998489,0.674750990144886,-4.65892531356217,0.660156897342116,1.47105762692484,6.58106706424802,-0.796709890374793,0.150953836062847,1.47105762692484,6.731701064311,-4.89783282677353,0.667453943743501,1.47105762692484,6.63814386411686,-0.798453209584337,0.151007082949031,1.47105762692484,6.82289624421627,2.47263260298606,0.0675210692730981,-0.393695759524493,-7.0744897760762,-6.68362257806171,2.2462140778282,7.27733007531076,-3.52516404644802,0.472596639827689,-3.44270316710537,0.500400357187578,3.32087701,0.06874091,-0.818,0.03297535,42.0069468727238,-34.4586506166102,1199.62667247321,0.626390152131219,0.604744677403249,6.42169547400751,0.146726464467819,-0.917232977381952,-914.374530456295,-914.907341836967,-933.018400129175,-933.839216716273,0.802057940675261,-967.518408327195,0.977831432743068,1878.30430404143,1903.20323260498,NA,2364.79469432982,0.395969282236178,0.973353885230724
"738",-5.86,0.79,-5.86,0.83,1.359326,9.604077,-1.1484446,0.2002995,35,35,-4.25727494357631,0.560193979464095,-5.67464886970362,0.756609287912377,1.43411890587272,11.6801380010586,-1.22877784534928,0.1672132618314,1.43411890587272,8.29421876266887,-4.96596190663997,0.658401633688236,1.43411890587272,12.182375212675,-1.29837632957099,0.176858005179608,1.43411890587272,8.39128168234054,2.23559316276592,0.0557410205042269,-0.33997928778327,-6.87752540540754,-7.12470775015261,2.30396007734592,8.65771425032939,-2.92559213775669,0.386939787315068,-4.25360995167178,0.563152927701767,6.16779001,0.09329422,-0.885,0.03047644,52.1515957508489,-54.7479483728603,1249.76216126894,0.226813979479151,0.170781069815813,7.99756996337087,0.158704795281487,-1.09057858719354,-916.382926163381,-917.730188250751,-939.672272211861,-940.399516901948,0.710148825438045,-979.135582986435,0.326762760001039,1882.3210954556,1916.51097677035,NA,2444.77637416502,0.334400770786602,1.02714655958432
"739",-5.86,0.79,-5.86,0.83,1.359326,9.604077,-1.1484446,0.2002995,35,35,-5.26864871524968,0.683796990135908,-5.00367873754462,0.688399116878917,1.25679177628807,10.1163785814574,-1.32180734877263,0.229456240220411,1.25679177628807,8.61548069600159,-5.13616372639715,0.686098053507412,1.25679177628807,10.1339308537286,-1.3215024924175,0.229461535113051,1.25679177628807,8.67503837506733,2.74083668095867,0.075234254607352,-0.433914182070272,-7.1525044242262,-6.86011616627777,2.22871095735794,7.45016150503572,-3.82431145281436,0.497920131102277,-3.25768814948366,0.437160172523424,4.40864187,0.10787458,-0.862,0.02789016,70.7855144045827,-92.0157856803281,1225.80489235522,0.640865549592061,0.603486240188605,8.06101990033317,0.169893823958721,-1.13098202107012,-896.544739105206,-896.821683342023,-909.713842140787,-910.146080461161,0.421187697683585,-966.325101883823,0.540191889173764,1842.64472133925,1856.5941166282,NA,2359.59399903011,0.45454046524173,1.0723988315671
"740",-5.86,0.79,-5.86,0.83,1.359326,9.604077,-1.1484446,0.2002995,35,35,-6.5025162387047,0.843703792818043,-6.15421858581283,0.837813371248935,1.24209493508368,9.54557232579356,-0.994302814291356,0.166285173052632,1.24209493508368,11.3348492882311,-6.32836741225876,0.840758582033489,1.24209493508368,9.57590013954605,-0.994815719293123,0.166293847319198,1.24209493508368,11.4040161335168,2.68343709120344,0.0750775199206088,-0.42699119982132,-7.43368859635449,-7.12048455090808,1.80999807768049,13.6097341407163,-5.26518045166687,0.676452362776729,-4.1177915858696,0.56021876007103,6.51933117,0.13319427,-0.839,0.01991869,135.543857570549,-221.53247201226,1367.56805417587,0.306402415117745,0.299001415520633,7.3502298742141,0.136744039353637,-0.967415638336889,-898.060346393647,-898.287979340991,-924.265735862824,-924.657159778449,0.381305467908177,-934.503779157955,0.441449735172641,1845.67593591613,1885.69790407228,NA,2513.60363633948,0.459333919390865,0.931765930307418
"741",-5.86,0.79,-5.86,0.83,1.359326,9.604077,-1.1484446,0.2002995,35,35,-6.11770995142001,0.701573155395866,-6.34148625846976,0.908211762746167,1.48975113101192,12.4067099267963,-1.30306769948223,0.185856324527379,1.48975113101192,9.27771248164085,-6.22959810494488,0.804892459071016,1.48975113101192,12.4192288856955,-1.31462790559391,0.196531203039297,1.48975113101192,9.93739165835831,2.89309050935059,0.0679254272513305,-0.424876936771095,-7.89565986771266,-6.88833682400311,2.18491348083442,10.8212161313691,-3.84770227710839,0.440987571504081,-4.97331251014169,0.718315860501192,6.2933662,0.10043731,-0.854,0.02520401,93.2073285164207,-136.859413904004,1388.62093970631,0.00364578596392222,0.0021543335236782,9.83976176436915,0.200661312784532,-1.3278601925955,-932.321661475087,-936.722370386637,-956.037545812902,-960.392220059119,4.36460779545229,-973.212414138499,4.67506977970243,1914.19856607901,1949.24152397243,NA,2640.38246550861,0.423221578029328,1.40238897767224
"742",-5.86,0.79,-5.86,0.83,1.359326,9.604077,-1.1484446,0.2002995,35,35,-6.06976227445331,0.866105842392811,-5.74039166603389,0.793775662317451,1.48997721790225,9.50778965698478,-1.17719851885612,0.207904451087702,1.48997721790225,7.95958635636767,-5.9050769702436,0.829940752355131,1.48997721790225,9.5349109064074,-1.18315437771074,0.209212364825136,1.48997721790225,7.97344622691257,3.16089055598973,0.0908202305417728,-0.522563596713494,-6.86746901771081,-6.96902290531321,2.19561259079293,8.79808611838575,-4.00497014162581,0.567553366275386,-4.52879101415139,0.63839408799415,4.30998401,0.09245611,-0.83,0.02951206,60.7393513391734,-71.9234595495094,1278.66490586197,0.75739431719832,0.702681719313946,9.09182995490345,0.198693376367409,-1.30112085210507,-929.929124306872,-930.106902699091,-946.46696880518,-946.575170374191,0.105191373749458,-967.839396407277,0.0570483520146659,1909.41349174258,1930.10036995699,NA,2485.40635217443,0.50448965221307,1.22497633845763
"743",-5.86,0.79,-5.86,0.83,1.359326,9.604077,-1.1484446,0.2002995,35,35,-6.59464815769871,0.85194320407692,-6.10613609289618,0.932877865990375,1.27850239627364,12.5152744296858,-1.39566958170717,0.203718425418799,1.27850239627364,9.94710120130485,-6.35039212529744,0.892410535033648,1.27850239627364,12.5749354390502,-1.38578519200581,0.205356030293561,1.27850239627364,10.6033640128525,2.45680278355593,0.0573184805775968,-0.359470290258123,-7.47673223517903,-6.50603239814345,1.92131489878218,11.0185043684935,-4.62042657464149,0.59890769371259,-4.24186109507447,0.667468224032999,6.42328648,0.13170611,-0.87,0.02245713,108.83381295483,-168.112382780823,1316.14654595775,0.0335687889676393,0.0321933678557287,9.18209686191708,0.171343607907926,-1.19751516073402,-902.484622853831,-905.450504975679,-922.989010180121,-927.064435830734,4.0765012001462,-942.2929432334,4.85587947322023,1854.5244888365,1883.14445270687,NA,2464.18070913467,0.358690382646096,1.21403315826239
"744",-5.86,0.79,-5.86,0.83,1.359326,9.604077,-1.1484446,0.2002995,35,35,-5.9944777703939,0.829645672876725,-5.63748004413861,0.82951823370301,1.4190131536734,10.9751968088588,-1.49931888100722,0.266304979427112,1.4190131536734,7.98871772055589,-5.81597890726626,0.829581953289867,1.4190131536734,11.0070586529966,-1.49933025488103,0.266304983487298,1.4190131536734,8.06697115782128,3.15361681352259,0.0803173104487259,-0.492626188742768,-7.009404768837,-6.65316629220129,2.2941876345062,7.43719448469136,-3.78085126895383,0.516807558382114,-3.87668465892722,0.575110674978441,5.3734471,0.149849,-0.9,0.0285781,61.525869035865,-73.4964949428925,1253.63507097981,0.592608967579614,0.569353217244538,9.13435729074425,0.190084325933711,-1.27075791039156,-923.546562162724,-923.94910156395,-934.73840418792,-935.345168620236,0.591990303786909,-973.365434085987,0.780192222479703,1896.64836745429,1906.64324072247,NA,2433.77364701672,0.448989135279397,1.21766200490708
"745",-5.86,0.79,-5.86,0.83,1.359326,9.604077,-1.1484446,0.2002995,35,35,-5.32187177669791,0.762258996916555,-5.7645584178391,0.807872915127523,1.35688825305293,7.96854291400084,-0.947564100884419,0.192528245516217,1.35688825305293,10.3192432991723,-5.54321509726851,0.785065956022039,1.35688825305293,8.01753577956205,-0.952612268944943,0.193048402899856,1.35688825305293,10.3414921066465,2.22170880148177,0.057861432870885,-0.339735740316487,-6.73827115287416,-6.90920187281949,2.06582029077787,11.5557894939894,-4.16092564214246,0.603721589181199,-3.78701034151929,0.535205903168485,4.33323989,0.11261576,-0.805,0.02486745,88.1508337354009,-126.746424341964,1293.12332632866,0.814889289085793,0.77208705222163,6.76452587661324,0.142778127781948,-0.934023209991359,-915.96670279032,-916.137142293654,-939.907714052526,-940.04516917,0.133659014852978,-961.590455622615,0.134045006593894,1881.48864870948,1916.98186045168,NA,2459.50022831536,0.364400721032672,0.960428779238353
"746",-5.86,0.79,-5.86,0.83,1.359326,9.604077,-1.1484446,0.2002995,35,35,-6.48644805198504,0.869220894132227,-4.7806440121569,0.711363451464161,1.46092816240526,5.53537317247955,-0.687067910706411,0.162203755338703,1.46092816240526,8.42815009462682,-5.63354603207097,0.790292172798194,1.46092816240526,6.26281502805306,-0.754386376561442,0.168433498390128,1.46092816240526,8.8168715333833,3.10160565223087,0.0962904599474793,-0.533065032906044,-7.26559612306046,-6.50026587790773,2.09034504754895,10.1000403017363,-4.54130021640814,0.61136255340511,-3.3761499722748,0.500956818636313,3.23357995,0.09934212,-0.765,0.02623097,83.6380801333601,-117.720917137883,1289.31971458959,0.106220410486149,0.094593146157243,7.98736661588903,0.164952689878892,-1.09954047893259,-919.537215170445,-922.877579442847,-945.211505167459,-948.039686148795,2.8036314197527,-960.168728122177,3.00401556870143,1888.62967346973,1927.58944268155,NA,2460.91851204129,0.531840908711308,1.08895064953861
"747",-5.86,0.79,-5.86,0.83,1.359326,9.604077,-1.1484446,0.2002995,35,35,-4.71948551609769,0.717907466923474,-6.11795545658979,0.890631481702233,1.38369706158986,6.70062784722065,-0.853662747314775,0.181357216224382,1.38369706158986,8.66760422265756,-5.41872048634374,0.804269474312854,1.38369706158986,7.18955739083564,-0.914050082982075,0.188815612544706,1.38369706158986,8.80182270011682,2.86516106750573,0.0700991618713232,-0.434237524804506,-6.4001198311356,-6.76954478733686,2.05671803695905,9.76763190318016,-3.57898343124523,0.542971358730061,-4.599519447953,0.673521599134702,4.31239271,0.10466116,-0.787,0.02743913,69.1072290219782,-88.6592149151191,1260.3293796293,0.334408397472254,0.295400647674169,5.91607337402039,0.141428346880931,-0.883672637450179,-911.736307882619,-913.498085041147,-933.660460071883,-934.625608383587,0.944066001982162,-955.131265815321,0.733338464873847,1873.02785889408,1904.48735249039,NA,2431.99954434348,0.412940306133502,0.84921512954341
"748",-5.86,0.79,-5.86,0.83,1.359326,9.604077,-1.1484446,0.2002995,35,35,-4.26105309281419,0.613540807286837,-5.98886678479627,0.864391605802706,1.30865795086142,8.84835681809942,-0.895588765932811,0.159735989748358,1.30865795086142,11.373224065991,-5.12495993880523,0.738966206544772,1.30865795086142,9.59469185664962,-1.0039446270129,0.17546752052737,1.30865795086142,11.5164825949823,2.87943486786334,0.0760144340803929,-0.451122111382588,-6.56347695902617,-6.79678650606494,2.03051286696649,12.905844197587,-3.04189993963428,0.441300036948346,-4.14361650630819,0.596192294950085,4.82002168,0.1057243,-0.775,0.02469352,85.9308494918068,-122.306455854776,1284.33397830805,0.284079704713412,0.24893829225766,7.50503627036118,0.15777711816011,-1.04844132804657,-908.956368408359,-911.41519116082,-937.272842493118,-938.078654141017,0.787311368440313,-960.941362405583,0.229408168311625,1867.46797994556,1911.71211733286,NA,2446.36150076132,0.447478808472355,1.00932296360131
"749",-5.86,0.79,-5.86,0.83,1.359326,9.604077,-1.1484446,0.2002995,35,35,-4.92340602084136,0.667688274863759,-5.25656987198411,0.822128807055833,1.32728168122585,9.6706047698658,-1.20832553085068,0.184536842289067,1.32728168122585,6.04288389361871,-5.08998794641273,0.744908540959796,1.32728168122585,9.69835430779287,-1.22118903147009,0.190499811785009,1.32728168122585,6.30993946295347,3.12243974550295,0.0850135243959161,-0.502797650931775,-6.9032332869601,-6.31628041185012,2.08459223728549,5.75795343626079,-3.27467466645671,0.433984164418828,-3.42137352735523,0.543544856395079,4.52243808,0.09797367,-0.9,0.0326139,41.7234303167706,-33.8916175047039,1153.30770144379,0.0490696392998159,0.0441218018301849,7.26672454769347,0.163571926448175,-1.05119689474219,-890.082804889468,-892.679617997791,-901.288707884545,-903.893916228534,2.57845777227958,-942.12553499082,2.91016168638709,1829.72085290777,1839.74384811572,NA,2272.72378538288,0.474611122155967,1.0119534563201
"750",-5.86,0.79,-5.86,0.83,1.359326,9.604077,-1.1484446,0.2002995,35,35,-5.99690536966336,0.766279133222755,-6.00899559169979,0.830268304941087,1.29954566806217,9.95690993010122,-1.28001436379636,0.236637643162554,1.29954566806217,9.9793823078279,-6.00295048068158,0.798273719081921,1.29954566806217,9.95694647346845,-1.28020777461986,0.237661296686853,1.29954566806217,10.0781334638482,2.55325768637428,0.0675617236613111,-0.401911407793097,-7.3893538140172,-7.02021310942181,2.12436787865306,9.84070107710466,-4.08141199700153,0.528589481668997,-4.09203729770614,0.56397827587482,5.48666873,0.14416074,-0.872,0.02277225,106.126120376984,-162.696997625131,1312.09718118164,0.77215191917788,0.760213349900769,8.39197552961914,0.164866895540364,-1.12214323954749,-910.045501047983,-910.475430150584,-927.194829489836,-927.821611506213,0.611608050535803,-963.296850550208,0.704115232432775,1869.6462452248,1891.5560913263,NA,2461.49736473816,0.392115198430225,1.13575042412258
"751",-5.86,0.79,-5.86,0.83,1.359326,9.604077,-1.1484446,0.2002995,35,35,-5.98208796954639,0.797667272563054,-5.38263851653146,0.734656894233625,1.35595277463768,7.47741725674512,-0.74879190362039,0.140527972320597,1.35595277463768,10.0670358982917,-5.68236324303892,0.766162083398339,1.35595277463768,7.5672521684251,-0.758234787826351,0.141520549264901,1.35595277463768,10.105936366896,3.80336634467914,0.0964423476147165,-0.591472392516948,-7.18753400201367,-6.96348407790166,1.93733566562434,12.5022159010503,-4.32128496097765,0.584200904547085,-4.04882073728989,0.549638098051254,4.26768524,0.09378165,-0.79,0.02400878,99.7885417970514,-150.021840465265,1304.35803073456,0.924523012351093,0.918670713931872,6.96814960511391,0.13591216894162,-0.927166623935758,-909.697295146861,-910.00367560298,-938.161416517726,-938.407034070802,0.239019001058964,-948.40161163999,0.228363474381835,1868.94983342256,1913.48926538208,NA,2458.69422100386,0.544847282232967,0.944874606000708
"752",-5.86,0.79,-5.86,0.83,1.359326,9.604077,-1.1484446,0.2002995,35,35,-5.84029947119232,0.765622210984375,-6.25634765909763,0.859343430976379,1.43980265655394,9.67463496600832,-1.14572244191075,0.184517108420981,1.43980265655394,7.39191497421875,-6.04832356514497,0.812482820980377,1.43980265655394,9.71790898967313,-1.15547057784723,0.186713025190178,1.43980265655394,7.41778213759156,3.02219809055229,0.0781778646372109,-0.471393084637059,-7.23666168825078,-7.0943430996663,2.09726581884987,8.27160895529696,-3.97914680737475,0.519070645674045,-4.21672514334361,0.58033244797384,5.21517672,0.12118856,-0.872,0.02701459,76.9980878690858,-104.440932609334,1290.55114341258,0.770256792773666,0.763405761190782,8.41151539937507,0.162100849883167,-1.13793409412083,-917.147828994955,-917.514946942864,-933.492677753152,-933.708113266748,0.209602589487014,-954.678827650432,0.123954310081549,1883.85090111875,1904.15178785293,NA,2476.66135421584,0.452130148677818,1.03832224099458
"753",-5.86,0.79,-5.86,0.83,1.359326,9.604077,-1.1484446,0.2002995,35,35,-6.49520660150021,0.834405320889938,-5.37140808490001,0.756671659642006,1.50218290738631,9.30907833986569,-1.19337768046208,0.213468378713292,1.50218290738631,7.47582032101725,-5.93330734320011,0.795538490265972,1.50218290738631,9.62480911634388,-1.21521692376216,0.214979009236045,1.50218290738631,7.73901492519691,2.6831641655616,0.0700749784555461,-0.419742554501198,-7.48177684873381,-6.82109537072381,2.2630850273351,7.91127761229418,-4.98397954286173,0.644286689815136,-4.02812758718875,0.560321741973151,6.47378638,0.14396307,-0.88,0.02563996,86.1406212450768,-122.725999361316,1310.03837258151,0.304741416184716,0.290154496593265,7.31005169741157,0.149647992774287,-1.00392606267605,-929.733936412854,-931.295279345626,-944.580336029182,-946.720938332535,2.11156353088768,-971.934588043714,2.57567095143399,1909.02311595454,1926.32710440499,NA,2497.3507458017,0.407330198267199,0.984716080722306
"754",-5.86,0.79,-5.86,0.83,1.359326,9.604077,-1.1484446,0.2002995,35,35,-6.25043863907385,0.730374466021521,-7.08764140511943,0.971939721658845,1.37399422684267,11.6609458242415,-1.30054046365719,0.2073068846121,1.37399422684267,10.314617244651,-6.66904002209664,0.851157093840183,1.37399422684267,11.8361729421101,-1.35110023870721,0.221895327794882,1.37399422684267,10.6397777113859,2.89308660248654,0.0746025348206169,-0.45016271154829,-7.85679779956862,-7.25481728232306,2.09716295872471,11.4132875993823,-4.32192892371482,0.501132941067493,-5.83701409409713,0.807722437058125,5.8684723,0.1339507,-0.825,0.018748,152.993987169633,-256.432731210428,1417.54413884473,0.0241709271613442,0.0158568208767382,10.1407614879244,0.195580710962502,-1.35218250461628,-921.562693954163,-924.270740368766,-942.948450917166,-944.931753490094,1.95418998803762,-964.880180582346,1.6565053280066,1892.68063103716,1923.06333418096,NA,2578.65554647904,0.433222208805492,1.32902177038246
"755",-5.86,0.79,-5.86,0.83,1.359326,9.604077,-1.1484446,0.2002995,35,35,-5.02171992697835,0.700909381227299,-5.1318540924696,0.687470674009527,1.23851154043286,7.05368923184311,-0.893731862268715,0.179532681518644,1.23851154043286,9.13606306112592,-5.07678700972398,0.694190027618413,1.23851154043286,7.05672161544522,-0.893361847067537,0.179577831231566,1.23851154043286,9.16194485556422,2.31509846203945,0.057091916646377,-0.344763609047699,-6.80362443800261,-6.99382294356559,2.04775553614564,9.09729812267531,-3.79216560311678,0.532106477254251,-3.91395857934496,0.533149904034611,4.07667162,0.10514818,-0.814,0.02548569,86.5937199876454,-123.632196846453,1228.52140199749,0.931204737774876,0.923695883879842,5.08121530817297,0.113053256028748,-0.722354068315323,-889.324617001525,-889.431777631816,-909.81487833949,-909.993391088129,0.173633689055631,-951.811618480475,0.208198633243492,1828.20447713189,1856.79618902561,NA,2333.41060714852,0.364015368964084,0.734778740364269
"756",-5.86,0.79,-5.86,0.83,1.359326,9.604077,-1.1484446,0.2002995,35,35,-6.05842256006461,0.833563731710427,-6.09157916552766,0.875377607397803,1.38351745864041,9.42822788205029,-1.26726548039973,0.216607548194029,1.38351745864041,6.49325490591846,-6.07500086279614,0.854470669554115,1.38351745864041,9.42850272217175,-1.26761208194449,0.217044648244029,1.38351745864041,6.52555980959129,3.18202434921886,0.0829444095201189,-0.494715260520349,-7.05000677785186,-6.83404713213832,2.08942225122407,6.41806282222401,-4.48342323894973,0.619157033447097,-4.73429802324456,0.683357157128071,5.72732162,0.12735976,-0.902,0.02634202,84.0222704797574,-118.489297830677,1234.81615616529,0.723542792613363,0.717462217858054,6.37682195745783,0.140675875585646,-0.917256297987625,-905.924582330951,-906.154650092342,-915.794249311474,-916.095384492567,0.293161446838975,-945.95446971797,0.358076196424146,1861.40440779074,1868.75493096958,NA,2351.1430144999,0.492183486588405,0.862315999428456
"757",-5.86,0.79,-5.86,0.83,1.359326,9.604077,-1.1484446,0.2002995,35,35,-6.73365026831735,0.895500563204965,-5.63658349737836,0.808304922971793,1.41597883319855,7.20293422902859,-0.764607972032203,0.126298665909099,1.41597883319855,7.15824183397745,-6.18511688284786,0.851902743088379,1.41597883319855,7.50382310400323,-0.788522831899846,0.128199435828017,1.41597883319855,7.37631968470907,2.36978709023077,0.0585877986456046,-0.3494327609586,-7.35623087144245,-6.77865316141318,1.86085136791911,9.44807996451112,-4.90178535447046,0.646011622814694,-3.88666992503327,0.57787811795906,3.63861399,0.09339319,-0.82,0.02696221,82.7182779567601,-115.881312784683,1280.09330600032,0.0852868940391625,0.0786769911573404,8.33143233640159,0.147941262009202,-1.07678968935205,-905.425637434298,-906.755648996367,-927.428045646137,-929.27464252083,1.81770706869571,-929.557875566706,2.04183026369937,1860.40651799743,1892.0225236389,NA,2444.30529921595,0.388150532572,1.01916039823061
"758",-5.86,0.79,-5.86,0.83,1.359326,9.604077,-1.1484446,0.2002995,35,35,-5.53717812138475,0.700551645249444,-5.22231735083301,0.722157849039332,1.34615325859398,9.92255694504065,-1.09648798550941,0.176755062452891,1.34615325859398,9.30846278407736,-5.37974773610888,0.711354747144388,1.34615325859398,9.94734127124877,-1.09478724901592,0.176871769463444,1.34615325859398,9.43713248019763,3.17219694404766,0.0824243714487126,-0.494134030433229,-7.32121393079379,-6.87762898909522,2.11714311475457,9.9887799069731,-4.28712317987411,0.545639232104706,-3.74199461212883,0.520320359535263,6.43307719,0.13413931,-0.864,0.02495099,88.0261110344859,-126.496978940134,1296.14605234368,0.486840430217676,0.491612905322434,5.7979706800694,0.107278687414063,-0.751910318723881,-909.917930034238,-910.457862440515,-931.413960702357,-932.282289049541,0.84877246195164,-962.937057462979,1.00647005830767,1869.39110319731,1899.99435375134,NA,2465.79512574723,0.482877604205001,0.76821130959833
"759",-5.86,0.79,-5.86,0.83,1.359326,9.604077,-1.1484446,0.2002995,35,35,-4.63833990276417,0.677994814330333,-6.02555898444023,0.850783154932723,1.25317164892629,6.12587736400471,-0.652175912583672,0.109719301728728,1.25317164892629,7.06052218825204,-5.3319494436022,0.764388984631528,1.25317164892629,6.60697155914626,-0.712099733377368,0.11718325439076,1.25317164892629,7.20285238764856,2.74354743051225,0.0641438022846667,-0.405962683766494,-6.55676347376236,-6.91455433453597,1.7649046644146,8.63142087774694,-3.12472960306504,0.453617829129057,-4.53342830067638,0.638891251596626,3.33315147,0.06679685,-0.796,0.02687506,83.6646572472912,-117.774071365745,1184.16127724011,0.0766419655710431,0.0641030576469143,6.62585759913737,0.140116220274442,-0.93969097386677,-874.685617111884,-876.549752626445,-896.659391152848,-897.884643425267,1.20072289771363,-913.739643173658,0.896177085564187,1798.92647735261,1830.48521465232,NA,2250.54848311448,0.385474008206049,0.850702890588972
"760",-5.86,0.79,-5.86,0.83,1.359326,9.604077,-1.1484446,0.2002995,35,35,-6.62084577746468,0.881849625667158,-6.44883533884741,0.935882000670068,1.32804770397839,6.86627188264174,-0.874480613056794,0.159635117297438,1.32804770397839,6.63623222872788,-6.53484055815605,0.908865813168613,1.32804770397839,6.87366878039008,-0.87215707992585,0.160364991684552,1.32804770397839,6.80185264338268,2.79417010808555,0.0741498000041822,-0.444289237796518,-7.32475513398947,-6.83083378705246,1.8278527146305,7.81708048725115,-4.37652061945241,0.582625866128165,-5.03106737694688,0.725554809156342,4.60281873,0.1084813,-0.878,0.02493715,99.8285676566492,-150.101892184461,1263.86729692727,0.2935913194421,0.247479199940482,7.62770953152763,0.164877634374046,-1.08278451680334,-891.786156779444,-892.753213077288,-907.092126672567,-908.594110101023,1.47483573825287,-919.233824425607,1.80134355891857,1833.12755668773,1851.35068569176,NA,2377.63270167008,0.415578539218365,1.03227858465086
"761",-5.86,0.79,-5.86,0.83,1.359326,9.604077,-1.1484446,0.2002995,35,35,-5.91402945466701,0.790351177474435,-6.01333284983524,0.786500051093298,1.60754508550166,12.82262519671,-1.47117642425666,0.207579396258976,1.60754508550166,6.94110864301983,-5.96368115225113,0.788425614283866,1.60754508550166,12.825090487783,-1.47108081677545,0.207583104052577,1.60754508550166,6.94926352245685,2.50738582506536,0.0637670344096584,-0.382473424166075,-7.16306288848772,-7.28531029807952,2.35530037469132,7.59051102795368,-4.57080399938399,0.60995683371921,-4.26315904654996,0.55804670639099,9.57823019,0.17223881,-0.942,0.02961361,56.9198746544591,-64.2845061800809,1306.52784553256,0.904010656026957,0.912299155351442,7.1556574983093,0.13831482094915,-0.954528713091462,-939.659321799329,-939.710469350305,-956.627098594687,-956.698946076265,0.0698305270265847,-980.436644563049,0.0878943565265976,1928.8738867275,1950.420629536,NA,2548.77118488504,0.390485307454083,0.941212541790579
"762",-5.86,0.79,-5.86,0.83,1.359326,9.604077,-1.1484446,0.2002995,35,35,-5.1521122147395,0.700386956406875,-5.57902102361011,0.834365332071718,1.58499001644423,7.40802283885863,-0.697869721366391,0.0973525231567915,1.58499001644423,6.17269143208054,-5.36556661917481,0.767376144239297,1.58499001644423,7.45358562163146,-0.712168858558765,0.101840074443239,1.58499001644423,6.27396848769701,2.54239902467351,0.0681805209408679,-0.395824802004829,-6.93712919765607,-6.56582951387476,2.04711343794522,8.48723482471007,-3.57913256570558,0.483633132327523,-3.9538985349451,0.589412204930028,4.93297318,0.07467047,-0.869,0.03297992,40.9357551270749,-32.3162671253125,1225.42298755551,0.273030972564321,0.250664893872377,6.15435573714252,0.139268106487006,-0.887310942061861,-920.70662216675,-922.190663739621,-946.041184938849,-947.022658867653,0.960147226063304,-949.553559850075,0.844723469694581,1890.96848746234,1929.24880222433,NA,2418.52970798571,0.421462461988847,0.880010371396021
"763",-5.86,0.79,-5.86,0.83,1.359326,9.604077,-1.1484446,0.2002995,35,35,-6.0479847959105,0.862572799320368,-6.28520158715892,0.963361038481477,1.28693353936152,11.3006534175223,-1.25346515104437,0.185413460210848,1.28693353936152,9.29338152376771,-6.16659319153471,0.912966918900923,1.28693353936152,11.3147213690349,-1.25944231671671,0.187953027499147,1.28693353936152,9.40064014148525,2.99791172511546,0.0765328056771653,-0.463089665028683,-6.86674049554872,-6.50348703882905,1.86632238384168,10.7398549669535,-4.4087906139433,0.632271327266809,-4.40771671062063,0.674952501193931,7.3241882,0.12985761,-0.89,0.02535261,81.6923310309888,-113.82941893314,1270.64665723761,0.619322921886094,0.607343980123892,6.9788958769511,0.154060102375232,-1.0028226733985,-899.781048420979,-900.626062944944,-920.289219935289,-921.014856604269,0.708570452572042,-934.357126824801,0.716666454002621,1849.11733997079,1877.74487221721,NA,2427.46389554207,0.449498084720724,0.949294590598385
"764",-5.86,0.79,-5.86,0.83,1.359326,9.604077,-1.1484446,0.2002995,35,35,-5.2555084431444,0.662779291118042,-4.84584800811282,0.724523474736745,1.32961279984334,9.40861914094641,-1.43114000891722,0.274460386023778,1.32961279984334,7.35708476910092,-5.05067822562861,0.693651382927393,1.32961279984334,9.45057455895397,-1.42481647163674,0.275413472076463,1.32961279984334,7.76129095538283,3.01752619460617,0.0816516678088079,-0.476329326132109,-7.26458216412333,-6.48706586062236,2.42381448910536,5.60696899271635,-3.68943206329565,0.465794179863914,-3.59979560023488,0.528328352844493,5.0172884,0.140802,-0.9,0.0270551,74.5736949472356,-99.5921467656338,1204.00757252138,0.193299189581853,0.180546852617346,6.37908856834285,0.150516659504328,-0.928791837422314,-904.245649590775,-906.486100668922,-913.6950612,-917.001413828179,3.28894841043086,-978.273177191643,4.49225420894277,1858.04654231039,1864.55655474663,NA,2308.42299827712,0.487001266242979,0.97553284451879
"765",-5.86,0.79,-5.86,0.83,1.359326,9.604077,-1.1484446,0.2002995,35,35,-5.84211690331505,0.733075256860472,-6.79254082801408,0.970045813330511,1.30788883673197,8.84024156327514,-1.07561035787084,0.222972068392053,1.30788883673197,12.0542752665634,-6.31732886566457,0.851560535095491,1.30788883673197,9.06606797243524,-1.13191597945043,0.237010829550483,1.30788883673197,12.2921135513753,2.92070220841559,0.0822760647755071,-0.476612037273826,-7.43238545087448,-6.97100012095162,2.07549249914958,12.9123228421466,-4.58785545058489,0.60572941676599,-5.33312431760701,0.763113075116875,7.45594963,0.16695788,-0.85,0.02156241,114.138931968241,-178.722620807645,1401.83557114206,0.402030729917367,0.350480560847004,5.72892504951152,0.139323401592552,-0.828575275744597,-916.263738697455,-918.026166641865,-940.879473585606,-942.143338043492,1.23890472944428,-966.325631922737,0.877311272274048,1882.08272052375,1918.92537951784,NA,2624.94852147647,0.46377513157882,0.96306192158575
"766",-5.86,0.79,-5.86,0.83,1.359326,9.604077,-1.1484446,0.2002995,35,35,-6.11020249816377,0.672109643831215,-5.50564521500413,0.744591702439291,1.41330070283502,11.7344494636411,-1.4715951905833,0.228458418110224,1.41330070283502,7.15452972972042,-5.80792385658395,0.708350673135253,1.41330070283502,11.8258218407965,-1.46064030147582,0.22977183031524,1.41330070283502,7.82778406304219,3.23319025576647,0.0898685388761701,-0.526514656468937,-8.06368839209123,-7.02730175991342,2.3462098664923,6.49058745255394,-3.839730297681,0.407849038082007,-3.58682943281998,0.48038463023899,4.44892743,0.09210053,-0.889,0.02745934,87.0892915758186,-124.6233400228,1316.25888637447,0.0147284035168272,0.0139006878064664,11.5599767931596,0.222522785766008,-1.53179473086296,-915.09327229042,-919.011564328433,-926.932364733907,-932.485496914292,5.61421641508322,-974.693829011633,7.27290359785077,1879.74178770968,1891.03116181444,NA,2507.89443272614,0.49831591273603,1.5447619360598
"767",-5.86,0.79,-5.86,0.83,1.359326,9.604077,-1.1484446,0.2002995,35,35,-5.14575071857444,0.717824414000855,-5.45899627021612,0.793961891341447,1.3269290873799,7.09069116001029,-0.61939788563143,0.119559475288106,1.3269290873799,11.2302981251263,-5.30237349439528,0.755893152671151,1.3269290873799,7.11522185391611,-0.625360317153969,0.121008704152053,1.3269290873799,11.2529985466784,2.51580077690027,0.0650284630113745,-0.39181122953998,-6.82687984143372,-6.68651800516093,1.86207453737094,14.5766441232723,-3.68852900944219,0.528895348647795,-3.76223938220494,0.552312751077394,2.81042254,0.05835982,-0.633,0.02590865,86.0192370257964,-122.483230922755,1282.82714735414,0.953875644166041,0.955756935002708,7.5194053099961,0.153655241873961,-1.01975169719581,-905.634924024595,-905.918034189465,-939.856516414645,-939.986321643515,0.126213494532073,-943.696269169863,0.0808302802522272,1860.82509117803,1916.87946517592,NA,2443.17106378553,0.377839877887662,1.05758651976714
"768",-5.86,0.79,-5.86,0.83,1.359326,9.604077,-1.1484446,0.2002995,35,35,-5.91434352734972,0.83033827306718,-6.2107607777987,0.878847160333728,1.46369362661209,11.741495065108,-1.50838794039746,0.258956647278915,1.46369362661209,8.65051547357447,-6.06255215257421,0.854592716700454,1.46369362661209,11.763460861699,-1.51198265814394,0.259544925314874,1.46369362661209,8.65412118663686,3.61012268935932,0.0921906972622581,-0.562513160416981,-6.9251441930821,-6.93255804583267,2.29543022120692,8.6640067189676,-3.99367090826327,0.568531021475401,-4.22094829082832,0.60323541657317,6.86561252,0.1713118,-0.881,0.02691165,66.9818615483408,-84.4084799678443,1315.19660671981,0.959830968245652,0.943592315359594,8.56264733308909,0.172957502178589,-1.18601146659646,-933.491127697314,-933.551823966426,-947.306639370285,-947.33278852002,0.0254067763441635,-978.249643156431,0.000294858434354923,1916.53749852347,1931.7797110872,NA,2545.98473347177,0.523312308784001,1.07819112416065
"769",-5.86,0.79,-5.86,0.83,1.359326,9.604077,-1.1484446,0.2002995,35,35,-5.38896191360976,0.698808643055387,-6.03231120284423,0.839348806580259,1.37477670029607,13.6020429275793,-1.97915212266627,0.370077592750528,1.37477670029607,10.4259219468041,-5.71063655822699,0.769078724817823,1.37477670029607,13.705517504569,-2.00175622624443,0.375015477141427,1.37477670029607,10.4817937902942,3.83978993329799,0.100496748143604,-0.603936873639173,-7.18338207905465,-6.98942944155976,2.64403612132976,7.873446073846,-3.69153731290582,0.481580620355082,-3.73957435699004,0.509036021714241,5.87228079,0.15771771,-0.873,0.02608175,76.5429427534364,-103.530642378035,1333.41288002541,0.915786786200289,0.889844294321183,10.3628721702841,0.240390026025405,-1.52549526972348,-932.790143390592,-933.214771139797,-943.773178252067,-944.114638469612,0.332514555500919,-1009.90220727396,0.190800119651059,1915.13552991002,1924.71278885076,NA,2563.29511767278,0.573957459493379,1.45594763608778
"770",-5.86,0.79,-5.86,0.83,1.359326,9.604077,-1.1484446,0.2002995,35,35,-5.50271958536227,0.72597248343975,-6.64718007188894,0.852428937618051,1.16540136679719,9.23985020540847,-1.03383632315889,0.163914696190275,1.16540136679719,9.47712833793589,-6.0749498286256,0.7892007105289,1.16540136679719,9.56729765671368,-1.07001742692722,0.167912504891113,1.16540136679719,9.62244718232011,3.09603705383209,0.0785425682300968,-0.481826072557654,-7.13530461897902,-7.52637027462437,1.79463445666089,10.3340302644691,-4.09954715613442,0.549722309857431,-4.77358739617436,0.60878683275502,5.30065726,0.1147096,-0.863,0.02215645,119.477418943481,-189.399594758125,1297.51863296831,0.516344503513357,0.507359544330111,7.73847667218251,0.141430978970126,-1.01326477491175,-876.545752698494,-877.532595532458,-897.224564607776,-898.188800114989,0.943166972799897,-923.529553942055,0.89471752733395,1802.64674852582,1831.61556156218,NA,2405.63767117849,0.44275319832194,0.960651413477424
"771",-5.86,0.79,-5.86,0.83,1.359326,9.604077,-1.1484446,0.2002995,35,35,-5.15778416802394,0.674349129793739,-6.45050519196389,0.892878203902423,1.42952533130023,7.47456634067785,-0.926632423053659,0.190220529863061,1.42952533130023,8.9812156240265,-5.80414467999392,0.783613666848081,1.42952533130023,7.89234825211194,-0.997256705164266,0.202159268920761,1.42952533130023,9.05550961532367,2.63555716721345,0.0703817547088654,-0.411852759778015,-7.09792778409805,-7.08870913322611,2.16731088683003,9.94688435487791,-3.62981603749572,0.474242745754905,-4.29144404510009,0.594339589801752,3.86698992,0.10894065,-0.807,0.02576244,85.4955335904161,-121.435824051995,1311.33338137301,0.532052750334364,0.499514097278627,8.40272477490876,0.177459694736709,-1.17256987338705,-921.96038715475,-923.535735655784,-943.878124483419,-944.397231589214,0.506149911845071,-968.541160362784,0.000426255459151169,1893.47601743834,1924.92268131347,NA,2501.23093869403,0.426399744854977,1.14777305939898
"772",-5.86,0.79,-5.86,0.83,1.359326,9.604077,-1.1484446,0.2002995,35,35,-5.49365605218677,0.773184810798802,-7.15819260858837,0.977311189415646,1.32379268166626,11.5247063848347,-1.3452258349503,0.211380416739394,1.32379268166626,9.34745461361553,-6.32592433038757,0.875248000107224,1.32379268166626,12.217376871734,-1.43016978978371,0.221797311351201,1.32379268166626,9.55030765844105,2.75224108192092,0.0680476354842588,-0.417012169837206,-6.8449622565234,-7.29336667087068,2.02714004657464,10.0075256578275,-3.74371529541739,0.525991190079938,-4.98380986861588,0.684525705529078,5.0924662,0.1106405,-0.84,0.0235486,101.711142988896,-153.867042848954,1307.45925129795,0.231458638566228,0.176171339914351,10.9145822714001,0.210678624639533,-1.48576356439992,-909.664765821871,-911.315371148564,-927.574431159681,-928.933443571129,1.33308215046288,-952.353512039523,1.07229248030457,1868.88477477258,1892.31529466599,NA,2461.05145974695,0.40838300875595,1.31773898868488
"773",-5.86,0.79,-5.86,0.83,1.359326,9.604077,-1.1484446,0.2002995,35,35,-4.89676345020131,0.666054417829652,-5.98455868036391,0.821856523377592,1.40697412340435,10.5332516301064,-1.34084407278327,0.224437484458405,1.40697412340435,7.69375064073722,-5.44066106528261,0.743955470603622,1.40697412340435,10.8290762457976,-1.38321426959936,0.230506058481698,1.40697412340435,7.7479279652043,2.85690860777085,0.0786933009878953,-0.457574421609484,-6.88632481373639,-7.04589141592609,2.28427489733221,7.34683472729478,-3.05187285298815,0.407906626603167,-4.51633925194843,0.624299450970845,5.98094783,0.13773846,-0.89,0.03030846,48.9660658057531,-48.3768884826689,1252.34349138757,0.157235394639859,0.128460676696143,8.4254570005075,0.175432271982285,-1.18329588449895,-917.215584214934,-917.986554625918,-930.315332523728,-930.750201780919,0.423759343464321,-971.927682393631,0.158913493260244,1883.98641155871,1897.79709739408,NA,2456.31009429248,0.458054460960772,1.082368132276
"774",-5.86,0.79,-5.86,0.83,1.359326,9.604077,-1.1484446,0.2002995,35,35,-6.15170243342093,0.84459284248109,-4.97685326489506,0.672300704463388,1.31693222170167,7.12679978563113,-0.664712560044505,0.0987877257028351,1.31693222170167,7.87680758292437,-5.56427784915799,0.758446773472239,1.31693222170167,7.47186742782763,-0.715316878817918,0.106208870908513,1.31693222170167,7.94152992227436,2.52835833584374,0.0722051651861127,-0.414220791807818,-7.0775780632375,-6.92920086901676,1.80454779499359,10.2532381786784,-4.88626171229314,0.695229033851649,-3.91054759971867,0.528153047738662,5.7565708,0.10639946,-0.862,0.02571573,84.5640873047171,-119.572931480597,1239.57728655183,0.284282233636181,0.230684012874307,4.85152500863475,0.0920918797246018,-0.640070902553338,-887.731186293251,-889.217798684921,-915.570534818894,-916.079065278443,0.495799760745729,-924.628796327513,0.129013563186526,1825.01761571534,1868.30750198442,NA,2359.58164162307,0.410858540288728,0.638334611286584
"775",-5.86,0.79,-5.86,0.83,1.359326,9.604077,-1.1484446,0.2002995,35,35,-6.53150462532848,0.811480368844071,-5.14730245018878,0.717475197391887,1.22378581606437,7.30335961096202,-0.841016731196363,0.134822380991867,1.22378581606437,6.89297733594239,-5.83940353775863,0.764477783117979,1.22378581606437,7.7823635263774,-0.873547271895988,0.137031624056806,1.22378581606437,7.39465869889845,2.90733515296764,0.0755677946016763,-0.454386079358207,-7.6546558045658,-6.83051211523757,1.79420964482406,7.74914689985016,-4.57508871655086,0.569518294327534,-3.81951477995418,0.524879760846149,4.69824966,0.09935957,-0.888,0.02631893,91.0529719243007,-132.550700719764,1243.32750143933,0.180214363322796,0.169212918255727,6.80504231774225,0.11931661324415,-0.861654879019288,-871.919214985855,-874.730097148591,-889.375570188121,-893.689125245832,4.32211207875448,-914.411679059193,5.14889387948713,1793.39367310055,1815.91757272287,NA,2354.1043021589,0.437230032650685,0.876117389147831
"776",-5.86,0.79,-5.86,0.83,1.359326,9.604077,-1.1484446,0.2002995,35,35,-6.25606542768848,0.83501241380974,-6.74442833456749,0.97952601002275,1.43794544101292,9.55251612196504,-0.757050282233375,0.13062455240857,1.43794544101292,13.3875101490049,-6.50024688112799,0.907269211916245,1.43794544101292,9.61214070416888,-0.774694052215907,0.135845597281174,1.43794544101292,13.5042723120809,2.99120416228077,0.0781574065061207,-0.46550351700512,-7.23901877240322,-6.86640706880139,1.86596434324259,19.1593134652309,-4.56450834268403,0.613693046125598,-5.22708961832479,0.763114884193636,6.13662827,0.07933555,-0.719,0.02061779,127.286851780977,-205.018460433117,1440.48269116741,0.288234277486268,0.200072165270091,7.89652533164723,0.168528850032992,-1.09982154040824,-932.147215641354,-933.204025795084,-970.912867667931,-971.478661483121,0.551855533510785,-953.233813289479,0.439218744861024,1913.84967441155,1978.99216768249,NA,2675.94692190171,0.463908464266082,1.11458811185412
"777",-5.86,0.79,-5.86,0.83,1.359326,9.604077,-1.1484446,0.2002995,35,35,-5.69531684335747,0.800540771279811,-6.05601652296893,0.722098330923568,1.37545400526567,10.9558924383899,-1.26704739491569,0.21888405931508,1.37545400526567,10.6455787855076,-5.8756666831632,0.76131955110169,1.37545400526567,10.9884185031079,-1.25997385413958,0.220422363427341,1.37545400526567,11.0916991780431,2.56962705846957,0.0682097711451055,-0.404166330707374,-6.88364331404503,-7.71168275476336,2.19741948213562,11.1819582387446,-4.00063949778319,0.560936587673771,-4.603945677383,0.559596292101534,7.20506677,0.16100477,-0.862,0.02251354,104.064627356712,-158.574011584587,1373.80942565326,0.220034959047696,0.217652189748128,6.75886395618301,0.128418542942281,-0.873279154277568,-924.229533826832,-925.904338753878,-945.226789847158,-947.858271444569,2.60495311149,-975.662850884362,3.04802785190907,1898.0143107825,1927.62001204094,NA,2589.04483972193,0.399264014693936,0.961218715452752
"778",-5.86,0.79,-5.86,0.83,1.359326,9.604077,-1.1484446,0.2002995,35,35,-5.22620866089671,0.707123056691074,-6.4987887368002,0.92384686624751,1.37254496972565,9.32862979487065,-1.02000575287436,0.18981487207795,1.37254496972565,11.2054884487116,-5.86249869884846,0.815484961469292,1.37254496972565,9.73349480726729,-1.08895535337822,0.201557174485114,1.37254496972565,11.2817609157163,3.11411775582856,0.0824647230899237,-0.490316441053147,-6.97109370141943,-6.95248940156536,2.07068480201088,12.8880899006532,-3.37543477009518,0.449540311793939,-4.83043640029258,0.688428396800301,5.49758093,0.14370716,-0.819,0.02336914,97.5390919424029,-145.522940755968,1343.1864576116,0.124235683522224,0.098103070542383,9.14905164513343,0.185140315455655,-1.26000100808274,-922.379289787366,-923.896088159615,-947.995213289424,-948.43128431376,0.424934059633365,-965.696435185644,0.00143224431651406,1894.31382270357,1933.15685892548,NA,2540.84997446723,0.478781625085415,1.18486924573135
"779",-5.86,0.79,-5.86,0.83,1.359326,9.604077,-1.1484446,0.2002995,35,35,-5.75086180672094,0.788697940285561,-6.53933811760373,0.915921758788373,1.36568252587179,9.43759640913753,-1.02469306621564,0.168765761283755,1.36568252587179,9.34614049642923,-6.14509996216233,0.852309849536967,1.36568252587179,9.59302013234336,-1.04977130798302,0.172812236282364,1.36568252587179,9.3730765433256,3.31124480909489,0.0808317239309698,-0.503812551163609,-7.00974479990509,-7.04025452183184,1.94239509907758,11.3007307356905,-4.0386752298292,0.55696231763724,-4.68143391349693,0.662105974993243,6.2139063,0.1382612,-0.859,0.0235093,98.3702707799343,-147.185298431031,1317.57006785126,0.664776473298815,0.633200015620883,7.24970297934958,0.139377326004181,-0.970756268377324,-912.465576804202,-913.038646937907,-935.198138901883,-935.380146198915,0.177037146323778,-945.778775415352,0.00463612326787022,1874.48639673724,1907.56271015039,NA,2487.95483727149,0.466879403017069,0.927601918669627
"780",-5.86,0.79,-5.86,0.83,1.359326,9.604077,-1.1484446,0.2002995,35,35,-5.57264828558301,0.835492208259665,-5.47847312843033,0.733511483867505,1.30791984894135,10.7817190484753,-1.49359808356832,0.271243909346312,1.30791984894135,8.83462381874,-5.52556070700667,0.784501846063585,1.30791984894135,10.7839362885315,-1.49599909625487,0.273843926383199,1.30791984894135,9.02863028786443,2.44043058811858,0.0712452923451068,-0.400268450144696,-6.55274313912142,-7.06614274836425,2.25698505800831,7.6821010042976,-4.07528371368964,0.605171668886058,-3.74061729578738,0.50073435877077,5.71535141,0.14179462,-0.894,0.02803032,64.6411256331786,-79.7270081375198,1244.43255519907,0.391540660646121,0.336356908451292,7.32453213287225,0.176422203695813,-1.08337759883439,-909.308517831176,-910.281783983208,-921.060828930737,-922.428266978127,1.34142801428996,-970.361425533765,1.60067997236488,1868.17227879119,1879.2880902081,NA,2409.13810226062,0.419484023883496,1.11294836656727
"781",-5.86,0.79,-5.86,0.83,1.359326,9.604077,-1.1484446,0.2002995,35,35,-6.34400374321548,0.795392437213667,-6.25505527730614,0.859270458560218,1.2677184116133,11.4073401792197,-1.3381707294445,0.223740285645612,1.2677184116133,10.9668643071216,-6.29952951026081,0.827331447886942,1.2677184116133,11.4093181366166,-1.33675026644347,0.2247603860484,1.2677184116133,11.1261732574172,2.97817670698409,0.0782348549074814,-0.466998197523595,-7.56300265603569,-7.09348546864724,2.02207569174591,11.4108017122064,-4.55976524015129,0.57236584342375,-4.02940459060524,0.56065312553783,6.19849175,0.1592801,-0.872,0.02209382,112.133523220515,-174.711803312193,1360.22573896367,0.34886518566409,0.342836259893469,9.56485123064023,0.167189338595213,-1.21866579525598,-907.595443215667,-908.250903862072,-927.148383683445,-928.074110795923,0.905250393259043,-955.940248972648,1.04532829458678,1864.74612956017,1891.46319971352,NA,2545.73967461515,0.455146925568183,1.19449988153336
"782",-5.86,0.79,-5.86,0.83,1.359326,9.604077,-1.1484446,0.2002995,35,35,-5.31274147487504,0.661974407808457,-5.86160973074767,0.871036581597349,1.5353538283901,7.82346772084271,-0.920170134598547,0.155978167505349,1.5353538283901,6.36410774176109,-5.58717560281136,0.766505494702903,1.5353538283901,7.89878181141888,-0.948857032272661,0.166904915632683,1.5353538283901,6.70397410330996,2.77132031284968,0.073250656299139,-0.434175638554203,-7.32661048233297,-6.629940405751,2.19148023577853,7.35257215457769,-3.74462554073499,0.486004762290425,-4.4464480676261,0.659055720366927,3.71751742,0.08508013,-0.832,0.02774509,77.3710101163373,-105.186777103837,1242.8838665711,0.10782520764945,0.0896996155909047,7.7585040301188,0.171031568134814,-1.1013600031334,-923.179435494039,-926.210308759705,-940.08954494488,-943.24783426728,3.13831809579099,-961.791234408858,3.15532051631033,1895.91411411692,1917.34552223639,NA,2380.58095603835,0.432142888606722,1.10277698318941
"783",-5.86,0.79,-5.86,0.83,1.359326,9.604077,-1.1484446,0.2002995,35,35,-6.33429727753329,0.877528435136124,-6.40033562249598,0.944546823824865,1.37636964763603,9.00869438325125,-1.12094824533314,0.193342247666308,1.37636964763603,7.64337246766716,-6.36731645001463,0.911037629480494,1.37636964763603,9.00978464900261,-1.12205469120091,0.194465113771917,1.37636964763603,7.72122187207255,3.02247110553639,0.0778531637912263,-0.470008596410803,-7.06395116904832,-6.73071129653941,1.97606128133702,8.60451260367586,-4.4192895638693,0.622411511263757,-4.42088775555783,0.661602783349597,3.4737959,0.0820988,-0.802,0.029214,66.4228780616882,-83.2905129945389,1272.12460640129,0.68457150755964,0.684867044836788,9.81835104016663,0.207921963166174,-1.39276327053469,-909.157083227796,-909.641413238653,-924.520468932235,-925.148124806289,0.612464581315853,-941.328912910657,0.696281956771267,1867.86940958443,1886.2073702111,NA,2460.95869980804,0.452322369692981,1.26410114876251
"784",-5.86,0.79,-5.86,0.83,1.359326,9.604077,-1.1484446,0.2002995,35,35,-5.92966520868388,0.833110945363384,-5.86778609522839,0.771511598637638,1.50450712531372,7.54717348175041,-0.856683782426069,0.166202841504824,1.50450712531372,8.51633915512116,-5.89872565195614,0.802311272000511,1.50450712531372,7.54813073792092,-0.857636710667276,0.167151461384083,1.50450712531372,8.57608664260032,2.95468362707882,0.0816282378203246,-0.476221886387255,-6.92394701035937,-7.22906086464445,2.1156156233785,10.4270922013437,-3.91104506283577,0.54684720737967,-4.07735585906749,0.542313712244662,4.03029289,0.10624816,-0.804,0.02782377,70.6619290510445,-91.7686149732516,1318.74191897304,0.831138292433052,0.817178898015183,8.30194863075544,0.164101382194022,-1.12000227010647,-929.846272909928,-930.168991132359,-953.064609036672,-953.502723901747,0.426931941196756,-964.129159872123,0.458245617730754,1909.24778894869,1943.29565041997,NA,2545.71522297282,0.466223702683689,1.10190792214062
"785",-5.86,0.79,-5.86,0.83,1.359326,9.604077,-1.1484446,0.2002995,35,35,-6.72928050728615,0.829766114705738,-6.62988432184293,0.892954318732445,1.36316954367324,10.1894312457519,-1.31956051902444,0.241156793957325,1.36316954367324,9.3420816583565,-6.67958241456454,0.861360216719091,1.36316954367324,10.191901146172,-1.31799035241313,0.242154981239355,1.36316954367324,9.49393867578006,1.92678347363545,0.0527999215089828,-0.305432283459684,-7.7434899444787,-7.2676347906441,2.13768004045492,9.54660654215891,-5.3711004367262,0.682244767334907,-4.87354499371654,0.667086647338668,8.67055377,0.20499774,-0.908,0.02385098,97.3493680436786,-145.14349295852,1403.01753943357,0.457699604721799,0.480043428535735,7.05302949388981,0.134313830010971,-0.920835759582942,-918.68031718868,-919.347812199326,-934.719434240554,-935.73979986404,0.998471828585741,-963.86470783448,1.19520133518363,1886.9158775062,1906.60530082774,NA,2660.89158590861,0.316624785014304,0.97164876505672
"786",-5.86,0.79,-5.86,0.83,1.359326,9.604077,-1.1484446,0.2002995,35,35,-5.98836036368273,0.793952222348013,-5.07488832678024,0.695640218587692,1.35328331188383,11.1739095839653,-1.22389134098658,0.192252702445136,1.35328331188383,10.0940869736874,-5.53162434523148,0.744796220467853,1.35328331188383,11.382517374516,-1.24634265756831,0.194669014965978,1.35328331188383,10.1794166707329,2.14572663681607,0.0548246110418407,-0.330172537601114,-7.21593970398837,-6.88818514531105,2.12311791112666,10.8954757280727,-4.28116588304657,0.570232990979283,-3.43890827794098,0.47563647099358,7.10987434,0.13594604,-0.878,0.02679352,69.5646404691887,-89.57403780954,1304.85629874545,0.562044743204094,0.504344880212194,7.4336055661587,0.144812912280725,-0.992892626601133,-915.708662135177,-916.237971111196,-937.849501598861,-938.385843623012,0.523019101333608,-966.402417717045,0.506160807048274,1880.97256739919,1912.86543554435,NA,2520.13855968136,0.327329502125382,0.990757868729603
"787",-5.86,0.79,-5.86,0.83,1.359326,9.604077,-1.1484446,0.2002995,35,35,-5.7367742199382,0.775313743367773,-5.33277480826029,0.786808901413669,1.48024623799236,10.7538441097379,-1.1041679208126,0.163442646802106,1.48024623799236,9.017199126955,-5.53477451409925,0.781061322390721,1.48024623799236,10.794647990897,-1.10300691154068,0.163475681466732,1.48024623799236,9.1493596662951,2.42720247523462,0.0570652554741899,-0.354872443705405,-7.07539679493239,-6.60291220621694,2.10669682144504,10.9949449138776,-4.48269816501035,0.613479289070127,-3.66908281868139,0.530779919878479,7.09873341,0.1073145,-0.883,0.03036963,48.8746091503134,-48.1939751717894,1291.55517652305,0.573731753777765,0.538519427361801,6.79659056481918,0.150375768243639,-0.961942671952087,-928.023316168056,-928.589323041175,-952.672198738527,-953.589694905512,0.897148650159547,-964.791569079795,1.05128860836222,1905.60187546495,1942.51082982368,NA,2534.91637787431,0.36232785689711,0.985666530104153
"788",-5.86,0.79,-5.86,0.83,1.359326,9.604077,-1.1484446,0.2002995,35,35,-5.20958565926659,0.672780533284242,-6.64982451524995,0.973979010124823,1.28546183522649,6.8409063195784,-0.651981130202738,0.105795601785064,1.28546183522649,8.43000054702631,-5.92970508725827,0.823379771704532,1.28546183522649,7.35947831014945,-0.760430567629938,0.128475732397835,1.28546183522649,8.67225414140292,3.06067161942954,0.0793490206591813,-0.480027443731297,-7.15907456743886,-6.80485083947957,1.75859802089067,10.9853345712656,-3.85800818241103,0.500207242473107,-4.65757296953261,0.683573857424967,4.50760976,0.0762961,-0.818,0.02504592,95.4427495453524,-141.330255961867,1263.6044451044,0.0788968484720722,0.0713177270966686,7.0024168746094,0.160353101534454,-1.0203573246317,-886.223002643944,-890.810347696241,-913.876536458557,-915.652102859951,1.74689750392481,-920.515457267235,0.708411362189063,1822.00124841673,1864.91950526374,NA,2385.87863424693,0.450678242076015,0.990425387819577
"789",-5.86,0.79,-5.86,0.83,1.359326,9.604077,-1.1484446,0.2002995,35,35,-6.5513942658888,0.867455418842255,-6.35238298433024,0.93736963847953,1.27244640815351,8.9410562357306,-1.17058949319498,0.209451586589871,1.27244640815351,8.13992288071115,-6.45188862510952,0.902412528660892,1.27244640815351,8.95095760827748,-1.16711106358268,0.210673586116743,1.27244640815351,8.40900586955421,3.11098672097047,0.0788773615582037,-0.479882633382597,-7.34106058189016,-6.72551847142226,1.92493489225938,8.48800410373654,-5.37831893384294,0.71726021082272,-4.54811181050699,0.667663408877723,6.93061798,0.15174052,-0.888,0.02310167,106.111273675057,-162.667304221276,1296.85006807793,0.23333947042499,0.18419691593212,6.37391818788504,0.140354179344753,-0.910182147550254,-895.135320547344,-896.464290053338,-909.196149144435,-911.227223922776,2.001947224297,-934.479446403763,2.4687186117073,1839.82588422352,1855.5587306355,NA,2431.03283193458,0.460402407608291,0.883112974764841
"790",-5.86,0.79,-5.86,0.83,1.359326,9.604077,-1.1484446,0.2002995,35,35,-5.6835322491191,0.820184565097291,-4.96668349636716,0.658341329929144,1.393751862463,6.64797176634248,-0.79864160186947,0.153673396690278,1.393751862463,7.47504422387263,-5.32510787274313,0.739262947513218,1.393751862463,6.77643979992298,-0.827645882187376,0.160221704882702,1.393751862463,7.55522739867544,2.75839642929688,0.0752834118372274,-0.444536856827605,-6.75482607946297,-7.00219744169915,2.06997151116471,8.41958428714812,-4.38638297886699,0.635252411638541,-3.68774951514915,0.496981744604928,4.52084575,0.10820981,-0.834,0.02578894,84.8851335285934,-120.215023928349,1237.6691454129,0.400573721794364,0.379241560780204,5.47084693335569,0.122938013825998,-0.786456697595447,-906.198578265135,-907.258248784279,-926.218518936738,-926.877682082912,0.643354269613488,-952.023601648887,0.373464819847499,1861.95239965911,1889.6034702201,NA,2355.12326689746,0.420792270802687,0.777341190728214
"791",-5.86,0.79,-5.86,0.83,1.359326,9.604077,-1.1484446,0.2002995,35,35,-6.22063842072352,0.846956448830686,-5.32308327093242,0.708185940227167,1.39873632389275,6.63826303753839,-0.830126047987385,0.177155005546256,1.39873632389275,8.72018401817294,-5.77186084582797,0.777571194528926,1.39873632389275,6.83966434926752,-0.861264594146441,0.181969319060776,1.39873632389275,8.75391660821895,3.23272569063816,0.0781200302154993,-0.486553088839921,-7.13243229553917,-7.06163592638927,2.08455194685997,9.86254213788355,-4.21445260647797,0.569796776651806,-3.78104607770341,0.501605608450831,3.46760715,0.08536768,-0.782,0.0264491,84.5957814324314,-119.636319736025,1295.43916780544,0.786165685812481,0.777512219937607,7.96582626520682,0.173942706694089,-1.12844735320682,-914.001507156453,-914.759257312351,-936.688654573064,-936.931159601682,0.235984845435082,-958.73180916151,0.0263405437116852,1877.55825744174,1910.54374149276,NA,2471.24201587486,0.46336138131785,1.11479599085616
"792",-5.86,0.79,-5.86,0.83,1.359326,9.604077,-1.1484446,0.2002995,35,35,-5.34977623099711,0.642665125696057,-5.81256960383259,0.845888290917496,1.39807212218753,8.62183377035245,-1.22360462477401,0.249882109849285,1.39807212218753,8.87760744551719,-5.58117291741485,0.744276708306777,1.39807212218753,8.67537819683756,-1.2471172082918,0.26020702356994,1.39807212218753,9.29339076861969,2.65537826185769,0.0674610959212458,-0.408024468183465,-7.47868494462139,-6.73072728708801,2.362895786289,8.21683986408454,-4.20865904367149,0.513979118288573,-4.39632529793865,0.643049345577332,6.07042294,0.15370988,-0.865,0.02398289,95.8939341773444,-142.232625225851,1313.47749891127,0.121520655491792,0.12183700486155,5.34449181998862,0.141644612525847,-0.810973583561756,-921.029975174204,-923.097539898401,-937.696890590711,-940.583109260085,2.86235974925304,-983.688543612207,3.05685175132985,1891.61519347724,1912.56021352805,NA,2484.72237259669,0.401122374517343,0.939450245268246
"793",-5.86,0.79,-5.86,0.83,1.359326,9.604077,-1.1484446,0.2002995,35,35,-4.99126324514332,0.65969357838492,-5.82046150279379,0.804102418147425,1.40789186029607,11.6876549024411,-1.44408399153749,0.246496900415042,1.40789186029607,9.58621487651721,-5.40586237396855,0.731897998266173,1.40789186029607,11.8595473400638,-1.47401988111758,0.25171037866543,1.40789186029607,9.61973660141628,3.23303647567251,0.0787878148456154,-0.489185980931689,-7.01872084409687,-6.98756860309081,2.36675247952313,9.1481144576148,-3.29930510785163,0.430954026854872,-3.96946758160828,0.549839977123494,5.4356407,0.1298808,-0.856,0.0290221,56.7070504592186,-63.8588577895999,1295.93075975111,0.576973540525335,0.536436013876424,9.97469017224914,0.202581196777213,-1.37802380787558,-927.852840611458,-928.409709900558,-944.261463768595,-944.482771706596,0.215325054301822,-987.457053138513,0.00480825344993961,1905.26092435175,1925.68935988382,NA,2528.00266171262,0.464069495037487,1.28704624171976
"794",-5.86,0.79,-5.86,0.83,1.359326,9.604077,-1.1484446,0.2002995,35,35,-6.07169522181608,0.778629890097016,-5.86026447521996,0.747593960401122,1.45856142238813,5.49147782266105,-0.656699916208855,0.112305621565288,1.45856142238813,4.65065872868258,-5.96597984851802,0.763111925249069,1.45856142238813,5.5026535628126,-0.658340403655581,0.11254642879831,1.45856142238813,4.6525485300279,2.86416786257588,0.0686254544720808,-0.430278060234296,-7.39056105271612,-7.3640343440864,1.95834260017339,5.6527669822083,-4.33402629261821,0.561749064887249,-4.48350309668494,0.584216193313199,1.80942869,0.04825126,-0.756,0.02607862,108.93320053775,-168.311157946663,1240.96153162107,0.964990625185623,0.95486159686715,7.8499251203894,0.147787376126574,-1.05400873940825,-894.564993137664,-894.612150851448,-908.97933279053,-909.002739615226,0.0227418603126029,-926.270164540816,0.0064272132848578,1838.68522940416,1855.12509792769,NA,2313.61190529547,0.404245903282567,0.943762299418238
"795",-5.86,0.79,-5.86,0.83,1.359326,9.604077,-1.1484446,0.2002995,35,35,-5.65939646946311,0.757145878782496,-5.38618072502897,0.776316286076845,1.36205292359147,6.73867331769945,-0.734444184040417,0.124352171917359,1.36205292359147,6.98199214600262,-5.52278859724604,0.76673108242967,1.36205292359147,6.75733502845113,-0.733134769765409,0.124444048046317,1.36205292359147,7.07901825051836,3.35474643247801,0.09716876086429,-0.556081792250949,-7.10625848036145,-6.7188304099903,1.8920470760211,8.60380593354526,-4.00442266653749,0.541966094759012,-3.80017112932356,0.540344021941244,3.45591237,0.05471692,-0.81,0.02951184,68.8252371428026,-88.0952311567679,1211.30904884442,0.786310305489054,0.798650155284656,7.45955818795344,0.165305809049484,-1.07047142373408,-895.413159386883,-895.929729119462,-916.386343594202,-917.232107312978,0.826582510529618,-930.682003991268,0.983000672523788,1840.3815619026,1869.93911953503,NA,2334.52286653207,0.542212336446764,1.03015115808886
"796",-5.86,0.79,-5.86,0.83,1.359326,9.604077,-1.1484446,0.2002995,35,35,-6.0249106069096,0.821604479344732,-5.59951092984679,0.75895797920976,1.27188424218793,12.0173525181351,-1.26525728868582,0.186459686880973,1.27188424218793,11.0984191524432,-5.8122107683782,0.790281229277246,1.27188424218793,12.0625937394464,-1.27191973891745,0.187440832875764,1.27188424218793,11.107148976418,2.95983072265781,0.0703326249511951,-0.446669560023918,-7.08774495559817,-7.03557691531639,1.95763735073787,12.3776482200115,-3.89108164753501,0.535816497213196,-4.31395078252191,0.586676098912291,5.77202113,0.10554323,-0.844,0.02412677,96.6932296676905,-143.831216206544,1303.34262438111,0.853937061300972,0.873996987485208,8.72723692995836,0.162859798651052,-1.15229226880424,-904.09143267805,-904.224797761259,-928.717483726765,-928.767975225372,0.0490665782696131,-950.631252395671,0.0123664200024513,1857.73810848494,1894.60139980016,NA,2462.85403255567,0.400785992806884,1.100410188623
"797",-5.86,0.79,-5.86,0.83,1.359326,9.604077,-1.1484446,0.2002995,35,35,-6.18373145868251,0.847612195795726,-6.66604891342146,0.977608708696205,1.39659439571757,8.29621318479353,-0.91870015590851,0.159890288639267,1.39659439571757,8.59795519483571,-6.42489018605198,0.912610452245966,1.39659439571757,8.35437071658,-0.934375052715283,0.164115061980838,1.39659439571757,8.67832823925786,3.50089923282397,0.0842450990337045,-0.524809148265998,-7.09161856276797,-6.79945043281921,1.90553070925583,10.8442491989228,-3.79776046204196,0.51312716276858,-4.85675165919539,0.714869002197528,4.49505856,0.09927993,-0.825,0.02536804,90.2032315728876,-130.851220016938,1304.73980841383,0.141142381281741,0.105282169602495,9.3559326342576,0.202335600897466,-1.33086249292133,-913.319200883222,-914.133388096366,-935.427377698935,-936.011115298811,0.569430353628512,-939.760703566832,0.450079419432937,1876.19364489528,1908.0211877445,NA,2478.62839681072,0.50415516886386,1.25733027252781
"798",-5.86,0.79,-5.86,0.83,1.359326,9.604077,-1.1484446,0.2002995,35,35,-5.96863421361105,0.798201076466819,-6.84832533047455,0.954322451055166,1.44615867129237,6.84650528059142,-0.823078774318599,0.157900491959392,1.44615867129237,7.36904393953644,-6.4084797720428,0.876261763760993,1.44615867129237,7.03996939586355,-0.85741342091307,0.16399396286023,1.44615867129237,7.40804017309444,3.10708740568296,0.08981383812044,-0.508220976941184,-7.17089998055204,-7.12046034711707,1.9774764221074,9.08984136706903,-4.79683502385201,0.639008876047933,-5.38593412652178,0.747822758960948,5.53713458,0.10881553,-0.838,0.02344165,108.21221840537,-166.869193681903,1319.30141695148,0.598199085506252,0.568239221797836,5.84220315781332,0.134675806036398,-0.860445563099301,-914.559833624063,-915.442242451553,-934.380814982687,-934.706228057658,0.316851470861174,-943.229667095234,0.0151738278474704,1878.67491037696,1905.928062312,NA,2471.73364022106,0.5251607498869,0.805730479896728
"799",-5.86,0.79,-5.86,0.83,1.359326,9.604077,-1.1484446,0.2002995,35,35,-6.66234205085725,0.937244749352814,-5.26723491461748,0.760117102847346,1.35793255534232,5.66408739681868,-0.791280941271302,0.167551903569384,1.35793255534232,6.7229057262135,-5.96478848273736,0.84868092610008,1.35793255534232,6.15066837721547,-0.853058952187586,0.175395454358526,1.35793255534232,6.8486652159267,2.42396751085756,0.0705294851371315,-0.399278704705123,-7.03622159504871,-6.69639514140055,1.94551505122144,7.55171701282595,-5.28756565510368,0.745859488169178,-3.62339730261445,0.525275895482274,2.26958716,0.05528971,-0.732,0.02714043,89.6103882277588,-129.66553332668,1226.56922480606,0.0202517624824759,0.0136700099606048,8.81917540543287,0.20253778592862,-1.30192074316174,-895.895950811327,-897.916716655603,-913.334253039765,-914.464948936374,1.10730929570612,-933.448557886339,0.825987380027541,1841.34714475149,1863.83493842616,NA,2323.47291628544,0.406422993101283,1.19268649564242
"800",-5.86,0.79,-5.86,0.83,1.359326,9.604077,-1.1484446,0.2002995,35,35,-5.82034509420889,0.804824090755257,-6.29375845871839,0.774825800378005,1.45768450113243,8.6871839832976,-0.956888771446848,0.162778421724669,1.45768450113243,8.34755377635136,-6.05705177646364,0.789824945566631,1.45768450113243,8.74321403672165,-0.95333837355259,0.163003396081058,1.45768450113243,8.60420770970578,2.75984312697837,0.0721489995449593,-0.429165765545351,-6.98315265585553,-7.6352880717807,2.07159220537748,10.0542071411453,-3.94186821268751,0.558278874159922,-4.91910018838115,0.622054184080208,6.5442791,0.1214676,-0.873,0.0279972,69.2555365719359,-88.9558300150344,1347.51265421825,0.192303415786973,0.172170623253531,6.93897683544325,0.130342215631854,-0.894011433779238,-922.281023140911,-923.426464706321,-944.065967495426,-945.962031222267,1.86706253696604,-957.816055272209,2.20999182612265,1894.11728941066,1925.29836733748,NA,2606.06947842147,0.429874001443446,0.97268077184256
"801",-5.86,0.79,-5.86,0.83,1.359326,9.604077,-1.1484446,0.2002995,35,35,-5.44239118906227,0.752095682975584,-5.33182852243341,0.733901193613175,1.42179443696041,8.61361013829852,-0.961144399984676,0.189514469745396,1.42179443696041,10.7555935747014,-5.38710985574783,0.742998438294379,1.42179443696041,8.61666616411155,-0.961647307800143,0.189597229606186,1.42179443696041,10.7561139052303,2.77488447457606,0.0799544764172077,-0.456990400087921,-6.91934095973997,-6.91717635254774,2.17932891666319,12.1402192070802,-3.40144277913405,0.487032839436555,-3.67503746973906,0.503151495459706,5.06065338,0.13511871,-0.834,0.02616911,73.7770927174761,-97.9989423061148,1310.73083284878,0.841405828076985,0.822950047827628,7.58336349514043,0.150855934354209,-1.0090051747525,-928.210615252332,-928.221762360736,-954.003265254873,-954.006363552779,0.00300984171828687,-976.287763896383,1.9470619251939e-05,1905.9764736335,1945.17296285637,NA,2523.46272339145,0.453134326289759,1.07512980834419
"802",-5.86,0.79,-5.86,0.83,1.359326,9.604077,-1.1484446,0.2002995,35,35,-5.86828680225143,0.845854048935376,-6.36216192899387,0.872965622569455,1.5503869283858,11.6175405196112,-1.32074524397724,0.212356840736369,1.5503869283858,8.93321334570905,-6.11522436562265,0.859409835752415,1.5503869283858,11.6785186798149,-1.32409267694342,0.212540600092598,1.5503869283858,8.99660643271934,3.17429003332888,0.0809486314571474,-0.492071836071043,-6.78664849037553,-7.11899987706296,2.23875772810718,10.3789537459123,-3.86725262562286,0.557287306983448,-4.43678720159752,0.62349816347898,6.95247298,0.15894978,-0.883,0.02930553,49.916568784152,-50.2778944394666,1332.0396282779,0.757029988539438,0.726427722558199,8.99003510342736,0.167228910700659,-1.18183777832111,-943.778435836993,-944.057125060144,-963.42537314764,-963.870688871094,0.433971341062698,-977.842349256325,0.515979588209274,1937.11211480282,1964.01717864191,NA,2613.80136211634,0.467967322273598,1.14462040090907
"803",-5.86,0.79,-5.86,0.83,1.359326,9.604077,-1.1484446,0.2002995,35,35,-6.71484332938827,0.937245490869324,-5.80763495651655,0.803454560104792,1.32696630643452,11.274824678288,-1.38763443274185,0.226655901858859,1.32696630643452,8.86561897765649,-6.26123914295241,0.870350025487058,1.32696630643452,11.4805814362401,-1.41797849589282,0.231130905147569,1.32696630643452,8.90359357772127,2.64029930067394,0.0757476063905475,-0.429716660710757,-7.08871845581624,-6.97860182738547,2.061663334312,9.10153032193301,-5.23591048276173,0.736478936645217,-4.11881595453869,0.574894781793281,5.64910549,0.10075427,-0.837,0.02493715,92.4404667733241,-135.325690417811,1301.18399086812,0.324245317875451,0.29316004135389,9.35645885222501,0.20456878290136,-1.35758858803354,-909.74167264483,-910.283094939206,-924.823157273789,-925.092083035659,0.261744631558721,-953.484633503575,0.0692863771573271,1869.0385884185,1886.81274689421,NA,2467.04229131843,0.445336793230576,1.19146385150428
"804",-5.86,0.79,-5.86,0.83,1.359326,9.604077,-1.1484446,0.2002995,35,35,-6.60161987488388,0.912890197608615,-6.40963851720023,0.844028161781144,1.3747545743995,8.55842741888076,-1.20675266064398,0.216141448989291,1.3747545743995,6.11077825760269,-6.50562919604206,0.878459179694879,1.3747545743995,8.56764162930526,-1.21005771742673,0.217326943983867,1.3747545743995,6.14876998385998,3.24454765740448,0.0829673123542382,-0.50094415728216,-7.12059753614447,-7.33887836850477,2.06251175550135,5.94956872724545,-4.91510959021509,0.686959989706701,-5.13482361136314,0.677335693883747,6.71873128,0.1656103,-0.909,0.02376123,103.866262344352,-158.177281559867,1281.8590063783,0.61671370033397,0.618037522789702,6.1302017744702,0.130775359661783,-0.871936158808191,-901.606504503046,-901.918076718448,-910.570129929625,-910.943132928828,0.363312888112263,-940.495179428535,0.395570482487408,1852.76825213493,1858.30669220588,NA,2405.54073119673,0.489597799521183,0.795533436404567
"805",-5.86,0.79,-5.86,0.83,1.359326,9.604077,-1.1484446,0.2002995,35,35,-6.25047455240396,0.792355122321509,-5.26659018556924,0.716024348635214,1.58115916435655,10.5126832858268,-1.24932490341629,0.212905186644852,1.58115916435655,8.24361068902736,-5.7585323689866,0.754189735478361,1.58115916435655,10.7546903976522,-1.26810006715088,0.214361783397739,1.58115916435655,8.40673502091172,3.75313476168241,0.0947028681197124,-0.581508198636136,-7.48756900138624,-6.95844363207443,2.39540178736486,8.9627505534559,-4.31078159959424,0.557202544885875,-3.76744719857004,0.513161288993584,5.964862,0.1207358,-0.861,0.02762,70.3832065343751,-91.2111699399128,1336.72926359458,0.658724187549861,0.633504700084228,8.67328687949827,0.172126883461136,-1.16899704115433,-945.285119829291,-946.17463069069,-963.203927090189,-964.428461434092,1.20001317031926,-989.759732576924,1.39606778200964,1940.12548278742,1963.57428652701,NA,2582.24735724925,0.538430252533236,1.16626468876247
"806",-5.86,0.79,-5.86,0.83,1.359326,9.604077,-1.1484446,0.2002995,35,35,-5.92861167045504,0.834300127710102,-6.79596137525746,0.975712832561736,1.3010663617303,7.17940936441213,-0.854909484003538,0.164314984624318,1.3010663617303,8.72238430831847,-6.36228652285625,0.905006480135919,1.3010663617303,7.36748324201734,-0.885573050955632,0.169314372897682,1.3010663617303,8.75695820827357,2.54198972335172,0.0674070007560363,-0.397342535045158,-6.91580863143329,-6.94065803406887,1.82951877584809,10.5202285419926,-4.40885542253289,0.627307364773363,-5.00172241835233,0.738446388679102,4.21718811,0.12578646,-0.843,0.02548906,90.4307221745473,-131.306201220257,1289.33488889025,0.620289094174587,0.632415798648357,7.20989904909171,0.141744829072891,-0.974593710237069,-897.675999496766,-898.433450300435,-918.970173989289,-919.218660357471,0.24181570306115,-928.816515775209,0.00348642961280542,1844.90724212237,1875.10678032521,NA,2447.36357656024,0.403278602526277,0.937441737031413
"807",-5.86,0.79,-5.86,0.83,1.359326,9.604077,-1.1484446,0.2002995,35,35,-5.98497673373386,0.824149794242236,-6.25458303570054,0.905063090116363,1.58125395915129,11.5829506521433,-1.40265300368682,0.240984495658006,1.58125395915129,8.93209965297185,-6.1197798847172,0.8646064421793,1.58125395915129,11.6011225416583,-1.40810668730696,0.242621236020309,1.58125395915129,8.96627801494216,4.0497123272704,0.111013125710088,-0.656497345707279,-7.03264675491375,-6.82019257798083,2.35451007442061,9.84920885269484,-4.38109118010548,0.610255898883128,-4.22118346797994,0.623089439575568,6.20454284,0.13839934,-0.858,0.02878912,56.3585202789372,-63.1617974290371,1342.03586923429,0.767229081822229,0.766450262784482,9.88309552826146,0.204989056436396,-1.37609411958141,-950.770819059748,-951.043600760129,-968.247367787646,-968.487838416027,0.234001741342332,-988.524610912848,0.210270761017735,1951.09688124833,1973.66116792192,NA,2620.90994103953,0.610867337840836,1.30227721678139
"808",-5.86,0.79,-5.86,0.83,1.359326,9.604077,-1.1484446,0.2002995,35,35,-6.04666546294201,0.817423384392359,-6.37394279036249,0.923647787476108,1.44279741846616,8.6191108724996,-1.12246135798518,0.218811901596371,1.44279741846616,8.65263964700082,-6.21030412665225,0.870535585934234,1.44279741846616,8.64588848476047,-1.1311525676722,0.221632807548996,1.44279741846616,8.72665114958301,2.94072313393809,0.0716505181844025,-0.445106436897817,-7.13440969341565,-6.82882951493208,2.14920716422156,9.47851663368949,-4.47416682813762,0.609668583976959,-3.84530416970493,0.55412459066996,2.85835316,0.09944808,-0.791,0.02810329,73.6920858536455,-97.8289285784536,1303.3332840942,0.445624848640149,0.385224592155347,11.2685886847962,0.233252787210308,-1.57623866583667,-925.813620862234,-926.303429134707,-943.799131219228,-944.333808202369,0.521389211618673,-964.955588949698,0.493422824646615,1901.18248485331,1924.76469478508,NA,2508.83763960995,0.421323211122765,1.44985605744949
"809",-5.86,0.79,-5.86,0.83,1.359326,9.604077,-1.1484446,0.2002995,35,35,-6.1862483322156,0.846425786219185,-6.14783333342812,0.815231431442317,1.34325324295428,10.4826493254776,-1.21293636641901,0.222526927704477,1.34325324295428,11.7087019687628,-6.16704083282186,0.830828608830751,1.34325324295428,10.4830182535106,-1.21323594919424,0.222770199646963,1.34325324295428,11.7244711432969,2.93486095738514,0.0803036515243348,-0.4680531508023,-7.10120375755111,-7.24863665236686,2.08817077324372,12.8122803013903,-4.48535064489098,0.620083610565546,-4.57215480526507,0.613024549999865,6.1536385,0.13839216,-0.834,0.02420738,93.6184803734036,-137.68171761797,1377.39561737115,0.933376983108159,0.937597090539355,7.98834738477836,0.160009088444133,-1.07206701502533,-922.588579853349,-922.656550079929,-945.538111891933,-945.624915245488,0.0843755617966822,-967.56508522207,0.0896818071672069,1894.73240283554,1928.24265613049,NA,2617.10951712433,0.469647800798826,1.11511151128976
"810",-5.86,0.79,-5.86,0.83,1.359326,9.604077,-1.1484446,0.2002995,35,35,-4.89821776348611,0.697033746919056,-4.7839794062627,0.66169902045296,1.6231381910266,8.66837947353799,-0.825977944781373,0.135286233261446,1.6231381910266,8.56490614989189,-4.8410985848744,0.679366383686008,1.6231381910266,8.67164207410328,-0.82698709005748,0.135598368985054,1.6231381910266,8.57161250152441,2.84547799562575,0.0714670483951873,-0.434305438726896,-6.70321230082172,-6.79948910032274,2.32957888104611,10.5994809928026,-3.31854322698814,0.482849978821739,-2.75257287351211,0.3806718896654,3.41046116,0.06198276,-0.741,0.03375394,31.2403172582545,-12.9253913876717,1267.31505188627,0.532938476031842,0.448559279602368,9.08059870045573,0.192367704656045,-1.2634967077126,-944.17795728635,-944.24850428199,-972.015487073419,-972.064549773072,0.0476776147998719,-988.256934505255,0.0408201195911013,1937.91115770154,1981.19740649347,NA,2521.70471238487,0.427886210845625,1.26369644880028
"811",-5.86,0.79,-5.86,0.83,1.359326,9.604077,-1.1484446,0.2002995,35,35,-6.23910996305872,0.876734260321985,-5.7178475773617,0.823618255642771,1.33761384889044,9.57929157922809,-1.07744769973032,0.182917300151781,1.33761384889044,9.67661304419431,-5.97847877021021,0.850176257982378,1.33761384889044,9.64722019791372,-1.08436954355976,0.183622627640052,1.33761384889044,9.70874053941224,3.18719862870516,0.0812091975568525,-0.491176839793236,-6.97349534260793,-6.76868436797107,1.94824078693433,11.3047566088958,-4.67639339847006,0.65245520681105,-4.22363495595928,0.621340788620477,5.42646905,0.10108278,-0.839,0.02654742,77.5243026451151,-105.493362161393,1289.60341151032,0.701610198302386,0.706361562665587,7.51692902988654,0.158036751768001,-1.04689071726333,-910.704926254361,-910.909818479265,-932.311169571881,-932.521493553513,0.204621977566865,-946.526455088222,0.208227339905061,1870.96509563756,1901.78877149039,NA,2473.71346085924,0.47977979133083,1.02327418547046
"812",-5.86,0.79,-5.86,0.83,1.359326,9.604077,-1.1484446,0.2002995,35,35,-6.88558326785578,0.92806365989249,-5.55326753842916,0.716423116350692,1.40499003289449,8.34716442917089,-0.903251597519087,0.16225449526797,1.40499003289449,9.35606674871125,-6.21942540314247,0.822243388121591,1.40499003289449,8.79093072989029,-0.973744603805372,0.173452425185637,1.40499003289449,9.4300943245423,2.54716810017547,0.0646604602232425,-0.388181949137945,-7.31416136726304,-7.24274523007457,2.01259467090102,11.3276642745806,-5.81650545856942,0.791077009020765,-4.61811728610532,0.615512996801163,7.90741006,0.13429323,-0.87,0.02223314,113.422254847512,-177.289266566186,1359.78613797857,0.356688332036062,0.326925510368536,5.82630477679979,0.131869114409458,-0.837549175641897,-917.982639688218,-919.608686675683,-942.217357920234,-942.715954289076,0.486079829211009,-954.553555349653,0.0244625967634189,1885.52052250527,1921.6011481871,NA,2542.28300939096,0.396168573534823,0.842852795461566
"813",-5.86,0.79,-5.86,0.83,1.359326,9.604077,-1.1484446,0.2002995,35,35,-5.63547750894725,0.717789256945465,-5.91190109881682,0.809305431682615,1.20694007155714,9.42259645860679,-1.07618949682318,0.18381856764752,1.20694007155714,10.4127694077744,-5.77368930388204,0.76354734431404,1.20694007155714,9.44169895886588,-1.08251380421117,0.18591237020715,1.20694007155714,10.4805753633702,3.31018168799797,0.0822209021650573,-0.508420783978985,-7.31681608844496,-7.048009990854,1.92350882828317,10.9957677415101,-3.89142833139275,0.499652612342847,-4.31679652184269,0.588253857932867,6.05206414,0.14087144,-0.868,0.02383072,96.3760896337958,-143.196936138754,1298.54045738747,0.702495250027209,0.638241742895792,6.88503773434891,0.128651204132902,-0.902176643465711,-890.483290623909,-890.953443440609,-911.792811996674,-912.20746794305,0.404004042820383,-942.506270808101,0.372651574932841,1830.52182437666,1860.75205633998,NA,2453.88397863618,0.47108636647198,0.896950490488298
"814",-5.86,0.79,-5.86,0.83,1.359326,9.604077,-1.1484446,0.2002995,35,35,-6.56739581831362,0.892782393653397,-6.92592452719134,0.99558364814016,1.27388589236718,9.82445011155807,-0.903795219460345,0.133158461124741,1.27388589236718,11.3194722913707,-6.74666017275248,0.944183020896778,1.27388589236718,9.85658582033044,-0.913009519720881,0.135800485605754,1.27388589236718,11.382200825793,2.94296470039689,0.0755040875300694,-0.449431409979676,-7.20617057224674,-6.95223600875372,1.68552249363382,15.4612833570484,-4.64892415988629,0.634573961310885,-5.03988446083388,0.741516135575279,6.28687622,0.12045402,-0.852,0.02178216,117.135845491085,-184.716447853332,1353.12942305189,0.435341365122288,0.392983944050608,7.7581390924038,0.138510944458862,-0.987493239925125,-898.652673585695,-899.312442121419,-930.370196672395,-930.725719703376,0.346243754589037,-921.223794125849,0.276561901817332,1846.86059030023,1897.90682569142,NA,2521.54239825045,0.466836583231951,1.01867129116266
"815",-5.86,0.79,-5.86,0.83,1.359326,9.604077,-1.1484446,0.2002995,35,35,-6.18613577728198,0.779073481320871,-6.94404703698432,0.9984869764376,1.27766006686781,11.5662968741355,-1.36857657307925,0.209021971410543,1.27766006686781,8.79097409023737,-6.56509140713315,0.888780228879235,1.27766006686781,11.7099042435314,-1.41015056269915,0.221057541870378,1.27766006686781,9.08135133920275,3.14021237598378,0.0847359252719516,-0.503301731605018,-7.5023588064583,-6.95306123984427,1.96935316716452,9.16839650679647,-4.45822762616668,0.562773668597128,-5.47418297293961,0.783592687532211,6.97765563,0.14127134,-0.883,0.02149867,122.67233803176,-195.789432934683,1329.90138706254,0.0804235908923557,0.0720519327468785,7.85712593238638,0.167923239101051,-1.1134188648367,-898.674194654374,-901.367010635559,-915.014579167144,-917.060424717269,2.01671996551745,-942.492600860954,1.79302453786575,1846.90363243759,1867.19559068092,NA,2464.01334119039,0.474174504591182,1.0402792046788
"816",-5.86,0.79,-5.86,0.83,1.359326,9.604077,-1.1484446,0.2002995,35,35,-5.53098234318761,0.741830508982627,-6.2148484017252,0.885867122093265,1.10694000712849,7.60281285611466,-0.868280246865737,0.168728005469516,1.10694000712849,11.6177587490905,-5.87291537245641,0.813848815537946,1.10694000712849,7.71973105261961,-0.892905684589008,0.173914641948611,1.10694000712849,11.6834172326294,2.31126221566415,0.0538478154144501,-0.337805367990849,-7.06908936419819,-6.89482255415005,1.72496643500219,12.8132602162623,-3.91957086854652,0.530012237150663,-4.23942078368644,0.607611195247974,3.83449614,0.12287637,-0.827,0.02367954,102.623556386033,-155.691869643228,1275.01719298204,0.740741344379405,0.663880179131997,8.24551382695425,0.149332522941786,-1.06558543059075,-872.636467147201,-873.434000675711,-897.6291157511,-897.992427256338,0.353848648514008,-920.752756951305,0.151669928624306,1794.82817742324,1832.42466384883,NA,2394.34251632086,0.337653659046954,1.05535167525627
"817",-5.86,0.79,-5.86,0.83,1.359326,9.604077,-1.1484446,0.2002995,35,35,-5.48219854480272,0.747876060305863,-5.56362998327581,0.727327402648802,1.38404404695744,12.5138830147408,-1.4000454113086,0.207846275888248,1.38404404695744,9.45023096702518,-5.52291426403926,0.737601731477333,1.38404404695744,12.5155407845337,-1.39962708462067,0.207951837721125,1.38404404695744,9.47718145735275,2.54287761272645,0.0626627247757209,-0.38451953789777,-6.98428773543565,-7.18814275885721,2.20427299382831,9.81888205676166,-3.82578619783961,0.530720312905023,-3.71074578890688,0.493421655584819,6.82737378,0.12184502,-0.887,0.02942854,53.9585462663109,-58.3618494037845,1299.58925838888,0.862885562185241,0.85825522356551,7.82036747695377,0.148518960388041,-1.03313815599385,-919.093730882726,-919.228959998769,-939.170939108197,-939.351232335814,0.175367735704322,-972.272582282798,0.20736813938932,1887.74270489429,1915.50831056302,NA,2540.81666737398,0.376932011091751,1.02485674152844
"818",-5.86,0.79,-5.86,0.83,1.359326,9.604077,-1.1484446,0.2002995,35,35,-5.90394902546628,0.804532156109186,-5.69945599113574,0.897134149471554,1.30563064971493,12.1527989259237,-1.68846389855442,0.289485151555288,1.30563064971493,8.16106075073138,-5.80170250830101,0.85083315279037,1.30563064971493,12.1632532761961,-1.68372978290249,0.291628933848958,1.30563064971493,8.55888008212824,2.6133235744159,0.0723452206455462,-0.424583109805273,-7.06849585819033,-6.31230411000732,2.23572038925984,6.813799220522,-3.96878223529295,0.542574720957019,-3.99941758159384,0.629606534096403,6.00725041,0.15327684,-0.904,0.02929774,54.7260112685634,-59.8967794082894,1238.94244771452,0.161379376252189,0.140600741793701,8.55862724754932,0.192086482123942,-1.23229951488256,-907.271279761739,-909.372686815718,-915.665333712647,-918.640935678852,2.95290199148904,-964.354133818631,3.89521195132944,1864.09780265232,1868.49709977192,NA,2417.98811602076,0.401867474841136,1.20483903910188
"819",-5.86,0.79,-5.86,0.83,1.359326,9.604077,-1.1484446,0.2002995,35,35,-6.29819355560065,0.913579974145608,-6.93219119155525,1.01892886575209,1.42444307696369,12.1663994816102,-1.70613688424238,0.313531872067887,1.42444307696369,9.2436258524961,-6.61519237357795,0.966254419948848,1.42444307696369,12.2668877322092,-1.72283462129962,0.316306469308566,1.42444307696369,9.26096627839245,2.9729956982195,0.0732586176752306,-0.454440666236644,-6.81306170674719,-6.81941790762337,2.36509827484436,8.37979041875814,-4.9250667640043,0.719234478557256,-4.81474028849071,0.712704934306787,8.42844112,0.19766897,-0.904,0.02548369,76.4943674012899,-103.433491673742,1332.0142913068,0.974712091461606,0.95140122703519,7.88726851574705,0.187987349727743,-1.17497895211946,-933.028254788138,-933.280987897455,-944.822100322706,-944.940496250249,0.115110506565844,-984.530186804487,0.000216720434695051,1915.61175270511,1926.81063299204,NA,2560.59509093987,0.422098384705854,1.13508947877808
"820",-5.86,0.79,-5.86,0.83,1.359326,9.604077,-1.1484446,0.2002995,35,35,-5.67294696639703,0.747868654229431,-5.32776652455992,0.791488251245568,1.39372750538791,9.84715379947451,-1.31650376856233,0.24824412571605,1.39372750538791,9.04611700700906,-5.50035674547847,0.769678452737499,1.39372750538791,9.87694118383124,-1.31273961061964,0.248719793027012,1.39372750538791,9.2789877102077,3.06772987788243,0.0859890803061966,-0.499695405617275,-7.17508028051688,-6.57002556709259,2.28792728336517,8.7012623313499,-3.83672720660338,0.50139327505246,-3.60664440130845,0.525254172284027,4.79235375,0.115147,-0.85,0.03111563,44.9966919593404,-40.4381407898434,1281.47831275681,0.459851435035234,0.438170761481594,8.17409912701847,0.189659358109705,-1.18945754792751,-922.538830214648,-923.539018840059,-938.118459770874,-939.722551142591,1.57625158122884,-977.582183130902,1.96275364521766,1894.63290355813,1913.40335188838,NA,2522.51848472378,0.483765838502509,1.20165132290403
"821",-5.86,0.79,-5.86,0.83,1.359326,9.604077,-1.1484446,0.2002995,35,35,-5.93453859756479,0.767847659911166,-5.6979121626464,0.770511228215179,1.46487619424398,8.55664661851824,-0.875087914572244,0.137804512662633,1.46487619424398,8.05399510719186,-5.8162253801056,0.769179444063173,1.46487619424398,8.57064463594381,-0.874930346904261,0.137806286311661,1.46487619424398,8.09208733838413,2.3382087032203,0.065783444698823,-0.378773086937172,-7.31764216579643,-7.0651468801738,2.03109842592157,10.1324145871884,-4.0456230184269,0.520100979161315,-3.87566175913005,0.538764915381905,3.64905804,0.07327447,-0.786,0.02869376,70.4321829424906,-91.3091227561439,1300.73246860888,0.639686789276378,0.630664084573363,9.17753930453245,0.173927575403379,-1.22300334847236,-918.858794800983,-919.032955633172,-943.038137686157,-943.332025924366,0.286091575090006,-953.226321363889,0.335531398958067,1887.2728327308,1923.24270771894,NA,2510.15581446162,0.380529290685494,1.15675521977588
"822",-5.86,0.79,-5.86,0.83,1.359326,9.604077,-1.1484446,0.2002995,35,35,-6.09435462191052,0.82029034511685,-6.23052818089474,0.869895681727922,1.46771123515858,8.64197230681445,-1.05316022584734,0.18382502436867,1.46771123515858,7.35613412892819,-6.16244140140263,0.845093013422386,1.46771123515858,8.64660811635606,-1.05484895965508,0.184440196723744,1.46771123515858,7.37500052179283,2.74959555417679,0.0699241341497609,-0.422578723625053,-7.16501824227053,-7.00565604208967,2.08535086344902,8.49135513658621,-4.34811491177655,0.597644177060016,-4.63830417056965,0.643233185584131,5.003929,0.11138799,-0.854,0.02720409,76.1910102947087,-102.82677746058,1293.17112648335,0.917809041348529,0.906932159753277,7.37527282417531,0.154171459509426,-1.03285563665246,-921.263703868687,-921.415432282604,-937.897124060832,-938.054991185548,0.153529693875295,-954.102824851257,0.152689873650116,1892.08265086621,1912.96068046829,NA,2483.51547550613,0.41616515278796,0.968279094172479
"823",-5.86,0.79,-5.86,0.83,1.359326,9.604077,-1.1484446,0.2002995,35,35,-6.62961393303242,0.927197055834616,-6.18803021463482,0.845972042962195,1.18547756342422,9.82125190660248,-1.12608741349637,0.184112611399339,1.18547756342422,10.0559254420083,-6.40882207383362,0.886584549398405,1.18547756342422,9.87000095169095,-1.13505432429915,0.18576198707837,1.18547756342422,10.0696165080218,3.24510166385925,0.0807478205324668,-0.499840364940289,-7.06335503516553,-7.10568892488042,1.77404424337211,11.2625157341722,-5.0178639618655,0.706238727716616,-4.56954416189597,0.630893833967546,6.12435784,0.13331636,-0.861,0.01993341,134.059748154263,-218.564253179689,1301.42034793021,0.801494593991428,0.751152601435785,7.18501683338186,0.140499160914626,-0.977198796846558,-885.131643048561,-885.368583864468,-905.173234528814,-905.259865151958,0.0842075585437868,-923.458176800682,0.00980345783557093,1819.81852922596,1847.51290140426,NA,2384.27644268073,0.458726538467447,0.899524670905917
"824",-5.86,0.79,-5.86,0.83,1.359326,9.604077,-1.1484446,0.2002995,35,35,-6.22889322089707,0.810628330943874,-5.19470757649643,0.739238980334852,1.26750156036103,10.3322593947579,-1.10663138176106,0.171437665588327,1.26750156036103,10.1251921161644,-5.71180039869675,0.774933655639363,1.26750156036103,10.599644381529,-1.12508884215179,0.172711775433422,1.26750156036103,10.3900476606083,2.15716179932862,0.057393160489843,-0.340117568241871,-7.35712062146208,-6.74825425458108,1.92938261540414,11.3805748200248,-4.66816230266312,0.614576855388921,-3.84296156230179,0.551593125375343,5.5597127,0.08468056,-0.822,0.02552132,87.0890605524085,-124.62287797598,1298.59860999822,0.408731805142709,0.393596081218399,7.43476897111447,0.149659915683205,-1.01697047793875,-898.698993326533,-899.748462198729,-922.001411490768,-923.648362048054,1.61886436064488,-944.358401204278,1.84685058282806,1846.9532297819,1881.16925532816,NA,2472.57434202046,0.334136043737535,0.976669573767088
"825",-5.86,0.79,-5.86,0.83,1.359326,9.604077,-1.1484446,0.2002995,35,35,-6.54775540728036,0.854242774451755,-6.29781917927132,0.912643331612006,1.35905469090482,10.3596145460781,-1.37999730595957,0.249172407532848,1.35905469090482,8.73920830634538,-6.42278729327584,0.883443053031881,1.35905469090482,10.375231575596,-1.37634820221701,0.250025063802005,1.35905469090482,8.97492285704205,2.64332807880039,0.0691937570493057,-0.414913376399999,-7.4161392395268,-6.81826760425824,2.14018680911222,8.66414970981397,-4.65278386458546,0.626910403041061,-4.54156298383327,0.653359413447599,4.71980417,0.11684079,-0.858,0.02645348,82.6236501449342,-115.692057161031,1315.57678029589,0.638547162514896,0.615182953883343,9.18090348511825,0.193784053444557,-1.27924925128522,-916.053974159965,-917.133418066519,-929.774467058135,-931.448474881834,1.64577950724494,-961.09350511455,2.0565890957274,1881.66319144877,1896.7153664629,NA,2515.46150343075,0.398483186027953,1.25958225788309
"826",-5.86,0.79,-5.86,0.83,1.359326,9.604077,-1.1484446,0.2002995,35,35,-6.40597777635856,0.788083164907877,-5.76684317077622,0.85961527521742,1.47073846566761,5.41087229895298,-0.547606697341202,0.107261556344851,1.47073846566761,7.0572202397425,-6.08641047356739,0.823849220062648,1.47073846566761,5.51299555996619,-0.53617703556391,0.108540767046185,1.47073846566761,7.74013294662678,1.90864155379763,0.053595287098191,-0.300915986554919,-7.66852344215764,-6.60321903370185,1.88431253921418,9.78502685205098,-4.041810601224,0.494360010496586,-4.49952557019322,0.668726863749188,3.89778585,0.08347316,-0.823,0.02640213,88.5787260371567,-127.602208945476,1291.73971225172,0.025709455956223,0.0208512928327162,6.8836171923079,0.147845157259127,-0.933504093332997,-910.266946384417,-913.59178901946,-935.852019124945,-941.546994229669,5.7635341577327,-933.738386362287,6.64538644033094,1870.08913589767,1908.87047059652,NA,2455.87721555796,0.340399846667468,1.08231116933998
"827",-5.86,0.79,-5.86,0.83,1.359326,9.604077,-1.1484446,0.2002995,35,35,-5.95475116907423,0.811833812548754,-4.74157647419857,0.677629904222205,1.29317355996067,8.93203457114858,-0.876895335054502,0.141602875030398,1.29317355996067,10.472088767824,-5.3481638216364,0.744731858385479,1.29317355996067,9.29998278122025,-0.917598531438298,0.146105547282928,1.29317355996067,10.6188016120308,3.65515704017464,0.0966148214917048,-0.577407330961503,-7.07579662217961,-6.66217408519327,1.91920202123676,12.4743711687246,-3.9559332170399,0.549102502897212,-3.12299765592595,0.454120764937581,3.52190389,0.08111717,-0.775,0.0274697,72.2507740814357,-94.946305034034,1260.12510979888,0.392473957660628,0.313382547901747,9.41720481860829,0.170013626635024,-1.21851964218528,-900.891821409663,-901.976057265931,-929.063406482504,-929.952937992659,0.869630074171455,-946.025335990744,0.787274438422809,1851.33888594816,1895.29324531164,NA,2425.30391456372,0.551917926053748,1.19100576575767
"828",-5.86,0.79,-5.86,0.83,1.359326,9.604077,-1.1484446,0.2002995,35,35,-6.61629664490371,0.879366185266207,-5.75890121605005,0.764891344325174,1.3041588469861,10.1329017773165,-1.36163219757109,0.241622657607656,1.3041588469861,8.31527470180439,-6.18759893047688,0.822128764795691,1.3041588469861,10.3166835076713,-1.38616974890649,0.244898779909774,1.3041588469861,8.35824343314519,3.41714489092246,0.0809646010670695,-0.509475188235456,-7.33500169669796,-7.1596177475378,2.12359444670907,7.80449310296818,-4.46728875468882,0.592353060695578,-4.08268041908346,0.539342401282274,6.24151429,0.14829715,-0.904,0.02448073,95.9131691433041,-142.271095157771,1297.40944379508,0.884031287511224,0.887651719074831,8.07494184888168,0.166725903303818,-1.11800366999916,-904.289258504074,-904.786656735163,-916.557542300496,-916.879690112254,0.313664795157158,-955.926043196071,0.195772060930786,1858.13376013698,1870.28151694762,NA,2452.54779243238,0.482557256713999,1.07599267925201
"829",-5.86,0.79,-5.86,0.83,1.359326,9.604077,-1.1484446,0.2002995,35,35,-7.00279784041627,0.838977072940274,-5.39130065423031,0.778398761938797,1.38709470146654,8.21584194316837,-0.816461120376407,0.143954055718637,1.38709470146654,9.99852822016475,-6.19704924732329,0.808687917439536,1.38709470146654,8.8650727384397,-0.840866564807103,0.144871488659585,1.38709470146654,10.9909825285572,2.88534144689191,0.0862452880557206,-0.481423193730459,-7.96213077196539,-6.71154348688802,1.92483279116868,12.8014657048835,-5.30012301450366,0.657382591318182,-4.26114546260049,0.615744594970299,4.91220747,0.09680771,-0.811,0.02315901,113.160566911027,-176.765890693216,1380.25107430833,0.0642726648519123,0.0603771153768845,7.56026970793694,0.133002771805692,-0.917503177172917,-915.306739015272,-918.935080961707,-943.289981012227,-949.337522209136,6.13599307286913,-947.582579214001,7.00578426868895,1880.16872115938,1923.74639437108,NA,2583.73625792344,0.496824712236312,1.13148397155461
"830",-5.86,0.79,-5.86,0.83,1.359326,9.604077,-1.1484446,0.2002995,35,35,-5.1319692472384,0.709569630602045,-6.25075584233366,0.947306879685951,1.52260275179986,9.14265615910655,-1.29305406566855,0.235285661610045,1.52260275179986,6.17034713837773,-5.69136254478603,0.828438255143998,1.52260275179986,9.45557702044777,-1.35954837752603,0.249415411510541,1.52260275179986,6.30373588403923,3.31380446376728,0.0932145561540175,-0.537325882286321,-6.86227823349903,-6.56468781777588,2.34888894761006,5.8668126722125,-3.82477123828883,0.530602485905151,-4.47411340274802,0.686308995417582,4.80070141,0.11664596,-0.884,0.03031063,55.753608016554,-61.9519729042707,1228.52442538247,0.212374000190302,0.183685602322592,7.44474893591293,0.182522655744471,-1.12765382445459,-926.564051038956,-928.245791069402,-936.179861850594,-937.470095785114,1.2649924097028,-971.930277900692,0.653381986944682,1902.68334520675,1909.52615604782,NA,2395.09687786067,0.537091527520953,1.08148333408312
"831",-5.86,0.79,-5.86,0.83,1.359326,9.604077,-1.1484446,0.2002995,35,35,-6.29461916560764,0.82046053393097,-5.49938793728382,0.840383603080285,1.29912863436497,10.8551085911374,-1.34453574986288,0.237197380297857,1.29912863436497,10.3885471504975,-5.89700355144573,0.830422068505628,1.29912863436497,11.0132067677628,-1.34057488817498,0.237296612468939,1.29912863436497,10.9518000934134,3.44864925175623,0.090965298935152,-0.545010691491446,-7.36426884505285,-6.45034112622629,2.08749897744734,10.5324897073926,-4.22916635544261,0.552952708814771,-3.97144650382013,0.606240944761038,6.64306315,0.14960522,-0.888,0.02674206,69.9972054029212,-90.439167677005,1303.48457844576,0.145584637715824,0.149832126666599,7.6967853889083,0.160203640115204,-1.03714848603263,-912.031051857217,-914.09421579302,-929.677427110249,-933.056585268217,3.36313312068188,-961.172608343778,4.12877591924071,1873.61734684327,1896.52128656713,NA,2516.52998921452,0.516845953959191,1.15425512583317
"832",-5.86,0.79,-5.86,0.83,1.359326,9.604077,-1.1484446,0.2002995,35,35,-6.26664695135801,0.801691402147499,-6.63709648123477,0.963532108632552,1.13470930502619,9.18442447294259,-1.17953708743423,0.24333138312009,1.13470930502619,13.5244899240892,-6.45187171629639,0.882611755390025,1.13470930502619,9.21873268648906,-1.1945255408423,0.249879486688986,1.13470930502619,13.8476454025711,2.5123366562145,0.0626973344750098,-0.382630507315543,-7.44811826108443,-6.85436274121259,1.91598632682527,13.3535441262273,-4.50062638709481,0.575526463175457,-5.11118579124809,0.749093494613364,7.25374923,0.19784969,-0.865,0.01807861,149.550936498914,-249.546629868991,1381.52060511213,0.238948784898748,0.223038469806578,5.96071749015477,0.134598044176675,-0.83167790078265,-890.626852684268,-891.834949990201,-913.55065652799,-915.091014151582,1.51293247829159,-947.826745477136,1.52549478505139,1830.80894849737,1864.26774540261,NA,2513.49458035528,0.374540923970149,0.95300652133493
"833",-5.86,0.79,-5.86,0.83,1.359326,9.604077,-1.1484446,0.2002995,35,35,-6.1933221690041,0.802636603906308,-6.12704637609281,0.848208022049264,1.35878270780568,11.9483747077702,-1.46575058182334,0.261504056570483,1.35878270780568,11.4095161292387,-6.16018427254845,0.825422312977786,1.35878270780568,11.9494728279517,-1.46499551135547,0.262023245108373,1.35878270780568,11.4863848710258,2.93026338570158,0.0796260577143372,-0.468403570882044,-7.36916221124121,-7.03138370154154,2.22552189252824,11.4535053978992,-4.91619439158579,0.632497627544923,-4.45714463118852,0.616517350453622,9.52781995,0.1896421,-0.881,0.02207234,106.295731066053,-163.036219003269,1391.75051395414,0.627196704118911,0.618728605251684,6.5530616499846,0.14924543268385,-0.943184616676132,-927.738513697527,-928.02651263651,-946.6866954655,-947.118961726852,0.421215008473251,-979.547860622927,0.489877516779883,1905.03227052389,1930.53982327763,NA,2620.464808905,0.456033577539032,0.958301644240254
"834",-5.86,0.79,-5.86,0.83,1.359326,9.604077,-1.1484446,0.2002995,35,35,-6.33034368089679,0.87004609152446,-5.21204812925191,0.64125549309348,1.44586355552216,9.69739142418949,-1.31475882434061,0.236178494171936,1.44586355552216,7.29684092971017,-5.77119590507435,0.75565079230897,1.44586355552216,10.0100376593967,-1.37872270146149,0.249264778654538,1.44586355552216,7.41355972444405,4.06458335455749,0.0987165655865289,-0.615721182959828,-7.10457543944546,-7.34935506915199,2.36140879549668,6.76962677220394,-4.44383483700633,0.618414939642037,-3.19612398970471,0.398317613809081,4.74068734,0.1324447,-0.898,0.02993658,57.992875120926,-66.4305071130146,1277.71615716379,0.14978491479525,0.106482036335282,9.60827312979206,0.190208579548851,-1.29802587996742,-921.851536870642,-923.367945411546,-933.724275512035,-934.702163316631,0.956614464365873,-977.555960880943,0.388620919146348,1893.25831687012,1904.6149833707,NA,2489.00180721456,0.5753823834314,1.27303366363454
"835",-5.86,0.79,-5.86,0.83,1.359326,9.604077,-1.1484446,0.2002995,35,35,-5.86549620779658,0.816062808307533,-4.93136423355727,0.808097577761748,1.33481893999374,5.36067257920083,-0.789054168665493,0.18113774969235,1.33481893999374,7.46822471852312,-5.39843022067692,0.812080193034641,1.33481893999374,5.57882321552489,-0.790914312799246,0.181153610916762,1.33481893999374,7.98369754162414,2.68288628668631,0.0728145490608614,-0.422786136586023,-6.96134639850759,-6.07466920669885,1.97625634219258,8.1343338443101,-4.3843711277992,0.613657178682534,-3.64943779981385,0.590510067186532,2.63964134,0.09088823,-0.779,0.0268628,82.3207059779436,-115.08616882705,1214.91695434632,0.090147504379536,0.0743170799842089,6.08607852372703,0.144808656506431,-0.889427665823954,-895.38377879143,-898.373997055287,-915.577279600678,-919.713625816967,4.13925623563074,-939.596348592411,5.18272157915573,1840.3228007117,1868.32099154798,NA,2314.7477398656,0.439184818141289,0.937345026840744
"836",-5.86,0.79,-5.86,0.83,1.359326,9.604077,-1.1484446,0.2002995,35,35,-5.53434871342129,0.735500446177162,-5.6588546541121,0.801497024064813,1.51595271978368,7.125753885111,-0.800837505494985,0.148607328426736,1.51595271978368,7.47029616753022,-5.5966016837667,0.768498735120987,1.51595271978368,7.12962931742783,-0.802891746998055,0.149696215499956,1.51595271978368,7.51834995493717,2.38343866766146,0.0611139746417655,-0.364385465531208,-7.11016861059768,-6.84148401815598,2.11833978520072,9.16034390675218,-3.72670782536164,0.494830250169068,-4.14593339188888,0.591437686385537,3.31283998,0.0674875,-0.764,0.02947073,65.2128353751662,-80.8704276214949,1268.31561232356,0.523736554523245,0.480456720622654,7.8835059892424,0.168358226115604,-1.10689749321672,-925.034320784096,-925.367977702095,-946.770268817248,-947.166271425732,0.385778428409515,-960.332113559355,0.399142943646397,1899.62388469703,1930.70696998112,NA,2455.76079702562,0.375999216622526,1.08069218393366
"837",-5.86,0.79,-5.86,0.83,1.359326,9.604077,-1.1484446,0.2002995,35,35,-5.71095165319091,0.682030866961251,-6.01117870214277,0.913758874137587,1.61780598074879,11.6819652099591,-1.44648355544151,0.242802783503212,1.61780598074879,7.96424524145697,-5.86106517766684,0.797894870549419,1.61780598074879,11.7044992801897,-1.46387630938003,0.256227250830691,1.61780598074879,8.66927231508537,2.72699456612279,0.0695753110460729,-0.423189732769713,-7.60532946702267,-6.52498101343101,2.49809625679525,8.23509934246221,-3.63560077652694,0.42662505677086,-4.10655833139765,0.62915130207745,5.98812445,0.13227253,-0.88,0.02988637,54.6496483137601,-59.7440534986827,1343.80895780229,0.00850185387709922,0.00781788680126299,9.7405598751801,0.223607076669978,-1.38814306312559,-951.644493232692,-955.883192640073,-966.669325370433,-971.968965225285,5.34811796368693,-997.389870650948,6.02038036252353,1952.84422959422,1970.50508308749,NA,2627.87386210591,0.400819550937833,1.50497350756857
"838",-5.86,0.79,-5.86,0.83,1.359326,9.604077,-1.1484446,0.2002995,35,35,-5.86199615300379,0.781725496306729,-4.97569167253375,0.741283049383281,1.44755468448479,13.7560434631097,-1.54920892406175,0.221273663762085,1.44755468448479,8.97639418967991,-5.41884391276877,0.761504272845005,1.44755468448479,13.952427371135,-1.5581700045391,0.221682561640373,1.44755468448479,9.23065883643858,2.77565489885714,0.0769054423405359,-0.443937057316665,-7.16241916315579,-6.51706031617122,2.27299319545533,9.33928422160603,-4.08564466935289,0.545239506236702,-3.52436622579301,0.523527599175488,9.45359427,0.16474528,-0.931,0.02883454,54.8605879627424,-60.1659327966475,1279.32865804861,0.36073383916412,0.344512740633856,6.5529675854958,0.132303839997133,-0.876497621041652,-927.523073161807,-928.592517220417,-946.91495030771,-948.676658429345,1.73309069898977,-978.207053806924,2.10892379891264,1904.60138945245,1930.99633296205,NA,2498.49138330058,0.454545183424702,0.942502891169878
"839",-5.86,0.79,-5.86,0.83,1.359326,9.604077,-1.1484446,0.2002995,35,35,-7.20130602773127,0.914592903401133,-4.96222468454284,0.662254565166543,1.35904236943524,10.5519191472545,-1.3090844704843,0.228527392427819,1.35904236943524,9.38837944076795,-6.08176535613705,0.788423734283838,1.35904236943524,11.8052904626081,-1.45033598681237,0.244446051663568,1.35904236943524,9.84099777793213,4.00728662583131,0.113190092583777,-0.660868173898601,-7.7101394084889,-6.97442458695755,2.21603247438271,9.29516168962383,-4.81396041963284,0.606651259897438,-3.57064468056723,0.472239918452172,6.64406493,0.16173191,-0.9,0.02528634,88.2672414592939,-126.97923978975,1345.12065770203,0.20384119300162,0.140055895507816,10.1433995936676,0.180638389617641,-1.30151828212813,-917.495070206891,-920.795467414821,-934.289205011032,-937.274510252919,2.96273803846439,-971.839486584579,2.82329773601433,1884.54538354262,1905.74484236869,NA,2563.26207561432,0.61478720008001,1.2850235101023
"840",-5.86,0.79,-5.86,0.83,1.359326,9.604077,-1.1484446,0.2002995,35,35,-6.02974458099977,0.77762382090601,-4.97856998680455,0.7200556754887,1.29979911204544,11.9120842290529,-1.31034726422307,0.207434616988781,1.29979911204544,11.278072148198,-5.50415728390216,0.748839748197355,1.29979911204544,12.1883262359233,-1.32547580719748,0.208263139830479,1.29979911204544,11.6213691978548,3.06263805738052,0.0858046982115104,-0.496748952472585,-7.35460431179948,-6.64640583110237,2.10384873287736,11.8004583532405,-4.07082695264825,0.529652392019198,-3.34772699968641,0.488758794472889,5.16644989,0.12477668,-0.834,0.02360478,95.3934018157173,-141.231560502597,1304.12496604413,0.301334670245367,0.271299752433618,9.54675971361587,0.169515377006294,-1.22197999597598,-912.494841651195,-913.67569775917,-935.068307830724,-936.998657672126,1.90129192066089,-966.734972871191,2.21624062325659,1874.54492643123,1907.30304800808,NA,2467.01837158567,0.490341872979978,1.21285964921611
"841",-5.86,0.79,-5.86,0.83,1.359326,9.604077,-1.1484446,0.2002995,35,35,-6.2314291248599,0.830890318462696,-6.22114393625748,0.880733032695039,1.39516538578098,12.7191340478286,-1.49019240525343,0.235666926901078,1.39516538578098,9.84967101516679,-6.22628653055869,0.855811675578868,1.39516538578098,12.7191604941047,-1.49006424482434,0.23628800094159,1.39516538578098,9.91282867692201,2.54765057273218,0.063893271855373,-0.387132579981635,-7.23894084697849,-6.93170566476961,2.15694092702484,10.4463169443566,-4.21720651482356,0.567984939208629,-4.55122830936524,0.641646780099016,5.11365689,0.0969595,-0.809,0.02612922,82.0068774192169,-114.458511709597,1337.67687949525,0.738577002712751,0.724405252225283,10.9785764262849,0.223801215792196,-1.5312944647185,-925.748317689694,-926.073202988957,-943.757490622938,-944.163790340099,0.395838822518348,-968.927551957402,0.454972173527408,1901.05187850822,1924.6814135925,NA,2560.89524728089,0.388130413553922,1.3744037041639
"842",-5.86,0.79,-5.86,0.83,1.359326,9.604077,-1.1484446,0.2002995,35,35,-6.59103823624792,0.899357732126668,-5.24824293481908,0.654111952246606,1.35575926495315,9.73608174005503,-1.09616359775117,0.198064259324951,1.35575926495315,10.8634213404228,-5.9196405855335,0.776734842186637,1.35575926495315,10.1868565454399,-1.17849231798072,0.213100632462196,1.35575926495315,10.9710483462571,2.98111565580423,0.081278258903608,-0.478515845605522,-7.1906388250564,-7.30895441794836,2.1349278969775,11.7829599954295,-5.17203122425854,0.705973925378286,-3.51497290871027,0.441132078529396,5.25851699,0.11119692,-0.842,0.02430507,98.98135006815,-148.407457007463,1354.5135443122,0.0564215698194074,0.0447223825208681,9.16750043193532,0.191537979217999,-1.26044669247445,-919.501327990156,-921.37308722769,-942.990671248501,-943.622859983144,0.616907735696145,-970.279891628342,0.0610402478213058,1888.55789910915,1923.14777484363,NA,2560.61963161694,0.460707737917917,1.29088572710801
"843",-5.86,0.79,-5.86,0.83,1.359326,9.604077,-1.1484446,0.2002995,35,35,-6.81286810082189,0.915809343278025,-5.24654426669909,0.678421445940402,1.34096104790345,8.09078836340856,-1.01812661021805,0.189317333644231,1.34096104790345,8.24761250052746,-6.02970618376049,0.797115394609214,1.34096104790345,8.70413095174385,-1.1110831906011,0.203405587094825,1.34096104790345,8.35608890220623,2.18319465035385,0.05791700848751,-0.336522774903705,-7.31445424757092,-7.16242607696387,2.06566534708587,8.7278580180709,-4.50712729360533,0.609433987131775,-3.71392567888426,0.47864953006184,4.91559774,0.12421677,-0.869,0.02520168,90.2054671120601,-130.855691095283,1292.01298935442,0.497389280259751,0.475609237195945,8.61096276212827,0.171540037781626,-1.17254351501894,-905.294558709655,-907.293222523051,-922.865166403646,-923.681502251166,0.797654022996299,-952.64049405948,0.136873040013041,1860.14436054815,1882.89676515392,NA,2453.17028761355,0.364730125419545,1.12283396933223
"844",-5.86,0.79,-5.86,0.83,1.359326,9.604077,-1.1484446,0.2002995,35,35,-4.81076452086554,0.616617788937173,-5.29072973253199,0.736830175064146,1.24441224131637,7.54367868965593,-0.824706953239156,0.150708860844053,1.24441224131637,9.70068787945607,-5.05074712669876,0.67672398200066,1.24441224131637,7.60127034075843,-0.839131394077248,0.154321615288638,1.24441224131637,9.76573436868551,2.54922073180893,0.0670750513664864,-0.397657573116032,-7.0948565266348,-6.85862744909341,2.01137553982763,10.2899028968539,-3.64042969003847,0.467916135297039,-4.02360035185991,0.56032823802282,5.72796515,0.10203362,-0.847,0.02546836,85.1782886971224,-120.801334265407,1249.89193258611,0.546170880467525,0.553628879749739,4.8920099460845,0.116371640347853,-0.71379660816124,-890.426675020374,-891.097920739289,-914.773957337879,-915.198179700526,0.413352984165947,-951.3273033415,0.292435638806595,1830.40859316958,1866.71434702239,NA,2378.98253090681,0.399205449746262,0.757312742576204
"845",-5.86,0.79,-5.86,0.83,1.359326,9.604077,-1.1484446,0.2002995,35,35,-5.94307430069365,0.722142916656756,-4.73477905620309,0.680458199943135,1.36362705680098,6.90110295626059,-0.750861247704077,0.139278747875776,1.36362705680098,8.3459233460767,-5.33892667844837,0.701300558299946,1.36362705680098,7.26609730572522,-0.763453108947328,0.13971315177765,1.36362705680098,8.94005584213368,3.42646064408353,0.0808458648817154,-0.510828607123279,-7.59847490222719,-6.63852641317004,2.04200686045216,9.60173334272703,-5.24071941966003,0.662480188401087,-3.11246968195535,0.452090509806967,5.43596818,0.10634311,-0.84,0.02650028,80.5340763271112,-111.512909525385,1290.15686431024,0.00953046303393893,0.00681900807581083,6.16583265081537,0.11717371449983,-0.793172261986589,-903.941712898823,-906.622650047636,-927.711983542801,-932.026251271085,4.32284839451788,-952.829098598379,5.06534169120159,1857.43866892648,1892.59039943223,NA,2468.80081909509,0.478616789235978,0.890475058770218
"846",-5.86,0.79,-5.86,0.83,1.359326,9.604077,-1.1484446,0.2002995,35,35,-7.06330047598597,0.952879055720314,-5.48155161735054,0.749278214133376,1.23696516387649,10.517749270772,-1.14886486223652,0.170681833902184,1.23696516387649,9.39475226085262,-6.27242604666826,0.851078634926845,1.23696516387649,11.1432316337207,-1.22937621193586,0.181045159575911,1.23696516387649,9.56541510463403,3.02855606749504,0.0744735826554498,-0.46353884296465,-7.3440348685264,-6.97528713831423,1.83915571373987,10.6598808361493,-4.9778081318551,0.675357965805273,-3.90611213709733,0.532364667711657,5.70792719,0.13103013,-0.863,0.02260057,110.018519709109,-170.48179628938,1300.90988738635,0.370052623588774,0.296483879143469,9.09647401936993,0.160254586727694,-1.18529826672666,-889.767541987147,-891.430199443525,-911.272885616976,-912.412825281299,1.11643578277875,-930.525390601384,0.754558750980122,1829.09032710313,1859.71220358058,NA,2431.33797848331,0.425239806280795,1.0559736046083
"847",-5.86,0.79,-5.86,0.83,1.359326,9.604077,-1.1484446,0.2002995,35,35,-5.31535909811616,0.795708133159311,-6.60116858046453,0.955068723389694,1.53003602622526,6.95777536966272,-0.714695920000206,0.14533022786739,1.53003602622526,9.08011627759313,-5.95826383929035,0.875388428274503,1.53003602622526,7.37110187588696,-0.765922759507922,0.151679177297034,1.53003602622526,9.18171353665814,2.23562660782673,0.0582171002768567,-0.341006450265005,-6.5324771761848,-6.86885749965068,2.02550524442878,12.1976882783074,-3.88520704928883,0.584839663728572,-4.55536512605428,0.660984605228644,4.88068841,0.14377912,-0.828,0.02532839,82.7628813153368,-115.970519501836,1320.60047544782,0.590431746767631,0.572684902306266,7.14503878267818,0.136847847665363,-0.947257620005566,-933.297196203906,-934.685971345173,-961.215781145443,-961.917777737387,0.685370428888616,-958.507037554661,0.503705729372886,1916.14963553665,1959.59799463751,NA,2525.23043139381,0.369832412603506,0.942014582110442
"848",-5.86,0.79,-5.86,0.83,1.359326,9.604077,-1.1484446,0.2002995,35,35,-5.30420440642707,0.676048448413841,-5.76850823310911,0.819723843076701,1.33350613839295,10.0590691993802,-1.18968774829622,0.181310145120011,1.33350613839295,7.29502982780092,-5.53635631976809,0.747886145745271,1.33350613839295,10.1129637102481,-1.20636500718172,0.186470799877893,1.33350613839295,7.4300953772442,2.68504769431438,0.0751383695958245,-0.435116465269744,-7.23422392189498,-6.84254692603071,2.0744027070609,7.46792465992729,-3.86931088876688,0.495557058380061,-3.82668636669636,0.538431546697008,5.22244855,0.10168143,-0.873,0.02745149,74.5933346275698,-99.6314261263022,1232.63636538201,0.496355914826522,0.458783723679611,7.55399839857807,0.156292237068467,-1.05699991316708,-898.380721129702,-899.786107592491,-913.889696259124,-915.020305911552,1.10722415142632,-948.819820992789,1.03928111512588,1846.31668538824,1864.94582486488,NA,2365.64130463772,0.42997413004432,0.969453143695609
"849",-5.86,0.79,-5.86,0.83,1.359326,9.604077,-1.1484446,0.2002995,35,35,-5.86324087823327,0.72699238515462,-6.09479193018227,0.847988193112924,1.39228610171829,6.56634027866134,-0.781622980548962,0.147961500148052,1.39228610171829,7.24134287232457,-5.97901640420777,0.787490289133772,1.39228610171829,6.57974425107601,-0.788627157202504,0.151621496533923,1.39228610171829,7.41518125447899,3.03547985463358,0.0712296188572369,-0.449985984492628,-7.4897496013526,-7.00043893954862,1.97539106870145,8.58072921930748,-3.85821683566315,0.478482435017518,-4.17284166939961,0.586763980617747,1.86476381,0.04749082,-0.677,0.02926244,77.214247643405,-104.873252157973,1280.47872045051,0.259834569078988,0.227631033443464,10.0543714921929,0.208361213649408,-1.39294389881688,-904.258561700629,-905.429984814872,-924.003345352303,-925.464529991633,1.43435483387021,-941.159026164809,1.50544421610815,1858.0723665301,1885.17312305123,NA,2456.08418874304,0.427490206274945,1.34856095873017
"850",-5.86,0.79,-5.86,0.83,1.359326,9.604077,-1.1484446,0.2002995,35,35,-5.77503151396655,0.799727012212447,-5.88259107794759,0.82471236801767,1.49378875952834,6.60260258837271,-0.755515814360482,0.138468534067661,1.49378875952834,6.71715069633872,-5.82881129595707,0.812219690115059,1.49378875952834,6.60549485332366,-0.756187667854561,0.138624601068839,1.49378875952834,6.71907842347626,2.9677230771989,0.0702697850405367,-0.442263371438235,-6.96820615060118,-6.92690943015056,2.00904870239527,8.50695396762881,-4.6996673751269,0.662545632605325,-4.12664896708362,0.570113761330228,3.76943779,0.06208819,-0.802,0.03047999,61.0760817326786,-72.5969203365199,1256.70268773553,0.631102529100919,0.592014822542883,7.32936748115784,0.169922615942813,-1.08051614092568,-916.600046334583,-916.62821353479,-936.643388948801,-936.660872610035,0.0169862492662294,-945.027730003537,0.0106254231164154,1882.755335798,1910.45321024423,NA,2440.80845513454,0.41913660647067,1.02220004893516
"851",-5.86,0.79,-5.86,0.83,1.359326,9.604077,-1.1484446,0.2002995,35,35,-5.94540473022837,0.766573315088052,-5.30952000038356,0.734310601716951,1.34605589699961,7.37144534832244,-0.932574279111801,0.163232309283837,1.34605589699961,6.41686032301346,-5.62746236530596,0.750441958402502,1.34605589699961,7.47253269573489,-0.937703120805811,0.163492529952353,1.34605589699961,6.5465372328188,2.71220990656533,0.071920998962213,-0.426374796684335,-7.33610051515414,-6.89242868295805,2.01506378901926,6.8006546954291,-4.40556066753553,0.57168456705272,-3.58574268723047,0.498435836394843,4.86260883,0.11291282,-0.89,0.02711344,79.9173041012522,-110.279365073667,1228.19412465841,0.299167906128117,0.281526296445947,6.52237609494998,0.129259468809022,-0.882948292152152,-894.229437193827,-895.046070322756,-908.351585265269,-909.564894062682,1.18891680343524,-938.836608297128,1.49022149404994,1838.01411751649,1853.86960287717,NA,2346.10888424316,0.421077058623916,0.859524939063454
"852",-5.86,0.79,-5.86,0.83,1.359326,9.604077,-1.1484446,0.2002995,35,35,-5.4058644855753,0.674730915729194,-5.36287467124684,0.768139438816703,1.35865262949812,12.6775249256943,-1.37739823506517,0.211534105678334,1.35865262949812,11.1048931546607,-5.38436957841107,0.721435177272949,1.35865262949812,12.6779869567283,-1.37639433129911,0.213715393724681,1.35865262949812,11.3506214082559,2.47859216013934,0.0640287401207557,-0.379356096715506,-7.34373351984064,-6.74423989626286,2.22187490593143,11.499859478141,-3.99909166072882,0.506383022588351,-3.71808887250316,0.528896440089154,7.71214362,0.14239691,-0.858,0.02325342,96.3166688166332,-143.078094504429,1336.57886115671,0.488891889058439,0.462362388326851,7.20361553250643,0.14437863041374,-0.973478122381819,-921.993225089525,-923.146294523206,-944.923471026966,-946.33023403924,1.38039394738848,-979.276081317301,1.53989590091624,1893.54169330789,1927.01337440056,NA,2530.07962780899,0.396944393379743,0.981424023075954
"853",-5.86,0.79,-5.86,0.83,1.359326,9.604077,-1.1484446,0.2002995,35,35,-5.96383085743984,0.817988514664238,-6.35618487823069,0.854241255404695,1.42410657316195,7.94030027854821,-0.906275655971596,0.159738313364279,1.42410657316195,7.90677022975697,-6.16000786783526,0.836114885034467,1.42410657316195,7.97878569795588,-0.909831633120147,0.160066878667077,1.42410657316195,7.92793351005446,2.57004596961763,0.0641956793946203,-0.389591595698549,-7.04820818799228,-7.22457776056643,1.97800422685364,9.66946637651344,-4.09153026962403,0.560138845624867,-4.08518544093596,0.549666162082741,4.18686969,0.11067561,-0.84,0.02680735,79.9473777434043,-110.339512357971,1297.58699487865,0.978642233976374,0.97926613135325,9.47753871893652,0.179641565341424,-1.27085474856299,-914.540212570502,-914.685578054068,-934.975138865834,-935.141267817318,0.161574063673688,-945.250043789606,0.175397892898532,1878.63566826984,1907.1167100783,NA,2484.83447739932,0.391010937724867,1.16511872086808
"854",-5.86,0.79,-5.86,0.83,1.359326,9.604077,-1.1484446,0.2002995,35,35,-5.49899475883307,0.756510391154034,-5.5643483189554,0.775122696733574,1.29734922374224,11.2113539765018,-1.2702025219435,0.208105426117715,1.29734922374224,10.7682455173683,-5.53167153889424,0.765816543943804,1.29734922374224,11.2124217484569,-1.27050661705142,0.208192030597461,1.29734922374224,10.7702372992723,2.47167355282153,0.0616383960958541,-0.378151221305854,-6.94964284057679,-6.90410910035905,2.0767725684907,11.2968425699777,-3.84787033732113,0.537659764650921,-3.83681046719626,0.539373217675893,4.41515732,0.09475866,-0.775,0.02629208,76.8677030664271,-104.180163004017,1289.65868089944,0.997957844835481,0.99770741011566,9.61186020639619,0.193887018288513,-1.33076382144169,-910.521902623382,-910.538109428491,-931.637385909249,-931.649232444533,0.0115090366932248,-962.1565542722,0.00966119973064811,1870.5990483756,1900.44120416513,NA,2475.13719879486,0.361268864291719,1.20829974595584
"855",-5.86,0.79,-5.86,0.83,1.359326,9.604077,-1.1484446,0.2002995,35,35,-6.57549747659416,0.923709820919982,-5.39105051460821,0.839986489396976,1.48974612477229,5.98149002084908,-0.574397518065926,0.123360812939883,1.48974612477229,8.99639656923256,-5.98327399560118,0.881848155158479,1.48974612477229,6.33221867228853,-0.599188979483368,0.125113212000211,1.48974612477229,9.28297130724486,2.49895959486187,0.0642211036247099,-0.386662064235056,-7.03001462195753,-6.34436960411481,1.9018480963771,12.7241139318061,-4.55482275809833,0.629122440961174,-3.9819142769349,0.613211340556869,4.45126942,0.08406732,-0.759,0.02485208,92.1598031344123,-134.764363139987,1313.95606449438,0.389880133200781,0.393948750286723,7.55991989718142,0.171851600465764,-1.09103671093792,-923.647744240023,-925.273004982696,-954.094010467141,-956.07253043401,1.94941067512418,-944.442679654774,2.14331236609338,1896.85073160888,1945.35445328091,NA,2493.14776584877,0.378997084425417,1.08923591208727
"856",-5.86,0.79,-5.86,0.83,1.359326,9.604077,-1.1484446,0.2002995,35,35,-5.54576060021572,0.794610187737362,-6.81351124662908,0.862088739070997,1.38657654882783,8.96154185647942,-1.00454615440768,0.170916374026679,1.38657654882783,8.81608170615634,-6.1796359234224,0.828349463404179,1.38657654882783,9.36333978184981,-1.02593264867575,0.1720547127492,1.38657654882783,9.29634594629598,3.31880041899478,0.0873819792183226,-0.523815312612069,-6.7694199529932,-7.63515085197287,1.98371746283203,10.4916363261475,-3.96649227192701,0.56763589850817,-4.47886517462657,0.564952459684333,4.75779884,0.1108259,-0.846,0.02562761,89.2566251655196,-128.958007202202,1331.17853127662,0.221701979212352,0.206333571571458,8.84059828114811,0.159513035542558,-1.13282867316461,-913.956209347594,-916.081991507315,-935.236683144024,-938.580375849519,3.32698619541984,-948.554848352255,3.91247078839179,1877.46766182403,1907.63979863468,NA,2533.39905535104,0.497434012872531,1.15872915175857
"857",-5.86,0.79,-5.86,0.83,1.359326,9.604077,-1.1484446,0.2002995,35,35,-7.07811163745607,0.97209261197393,-6.38470964203492,0.873312341148992,1.32196845007469,6.77891314409521,-0.760036964039702,0.136949510013237,1.32196845007469,7.76140026388938,-6.7314106397455,0.922702476561461,1.32196845007469,6.89911472590871,-0.777160573264266,0.139388895489299,1.32196845007469,7.78508670792369,2.76369520460644,0.0716493035652611,-0.423995374470992,-7.24437663372581,-7.13948193052744,1.75271114864237,10.0729965145844,-5.69902739705135,0.79456281110945,-4.83785544192386,0.670979210217505,4.51323083,0.09722297,-0.814,0.02266634,118.084655028003,-186.614066927169,1316.8037779084,0.496121319572121,0.472441686732402,6.65693314171986,0.133703590603637,-0.915240227587247,-894.062868227289,-894.518406889784,-915.589642627985,-915.778632263599,0.183837987743957,-916.922845342842,0.0674650064090826,1837.68097958341,1868.3457176026,NA,2446.99348888963,0.442851343607264,0.852021880889429
"858",-5.86,0.79,-5.86,0.83,1.359326,9.604077,-1.1484446,0.2002995,35,35,-5.11772837895301,0.667522710248957,-5.12320324966568,0.73847307025393,1.11629694587828,8.75264551305549,-0.996171044256678,0.175717384015167,1.11629694587828,11.1810996126023,-5.12046581430934,0.702997890251443,1.11629694587828,8.75265300660782,-0.996268155268688,0.176975872411376,1.11629694587828,11.3275727538362,3.30159633682404,0.0830859412959385,-0.506580952523861,-7.09854203620362,-6.68131302181806,1.9020977113261,11.0682718197866,-3.63311177879472,0.480319696222129,-3.90759946567928,0.570460928550946,4.7728774,0.10474462,-0.812,0.02358714,97.5611506724498,-145.567058216062,1237.00594128953,0.502690511826719,0.459820774219817,5.94564525834244,0.122120136877024,-0.814439301707692,-874.654539443665,-875.266768982405,-897.226011687425,-898.062714859782,0.817674423547265,-939.974723103699,0.902439422223237,1798.86432201617,1831.61845572148,NA,2328.444824363,0.488967886229597,0.81532934070615
"859",-5.86,0.79,-5.86,0.83,1.359326,9.604077,-1.1484446,0.2002995,35,35,-6.20119694170378,0.806016534212542,-6.55767610273597,0.908860238242895,1.36297045460709,13.8982021789649,-1.69125424061788,0.273298300936331,1.36297045460709,10.6334394549878,-6.37943652221988,0.857438386227719,1.36297045460709,13.9299715270275,-1.70041964995043,0.275942507801001,1.36297045460709,10.6928363478991,2.30467874396838,0.0557498950621127,-0.338107292863479,-7.35690023380029,-7.10066321906569,2.24086820169419,10.3750845515108,-4.49627161461006,0.585210883730993,-5.38798616799029,0.742650779511994,11.09130896,0.18702318,-0.919,0.02377935,93.3901623237108,-137.225081518584,1366.64189761098,0.414843397723355,0.37384258061991,8.25536761845492,0.190669986147795,-1.20749917414139,-926.685613326269,-927.129204424541,-942.920024216397,-943.276514170059,0.347187840156554,-978.061298496881,0.306520655716543,1902.92646978138,1923.00648077942,NA,2596.05871370337,0.364532721757479,1.17609530999539
"860",-5.86,0.79,-5.86,0.83,1.359326,9.604077,-1.1484446,0.2002995,35,35,-5.41544742426364,0.776750482771167,-6.52917140315903,0.936113280523095,1.37900851460022,12.2695844712407,-1.5576721999586,0.270939627832003,1.37900851460022,10.1883660529277,-5.97230941371133,0.856431881647131,1.37900851460022,12.5796797465324,-1.60204374225864,0.277288753158834,1.37900851460022,10.2464194882527,2.78165507736744,0.0728041138529628,-0.431546181486629,-6.74551027767719,-6.90979194584798,2.26174883815473,9.90377399632159,-3.52440085944962,0.502785732705365,-4.62973197883584,0.668299665046025,5.59864686,0.10816824,-0.836,0.02795325,64.3333261251606,-79.1114091214839,1312.24552121656,0.310980886665511,0.263982935217674,10.6540038053048,0.247584173189625,-1.57968735708368,-927.448438923893,-928.168629877378,-943.055465241574,-943.417737440301,0.352833790334375,-978.852587509378,0.13022787458069,1904.45212097662,1923.27736282978,NA,2545.37963331164,0.438461012437871,1.46079817344283
"861",-5.86,0.79,-5.86,0.83,1.359326,9.604077,-1.1484446,0.2002995,35,35,-7.10477788367939,0.994657389160084,-5.33621421821969,0.781701346118647,1.37860972952326,5.38282191563713,-0.639578243416187,0.127657369793972,1.37860972952326,6.64485461360713,-6.22049605094954,0.888179367639365,1.37860972952326,6.1647762753332,-0.733734823431977,0.138994938860939,1.37860972952326,6.87652639596957,4.28004653819517,0.11304696653936,-0.675751035045083,-7.1366077765572,-6.63678110894294,1.82753165928881,8.5376091566823,-5.01546792378269,0.706388383622435,-3.75011762151007,0.545339208402871,3.0600803,0.07987404,-0.816,0.02942559,69.3974912029696,-89.2397392771018,1247.51176347709,0.131974053317977,0.102108784243711,8.4262644988566,0.174111252138174,-1.17445859520836,-895.787109767213,-898.985082879177,-916.325688312189,-918.415480350485,2.06069075173859,-921.940108621765,1.7056164580867,1841.12946266326,1869.81780897101,NA,2405.78378767708,0.646327947348952,1.09522075458091
"862",-5.86,0.79,-5.86,0.83,1.359326,9.604077,-1.1484446,0.2002995,35,35,-6.33344413330461,0.88790459522853,-6.98668329874472,0.974138173462848,1.40333158473486,12.995670721998,-1.50700013470382,0.230774689433196,1.40333158473486,9.5184818207839,-6.66006371602467,0.931021384345689,1.40333158473486,13.1023510738142,-1.5210829223735,0.23263374693697,1.40333158473486,9.54238891805931,2.73803785497375,0.0699300360239205,-0.424221408236963,-7.0012795480261,-7.14076136899306,2.1067720639825,10.399196205519,-4.44524499322264,0.626363599547305,-4.37076940093081,0.606629021980365,6.21938032,0.11540464,-0.872,0.02814794,65.6810126113197,-81.8067820938021,1337.70604983446,0.96992804475564,0.957404646503274,11.9484096823182,0.242032006996531,-1.6585367315423,-924.959765429213,-925.196405607938,-943.017285783349,-943.176205853542,0.154554872312087,-963.01733324183,0.0964029666126451,1899.47477398726,1923.20100391333,NA,2593.60531757513,0.406192079457195,1.50186712896722
"863",-5.86,0.79,-5.86,0.83,1.359326,9.604077,-1.1484446,0.2002995,35,35,-4.67135758445721,0.675689124811399,-5.85862649064818,0.800183894473146,1.2602511730778,9.07863341336924,-0.932592656137579,0.161283232907867,1.2602511730778,11.3885087551678,-5.26499203755269,0.737936509642273,1.2602511730778,9.4310352772712,-0.969544848388277,0.16515796982615,1.2602511730778,11.5536775489973,3.36646122036699,0.0803061335759152,-0.5022787007867,-6.60351785696636,-7.04907914100091,1.95315285624213,12.8737338200455,-3.58174984072012,0.521458334394614,-4.30288948932889,0.592806839686307,5.47115853,0.11480302,-0.804,0.02285221,101.531757074789,-153.50827102074,1286.25988953064,0.565901665111813,0.536145758688333,6.42721480083781,0.125696747667772,-0.861609079354008,-900.82918431088,-901.877694112503,-928.124940324413,-929.052043059792,0.906604515714276,-951.343794722269,0.871830913239635,1851.2136117506,1893.41631299545,NA,2419.01150804054,0.482645965187382,0.852474948498618
"864",-5.86,0.79,-5.86,0.83,1.359326,9.604077,-1.1484446,0.2002995,35,35,-5.22345451477547,0.670648282170926,-5.7881163325016,0.800655033321719,1.23064495509201,10.2611047495638,-1.19213744058372,0.191696518765741,1.23064495509201,9.5198646916871,-5.50578542363854,0.735651657746323,1.23064495509201,10.3408154916633,-1.21048990268909,0.195921957601937,1.23064495509201,9.58170842839027,3.17122089782286,0.0925780854247927,-0.529883485897393,-7.18564682331866,-6.97576205951105,2.01827069324616,9.53058731021679,-3.94196730217268,0.514182911570368,-4.16547517555011,0.583174756272211,5.6758683,0.12251348,-0.866,0.02275648,107.563397413302,-165.571551697768,1260.23796111,0.656889006346345,0.655706134515113,6.81162315897064,0.129750941656486,-0.906269452017132,-892.173000141736,-892.8918057186,-910.855359930293,-911.265668103935,0.399755530994439,-949.728882568738,0.246647535303947,1833.90124341231,1858.87715220721,NA,2354.90437052224,0.508026158295402,0.874555633237405
"865",-5.86,0.79,-5.86,0.83,1.359326,9.604077,-1.1484446,0.2002995,35,35,-5.34356834938921,0.692501349937835,-5.08685729900553,0.805959252628732,1.32853757947945,8.24809563042447,-1.07672846719351,0.190205059232205,1.32853757947945,6.9885373944473,-5.21521282419737,0.749230301283284,1.32853757947945,8.26457077127174,-1.06944699284998,0.193423233152959,1.32853757947945,7.58297860720844,1.62250740366555,0.0457839135535633,-0.257143699906733,-7.17556573509141,-6.24290185995563,2.08803264168904,6.90979376514901,-3.46497874031442,0.444429322162637,-3.24043926249946,0.511920184270457,4.54473391,0.12770031,-0.886,0.03096851,46.1783797991723,-42.8015164695071,1200.56963870291,0.0589300814816387,0.0495630596261401,7.47130373263926,0.158663403363893,-1.03713115117918,-897.206869430378,-900.544236079853,-910.339718843151,-915.363851366539,5.06000040706496,-948.037905285393,6.26750701595722,1843.96898198959,1857.84587003293,NA,2358.33776093632,0.287828398308246,1.05518123988085
"866",-5.86,0.79,-5.86,0.83,1.359326,9.604077,-1.1484446,0.2002995,35,35,-5.74267604453111,0.678822054577242,-6.17762382543962,0.836075012100488,1.28391195602838,10.8415333984971,-1.41367908061279,0.237654391915435,1.28391195602838,8.27612608748617,-5.96014993498536,0.757448533338865,1.28391195602838,10.8888282915265,-1.4307782868418,0.243836515077887,1.28391195602838,8.49062210127224,2.73041776351913,0.0747033639214603,-0.435574571217824,-7.65617113220301,-7.15424648450644,2.18077838380886,7.39619235809494,-4.16851111996939,0.501911621445219,-4.64996914879495,0.630003950549279,8.83386738,0.19630759,-0.921,0.02296872,103.801067712631,-158.046892296424,1314.32865851148,0.332298784196615,0.303912619771308,6.23120818279544,0.127328473896021,-0.849685115138205,-900.50014314573,-902.00460263601,-912.429312169552,-914.029522784897,1.57239442412597,-960.774180320343,1.6373069056715,1850.5555294203,1862.02505668573,NA,2470.61042472654,0.4363527133942,0.858757074501582
"867",-5.86,0.79,-5.86,0.83,1.359326,9.604077,-1.1484446,0.2002995,35,35,-5.38257341323068,0.687810979218954,-6.13664389898733,0.830332720711535,1.23912906161986,8.55774010498032,-0.947809500041585,0.184753553196463,1.23912906161986,12.1206431911199,-5.759608656109,0.759071849965244,1.23912906161986,8.69989567935263,-0.974677359751132,0.189831664895983,1.23912906161986,12.1634518945932,3.56999956850253,0.100566228847549,-0.582666760223412,-7.24251481394961,-7.14747764421787,1.97364242217912,13.1831345162066,-3.58094556774924,0.4516455896683,-4.73725667484321,0.64197322986037,4.88125498,0.10661651,-0.784,0.02236244,113.270047825169,-176.984852521501,1352.59277092548,0.212649866227738,0.172285045482285,7.37342653706335,0.159066122033154,-1.03465676937038,-901.433673778441,-902.125494091652,-928.003104670942,-928.231121795595,0.221863501185196,-954.672546772772,0.0383966430629551,1852.42259068572,1893.17264168851,NA,2528.20068932946,0.56648931938969,1.03855726017371
"868",-5.86,0.79,-5.86,0.83,1.359326,9.604077,-1.1484446,0.2002995,35,35,-6.14325747544233,0.830335501869207,-5.67403434619259,0.802262117203926,1.32853634587346,9.88329218668524,-1.07952440747093,0.170120960903004,1.32853634587346,9.19621427387719,-5.90864591081746,0.816298809536567,1.32853634587346,9.93833477294096,-1.08281757782125,0.170317989634645,1.32853634587346,9.25758912125977,2.59132503237721,0.0663879929907059,-0.398264386679312,-7.15407465125514,-6.85210548329664,1.93322009010026,10.7622028259643,-4.24838563167232,0.575637035836016,-3.93532739406966,0.561053237866637,4.97250891,0.11392695,-0.853,0.02677947,76.6898190508945,-103.824394972952,1277.253861416,0.74908018459508,0.723593943612961,9.01245235809674,0.16375565374556,-1.179409031304,-905.625638084525,-905.887570099768,-927.420108278442,-927.840201512763,0.409317567276735,-943.05190267772,0.477201941912812,1860.80651929789,1892.00664890351,NA,2450.68332785905,0.399934863582104,1.1061118407441
"869",-5.86,0.79,-5.86,0.83,1.359326,9.604077,-1.1484446,0.2002995,35,35,-5.89010684094239,0.794348593700339,-5.14261821044457,0.712637674380844,1.26315477298965,9.08140810209773,-0.950774561591388,0.149031213072856,1.26315477298965,9.47851402475352,-5.51636252569348,0.753493134040592,1.26315477298965,9.2210929152786,-0.966044057386099,0.150700381656865,1.26315477298965,9.5373320726064,3.07863877084655,0.0866779641617564,-0.496802063345726,-7.11532470329981,-6.85464858578823,1.8897718606964,10.9375019739329,-4.38454589009014,0.602040223956011,-3.31549914129986,0.453507522779495,4.96123385,0.10013924,-0.817,0.02137009,119.009533340705,-188.463823552572,1259.49225946039,0.299862348982512,0.251853195785045,7.17982971614216,0.139503142173833,-0.974477355192217,-892.780282997064,-893.197030979196,-916.967795731713,-917.359621412282,0.381697943482009,-938.000599485038,0.358448374370229,1835.11580912296,1871.10202381005,NA,2330.52069536822,0.509307626606501,0.892325255249524
"870",-5.86,0.79,-5.86,0.83,1.359326,9.604077,-1.1484446,0.2002995,35,35,-7.00172641638705,0.901318863906276,-5.43398836129547,0.739103343089678,1.26537024576006,12.2462005022426,-1.59114945757924,0.287127650078827,1.26537024576006,11.6383512835471,-6.21785738884126,0.820211103497977,1.26537024576006,12.8606511545882,-1.65472731885691,0.293706118877277,1.26537024576006,11.9345859111219,2.95595535321732,0.0789214360625718,-0.461644070266644,-7.58964308953432,-6.98834313098805,2.23146435630045,10.4786100266595,-4.88885037405997,0.634344381881837,-4.00078481698069,0.555612826660711,7.10685822,0.17463217,-0.89,0.02290794,103.750442660922,-157.945642193007,1371.37566140756,0.351798141785435,0.330913162015628,9.29095297149586,0.169642009186167,-1.19557897844433,-914.403040185688,-916.044980512206,-930.515764454104,-932.137584534177,1.59387519963203,-977.348084806913,1.6797709009469,1878.36132350021,1898.19796125484,NA,2584.80568062212,0.479025367279903,1.23041754809177
"871",-5.86,0.79,-5.86,0.83,1.359326,9.604077,-1.1484446,0.2002995,35,35,-5.49063519113287,0.709553682773115,-6.25241784233614,0.850560363826316,1.36219399764531,8.14075651275628,-1.02166659561525,0.183459195838815,1.36219399764531,7.56657442623771,-5.87152651673451,0.780057023299715,1.36219399764531,8.28583471467485,-1.04852070644777,0.188429916864225,1.36219399764531,7.60295113713587,2.75265960213728,0.075556125683397,-0.438220513619847,-7.22103919043145,-7.14274052419224,2.06389517504784,8.06766772002942,-3.69546924229425,0.471533168028728,-4.27002282038263,0.580989290553062,3.73675232,0.10137353,-0.862,0.02854972,72.881050999379,-96.2068588699206,1266.00724918577,0.560382830496197,0.548052042834726,8.87242495059421,0.173455281453775,-1.19570639039419,-905.234331783211,-905.902037106111,-921.359311971549,-921.655927456179,0.288752098329816,-949.970698845975,0.0389827485730499,1860.02390669526,1879.88505628973,NA,2435.80763950161,0.447212406775031,1.15187381476768
"872",-5.86,0.79,-5.86,0.83,1.359326,9.604077,-1.1484446,0.2002995,35,35,-5.97170448730638,0.779649545818019,-6.54437591316279,0.971223598089418,1.42322720419201,9.28710910584076,-1.32615844527995,0.277637749205605,1.42322720419201,9.94776771830384,-6.25804020023458,0.875436571953718,1.42322720419201,9.36909724633887,-1.35358569169779,0.286812903581526,1.42322720419201,10.2038990807614,3.34770509574647,0.0913589866549453,-0.540147850836268,-7.28449547327679,-6.7158182692819,2.31908976380889,9.69510547579259,-4.53001604523009,0.603037939905945,-4.66662739864403,0.695221491381063,5.20630746,0.13715302,-0.835,0.02637114,79.3214673435501,-109.087691558263,1355.02201086659,0.370068125334736,0.355204944462461,8.43384181991711,0.20827198098909,-1.25899619902936,-931.070016889916,-932.36057593918,-949.266479598195,-950.885318903501,1.59091178176848,-984.310215981752,1.55158641829592,1911.69527690867,1935.69939154302,NA,2600.95633017492,0.508134082821792,1.31915250776206
"873",-5.86,0.79,-5.86,0.83,1.359326,9.604077,-1.1484446,0.2002995,35,35,-5.84933583636186,0.838236662727368,-6.85643807861835,0.94461474720065,1.43609284959423,4.96352837761068,-0.443977169396602,0.0856859284736936,1.43609284959423,7.14663947623007,-6.3528869574901,0.891425704964009,1.43609284959423,5.2170921092002,-0.470760571246601,0.0885150026877446,1.43609284959423,7.24907170774903,2.65857439934907,0.0686600904517321,-0.410605265530402,-6.81307994036366,-7.18640908276537,1.73331229417009,10.7919540289994,-4.48240570430727,0.64992193868182,-5.01013013718074,0.688129574798547,1.31217806,0.01393921,-0.282,0.02790916,92.4816377678105,-135.408032406784,1268.86892147773,0.539757646180655,0.519685877429537,9.13432909310601,0.193183994219689,-1.28896907877354,-901.883665113241,-902.983985212312,-930.784167953076,-931.658829554044,0.855001840159082,-916.397870285868,0.811461934284531,1853.32257335532,1898.73476825278,NA,2402.32981054868,0.41141992186427,1.19771178505201
"874",-5.86,0.79,-5.86,0.83,1.359326,9.604077,-1.1484446,0.2002995,35,35,-4.93562015028401,0.607523311660455,-5.5487127387584,0.806345302312694,1.42341644437622,10.7958313770396,-1.21901675404024,0.186967640631435,1.42341644437622,8.31564351644507,-5.2421664445212,0.706934306986575,1.42341644437622,10.8898020075502,-1.24949082626389,0.196850186623165,1.42341644437622,8.57809314444626,2.94376763914387,0.0788850429155411,-0.467377808402627,-7.27389469829176,-6.70245731558945,2.26122607861892,8.62863633601915,-3.46003118742554,0.421403730995693,-3.55050349494761,0.511087856113708,5.60837875,0.10910805,-0.88,0.02849572,64.7863612930694,-80.0174794573014,1261.84469143084,0.17121144264445,0.148085834763357,8.15593108423923,0.170248790389595,-1.12310804389952,-918.936415565748,-921.350056636746,-937.998219791147,-939.943060671457,1.91576402344893,-974.44309643519,1.78474217968901,1887.42807426033,1913.16287192892,NA,2443.67190340438,0.452634242227312,1.13937578744488
"875",-5.86,0.79,-5.86,0.83,1.359326,9.604077,-1.1484446,0.2002995,35,35,-5.4798525861513,0.664858972104029,-5.46477377782399,0.853793022471177,1.20284054386852,11.114708725201,-1.28132541949334,0.212887075484197,1.20284054386852,11.4766526308417,-5.47231318198765,0.759325997287603,1.20284054386852,11.1147655678161,-1.28061319441034,0.221811094331231,1.20284054386852,12.4891525849499,2.63118340080037,0.0761937332504268,-0.427694820665117,-7.47653610597438,-6.33583711598848,2.03175280900831,11.3179546063273,-4.01542472699065,0.498475691034327,-4.00346030250668,0.625511287544436,6.65572169,0.13134238,-0.875,0.02561852,81.0160196976955,-112.476796266554,1304.99203853462,0.0207898654929136,0.0184350703027503,6.60492562070307,0.148312165068397,-0.901544586075292,-896.537382450888,-900.635285799445,-917.198059320023,-922.65993125637,5.51830678600163,-956.847132479629,6.18699275183079,1842.63000803061,1871.56255098667,NA,2497.50728080268,0.457081268681842,1.11880596828629
"876",-5.86,0.79,-5.86,0.83,1.359326,9.604077,-1.1484446,0.2002995,35,35,-6.58517662920274,0.874531817578706,-6.23227478922107,0.96979672491931,1.17748425634837,9.37543496162787,-1.06108842833114,0.197567165772842,1.17748425634837,12.6222734775887,-6.4087257092119,0.922164271249008,1.17748425634837,9.40656988879348,-1.0526836380596,0.199836016415495,1.17748425634837,13.2690072721098,3.54640292391454,0.090360126473299,-0.543931970830978,-7.3326835926907,-6.41221808645597,1.78759155429752,14.3222636910405,-4.97151383239662,0.667774038988917,-4.67990695225566,0.715153896303833,6.27907801,0.12269645,-0.833,0.01943843,137.078802080967,-224.602361033097,1338.20864058758,0.225628328850054,0.229469256658269,7.27733399763712,0.170105191179146,-1.04118539625729,-893.359285505473,-895.351482821403,-918.127459106922,-921.374314803244,3.22838167210391,-933.118580555234,3.68104199164087,1836.27381413978,1873.42135056047,NA,2451.81492014207,0.543708523108169,1.15724308636621
"877",-5.86,0.79,-5.86,0.83,1.359326,9.604077,-1.1484446,0.2002995,35,35,-5.75618586951628,0.834470118245259,-5.86832377962913,0.800636980405283,1.34244743055887,9.76126584213706,-1.10908845706217,0.180027684173146,1.34244743055887,8.84672323059922,-5.8122548245727,0.817553549325271,1.34244743055887,9.76440956985819,-1.10813996271969,0.180313854477171,1.34244743055887,8.91276269542668,2.70097035100796,0.0762609285632496,-0.435120736336497,-6.74237007087448,-7.05607706124315,1.97538961262387,10.0834924841576,-4.18586838821874,0.611528128540644,-4.76539461225054,0.664104681068241,6.39718774,0.15199961,-0.872,0.02392971,93.9628027283571,-138.370362327877,1268.71757948465,0.643524386909203,0.60174438769901,6.63972270403325,0.125564020814415,-0.882074723433773,-907.75281191921,-908.074863374221,-927.530717819966,-927.998622680197,0.456058680954123,-946.258455115877,0.534891820796791,1865.06086696726,1892.22786798656,NA,2399.06479664143,0.453058453232081,0.843022034060572
"878",-5.86,0.79,-5.86,0.83,1.359326,9.604077,-1.1484446,0.2002995,35,35,-5.66383650666963,0.841281859764842,-5.91834709851261,0.882605360498324,1.41078746814254,4.71664364272483,-0.700248456856798,0.160932215720029,1.41078746814254,6.18691055176402,-5.79109180259112,0.861943610131583,1.41078746814254,4.73283755306489,-0.702877774013973,0.161359123648246,1.41078746814254,6.18964346244992,2.49493564316012,0.0653666401395048,-0.389184352750113,-6.60943811472723,-6.61775398247468,1.94540497393448,7.22778232336741,-4.32275846552835,0.636494872429645,-4.29013912416356,0.636260350634698,3.34219033,0.10557503,-0.844,0.02890988,69.3798493107033,-89.2044554925693,1214.00143185083,0.993177425459487,0.994586259632204,5.41387179730534,0.136264847889586,-0.830592621217247,-898.843206025581,-898.917447813825,-917.654447702083,-917.681060999001,0.0258578321384405,-932.083150538048,0.000514125676305873,1847.24165518,1872.47532775079,NA,2338.79840820909,0.386276597739242,0.802482323480184
"879",-5.86,0.79,-5.86,0.83,1.359326,9.604077,-1.1484446,0.2002995,35,35,-6.17887329905147,0.844826029996734,-5.7403300170744,0.797362924767807,1.37703587800136,8.36070024370104,-1.09414110704085,0.201458677014781,1.37703587800136,7.58917299018321,-5.95960165806293,0.82109447738227,1.37703587800136,8.40878029624283,-1.09934476352582,0.202021863604274,1.37703587800136,7.608226867077,2.78001191827674,0.0772664203891043,-0.448656954657108,-7.10335965799172,-6.94758927494974,2.07051185044773,8.0298363199742,-4.35544447092946,0.593460333103498,-4.01147760000244,0.553186679227828,4.20611218,0.10591614,-0.86,0.02709976,79.9010079000874,-110.246772671337,1260.58573489745,0.864448733023831,0.82795786600113,8.48912027471553,0.179873802587977,-1.19715564890519,-909.267686908404,-909.438447865088,-924.198705431049,-924.353818638789,0.1508484728691,-950.608562333203,0.154439767255323,1868.09061694565,1885.56384320873,NA,2410.92469712356,0.443794740101591,1.12134874413901
"880",-5.86,0.79,-5.86,0.83,1.359326,9.604077,-1.1484446,0.2002995,35,35,-5.61153117190448,0.73198748597677,-5.65318225915369,0.73458718638384,1.32183922132417,9.61462900891893,-1.3590939380356,0.255785400425639,1.32183922132417,8.33815390292835,-5.63235671552909,0.733287336180305,1.32183922132417,9.61506271218619,-1.35912100812272,0.25578709003619,1.32183922132417,8.33861836792986,2.86759948053873,0.0740613162482683,-0.443690582207421,-7.20828037690675,-7.23444312185462,2.29057819618217,7.21520523556996,-3.6987853404479,0.481652896865913,-4.08035535911026,0.528078296895799,4.32724157,0.1151969,-0.864,0.02576721,90.102771585723,-130.650300042609,1272.32740389915,0.840700509146225,0.806205444168052,9.10338973468636,0.194951043886635,-1.28753368747184,-907.680802744822,-907.683513755562,-920.028390201842,-920.031871804513,0.00338221241919246,-972.046463879976,0.00432862572617154,1864.91684861848,1877.22321275031,NA,2414.0045077557,0.440766937111309,1.2209780710221
"881",-5.86,0.79,-5.86,0.83,1.359326,9.604077,-1.1484446,0.2002995,35,35,-6.6248518427446,0.929045637546135,-7.05076453854895,0.940155309536591,1.28204467837975,9.60050227863631,-1.31043068835423,0.228925311945507,1.28204467837975,7.35237630770039,-6.83780819064677,0.934600473541363,1.28204467837975,9.64585268474814,-1.31161362594097,0.228956168148441,1.28204467837975,7.44090721425896,2.75987031189354,0.0789860486087358,-0.448665055673819,-7.04757957339762,-7.40730371833057,1.97316258168687,7.14128513596261,-4.83996995695569,0.675127044585401,-4.62240329126531,0.615026015467214,6.27122051,0.15988839,-0.92,0.02375199,106.783283637216,-164.011324145594,1300.18354195376,0.749470056859174,0.714687338004059,9.19230414010673,0.182939722685309,-1.26191829548846,-894.507699381584,-895.008571570031,-904.729878362216,-905.467937820608,0.720765136076578,-935.184281502188,0.958584280139607,1838.57064189201,1846.62618907106,NA,2436.35575976194,0.464401824614326,1.15696591932097
"882",-5.86,0.79,-5.86,0.83,1.359326,9.604077,-1.1484446,0.2002995,35,35,-6.02304567893044,0.716915691735521,-6.4340631208039,0.913255647117862,1.68599275172087,10.1518373498416,-1.01990019406015,0.138294619318687,1.68599275172087,6.7658880017531,-6.22855439986717,0.815085669426691,1.68599275172087,10.1940711842227,-1.04007498060985,0.147931963838572,1.68599275172087,7.11546140141418,2.25678045947185,0.064124442598516,-0.36640104625633,-7.70958873389668,-6.9508635284557,2.22566721239823,8.90341112952776,-4.34176212448004,0.529155691436541,-4.5244743262666,0.63769873670042,5.97022135,0.09791673,-0.896,0.03063222,60.9363172336265,-72.3173913384156,1353.50775545768,0.0834532866137187,0.0691706009988974,8.66702067022119,0.171123066870532,-1.15199824699486,-942.828422384311,-946.570261269975,-966.738605257518,-969.820722589729,3.06094952329823,-971.544556886562,3.10792799546429,1935.21208789746,1970.64364286166,NA,2634.69811957694,0.374202862608511,1.21280906799831
"883",-5.86,0.79,-5.86,0.83,1.359326,9.604077,-1.1484446,0.2002995,35,35,-6.28070540690966,0.897307955063162,-6.62936477092542,0.934260570970108,1.26241131689512,10.5626543565209,-1.32067187716255,0.224856213466121,1.26241131689512,9.3668554147652,-6.45503508891754,0.915784263016635,1.26241131689512,10.5930451945499,-1.32389284605276,0.225197587421713,1.26241131689512,9.38070516383758,2.13536596608776,0.0581015423063827,-0.341845516377541,-6.89251803704208,-7.02102327770576,1.95073376719596,9.72124261043812,-4.73475146547524,0.67498648447081,-4.21170905133447,0.590167799869681,5.31059523,0.12337424,-0.862,0.02506469,89.6068826692748,-129.658522209712,1291.50483402212,0.748990132881568,0.662088317724256,9.76238287439065,0.200980724861197,-1.36584464687606,-900.565710863964,-900.656159623024,-916.073633635615,-916.167088726434,0.0908455745973331,-942.018198716116,0.0939605422778095,1850.68666485676,1869.31369961786,NA,2453.35114583452,0.331604082087881,1.23756945714411
"884",-5.86,0.79,-5.86,0.83,1.359326,9.604077,-1.1484446,0.2002995,35,35,-5.5054868379217,0.724729958136529,-5.5718324694543,0.810833397093478,1.32366782562486,6.80876148428973,-0.746235428516272,0.127159404650677,1.32366782562486,7.28060964034828,-5.538659653688,0.767781677615004,1.32366782562486,6.80986191999559,-0.747663575274953,0.12901285520073,1.32366782562486,7.42492455283491,2.9792091582552,0.0795742753183468,-0.471542151595222,-7.145474515767,-6.69883813896489,1.86575116712434,8.82826089746062,-3.77798511679973,0.48809991000118,-3.88136821633992,0.572222363609435,2.7658697,0.0543086,-0.743,0.02854008,75.510998185023,-101.466753241209,1223.7261115703,0.244674514602702,0.223483466958083,8.04839453360063,0.170821747681286,-1.13728646023336,-890.836204337883,-891.79676514889,-911.953644899206,-913.16309981,1.18510767628435,-928.061668225508,1.29456763861813,1831.2276518046,1861.07372214504,NA,2345.98546989938,0.459501888683524,1.05900920486054
"885",-5.86,0.79,-5.86,0.83,1.359326,9.604077,-1.1484446,0.2002995,35,35,-5.8932561618685,0.774267347377618,-6.78097139935795,0.916782902149329,1.27877595062291,8.65499926230482,-1.13051847591186,0.195410648913818,1.27877595062291,7.16185026419953,-6.33711378061322,0.845525124763474,1.27877595062291,8.85200884802255,-1.16214678329939,0.20048831975179,1.27877595062291,7.19817035020474,2.44712416020551,0.0657156003318079,-0.384877960605308,-7.23811289339634,-7.2767573342794,1.94357330883144,7.29468544050519,-4.01359555334879,0.517030906349979,-4.47902974983414,0.599926108741094,4.86279399,0.13322134,-0.905,0.02524567,97.3594528545166,-145.163662580196,1272.46908303068,0.758888012571977,0.742773899307177,9.6694322538962,0.188342670953918,-1.31801229791487,-890.110757959009,-890.781265229107,-902.489159959736,-902.799967660675,0.302598769691594,-932.135813015494,0.0110235168590927,1829.77675904686,1842.1447522661,NA,2399.77450348117,0.392338653234034,1.18774992531776
"886",-5.86,0.79,-5.86,0.83,1.359326,9.604077,-1.1484446,0.2002995,35,35,-5.32402198328162,0.755472633329137,-6.58182662788095,0.879595624362838,1.38704360404289,9.67324235215844,-1.00973554533038,0.179796410051587,1.38704360404289,11.3052132879527,-5.95292430558128,0.817534128845988,1.38704360404289,10.0687604831524,-1.04876616398632,0.183648039277375,1.38704360404289,11.4993714920334,2.3858521148204,0.0672435500378051,-0.385685986873293,-6.78085275760567,-7.29916474090939,2.02988665763029,13.5584728535276,-3.7315468111261,0.53393117811344,-5.41121342635471,0.732958735911884,7.27279173,0.1368528,-0.862,0.02389038,94.611370084461,-139.667497040085,1358.86209116207,0.132074021417492,0.0955054178254642,7.40187457511028,0.144656114040749,-0.972711083807093,-924.216785710797,-925.345615785957,-951.139264203073,-952.235138372405,1.0729401895383,-962.471031214224,1.0817872312666,1897.98881455043,1939.44496075277,NA,2578.05668528405,0.393241215586977,1.05440746438235
"887",-5.86,0.79,-5.86,0.83,1.359326,9.604077,-1.1484446,0.2002995,35,35,-6.55682201233555,0.870272199240201,-6.43950206285602,0.872945210346896,1.3226018412162,11.6482637668545,-1.50741405099742,0.256245417501271,1.3226018412162,9.08443350534167,-6.49816203759579,0.871608704793549,1.3226018412162,11.6517047594909,-1.50733565161542,0.256247203748366,1.3226018412162,9.09619127200219,3.16486556745861,0.0788967660316203,-0.482997523528656,-7.32970667962369,-7.19646162166505,2.13076117954659,8.76033039145424,-4.59614923138086,0.60590428283142,-4.4565338467409,0.598099160873514,5.59396693,0.12034141,-0.859,0.02504159,92.8298715669898,-136.104500005142,1340.1224841613,0.956410552214374,0.951316811578773,9.39992392762347,0.198242373697318,-1.331644809876,-912.410296869593,-912.462633348633,-925.551608770175,-925.633176488563,0.0792833957893188,-960.358722977787,0.101589748885394,1874.37583686802,1888.26964988698,NA,2544.14046831746,0.466725027162694,1.20392600274391
"888",-5.86,0.79,-5.86,0.83,1.359326,9.604077,-1.1484446,0.2002995,35,35,-6.39507611570918,0.879014915337735,-4.63736226187482,0.714426398802248,1.36401015635017,9.00229292866649,-1.26473082630701,0.22672475038023,1.36401015635017,6.55807207242726,-5.516219188792,0.796720657069991,1.36401015635017,9.77468242665681,-1.33705570523113,0.233497095324068,1.36401015635017,6.98963348886623,3.40607809070945,0.0849362249962224,-0.524933127335397,-7.11587394283922,-6.33873587998365,2.17835683834777,5.98855792641112,-5.30319959718444,0.739716686124703,-3.2127071152098,0.494965933395143,5.36300772,0.13122115,-0.897,0.02839113,66.200950476634,-82.8466578244307,1207.25290446931,0.00806546424748297,0.00371136612256958,7.50883038824495,0.154122299193486,-1.03809237897524,-903.501277261786,-906.875826663644,-912.918117448427,-916.805129717489,3.88275952341179,-954.079337246191,4.72092096381148,1856.55779765241,1863.00266724348,NA,2331.6591511142,0.483254937362546,0.991843807789063
"889",-5.86,0.79,-5.86,0.83,1.359326,9.604077,-1.1484446,0.2002995,35,35,-6.28957918402772,0.846603513643377,-6.04047437190535,0.896867381764178,1.18825974479586,7.70038839902047,-0.769163766234799,0.137988375582668,1.18825974479586,11.145003158306,-6.16502677796653,0.871735447703778,1.18825974479586,7.7159017008761,-0.766033523378604,0.138619989692284,1.18825974479586,11.3713189074489,2.70290882797469,0.0670651405414777,-0.409738543147556,-7.20347575536039,-6.65491182374604,1.64776918227921,14.3063004460016,-4.44063526669069,0.608847827007076,-4.48375810283626,0.675878379611179,3.3735047,0.08423242,-0.735,0.02141444,125.636615111225,-201.717987093612,1291.29057663361,0.48121867876529,0.461706748706982,8.13558930102729,0.156538300997811,-1.07898631474066,-883.536176052292,-884.334184837054,-912.324139019025,-913.616547596332,1.26714425192966,-913.12761886593,1.41982510066994,1816.62759523342,1861.81471038468,NA,2380.86316617361,0.404066521476012,1.08248060007239
"890",-5.86,0.79,-5.86,0.83,1.359326,9.604077,-1.1484446,0.2002995,35,35,-5.85814906622313,0.813226279522047,-5.9289877441011,0.807526114191203,1.38680117743874,7.67293617845665,-0.868585664122273,0.174898736858177,1.38680117743874,10.0333851287765,-5.89356840516211,0.810376196856625,1.38680117743874,7.67419070802755,-0.868484716078344,0.174906859829376,1.38680117743874,10.0403667696462,2.55849859735653,0.0644270384226441,-0.392107593860496,-6.97089856143005,-7.07569734931847,2.01163450461167,11.9774356209366,-4.00804537365114,0.544486368842212,-4.29153766676526,0.582186527854503,3.65260992,0.07433476,-0.73,0.02493536,95.9456016228197,-142.335960116802,1324.90586459721,0.913478320034285,0.883745650197618,8.35713917411212,0.191360951662625,-1.21520501406396,-918.160704578082,-918.186487522211,-943.459626487131,-943.503906669261,0.0430286420349924,-956.234462353345,0.0500635360625386,1885.876652285,1924.08568532089,NA,2507.47576907763,0.38130486297952,1.19150855174436
"891",-5.86,0.79,-5.86,0.83,1.359326,9.604077,-1.1484446,0.2002995,35,35,-6.07965351263351,0.830775841598911,-6.43161605477626,0.93811404521096,1.43625650488343,10.3205834539675,-1.20554974251239,0.194303825019037,1.43625650488343,8.15417504986823,-6.25563478370489,0.884444943404936,1.43625650488343,10.3515528617354,-1.21499449926548,0.197184197507702,1.43625650488343,8.22236973817008,2.49824527439949,0.0595835324944624,-0.367263282685878,-7.08784725828338,-6.80031655919242,2.06012122583169,9.38999945372308,-4.02274068072064,0.550359572348209,-4.44451012337419,0.64737485706168,5.74406211,0.11169771,-0.869,0.02809987,66.9673980460146,-84.3795529631919,1294.29985105349,0.547362809938761,0.522669444172231,9.08688716243518,0.194722334431243,-1.29072422027668,-921.325105612158,-921.954971639246,-938.974405222908,-939.493942507997,0.506570912098971,-954.286795606461,0.459628659263963,1892.20545435315,1915.11524279244,NA,2504.22014914378,0.378789043207994,1.19976278594003
"892",-5.86,0.79,-5.86,0.83,1.359326,9.604077,-1.1484446,0.2002995,35,35,-6.93918371773351,0.981015268610296,-5.39042026760074,0.737746752401132,1.25083441473428,10.8680584980711,-1.51522846918026,0.268084626862835,1.25083441473428,8.42199677899404,-6.16480199266713,0.859381010505714,1.25083441473428,11.4677255541879,-1.60941981579845,0.282879519607487,1.25083441473428,8.53405946892235,3.49057871001474,0.101058119580481,-0.580219013500473,-7.05228983467797,-6.95285725357096,2.14765784865676,7.17334266824262,-5.30929523339541,0.748849010162951,-4.04957024261846,0.55557256157111,6.29966146,0.16956876,-0.898,0.02276786,107.745879034593,-165.936514940348,1261.76452657022,0.267045226009766,0.224240471192692,8.47929574175325,0.178730316810781,-1.20478685347145,-897.264279510954,-898.84619538223,-907.126834757868,-907.954483671439,0.808773670153935,-956.083189556275,0.067025426632207,1844.08380215074,1851.42010186236,NA,2357.59253820009,0.557293049757586,1.0709524513107
"893",-5.86,0.79,-5.86,0.83,1.359326,9.604077,-1.1484446,0.2002995,35,35,-6.47666278895271,0.797517967942292,-5.52667876210782,0.785774732151584,1.53453738046844,6.66993048189749,-0.758504022261561,0.136156366570563,1.53453738046844,6.41055286940293,-6.00167077553026,0.791646350046938,1.53453738046844,6.8955478947126,-0.761292993867722,0.136190842467272,1.53453738046844,6.852339834839,4.17945269734498,0.095337594649062,-0.615686382246119,-7.68299833971496,-6.80297747291618,2.06673511994702,8.09078678141814,-4.40417956718127,0.538687298530597,-3.76802101671617,0.52843916110671,4.25399444,0.08952657,-0.837,0.0290713,68.1378958290633,-86.7205485292892,1301.65579959308,0.15310002417007,0.140225685029468,8.5072255361363,0.166980066988527,-1.14249177259845,-920.846912128066,-923.315702741411,-940.39932854397,-944.452784085281,4.05388291252731,-950.396713057626,4.90508582162404,1891.24906738497,1917.96508943457,NA,2516.59105065687,0.559899239486251,1.13019663761049
"894",-5.86,0.79,-5.86,0.83,1.359326,9.604077,-1.1484446,0.2002995,35,35,-5.60030240834522,0.754220554773084,-4.63288431472689,0.665524911828607,1.28061644539494,12.7234046117531,-1.52302142694128,0.24490428644334,1.28061644539494,10.6335084751956,-5.11659336153605,0.709872733300845,1.28061644539494,12.9573790537181,-1.54447286939368,0.246871015712674,1.28061644539494,10.778835754645,3.78853367469172,0.0932346269376514,-0.57718948475793,-7.0645927427061,-6.62560033799603,2.26157008034467,9.68341819554273,-3.71187288193876,0.504218153267302,-3.452081039521,0.489663387159676,6.70875813,0.14569217,-0.875,0.02519989,77.8517005589077,-106.148157988978,1260.35697208722,0.860368577718813,0.81696709890868,7.67746211875795,0.148393074400977,-1.02737444462279,-910.413725338313,-911.075823454589,-927.650835153869,-928.519867329402,0.849464718543503,-978.118658586441,0.949162770024543,1870.38269380546,1892.46810265437,NA,2414.56578618546,0.543240189800206,0.997417597202319
"895",-5.86,0.79,-5.86,0.83,1.359326,9.604077,-1.1484446,0.2002995,35,35,-5.90009639869808,0.81923679964859,-5.89763299568252,0.963244757333215,1.37665626153834,6.09719159218655,-0.638336073133283,0.115899873273988,1.37665626153834,7.37118584336283,-5.8988646971903,0.891240778490903,1.37665626153834,6.09719310927516,-0.638247385723975,0.121084446243112,1.37665626153834,7.87521831904689,3.05985206297054,0.0816525210291322,-0.487160180818356,-6.97703677033223,-6.11661122034395,1.77050472664272,10.0766291585796,-4.41231780348797,0.615397340061554,-4.31271872252823,0.698596195022022,4.12625029,0.0831068,-0.819,0.02895629,65.7662509459769,-81.9772587631165,1242.13940133085,0.0948597290035728,0.0864070369857045,5.94948919810276,0.150060808556583,-0.889126162719646,-898.420919236195,-901.352021150569,-922.33167214795,-926.42438889502,4.09430742404204,-919.409032778428,4.49230103441788,1846.39708160123,1881.82977664253,NA,2402.30154389859,0.459897880440678,0.976659052420172
"896",-5.86,0.79,-5.86,0.83,1.359326,9.604077,-1.1484446,0.2002995,35,35,-6.94423664756198,1.01484185836307,-6.21904166808641,0.870723011152491,1.41345867304701,5.31970894483222,-0.727216909208207,0.145084724502941,1.41345867304701,5.38028690701466,-6.58163915782419,0.94278243475778,1.41345867304701,5.45118588439636,-0.753345475319436,0.150277285033268,1.41345867304701,5.42396520474108,2.92921952043287,0.0790441761852853,-0.466697919994024,-6.85581269605972,-6.98924051465764,1.86846211257315,6.51612278622132,-4.8306884976672,0.708322042731615,-4.25441133295026,0.59543961496902,1.65886148,0.04904243,-0.759,0.0309124,72.6099730066153,-95.6647028843932,1234.35398925645,0.434692810647243,0.387974439200962,9.74927237794074,0.224029536378513,-1.43887029073534,-895.278455691835,-896.087638045893,-909.784512695886,-910.262087281847,0.465515781450403,-919.029990642601,0.150855646656596,1840.11215451251,1856.7354577384,NA,2373.04327562852,0.452925223161969,1.32190728809941
"897",-5.86,0.79,-5.86,0.83,1.359326,9.604077,-1.1484446,0.2002995,35,35,-5.29584622534095,0.626422418303348,-5.30399420930718,0.823853810495505,1.23250688692328,8.31175968384063,-0.942941039196411,0.173262791342115,1.23250688692328,10.4108816205684,-5.29992021732407,0.725138114399427,1.23250688692328,8.31177628125133,-0.943343206150916,0.183007579997849,1.23250688692328,11.4498389112153,3.54552997794978,0.0918478346019863,-0.555628421865901,-7.52152478648864,-6.35342762505844,1.99866311827429,10.9154621849751,-3.79562036112777,0.456025611842225,-3.32352180133182,0.520031047253698,3.48437128,0.07983451,-0.785,0.02728231,77.4312675591196,-105.307291989402,1274.36876401875,0.0171280573493107,0.0150519822535501,8.21947668821971,0.18212364958126,-1.12851327045561,-893.641836804171,-897.894815738951,-916.916903845848,-923.016721746289,6.19137925650249,-951.661409236244,6.81795934733732,1836.83891673718,1871.00024003832,NA,2443.43023604809,0.522622314639456,1.32847347621395
"898",-5.86,0.79,-5.86,0.83,1.359326,9.604077,-1.1484446,0.2002995,35,35,-6.2574990472869,0.818186284003094,-5.61093489256839,0.75235441880026,1.44606627895887,12.011600968499,-1.44278098359991,0.236026875045987,1.44606627895887,9.19095203584214,-5.93421696992765,0.785270351401677,1.44606627895887,12.1161122700407,-1.45342211466951,0.237110333665008,1.44606627895887,9.23675969325699,4.18814448537839,0.115750706767643,-0.680777030161242,-7.34069811929517,-7.0863431821557,2.28530260322728,9.42800294284939,-4.51970001640535,0.592214856434239,-3.92330974039725,0.531148143469075,6.382176,0.1306915,-0.878,0.0256981,84.2513851030524,-118.947527077267,1333.90246083642,0.696868698959807,0.660816741256322,8.33764091012245,0.164386629220982,-1.12403846621767,-931.330548106677,-931.605650714245,-948.152405157819,-948.466345498886,0.305655516114104,-979.829317749251,0.323059447332663,1912.21633934219,1933.47124266227,NA,2548.85739459556,0.639738366628397,1.10292977857
"899",-5.86,0.79,-5.86,0.83,1.359326,9.604077,-1.1484446,0.2002995,35,35,-5.08158752633122,0.7365131473389,-6.03842230574356,0.850283637174195,1.34740228677356,9.66023117235647,-1.08147369365593,0.195302227799608,1.34740228677356,10.9155620650697,-5.56000491603739,0.793398392256548,1.34740228677356,9.88911437112973,-1.10868858404223,0.198538158888949,1.34740228677356,10.9874683134913,2.20796762812872,0.060515297796976,-0.351230510045967,-6.65137401204246,-6.93039365338449,2.06219357887812,12.2336684115623,-3.54849952005897,0.516320712160829,-3.9130436210492,0.550384304594791,4.92411176,0.12051945,-0.8,0.02540645,80.1764237549465,-110.797604381056,1305.74760894484,0.839653314012772,0.858800222986172,8.42619404623779,0.174728855505654,-1.1709740485785,-918.011057404814,-918.645026202734,-941.782785179657,-942.203941199905,0.410356210304139,-963.000342743321,0.339474247904833,1885.57735793846,1920.73200270594,NA,2500.69761350862,0.358337823118541,1.11823957058043
"900",-5.86,0.79,-5.86,0.83,1.359326,9.604077,-1.1484446,0.2002995,35,35,-5.38498788662036,0.694594776339618,-5.4040113109832,0.77717587907206,1.27215394487835,13.8990094753406,-1.55178113869951,0.224626461430186,1.27215394487835,10.8738869207378,-5.39449959880178,0.735885327705839,1.27215394487835,13.8990999480092,-1.55217388253992,0.226331371062313,1.27215394487835,11.0396662749492,3.6384463085575,0.08872084635829,-0.552244003101084,-7.2045131795363,-6.73153976331576,2.14952308488011,10.6048928852536,-3.49385932748018,0.450688085811649,-3.70272398819654,0.526919417902682,6.18829735,0.12120645,-0.867,0.02591798,77.2798506236064,-105.004458118375,1278.65324419378,0.537322049947116,0.477165859989256,9.734153321414,0.18854536350254,-1.31316116563094,-906.585971001334,-907.503015320251,-927.458107591329,-928.428665216572,0.949393923120721,-968.565088761601,1.06717876466636,1862.72718513151,1892.08264752929,NA,2452.30203026919,0.516591715295401,1.23082898441877
"901",-5.86,0.79,-5.86,0.83,1.359326,9.604077,-1.1484446,0.2002995,35,35,-5.25155050502878,0.689239737843615,-5.1951939249534,0.676006997832458,1.24792572787069,13.9746194260878,-1.73482938770992,0.279434359861457,1.24792572787069,11.0263743971866,-5.22337221499109,0.682623367838036,1.24792572787069,13.9754134421172,-1.73501582570293,0.279478136213508,1.24792572787069,11.0270405926542,2.37822310622883,0.0695124965050461,-0.384982359198699,-7.10297973158159,-7.12546039225903,2.37455410835953,9.02293063635893,-3.40223845946947,0.450505778661564,-3.49565205809864,0.4523386781072,6.01036413,0.13468453,-0.884,0.02815611,60.9793227411328,-72.4034023534283,1282.29392182011,0.961981999808747,0.938423236763345,9.36893975639489,0.182819204368655,-1.25873400222284,-908.783372920095,-908.789386864766,-923.640303618214,-923.64418112856,0.00376682866316763,-987.828895498215,0.00252690146524558,1867.12198896903,1884.44703958306,NA,2492.18444128679,0.429419134070712,1.22564780752378
"902",-5.86,0.79,-5.86,0.83,1.359326,9.604077,-1.1484446,0.2002995,35,35,-6.22278828630474,0.814942737408829,-5.85965891560539,0.817199176476003,1.25448535989218,12.0019041787271,-1.37963915251997,0.237285065624896,1.25448535989218,12.8001154699525,-6.04122360095506,0.816070956942416,1.25448535989218,12.0348699136932,-1.37943430769534,0.237286338504212,1.25448535989218,12.899034445425,2.85255087190128,0.0758683457009996,-0.449789444935511,-7.3253115695897,-6.94873891882644,2.05785824246618,13.1656283201603,-4.37872157409733,0.570735863775784,-4.15590419284558,0.580614078287628,7.08278592,0.14847207,-0.845,0.02136391,113.394254213062,-177.233265297286,1369.03505261249,0.734042912842689,0.722309870570396,8.36122371064898,0.165630749661667,-1.13135812737464,-912.457538437498,-912.754252541142,-934.554995523562,-935.054964493059,0.487422757206423,-964.866638091567,0.578886224640551,1874.47032000383,1906.27642339375,NA,2560.8368399277,0.441316255088286,1.10269795534428
"903",-5.86,0.79,-5.86,0.83,1.359326,9.604077,-1.1484446,0.2002995,35,35,-6.13028009086117,0.807067213101301,-6.51342417488538,0.824147472091713,1.50128273018757,5.2747691864094,-0.690222688795264,0.1451197916337,1.50128273018757,5.99154707761152,-6.32185213287328,0.815607342596507,1.50128273018757,5.31146903369009,-0.691858738841708,0.145192725445495,1.50128273018757,6.03812614365222,2.49098761640106,0.0707503990210566,-0.406578928302018,-7.27972371002243,-7.56110803083719,2.03226938312726,7.32132655029816,-4.81147059198036,0.636525291636943,-5.11140790194418,0.655800166365575,4.81235014,0.11094634,-0.86,0.02640114,90.2037112586348,-130.852179388432,1326.59802116366,0.820737751321329,0.80002970636167,5.56321090599868,0.11968866273247,-0.782175776251957,-912.617091898287,-912.958563910662,-930.957385954214,-931.422193159831,0.453029416180311,-943.181147569294,0.557150994661511,1874.78942692541,1899.08120425506,NA,2522.34386293888,0.404402318171112,0.772589345123584
"904",-5.86,0.79,-5.86,0.83,1.359326,9.604077,-1.1484446,0.2002995,35,35,-6.00250464710458,0.79808891033377,-5.84133305957532,0.813150909883358,1.25392249512759,6.91287387159155,-0.840204969999751,0.169861038756599,1.25392249512759,9.38420254347793,-5.92191885333995,0.805619910108564,1.25392249512759,6.91936794174822,-0.839598078405059,0.169917754714207,1.25392249512759,9.42853483041046,2.88839726104081,0.0768485629260589,-0.454524736894835,-7.20543867084106,-6.95453158758617,1.86938417642021,10.6445030227345,-4.44923284017466,0.596471281889624,-4.47906951916299,0.619280330342431,6.00845657,0.13837551,-0.867,0.02291104,105.787031653065,-162.018820177292,1289.02194211432,0.924144724401095,0.924536922287936,4.88321429934612,0.106355306896754,-0.678540418683992,-892.122765348453,-892.299511325942,-914.537653202944,-914.83586143215,0.29030592371345,-934.473298655142,0.344154367181868,1833.80077382574,1866.24173875252,NA,2416.02506405136,0.450770567661992,0.72923606920293
"905",-5.86,0.79,-5.86,0.83,1.359326,9.604077,-1.1484446,0.2002995,35,35,-4.5900052803881,0.606974987911779,-5.82224407250803,0.812571685874958,1.36156209565996,9.68049279986202,-0.94922487835951,0.163082428090566,1.36156209565996,11.754709347575,-5.20612467644807,0.709773336893368,1.36156209565996,10.0600959100633,-1.01256093505001,0.173649928643906,1.36156209565996,11.8237390529658,2.60857979011497,0.0650508982784001,-0.395352333387647,-6.93154659940084,-6.93889346727523,2.12571759631164,13.3347431762007,-3.39049405980184,0.458169287559733,-4.63888710656328,0.643658967703737,7.14849948,0.11595381,-0.84,0.02139712,113.920387960849,-178.285532792861,1320.17756927754,0.238411520296348,0.200286530522569,5.85681043513677,0.134125891533721,-0.835862891507872,-919.594614660852,-921.1061706515,-949.107917639079,-949.4857428326,0.368022495743412,-973.230709935947,0.000210792879533683,1888.74447245054,1935.38226762479,NA,2462.06960576222,0.395475661500978,0.895199809319038
"906",-5.86,0.79,-5.86,0.83,1.359326,9.604077,-1.1484446,0.2002995,35,35,-5.67645796514324,0.740099993580911,-5.88521916616752,0.768635168585629,1.46304599923314,8.00612954241844,-1.01978426434108,0.188674026065266,1.46304599923314,7.25107232969266,-5.78083856565538,0.75436758108327,1.46304599923314,8.01702485218172,-1.02127352369243,0.188877590118403,1.46304599923314,7.25320751942264,2.43165587321844,0.0623707526493744,-0.373379616257586,-7.22487494911211,-7.26363096150018,2.20151475492228,7.77844318369632,-3.66702147307425,0.480849813437121,-4.03717811865646,0.524649502939506,4.30257068,0.1069446,-0.889,0.03324221,42.4534720209798,-35.3517009131222,1284.43460749315,0.847610191293768,0.816473339500231,8.45210973799773,0.165813722091254,-1.12459220208155,-920.038085900752,-920.072319548634,-936.231441257327,-936.249553320779,0.0175968523650284,-964.651032859195,0.00924881367603677,1889.63141493034,1909.62931486128,NA,2533.51751407318,0.377767678807149,1.16140204854515
"907",-5.86,0.79,-5.86,0.83,1.359326,9.604077,-1.1484446,0.2002995,35,35,-6.13812487194907,0.866600557720519,-5.50290683779604,0.779141244358306,1.37856565083809,8.32782480490754,-0.855606414159365,0.140426076639053,1.37856565083809,8.81980101657583,-5.82051585487256,0.822870901039413,1.37856565083809,8.42870029263587,-0.869495347434949,0.1423383595125,1.37856565083809,8.84040396342727,2.268794027676,0.060971574284673,-0.357786197963397,-6.93288422930149,-6.81872615233035,1.89331305222868,11.2532551315469,-4.30467921234086,0.609932423291405,-4.19766945635361,0.603379005818808,4.40411654,0.09168885,-0.815,0.02704014,75.1101188072176,-100.664994485598,1267.13768749818,0.975008851928613,1,7.50865633875963,0.148146182814092,-1.01829709377456,-908.900437361636,-909.235876560489,-933.843617326417,-933.990330629662,0.14267095468973,-939.373005083711,0.066847680859825,1867.35611785211,1904.85366699946,NA,2433.61038051076,0.360831219096623,0.972063676548196
"908",-5.86,0.79,-5.86,0.83,1.359326,9.604077,-1.1484446,0.2002995,35,35,-5.99953198929399,0.746374809205631,-6.22106171422066,0.88106500304674,1.44270734028507,9.78453746994123,-1.19061083178886,0.215469312707504,1.44270734028507,9.20208249769067,-6.11029685175733,0.813719906126186,1.44270734028507,9.79680632469776,-1.19807030218685,0.220004674786743,1.44270734028507,9.43470192022067,3.126153428605,0.081513343799384,-0.481959275203953,-7.51056524550365,-6.92964564928126,2.19745023179209,9.99622320505983,-4.8885337333601,0.629578388554695,-4.23065637367395,0.592303706647112,4.36536435,0.11552386,-0.831,0.02391562,104.985991758841,-160.416740388844,1346.22774369593,0.342582792580711,0.287585077383851,8.70023009375326,0.172691223444734,-1.16907815021676,-928.788192168642,-930.042334217807,-947.659066112764,-949.237223731989,1.55047959430051,-972.08213383461,1.66194413204725,1907.13162746612,1932.48456457216,NA,2532.03874700302,0.499399659688246,1.18384233701916
"909",-5.86,0.79,-5.86,0.83,1.359326,9.604077,-1.1484446,0.2002995,35,35,-4.93463315760372,0.663350473613414,-5.4866023557184,0.825476167907113,1.37469320724018,6.22037827932697,-0.708987642018199,0.125689791967405,1.37469320724018,6.5000102399505,-5.21061775666106,0.744413320760264,1.37469320724018,6.29654577824381,-0.731359739386468,0.132260977154958,1.37469320724018,6.65156317831727,3.14430492678212,0.084061086897928,-0.495157470094916,-6.94030392108001,-6.52637018582842,1.96017956554775,7.67832002935041,-3.63350137952441,0.499193018391184,-4.03550565375582,0.604842227476726,3.86749797,0.08286833,-0.853,0.02909995,67.1290966525268,-84.7029501762161,1180.00378025137,0.362392188171294,0.340078347649943,5.51052194045721,0.125383778106555,-0.786917504794015,-894.966264425553,-896.588426170392,-914.289681413969,-915.690071883163,1.37407809845987,-935.802700652734,1.19860776637879,1839.48777197994,1865.74579517457,NA,2275.30461032652,0.495744805749275,0.827571739738075
"910",-5.86,0.79,-5.86,0.83,1.359326,9.604077,-1.1484446,0.2002995,35,35,-6.15397504798388,0.915372664832293,-5.38978116519798,0.712370608303262,1.30145634081306,9.76847518645445,-1.17415668773473,0.204953051022165,1.30145634081306,9.60920860608812,-5.77187810659093,0.813871636567778,1.30145634081306,9.91447325907631,-1.21293992018284,0.215255509760919,1.30145634081306,9.8128601411447,2.87966091114096,0.0797702413675414,-0.465865416896965,-6.65816281191338,-7.10340265112323,2.04195904639047,10.1018290480674,-4.16471063751935,0.620667457886353,-4.32309766031967,0.590182609875503,6.63775955,0.1465288,-0.878,0.02462385,87.2077192627794,-124.860195396721,1278.14939488496,0.53240297346882,0.4859732420065,6.25910209485214,0.139540258281466,-0.883396694848619,-906.485442189946,-908.196810342713,-925.154001902337,-926.484969242591,1.30530983959542,-954.436594511714,1.04062302925987,1862.52612750873,1887.4744361513,NA,2431.43859437319,0.451203549064884,0.93389064531613
"911",-5.86,0.79,-5.86,0.83,1.359326,9.604077,-1.1484446,0.2002995,35,35,-5.95469205766771,0.829301393539871,-5.81251551987402,0.799485596141417,1.3684415282857,7.1059618277386,-0.915915159306007,0.195217552777927,1.3684415282857,9.25207445078902,-5.88360378877087,0.814393494840644,1.3684415282857,7.11101536971336,-0.916974936017426,0.195439798221553,1.3684415282857,9.25432211997926,3.20143142985162,0.0845222153745965,-0.50294060135821,-6.97167018331069,-7.00712845098867,2.049651384202,10.3284971908088,-4.56512980773111,0.646521706274994,-4.06188067258795,0.548963875827465,4.52586598,0.11264138,-0.811,0.02437689,95.9906613862968,-142.426079643756,1300.55637443006,0.661469674243753,0.612523092957679,7.07590804791278,0.167916741649612,-1.04624870772919,-912.982274504279,-913.01103985497,-935.053254030466,-935.068599178348,0.0149083491024378,-956.065213134532,0.00644361655087986,1875.5197921374,1907.27294040756,NA,2458.68666921637,0.492428045189379,1.03654628618664
"912",-5.86,0.79,-5.86,0.83,1.359326,9.604077,-1.1484446,0.2002995,35,35,-5.69893353132694,0.766748150559284,-5.940673222561,0.924319306086107,1.31927043481614,8.27778194131127,-1.07105660286722,0.195850835424364,1.31927043481614,7.86536878098724,-5.81980337694397,0.845533728322695,1.31927043481614,8.29239146089077,-1.08057940348833,0.202058002687879,1.31927043481614,8.2294313120766,4.39289150472373,0.115964704747253,-0.696839982835569,-7.08858769175726,-6.39155921302096,1.98871120865051,8.34790867473979,-3.98476814936666,0.527193906118632,-4.32916456668864,0.679393436242623,4.775908,0.116038,-0.871,0.027255,76.0480844165091,-102.540925704181,1238.06723452499,0.0516726181743415,0.0458162435184436,7.64544115880623,0.183108506241846,-1.12936185478406,-900.521940429118,-902.633337414303,-915.914885264728,-918.73202793592,2.79246726511474,-941.944488716224,3.11001027740761,1850.59912398707,1868.99620287608,NA,2373.5935433458,0.649942557624395,1.15076945769267
"913",-5.86,0.79,-5.86,0.83,1.359326,9.604077,-1.1484446,0.2002995,35,35,-5.41297377065485,0.711390370291223,-6.60842440047081,0.86398089662611,1.24383012314485,8.71857513175742,-1.2479316016998,0.265177287801806,1.24383012314485,11.0720125511771,-6.01069908556283,0.787685633458666,1.24383012314485,9.07585068383926,-1.29353521190255,0.270998254983595,1.24383012314485,11.171299276575,2.85480627596985,0.0749010486328596,-0.439239873788579,-7.13243526099983,-7.4187910207345,2.18042695070501,10.0403093861973,-3.66602503618257,0.473143324022589,-5.30437923388667,0.6963905139082,5.98120702,0.1528012,-0.856,0.02115239,123.418289218848,-197.281335308859,1355.17163434072,0.113863207178417,0.0787487955132983,7.17962094928522,0.164494785693755,-1.03701866832765,-903.753455042485,-904.881443703143,-923.100044419875,-923.67340747228,0.559268580813178,-970.316811640408,0.405355455019789,1857.06215321381,1883.36652118638,NA,2513.06193337258,0.466768968862069,1.05160877190265
"914",-5.86,0.79,-5.86,0.83,1.359326,9.604077,-1.1484446,0.2002995,35,35,-5.79597383779013,0.762719545328129,-5.59376605523853,0.849873020474275,1.53340226484409,7.19919204219496,-0.936665989000568,0.172003932442777,1.53340226484409,5.88991687571206,-5.69486994651433,0.806296282901202,1.53340226484409,7.20941403902606,-0.932260211262825,0.17390286450029,1.53340226484409,6.19792744299638,3.06169589092009,0.081420737559885,-0.481975472646281,-7.20962938570625,-6.48818375092237,2.15989483245664,6.65709914966148,-4.02938709267031,0.532622377234543,-4.07860516876755,0.618484626110717,4.95747665,0.12253014,-0.888,0.02982074,57.830099323142,-66.1049555174466,1231.82095456414,0.169008317216969,0.155449148032944,6.61231173079356,0.152099234229562,-0.954245289985845,-921.18896159674,-923.183246462739,-935.118810144822,-938.180197773044,3.0399087468192,-955.191628952287,3.7450472832692,1891.93316632232,1907.40405263627,NA,2397.53695361083,0.476519082817826,0.981237344049009
"915",-5.86,0.79,-5.86,0.83,1.359326,9.604077,-1.1484446,0.2002995,35,35,-5.56979838084998,0.75661347203835,-6.35182690400031,0.965680848913118,1.33002214714653,7.03342815324952,-0.845236211207749,0.181332019558967,1.33002214714653,10.1548739169077,-5.96081264242514,0.861147160475734,1.33002214714653,7.18632030600469,-0.886110374201822,0.192259311577291,1.33002214714653,10.3692693909485,2.88488474107795,0.0701251214680059,-0.431946277542417,-7.01983233335916,-6.55629152541565,1.95685675185295,11.8361430767701,-3.93428044563917,0.526886146247595,-4.16024005793009,0.632702481047767,3.21925828,0.10870604,-0.793,0.02569423,88.0417547982207,-126.528266467604,1298.32129761287,0.343931635593146,0.316340325491654,8.813742322692,0.194085238595452,-1.24978181971875,-908.904644071498,-910.549966738721,-933.984158570282,-935.316785187077,1.30695266870521,-949.087326247561,1.01795674377715,1867.36453127183,1905.13474948719,NA,2470.11432875813,0.428587164839949,1.25467761290374
"916",-5.86,0.79,-5.86,0.83,1.359326,9.604077,-1.1484446,0.2002995,35,35,-5.89207154778064,0.779024858142986,-6.82542052531173,0.973191459031139,1.27107591678311,12.3077320240904,-1.36463572850695,0.193312674175438,1.27107591678311,9.36215677036258,-6.35874603654619,0.876108158587063,1.27107591678311,12.525517102555,-1.40994202810936,0.202737841400553,1.27107591678311,9.46244421770456,3.40330127162004,0.0878870742074679,-0.535570343815062,-7.20858426126859,-6.98513887516308,1.91731242155872,10.2835808925692,-4.20705327710372,0.557405231685562,-5.36690844148814,0.762597147782867,8.18016897,0.13442014,-0.918,0.02476381,93.6365299179928,-137.717816707148,1295.69287705208,0.137908545629844,0.12842732014596,7.3663796807366,0.153793168004101,-1.02268133445947,-897.085255225428,-898.723870660318,-917.717720599249,-918.391940056239,0.658120367253998,-939.573568168478,0.27463122339476,1843.72575357969,1872.60187354513,NA,2453.66793739701,0.488796709486973,0.997967911825561
"917",-5.86,0.79,-5.86,0.83,1.359326,9.604077,-1.1484446,0.2002995,35,35,-4.93556639417917,0.68740449032667,-6.34194003580704,0.905241554931351,1.47390617218913,8.32645631683564,-0.956016591469531,0.16528891942776,1.47390617218913,7.65050493392401,-5.63875321499311,0.79632302262901,1.47390617218913,8.82092802180206,-1.03260666792694,0.177152166106656,1.47390617218913,7.72905212285606,2.034908706613,0.0557378986941518,-0.319740679893134,-6.79792955053128,-6.90648633090094,2.12177080220898,8.93860866068825,-3.27898846351358,0.461730978244055,-4.62662369889247,0.666178264586223,4.46543237,0.09045518,-0.849,0.03304404,36.6424489734014,-23.7296548179655,1260.20861522282,0.1378941785503,0.0998749627273999,8.06293524828868,0.177852016350337,-1.15200305123601,-921.78663752469,-923.470483224408,-941.352573232483,-941.985309802684,0.617444748968686,-959.956328470545,0.0665023222359209,1893.12851817822,1919.87157881159,NA,2496.68757562767,0.344749985278552,1.11957694643497
"918",-5.86,0.79,-5.86,0.83,1.359326,9.604077,-1.1484446,0.2002995,35,35,-5.94700754154966,0.836496800067129,-5.2060021027922,0.76194165846452,1.2912332181965,9.26673473694544,-1.23266712221365,0.216453680046471,1.2912332181965,7.62117853969001,-5.57650482217093,0.799219229265824,1.2912332181965,9.40400700201248,-1.24647856356737,0.217843297331317,1.2912332181965,7.69044968936562,3.54108122469784,0.0928244147339835,-0.55987060826252,-6.92111729705724,-6.62429209934806,2.05620292039069,7.32811368050245,-4.15759094037676,0.584627422765054,-3.92438272457728,0.577533198000359,4.6672866,0.1113213,-0.867,0.0290974,60.9805254289852,-72.405807729133,1214.37823405849,0.791605758140585,0.80744726767166,7.06379474251383,0.158065522864069,-1.02530210549437,-896.56048801929,-897.073619725052,-908.696854529967,-909.257056758552,0.54637984311031,-946.078130282498,0.612259984980969,1842.67621916742,1854.56014140656,NA,2356.35066038785,0.520545870725629,0.955645471918947
"919",-5.86,0.79,-5.86,0.83,1.359326,9.604077,-1.1484446,0.2002995,35,35,-5.39382711107607,0.750865141334043,-6.13221599272954,0.868428050868985,1.31068960481505,5.81673485489065,-0.680665979413731,0.132446684360203,1.31068960481505,7.32697055594954,-5.76302155190281,0.809646596101514,1.31068960481505,5.95303939002802,-0.70236776573759,0.135901943784783,1.31068960481505,7.3513684445131,2.29693625202915,0.0602258338079668,-0.355526902106146,-6.87810813042704,-6.91608761880346,1.82076487680674,8.97529023131098,-4.04005302408418,0.557618238257746,-3.95192757233335,0.567549387364233,3.11488586,0.07119943,-0.81,0.03031077,62.0064051564472,-74.4575671840569,1225.92710820527,0.858907799206829,0.847467280643485,7.20248396732508,0.156176158015627,-1.01912677588062,-888.790624195419,-889.406108344476,-909.930447635045,-910.135246616242,0.199238896207803,-922.601653630458,0.00945073909889419,1827.13649151968,1857.02732761672,NA,2377.39664922648,0.366889879440764,0.995028956491099
"920",-5.86,0.79,-5.86,0.83,1.359326,9.604077,-1.1484446,0.2002995,35,35,-5.46752120764196,0.608818749796336,-5.72965097219286,0.845671079349789,1.3354604998493,11.1538002012114,-1.4763003662393,0.266479600277809,1.3354604998493,9.69285245362619,-5.59858608991741,0.727244914573062,1.3354604998493,11.1709782045773,-1.49182187758409,0.280504356781534,1.3354604998493,10.6511739685728,3.02023668841638,0.0856339310219779,-0.491923851742302,-7.79807787045642,-6.64910274576087,2.38710092824369,8.42000475361895,-3.41014821316691,0.36889030057258,-3.97429170791536,0.581601169542505,5.68949659,0.14052994,-0.866,0.02470419,90.9573891524569,-132.359535176076,1332.910359687,0.0165550658561639,0.014826039903801,8.86486724975233,0.201222337337774,-1.24906714915956,-917.594120552472,-921.917479324791,-932.022831038938,-938.031030543781,6.09433855923705,-986.948636120228,6.98628519386498,1884.74348423378,1901.2120944245,NA,2533.46118419792,0.491912209648427,1.3876661622031
"921",-5.86,0.79,-5.86,0.83,1.359326,9.604077,-1.1484446,0.2002995,35,35,-5.8849635447104,0.760671512170188,-5.00668848990597,0.718461766989502,1.33947267035591,8.28713945813731,-0.939428171188347,0.162119589887711,1.33947267035591,8.51709780475647,-5.44582601730818,0.739566639579845,1.33947267035591,8.47998122611025,-0.94869611275381,0.162565005534765,1.33947267035591,8.77669875599654,3.579818272533,0.089284416377086,-0.546941053097267,-7.31082074421237,-6.6840204285866,2.02216699632333,9.52037296410446,-4.08320405912376,0.532976446010236,-3.71741620459842,0.533008029062645,3.58240776,0.06659877,-0.784,0.02638457,86.3377907293881,-123.120338329939,1254.3058142828,0.477573792966764,0.498709839160125,7.6300782448316,0.161240947372972,-1.05991609522048,-903.815619488224,-905.009938896273,-924.603799458749,-926.487634325463,1.85485796683753,-950.167437535765,2.19764338326712,1857.18648210528,1886.37403126413,NA,2385.49129023565,0.526264355947695,1.06216392228954
"922",-5.86,0.79,-5.86,0.83,1.359326,9.604077,-1.1484446,0.2002995,35,35,-6.30825485711045,0.873625106094273,-5.96763607456589,0.793038217191985,1.257568430138,8.81399761479061,-1.23425524565036,0.229440630396268,1.257568430138,7.88723944801296,-6.13794546583817,0.833331661643129,1.257568430138,8.84300290354615,-1.2411175976471,0.231064192062006,1.257568430138,7.91225584782831,2.40616776539848,0.070035446509538,-0.394140482321144,-7.0611637729931,-7.20066082107421,2.0245718147946,7.40463039362714,-4.48934289217718,0.629370826005471,-4.08961195516887,0.531323993876781,5.46385224,0.14764767,-0.899,0.02435556,97.6305788768955,-145.705914624954,1265.06479978201,0.568554720841069,0.525956568096364,7.7880852378786,0.166858842122092,-1.10336144400914,-892.338613138495,-892.566971705083,-904.352144315121,-904.548908224545,0.19141097721004,-942.600045001513,0.136089679261871,1834.23246940583,1845.87072097687,NA,2384.42368493906,0.41219689179938,1.03870738257957
"923",-5.86,0.79,-5.86,0.83,1.359326,9.604077,-1.1484446,0.2002995,35,35,-6.31952545583008,0.796386643929516,-5.88246995737935,0.784781781917491,1.49416664535766,9.21572554209655,-1.08476233226201,0.203946026300288,1.49416664535766,9.48047173105443,-6.10099770660471,0.790584212923503,1.49416664535766,9.26347991927805,-1.08603032444979,0.203979694505868,1.49416664535766,9.55994190274324,3.3956142636189,0.0891367375862781,-0.534640111400819,-7.53260114230794,-7.16468440873688,2.2285514858265,10.7560546363466,-4.26868279732733,0.537492140843109,-3.87029832731841,0.518658806115026,4.82489409,0.12420292,-0.833,0.02798405,68.7748742800156,-87.9945054311939,1376.67124054224,0.662259043789348,0.61771459213967,10.1438119100641,0.192535693657188,-1.34060924232582,-936.460499985279,-936.79376818098,-958.130152371299,-958.658938408363,0.515622942698924,-977.86397017357,0.614839520670234,1922.4762430994,1953.42673708923,NA,2665.34797565329,0.509629201923442,1.3256302459146
"924",-5.86,0.79,-5.86,0.83,1.359326,9.604077,-1.1484446,0.2002995,35,35,-5.78997302920539,0.853526933473376,-7.26462315534904,1.00314265802366,1.23506439664608,7.3708989031019,-0.819423195162978,0.137894040188651,1.23506439664608,8.08165037782827,-6.52729809227722,0.928334795748517,1.23506439664608,7.91454715173579,-0.874580906933266,0.143490256446828,1.23506439664608,8.36295970726031,2.93667445927746,0.070827379244489,-0.443587061919332,-6.66262165676298,-7.24590001206912,1.67547412175296,10.1885536558832,-4.04281177210691,0.587416267820029,-5.31132232630998,0.728852599376816,4.68847593,0.08846521,-0.836,0.02534797,93.0628674245143,-136.570491720191,1275.03409068039,0.193152049618841,0.139002843901977,8.07837924846624,0.167345781505556,-1.13312305429974,-880.476448657566,-882.479990829594,-901.442959153846,-903.578345048256,2.10633900288432,-906.244640226449,2.15966807948997,1810.50814044397,1840.05235065432,NA,2413.49768964059,0.41268086980435,1.02955216350212
"925",-5.86,0.79,-5.86,0.83,1.359326,9.604077,-1.1484446,0.2002995,35,35,-5.25516697324512,0.670517330989049,-5.60704477887134,0.788215367633802,1.36982525223132,7.85127658291296,-1.05190829203882,0.207983467491782,1.36982525223132,8.24736772081853,-5.43110587605823,0.729366349311425,1.36982525223132,7.88223108043604,-1.06226212375409,0.211446674449289,1.36982525223132,8.34779523877658,3.28924537334265,0.095353042002143,-0.544153160352437,-7.21813945504372,-6.86880281503943,2.21341775903556,8.15640294975265,-3.70439674264062,0.465613419228958,-3.90153585359471,0.556717345721669,4.61581498,0.12321533,-0.853,0.02704743,73.7997080082712,-98.044172887705,1260.6223105374,0.391731585513315,0.37967205519351,6.96320283891579,0.155745499071717,-0.994450382286067,-910.945750147532,-911.598454524663,-928.080985845787,-928.837095875366,0.73848812195206,-967.447516105015,0.716550745614158,1871.4467434239,1893.3284040382,NA,2423.20044818709,0.536988195068002,1.00265994704499
"926",-5.86,0.79,-5.86,0.83,1.359326,9.604077,-1.1484446,0.2002995,35,35,-5.91394616795672,0.813736216209151,-6.13344583144125,0.935321322545536,1.25827828807358,11.6332193973665,-1.53872630043443,0.270307686976476,1.25827828807358,9.95691069941848,-6.02369599969899,0.874528769377344,1.25827828807358,11.645264422934,-1.54539827291582,0.274003421497184,1.25827828807358,10.1602744969471,4.26506139005641,0.111969460059364,-0.677761009559603,-7.02365759233809,-6.51878465482567,2.11685632501577,9.16107948969335,-4.59171478122838,0.633072344525313,-4.20894531121323,0.633706692368772,7.24687361,0.15368182,-0.879,0.02272538,101.795692865373,-154.036142601909,1284.46636091924,0.493885433305816,0.467831392922959,7.18538518887453,0.178297762351395,-1.09334905484673,-905.794191310687,-906.815807982034,-919.145172643202,-920.432485373081,1.26210193833937,-960.163015297568,1.41019741400715,1861.14362575021,1875.45677763303,NA,2414.89657923657,0.616619535794679,1.05877644111513
"927",-5.86,0.79,-5.86,0.83,1.359326,9.604077,-1.1484446,0.2002995,35,35,-6.13709237622497,0.858639150113963,-5.56563131450681,0.842612139990374,1.33476454331598,8.55579324030156,-1.05391833839968,0.195695075326408,1.33476454331598,9.02300752062098,-5.85136184536589,0.850625645052168,1.33476454331598,8.63743517656657,-1.05620804145502,0.195759291589783,1.33476454331598,9.17195146940805,2.66161499100876,0.0739158652808266,-0.429620622743163,-6.97928373992529,-6.50330745721706,1.98095648071293,10.0767896302437,-4.50329452694846,0.634600252222281,-4.10918645743974,0.620661845236212,5.20104559,0.14543908,-0.865,0.02492745,88.0818482508821,-126.608453372927,1266.98072590059,0.570241490091262,0.575191695366766,6.75035031370388,0.132180082879619,-0.902986160552072,-908.390153554854,-909.052035368911,-927.36665697778,-928.399218169798,1.01049395569977,-946.926748374734,1.22865158383996,1866.33555023855,1891.89974630219,NA,2407.35299842826,0.423672125952339,0.905308140016405
"928",-5.86,0.79,-5.86,0.83,1.359326,9.604077,-1.1484446,0.2002995,35,35,-5.047325602081,0.599335571003641,-5.55608100441231,0.804435025283747,1.24646340744154,10.5174038121857,-1.27459917419384,0.206179665588834,1.24646340744154,8.90650407167734,-5.30170330324665,0.701885298143694,1.24646340744154,10.582111827036,-1.30068553803889,0.216696112125333,1.24646340744154,9.3385482439812,3.1070586743614,0.0805957997728342,-0.482761315008071,-7.43438059018193,-6.7212065174598,2.15192537644316,8.19363243971753,-3.64291985994455,0.435096923008637,-4.06807969800165,0.593120135707577,6.53331655,0.13883133,-0.896,0.02587061,82.0528537254617,-114.550464322086,1257.51784626033,0.0573178288226557,0.0568329792765392,6.14112347290016,0.137637224388618,-0.86334779368365,-893.918943616687,-896.858767614656,-909.779303045733,-912.767458770426,2.96562778393808,-960.686696915505,3.05931157535492,1837.39313036221,1856.72503843809,NA,2400.48522819857,0.475458151570078,0.940739833102623
"929",-5.86,0.79,-5.86,0.83,1.359326,9.604077,-1.1484446,0.2002995,35,35,-6.41860446846959,0.830125042588797,-6.07020908370756,0.832823488085883,1.39823075215249,7.60873758367853,-1.01523005367962,0.191198873055953,1.39823075215249,6.968678308664,-6.24440677608857,0.83147426533734,1.39823075215249,7.6390824197094,-1.01499502219031,0.191200693457978,1.39823075215249,7.05181984822698,3.77369147149623,0.102209799281005,-0.610279990209213,-7.43067550621456,-7.06620348145714,2.04895528799697,7.53435071083284,-4.22840555909628,0.537417537807521,-4.30141403292383,0.587444918463454,3.46899222,0.09193166,-0.85,0.02822229,79.5897268915335,-109.62421065423,1288.19262165874,0.625790262518075,0.595812673540536,9.67133721422281,0.202079644161627,-1.35378851865865,-908.169235851711,-908.639209855968,-922.692070267407,-923.418634443173,0.709480853824408,-946.069217729592,0.904008248308109,1865.89371483226,1882.55057288144,NA,2466.76103266325,0.555178899962728,1.27065542572689
"930",-5.86,0.79,-5.86,0.83,1.359326,9.604077,-1.1484446,0.2002995,35,35,-6.6723664867329,0.90613683517569,-5.69959821839613,0.776859318077071,1.48189466179847,7.25406360796115,-0.867929524086209,0.155301174280821,1.48189466179847,6.65821485596773,-6.18598235256451,0.84149807662638,1.48189466179847,7.49063313393189,-0.899368790696934,0.159479343387617,1.48189466179847,6.70750734020556,2.89890591436367,0.0814552570883419,-0.474921980119544,-7.23157893380253,-7.0290126592204,2.0289087718624,8.09568041404478,-4.81192339222632,0.659240606712038,-3.58441721671834,0.485656447253198,3.59924063,0.08561914,-0.823,0.0291121,68.5973591796748,-87.6394752305121,1282.73194125023,0.187122643325043,0.134519638431155,9.0983018522838,0.185296203087077,-1.26458864124463,-916.548048698136,-917.334005093407,-934.148159160196,-934.597273844021,0.437685412490149,-945.889901947205,0.264596156305324,1882.65134052511,1905.46275066702,NA,2477.82440726996,0.449940025710532,1.15311273117331
"931",-5.86,0.79,-5.86,0.83,1.359326,9.604077,-1.1484446,0.2002995,35,35,-5.74099947172294,0.751097650373344,-5.00824982343246,0.698156733050033,1.29594360525997,9.28278915440073,-1.04236495580437,0.159223853562291,1.29594360525997,7.88214491067327,-5.3746246475777,0.724627191711688,1.29594360525997,9.41701966616817,-1.05206306544158,0.15992453874405,1.29594360525997,8.00455062827359,2.23769355912865,0.0590498720094305,-0.347510635399067,-7.22389526238408,-6.80655389999462,1.99453309899263,8.47324313788641,-3.74019351816115,0.479691685807601,-3.51127691906682,0.4915263703188,5.12830786,0.08951795,-0.861,0.02504332,92.3033570640015,-135.051470999166,1226.45471859923,0.574310748406427,0.56944163193787,7.26615766064919,0.14837838116014,-1.00786259433047,-892.625859286264,-893.24153452699,-911.676471516746,-912.634561732539,0.937114726288664,-943.12682412717,1.0969577191896,1834.80696170136,1860.51937538012,NA,2317.8579661993,0.359039195782316,0.935065244599482
"932",-5.86,0.79,-5.86,0.83,1.359326,9.604077,-1.1484446,0.2002995,35,35,-5.55455013199937,0.80736267599009,-5.74694487050745,0.77285541008136,1.23213740438508,10.5161304298539,-1.33616640729272,0.215870581319038,1.23213740438508,7.96958796402018,-5.65074750125341,0.790109043035725,1.23213740438508,10.5253843637053,-1.33450665319243,0.216168269169162,1.23213740438508,8.0842147654836,2.64190781233238,0.0760793904680985,-0.433807687633013,-6.7022334597261,-7.10021355907964,2.00322988084227,7.50295821613578,-4.02120982689247,0.583794676974625,-4.19389750243216,0.570678656724055,5.9037619,0.1082276,-0.895,0.0257461,87.3155971558253,-125.075951182813,1220.55842786045,0.638936608951878,0.623480038274208,7.06355049519364,0.158822186351134,-1.02480829283758,-887.733630808655,-888.353784527969,-899.992508243257,-900.881405064046,0.869005636689132,-940.410776263417,1.10654438560842,1825.02250474615,1837.15144883314,NA,2316.04090453809,0.435600856282045,0.969456356435054
"933",-5.86,0.79,-5.86,0.83,1.359326,9.604077,-1.1484446,0.2002995,35,35,-5.97578950458867,0.873611046850265,-6.25751448998543,0.900372519588456,1.33732015536483,9.18580769765009,-1.11788009918259,0.205522008249109,1.33732015536483,9.63818486109717,-6.11665199728705,0.886991783219361,1.33732015536483,9.20564993949929,-1.11976494306168,0.205701052354888,1.33732015536483,9.64915941454549,2.95002826581029,0.0777307146690382,-0.455537890652047,-6.72878218180902,-6.85106923769293,1.98469713730309,10.8214385560738,-4.3194702234173,0.650201336234449,-4.45658850090659,0.636264433420185,3.87428705,0.10975939,-0.785,0.02283045,108.44820083134,-167.341158533842,1291.72658621713,0.79693922099221,0.777543978869835,8.42687048987261,0.178282693428969,-1.19021892313846,-912.429757267618,-912.498365723269,-932.004965651965,-932.077141758059,0.0701500908500266,-949.666146188058,0.0758478661994217,1874.41475766407,1901.17636365056,NA,2416.11201390041,0.481344021952032,1.10180923777907
"934",-5.86,0.79,-5.86,0.83,1.359326,9.604077,-1.1484446,0.2002995,35,35,-6.55254705782648,0.853870643435483,-6.53259638118621,0.870868022416563,1.27634365706992,8.81243958391991,-1.02862352581145,0.197584593134714,1.27634365706992,11.1633624408138,-6.54257171950634,0.862369332926023,1.27634365706992,8.81253909129451,-1.02853874850851,0.197656820857771,1.27634365706992,11.1739386448004,2.73005677133766,0.0704014968732271,-0.417106520294478,-7.42314795037159,-7.30193128817063,1.9181708884307,12.6901336415499,-5.40882706853789,0.720945715008995,-5.0286246917786,0.67135471960193,6.0678365,0.1295575,-0.837,0.0212664,126.562390100197,-203.569537071557,1396.34649480518,0.898106787926945,0.874609378988721,6.11285641302344,0.125325141608782,-0.828043560699223,-906.411898020056,-906.451088748292,-929.949736842372,-930.01057631862,0.0591268964146903,-946.449677388307,0.0665850331879669,1862.37903916895,1897.06590603137,NA,2589.1234525388,0.43805799507513,0.869938730911566
"935",-5.86,0.79,-5.86,0.83,1.359326,9.604077,-1.1484446,0.2002995,35,35,-4.88125251042218,0.73562219518172,-4.96282960471751,0.720031335868759,1.40264595286478,11.1433865420416,-1.33461770788684,0.251470617597314,1.40264595286478,11.9907117865009,-4.92204105756984,0.72782676552524,1.40264595286478,11.14505024762,-1.33429974363676,0.251531386320843,1.40264595286478,12.0100844610714,3.11547824195891,0.0835693177258529,-0.492977297308895,-6.45634705853436,-6.63081045817257,2.36749400532873,11.9120239181898,-3.37761887228971,0.515442402154452,-3.3752103497292,0.494677982551062,5.85209555,0.15523815,-0.836,0.02686854,61.1282584430393,-72.7012737572412,1305.21840390604,0.933961147304319,0.939179460998053,7.00733664099337,0.149136694852941,-0.964734571841613,-935.503757000347,-935.566899322443,-957.67460766744,-957.778918893755,0.101406442729473,-995.964288439358,0.118487466505523,1920.56275712953,1952.51564768151,NA,2537.73553405485,0.486668011144428,1.02518505504105
"936",-5.86,0.79,-5.86,0.83,1.359326,9.604077,-1.1484446,0.2002995,35,35,-5.76040627631208,0.782796828930337,-6.3424552246737,0.877328728394176,1.19374063798366,7.97326888399912,-0.920051107052404,0.163064447904719,1.19374063798366,9.41892866064811,-6.05143075049289,0.830062778662256,1.19374063798366,8.05796412857133,-0.93380665521979,0.16529851790878,1.19374063798366,9.43582596997982,2.92629357689974,0.0728450739628184,-0.447784809937644,-7.05444656392116,-7.07329891727918,1.76912735571813,10.7470889746223,-3.96972115529727,0.532910968309516,-4.55530476599256,0.633561131768749,3.95097247,0.08422814,-0.797,0.02328715,109.497526659657,-169.439810190477,1271.89708380645,0.590841006691209,0.511893566013476,7.78142517433686,0.163597220632919,-1.09556128855117,-881.652249406315,-881.994956354927,-902.721060058212,-902.834493367114,0.110281687492147,-921.275241859864,0.00203511402810476,1812.85974194147,1842.60855246305,NA,2374.35435742243,0.425342027004139,1.01432975807491
"937",-5.86,0.79,-5.86,0.83,1.359326,9.604077,-1.1484446,0.2002995,35,35,-6.33605807873755,0.830897498987751,-6.10593242739336,0.855802472355933,1.17358992381167,12.2342903679425,-1.66409282219147,0.277057703164895,1.17358992381167,8.7786820135156,-6.22099525306545,0.843349985671842,1.17358992381167,12.2475298217941,-1.66266000388696,0.277212767589513,1.17358992381167,8.88667113422442,3.47158923960648,0.0905748779666243,-0.540674419667797,-7.34352702114596,-6.96502398312945,2.06774284290927,7.15036715782373,-4.36081079842623,0.572523003553616,-4.31574344108398,0.611602754555622,6.59670133,0.17043473,-0.919,0.02417372,97.4597604904956,-145.364277852154,1268.80444927805,0.546617944829695,0.519084177272488,8.60114869788341,0.165100841591199,-1.15841324417575,-885.429237684159,-885.964430466642,-894.110714791406,-894.879509979233,0.750945802108128,-946.694197021027,1.01160740836235,1820.41371849716,1825.38786192944,NA,2392.24462070395,0.534712626836908,1.07099147306818
"938",-5.86,0.79,-5.86,0.83,1.359326,9.604077,-1.1484446,0.2002995,35,35,-5.20838136552574,0.668676535495359,-5.3307407162032,0.76708828775493,1.31508919373764,10.4655092905775,-1.35376909067956,0.243402058555517,1.31508919373764,9.56084617155921,-5.26956104086447,0.717882411625145,1.31508919373764,10.4692522432521,-1.35677949020594,0.245823276801216,1.31508919373764,9.72043158225591,2.23825392240242,0.0551825909164113,-0.339205247210651,-7.18232083053343,-6.7183684272391,2.27935632351665,8.71077634252133,-3.5469883967358,0.455317375226343,-3.67338680525249,0.538801115681956,6.3631686,0.16414441,-0.896,0.02691899,68.4537734351445,-87.3523037414516,1260.29802969778,0.364750757851507,0.37047245999201,7.20771336621831,0.145776737650182,-0.967668558398154,-911.849376271751,-912.633798651753,-927.387219977204,-928.437080636651,1.02755098891599,-976.696956161014,1.15725121404749,1873.25399567234,1891.94087230104,NA,2433.2437556541,0.32935359161928,1.02704862973944
"939",-5.86,0.79,-5.86,0.83,1.359326,9.604077,-1.1484446,0.2002995,35,35,-5.25665756552993,0.729618620920043,-5.3474643610275,0.805382365519933,1.55363576539624,7.17154056698864,-0.789893486666415,0.162559562132417,1.55363576539624,8.88149987222842,-5.30206096327872,0.767500493219988,1.55363576539624,7.17360203551578,-0.791613452381919,0.163994598381367,1.55363576539624,8.96293390123011,2.90422722687059,0.0741496375714786,-0.449106619249465,-6.86751985554941,-6.50694586609086,2.19976437771212,10.9379530892272,-3.3825197957613,0.472247126176649,-3.92755052191092,0.586656547690516,4.3538056,0.10744419,-0.799,0.02919123,55.5563364187891,-61.5574297087408,1289.67902313621,0.542645531213272,0.507189878288779,6.90726516399756,0.159624511868546,-0.995028503579889,-937.75877048802,-938.183861701243,-963.572853533453,-964.14736365484,0.56039205016614,-975.215986506674,0.589155204539426,1925.07278410488,1964.31213941353,NA,2517.80061656368,0.433730716257116,1.04353879128798
"940",-5.86,0.79,-5.86,0.83,1.359326,9.604077,-1.1484446,0.2002995,35,35,-5.81821399138936,0.745672750103186,-6.30650513234106,0.886381198745782,1.37643876705243,12.544659361624,-1.69546223119321,0.269960954683309,1.37643876705243,6.63734738966323,-6.06235956186521,0.816026974424484,1.37643876705243,12.604266421207,-1.71263890342552,0.274910671563161,1.37643876705243,6.74719373703818,2.79298647701107,0.083026875718563,-0.467864659811685,-7.33342993405968,-6.98341654909774,2.29134819738326,5.48026604228131,-4.25550020127018,0.544644845406695,-3.93788713183495,0.557225057255974,7.74459334,0.19813974,-0.941,0.02788045,67.2290102506531,-84.9027773724689,1256.04883577574,0.285419986524677,0.256116784040996,8.57622097015097,0.16279156500125,-1.15130158806535,-908.980873256864,-910.080847932658,-915.87079747249,-916.870421045725,0.978029574981227,-963.825928379476,0.981821053223063,1867.51698964256,1868.90802729161,NA,2427.19489417901,0.46662119675003,1.05307250813735
"941",-5.86,0.79,-5.86,0.83,1.359326,9.604077,-1.1484446,0.2002995,35,35,-6.60859519793876,0.903228502155968,-6.82270755885521,1.03776917638769,1.28572708896296,13.7049991528705,-1.7994397880467,0.293959755445108,1.28572708896296,9.37643474101609,-6.71565137839699,0.970498839271829,1.28572708896296,13.7164601786448,-1.80664149339647,0.29848505370079,1.28572708896296,9.6425756085841,2.33406061148214,0.071339794135074,-0.393322699049053,-7.1851347405511,-6.59768857946006,2.17277832539546,8.28323963090719,-5.04380774721285,0.710655021649875,-4.78461890312715,0.737315653758302,6.93782288,0.15967993,-0.91,0.02553106,86.5720093403262,-123.588775551815,1309.37182424454,0.315441880124431,0.30745909835194,8.78348561312049,0.185639462237898,-1.22404492170934,-909.910627342701,-911.424193094112,-920.621970056384,-922.394732533819,1.74410377420756,-963.388889023746,2.03595474381092,1869.37649781424,1878.4103724594,NA,2495.15487293726,0.412134695464378,1.20828041290675
"942",-5.86,0.79,-5.86,0.83,1.359326,9.604077,-1.1484446,0.2002995,35,35,-7.00663171412753,0.93987982446471,-6.14945310277548,0.882054689566626,1.25778331123723,10.8116118532815,-1.15701570853959,0.195054055637006,1.25778331123723,12.3662241102431,-6.57804240845151,0.910967257015668,1.25778331123723,10.9953006462214,-1.16940732574789,0.195889992193501,1.25778331123723,12.5549761304811,3.42057415828316,0.0793703190589509,-0.503057725518847,-7.36481216268021,-6.8521407416516,1.8617342682972,14.5220505371396,-5.15554164842705,0.702214944018649,-4.53101826699255,0.652415591511442,6.52602242,0.12179407,-0.849,0.02336808,102.848283590226,-156.141324051615,1382.05013132069,0.615628636927052,0.579964388294942,8.2733719195842,0.163427794530098,-1.10600512474933,-907.502926038058,-908.166167739599,-932.962016031436,-933.943611042604,0.960266509847588,-943.528609886113,1.08232674962248,1864.56109520495,1903.0904644095,NA,2607.95893858977,0.482748196714425,1.13490709228803
"943",-5.86,0.79,-5.86,0.83,1.359326,9.604077,-1.1484446,0.2002995,35,35,-6.70698784810987,0.94733110595924,-5.42713397983302,0.765677285607643,1.33920611850599,11.3266098743106,-1.49701970040246,0.274552812576848,1.33920611850599,10.2746592108604,-6.06706091397145,0.856504195783441,1.33920611850599,11.7361163553464,-1.55514228656853,0.28280234018893,1.33920611850599,10.3549326790224,3.06867489890072,0.0820986183788909,-0.487822097093315,-7.02077548968486,-6.8231680765377,2.23822281637617,9.71280385872251,-4.95470827443826,0.712324267784964,-4.05464574083668,0.576009188618891,8.736927,0.2166341,-0.903,0.0222732,100.304513690936,-151.053784253035,1311.94592857921,0.57959377792608,0.573281900592789,6.3796550150315,0.137330695194311,-0.889127341443189,-921.001284952719,-922.000839263969,-936.417779883747,-936.914400977735,0.484147301743516,-975.672399492979,0.193796957737238,1891.55781303428,1910.00199211412,NA,2472.83807290538,0.46739037906236,0.916963816176138
"944",-5.86,0.79,-5.86,0.83,1.359326,9.604077,-1.1484446,0.2002995,35,35,-5.63266073002582,0.757788222975655,-5.86969530164083,0.875212563017526,1.28971043732399,13.450988324843,-1.58912780797738,0.240215693925824,1.28971043732399,9.91146955364124,-5.75117801583333,0.816500392996591,1.28971043732399,13.4650346718781,-1.59608621501213,0.243662812834391,1.28971043732399,10.0803845219155,2.72054100891763,0.0759699521237196,-0.440688303825965,-7.07569582044062,-6.61314655996067,2.11151056290242,9.69599778705006,-3.86848799407143,0.518150764509457,-4.04171457843141,0.610200383243444,7.81147588,0.16531327,-0.898,0.02568082,75.6435493289157,-101.731855528994,1277.43491734263,0.328496897454233,0.326579825151641,8.07191883551221,0.162114868803067,-1.10484241814209,-908.080399992051,-909.2052207281,-924.899238341254,-925.974571077212,1.05267377470875,-961.339199916738,1.12732303333001,1865.71604311294,1886.96490902914,NA,2453.13797915627,0.433773908589372,1.05175143339656
"945",-5.86,0.79,-5.86,0.83,1.359326,9.604077,-1.1484446,0.2002995,35,35,-5.992208169825,0.798329944242802,-5.39807923750457,0.744564076612153,1.24627094647015,9.34906637209102,-1.04643717753406,0.172890235394329,1.24627094647015,9.70594656549196,-5.69514370366479,0.771447010427478,1.24627094647015,9.43731366914606,-1.05442314191673,0.173612927524848,1.24627094647015,9.76373726601727,3.41954269961163,0.0862045337806993,-0.522390111982438,-7.19370617590376,-6.91990036994323,1.91550893278148,10.6756931136089,-4.45274450396116,0.595237985946992,-4.02143043593911,0.545679944575016,5.11320538,0.09289673,-0.828,0.02346525,104.760421038259,-159.96559894768,1275.30064255278,0.836275562503753,0.792336841005741,7.11381471636309,0.149146417843499,-0.996324587087676,-893.772221371997,-894.074984314488,-915.174018320902,-915.550862138321,0.367064006127943,-940.538622588826,0.398901265717317,1837.09968587283,1867.51446898843,NA,2390.63568615789,0.517514280649495,0.940627044587595
"946",-5.86,0.79,-5.86,0.83,1.359326,9.604077,-1.1484446,0.2002995,35,35,-6.78926920436548,0.804526160965131,-5.19360338798919,0.84138460814741,1.27838769923304,6.87484391860712,-0.808109957211497,0.142444856142329,1.27838769923304,7.29261144275398,-5.99143629617734,0.82295538455627,1.27838769923304,7.51138126799507,-0.793406516158129,0.142784492424502,1.27838769923304,9.55036824350406,2.67393661302766,0.068676791873929,-0.411384169500003,-7.95385175460645,-6.13859284777163,1.79436841921243,8.69221117803051,-4.66834551852644,0.548135012682735,-3.48545742915646,0.569583750512104,4.22838268,0.1033433,-0.841,0.02400851,106.801971653807,-164.048700178776,1297.50409447387,6.10108786351963e-05,0.000111641763047051,8.48524190745005,0.154365521777498,-1.04204008115585,-884.936517308843,-894.960793099175,-903.527346546971,-920.383054869586,18.513765357372,-918.016182562906,22.5470448580033,1819.42827774652,1844.22112544057,NA,2430.95948876897,0.413814876904293,1.3041017330054
"947",-5.86,0.79,-5.86,0.83,1.359326,9.604077,-1.1484446,0.2002995,35,35,-5.12116584269206,0.682495761729203,-6.62609089870726,0.929250424231931,1.34625860794807,7.80072521684198,-0.944668523615228,0.170575065093399,1.34625860794807,7.8833490593468,-5.87362837069966,0.805873092980567,1.34625860794807,8.36692507289758,-1.03750534218746,0.185797030960108,1.34625860794807,7.98465096421564,3.32988879591168,0.0908190140129335,-0.533676040213808,-7.0127739337971,-7.04759856327892,2.00848236410574,8.72854880030681,-3.42250595876797,0.450194994050181,-4.99682214265344,0.695313059061337,4.98677624,0.09090289,-0.837,0.02753264,73.8945441109346,-98.2338450930318,1269.60565034583,0.0643237802294161,0.0483962020477843,8.51642182433794,0.196415750283669,-1.26202313369848,-902.774616779345,-904.907269174399,-921.018074680366,-921.811807533418,0.775442852133918,-945.765098671665,0.00738590786590272,1855.10447668753,1879.20258170736,NA,2440.97745559863,0.518237972325072,1.14672249205668
"948",-5.86,0.79,-5.86,0.83,1.359326,9.604077,-1.1484446,0.2002995,35,35,-5.85514640018352,0.780568835165129,-5.33426627512326,0.775550231287295,1.33831128433944,9.6425426878889,-0.982888514114628,0.144146471494865,1.33831128433944,8.92711092270331,-5.59470633765339,0.778059533226212,1.33831128433944,9.71037171405962,-0.983542036868508,0.144152768091085,1.33831128433944,9.08476121455769,3.00065520061459,0.0749983836895025,-0.460333120875803,-7.16246049810819,-6.67147991628887,1.91142570347464,10.860259505851,-3.90354306701731,0.524079877217944,-3.6229611967726,0.537286059500703,4.30858862,0.08875868,-0.85,0.03047627,54.1149872896135,-58.6747314503896,1249.39717079259,0.43656228248459,0.42495327229533,8.83506483279761,0.154812656746158,-1.12068017840555,-902.390245222321,-903.043177577728,-927.343848656701,-928.446768828486,1.07989322669713,-940.564750142288,1.26538878312638,1854.33573357348,1891.85412966003,NA,2440.11961013479,0.436508427596491,1.12839117725636
"949",-5.86,0.79,-5.86,0.83,1.359326,9.604077,-1.1484446,0.2002995,35,35,-5.16896322162457,0.774939015604361,-7.61185361006479,1.06897484250985,1.62526358740453,9.85495906252646,-1.21935840028296,0.199702965692263,1.62526358740453,6.29107904852125,-6.39040841584468,0.921956929057106,1.62526358740453,11.3468874250099,-1.39893272413409,0.221317232568262,1.62526358740453,6.66644002740034,3.44657399587034,0.0826054365266408,-0.520478205821095,-6.50981832766494,-7.20091934699821,2.29911989686661,7.0570058382308,-3.74224870153123,0.566808946198222,-4.59583455668468,0.637226457511332,3.48072905,0.06923021,-0.832,0.03474935,35.5722404842293,-21.5892378396212,1282.73435470056,0.241997732013704,0.234130439404353,13.8692818261321,0.287177963679081,-1.95105971569715,-939.939730297679,-943.768396732785,-953.334642473019,-956.848699346886,3.50079136351632,-972.2778184509,3.06827817019803,1929.4347037242,1943.83571729267,NA,2543.87947156151,0.476572525037453,1.74401349985554
"950",-5.86,0.79,-5.86,0.83,1.359326,9.604077,-1.1484446,0.2002995,35,35,-5.2480521756915,0.702080278264018,-6.68788494082771,0.963593484257929,1.27981080172933,11.796437413498,-1.55032490210461,0.276265208054556,1.27981080172933,10.4774771829948,-5.9679685582596,0.832836881260974,1.27981080172933,12.314717011388,-1.64445872273108,0.293362497281859,1.27981080172933,10.6057868932188,3.09422970583647,0.0791883883041355,-0.482551681304456,-7.02298078516379,-6.9047855407117,2.23190625742298,9.38861087747845,-3.39773640150242,0.451755737310639,-5.2561540009675,0.759210162620423,8.56384773,0.20633598,-0.91,0.02319573,92.8342890871321,-136.113335045427,1304.48361672849,0.0681762757357826,0.0565437939031082,7.58718942736761,0.169962042499042,-1.08763897329268,-912.012713009978,-913.69565777644,-926.551446596721,-927.329653022973,0.760189731255762,-973.904465552598,0.071699072660209,1873.58066914879,1890.26932554007,NA,2472.85389841155,0.449654787124443,1.08116476818657
"951",-5.86,0.79,-5.86,0.83,1.359326,9.604077,-1.1484446,0.2002995,35,35,-5.86549156483672,0.719145742269525,-6.30919067290311,0.925235196429179,1.30094937565862,13.7915729301846,-1.64419362234064,0.265748268739931,1.30094937565862,11.5895505347565,-6.08734111886991,0.822190469349352,1.30094937565862,13.8407901548093,-1.66705404908877,0.276366484518887,1.30094937565862,12.0756510773853,2.65412973724178,0.0679024188917533,-0.409524781498005,-7.53874855579113,-6.75462002570382,2.21356519077271,11.0759883143114,-4.03293655249894,0.500063167170533,-4.47966539013253,0.663161712522254,6.18121653,0.13018607,-0.833,0.02101258,121.889038360187,-194.222833591537,1365.7500108681,0.108709446827758,0.0964711287442862,10.3669643844791,0.217402689802677,-1.441366456372,-919.086108243274,-921.636974475857,-937.03868186873,-939.690607863207,2.62557720448447,-977.150631745326,2.73719962606406,1887.72745961539,1911.24379608409,NA,2537.27718814466,0.402019195351412,1.41176876434376
"952",-5.86,0.79,-5.86,0.83,1.359326,9.604077,-1.1484446,0.2002995,35,35,-6.06929506641455,0.791452136943456,-6.89158865634195,0.985204865011054,1.23952224544632,8.78848951482174,-0.870354179455358,0.128880743041139,1.23952224544632,9.37379814119091,-6.48044186137825,0.888328500977255,1.23952224544632,8.95753120183066,-0.910184586035589,0.138265772949548,1.23952224544632,9.51893119182741,1.92443371762415,0.050526881328087,-0.301675944907036,-7.3117692686139,-6.97973424207177,1.68618474338949,12.1576239532726,-4.40992392648721,0.583903779319565,-4.672930038752,0.670161512619494,5.61820783,0.10057535,-0.863,0.02529793,91.3719836633157,-133.188724197794,1306.06789998857,0.440496259589553,0.414912554483832,7.80597554328254,0.153012879895768,-1.05104763693127,-884.90363773287,-887.016614005272,-911.637581265838,-912.610118343201,0.951343693887269,-913.479693825452,0.591333027273088,1819.36251859458,1860.4415948783,NA,2478.94707577935,0.294015716643196,1.02343662149839
"953",-5.86,0.79,-5.86,0.83,1.359326,9.604077,-1.1484446,0.2002995,35,35,-6.55347259177056,0.923824648000653,-6.23462261436849,0.829149969909003,1.31439481911786,10.6762744528389,-1.19806351925026,0.178224671436302,1.31439481911786,8.46635974129035,-6.39404760306952,0.876487308954828,1.31439481911786,10.7016907798613,-1.20561027399278,0.180465495104242,1.31439481911786,8.52153839753878,2.52873307935972,0.0642448222530193,-0.379538434366025,-7.00730562710107,-7.25250288282031,1.8943558443405,9.76987545438222,-4.86663069204139,0.698768641901334,-4.53093216357803,0.608229931066259,4.89112917,0.09021894,-0.846,0.02705986,81.895031061692,-114.234818994547,1299.6895571158,0.493172577139197,0.453929247238776,8.93873445192248,0.17705530331366,-1.22349514334716,-900.283387901124,-900.860143700661,-919.599196464392,-920.006036313845,0.396366578857917,-934.99155365899,0.350675906709869,1850.12201893109,1876.36482527541,NA,2485.14429523704,0.416290132405343,1.12546522412031
"954",-5.86,0.79,-5.86,0.83,1.359326,9.604077,-1.1484446,0.2002995,35,35,-6.51576657454796,0.892521514522189,-4.97676081527136,0.839581576700857,1.45346135518579,10.2617366065973,-1.07498135355475,0.177099255936076,1.45346135518579,10.0865993355465,-5.74626369490966,0.866051545611523,1.45346135518579,10.8538712883689,-1.09535007085545,0.177799915190207,1.45346135518579,10.9922188837945,2.51204546866814,0.0672132443275489,-0.394637408145142,-7.15609557883717,-5.93249226984225,2.03348527048589,12.5854133703759,-4.85338588911012,0.670836089968214,-3.40509203713028,0.577566464952135,6.25789147,0.12867295,-0.846,0.02725179,66.3302186644355,-83.1051942000336,1334.59568909918,0.0270869560796201,0.0249459935666069,7.7719764821407,0.148223702622543,-0.998179895454275,-930.291722838057,-933.530633369959,-955.298703149188,-960.795166233313,5.55464551545708,-960.483809463053,6.44932642130755,1910.13868880495,1947.763838645,NA,2586.08618399833,0.400558059535379,1.13691130249632
"955",-5.86,0.79,-5.86,0.83,1.359326,9.604077,-1.1484446,0.2002995,35,35,-6.10861728676094,0.797785184948917,-5.201950822996,0.675767621202808,1.25883238500317,9.12765101721299,-1.13652369290076,0.187855638551678,1.25883238500317,7.59156654197679,-5.65528405487847,0.736776403075862,1.25883238500317,9.33316203634201,-1.16418100116048,0.191577710017312,1.25883238500317,7.64030124897622,2.6942944547472,0.0713657639053974,-0.422951651770671,-7.31336082774542,-7.13364343431763,2.03182690997287,7.38256630139703,-4.26722347160636,0.551568332015373,-3.81554900959979,0.49644063452577,4.64246319,0.10062425,-0.869,0.02572876,92.459392687303,-135.363542245769,1250.83983166212,0.80658862687587,0.768923311821582,7.33032096221262,0.145865871473249,-1.00357275787267,-888.176155569112,-888.780429995051,-902.22978751991,-902.625732826235,0.385722447678174,-943.384434356366,0.22566462173574,1825.90755426706,1841.62600738645,NA,2366.31612107848,0.419326976344542,0.932708666504241
"956",-5.86,0.79,-5.86,0.83,1.359326,9.604077,-1.1484446,0.2002995,35,35,-4.98561676014661,0.751332631563672,-6.03714168328456,0.926955645963943,1.13262323999803,12.100720065887,-1.65474360696192,0.313639664620866,1.13262323999803,13.327296089824,-5.51137922171559,0.839144138763808,1.13262323999803,12.377146231882,-1.70091160114154,0.321350525417626,1.13262323999803,13.387837239489,3.14913749312391,0.0879736341376046,-0.510321738159805,-6.46711259368182,-6.47232104295755,2.16152237667867,10.9110322253992,-3.61209758912397,0.535598390768677,-4.48500463905205,0.691019507781318,7.40996089,0.20360562,-0.885,0.02204628,99.4525937447715,-149.349944360706,1274.39536205306,0.488325019259247,0.441642625833955,6.57658630932915,0.16184393487709,-0.981602432363624,-896.211061247629,-896.945495083331,-912.142955181388,-912.438122660306,0.287339505752454,-970.840288441459,0.000125387632938349,1841.97736562409,1861.4523427094,NA,2399.44077974542,0.50188555603517,1.02025526894753
"957",-5.86,0.79,-5.86,0.83,1.359326,9.604077,-1.1484446,0.2002995,35,35,-6.41178228960219,0.886552433175082,-5.77357917430547,0.824659103272837,1.27237724675298,9.68078600106831,-1.29406136951878,0.23457163837321,1.27237724675298,8.75635094351845,-6.09268073195383,0.855605768223959,1.27237724675298,9.78261180516193,-1.30393649850871,0.235529334444807,1.27237724675298,8.81297371593747,2.41493824725607,0.0617120364920972,-0.374796397204068,-7.0876735359394,-6.81821486407485,2.03208078127876,8.53930483072705,-4.49763863377746,0.617537668497102,-3.88578235012006,0.560970359196062,6.03648351,0.15930769,-0.879,0.02353066,96.6165235783698,-143.677804027902,1271.27969093231,0.577344873674091,0.545357600491809,8.08554719917915,0.16736464140512,-1.13574945235336,-900.048037866724,-900.425314854141,-913.751487547632,-914.156571034106,0.394650474012631,-947.939372212719,0.445731775821582,1849.65131886229,1864.66940744189,NA,2398.88157783672,0.356389056161306,1.02225071062196
"958",-5.86,0.79,-5.86,0.83,1.359326,9.604077,-1.1484446,0.2002995,35,35,-5.21774921516884,0.71514623239894,-6.12651865652861,0.871554591942206,1.35177103871002,8.0692774082858,-1.05699234985369,0.226457902301539,1.35177103871002,10.5844582430259,-5.67213393584872,0.793350412170573,1.35177103871002,8.27574288267313,-1.09252713423522,0.232573796035294,1.35177103871002,10.6250225648377,2.63019788779056,0.0692957516723882,-0.411584887635995,-6.91483425097977,-6.89176315994272,2.16747564361794,10.9683248398876,-3.62945784270165,0.508267438437411,-4.89298220545639,0.710197626494074,4.86020477,0.1331794,-0.805,0.02260429,106.450728915503,-163.346214702169,1313.46032506413,0.191730247327691,0.183303785911681,6.97082760288842,0.156648212617196,-1.00037838688636,-918.090233249344,-918.831850515322,-940.603214026769,-940.847898984744,0.238109873188696,-971.682088151929,0.00244171872157412,1885.73570962753,1918.37286040017,NA,2463.5744354261,0.408395706354538,0.997006523593683
"959",-5.86,0.79,-5.86,0.83,1.359326,9.604077,-1.1484446,0.2002995,35,35,-5.32519300894278,0.675171232599038,-4.80492428592091,0.633484275922153,1.43900158302114,10.7211136738206,-1.19293618521046,0.191589353699294,1.43900158302114,9.22725028978716,-5.06505864743184,0.654327754260595,1.43900158302114,10.7887835598594,-1.1983582901397,0.192023804288539,1.43900158302114,9.27489068883347,3.15062625921775,0.0802946700933446,-0.487065894927491,-7.26043874923831,-6.98853012677133,2.36207867235159,9.40979143272425,-3.71326100415183,0.476730282150322,-3.24146928695454,0.424947547848996,5.7993088,0.1129772,-0.848,0.0284783,60.8889245844293,-72.2226060400213,1298.23220032254,0.80950674763547,0.775091596003164,7.36229419375751,0.140209752463576,-0.972709267279648,-926.18447887874,-926.413657393201,-947.201418474483,-947.526734151402,0.316756414809164,-987.863816980683,0.357813345206702,1901.92420088632,1931.56926929559,NA,2524.24179460506,0.468756973285677,0.970694278795432
"960",-5.86,0.79,-5.86,0.83,1.359326,9.604077,-1.1484446,0.2002995,35,35,-6.09630402736802,0.872203121895123,-5.60207798432699,0.805095731726901,1.4230613984218,10.4170687947232,-1.40582180430417,0.269589367026523,1.4230613984218,9.64054549020982,-5.84919100584751,0.838649426811012,1.4230613984218,10.4781336401282,-1.41411335927958,0.270715217480321,1.4230613984218,9.65305986246588,3.81161964680306,0.101953215139774,-0.606587460836371,-6.85768475714263,-6.76326717935706,2.30239008719643,9.45354868407144,-3.78608554387262,0.556579433082746,-4.54514367943755,0.666089545562777,5.8218088,0.1828683,-0.872,0.0258667,75.8248234531218,-102.094403777406,1306.89576241856,0.595484621603939,0.4911641900317,8.03472210787176,0.164024435452685,-1.10714840496336,-931.11483375737,-931.273654529691,-947.245467813424,-947.327746614432,0.0799749706624587,-981.740033213104,0.0440767960362043,1911.78491064358,1931.65736797348,NA,2511.69712105971,0.577690173807617,1.06099887020178
"961",-5.86,0.79,-5.86,0.83,1.359326,9.604077,-1.1484446,0.2002995,35,35,-6.11269753360324,0.808811402927141,-5.9318781172294,0.844927861569503,1.26004464702271,7.97238841181806,-0.80763693281778,0.140237242752676,1.26004464702271,10.2298263206371,-6.02228782541632,0.826869632248322,1.26004464702271,7.9805623271525,-0.80600429357448,0.140563342398892,1.26004464702271,10.3410186570623,2.74153615776535,0.071622952468343,-0.429307987342132,-7.25174972112582,-6.85575779001003,1.76538206433365,12.9045314999521,-4.11802011511461,0.545204849089962,-3.9091752132632,0.562187402127169,3.57670817,0.07696594,-0.764,0.02702743,78.9507218910589,-108.346200653281,1304.1858523594,0.614392167783854,0.638266145489036,8.94141856320055,0.172803810929327,-1.19755210895328,-894.007033812641,-894.440715109699,-921.211065325988,-921.900762723167,0.673303278343477,-926.657346898274,0.760194222140611,1837.56931075412,1879.5885629986,NA,2500.02550406552,0.414916598371046,1.15736882852152
"962",-5.86,0.79,-5.86,0.83,1.359326,9.604077,-1.1484446,0.2002995,35,35,-5.68428032699718,0.809357980097115,-5.43271736797338,0.794781109010592,1.40665516663995,6.32941031407688,-0.764329169161719,0.138514952356129,1.40665516663995,6.19658384712569,-5.55849884748528,0.802069544553854,1.40665516663995,6.34523129466507,-0.765245919367677,0.138568073648797,1.40665516663995,6.21379678496737,3.31874690813273,0.0900608326997719,-0.532314504051359,-6.82007614917872,-6.65535841603422,1.93334861395633,7.47073284952825,-3.64006478745983,0.521669079255389,-3.59764839160947,0.533745880371423,3.11406188,0.08839703,-0.876,0.03300677,45.3075532931549,-41.0598634574724,1184.93966760309,0.883615727849482,0.879864253609034,8.03971269039392,0.162202168029224,-1.09973336496529,-899.949955430192,-900.065651923781,-917.029925285957,-917.197152821818,0.162643804073976,-931.578592739131,0.197149880684994,1849.45515398922,1871.22628291854,NA,2328.81947174871,0.507678450331323,1.06187514152561
"963",-5.86,0.79,-5.86,0.83,1.359326,9.604077,-1.1484446,0.2002995,35,35,-5.70147510453494,0.744407948959491,-6.20882970116295,0.879119774662334,1.27220033580729,11.2815098505158,-1.33072796164775,0.213066200884215,1.27220033580729,9.70911506544027,-5.95515240284895,0.811763861810913,1.27220033580729,11.3458620221956,-1.34781462764537,0.217603019880263,1.27220033580729,9.80076173417522,3.17189850492786,0.077517623329365,-0.483282195464654,-7.22422640512704,-6.92900280357145,2.02199738815448,9.97327167284274,-4.17882991437496,0.555777615756369,-4.22066460875066,0.595213718566138,5.60981467,0.11816338,-0.868,0.02579998,82.5771714706731,-115.599099812509,1283.63887018972,0.745464215042893,0.739741323760591,9.46692657982484,0.185809661111913,-1.28444776198792,-902.498979039028,-903.338187126525,-920.239796616503,-920.836295210264,0.581931694252469,-951.622095726886,0.467447011743675,1854.55320120689,1877.64602557963,NA,2451.67864056693,0.446071515275015,1.20793127919798
"964",-5.86,0.79,-5.86,0.83,1.359326,9.604077,-1.1484446,0.2002995,35,35,-5.95417634014934,0.850841574777808,-5.94155383454881,0.787232954849121,1.60110839414398,7.66401842331888,-0.947324486547373,0.175389460353008,1.60110839414398,6.66081391194025,-5.94786508734908,0.819037264813465,1.60110839414398,7.66405825523078,-0.947525211587695,0.176400974485316,1.60110839414398,6.73977302923709,2.74175526392716,0.0727072795003813,-0.430648536715309,-6.84282363992536,-7.20916483186926,2.22085816432609,7.92096111242402,-4.27042218058625,0.614769262452326,-4.02112102861415,0.533254122468672,3.52598457,0.06593203,-0.801,0.03263807,46.575289913319,-43.5953366978006,1285.17047310921,0.471839350991483,0.443010895500798,9.47674406179451,0.217124324151713,-1.38633280809631,-936.034339822614,-936.53243690336,-953.128710833609,-953.846499923343,0.700868085023839,-967.357962394451,0.806094578584388,1921.62392277407,1943.42385401385,NA,2526.74560952061,0.427117588108461,1.3215225134883
"965",-5.86,0.79,-5.86,0.83,1.359326,9.604077,-1.1484446,0.2002995,35,35,-5.42246318441771,0.792198942767232,-5.40855803356224,0.771917365493175,1.31199660792838,8.09110775191555,-0.850223629555377,0.132060352229974,1.31199660792838,7.95809690284737,-5.41551060898998,0.782058154130204,1.31199660792838,8.09115609022063,-0.850294134153272,0.132163187824154,1.31199660792838,7.96641889367676,2.41311096383077,0.0601395020833454,-0.365432429446099,-6.66048811076982,-6.76741534905322,1.84437139915037,9.76033698401287,-3.62284680415606,0.543070573889704,-3.71735141611654,0.531213113703053,3.04348642,0.06616303,-0.801,0.02925933,66.0120982260099,-82.4689533231825,1193.34060070586,0.824467070439599,0.823891388656574,8.49196588431795,0.162867354010109,-1.13828647906474,-892.549647833008,-892.606892485121,-915.288703382706,-915.353702561097,0.0631713836695523,-928.409157827478,0.0685566219410463,1834.65453879485,1867.74383911204,NA,2304.21224808854,0.36637513788993,1.07580175636498
"966",-5.86,0.79,-5.86,0.83,1.359326,9.604077,-1.1484446,0.2002995,35,35,-7.4746945281695,0.967885309455362,-6.19481515541524,0.826533626814521,1.34413489047894,12.3994507544878,-1.61768135180047,0.277190957914344,1.34413489047894,9.54809366166022,-6.83475484179237,0.897209468134941,1.34413489047894,12.8089735566882,-1.6629096275295,0.282186032460694,1.34413489047894,9.70586842539284,2.37476405863252,0.0655421511705028,-0.377201438311426,-7.66602554412199,-7.22828291899337,2.21161876405584,8.98533095407747,-6.05463703142817,0.789076559674538,-5.0569886927907,0.684652406642537,10.20013938,0.20690219,-0.904,0.02156306,116.253438850393,-182.951634571949,1400.26281239437,0.518262379892096,0.451213760358801,6.60653759945472,0.134535980568231,-0.909184030904607,-919.585295124131,-920.630468954854,-932.654939122594,-933.694221708016,1.01712065496857,-970.281536528226,1.03255194186785,1888.7258333771,1902.47631059182,NA,2617.57399021678,0.394773657654805,0.871550974953288
"967",-5.86,0.79,-5.86,0.83,1.359326,9.604077,-1.1484446,0.2002995,35,35,-5.19855454621163,0.701487349499935,-5.87620793579251,0.870554608245665,1.35486892610655,11.3724727002244,-1.51592311038034,0.261056451982582,1.35486892610655,8.36642262097388,-5.53738124100207,0.7860209788728,1.35486892610655,11.487276229327,-1.54456536061939,0.268202386477531,1.35486892610655,8.48347044737455,2.97277989414526,0.0787796751576258,-0.467031650414863,-6.97701567182826,-6.64741008330501,2.28528380566811,7.48222822827486,-3.50959266011705,0.472042136041948,-4.22803005869253,0.626314048464329,5.61678613,0.15040412,-0.879,0.02581582,78.997427730652,-108.439612332467,1246.75432811272,0.359049874000092,0.357902079721531,8.21233217373757,0.177553031370347,-1.17412321924807,-914.815955790044,-915.846119304872,-926.286723011754,-927.156059843087,0.849764367606376,-972.599046506863,0.666938823201833,1879.18715470893,1889.73987837014,NA,2385.06904389297,0.461884529201261,1.08029747630894
"968",-5.86,0.79,-5.86,0.83,1.359326,9.604077,-1.1484446,0.2002995,35,35,-6.79049798872853,0.853769310155506,-5.7040042889521,0.874613510006419,1.61606731905885,9.51750488026226,-1.12619301561311,0.185923485218591,1.61606731905885,6.86519710148483,-6.24725113884031,0.864191410080963,1.61606731905885,9.81262202017573,-1.12053124265939,0.186032105385448,1.61606731905885,7.65940242108577,3.30095937189743,0.0793000789762102,-0.495751144013208,-7.66170259873376,-6.45102455009529,2.22197178943363,8.22591939705686,-4.54055907070782,0.569518258753339,-4.26583945761383,0.653646971785878,5.59428315,0.12343767,-0.872,0.02813146,69.4853317079534,-89.4154202870694,1327.27943509094,0.0242206247847819,0.0200784776582921,8.66302411233596,0.170829000774017,-1.14566668614517,-940.756222183658,-944.905359756523,-957.25013922568,-963.984007550128,6.86644734213573,-968.657244773755,8.50856068659956,1931.06768749615,1951.66671079799,NA,2565.1434498948,0.469766391766352,1.23086255797367
"969",-5.86,0.79,-5.86,0.83,1.359326,9.604077,-1.1484446,0.2002995,35,35,-6.21373927013901,0.755703391886032,-5.7044439477417,0.749711076393584,1.47104495309149,11.9309637144827,-1.59530121967104,0.281326167291828,1.47104495309149,8.61839714955771,-5.95909160894036,0.752707234139808,1.47104495309149,11.9958091458366,-1.5960641842337,0.281335144253068,1.47104495309149,8.75186364446161,2.70123617934801,0.0762291705279457,-0.443607373104795,-7.66919524469443,-7.19560058737077,2.48590953102626,7.7796365346178,-3.88101209390959,0.472096746176531,-3.49939124241231,0.447626863503131,4.76617376,0.13312625,-0.881,0.02578633,88.2414574774687,-126.9276718261,1339.54293295419,0.668712602440453,0.680339628423677,12.1568563899448,0.227688824921883,-1.60619801874887,-935.897359332274,-936.529128390887,-948.300700844058,-949.265355124893,0.943579425173013,-994.421563870103,1.22292181930087,1921.34996179339,1933.76783403474,NA,2552.15819408227,0.420410125052075,1.54190730565829
"970",-5.86,0.79,-5.86,0.83,1.359326,9.604077,-1.1484446,0.2002995,35,35,-5.89613695226793,0.755524154811488,-6.19240407607159,0.880798422764156,1.52556148629363,8.61719333640084,-1.0685859383319,0.194124941849396,1.52556148629363,7.49741840323581,-6.04427051416976,0.818161288787822,1.52556148629363,8.63913688856258,-1.07786460009514,0.198048352402166,1.52556148629363,7.63646995552358,2.73678593470534,0.0753041244132331,-0.436527780304206,-7.35266077493234,-6.9025762274729,2.21039859013559,8.47779984166959,-4.02568181735972,0.520417801028698,-4.14360708118093,0.5933981645145,3.59267747,0.08322549,-0.795,0.02802959,74.1042871525548,-98.6533311762722,1303.70417115183,0.450956049429212,0.419429149296811,10.1255734435498,0.217906649727094,-1.4382013785998,-931.511596230348,-932.486241502462,-948.542069134149,-949.678276182874,1.11275037980568,-968.320558364141,1.150686556572,1912.57843558953,1934.25057061493,NA,2508.75501112739,0.444382049156724,1.35184387991622
"971",-5.86,0.79,-5.86,0.83,1.359326,9.604077,-1.1484446,0.2002995,35,35,-6.9475784289325,0.980762770866072,-6.84231258589967,0.984721189627607,1.56640619036973,8.28632446957199,-0.932815426102135,0.14647274441901,1.56640619036973,6.12767164400122,-6.89494550741608,0.98274198024684,1.56640619036973,8.28909469399933,-0.932711254530132,0.146476661688783,1.56640619036973,6.13696785805203,2.77019570450567,0.0726346968116868,-0.434227958778766,-7.06218886209825,-6.93333978440348,2.00132907677206,8.07351003492744,-4.57318553585364,0.638879586504173,-4.40718702729371,0.627206381034938,5.22562912,0.11163585,-0.893,0.03299921,42.3899750773838,-35.2247070259303,1305.11922977399,0.938471499256829,0.916941374071759,10.7364018189658,0.224507578674301,-1.51641609048138,-925.061116323099,-925.118877876572,-942.710871377771,-942.802108885117,0.0886885068543887,-942.451269750357,0.108796709553727,1899.67747577504,1922.58817510217,NA,2575.01375252206,0.42178988250834,1.3619203603722
"972",-5.86,0.79,-5.86,0.83,1.359326,9.604077,-1.1484446,0.2002995,35,35,-5.01556107495621,0.714982587749332,-5.84790521857313,0.738173859618615,1.5649382042654,5.13704334163497,-0.461331460983583,0.107377938385893,1.5649382042654,8.32905446611208,-5.43173314676467,0.726578223683974,1.5649382042654,5.31024253498832,-0.466157240814439,0.107512397158622,1.5649382042654,8.59925122472292,1.97789495422434,0.0489964411002964,-0.295357022506964,-6.71362106324321,-7.40779761026403,2.10504704535989,11.2205118834931,-3.42014026479115,0.500190839330421,-4.46827805584751,0.571390688069202,3.2982278,0.0597883,-0.71,0.0279243,75.6992024338266,-101.843161738816,1314.87330075188,0.131126618381876,0.118104518295939,6.47943534656855,0.137428043755096,-0.877187712308946,-929.313298820414,-930.588769642738,-961.321590507632,-963.32019072522,1.96947929206317,-965.251700710289,2.22913120282387,1908.18184076967,1959.80961336189,NA,2527.90343976494,0.311416899059214,0.996903550068105
"973",-5.86,0.79,-5.86,0.83,1.359326,9.604077,-1.1484446,0.2002995,35,35,-5.24945836197655,0.731624108568981,-6.42340166385225,0.890887432841175,1.45771520221779,6.9573499186051,-0.894275909948127,0.181261248438535,1.45771520221779,7.67320763681783,-5.8364300129144,0.811255770705078,1.45771520221779,7.30188563760981,-0.941017438139077,0.187602450053092,1.45771520221779,7.74229149036301,2.42020529168294,0.0658141627831096,-0.383575861464572,-6.84837247554331,-7.07346610394593,2.11918199931605,8.72343715033758,-3.40068712588948,0.461732969303907,-4.65546803530315,0.65554862846257,4.18246553,0.12236931,-0.852,0.02733572,73.5163887270251,-97.4775343252127,1275.70790261515,0.179578625593731,0.14477643046529,7.77813028152613,0.163496803200146,-1.08731903615492,-919.553501173364,-920.730688526676,-938.829808299212,-939.385163627024,0.541633757403718,-958.891142686395,0.292607394741065,1888.66224547557,1914.82604894505,NA,2453.93827090508,0.389933665017205,1.04294766128973
"974",-5.86,0.79,-5.86,0.83,1.359326,9.604077,-1.1484446,0.2002995,35,35,-5.51618625938664,0.775047244887302,-5.02281751043969,0.737460608186917,1.22442654782309,7.5273562502256,-0.901286186911642,0.161061574993244,1.22442654782309,8.32962584846513,-5.26950188491316,0.756253926537109,1.22442654782309,7.58820943083496,-0.905922204893138,0.161414763807856,1.22442654782309,8.38406897591761,2.45213922692044,0.0606445409268367,-0.373929601470998,-6.85639656336572,-6.5869592695927,1.8787818848206,8.98461092170911,-4.11274787522995,0.583690700363801,-3.72150355291099,0.552774703130322,4.92217489,0.0985673,-0.871,0.02782969,70.4431249067201,-91.3310066846028,1198.29270728492,0.744979669874306,0.731070601457221,4.91530908958869,0.111694492547839,-0.699167203930694,-882.409303479556,-882.717209868582,-901.20931460583,-901.616613079962,0.396814698349096,-930.319246407187,0.460526755636365,1814.37385008795,1839.58506155829,NA,2305.25440788524,0.355049633771466,0.746315511911158
"975",-5.86,0.79,-5.86,0.83,1.359326,9.604077,-1.1484446,0.2002995,35,35,-6.23683158999301,0.826822484862054,-6.48519827440148,0.909497483292436,1.42416648061028,8.96393469656892,-1.23253841322007,0.234451458355283,1.42416648061028,7.85172855936053,-6.36101493219724,0.868159984077245,1.42416648061028,8.97935619904994,-1.23767184203098,0.236160247196649,1.42416648061028,7.89903022580258,3.48224250207368,0.0900947081683574,-0.54690449569578,-7.26857841207168,-7.02438884962582,2.17546342832334,8.01883136603667,-4.40254491157174,0.59880663929442,-4.56764502496094,0.653087300217106,4.94288926,0.15852005,-0.885,0.02555043,88.1413826976028,-126.727522266368,1311.66235425681,0.809870983093096,0.788527514405014,8.83834544804645,0.170638109636942,-1.18756261325621,-920.499287587445,-920.818091724112,-934.551519878386,-934.924588379677,0.363376858710601,-962.680117581169,0.361658853659897,1890.55381830373,1906.2694721034,NA,2496.59718624725,0.506953929916036,1.12677804550701
"976",-5.86,0.79,-5.86,0.83,1.359326,9.604077,-1.1484446,0.2002995,35,35,-5.66775739483178,0.796727984525389,-4.95539904041058,0.728334225843995,1.34307171918402,7.23821563519332,-0.944279122256954,0.198912316594739,1.34307171918402,9.25696344306458,-5.31157821762118,0.762531105184692,1.34307171918402,7.36507924147174,-0.956459338603694,0.200081743151381,1.34307171918402,9.32526345174346,2.87631253309523,0.0830062553754091,-0.473444778412588,-6.87879946236808,-6.57391342393047,2.10305435956118,9.7805562879742,-3.95667298297854,0.579548658727533,-3.74030952546355,0.549493831208887,3.33991129,0.08271861,-0.743,0.02550148,87.1041208970538,-124.65299866527,1247.98253433265,0.940817762185142,0.965435486434289,7.07983233486226,0.173181870937335,-1.06190592964655,-909.253840568233,-909.783738632013,-930.501892728479,-930.966470072919,0.452804635206536,-960.631659661799,0.487899492155343,1868.0629242653,1898.17021780359,NA,2371.31207000003,0.472698272617366,1.06199383940805
"977",-5.86,0.79,-5.86,0.83,1.359326,9.604077,-1.1484446,0.2002995,35,35,-5.048029167943,0.67001871281511,-6.51928654201581,0.96089931546198,1.43893918810801,12.5601296801745,-1.56556457772153,0.252287526426862,1.43893918810801,8.51642678320805,-5.78365785497941,0.815459014138545,1.43893918810801,13.1012792453654,-1.67255463562627,0.273440407675913,1.43893918810801,8.6887638393386,3.39440367532505,0.083060424993151,-0.516663677967261,-7.01397228779459,-6.75223830241651,2.35011212828243,8.13262901586481,-3.37485454979587,0.446913859822,-4.27715666934664,0.625380026133731,7.53859148,0.15999108,-0.905,0.03010494,45.4858616508749,-41.4164801729124,1287.13226928024,0.261043560610534,0.210436852977717,9.19504982476506,0.207679590363714,-1.33769289512277,-928.418344981113,-930.840927249595,-942.148253061883,-943.404571520879,1.23144117890504,-982.038202594055,0.379824345141326,1906.39193309106,1921.46293847039,NA,2532.84805838757,0.481006635640672,1.26296990560628
"978",-5.86,0.79,-5.86,0.83,1.359326,9.604077,-1.1484446,0.2002995,35,35,-6.62601893570108,0.927835847828106,-5.62447727123474,0.914716819971458,1.34643809511294,6.28152793461653,-0.881646653870081,0.187245208060443,1.34643809511294,7.53340094663774,-6.12524810346791,0.921276333899782,1.34643809511294,6.53229936103203,-0.884931467119012,0.187288235283419,1.34643809511294,8.08778020154314,3.20670806469721,0.088519526651123,-0.512222364119741,-7.05595428043706,-6.13257238913224,1.91977567913244,8.53438419212222,-4.84974856084275,0.680477725701846,-3.81529976747191,0.618660713922209,2.96701435,0.10458243,-0.814,0.02531087,94.5132231908345,-139.471203252832,1251.9184188374,0.0320761695135669,0.0274006895639038,8.39388492854076,0.182576755532089,-1.18925482502239,-900.164708366652,-903.212448455849,-918.237391404757,-922.643379697516,4.41767468437311,-933.992588756271,5.54327640436007,1849.88465986214,1873.64121515614,NA,2364.36563442196,0.522403585045109,1.1627384039666
"979",-5.86,0.79,-5.86,0.83,1.359326,9.604077,-1.1484446,0.2002995,35,35,-5.47720586749352,0.731311013373632,-5.66319153685775,0.828283784700319,1.5855367864334,10.331028388051,-1.25306731303244,0.218618855975869,1.5855367864334,8.20113651917695,-5.57019870217564,0.779797399036975,1.5855367864334,10.3396760553532,-1.25757619947876,0.220969785570564,1.5855367864334,8.29901218831354,3.65274678836631,0.0942753987104942,-0.568593027019532,-7.0779853212146,-6.68623231264032,2.38399886742237,8.94340639408724,-3.79249812259403,0.511057288683225,-3.93817770958362,0.578483044648536,4.77010329,0.0966159,-0.81,0.02945687,55.992083656541,-62.4289241842447,1297.3837874185,0.592864490385181,0.549606525313722,9.37087329717856,0.208168344490636,-1.35158587371769,-946.148635160638,-946.776804864162,-963.558911094548,-964.299592790787,0.723339501312302,-988.522641445807,0.770425072344647,1941.85251345011,1964.28425453572,NA,2532.33865065276,0.54744464952622,1.27619939026534
"980",-5.86,0.79,-5.86,0.83,1.359326,9.604077,-1.1484446,0.2002995,35,35,-5.60704468995497,0.758346566071848,-5.7172810793561,0.839159817675582,1.41744449825098,12.0128428441467,-1.35841252974872,0.240825339303836,1.41744449825098,12.3125573172889,-5.66216288465553,0.798753191873715,1.41744449825098,12.0158808595337,-1.36063967001686,0.242458034712527,1.41744449825098,12.4078682907786,3.13927746539617,0.0835611400593438,-0.502376017435447,-7.04675331668499,-6.67552526506107,2.25590789085399,13.2029243601941,-3.85566863732034,0.526583535945255,-3.98808551197124,0.574140950353449,6.73752565,0.14435279,-0.824,0.02382633,87.6248152813112,-125.694387433785,1357.91431852891,0.851141953101475,0.853605502185244,8.78831575227869,0.194819329422266,-1.25133027753493,-938.446239242941,-938.85982912975,-961.959045988343,-962.458423995111,0.486844566586511,-987.47092076813,0.511834311295254,1926.44772161472,1961.08452432331,NA,2590.13424962404,0.458724373154536,1.25203312168534
"981",-5.86,0.79,-5.86,0.83,1.359326,9.604077,-1.1484446,0.2002995,35,35,-5.63401925328781,0.792295000351508,-5.61930114592275,0.825350866364785,1.29920777977632,9.67382538680184,-1.33765374530649,0.244823158808459,1.29920777977632,8.20786918769045,-5.62666019960528,0.808822933358147,1.29920777977632,9.67387954247294,-1.33753211536023,0.245096331377931,1.29920777977632,8.23990950352028,2.55831840994172,0.0669356775728479,-0.396412874311902,-6.87147189340961,-6.65981549019771,2.13377956514976,7.56409739942855,-4.0755004937563,0.573499139392761,-3.82595788030645,0.560459285101552,5.40715243,0.15241016,-0.886,0.02424352,91.1999618007753,-132.844680472713,1227.22810380438,0.817453468146681,0.776971189873762,7.11391352543608,0.153289417416919,-1.01410667864546,-902.776344854577,-902.941256317566,-914.813870057522,-915.057023924532,0.236617335891507,-956.12937579492,0.291728349674348,1855.10793283799,1866.79417246167,NA,2321.61152713604,0.404732603113944,0.938917268698409
"982",-5.86,0.79,-5.86,0.83,1.359326,9.604077,-1.1484446,0.2002995,35,35,-5.81309470601003,0.789961409048077,-6.06793365967114,0.845878575016624,1.31964727099305,11.0221445683297,-1.30365876305704,0.216060376643116,1.31964727099305,9.82963240775648,-5.94051418284059,0.81791999203235,1.31964727099305,11.0383802914055,-1.30722123107382,0.216842059005604,1.31964727099305,9.83896333093707,3.31002650553619,0.0852943092374396,-0.514024450698036,-7.06445027925468,-6.98614922774977,2.06043418011481,10.367291399032,-4.0323778084269,0.55257733340565,-4.31131231103874,0.595144675950085,5.815895,0.11759126,-0.859,0.02570441,83.9542285479376,-118.353213967038,1300.2961679215,0.927946950810897,0.938126391282969,8.80154539544796,0.185335691401716,-1.23598535365496,-911.626720739745,-911.738151975583,-929.994207634738,-930.054494389901,0.0585895026155896,-957.470381498502,0.0311505996286345,1872.80868460833,1897.1548476161,NA,2482.23912187596,0.498560019192167,1.16408830225035
"983",-5.86,0.79,-5.86,0.83,1.359326,9.604077,-1.1484446,0.2002995,35,35,-6.25983721232926,0.862576151132336,-5.45207825864883,0.721125448784698,1.2229096884677,8.92772476837828,-0.901933585666321,0.155850111630857,1.2229096884677,11.7584728768701,-5.85595773548904,0.791850799958517,1.2229096884677,9.09084340019101,-0.930498103497744,0.160852186929517,1.2229096884677,11.7957090017432,2.29375275722372,0.0631999200246016,-0.359195791513926,-7.07857294273913,-7.11354067047412,1.82793171034702,13.8862868724959,-4.66569484405963,0.639771878127343,-3.8432771368193,0.512209236206107,4.87286763,0.0934851,-0.783,0.02358575,101.368991625291,-153.182740121745,1328.8310730767,0.470225945479894,0.452636962445196,7.51625784647165,0.154948891951163,-1.03989667063398,-894.560270055244,-895.331822912668,-922.815659968916,-923.01966028466,0.198460780988855,-937.575649962135,0.00534731088995607,1838.67578323933,1882.79775228446,NA,2504.47940603165,0.399131509523753,1.00057794869511
"984",-5.86,0.79,-5.86,0.83,1.359326,9.604077,-1.1484446,0.2002995,35,35,-6.2860529171495,0.864104765678986,-4.42103025669398,0.682486580530279,1.34592398528577,7.48141334172102,-0.778603325871896,0.143469013074676,1.34592398528577,9.51960496597616,-5.35354158692174,0.773295673104633,1.34592398528577,8.35099072272416,-0.863283833585184,0.151715304368854,1.34592398528577,9.97263462075265,4.09588511533059,0.103092876355201,-0.635567388416185,-7.09568155764973,-6.31269304700639,1.94778094838554,11.5375931096204,-4.71030849232513,0.643497364722538,-3.1960620741355,0.497171380431773,4.66966362,0.0966359,-0.788,0.02527822,86.1039238235355,-122.652604518234,1274.44022420773,0.064507199610255,0.0578395828743399,7.15859064156785,0.139497225750558,-0.958063526219262,-906.446838674453,-909.44111256462,-932.791512178746,-935.742975069748,2.92843853209681,-947.124720165383,2.98746932894738,1862.44892047774,1902.74945670412,NA,2426.22784389723,0.57987273832304,0.947536201837624
"985",-5.86,0.79,-5.86,0.83,1.359326,9.604077,-1.1484446,0.2002995,35,35,-7.2126118406186,0.966196503231457,-5.53596397986963,0.739435997791603,1.4571170914828,6.64690149466645,-0.796316076267754,0.15397908676747,1.4571170914828,7.24189486602248,-6.37428791024412,0.85281625051153,1.4571170914828,7.34968850690498,-0.891365455354776,0.166834168474304,1.4571170914828,7.38401013699993,3.04013724592987,0.0776892163973364,-0.467699033036245,-7.41400432704105,-7.08833687892913,2.01567294740145,8.83496126808607,-4.94713309381293,0.659193440012372,-3.77030126968606,0.50258652317946,4.57909277,0.11130432,-0.851,0.02622766,86.0685073896939,-122.58177165055,1318.13387203039,0.264701329215913,0.216924726048186,8.63133537305151,0.171998418918083,-1.18092089108487,-915.109777719332,-917.547085517532,-935.158673403933,-936.355397583856,1.17252629201879,-947.021415849864,0.636653223789836,1879.7747985675,1907.48377915449,NA,2513.68597241022,0.46434149277098,1.10504371908867
"986",-5.86,0.79,-5.86,0.83,1.359326,9.604077,-1.1484446,0.2002995,35,35,-6.10332132325826,0.79352838433143,-5.87186397641273,0.824678806010014,1.29641627516438,7.38615827812122,-0.654103882662714,0.0990680737875261,1.29641627516438,9.07171805678311,-5.9875926498355,0.809103595170722,1.29641627516438,7.39955140397341,-0.652301384174002,0.0993106609802144,1.29641627516438,9.19077019234206,2.48433997923722,0.0654318098327205,-0.388525226014768,-7.33342578079022,-6.91638228237248,1.69867752678938,12.5732108678864,-4.7333056570102,0.612655073296453,-4.51348743904795,0.641995994404242,5.25856355,0.08883805,-0.806,0.02138844,125.756081403397,-201.956919677956,1303.01828571854,0.46937003216631,0.450005982281795,5.52157782259111,0.10560603145556,-0.73430575842983,-889.404678069363,-889.941477961938,-920.563990371234,-921.386569048163,0.803789896854459,-916.376569017615,0.897668806953134,1828.36459926756,1878.2944130891,NA,2404.07965175913,0.386305583531782,0.716968512788728
"987",-5.86,0.79,-5.86,0.83,1.359326,9.604077,-1.1484446,0.2002995,35,35,-5.53925162535917,0.689699377089266,-6.63901871314766,0.947137340150293,1.32606693184198,4.7712237072706,-0.635150633913927,0.151201219647493,1.32606693184198,7.79666383926494,-6.08913516925341,0.818418358619779,1.32606693184198,5.07359561911629,-0.705931083644384,0.167769795853746,1.32606693184198,8.03201080785779,2.8306268437297,0.0830254711132647,-0.470009683886351,-7.38794244022715,-6.95396076127161,1.92090563991605,9.05547683477391,-3.68197676479913,0.45048409359413,-4.83253228668759,0.695351917831512,1.40799675,0.06681591,-0.682,0.0241049,116.592346644142,-183.629450159448,1282.53873355081,0.0317409481811221,0.0240589355497678,9.31313079936979,0.20778564031957,-1.34346239130366,-892.737137444178,-895.272820871036,-916.629214013411,-918.477387825891,1.81927991756145,-935.999198596814,1.16032874490756,1835.02951801719,1870.42486037345,NA,2381.44801694217,0.470918677980192,1.28185020498109
"988",-5.86,0.79,-5.86,0.83,1.359326,9.604077,-1.1484446,0.2002995,35,35,-7.14186170534269,0.959745528540652,-5.99238922169387,0.854086875495268,1.38482927579424,10.4028786514002,-1.02398815871248,0.16709969823891,1.38482927579424,11.5176350692379,-6.56712546351828,0.90691620201796,1.38482927579424,10.7332003990666,-1.05435108729625,0.169890635979751,1.38482927579424,11.7063927975364,2.92915564061696,0.079152384792582,-0.461808609476203,-7.38168742965544,-6.86170185958112,1.91392496523569,14.8385739536982,-4.94406779727174,0.66564563359036,-4.5440044597901,0.648115594809713,6.03920674,0.11112568,-0.844,0.02658018,78.5364468979311,-107.517650667025,1388.69492279982,0.687113529627394,0.658861198081613,8.86441700154523,0.170505469736969,-1.16349084912835,-923.137524664269,-924.045602596958,-951.945905201387,-952.993579878738,1.02539540842206,-951.008815506623,1.06142316328925,1895.83029245737,1941.0582427494,NA,2669.87219493261,0.473191965290549,1.224730526088
"989",-5.86,0.79,-5.86,0.83,1.359326,9.604077,-1.1484446,0.2002995,35,35,-5.35819253098848,0.637896389095925,-5.95160968421871,0.841703525145684,1.48899197491263,7.76129087759206,-0.984263833376415,0.185556117456958,1.48899197491263,7.26532370264941,-5.6549011076036,0.739799957120805,1.48899197491263,7.84932685702902,-1.01449949599708,0.195940454633159,1.48899197491263,7.55380441047109,2.83538378174665,0.0831750902689805,-0.471793103554157,-7.51551214327127,-6.89469911905152,2.27022463838499,7.73304099305581,-3.94551537720333,0.477011876671157,-3.94657776801072,0.557169696577555,3.99934373,0.11040181,-0.845,0.02591592,89.2135381869228,-128.871833245008,1289.08087631025,0.213454409189025,0.193279707948163,7.97484750317377,0.167209322182672,-1.10019334068819,-923.625236547864,-925.788329737603,-940.659048194797,-943.060555575192,2.3733720344899,-971.999161559761,2.31331231070266,1896.80571622457,1918.48452873622,NA,2449.28991937549,0.468096844648638,1.11816149020774
"990",-5.86,0.79,-5.86,0.83,1.359326,9.604077,-1.1484446,0.2002995,35,35,-5.23611329520561,0.696747218805951,-5.58617297345576,0.763477675830411,1.22654183479397,9.34785336979917,-1.1706731515977,0.20414984093633,1.22654183479397,9.02712220626011,-5.41114313433068,0.730112447318181,1.22654183479397,9.37848881438331,-1.17651306217657,0.205263079410003,1.22654183479397,9.03680042337369,2.43428582340611,0.0658735596837922,-0.38658323711443,-7.04281489289427,-6.99531177602057,2.05061607741886,8.62696116020024,-3.55773602682679,0.482688679139808,-4.13177779154889,0.578182715406883,5.59367092,0.14240633,-0.891,0.02542503,83.9299792054256,-118.304715282014,1234.45957195946,0.701420888152314,0.634291717834228,6.34151657072402,0.117580999292852,-0.822257724982613,-890.623566412893,-890.770024348569,-906.679116062428,-906.746647747333,0.0656338628557274,-950.484114866639,0.0136024643536285,1830.80237595462,1850.52466447148,NA,2350.61442863691,0.384118476994033,0.844663865091301
"991",-5.86,0.79,-5.86,0.83,1.359326,9.604077,-1.1484446,0.2002995,35,35,-5.74848051419853,0.750069326322078,-6.40862074999001,0.919812518873948,1.35246352005385,9.07247534409316,-1.10773718145296,0.229264333393845,1.35246352005385,11.8866642422661,-6.07855063209427,0.834940922598013,1.35246352005385,9.18142162682087,-1.13575075924175,0.23646752124827,1.35246352005385,12.0137833820242,2.60583609471376,0.074365689999003,-0.426501767044083,-7.2375027934579,-6.88635701243953,2.1338962097194,12.7911488165394,-3.88709501273455,0.521208962774314,-4.58401020660156,0.675117813123489,3.39642355,0.10301691,-0.711,0.02270032,112.014025832755,-174.472808536672,1371.26945238962,0.34405650347577,0.367546704461078,9.90000756967794,0.220912457143808,-1.41405640658072,-923.829258204037,-924.737693077989,-948.185692048403,-948.872816175523,0.670778825384436,-972.818457364446,0.498595246925166,1897.21375953691,1933.53781644343,NA,2568.06609624256,0.424186922981187,1.41657229784198
"992",-5.86,0.79,-5.86,0.83,1.359326,9.604077,-1.1484446,0.2002995,35,35,-5.87054502245701,0.780533652975271,-6.08801124288927,0.912518277065601,1.43399485637727,12.1441357759956,-1.65293002002906,0.267993887549863,1.43399485637727,6.44771010661426,-5.97927813267314,0.846525965020436,1.43399485637727,12.1559586652529,-1.66010556936809,0.27234887279893,1.43399485637727,6.67216671592936,3.897977836294,0.104252594148967,-0.619159521989229,-7.17806872676476,-6.60920471050333,2.31081645846794,5.5609869727782,-4.28380928569936,0.575618360229796,-4.3621219186163,0.657630722763203,7.1079779,0.148712,-0.925,0.0280335,68.6810239336845,-87.8068047385317,1238.64837689443,0.177817071129278,0.167973880840483,7.62193418128499,0.178920983820994,-1.12773438308912,-917.221892618395,-919.024880902778,-924.147062493608,-926.22553405519,2.04936137617274,-966.332040129679,2.53997393630878,1883.99902836563,1885.46055733384,NA,2389.48994905034,0.595059320675735,1.08266452870267
"993",-5.86,0.79,-5.86,0.83,1.359326,9.604077,-1.1484446,0.2002995,35,35,-5.96204203584919,0.966393611973408,-5.59256770986679,0.834744336551111,1.29552603122189,13.074433969015,-1.73373159880207,0.27706254781106,1.29552603122189,7.98092154049914,-5.77730487285799,0.90056897426226,1.29552603122189,13.1085617884051,-1.74589185562775,0.281395430740864,1.29552603122189,8.12689422664769,3.20362548272824,0.0801901930307767,-0.484996961722039,-6.16226019939288,-6.57711818951814,2.15865409385024,6.89776883961101,-4.29480213464541,0.710261832351888,-3.99294356506911,0.588018598331113,6.90901675,0.15531574,-0.903,0.02640115,72.7828916287508,-96.0105401286642,1217.98832215457,0.181471455432414,0.164257477138907,7.33780267806815,0.176721902769964,-1.10790715251217,-903.548396437379,-904.683972970815,-912.37167568973,-913.500283304276,1.1052476756801,-956.133997650651,1.20131916424927,1856.65203600359,1861.90978372609,NA,2339.96610418048,0.492508974938902,1.02894036788061
"994",-5.86,0.79,-5.86,0.83,1.359326,9.604077,-1.1484446,0.2002995,35,35,-5.12742198197012,0.717533934223465,-6.19489870134813,0.852102493717779,1.22378583280792,6.67869037119272,-0.752679394904956,0.156798986570512,1.22378583280792,10.5073696454137,-5.66116034165912,0.784818213970622,1.22378583280792,6.96356700779624,-0.788591596010061,0.161326160871606,1.22378583280792,10.590751041903,3.22686292415761,0.0813843159591887,-0.495511058081693,-6.81028170817569,-7.07603377236755,1.83903412736143,12.1338297443639,-3.87729302937815,0.552533576826167,-4.16773666423924,0.574485786766696,2.71847402,0.06433256,-0.688,0.02544971,93.5992149567754,-137.643186784713,1272.46193802506,0.842864598896153,0.860149001116822,8.10393166962665,0.17328146713638,-1.13603811016544,-889.184339751747,-890.240850932003,-915.766571008063,-916.27195611593,0.492722067334429,-934.67550087393,0.347951796933961,1827.92392263233,1868.69957436275,NA,2407.28068926541,0.479236391795298,1.12120626338949
"995",-5.86,0.79,-5.86,0.83,1.359326,9.604077,-1.1484446,0.2002995,35,35,-6.09200624946014,0.851272953584867,-5.14239741619228,0.736550121708705,1.59686035855698,7.64311958501146,-0.657592669480763,0.107519057867171,1.59686035855698,8.54150698137464,-5.61720183282621,0.793911537646786,1.59686035855698,7.86855881906655,-0.684828123112541,0.110809389905593,1.59686035855698,8.59862976084023,1.7641204549078,0.0467131083503558,-0.273533197603632,-6.97808350593151,-6.71196361817606,2.05106583496499,12.1465513467476,-4.53618455152026,0.649627585846107,-3.71912332350039,0.535700788724754,4.66644826,0.0875648,-0.787,0.02760488,69.6639649162012,-89.772686703565,1308.01115716381,0.511225213106954,0.462619046030816,6.72608272898426,0.130190520292261,-0.895348944667001,-936.412867535638,-937.138069433454,-967.845141156329,-968.262965384887,0.407100158417576,-961.443559189156,0.312543291865242,1922.38097820011,1972.85671465929,NA,2526.24962762405,0.287240107901231,0.894681137253057
"996",-5.86,0.79,-5.86,0.83,1.359326,9.604077,-1.1484446,0.2002995,35,35,-6.88474789678249,0.962629306237273,-4.68304251308858,0.661997030725361,1.31224076842134,7.69793457812429,-0.979745328419813,0.183948451790529,1.31224076842134,8.05544868202058,-5.78389520493554,0.812313168481317,1.31224076842134,8.90981122727097,-1.14522125329649,0.206543393060396,1.31224076842134,8.32094125381672,2.88487900148013,0.075124671627056,-0.446535880579382,-7.10739281981338,-6.69677673906172,2.02865399008371,8.4561003169399,-5.29445420752507,0.735867990396661,-3.13051734841996,0.437937772533281,3.74784977,0.08268126,-0.816,0.02717473,81.2980965996421,-113.040950070447,1250.13160726555,0.00594965836847169,0.00359232074066152,9.49394534355183,0.207065260047279,-1.36194113664939,-898.829779492676,-902.652151461018,-916.090911749616,-918.113700044511,1.99366100080521,-947.219249644905,1.04592084351785,1847.21480211419,1869.34825584586,NA,2387.22226446066,0.452570314847132,1.26011429792987
"997",-5.86,0.79,-5.86,0.83,1.359326,9.604077,-1.1484446,0.2002995,35,35,-6.4999023439201,0.873428563859991,-5.18539513114871,0.741002971529154,1.56791489793211,6.42446050977403,-0.798886898567105,0.148973027045176,1.56791489793211,5.74018375263363,-5.84264873753441,0.807215767694572,1.56791489793211,6.85644281288103,-0.842405497635708,0.15335716142122,1.56791489793211,5.9191797761198,1.90177027248624,0.0512408329984327,-0.295596233171685,-7.25398220757541,-6.72843240616538,2.13247330883325,6.93422766778255,-4.62184472206588,0.621619163460719,-3.64221014868589,0.520474548919305,2.56292751,0.05830155,-0.752,0.03150989,57.3572630253236,-65.1592829218099,1250.26504651347,0.226874321997395,0.197064897320821,9.25960245994583,0.195942285491534,-1.31251557844761,-922.86424676811,-924.677228181104,-939.033912712557,-940.868615903671,1.80584536620439,-953.305600424673,1.94261372089986,1895.28373666506,1915.23425777174,NA,2435.37081010513,0.320938149759918,1.19357685865642
"998",-5.86,0.79,-5.86,0.83,1.359326,9.604077,-1.1484446,0.2002995,35,35,-6.26575440656572,0.819887748674173,-5.61314268331803,0.79935185553282,1.11538155612435,10.6326655436507,-1.1559748871742,0.180250034194985,1.11538155612435,11.6555618885396,-5.93944854494188,0.809619802103497,1.11538155612435,10.7391410589808,-1.15932537832705,0.180355464921763,1.11538155612435,11.8769837245709,2.94439483734671,0.0749969179808532,-0.456348665150838,-7.3388165923514,-6.80855240637067,1.75721193824843,12.6076201692451,-4.44904881515543,0.590213049660466,-4.31085703899418,0.62023475218245,6.51475318,0.14170153,-0.853,0.02096381,119.167644274468,-188.780045420099,1297.15145942774,0.618577572530845,0.616734190870673,6.96114029482566,0.124033074494558,-0.898510647015616,-876.421141448541,-877.13624255789,-899.699811365421,-900.913941544782,1.18972867287409,-924.76539386912,1.39934638352493,1802.39752602592,1836.56605507747,NA,2405.52287343538,0.432984513896601,0.862740313224184
"999",-5.86,0.79,-5.86,0.83,1.359326,9.604077,-1.1484446,0.2002995,35,35,-5.96146739575247,0.774087005794035,-5.82660703881258,0.83996526015169,1.26872543487746,8.14332462913505,-0.905903658724438,0.153036710965442,1.26872543487746,8.74425485300068,-5.89403721728252,0.807026132972863,1.26872543487746,8.14787145810353,-0.903682567500125,0.154121697064744,1.26872543487746,8.94364956201144,2.13653952509476,0.0568974159959799,-0.335006904442329,-7.30739855576833,-6.7800526066691,1.8357660890626,10.2955392640255,-4.38503343544547,0.573695344973076,-4.02112797297596,0.573243322630517,4.49338062,0.07449339,-0.827,0.02474761,98.8753290747412,-148.195415020645,1268.84399427582,0.49173522136409,0.459940553416469,7.31959266224847,0.16018718282939,-1.03944942839107,-891.474946308764,-892.44669543303,-912.960468331754,-914.378405618116,1.391470196262,-928.962318498384,1.59593014185621,1832.50513574637,1863.08736901014,NA,2389.492573531,0.338843360465443,1.02032816699861
"1000",-5.86,0.79,-5.86,0.83,1.359326,9.604077,-1.1484446,0.2002995,35,35,-6.82782502859379,0.852594644431466,-4.983208664972,0.739356583245762,1.40598070709823,13.786734778762,-1.7113691456009,0.243803064167304,1.40598070709823,6.64135487300255,-5.90551684678289,0.795975613838614,1.40598070709823,14.6373871609973,-1.76358934076289,0.247008778792578,1.40598070709823,7.51350794526204,3.71252455709465,0.0885209604909892,-0.552271766525083,-7.70602799301482,-6.53605469534553,2.26126448341963,5.9636188936119,-4.84737951281977,0.60758283145549,-3.44951376134519,0.514571765999779,6.83593821,0.12895059,-0.936,0.02992213,63.1809860794432,-76.806729030049,1263.74456591786,0.00527763073158437,0.00448332135933511,10.4048718923099,0.185274686207875,-1.33604369124352,-909.167548922041,-914.135718674954,-921.110218657291,-928.675758826801,7.76124259366347,-963.105776477571,10.3445714781225,1867.89034097292,1879.38686966121,NA,2450.68240280567,0.537846762546944,1.31412411577783
