"","EFT_ln_k","EFT_s","NCC_ln_k","NCC_s","sigma_sq","Sigma_11","Sigma_12","Sigma_22","n_EFT","n_NCC","EFT_est_ln_k","EFT_est_s","NCC_est_ln_k","NCC_est_s","est_sigma_sq","est_Sigma_11","est_Sigma_12","est_Sigma_22","est_con_sigma_sq","est_con_g","red_est_ln_k","red_est_s","red_est_sigma_sq","red_est_Sigma_11","red_est_Sigma_12","red_est_Sigma_22","red_est_con_sigma_sq","red_est_con_g","mse_ln_k","mse_s","err_inprod","EFT_ln_k_mazur","NCC_ln_k_mazur","est_sigma_sq_mazur","est_g_mazur","EFT_ln_k_nl","EFT_s_nl","NCC_ln_k_nl","NCC_s_nl","var_ln_k_nl","var_s_nl","corr_ln_k_s_nl","var_residual_nl","lik_ut_nl","BIC_ut_nl","deriv_offset","p_value_nl","p_value_nl_lrt","mse_ln_k_nl","mse_s_nl","err_inprod_nl","lik_uc","lik_uc_red","lik_con","lik_con_red","F_con","lik_mazur","F_mazur","BIC_lin_uc","BIC_lin_con","BIC_mazur","BIC_nl","mh_dist_lin","mh_dist_nl"
"1",-5.76,0.83,-5.86,0.83,1.359326,9.604077,-1.1484446,0.2002995,35,35,-4.78402285807898,0.763239668348012,-5.82174879024363,0.801156918655591,1.39005475560879,11.0989694291764,-1.42606409844506,0.25315652890878,1.39005475560879,9.40538211519086,-5.3028858241613,0.782198293501802,1.39005475560879,11.3681882067481,-1.4359010269252,0.253515958376502,1.39005475560879,9.8225399337586,3.54647860322068,0.0962337277473275,-0.568503153086277,-6.19457964763477,-7.00640441430664,2.28184169549806,9.09584469686359,-3.20113048696768,0.50933471879912,-4.00533362839642,0.546045834014899,5.33186375,0.12746578,-0.861,0.03123957,40.0771913370179,-30.5991395451984,1268.25537280469,0.148154374916992,0.133996147597101,8.8362951661804,0.193465399142542,-1.24662920353481,-924.566039600064,-926.36144038597,-939.931573133844,-942.683119613308,2.72615953441957,-978.325023707823,3.40442194470567,1898.68732232897,1917.02957861432,NA,2505.91160606419,0.543689332698309,1.26427725907539
"2",-5.76,0.83,-5.86,0.83,1.359326,9.604077,-1.1484446,0.2002995,35,35,-5.08954045737433,0.763396832564857,-7.02084430552164,1.06506452292123,1.26927410672697,10.6933226085164,-1.26443152657179,0.228630851134196,1.26927410672697,11.9202816756301,-6.05519238144798,0.914230677743046,1.26927410672697,11.6258062469835,-1.41008451938354,0.251381699985434,1.26927410672697,12.0920085769112,3.11730891068472,0.0774227255192433,-0.474583851820499,-6.49916090319551,-6.63320671469135,2.03596798333198,12.4897032027501,-3.82477658571977,0.569151222848521,-5.40827330121287,0.813184994085273,8.42696048,0.17231322,-0.881,0.02418254,83.5790462915785,-117.60284945432,1323.31450314986,0.157671368265436,0.156749522012684,6.69661858768092,0.170498118153622,-1.02023589811649,-911.268857732675,-913.939686587262,-932.814828296054,-933.739088145062,0.903806091870689,-960.535301129734,0.0778538544942915,1872.09295859419,1902.79608893874,NA,2529.02615684541,0.459520429754811,1.05071503788248
"3",-5.76,0.83,-5.86,0.83,1.359326,9.604077,-1.1484446,0.2002995,35,35,-6.39775938894116,0.901127531731024,-5.24568174533151,0.807785413083129,1.23060091017741,7.08352286137673,-0.980434164278857,0.198828008891418,1.23060091017741,8.42864749618973,-5.82172056713633,0.854456472407076,1.23060091017741,7.41534358560303,-1.00731850630421,0.201006196669837,1.23060091017741,8.69692731627928,2.72516326817669,0.07715650353221,-0.443651602740024,-6.98681596967759,-6.39084651484951,1.88899273333846,8.76191948242884,-4.86642419124349,0.689921657924768,-3.87294065285874,0.594768946129005,4.3436553,0.1156016,-0.83,0.0238974,99.7808083210389,-150.00637351324,1236.644731195,0.220031255804961,0.178847960140391,6.03871213050369,0.135406565345011,-0.871850450605528,-886.122464285826,-887.930046205655,-903.180703281909,-905.144651498404,1.93485097130444,-930.857714710365,2.29207833311962,1821.80017170049,1843.52783891045,NA,2323.28308887676,0.442893453245678,0.839103928929029
"4",-5.76,0.83,-5.86,0.83,1.359326,9.604077,-1.1484446,0.2002995,35,35,-4.97108395252028,0.654209984203432,-6.04613014565649,0.847660267934705,1.27814811450856,10.6665058793177,-1.2140934760162,0.191018228767072,1.27814811450856,9.48913822226453,-5.50860704908839,0.750935126069068,1.27814811450856,10.9554369586618,-1.26608547378781,0.200373981836,1.27814811450856,9.55831789095338,3.06036358600381,0.0857785388139498,-0.496030082123368,-7.0312113866185,-6.95373084837754,2.05571463098064,9.7695102186975,-3.35615814448982,0.439355998674821,-4.14582401272439,0.591986439287192,4.47902561,0.10708898,-0.831,0.02651667,75.8210850440496,-102.086926959262,1254.73787795067,0.329099850080837,0.27544097142251,9.03001194204424,0.170678970574619,-1.20900487296614,-900.362492135406,-901.634213299522,-919.929699913624,-920.389859490243,0.44848464870609,-955.017814000051,0.0322681033955507,1850.28022739965,1877.02583217388,NA,2407.38882894208,0.491903389186428,1.1094699527547
"5",-5.76,0.83,-5.86,0.83,1.359326,9.604077,-1.1484446,0.2002995,35,35,-6.40224489293049,0.855935594900367,-5.66313780514311,0.787802710409953,1.38119677795442,8.1868772302154,-1.00873449219949,0.19877057521913,1.38119677795442,9.44554312500687,-6.0326913490368,0.82186915265516,1.38119677795442,8.32344705201978,-1.02132386665905,0.199931097706376,1.38119677795442,9.52334133626619,3.29138958415877,0.0893080495003536,-0.526685051029742,-7.26054333899493,-6.92735434626766,2.06765779850859,10.5780845732644,-3.93968246097875,0.517983294700608,-3.95491049469366,0.560496316663323,4.32730711,0.13116732,-0.841,0.02532771,87.1400422218989,-124.72484131496,1315.82292741415,0.720172417299636,0.716910130202719,9.13333490588806,0.173590607378308,-1.21332893306819,-917.512252074227,-918.030093031529,-938.634995393018,-939.154422145225,0.506462737487425,-958.970907774639,0.551839611363132,1884.57974727729,1914.43642313266,NA,2506.92101351334,0.508043522809614,1.17350659251575
"6",-5.76,0.83,-5.86,0.83,1.359326,9.604077,-1.1484446,0.2002995,35,35,-5.84572467856952,0.806151432890415,-6.28841462648339,0.914208367134528,1.37489903476552,8.29403756907842,-0.951352809769122,0.194179682455695,1.37489903476552,11.0576317399754,-6.06706965252645,0.860179900012472,1.37489903476552,8.34303116657442,-0.963311739417188,0.197098757715255,1.37489903476552,11.10223889873,2.56222970247688,0.0689105972606191,-0.408925391263216,-7.00062427925096,-6.79953897481107,2.01687263865473,13.0458986127247,-4.6332709177606,0.648044208015192,-4.84241654587871,0.706679673561843,3.90830399,0.09132045,-0.726,0.02166577,120.126648268945,-190.698053409054,1335.20236635974,0.805297134201127,0.794520854293304,7.22606354782534,0.163861664891027,-1.03628851120013,-921.760021172073,-922.165948419955,-947.561900486269,-947.820387355481,0.251565718768871,-959.640734344265,0.169855503817594,1893.07528547298,1932.29023331917,NA,2479.70667931043,0.389868767934739,1.05970937889787
"7",-5.76,0.83,-5.86,0.83,1.359326,9.604077,-1.1484446,0.2002995,35,35,-6.01229209158022,0.808067557454408,-6.31989445177257,0.921713698021373,1.37279848108016,8.88629135179951,-1.06525430908477,0.193759821029365,1.37279848108016,9.08360086032204,-6.1660932716764,0.86489062773789,1.37279848108016,8.90994615479849,-1.07399376435106,0.196988682345807,1.37279848108016,9.19151848705272,2.77738171852278,0.0760684754108223,-0.44590325091625,-7.15577591794459,-6.7863039808295,2.0106082097502,10.3735760453889,-4.2912361771286,0.576761398723316,-3.93596118855786,0.577243031349224,4.23189843,0.10974829,-0.822,0.02631197,80.830704193678,-112.106165258519,1303.57222790657,0.509612070462166,0.465743788537835,9.67748281005397,0.200161857876603,-1.34762842960952,-914.984370788231,-915.692289440162,-934.672190275778,-935.417370127195,0.727755760996277,-951.492259079149,0.710371270961538,1879.5239847053,1906.51081289818,NA,2495.03829055462,0.434357993704838,1.26563106714562
"8",-5.76,0.83,-5.86,0.83,1.359326,9.604077,-1.1484446,0.2002995,35,35,-5.58750588025785,0.879432028759384,-5.99872707858554,0.75891830288319,1.52357737259849,9.15109039230234,-1.08381050043499,0.1912904168467,1.52357737259849,8.06926505892777,-5.7931164794217,0.819175165821287,1.52357737259849,9.19336611079084,-1.07142105074255,0.19492130637784,1.52357737259849,8.82275786659363,2.89963462203922,0.0733221959717409,-0.446622864953789,-6.30581865355807,-7.43502944534181,2.19805883984855,9.33224422289065,-3.79929615358395,0.59760984762079,-3.99939173142327,0.506082685359884,4.52450283,0.10006172,-0.843,0.02901387,63.1807302927114,-76.8062174565853,1298.90654913089,0.0283417443669623,0.0228139611284906,9.25142970827995,0.204034719221239,-1.28988507894827,-933.941747557445,-937.515683578111,-952.782237975544,-958.368986541013,5.64957696002505,-969.970097416514,6.68133156676905,1917.43873824373,1942.73090829772,NA,2521.00688080519,0.428502584095795,1.40533303287291
"9",-5.76,0.83,-5.86,0.83,1.359326,9.604077,-1.1484446,0.2002995,35,35,-5.6216622080165,0.8251286311925,-5.51664881698359,0.720103943271741,1.393870428006,4.70249590818225,-0.352575908159081,0.0981754528089655,1.393870428006,10.6351761730949,-5.56915551250005,0.77261628723212,1.393870428006,4.70525286125632,-0.355333157814265,0.100932999077179,1.393870428006,10.8229610464482,3.91420901261614,0.104304228065824,-0.625499262716803,-6.66350057194018,-7.18419709432029,1.84616317858326,14.8688582547026,-4.37932139756191,0.638417809019443,-3.89039575079313,0.500263338926177,4.10519713,0.0942032,-0.737,0.02586904,83.9000150477144,-118.244786966591,1336.31933998291,0.308617460973699,0.274177550822136,4.84386189533766,0.113937297790957,-0.686778907793783,-908.992073453558,-909.857868849301,-948.422854718793,-949.543593488968,1.09747984887011,-942.244266206936,1.10128709449696,1867.53939003595,1934.01214178421,NA,2554.39389299923,0.577176908805208,0.805319708708099
"10",-5.76,0.83,-5.86,0.83,1.359326,9.604077,-1.1484446,0.2002995,35,35,-5.46989113801179,0.736449412103067,-7.08702004018938,0.970424514214183,1.41729647735797,6.74346049157221,-0.899259779456116,0.170047056647873,1.41729647735797,6.16388028375164,-6.27845558910059,0.853436963158625,1.41729647735797,7.39723696313674,-0.993851754459576,0.18373314374985,1.41729647735797,6.28046960195472,2.19654522836753,0.0567097649403281,-0.335892071781469,-7.04005734176537,-7.26322313125836,2.02538716765096,6.8336048356323,-4.15620048965572,0.563382977746327,-5.4060790554655,0.738180106419237,4.57245,0.09804775,-0.876,0.02798554,79.2526324213834,-108.950021713929,1267.38390238395,0.238942113758234,0.18336363387611,7.39651858121229,0.16753342024377,-1.07812079038624,-904.424917167532,-906.697149326836,-918.557541490998,-919.687592976017,1.10667310504764,-940.236093646837,0.373536019604058,1858.4050774639,1874.28151532862,NA,2425.81778305397,0.35237546172946,1.01559612694713
"11",-5.76,0.83,-5.86,0.83,1.359326,9.604077,-1.1484446,0.2002995,35,35,-5.72330088990198,0.831455436691031,-6.57891178572173,0.878832126829237,1.57504801690491,5.46786186970138,-0.541046142871067,0.104102750777402,1.57504801690491,6.62321904518653,-6.15110633781186,0.855143781760134,1.57504801690491,5.65087937096274,-0.551180145943598,0.104663888469515,1.57504801690491,6.80901026184097,3.73586028089271,0.100050116090719,-0.596855466211342,-6.72744578385169,-7.30079861948525,1.9473664233821,9.5722052471931,-3.95882946230017,0.569386948915658,-4.08864570885892,0.547852815649849,2.9974095,0.07062966,-0.758,0.02930234,67.1646051237194,-84.7739671186014,1289.91212663689,0.679336670952164,0.675405187365487,8.91046055241871,0.180650328595381,-1.22732580706387,-923.353250226217,-924.493614827872,-948.763803076515,-950.449368175647,1.65727924878128,-941.104963020941,1.90010511651424,1896.26174358127,1934.69403849966,NA,2495.05028615517,0.559338043417392,1.15864336955781
"12",-5.76,0.83,-5.86,0.83,1.359326,9.604077,-1.1484446,0.2002995,35,35,-4.83112900941053,0.725015775678099,-5.73214960693686,0.837577931720768,1.6396903319742,7.97174959483179,-0.792193953816962,0.130433678250089,1.6396903319742,7.45676085025601,-5.28163930817369,0.781296853699433,1.6396903319742,8.17470912412346,-0.817549159091066,0.133601237993333,1.6396903319742,7.50226261110878,2.18118636527306,0.063267210591981,-0.355478335020197,-6.4694138603041,-6.69981825981628,2.17731138280187,9.91908018383165,-2.92049821564313,0.445750214637473,-3.92555261229007,0.564625092986394,2.82487764,0.05175791,-0.692,0.03406253,33.5470671234975,-17.5388911181577,1255.96710299014,0.258048293416,0.231699440382848,10.237197007005,0.216676613181292,-1.45072678111416,-940.866258561384,-941.486533101502,-965.881830315786,-966.257457003243,0.365875279291435,-969.580039204978,0.265718564928749,1931.2877602516,1968.9300929782,NA,2494.39531486212,0.377036807763301,1.32170882148613
"13",-5.76,0.83,-5.86,0.83,1.359326,9.604077,-1.1484446,0.2002995,35,35,-6.34314902164268,0.922332660454639,-5.0840214867797,0.747618158007774,1.5047477182331,11.1444496785244,-1.33288797670278,0.221826277717731,1.5047477182331,8.60496225747093,-5.71358525421119,0.834975409231207,1.5047477182331,11.5408002157869,-1.38788493689546,0.229457567059045,1.5047477182331,8.67773732530692,2.86696120246319,0.0712382724223857,-0.433726302210825,-6.80587093269101,-6.58764719256731,2.26537474735394,9.35477349605545,-4.35727539263945,0.640304053574862,-3.50611052228556,0.505435303197064,7.3703713,0.1534791,-0.886,0.028028,57.2145887376942,-64.8739343465509,1288.41114747047,0.534872811083114,0.511095048245059,7.62898676490521,0.167411988869793,-1.09216329393141,-936.554379724618,-937.529342962284,-953.752659434294,-954.281037622653,0.515223743747502,-977.436896167917,0.241585182000875,1922.66400257807,1944.67175121522,NA,2511.94836059439,0.433567914627433,1.037328387194
"14",-5.76,0.83,-5.86,0.83,1.359326,9.604077,-1.1484446,0.2002995,35,35,-5.26605901520178,0.742260794897218,-6.46430066876805,0.936660817139187,1.51911221772112,12.9533895932989,-1.64043446733601,0.267898991178251,1.51911221772112,8.28566548858996,-5.86517984198492,0.839460806018202,1.51911221772112,13.3123353583842,-1.69866901836214,0.277346833340171,1.51911221772112,8.34187702821847,2.74693167051374,0.0684206416564921,-0.418416738259953,-6.80160250407824,-6.84165912998427,2.41731782758813,8.07194993993962,-3.65346882146336,0.522063940569558,-4.28692832262482,0.627579562310096,6.75763226,0.1481868,-0.895,0.03268956,30.8703763440216,-12.1855095592058,1293.58826507618,0.682329591898923,0.614916411110259,9.61826037871551,0.206754136691853,-1.36669039921123,-940.784200313805,-941.708422785611,-953.713805622149,-954.136278926322,0.411643591882098,-988.712788783028,0.00870685456779958,1931.12364375645,1944.59404359093,NA,2574.99102059315,0.40721358201835,1.27830917311315
"15",-5.76,0.83,-5.86,0.83,1.359326,9.604077,-1.1484446,0.2002995,35,35,-5.79371844953133,0.858143353190803,-7.02469670143745,0.940050958987733,1.40100472737756,8.16918751218087,-0.798019505615502,0.122205541746749,1.40100472737756,8.26515679857651,-6.40920757548439,0.899097156089268,1.40100472737756,8.54801437634734,-0.823226125965934,0.123882755718595,1.40100472737756,8.6205765626348,3.27003647407314,0.083211399734935,-0.508182056767292,-6.63886364300255,-7.38185757478641,1.7982642118161,11.4494119851325,-4.07643135870665,0.600074567653083,-4.55453387586371,0.602319155975739,4.32231919,0.05863679,-0.817,0.02828452,74.7109570825443,-99.8666710362512,1307.46624670157,0.319699426155842,0.302122161491627,9.49627750253346,0.199781782232954,-1.32952546449608,-907.394277514574,-909.053741082751,-933.729598305747,-936.364637235335,2.60854127797134,-927.309808832701,2.93437189596459,1864.34379815799,1904.62562895812,NA,2515.06582236688,0.474426626774592,1.26833441785364
"16",-5.76,0.83,-5.86,0.83,1.359326,9.604077,-1.1484446,0.2002995,35,35,-7.27224002954839,1.04483172158537,-6.03242227907022,0.81375016058816,1.44259394254369,12.1703304453695,-1.61121262724046,0.273482289492901,1.44259394254369,8.18530819597331,-6.65233115430931,0.929290941086767,1.44259394254369,12.5546174589697,-1.68283738252359,0.286831961451129,1.44259394254369,8.27894083036957,3.31346528545062,0.0818826815550574,-0.506226416000819,-7.00514423343895,-7.14205062644984,2.30735109462827,7.75308575718954,-4.57825902307729,0.660880441988244,-3.56409263525087,0.474642047726143,3.40730836,0.08526087,-0.838,0.0318335,51.1682957141442,-52.781348299451,1315.34399567467,0.175825494700355,0.128387821563727,15.3660544561008,0.33361195024961,-2.21131284312383,-929.035303201601,-930.374400173089,-940.290746649349,-941.000695976939,0.693174252088469,-976.053639433185,0.110438259019422,1907.62584953204,1917.74792564533,NA,2577.90664304988,0.475136896640215,1.98871242984248
"17",-5.76,0.83,-5.86,0.83,1.359326,9.604077,-1.1484446,0.2002995,35,35,-5.97810960685745,0.820983114249838,-5.12316065278763,0.736854510225085,1.26969179454986,7.03761919812447,-0.961086250621427,0.180510289738607,1.26969179454986,6.757588352076,-5.55063512982254,0.778918812237461,1.26969179454986,7.22035362664074,-0.979067666126005,0.182279695242395,1.26969179454986,6.85620691416424,3.25726969159765,0.0863189328752392,-0.510950683980102,-7.04464588799086,-6.69091338675739,1.95465607180943,6.7867750636558,-4.13583026328508,0.577418625825557,-3.71641948489537,0.538330195464724,3.33484767,0.10532308,-0.855,0.02754512,77.1257581997959,-104.696273270754,1193.35434392557,0.675845466788154,0.656381268656574,6.95960053106374,0.141453788826131,-0.965836746612924,-883.991411673064,-884.859607584376,-897.186563169436,-898.070831347571,0.864451929858599,-931.317311546932,0.978292916667957,1817.53806647497,1831.5395586855,NA,2282.01241458039,0.509032654610452,0.883179392279471
"18",-5.76,0.83,-5.86,0.83,1.359326,9.604077,-1.1484446,0.2002995,35,35,-6.4457055508832,0.94730083261446,-6.79679288768575,0.965261174788883,1.20458445499768,6.59390476679131,-0.87675403794513,0.182390304112471,1.20458445499768,8.96104031270279,-6.62124921928447,0.956281003701672,1.20458445499768,6.62472034630709,-0.87833045012065,0.182470947585226,1.20458445499768,9.00491177128083,3.42623984047057,0.0932887481001788,-0.551588396675383,-6.75967355321255,-7.00375781893428,1.75094694189989,10.1656640791357,-5.08382163832087,0.739460306867044,-5.4086809647116,0.768462966805261,6.08260404,0.14940089,-0.868,0.02009305,132.123286075326,-214.691329021814,1281.83078128307,0.863699164453356,0.898394221012223,4.6486204184498,0.115479002108149,-0.702267921479662,-881.859746623024,-882.094807145468,-901.790578261584,-902.098202664369,0.299492732651867,-916.967803001521,0.362634389299318,1813.27473637488,1840.7475888698,NA,2348.97023354432,0.52133980301802,0.706311844317245
"19",-5.76,0.83,-5.86,0.83,1.359326,9.604077,-1.1484446,0.2002995,35,35,-5.89636945590036,0.862740921368995,-6.68973693349868,0.878295843161399,1.25610126097843,6.18933261414306,-0.593100572871201,0.117434807158796,1.25610126097843,9.99992984297097,-6.29305319469952,0.870518382265197,1.25610126097843,6.34669060277074,-0.59618576513787,0.117495296056788,1.25610126097843,10.3423702780815,2.46396138657856,0.0654827331702116,-0.383456944063375,-6.71412352787777,-7.41481880658116,1.65394344705148,13.6861430251453,-4.9079956179024,0.737367276981894,-5.3534545284714,0.715406329134309,5.11750505,0.11132864,-0.785,0.02023938,133.820167278176,-218.085091427515,1328.02041017579,0.27595180767428,0.268364506897144,4.89773540716828,0.0923123801573838,-0.630057099312494,-888.471194807231,-889.750625709355,-918.995212126547,-921.141160184158,2.11691800947226,-912.596324271263,2.40534255436311,1826.4976327433,1875.15685659972,NA,2437.95572892407,0.399614071234504,0.695173409534452
"20",-5.76,0.83,-5.86,0.83,1.359326,9.604077,-1.1484446,0.2002995,35,35,-5.86167991604035,0.805098754445625,-5.84714236699238,0.869451601118492,1.27773639325762,11.1037829537585,-1.49590106456579,0.282777656885716,1.27773639325762,11.0520007096006,-5.85441114151637,0.837275177782059,1.27773639325762,11.1038357888416,-1.49566718139957,0.283812979104441,1.27773639325762,11.1676442462261,2.89693168120691,0.0825120620648969,-0.476193951262349,-7.02285110249445,-6.62491594554364,2.19719612413779,10.1475051024067,-4.01219926762762,0.553510529759941,-4.23558186979784,0.632220582262249,7.69762372,0.18094158,-0.878,0.02115937,110.926283238134,-172.297323347432,1309.90987091427,0.629343631479846,0.611995872602643,6.85324369589127,0.163333731891405,-1.01219209826161,-913.542993880902,-913.982913635026,-929.573095938201,-930.241570566779,0.652485896741527,-972.532035632196,0.769351982970591,1876.64123089064,1896.31262422303,NA,2447.52241848111,0.461237969691263,1.019364658263
"21",-5.76,0.83,-5.86,0.83,1.359326,9.604077,-1.1484446,0.2002995,35,35,-6.41325009888971,0.945618844547181,-6.00744252935316,0.888424513198188,1.16413313433323,11.4263184060563,-1.55311310793079,0.261556810684297,1.16413313433323,8.62400981690057,-6.21034631412143,0.917021678872685,1.16413313433323,11.4674883519296,-1.55891558107979,0.262374608568912,1.16413313433323,8.63343609687693,3.20607103802982,0.0813735159759095,-0.495228817205211,-6.73723895087618,-6.67218040735049,1.96200565406065,7.45708374090084,-4.67675407161603,0.700889089302292,-4.93207780134389,0.73884618745514,8.19090026,0.18926229,-0.918,0.02406917,90.8341244033705,-132.113005677904,1241.30812672434,0.95474824988017,0.939903640675955,5.09941097495792,0.115378082435908,-0.743750323991984,-881.800489798437,-881.903921922483,-891.012447419581,-891.08097568174,0.066602907788689,-935.127009881476,0.0303553153364789,1813.15622272571,1819.19132718579,NA,2350.50324777077,0.473250527301697,0.69646242907871
"22",-5.76,0.83,-5.86,0.83,1.359326,9.604077,-1.1484446,0.2002995,35,35,-6.88920698471114,1.00188366965352,-5.16262055854617,0.718238631376062,1.3465264002027,9.48088987979811,-1.02575610296278,0.161505285925507,1.3465264002027,8.84092069030968,-6.02591377162865,0.86006115051479,1.3465264002027,10.2261650515524,-1.14819052119751,0.181618912860362,1.3465264002027,8.97458393003698,3.12721298451054,0.0799407759297539,-0.478996674866637,-6.87798456835233,-6.84128188147092,1.94272849686635,10.4705443173297,-4.80340960475842,0.712012260127723,-3.51039083208045,0.482510868188056,4.6621995,0.08976901,-0.825,0.02570504,85.4023759540618,-121.249508779286,1270.33086130063,0.0701454490978222,0.054801545984332,9.57209300451194,0.205365148043716,-1.36718351023569,-906.172672183028,-909.024846844292,-928.232749070196,-929.177117520115,0.923602637140066,-943.375154300017,0.00719360423493295,1861.90058749489,1893.63193048702,NA,2419.41221382197,0.48602910201299,1.23908764767578
"23",-5.76,0.83,-5.86,0.83,1.359326,9.604077,-1.1484446,0.2002995,35,35,-6.27967167587666,0.892936111422009,-5.99694473263349,0.8393688420395,1.50947778190321,9.39774140838162,-1.22581161452073,0.217945512111214,1.50947778190321,7.14402022190702,-6.13830820425507,0.866152476730755,1.50947778190321,9.41772503949053,-1.22959784210333,0.218662875198489,1.50947778190321,7.14901350395681,3.27067891197661,0.0929603146111311,-0.537855675212356,-6.9175306191219,-6.95394360526744,2.21050691876893,7.68671989297598,-4.50793808896393,0.649920926242988,-4.33215435285174,0.608741739799075,5.72314267,0.14056634,-0.876,0.02849826,61.395088132586,-73.2349331363346,1286.41631933327,0.916502314615916,0.902856378272419,7.7761894136028,0.164774395365757,-1.10171009112214,-929.463640191711,-929.548225813151,-942.971876316455,-943.014781739756,0.0416923300942051,-965.282077370906,0.00821697294223805,1908.48252351226,1923.11018497954,NA,2499.5977055302,0.516758637186499,1.00793694425081
"24",-5.76,0.83,-5.86,0.83,1.359326,9.604077,-1.1484446,0.2002995,35,35,-5.13871330849302,0.812579585410012,-5.19111307574722,0.714829808071119,1.29660594270591,10.278153411976,-1.25413783042443,0.223724086959599,1.29660594270591,10.375634690866,-5.16491319212012,0.763704696740566,1.29660594270591,10.2788398458781,-1.252857314029,0.22611284170205,1.29660594270591,10.6639249216158,2.76801750609962,0.0749471484908927,-0.439014602839959,-6.25531563987452,-6.89008328582224,2.13207649726307,10.3622487837997,-3.42557237689715,0.53259517324594,-3.51783767434648,0.49070426456296,5.77150345,0.12029918,-0.883,0.02844013,59.0135804813505,-68.4719178338635,1242.43653672256,0.440948738049767,0.426231841898634,7.24190049329521,0.17941790071648,-1.06587989862945,-910.2820668396,-911.485816635449,-929.121803566522,-930.873692040846,1.72330917999035,-965.828868134519,1.97929008804126,1870.11937680804,1895.41003947967,NA,2416.40115561126,0.439612091825149,1.19961004425976
"25",-5.76,0.83,-5.86,0.83,1.359326,9.604077,-1.1484446,0.2002995,35,35,-5.49946900077187,0.823121955041282,-5.0539457076949,0.658681200459907,1.46815162748779,7.31728840115666,-0.746429618655327,0.146102026352254,1.46815162748779,9.48847163017892,-5.27670735423338,0.740901577750594,1.46815162748779,7.3669111523252,-0.764745165279617,0.152862216794077,1.46815162748779,9.69946339494263,3.33411084610926,0.086628348775799,-0.520152607706232,-6.55326262193729,-7.08743479235283,2.12003949527489,11.6090106245765,-3.61285380120368,0.547229436369001,-3.75622397154905,0.497587434783805,4.64894608,0.10483012,-0.834,0.02913605,58.4617085170622,-67.3681739052871,1282.13801927281,0.326190200251482,0.303849568906935,6.58665390963846,0.139841758531153,-0.879469084091286,-925.954205739824,-927.419627871596,-953.880283518265,-955.27446485241,1.36792475680153,-968.085796323586,1.270236287721,1901.46365460849,1944.92699938316,NA,2496.90786464033,0.504447581217284,1.06208118136417
"26",-5.76,0.83,-5.86,0.83,1.359326,9.604077,-1.1484446,0.2002995,35,35,-7.04594130974918,0.985743561568615,-6.16769347874763,0.88611044928467,1.3285596797962,6.84578345716231,-0.895444597246221,0.169465874817899,1.3285596797962,6.9066658476366,-6.6068173942484,0.935927005426643,1.3285596797962,7.03861327032704,-0.917320238436048,0.171947564083746,1.3285596797962,6.97663893813045,2.39911057976878,0.0596743329313538,-0.362124819408173,-7.13087748078747,-6.84621795073182,1.8502404926827,8.00824668529297,-5.02282351606977,0.701569212296607,-4.16931128887406,0.591977755078356,5.07638979,0.12580783,-0.883,0.02466349,98.8033947258236,-148.05154632281,1271.06764000283,0.484680897325718,0.45769532711609,7.71310268179081,0.168917682690305,-1.10980835018393,-894.061655009162,-894.821525010561,-909.622688937137,-910.239455798759,0.601792240278334,-922.9671257739,0.578535436605645,1837.67855314716,1856.4118102209,NA,2394.08373368284,0.36691323535332,1.02208356336647
"27",-5.76,0.83,-5.86,0.83,1.359326,9.604077,-1.1484446,0.2002995,35,35,-4.90389950578128,0.739843847460321,-7.07623103722453,0.953195593313068,1.41156308774052,6.56792390127149,-0.890530419741775,0.179913008178064,1.41156308774052,6.94200917415985,-5.9900652715029,0.846519720386695,1.41156308774052,7.74767997189714,-1.00639810094287,0.191292750042668,1.41156308774052,7.51715965419092,3.31799089834487,0.0885248481397705,-0.526828265379032,-6.45384254205374,-7.3550795806977,2.04820448838225,7.69591713332614,-3.16603143630173,0.477600377099194,-5.15908241176701,0.696951690586703,4.01040461,0.10969355,-0.877,0.02787378,76.6206256444643,-103.686008160091,1255.00476428264,0.00306757968628063,0.00195080523882628,9.16155212527225,0.184499216465304,-1.24261493576252,-908.096169740299,-913.230134009789,-924.782448914433,-929.676612558408,4.92447588317605,-946.635827746086,5.42670631753771,1865.74758260944,1886.73133017549,NA,2406.32352040519,0.503872256060192,1.24486023116412
"28",-5.76,0.83,-5.86,0.83,1.359326,9.604077,-1.1484446,0.2002995,35,35,-5.6894354068762,0.873327627990913,-5.31906579459887,0.756421193560631,1.3227406442632,9.83146897296303,-1.29113880408495,0.254481332235216,1.3227406442632,10.9175246607529,-5.50425060073754,0.814874410775772,1.3227406442632,9.86576238538765,-1.30196345178312,0.257898110838017,1.3227406442632,11.0108451203879,3.82342104827149,0.104280520763274,-0.615353532591792,-6.44411662032032,-6.77024529252243,2.18849895107798,10.7342373904907,-4.42110013186579,0.680330502221032,-3.49354082745457,0.489459402530589,6.37748417,0.14286438,-0.843,0.02510804,78.0735912099602,-106.591939291083,1286.03981228857,0.226830472275076,0.164008711652783,6.71539065298746,0.177425914726019,-1.04313031349133,-918.137474418674,-918.648191351423,-937.268507996241,-937.814509696633,0.532475613503775,-973.355655813912,0.492860159400655,1885.83019196619,1911.70344833911,NA,2465.48768528606,0.585264566974605,1.07999771504597
"29",-5.76,0.83,-5.86,0.83,1.359326,9.604077,-1.1484446,0.2002995,35,35,-6.0787206888001,0.935495232688895,-5.63333076623472,0.741962103948628,1.39205184926849,9.17919877592246,-1.18271679759331,0.200731826076799,1.39205184926849,6.84211003609291,-5.85602572751741,0.838728668318762,1.39205184926849,9.22879182170316,-1.20426622389917,0.210095594056799,1.39205184926849,7.21665674644995,2.60132527588907,0.0645355528520187,-0.397730478946226,-6.46302340055309,-7.17065377849068,2.09167643244095,7.06641913627395,-4.41821615201545,0.686874615136026,-4.26576519087381,0.559989111354694,5.90351276,0.13640843,-0.895,0.02601996,82.6908269826305,-115.826410836424,1240.16831264846,0.0463718513140443,0.0411403907709985,6.33624494616892,0.147904063635182,-0.922719365439212,-908.111372111669,-910.940017918588,-920.486245016639,-923.752127852457,3.24774533729545,-949.151356298167,3.531706550156,1865.77798735218,1878.13892237991,NA,2364.51021446049,0.375856811473592,0.942916417871837
"30",-5.76,0.83,-5.86,0.83,1.359326,9.604077,-1.1484446,0.2002995,35,35,-5.90682408299808,0.796500244351794,-5.53135894662093,0.839919232755723,1.28318614294667,13.849680718794,-1.87968176975984,0.346634658034086,1.28318614294667,12.6463572495458,-5.71909151480951,0.818209738553759,1.28318614294667,13.8849242359527,-1.87560619065923,0.347105960172591,1.28318614294667,12.9238393916442,3.54046251925202,0.0952009661952197,-0.566666273960784,-7.11922296755638,-6.48507873379213,2.40965924106055,10.4437551226612,-3.68164255345555,0.49001254765987,-3.57941601873548,0.550559876084783,5.39636222,0.14218914,-0.85,0.02660608,70.117502144273,-90.6797611597086,1322.94812034558,0.33159854058626,0.315830810974265,11.4586056628008,0.254027124313954,-1.63207057121305,-924.539547284491,-925.425385334658,-939.312773535062,-940.721860752393,1.38269761795362,-996.064336687958,1.73539710737703,1898.63433769782,1915.79197941675,NA,2555.21647953145,0.532272317071606,1.63065125725017
"31",-5.76,0.83,-5.86,0.83,1.359326,9.604077,-1.1484446,0.2002995,35,35,-6.16041899299817,0.843308196386435,-5.82655459946272,0.805336918158682,1.47498568756145,10.268037231222,-1.27396395086065,0.214514586733987,1.47498568756145,7.70508687240189,-5.99348679623045,0.824322557272559,1.47498568756145,10.2959035895397,-1.27713326530497,0.21487504122655,1.47498568756145,7.714132809544,3.95126168087202,0.0995332950501074,-0.61061935848126,-7.09394821181907,-6.986306868144,2.20315650627597,8.25529693261698,-4.29173264935183,0.595645427130884,-3.60707106307696,0.48874553859631,5.04141069,0.12971754,-0.869,0.02975611,55.0822635129191,-60.6092838970008,1288.54153022702,0.633473412009908,0.551272852965587,9.84375620764257,0.191579055355889,-1.34048384498737,-927.117005957748,-927.194470463717,-941.972240131237,-942.044943233721,0.0706625602570242,-966.68506365613,0.0676191140400353,1903.78925504433,1921.1109126091,NA,2516.47377655705,0.570196886701314,1.2115356745935
"32",-5.76,0.83,-5.86,0.83,1.359326,9.604077,-1.1484446,0.2002995,35,35,-6.81696311958702,0.956081408252706,-6.375012439816,0.922069578671046,1.2793882089805,8.20695417031415,-0.86695344255838,0.175605558912877,1.2793882089805,12.4634075112777,-6.59598777970151,0.939075493461876,1.2793882089805,8.25578427115166,-0.870711330359348,0.17589476005075,1.2793882089805,12.5045869081518,3.38221803547308,0.0841865780686341,-0.521663351045359,-7.07861872441162,-6.83930172405335,1.81159919289238,15.5866325631739,-4.96078820529287,0.703577844838171,-4.2939802615344,0.641779942504549,5.10550858,0.14219769,-0.805,0.02543176,80.5052968214607,-111.455350514084,1378.44794240823,0.571708716753249,0.530603679578965,8.26813003202995,0.153971498437684,-1.07706811144477,-908.28856996147,-908.475392158019,-937.641753281287,-937.855529654623,0.207985904392611,-939.162226757729,0.226816017240998,1866.13238305178,1912.4499389092,NA,2645.44053430238,0.475866122465358,1.0929011008751
"33",-5.76,0.83,-5.86,0.83,1.359326,9.604077,-1.1484446,0.2002995,35,35,-5.44624005325427,0.769262241306171,-5.45712707999369,0.831041857450101,1.18594106077519,12.0027453217641,-1.37052822423293,0.234800894979851,1.18594106077519,13.5839550519668,-5.45168356662398,0.800152049378136,1.18594106077519,12.0027749536019,-1.37069637331616,0.235755075222574,1.18594106077519,13.6852354769264,3.57917285414962,0.0847294936880762,-0.533110301255045,-6.82091591158543,-6.46373597203903,2.00287963420326,13.5944379482984,-4.11388743725111,0.585070291746721,-4.15397136019282,0.621965756938971,7.89156619,0.14588159,-0.854,0.02123853,109.925210487816,-170.295177846796,1311.00629618568,0.828157143854879,0.799459713373292,5.76789784591684,0.136854224452235,-0.844947750557434,-902.001488092102,-902.369178712042,-924.655886011826,-925.14033111712,0.472236020524833,-959.27585926835,0.519372385991303,1853.55821931304,1886.47820437028,NA,2451.71741452457,0.506244407360542,0.87457542663396
"34",-5.76,0.83,-5.86,0.83,1.359326,9.604077,-1.1484446,0.2002995,35,35,-6.45354081012259,0.942006649733619,-7.72311906276239,1.10391906223155,1.4681333345622,10.3604998709822,-1.26554510182346,0.212469031713938,1.4681333345622,8.01514873811067,-7.08832993644249,1.02296285598259,1.4681333345622,10.7634571058762,-1.31693522125842,0.219022939044163,1.4681333345622,8.11025574002307,3.12003315857823,0.0795964700403388,-0.482427806186521,-6.79905018408128,-7.10399618110309,2.11870560642362,9.01800910789112,-4.38980325559289,0.639959651254809,-5.61109250830724,0.802435636140859,6.33103945,0.13207655,-0.879,0.02596379,82.4623130830668,-115.369383037296,1339.6956939611,0.318843009841757,0.254343449992112,9.55054443132572,0.203266464956406,-1.35664219067078,-927.419170531175,-928.449935897839,-943.281305743148,-944.015915692689,0.717378749693088,-959.880642818998,0.521363708333438,1904.39358419119,1923.72904383292,NA,2564.02200488491,0.465151990644964,1.23865799556479
"35",-5.76,0.83,-5.86,0.83,1.359326,9.604077,-1.1484446,0.2002995,35,35,-7.0156297075785,0.905345509418533,-6.0454459709814,0.813738056683388,1.46132261162141,9.26208677373707,-1.1290432756509,0.190924587338463,1.46132261162141,7.35466701830034,-6.53053783927995,0.859541783050961,1.46132261162141,9.49740089442645,-1.15126229084958,0.193022568687618,1.46132261162141,7.47528295017477,3.08824221742268,0.0766837931036315,-0.470332221441834,-7.57955666873805,-7.15514643029353,2.09174760333991,8.35194726105608,-4.87365796450961,0.629195390396543,-3.54432313616506,0.475713918610308,2.85310183,0.07233416,-0.815,0.03045025,66.6912407965254,-83.8272384642135,1326.53101211199,0.0924667817643222,0.0705198506675165,13.1379341729261,0.250022905273127,-1.7646683414915,-921.043099989737,-921.873606761343,-936.816074148327,-937.819435394657,0.981712777959402,-954.335314893507,1.09573954824228,1891.64144310831,1910.79858064328,NA,2569.23478575976,0.454306380419436,1.61965436830697
"36",-5.76,0.83,-5.86,0.83,1.359326,9.604077,-1.1484446,0.2002995,35,35,-5.60341723039137,0.861109824456684,-5.81148291027962,0.803901877213535,1.21690473980388,7.07092122772062,-0.802430396211368,0.144558563839486,1.21690473980388,8.65087903622186,-5.70745007033549,0.832505850835109,1.21690473980388,7.08174405950746,-0.79945464360183,0.145376751146429,1.21690473980388,8.87349232688106,3.58907538012609,0.0921065753881812,-0.555329732485147,-6.43088895569369,-6.97978478156681,1.73081641062419,10.382695678541,-4.36008296037691,0.673799369229068,-4.41755897930139,0.597397359261741,4.45853222,0.07964368,-0.815,0.02534713,92.9464282921755,-136.337613455514,1234.04404168983,0.166199810676156,0.146111227628565,5.72064355711649,0.139348030076542,-0.853585322514337,-880.361271006035,-881.369714339447,-902.069392885141,-903.665716308481,1.56853108488984,-914.808517702175,1.81982944841838,1810.27778514091,1841.30521811691,NA,2331.75046992414,0.542287985276665,0.865722667636943
"37",-5.76,0.83,-5.86,0.83,1.359326,9.604077,-1.1484446,0.2002995,35,35,-5.77568950314105,0.80246873271977,-5.37975416246553,0.798882533991226,1.34053080439463,10.2670680278319,-1.14980087606984,0.195826633188132,1.34053080439463,10.4823118580667,-5.57772183280329,0.800675633355498,1.34053080439463,10.3062592263308,-1.15015585177367,0.195829848393463,1.34053080439463,10.5739123136286,3.22134095685339,0.086875514523081,-0.511981430748574,-6.95252967846756,-6.57795998181673,2.03854344883147,11.7358621426921,-3.78518623151474,0.529476404037504,-3.67014013961601,0.558412464089698,3.99711304,0.09592482,-0.804,0.02662024,76.0811721088835,-102.60710108893,1274.65836265064,0.63490209697105,0.628448961517342,9.47059877918788,0.189452882238612,-1.28629773906415,-915.602353165012,-915.932689086542,-937.937510170331,-938.493721419656,0.542471851940902,-958.832355945393,0.643078393512523,1880.75994945886,1913.04145268729,NA,2446.70962421236,0.502057130208862,1.25997798947422
"38",-5.76,0.83,-5.86,0.83,1.359326,9.604077,-1.1484446,0.2002995,35,35,-5.33486183840501,0.791177047789081,-6.46293151127618,0.910002666445702,1.20661527068127,9.49664298138674,-1.38999978582402,0.26545867088082,1.20661527068127,8.79116990791513,-5.89889667484059,0.850589857117392,1.20661527068127,9.81477827809966,-1.42351068001569,0.268988552793102,1.20661527068127,8.9451794642209,2.82319434021108,0.0775044176606895,-0.451622473445126,-6.57897495060137,-6.99911233599951,2.06983218194708,7.55242512117777,-3.96963500123645,0.585380094318196,-4.41551386823031,0.626122973669557,6.06333115,0.17057903,-0.897,0.02286476,102.529267812264,-155.50329249569,1235.73563937984,0.708491034613738,0.671097819568023,7.00915120425528,0.159417018409092,-1.02142254041335,-889.448540536047,-890.660898034834,-900.999237760906,-902.091728329013,1.06960148044477,-948.626947617066,1.18660234586655,1828.45232420093,1839.16490786844,NA,2315.96798626399,0.450613390561808,0.973744555117622
"39",-5.76,0.83,-5.86,0.83,1.359326,9.604077,-1.1484446,0.2002995,35,35,-5.67136275251704,0.847670648669968,-6.7146433535095,0.92719479147879,1.36343765137496,5.96640679010483,-0.512911028499955,0.0850531653311769,1.36343765137496,7.9316040317347,-6.19300305301327,0.887432720074379,1.36343765137496,6.23851539320663,-0.533652527375704,0.0866341876535464,1.36343765137496,8.15005186144731,2.61667131754657,0.0694442947323081,-0.41104716091633,-6.5789016095036,-7.14839794608868,1.65770041013422,11.9575603926094,-4.5887043982351,0.67962157328492,-4.85093255578345,0.666319639603592,4.69458984,0.07407144,-0.825,0.02543339,94.2558708799678,-138.956498631098,1272.91570840901,0.525321279948801,0.521331023486572,5.60907736322244,0.122376015858081,-0.787889198223834,-893.847026162518,-895.082143051435,-924.503854243655,-926.195302436796,1.6631337851161,-908.769341367325,1.79679919458759,1837.24929545387,1886.17414083394,NA,2406.87491818692,0.40831691966414,0.808757793495435
"40",-5.76,0.83,-5.86,0.83,1.359326,9.604077,-1.1484446,0.2002995,35,35,-7.00504585927681,0.964148359525269,-6.77423450385988,1.06394821113066,1.3901419026229,6.88326095121391,-0.788321236305155,0.142196490851493,1.3901419026229,7.29742357442517,-6.88964018156834,1.01404828532797,1.3901419026229,6.89657942166125,-0.782562501550292,0.144686493446608,1.3901419026229,7.74216208007615,2.71099885295915,0.070219290239166,-0.421860014896667,-7.21864065590295,-6.39324760981003,1.8194623967331,9.52558529799527,-4.72503359395106,0.646776132254822,-5.18455195160663,0.818122425663174,2.91266058,0.07841011,-0.787,0.02571272,98.4236634825205,-147.292083836204,1292.87618795559,0.0460182158906545,0.0427632198199769,9.43933872582197,0.205324994581296,-1.33595233052008,-903.854439967155,-906.220351683115,-924.100463429636,-927.755337223049,3.644772152826,-924.305758265772,4.23330181968585,1857.26412306315,1885.3673592059,NA,2438.46029207497,0.410798780637974,1.31309684459243
"41",-5.76,0.83,-5.86,0.83,1.359326,9.604077,-1.1484446,0.2002995,35,35,-7.30644728589897,0.975282742055704,-5.80140412482926,0.826482520581164,1.34474637108835,7.57888305892202,-0.872032715297396,0.150893991323179,1.34474637108835,7.61915592844577,-6.55392570536412,0.900882631318434,1.34474637108835,8.14517178809268,-0.928020404221372,0.156429367800897,1.34474637108835,7.90468504488659,2.03605973713989,0.0511057289217211,-0.305398159989975,-7.45370631265087,-6.83517636612098,1.83738987575033,9.42437019906265,-5.17355847699365,0.699376732743324,-4.25729829172741,0.608978498858514,4.6010228,0.12879463,-0.877,0.02718009,79.9324563180763,-110.309669507315,1301.53297249591,0.277614566881715,0.251921057826625,8.65885165816805,0.151411646620126,-1.11200616061921,-899.172335538797,-901.260043619668,-918.629311232243,-920.910638393909,2.25265444541935,-926.369778228178,2.37693485216128,1847.89991420643,1874.42505481111,NA,2492.75627548451,0.326041972771199,1.04896268615046
"42",-5.76,0.83,-5.86,0.83,1.359326,9.604077,-1.1484446,0.2002995,35,35,-5.85839086185746,0.914635433057496,-6.02603493772164,0.888164881361444,1.28187700131451,8.2151224848447,-0.850944967284176,0.13857640426267,1.28187700131451,9.13690488801958,-5.94221289978955,0.90140015720947,1.28187700131451,8.22214861888778,-0.849835559489999,0.138751576789443,1.28187700131451,9.21037337382818,2.50315471360591,0.0713268060701438,-0.405457249256609,-6.36697086192788,-6.69231963501742,1.72183438682976,11.9181250887587,-4.1996669589167,0.660466212621093,-4.17110507926802,0.611647399942104,5.53607849,0.10202405,-0.843,0.02532219,85.4702675612289,-121.38529199362,1254.3211507825,0.61492133015786,0.606276731228294,6.61961447538588,0.153471870428808,-0.970912992938503,-893.494899558396,-893.819988910852,-918.252396944733,-918.75790105099,0.49283850348538,-917.962584738991,0.566310280387407,1836.54504224563,1873.67122623609,NA,2387.25700957138,0.421845890262849,0.942150829696758
"43",-5.76,0.83,-5.86,0.83,1.359326,9.604077,-1.1484446,0.2002995,35,35,-4.11161557367376,0.629418546646069,-6.01725555010694,0.810443421744286,1.46662245284873,5.13144467848119,-0.496359106238513,0.115967187884435,1.46662245284873,8.65762699693053,-5.06443556189035,0.719930984195178,1.46662245284873,6.03931060842625,-0.582601165917508,0.124159689235516,1.46662245284873,9.11546096087845,2.84283091414081,0.0740613583777325,-0.442278827083215,-6.31944397746309,-7.14658459183417,2.06696280823281,10.9981625034455,-3.07489220289641,0.475576519827718,-5.38874230746457,0.746833150862539,2.62581405,0.06432708,-0.631,0.02540629,93.5002006675503,-137.445158206263,1270.39242800548,0.000942561744304867,0.000446649416322335,6.82907396960016,0.131852964245997,-0.903715734637302,-916.870670621473,-920.729116400063,-947.847954833263,-951.09015015577,3.22363967446182,-960.135924656306,3.28290451839699,1883.29658437178,1932.86234201315,NA,2403.33969780469,0.437926037625989,0.923415756269785
"44",-5.76,0.83,-5.86,0.83,1.359326,9.604077,-1.1484446,0.2002995,35,35,-4.97194361135553,0.735761072958107,-6.29946825645231,0.953415791131718,1.26795964438495,8.31649023156628,-0.715102917163284,0.122055603592064,1.26795964438495,12.2504627503628,-5.63570593390392,0.844588432044912,1.26795964438495,8.75707065240113,-0.78733841778755,0.133898997677873,1.26795964438495,12.3341507032776,2.63114910859023,0.0650936466625511,-0.39696609055547,-6.54621076161339,-6.57700491830251,1.73629933714815,16.3726323437794,-3.51537698870037,0.512952769613958,-4.41060930546515,0.673278974598474,4.65410519,0.08473078,-0.763,0.02367439,98.297752449019,-147.040261769201,1296.63146550126,0.266234131366044,0.239127918904697,7.24107090729202,0.163067131366786,-1.03532492475041,-899.274453678986,-901.358769539565,-934.327366798619,-934.768086094044,0.429477891106353,-930.3814727653,0.00374104871623862,1848.10415048681,1905.82116594387,NA,2446.22266923332,0.397500508970492,1.05572182013658
"45",-5.76,0.83,-5.86,0.83,1.359326,9.604077,-1.1484446,0.2002995,35,35,-4.84686451659607,0.743488438652165,-5.40491282753855,0.809203542662491,1.38754551037575,6.25895378057623,-0.666862192538387,0.110571806040029,1.38754551037575,6.35281542752347,-5.12588867206731,0.776345990657328,1.38754551037575,6.33680825991268,-0.676030243237481,0.111651424763801,1.38754551037575,6.37722146081417,2.87278987492306,0.0763578097382162,-0.449207427923466,-6.37509402165771,-6.54162874799184,1.86661433764218,8.13488387219781,-3.59801109170691,0.548644626008864,-3.73303224042302,0.557078708438541,4.60279142,0.07757256,-0.879,0.03122784,51.2613983874047,-52.967553645972,1166.01192262176,0.951786925228925,0.94577274151338,5.12227806636019,0.127071473314562,-0.773371580126314,-894.211075214431,-894.506449906465,-915.182121418283,-915.414086063948,0.225710855947106,-925.614335419551,0.193552572872455,1837.9773935577,1867.53067518319,NA,2279.05629159754,0.458002919623211,0.777233642542217
"46",-5.76,0.83,-5.86,0.83,1.359326,9.604077,-1.1484446,0.2002995,35,35,-5.05316468917252,0.732542883426301,-5.45487138101793,0.785427995522482,1.33311076024506,8.00659707387503,-1.05762179122981,0.218759951476542,1.33311076024506,9.77966280744459,-5.25401803509522,0.758985439474391,1.33311076024506,8.04693914044337,-1.06293286708682,0.219459160246899,1.33311076024506,9.7892512767699,2.91653084023962,0.0773153935810005,-0.456934170697794,-6.64660497989057,-6.7332358589375,2.15553985572781,9.91071226587368,-3.52860390462214,0.530951049726649,-3.75558266140929,0.547372229709604,4.05674763,0.13075272,-0.834,0.02655787,74.6021402890169,-99.6490374491965,1251.59792185122,0.882261390501071,0.870691461917455,7.00404690214555,0.147630560353504,-0.972514863145843,-911.762590243256,-911.893165879035,-932.157377789462,-932.219614849182,0.0604857429928768,-967.091054480125,0.0379737287337225,1873.08042361535,1901.48118792555,NA,2403.54680625325,0.458351037948098,0.970627776711767
"47",-5.76,0.83,-5.86,0.83,1.359326,9.604077,-1.1484446,0.2002995,35,35,-4.746499158998,0.661034719684224,-5.06864618246893,0.692620745947394,1.26905177204591,13.3214932917572,-1.5829191397761,0.237372492912482,1.26905177204591,9.62145997879235,-4.90757267073346,0.676827732815809,1.26905177204591,13.34743796794,-1.58546297586209,0.237621912176256,1.26905177204591,9.63558129986061,3.13254507628,0.0796890379572365,-0.481980615817674,-6.76596658513719,-6.89993223764226,2.2826521584274,8.40529361388089,-3.45956477626779,0.4875558038744,-3.75913078041394,0.525800258491581,7.30627843,0.14573663,-0.899,0.02780148,60.4608052875518,-71.3663674462662,1233.11502190459,0.932691343157773,0.913999868233384,6.23102392606901,0.120560665280896,-0.835576444230238,-902.838625301458,-902.906894856557,-919.05738135479,-919.150385137135,0.0904065763613086,-975.932233720453,0.0994767972634362,1855.23249373175,1875.28119505621,NA,2394.86367636291,0.472464407316174,0.80480337436385
"48",-5.76,0.83,-5.86,0.83,1.359326,9.604077,-1.1484446,0.2002995,35,35,-6.60289395638069,0.91022051590533,-5.98650088088957,0.911738047122873,1.49687773413148,5.90632074654801,-0.646609261332868,0.118451730224073,1.49687773413148,6.32932143232676,-6.29469741863513,0.910979281514102,1.49687773413148,6.00130585242636,-0.646375412399283,0.118452305949322,1.49687773413148,6.557982052978,2.79817625334649,0.0703507258240685,-0.424745630329965,-7.13777689039642,-6.51234275660245,1.87135863355454,8.8000125329742,-4.07483555125176,0.55976118823566,-4.46855685407359,0.67483572953714,2.84375067,0.06384728,-0.789,0.02986092,67.5782307172507,-85.601218305664,1248.64193841038,0.26898294111098,0.231194121571629,9.40240868067208,0.199787620244707,-1.32402837759382,-912.317796575891,-913.607073949457,-933.54013680371,-935.690627297806,2.1214681806291,-928.696163251808,2.5382036511536,1874.19083628062,1904.24670595405,NA,2411.68265851509,0.430799825382595,1.25821546024515
"49",-5.76,0.83,-5.86,0.83,1.359326,9.604077,-1.1484446,0.2002995,35,35,-5.55425990408432,0.848466746082125,-6.00357552057735,0.811633147479297,1.31303539195855,8.75645733571976,-1.05387230315811,0.171679550599368,1.31303539195855,7.27388172219335,-5.77891771233084,0.830049946780711,1.31303539195855,8.80692846652588,-1.04973482539213,0.172018729095876,1.31303539195855,7.57421703123081,3.66084164520417,0.102773293802763,-0.592454697972654,-6.45705581869524,-7.12581648424049,1.90834839455749,8.0981467758979,-4.07505898635454,0.617144753062921,-3.98380260761199,0.535884151658355,3.49377103,0.0738705,-0.819,0.02891195,69.3312408131495,-89.1072384974617,1217.62959213162,0.245907952237719,0.224562991364573,8.72628164195379,0.18859681638056,-1.2435970426892,-894.364577577144,-895.977520541455,-909.920825115304,-912.416738658004,2.46834577774622,-930.89070473866,3.0653339929005,1838.28439828313,1857.00808257724,NA,2346.15194576579,0.594451560703707,1.16204056569895
"50",-5.76,0.83,-5.86,0.83,1.359326,9.604077,-1.1484446,0.2002995,35,35,-5.19134007265733,0.653102806773107,-7.1798546287626,0.939431597573106,1.40160523981131,6.55519804738461,-0.795785817253152,0.184095174704368,1.40160523981131,10.1758497733409,-6.18559735070997,0.796267202173107,1.40160523981131,7.54374558234525,-0.938128059337608,0.204591218814615,1.40160523981131,10.3557167285232,2.42247892722153,0.0666809793150474,-0.381480638463552,-7.25806378338133,-7.54070549714787,2.13084478752377,11.5084586322986,-3.46075141421249,0.42348132545196,-5.42935950412883,0.731162044736914,4.17069213,0.1358379,-0.817,0.02608955,86.1352906031098,-122.715338077382,1396.31210079152,0.0273148204268447,0.0153832407762368,9.52417521086382,0.18322321564694,-1.26683131334711,-919.920833969137,-923.410771959537,-946.959197880386,-948.076825838067,1.0944092127625,-969.051096144884,0.35666776779294,1889.39691106711,1931.0848281074,NA,2669.90886350565,0.412409891179077,1.25272454566063
"51",-5.76,0.83,-5.86,0.83,1.359326,9.604077,-1.1484446,0.2002995,35,35,-5.7912083265949,0.827187748040518,-5.55966690818146,0.748569634866589,1.26012911442333,5.10596786523243,-0.618765107063893,0.135149953159605,1.26012911442333,7.9809973868791,-5.67543761738818,0.787878691453554,1.26012911442333,5.11937072234266,-0.623315944423213,0.136695155089363,1.26012911442333,8.03084929450003,3.32550878876469,0.0849187481327258,-0.518785885999258,-6.82077900517537,-7.05762396105775,1.7985155623021,9.54838891459766,-4.27765087456706,0.615265538516958,-4.15490156541963,0.554414681042454,3.68082418,0.10725031,-0.808,0.02389402,102.955082683846,-156.354922238854,1242.65338071453,0.664137464989401,0.659820301848053,5.16601184322403,0.112561195005906,-0.733443616533471,-881.935707986087,-882.290935858847,-905.585123263357,-905.972606291145,0.377455818345471,-921.544542203646,0.351864058397425,1813.42665910101,1848.33667887334,NA,2328.95183919021,0.479639812120766,0.712931391206456
"52",-5.76,0.83,-5.86,0.83,1.359326,9.604077,-1.1484446,0.2002995,35,35,-5.59685722723136,0.791326225894888,-5.75206941650966,0.866805935818334,1.39714634490732,10.7395378174702,-1.42950581116159,0.235891499295512,1.39714634490732,6.70947160017106,-5.67446332187051,0.829066080856611,1.39714634490732,10.7455605233953,-1.43243465391742,0.237315795948044,1.39714634490732,6.77284237684305,2.61826031568148,0.0719502376990379,-0.418336308937599,-6.84008157487611,-6.54560518430095,2.18694173265261,6.29393234379793,-4.07543227026754,0.574543594841104,-3.92942140058513,0.598609441535301,6.1362612,0.14328565,-0.92,0.03116958,46.7858204606624,-44.0163977924875,1205.54201793756,0.499824203211038,0.481864775978525,7.63974986771665,0.168159592975928,-1.0971081084985,-910.952411685477,-911.453800227616,-920.187155510833,-920.760193771975,0.558950475101263,-956.539884049764,0.646917621594069,1871.46006649979,1877.54074336829,NA,2367.06763808263,0.420955145008741,1.0339852810746
"53",-5.76,0.83,-5.86,0.83,1.359326,9.604077,-1.1484446,0.2002995,35,35,-6.12123998439063,0.866149696436895,-6.42495666023858,0.969806585214039,1.34153272301243,6.93605782354557,-0.808585059258253,0.149647547422465,1.34153272301243,7.8090149743718,-6.2730983223146,0.917978140825467,1.34153272301243,6.9591187783426,-0.816455640680285,0.152333735070204,1.34153272301243,7.89105926808881,2.83651659016601,0.0731255170278984,-0.442585196021498,-6.91868545660158,-6.60484121238903,1.81286397037307,9.82983247617292,-4.77733854514404,0.682579140487103,-4.50055304157243,0.695317361800577,4.72866653,0.12884151,-0.862,0.02652054,79.909544492412,-110.263845855987,1263.17175973343,0.483334443546896,0.460420547602141,6.57313446403882,0.133314322910742,-0.897886698131319,-899.054887868397,-899.706087414315,-919.568307034338,-920.217246876429,0.633329831881076,-924.41297721679,0.597019259600149,1847.66501886563,1876.3030464153,NA,2416.07967361087,0.419809395923214,0.883994111435334
"54",-5.76,0.83,-5.86,0.83,1.359326,9.604077,-1.1484446,0.2002995,35,35,-6.9520789658963,1.04648373303818,-5.55512179247118,0.760765620600841,1.57988379094132,8.69919667143866,-0.9749461716545,0.174478669855061,1.57988379094132,8.23770944773857,-6.25360037918374,0.903624676819509,1.57988379094132,9.18706900753465,-1.07473016334121,0.19488737979875,1.57988379094132,8.40415875410715,2.14220927332159,0.0592776926612088,-0.345205453811883,-6.67514091304175,-6.98041831829574,2.18489783086428,10.2165588029601,-5.08661848974925,0.759511609562729,-4.13854737440564,0.567757990973679,7.09261342,0.13873933,-0.882,0.02643753,75.2648873361265,-100.974531543416,1329.84085837267,0.186475599323523,0.158710516138093,6.72896536194189,0.168783931656116,-1.0137124659777,-941.151651551689,-943.892861705342,-962.961525548931,-964.21158921906,1.22525534030888,-971.372993245724,0.452528060029355,1931.85854623221,1963.08948344449,NA,2558.70718520192,0.339787642105818,1.05898180160538
"55",-5.76,0.83,-5.86,0.83,1.359326,9.604077,-1.1484446,0.2002995,35,35,-5.87559851577086,0.834806287620151,-6.25040196724814,0.929191538346015,1.55998603595552,8.22061704425771,-0.998334089182863,0.175873305517915,1.55998603595552,6.76280162598995,-6.0630002415095,0.881998912983083,1.55998603595552,8.25573645106754,-1.00717806861802,0.178100449406561,1.55998603595552,6.7952163713097,2.96192578203362,0.0812528050812173,-0.474303254302207,-6.85977990698394,-6.6722604586902,2.12899454109654,8.17468140941802,-4.49777651072757,0.647013408188461,-4.46066715229285,0.668160944930152,5.21951027,0.13075512,-0.864,0.02504791,88.8528387914582,-128.150434454079,1260.345740264,0.850137087808075,0.840832177983609,7.14436268337724,0.150327449943421,-1.00705729724271,-931.071923115346,-931.456219693609,-947.679745630489,-947.971432586498,0.283944223740404,-957.989756055695,0.21422692518367,1911.69908935953,1932.52592360761,NA,2392.54104607392,0.469947121885006,0.92873753604205
"56",-5.76,0.83,-5.86,0.83,1.359326,9.604077,-1.1484446,0.2002995,35,35,-4.25995755709912,0.656720507466428,-5.20809877028492,0.790774107868838,1.43547716436616,5.47652034685419,-0.644905555933216,0.131805620827745,1.43547716436616,6.83999302656782,-4.73402816369202,0.723747307667633,1.43547716436616,5.70126328688956,-0.676680991762582,0.136298212772958,1.43547716436616,6.88143557743043,2.16196051574393,0.0534025208751705,-0.320552956805736,-6.30512794324404,-6.4546124942574,2.0654952588877,8.06774415771873,-3.04844831453452,0.473603262001638,-3.64419450221593,0.553251649596403,3.64094996,0.09216129,-0.82,0.02939997,55.9387425476135,-62.3222419663897,1168.77533792533,0.622904645488864,0.617449958305187,5.20271479411911,0.123525598352283,-0.770445236328663,-906.391186511621,-907.310705800199,-927.993379014916,-928.362427573149,0.359451015977592,-950.160862372778,0.141976388092667,1862.33761615208,1893.15319037646,NA,2275.22843388427,0.34665742354385,0.758677842273983
"57",-5.76,0.83,-5.86,0.83,1.359326,9.604077,-1.1484446,0.2002995,35,35,-5.72930671018376,0.85202645719722,-5.67043095048706,0.769172164786287,1.59084125575825,9.36289789607583,-1.0986589701774,0.198462252652028,1.59084125575825,8.40495832932452,-5.69986883033541,0.810599310991754,1.59084125575825,9.3637644848458,-1.09987849752986,0.200178461094757,1.59084125575825,8.51850645270507,3.30788712742258,0.0994629069993071,-0.556146783303944,-6.61089478711672,-7.0456434614146,2.2903089242425,9.83008684026772,-4.09908164309686,0.623040800935982,-4.25006459035551,0.586575705547906,4.79943023,0.09963062,-0.793,0.02833471,63.8277702599293,-78.1002973910211,1320.50038822664,0.531706389769344,0.520021594993312,7.53054326779444,0.16508009869061,-1.07015287503016,-945.826049656148,-946.448400065593,-965.910900669909,-966.750965015736,0.820978904904072,-981.689607973343,0.906770723447982,1941.20734244113,1968.98823368645,NA,2562.90047906227,0.562878125406954,1.05128691975829
"58",-5.76,0.83,-5.86,0.83,1.359326,9.604077,-1.1484446,0.2002995,35,35,-5.26261902930693,0.769291529417304,-5.75066308032584,0.766982039550333,1.5522427775191,5.8285984315666,-0.62739592733408,0.12080544008078,1.5522427775191,6.64638101495335,-5.50664105481639,0.768136784483818,1.5522427775191,5.88814518050033,-0.627114144136463,0.120806773516641,1.5522427775191,6.78833217903032,2.66414115995409,0.0705738197070368,-0.420280689225867,-6.63712039665084,-7.1389237906709,2.06952148765285,8.68243590947328,-3.59821145224367,0.532018127833341,-3.91781693143981,0.521533165154338,3.8566126,0.0829718,-0.833,0.03038264,56.2314878258672,-62.9077325228971,1242.20066044434,0.39531866228106,0.364613699875234,6.7389440066831,0.141930974436779,-0.927147390831075,-922.432446437319,-923.201835669205,-945.402859281413,-946.690458413128,1.2623853216779,-952.933620947805,1.49540758532,1894.42013600348,1927.97215090945,NA,2421.49358836579,0.406907846131434,0.964616894335377
"59",-5.76,0.83,-5.86,0.83,1.359326,9.604077,-1.1484446,0.2002995,35,35,-5.88476645229409,0.918755339018761,-6.07162963643139,0.793250016651461,1.38264587650858,9.58911313973361,-1.04474920182723,0.159575160771364,1.38264587650858,8.12520599236065,-5.97819804436274,0.856002677835111,1.38264587650858,9.5978426021301,-1.0388861207863,0.163513057256994,1.38264587650858,8.70328955793623,2.732168703502,0.0731376515083489,-0.431563273832018,-6.36880111875459,-7.30339253656746,1.92861125790846,9.89596866357955,-4.64166647833555,0.722116396461055,-4.29791885593395,0.55948018778351,5.976454,0.1093656,-0.853,0.0255549,85.9680310262572,-122.380818923677,1282.75791875228,0.0334416114454162,0.0293516344913664,6.71148080194492,0.146458700894982,-0.94033584293884,-908.516621850064,-911.798092807883,-929.432460931519,-933.732174810328,4.30781315973016,-939.789678004961,4.94629478617353,1866.58848682896,1896.03135420967,NA,2443.13501858089,0.427302936965308,0.977334778111181
"60",-5.76,0.83,-5.86,0.83,1.359326,9.604077,-1.1484446,0.2002995,35,35,-5.4603130050907,0.831607097316113,-6.66308729916415,0.98934767545003,1.5233876351156,6.20860735322689,-0.495130962877052,0.0895624432619537,1.5233876351156,8.53606266942579,-6.06170015212742,0.910477386383071,1.5233876351156,6.57027385384786,-0.542562541004992,0.0957829657594594,1.5233876351156,8.61209021458081,2.99974294023137,0.0853818423088256,-0.492897888298435,-6.46355434428136,-6.72655109233284,1.8309601727102,13.1666113594571,-3.70430408713107,0.574877242428557,-4.61050554324921,0.679104485868859,3.67701319,0.07020372,-0.733,0.02790024,70.4156817664109,-91.2761204039844,1299.72802556067,0.381789020148786,0.399930018986513,8.0792723709756,0.172911802756398,-1.14115544167695,-922.59078247762,-924.013462460837,-956.264986783111,-956.820858272096,0.542139166840568,-936.246883062787,0.317323942166924,1894.73680808408,1949.69640591285,NA,2508.17993071736,0.477421962073761,1.08773307486163
"61",-5.76,0.83,-5.86,0.83,1.359326,9.604077,-1.1484446,0.2002995,35,35,-5.65928496727701,0.801549158661118,-5.90290218806713,0.865514094706247,1.26084035341321,12.3619573245975,-1.59559973032903,0.248130686398105,1.26084035341321,7.73695306942463,-5.78109357767207,0.833531626683682,1.26084035341321,12.3767946621639,-1.59949547031586,0.249153564658919,1.26084035341321,7.75727965484352,2.71603223506503,0.0773084170680269,-0.443045792195102,-6.84160372688696,-6.70413441091475,2.08124885545965,6.86037361420077,-3.84488608812597,0.53754010815333,-3.88262483866897,0.574347197444492,5.24425933,0.12919564,-0.911,0.02938703,60.6531236035117,-71.7510040781861,1205.18071805206,0.715117088556754,0.722679439540465,9.83173848314381,0.197314640678451,-1.36160464929596,-893.753785291708,-893.9642200464,-903.794906180708,-903.957572545338,0.158202498914804,-947.021266712862,0.137464736399165,1837.06281371225,1844.75624470804,NA,2338.61043202594,0.444582579681925,1.21842380305543
"62",-5.76,0.83,-5.86,0.83,1.359326,9.604077,-1.1484446,0.2002995,35,35,-5.94382581514447,0.887849502152232,-6.04977877627244,0.913060689579698,1.30079116220537,7.80884146231394,-0.927292413643472,0.167078078035079,1.30079116220537,8.37995204296583,-5.99680229570846,0.900455095865965,1.30079116220537,7.81164796980688,-0.927960213633843,0.167236979027955,1.30079116220537,8.38235502508766,2.37571722167304,0.0700482844807134,-0.391080491841345,-6.61198946015811,-6.5677406904875,1.82571151118846,10.0266090278164,-4.54867727036561,0.671147427205128,-4.38034007904152,0.662529735229213,4.80648408,0.0947956,-0.846,0.02849665,67.2143791518474,-84.8735151748575,1247.4505359951,0.925994682648855,0.93888180706197,6.65275436403291,0.162339567496953,-1.00382217976851,-896.961331143621,-896.988686409533,-916.408409880442,-916.426340377884,0.0174204285411503,-926.773374817948,0.0115737802182372,1843.47790541608,1869.98325210751,NA,2410.02755681534,0.41393727706521,0.96896313517758
"63",-5.76,0.83,-5.86,0.83,1.359326,9.604077,-1.1484446,0.2002995,35,35,-5.33290973329827,0.820761837970076,-4.95734822686738,0.687266088977093,1.32034464654925,9.16733018123754,-1.11791136990574,0.201041541452172,1.32034464654925,9.26039975832104,-5.14512898008283,0.754013963473584,1.32034464654925,9.20259179251571,-1.13044533605422,0.205496820201971,1.32034464654925,9.40717044902384,2.63395005506777,0.0637790921637948,-0.396781875670465,-6.40076432124688,-6.82053594264618,2.10857472055771,9.52835335472176,-3.63391488709527,0.558913512217511,-3.7249133026606,0.517076118747425,4.76464583,0.09271199,-0.832,0.02601753,80.8548166778739,-112.154390226911,1226.75106098822,0.4828568261038,0.469126762385589,6.62481936573263,0.167808152229604,-1.00708952737094,-907.742996918585,-908.699775179829,-926.344043000479,-927.338269313562,0.97271131757769,-960.445395759671,0.944547196060735,1865.04123696601,1889.85451834759,NA,2341.34773174953,0.378251878178498,1.03414628646864
"64",-5.76,0.83,-5.86,0.83,1.359326,9.604077,-1.1484446,0.2002995,35,35,-5.26172944843069,0.772594046631204,-7.27075630547791,0.941597595780864,1.56150576516318,7.10037223945413,-0.932877194680033,0.196545389808068,1.56150576516318,7.75580511960488,-6.2662428769543,0.857095821206034,1.56150576516318,8.10941946753841,-1.01776036197453,0.203685939714363,1.56150576516318,8.35922190867971,3.24718861566509,0.0844555351205826,-0.507206898288455,-6.61655527280594,-7.6187027170363,2.22558228590708,9.01470465583371,-3.90330475186197,0.569379656169942,-5.47111567653375,0.717985832207938,4.1431655,0.10020863,-0.777,0.02189808,120.007433140044,-190.459623151251,1339.6194150574,0.0430134014506242,0.0365428358084651,8.87513874551912,0.181806682112036,-1.21848161196672,-936.368199270516,-940.789875746855,-956.344460355736,-961.009626805031,4.68630138480516,-971.926340831188,5.36201970763794,1922.29164166987,1949.8553530581,NA,2488.77920696355,0.490320667351784,1.19889839558799
"65",-5.76,0.83,-5.86,0.83,1.359326,9.604077,-1.1484446,0.2002995,35,35,-6.07931674137871,0.873619792509334,-6.04082512689057,0.833385668194768,1.29270659218008,10.4334059134498,-1.41505632568774,0.246731945684758,1.29270659218008,8.00517859874646,-6.06007093413464,0.853502730352051,1.29270659218008,10.4337763145463,-1.41544349478833,0.247136641874597,1.29270659218008,8.03536595196442,4.70499524186114,0.107436258286809,-0.698871968429111,-6.83225731422544,-7.03347020102665,2.08861771204513,7.4279173076677,-4.50436011715609,0.650071664809214,-4.18158496649113,0.580745986436231,5.61407292,0.16177859,-0.895,0.02519977,87.0349089797777,-124.514574830718,1253.08908284479,0.821146981784791,0.788539111579233,8.13577311881074,0.159348449767966,-1.11381934847492,-901.248929330977,-901.424682151048,-912.026715780954,-912.260978853394,0.22795106130456,-950.3272242357,0.273702852024344,1852.05310179079,1861.21986390854,NA,2381.66359085886,0.610157174403826,0.994873421076881
"66",-5.76,0.83,-5.86,0.83,1.359326,9.604077,-1.1484446,0.2002995,35,35,-6.84094650920716,1.01063686284572,-5.79046076761789,0.855010301467377,1.36623010182632,9.75681998463809,-1.37027212765648,0.261691871184412,1.36623010182632,8.66579151155331,-6.31570363841252,0.932823582156547,1.36623010182632,10.0327000579587,-1.41114299859161,0.267746777836024,1.36623010182632,8.71492595121492,2.92000635488566,0.0735161789030477,-0.444292239969692,-6.77757483287139,-6.65427187251808,2.17299057202916,8.38452350240411,-4.93788618939396,0.738617507113275,-3.73126014630309,0.539296545876785,4.0226985,0.10712949,-0.822,0.02417327,98.870810830514,-148.186378532191,1273.68485594614,0.161969881579467,0.121685663504577,10.4232351623459,0.250763241893628,-1.5788422713199,-916.953350475222,-917.708697210904,-930.534914644693,-930.889846617848,0.345666662993562,-963.792616478793,0.0887204835684722,1883.46194407928,1898.23626163601,NA,2399.18333336008,0.447181952507532,1.43806254324713
"67",-5.76,0.83,-5.86,0.83,1.359326,9.604077,-1.1484446,0.2002995,35,35,-5.35195870303546,0.811116725489519,-6.00262535708486,0.907368188578143,1.39119931976143,9.54734970980826,-1.0194486581837,0.176371914424398,1.39119931976143,10.3358660199429,-5.67729203006016,0.859242457033831,1.39119931976143,9.65319148348123,-1.03510556254251,0.178688000461073,1.39119931976143,10.3544164857404,2.59767256269454,0.0705844536589063,-0.414977008661206,-6.47727637527928,-6.55450171921977,1.97939748031449,12.6475582389063,-3.62857146397525,0.543437993646935,-4.466216036441,0.687744800816845,5.36037866,0.1214474,-0.834,0.02694477,68.2904121591415,-87.0255811894456,1283.17955635724,0.430336774131677,0.393900057573107,7.31739490453037,0.157719634655527,-1.02228093761144,-921.248084946104,-921.582852133459,-946.128616902791,-946.243074084609,0.111277927245273,-954.038664445175,0.0262711264279983,1892.05141302105,1929.42366615221,NA,2479.33353152504,0.405205486051642,1.04561954884337
"68",-5.76,0.83,-5.86,0.83,1.359326,9.604077,-1.1484446,0.2002995,35,35,-5.51030434594588,0.832027062574785,-4.86975201314893,0.660191323180392,1.39347472700892,9.70911952654853,-1.12141182805942,0.174820396932984,1.39347472700892,7.52551381792095,-5.19002817954741,0.746109192877588,1.39347472700892,9.81169634931141,-1.14892927399116,0.182202277266288,1.39347472700892,7.66481263898367,2.52763726513897,0.0672811100088396,-0.394749399529754,-6.5110436407997,-6.8942441774124,2.12438714445737,8.06545198465966,-4.0532006845804,0.607505943285248,-3.21005340811396,0.435372845296084,5.1643234,0.09278086,-0.868,0.03044737,50.9950561627807,-52.4348691967239,1213.36296188718,0.153404040055194,0.120142704325659,7.06182757797161,0.163437703793338,-1.03676949518935,-909.206808963349,-910.804329582614,-926.585417499249,-927.71990798551,1.11105559554124,-957.039778640693,0.907352524470589,1867.96886105553,1890.33726734513,NA,2374.29105457763,0.406374490492604,0.996754694167808
"69",-5.76,0.83,-5.86,0.83,1.359326,9.604077,-1.1484446,0.2002995,35,35,-4.2208672553425,0.632793282710749,-5.53531477107722,0.809293740957251,1.42556507635832,11.1100789260874,-1.24338952802512,0.208986108522193,1.42556507635832,10.4177382059254,-4.87809101320986,0.721043511834,1.42556507635832,11.5420219939927,-1.30138967524216,0.216774211462499,1.42556507635832,10.5087278640298,2.55490283523003,0.0713688649666295,-0.411561523166584,-6.40858985493829,-6.67149331343092,2.29849830658377,10.9261697279372,-2.62134516979914,0.399104406995906,-3.93189650505895,0.576067400926854,5.74793481,0.11525487,-0.847,0.02948457,48.3260471533358,-47.0968511778343,1266.77942737061,0.206333408076785,0.166412646727104,7.76708425830357,0.169223969546364,-1.09198628768709,-930.518800418724,-931.600225820251,-952.610878889465,-953.166508308246,0.541902138541831,-985.938330434069,0.300050521621858,1910.59284396629,1942.38819012556,NA,2486.46200356338,0.416468973188607,1.11251409995416
"70",-5.76,0.83,-5.86,0.83,1.359326,9.604077,-1.1484446,0.2002995,35,35,-6.69705071652575,1.04539757929719,-6.73034503902705,0.97767347990559,1.46070845536883,13.035715909418,-1.93244611591,0.322634512597726,1.46070845536883,5.46538634120071,-6.7136978777764,1.01153552960139,1.46070845536883,13.0359930373957,-1.93188240890844,0.323781151007326,1.46070845536883,5.58664293933154,2.85025440272301,0.0860357080672286,-0.476093043023949,-6.42658368659622,-6.86336066832011,2.42053258267389,3.83000644405524,-4.77017727560023,0.741749466502966,-4.7371652465254,0.691446981332877,8.63562787,0.21418725,-0.947,0.02619931,79.0642075034929,-108.573171878148,1237.421783913,0.499709336861306,0.499142519966438,8.89214921974894,0.210570318344004,-1.34323475113797,-916.722697367522,-917.812207610413,-918.768057673627,-920.068729913079,1.27532188143999,-966.976514237519,1.94181478679215,1883.00063786388,1874.70254769388,NA,2366.27039594786,0.502119357587423,1.18750760640195
"71",-5.76,0.83,-5.86,0.83,1.359326,9.604077,-1.1484446,0.2002995,35,35,-5.96245182399577,0.82206503300113,-6.98220246036979,0.991175624214425,1.28901144969794,11.2916762983392,-1.26175664409968,0.193671415773802,1.28901144969794,9.83859510476307,-6.47232714218278,0.906620328607778,1.28901144969794,11.5516491384355,-1.30486930235152,0.20082101378893,1.28901144969794,9.88800360129621,2.72980899209555,0.0770472014856386,-0.443407156589922,-7.0225423131769,-7.03477580781818,1.90992365783004,11.1522169601519,-4.00518220236276,0.555174344348865,-4.32229566741923,0.612637682824605,4.91131401,0.10327835,-0.859,0.02657749,79.912574214388,-110.269905299939,1298.56927360599,0.852229070251837,0.822378385844997,11.6869960870485,0.232606791828234,-1.60410715483556,-903.708028163863,-904.644012844024,-924.297341803295,-924.615716599665,0.309982772839017,-941.223289461836,0.000767319986805838,1856.97129945656,1885.76111595322,NA,2486.86864191203,0.443624737788366,1.47233045945816
"72",-5.76,0.83,-5.86,0.83,1.359326,9.604077,-1.1484446,0.2002995,35,35,-7.60533432545127,0.994754959079081,-6.41873053132617,0.871676958051032,1.50421742617659,9.08469204383729,-0.921150467595771,0.152008375191083,1.50421742617659,9.05194646743196,-7.01203242838872,0.933215958565056,1.50421742617659,9.43669918489533,-0.957661673344076,0.155795423775348,1.50421742617659,9.1938743951507,3.2111733573329,0.0848768376563145,-0.504594199290071,-7.63658292199985,-7.18324600912855,1.97908736666809,12.154455703519,-5.27409226927903,0.701822433887428,-4.16009160028524,0.572044082505526,3.71648086,0.09024831,-0.793,0.02666798,86.4691636179112,-123.383084106985,1401.77340114683,0.261410026401994,0.215432705936425,12.617673368227,0.220397601983424,-1.61938819219893,-931.08155784071,-932.093539194935,-956.85035304476,-957.831801785048,0.960122411728302,-952.712274168274,0.939401561428871,1911.71835881026,1950.86713843615,NA,2680.16371818668,0.495005884475633,1.52864529650325
"73",-5.76,0.83,-5.86,0.83,1.359326,9.604077,-1.1484446,0.2002995,35,35,-5.31626949629732,0.800595567541656,-5.58368792760581,0.785942553251429,1.39193289822568,8.77113214586928,-1.09907063070451,0.195137146346647,1.39193289822568,7.78770651941207,-5.44997871195156,0.793269060396543,1.39193289822568,8.78901030022016,-1.09809100918065,0.195190824053595,1.39193289822568,7.86714532783366,3.17684312725476,0.081745905345849,-0.493999145974871,-6.50426950503643,-6.85898680372833,2.09696375634966,8.34802751483866,-3.61524429821171,0.540503338574209,-3.94842185957209,0.550631014513135,4.7280133,0.1099822,-0.873,0.0297807,55.4060126887794,-61.2567822487213,1220.28801855111,0.610227169780622,0.567572720132169,7.05881961908853,0.160688093423654,-1.01958221979178,-912.460190594146,-912.852539818327,-928.434516441286,-929.064457056516,0.614704071049141,-954.930833581208,0.763837176656271,1874.47562431713,1894.0354652292,NA,2379.3192548535,0.474154245590162,1.01736975507743
"74",-5.76,0.83,-5.86,0.83,1.359326,9.604077,-1.1484446,0.2002995,35,35,-5.74016326562991,0.822663386242456,-5.78020178021124,0.864323049570216,1.389602296561,10.9833671648653,-1.28516950334387,0.225883055455258,1.389602296561,10.7330068953066,-5.76018252292058,0.843493217906336,1.389602296561,10.9837679355277,-1.28558650110327,0.226316937342404,1.389602296561,10.7630665268795,2.96708309168945,0.0737087598012689,-0.451269353964774,-6.79668892103498,-6.58852994177281,2.1328075418377,11.7544550914605,-4.34178453055735,0.627104245996784,-4.51642675061214,0.683635366149232,7.51735459,0.15992233,-0.854,0.02219203,102.950871599442,-156.346500070046,1314.45499683026,0.805751739610789,0.786509393909431,6.12324792994626,0.13284676078366,-0.861974810460216,-927.42568677524,-927.565570071267,-948.257608531302,-948.436717212168,0.174214075316867,-969.958308909481,0.189549954197553,1904.40661667932,1933.68164940923,NA,2472.56349359047,0.439333226365893,0.863958416476109
"75",-5.76,0.83,-5.86,0.83,1.359326,9.604077,-1.1484446,0.2002995,35,35,-5.99399486307472,0.845445366109098,-6.10213802986304,0.828925716849528,1.38827459543159,13.4740606938361,-1.50273186584269,0.245526378301501,1.38827459543159,12.3705463890471,-6.04806644646888,0.837185541479313,1.38827459543159,13.4769844299668,-1.5022852440464,0.245594603004415,1.38827459543159,12.3978761526369,4.15439037073048,0.105994824839723,-0.643958296173194,-6.914791377723,-7.12135434001329,2.19457192254519,13.2945580308861,-4.23628152768553,0.599518399165496,-4.97752552680853,0.67841472181114,9.61679718,0.15549422,-0.896,0.02260469,102.106027820211,-154.656812511585,1373.76027701638,0.70005430578247,0.636058346762202,8.27282435092341,0.192778711400888,-1.1989261256956,-934.501005480105,-934.593317855242,-957.168790337015,-957.311726224479,0.138993865324194,-980.942458919183,0.161856936831221,1918.55725408905,1951.50401302066,NA,2592.86374152118,0.613466057205641,1.24792510506433
"76",-5.76,0.83,-5.86,0.83,1.359326,9.604077,-1.1484446,0.2002995,35,35,-5.92073584250986,0.790893119941545,-5.36781090824357,0.733489580310597,1.11775431516857,13.6706165693093,-1.49127282488988,0.205403298997124,1.11775431516857,11.6289656836441,-5.64427337537671,0.762191350126071,1.11775431516857,13.7470480650427,-1.49920778698415,0.206227090587664,1.11775431516857,11.6703460081517,2.70904527256564,0.0724452703238492,-0.429708577155743,-7.16654052334987,-6.95561102390156,1.89642536997464,11.3719581835933,-4.04197584287411,0.533609033185331,-3.65290342363811,0.50070337164068,6.7187321,0.124146,-0.874,0.0230912,101.065510979464,-152.575778830091,1271.0194522975,0.823756276045886,0.828450412989325,8.70932949060813,0.161211379271803,-1.15985107905845,-876.976867692519,-877.150900307114,-900.073185221632,-900.302173688507,0.222810175988003,-940.112846722549,0.22565627014523,1803.50897851388,1837.31280278989,NA,2389.46312576492,0.415693072061837,1.03959311647695
"77",-5.76,0.83,-5.86,0.83,1.359326,9.604077,-1.1484446,0.2002995,35,35,-5.66760072812337,0.845926646447192,-4.7353284171541,0.693172820698593,1.30395335358853,12.2194075654512,-1.34098654588691,0.215952849249369,1.30395335358853,11.9567383138733,-5.20146457263874,0.769549733572892,1.30395335358853,12.4366904809012,-1.37658858642192,0.221786282069577,1.30395335358853,11.9968381974752,2.67925943701232,0.0727972689365089,-0.425650714097915,-6.58552989905812,-6.56332535382007,2.11851937430634,12.5219610446596,-3.96281893007174,0.59409857221174,-2.9412352583845,0.428997278755415,5.9813007,0.11571313,-0.814,0.02569119,73.6714506401968,-97.7876581515562,1296.17688840701,0.315325979092314,0.255608528509373,8.39978230810637,0.182708490456249,-1.20141614170061,-916.383752464158,-917.082572966404,-939.61616959966,-939.832478445151,0.210453589388917,-970.356681945129,0.00204813513064738,1882.32274805715,1916.39877154595,NA,2494.56611866247,0.426829588486644,1.12059528122236
"78",-5.76,0.83,-5.86,0.83,1.359326,9.604077,-1.1484446,0.2002995,35,35,-5.96934219095811,0.888827393640131,-5.9291350844015,0.75963100333412,1.30934768883329,12.3515209692265,-1.55217268965312,0.2650125405871,1.30934768883329,10.5219982858694,-5.94923863767981,0.824229198487126,1.30934768883329,12.3519251220809,-1.55347134291106,0.269185467404126,1.30934768883329,10.9059753096417,3.20408301226665,0.0832835237046526,-0.501086899906784,-6.63167981153565,-7.36119136629649,2.19854864101154,9.98521867030204,-4.77521610715522,0.707841074397248,-4.04094917725992,0.51697087830145,5.8898265,0.1278251,-0.852,0.0231173,103.17823923123,-156.801235333623,1308.14355425544,0.101123272093327,0.0855939953625448,9.38424317274643,0.206625549142247,-1.33281713863102,-916.712534773742,-918.414764222779,-932.412569554521,-934.707330443549,2.2661379535647,-972.169524024116,2.62220430928562,1882.98031267632,1901.99157145567,NA,2459.48587317726,0.480675362261782,1.32741013442718
"79",-5.76,0.83,-5.86,0.83,1.359326,9.604077,-1.1484446,0.2002995,35,35,-5.86295587984488,0.842002930819128,-5.9182618280543,0.92700810248483,1.43144523894747,9.03693978107162,-0.823023934952855,0.129748500922898,1.43144523894747,10.1841084051316,-5.89060885394959,0.884505516651979,1.43144523894747,9.03770446804846,-0.824199257858276,0.131554970725377,1.43144523894747,10.3197332759511,3.10896557437202,0.0835654185136832,-0.495422636780704,-6.80426153315246,-6.35312866535001,1.86079565740061,14.1981244814784,-4.28024147695535,0.618892837069199,-4.24296858809845,0.667862306800395,4.88891733,0.07274474,-0.804,0.03004655,54.8131680161761,-60.0710929035148,1310.2061581721,0.505822777218437,0.48852267672648,7.36258852298818,0.164526840426505,-1.03954018386048,-921.074463470346,-921.849136677898,-952.172177427442,-953.01593166613,0.824606743930918,-942.666923768332,0.856381385431386,1891.70417006953,1941.51078720151,NA,2560.34122344068,0.475161747957325,1.10314024937872
"80",-5.76,0.83,-5.86,0.83,1.359326,9.604077,-1.1484446,0.2002995,35,35,-5.1154907267244,0.734560398127312,-5.52399010400312,0.88251836787849,1.16038382429857,8.59162308925081,-0.995058176272246,0.157331828937806,1.16038382429857,8.20138691971729,-5.31974041536376,0.808539383002901,1.16038382429857,8.6333410245601,-1.01016836089894,0.162804719141029,1.16038382429857,8.41201669033124,2.35462367922608,0.0596068665442044,-0.355163777190904,-6.69691118692573,-6.2239152674831,1.75143021907257,8.93283010169891,-3.52023608513316,0.505572185643796,-4.23266988231513,0.679751488788201,4.50095639,0.09325339,-0.843,0.0239594,98.9812142512152,-148.407185373593,1170.22025232299,0.10489922341284,0.0743998724504062,6.52595750378561,0.146614477628625,-0.947629949409859,-869.217144527831,-870.959779097784,-887.078631192945,-888.662942546093,1.556594079427,-912.940488701116,1.53036809779482,1787.9895321845,1811.32369473252,NA,2192.03331927239,0.377545575199915,0.89066023744024
"81",-5.76,0.83,-5.86,0.83,1.359326,9.604077,-1.1484446,0.2002995,35,35,-5.82411275036934,0.854628661976551,-6.4520627599083,0.878423692564835,1.35752657848849,10.1848001474897,-1.25103958316746,0.215108495920577,1.35752657848849,8.919653724309,-6.13808775513882,0.866526177270693,1.35752657848849,10.2833804511097,-1.25477510558868,0.215250046790752,1.35752657848849,9.07293803356028,3.12751132238566,0.0821199292783348,-0.49246828516699,-6.69019756459909,-7.17638293932867,2.04814678767408,9.61955017896824,-4.07796787453312,0.604517945504604,-4.58295455328937,0.626095528908856,4.24657991,0.09565109,-0.841,0.02809176,72.1923581883715,-94.8294732479056,1287.78744857769,0.426444994941463,0.454477524207737,9.36168333271542,0.19721816204295,-1.30662897904208,-914.10386178249,-914.787320915755,-930.783908390436,-931.85731718434,1.05077589589075,-953.623432009412,1.29325314182476,1877.76296669382,1898.7342491275,NA,2480.74542390748,0.469569398264378,1.2700050444486
"82",-5.76,0.83,-5.86,0.83,1.359326,9.604077,-1.1484446,0.2002995,35,35,-5.2617603517251,0.788102055436734,-6.20904260632415,0.905986735486349,1.31940504717593,8.4669737135489,-1.18862809417486,0.200875486744202,1.31940504717593,5.157159773227,-5.73540147902462,0.847044395461542,1.31940504717593,8.69130963101847,-1.21654561054988,0.204349686191802,1.31940504717593,5.22036040564733,2.36762993763898,0.0708893755005953,-0.397405326995832,-6.52419347264154,-6.76914930850161,1.99426040008771,4.69472233098264,-3.69646852286502,0.548650253017602,-4.45317082497906,0.640189618851154,4.52303339,0.09817755,-0.921,0.03068886,63.0637204436028,-76.5721977583683,1153.43768691453,0.484742880288073,0.44389535031341,7.51724594688402,0.181802084872464,-1.14190126874894,-884.38237925133,-885.148898033035,-890.422296674543,-891.13715436075,0.697991145734124,-925.280723072033,0.628735704779244,1818.3200016315,1818.01102569571,NA,2230.30317607069,0.400594247492865,1.03993987780929
"83",-5.76,0.83,-5.86,0.83,1.359326,9.604077,-1.1484446,0.2002995,35,35,-6.11758266356382,0.825305272510242,-6.22080390033334,0.921078797724809,1.36866280526778,6.61876599256628,-0.645504691884175,0.126355798170578,1.36866280526778,9.54657436805553,-6.16919328194858,0.873192035117525,1.36866280526778,6.62142964849635,-0.647976157314782,0.128648940203585,1.36866280526778,9.70111768277761,2.41656362049491,0.0646821285976569,-0.380458012377366,-7.15836864422583,-6.69099600106418,1.79752504686976,13.0494491654157,-4.75669407329576,0.654732249164796,-4.18450448970035,0.619652472799943,3.82935288,0.06619818,-0.756,0.02757213,76.6567834195936,-103.75832371035,1307.59232586875,0.522485549391281,0.485650244585157,7.32734219817491,0.16515093663886,-1.03780578329856,-907.641965278377,-908.455285555983,-937.07533957909,-938.09363585127,0.996432114766235,-931.4409253851,1.0292936412502,1864.83917368559,1911.31711150481,NA,2511.42632802714,0.38259163773295,1.10796487377267
"84",-5.76,0.83,-5.86,0.83,1.359326,9.604077,-1.1484446,0.2002995,35,35,-6.35828182136755,0.915790954235721,-5.97502352562593,0.804356590111167,1.27985514785961,12.5065535606501,-1.45430893473261,0.23371716095091,1.27985514785961,11.122215367711,-6.16665267349674,0.860073772173444,1.27985514785961,12.5432752909638,-1.46498597085297,0.236821565327871,1.27985514785961,11.1976225969523,3.59485219162435,0.0806069642547328,-0.514531064085179,-6.8599775252721,-7.14061633513501,2.03962353492465,11.5484890729881,-4.78459712360708,0.70155565651805,-4.12010497874455,0.55845496869576,7.44696615,0.14644122,-0.877,0.02482272,84.2355342491688,-118.9158253695,1324.90708870157,0.37198698527435,0.297861939584253,7.97831721589403,0.168981158729206,-1.1139753381894,-911.074416454768,-911.645899947814,-930.385655693285,-930.819747644928,0.422999545286625,-958.443376606208,0.366185353678553,1871.70407603837,1897.9377437332,NA,2530.89835203364,0.51653254209185,1.09510486017257
"85",-5.76,0.83,-5.86,0.83,1.359326,9.604077,-1.1484446,0.2002995,35,35,-5.18206382213196,0.841390685413333,-4.94647010510493,0.724896694813837,1.33828357886239,8.3920450953666,-0.825699142575537,0.12819935846943,1.33828357886239,8.96900442437251,-5.06426696361844,0.783143690113585,1.33828357886239,8.40592119524224,-0.832560455639697,0.131592070930879,1.33828357886239,9.12895715842695,2.84708100414648,0.0802824637473662,-0.45879048875669,-6.12701707513665,-6.58546440897324,1.86756743370244,11.3503656238654,-4.15405859544682,0.66573645998882,-3.42430971821576,0.501156098446045,4.9341159,0.07451459,-0.825,0.02628716,80.7364691137831,-111.917695098729,1220.55129210524,0.125515300124308,0.104357160769148,6.01071867266066,0.146701290823247,-0.898262213356276,-900.9163921914,-902.130197201819,-927.633562791548,-928.747797958814,1.09106039607226,-936.294882523916,1.08435068260772,1851.38802751164,1892.43355792972,NA,2329.18488911175,0.475417857132736,0.908888585496947
"86",-5.76,0.83,-5.86,0.83,1.359326,9.604077,-1.1484446,0.2002995,35,35,-5.57209210790554,0.82059682876253,-6.68711803950141,0.918576413971734,1.23265453200788,4.02800631588779,-0.378525120628603,0.0922659294761395,1.23265453200788,8.59484245842061,-6.12960507370347,0.869586621367132,1.23265453200788,4.33882702292061,-0.405837565197421,0.0946659292555815,1.23265453200788,8.81251861091914,1.96426081761647,0.0506806731994546,-0.303069490796315,-6.64092977801331,-7.17221869509169,1.56356620142257,12.290886264853,-4.18839950685896,0.620434440665778,-4.76540831319477,0.663570514745096,2.30514164,0.06246743,-0.684,0.02590502,94.8068388556474,-140.058434582457,1260.11064051828,0.47503622131974,0.4744873168089,6.87053220582124,0.141843745486977,-0.94773627781302,-872.809009452573,-874.550807167019,-904.812330987318,-906.382659857138,1.5427015538863,-895.335094282296,1.616360611175,1795.17326203398,1846.79109432126,NA,2380.16284645411,0.304356159374788,0.928617738261337
"87",-5.76,0.83,-5.86,0.83,1.359326,9.604077,-1.1484446,0.2002995,35,35,-5.70881467354424,0.817141030591058,-5.510953451308,0.723530368974665,1.2029082638925,8.02086959982773,-1.00705033634073,0.166177757249068,1.2029082638925,6.81396514877688,-5.60988406242612,0.770335699782862,1.2029082638925,8.03065686564393,-1.01168081632117,0.168368496241132,1.2029082638925,6.92434628127631,3.13427097614514,0.0867385103513322,-0.506432005040074,-6.7982410949014,-7.15808797096222,1.85811485521169,6.87978523550685,-4.0283229949454,0.573710622203796,-4.26867902396226,0.565149109105821,3.68512551,0.08583158,-0.854,0.02687047,86.2962406027585,-123.03723807668,1194.90544987621,0.535566984945346,0.535797420585471,6.78752733144825,0.139948012867329,-0.948574742880927,-871.395587320257,-872.275067459693,-884.455592429269,-885.437502846258,0.960577231539826,-919.323205480289,1.0524355234755,1792.34641776935,1806.07761720517,NA,2266.77366167573,0.492120314856124,0.867836529836085
"88",-5.76,0.83,-5.86,0.83,1.359326,9.604077,-1.1484446,0.2002995,35,35,-6.03494494171873,0.928195660002777,-5.69146500036994,0.811092199239945,1.30122109694577,7.63935892630574,-0.911074074667029,0.174457559511182,1.30122109694577,9.19606614191122,-5.86320497104434,0.869643929621361,1.30122109694577,7.66885354383298,-0.921129747125669,0.17788586464184,1.30122109694577,9.30384712885056,2.237732413271,0.0561717533849202,-0.338555985314128,-6.46273661862655,-6.81692879366207,1.87868618457117,10.7804299064547,-4.33196894150291,0.670201934255207,-3.91135245276735,0.552351545472153,3.97940129,0.10094617,-0.795,0.02604742,81.5882718860474,-113.621300643257,1261.06183018861,0.399132109474237,0.378249024826213,7.72274069030967,0.178336453745076,-1.13520041321238,-900.889257323015,-901.609873529749,-922.329286008039,-923.065361181194,0.718817140833235,-936.095579959943,0.674542790358996,1851.33375777487,1881.82500436271,NA,2408.50235973395,0.347355268861811,1.07841326628566
"89",-5.76,0.83,-5.86,0.83,1.359326,9.604077,-1.1484446,0.2002995,35,35,-5.6706798295709,0.816975357508012,-5.43774833562522,0.779046125139303,1.47645411155583,9.4504950543552,-1.22367810002367,0.201776237047353,1.47645411155583,6.03126367406777,-5.55421408259806,0.798010741323657,1.47645411155583,9.46405932457312,-1.22588682821363,0.202135893714373,1.47645411155583,6.03345783807117,2.57079869817834,0.0631950673843438,-0.388897915723365,-6.76109328828565,-6.75413434585237,2.19632188033275,6.14776673912963,-4.59161802371976,0.663471170580237,-3.49114245841646,0.496334343667649,4.42052163,0.07734078,-0.873,0.03137482,53.7922113375303,-58.0291795462231,1201.69156364302,0.232786508517908,0.170682448343958,8.33071965651795,0.19539743772554,-1.24605629799544,-916.592111915249,-916.636345523736,-927.26815127766,-927.289991949209,0.0212199626052128,-956.879981720299,0.000367085381398184,1882.73946695934,1891.70273490195,NA,2345.35394773982,0.378004474220624,1.12968790827021
"90",-5.76,0.83,-5.86,0.83,1.359326,9.604077,-1.1484446,0.2002995,35,35,-5.37319387868826,0.845553648643774,-5.3209277458892,0.746452410931609,1.32664629256379,13.7609420273146,-1.5878978794851,0.241879581235025,1.32664629256379,10.6588736395623,-5.34706081228873,0.796003029787691,1.32664629256379,13.7616249644741,-1.5891927890978,0.244334845064045,1.32664629256379,10.866339859614,3.58891213796787,0.0895418895611956,-0.553953810466913,-6.29334527401519,-6.83149867109646,2.17397350870241,10.6410454675635,-3.7661644429157,0.594755608045552,-3.23669668075158,0.456922238813784,6.38810012,0.13714271,-0.885,0.02923449,49.9198236124315,-50.2844040960257,1260.00809451056,0.275575996524546,0.25522883263877,9.97942104669617,0.206191209598827,-1.37764778497056,-917.632463447662,-918.728318834337,-936.454884002436,-937.689560313475,1.21003995751733,-971.445052961024,1.36179865360248,1884.82017002416,1910.0762003515,NA,2469.73178492508,0.506730814666025,1.3473705097367
"91",-5.76,0.83,-5.86,0.83,1.359326,9.604077,-1.1484446,0.2002995,35,35,-5.70129470488442,0.892244297869196,-6.59498098286199,0.877503434481567,1.45574520693643,11.8485160583485,-1.34825530445677,0.218520167283361,1.45574520693643,9.84481002206943,-6.14813784387321,0.884873866175381,1.45574520693643,12.0481848492099,-1.34496187762301,0.218574490546715,1.45574520693643,10.4241847813142,2.70544078179518,0.063932164505174,-0.40306855766925,-6.34327529425686,-7.32478382180746,2.14270055152754,11.2432858453373,-4.06068075552379,0.63381489466895,-3.81603518776968,0.513244583325517,5.48726142,0.12558821,-0.855,0.02979275,50.2401551975217,-50.9250672662061,1338.85305654876,0.183959524741048,0.17706551473294,10.645845200643,0.210847994432381,-1.42848324794859,-933.913744204023,-936.113475367571,-954.13984024006,-957.783057001527,3.63284221193979,-969.660508995491,4.36994172236618,1917.38273153688,1945.44611282675,NA,2626.78104583131,0.380483917595723,1.44897184901656
"92",-5.76,0.83,-5.86,0.83,1.359326,9.604077,-1.1484446,0.2002995,35,35,-4.61112738738494,0.732751358327698,-5.10940101103141,0.784157301064524,1.49309434416312,10.7693996521341,-0.957713404579325,0.132560451232985,1.49309434416312,10.3133587499347,-4.86026419920817,0.758454329696111,1.49309434416312,10.8314688031395,-0.964116960920434,0.13322109397015,1.49309434416312,10.3388978770488,3.14519169219501,0.0796997092062593,-0.487873204683729,-6.20332563858748,-6.39533595771413,2.06074184604838,13.525791841161,-2.90731107485908,0.452770439795748,-3.94662766947462,0.602358074099473,6.55699924,0.07751536,-0.856,0.02895338,59.1804016094983,-68.8055600901592,1278.02692958596,0.320229782997763,0.242620812483698,6.6574112830075,0.164712168696691,-0.993091045204438,-930.492500125736,-930.647786052384,-963.307199864547,-963.46504194491,0.153505310150892,-966.088464031778,0.146565817208429,1910.54024338031,1963.78083207572,NA,2487.24829908177,0.454442543364689,1.04894048925159
"93",-5.76,0.83,-5.86,0.83,1.359326,9.604077,-1.1484446,0.2002995,35,35,-5.26943747621551,0.754376953035695,-7.08375444674302,1.00541364439774,1.22989008218749,8.98452031999663,-1.0748019884872,0.165466187199655,1.22989008218749,7.03241699372941,-6.17659596147926,0.879895298716719,1.22989008218749,9.80745683738266,-1.18866702082801,0.181221042302156,1.22989008218749,7.21855641550276,2.4641173694922,0.0656976478777122,-0.386108064464439,-6.7327960301989,-7.05150135430901,1.80962976081893,7.6129379489648,-3.78953253300509,0.535615950221517,-5.27118279696766,0.75253055349692,4.61417409,0.08447224,-0.871,0.02806556,76.610484819518,-103.665726510199,1223.93677411568,0.0994053916466213,0.0688215798386608,8.57500134898487,0.181240909312143,-1.22429577080755,-877.072379108795,-879.533161644584,-891.820441063308,-893.424077849222,1.57579974875166,-915.959129978997,0.775504907183543,1803.70000134643,1820.80731447324,NA,2344.20782172116,0.39300982481373,1.06842567156102
"94",-5.76,0.83,-5.86,0.83,1.359326,9.604077,-1.1484446,0.2002995,35,35,-6.41911361261236,0.962974343064587,-6.13922060447437,0.823189498584255,1.33483417471293,12.5472166222852,-1.37735436445602,0.213765524760357,1.33483417471293,11.185278160094,-6.27916710854337,0.893081920824421,1.33483417471293,12.5668016462863,-1.38713556460945,0.218650475446954,1.33483417471293,11.4182060207938,3.20836834993641,0.0886878749718014,-0.515976681787541,-6.63970289551123,-7.19261181868899,2.01661408638004,12.5847663851587,-5.07522064017053,0.766252275655969,-4.35892802330115,0.587071353237622,7.84987355,0.16167582,-0.87,0.02274381,100.697059317725,-151.838875506612,1345.17172676667,0.184634938791068,0.148241739322814,7.55404624689273,0.151018043251906,-1.01719003408306,-918.61452745146,-919.999826918407,-941.053609570227,-942.37906715897,1.2998549823387,-958.440975877861,1.32794224903323,1886.78429803176,1919.27365148708,NA,2538.50457802672,0.511368146383188,1.03690840135478
"95",-5.76,0.83,-5.86,0.83,1.359326,9.604077,-1.1484446,0.2002995,35,35,-5.94300515470034,0.929521797742727,-5.52411015594444,0.796747436578799,1.28226236261105,9.83989733204569,-0.983458304994907,0.164778811903513,1.28226236261105,11.9794747356247,-5.73355765532239,0.863134617160763,1.28226236261105,9.88376558704136,-0.997362933958549,0.169186069649135,1.28226236261105,12.1045319539885,2.35643715527378,0.0644326966748263,-0.371674903679061,-6.36289604611795,-6.73503633318012,1.83910245807632,14.8089514378563,-4.63377860226575,0.720199139285012,-3.76486137431154,0.555295519065987,6.00433352,0.09177367,-0.822,0.02490947,87.006694612443,-124.458146096049,1298.95128422625,0.238862561607268,0.16571307009552,6.70327979503724,0.163593695774908,-0.988930198619983,-907.061214973219,-907.993122238199,-935.629095500473,-936.300316947746,0.655179891478555,-941.173078922231,0.566828068519475,1863.67767307528,1908.42462334757,NA,2473.44442235645,0.392074570643988,1.06217293398303
"96",-5.76,0.83,-5.86,0.83,1.359326,9.604077,-1.1484446,0.2002995,35,35,-6.14021643858372,0.900470611050472,-6.19309435373319,0.919238778604929,1.41278119085584,13.2621804009061,-1.29744303014088,0.182922220138684,1.41278119085584,11.7920671668603,-6.16665539615846,0.9098546948277,1.41278119085584,13.2628794193838,-1.29769113553374,0.183010281167022,1.41278119085584,11.7947726830414,2.62971210646936,0.0746999649307265,-0.429536493741333,-6.73318678274365,-6.67424881223887,1.979157633207,14.9056490456998,-4.69473746308609,0.69651921371538,-4.52430785105008,0.652611068922989,9.0612331,0.1413548,-0.894,0.0271437,66.7566325230233,-83.9580219172093,1356.46655131713,0.869704317364766,0.869396096210705,7.43167658935991,0.158526352052164,-1.02901339130002,-929.080281886455,-929.103017218847,-958.359905267608,-958.374708669239,0.0143819679739353,-959.367955410925,0.0131312338097236,1907.71580690175,1953.88624288184,NA,2628.97508071705,0.42587736694633,1.0707112695057
"97",-5.76,0.83,-5.86,0.83,1.359326,9.604077,-1.1484446,0.2002995,35,35,-6.05184994505694,0.741393367869407,-6.19636890022704,0.884548078101586,1.43769266081874,10.3814166458695,-1.34133218949673,0.228150620227578,1.43769266081874,7.48937915063476,-6.12410942264199,0.812970722985497,1.43769266081874,10.3866380779704,-1.34650433178434,0.233273937992993,1.43769266081874,7.82644436057805,2.61567351937173,0.0634382553524916,-0.390692666453387,-7.59256133970117,-6.88420157542555,2.23258383545724,7.47278446626808,-4.64444269953561,0.592835383401271,-4.28471606916176,0.611434790893681,6.83920442,0.15657709,-0.897,0.02542062,86.6912138502489,-123.82718457166,1312.76466697159,0.284238705328036,0.247743035282929,7.56459591122816,0.153875730941951,-1.02923776623485,-921.32717624596,-923.430435810534,-933.941672064805,-936.667219073101,2.69989523019828,-966.844051649906,3.15660904106795,1892.20959562076,1905.04977647624,NA,2501.70214937151,0.389912628555823,1.0400273542748
"98",-5.76,0.83,-5.86,0.83,1.359326,9.604077,-1.1484446,0.2002995,35,35,-6.21316467507155,0.835569133568087,-4.56083614865603,0.640572191749685,1.25185548740921,6.89985901106716,-0.770724229423169,0.13069258103076,1.25185548740921,7.51285156873388,-5.38700041186379,0.738070662658886,1.25185548740921,7.58240640086879,-0.851273981805754,0.140198532860392,1.25185548740921,7.74857811758505,3.19010072533957,0.0875643270166887,-0.511210771399675,-7.19280122752833,-6.70221402114467,1.87058895131101,8.48270928373626,-4.46673358084271,0.602562012842468,-3.05852191094901,0.426507545976313,2.46145689,0.07311492,-0.771,0.02799901,78.497600993099,-107.439958857361,1208.87359096063,0.047661536928138,0.0366880991232844,9.10290441808448,0.168526128046486,-1.21452119240148,-879.828970840251,-882.254686985795,-900.223845187161,-902.135840265358,1.88296544259648,-927.443399024421,1.61461356558953,1809.21318480934,1837.61412272095,NA,2310.3072230639,0.505576047804449,1.07847269436732
"99",-5.76,0.83,-5.86,0.83,1.359326,9.604077,-1.1484446,0.2002995,35,35,-5.88076892111501,0.812919230547674,-5.67990144279579,0.856186686644828,1.44455925701345,11.5017756566081,-1.49832782844802,0.281531991396699,1.44455925701345,10.5551139295173,-5.7803351819554,0.834552958596251,1.44455925701345,11.5118625925697,-1.49615507224814,0.282000009585979,1.44455925701345,10.6854099743591,2.31059614001353,0.0690113091717426,-0.381010931072594,-6.99534773465624,-6.5367039492217,2.36129398406202,10.4065055188479,-4.2545633616401,0.591565059113451,-4.05498909230061,0.620669719844184,6.92578633,0.19233009,-0.869,0.02469981,81.6034479442528,-113.651652759668,1333.26342322292,0.551383831980613,0.544814645753582,8.01997276615995,0.168387363514443,-1.11168886748025,-939.344658320458,-939.831493462548,-956.690892845718,-957.475799308155,0.766771414222668,-990.982709038267,0.929384258451535,1928.24455976975,1950.54821803806,NA,2552.87519368617,0.414145215999096,1.10815534594531
"100",-5.76,0.83,-5.86,0.83,1.359326,9.604077,-1.1484446,0.2002995,35,35,-5.76292431104214,0.943228433862556,-6.8382933176076,0.928812696673408,1.38081291094662,8.73826225966895,-1.10992243830432,0.20604886163316,1.38081291094662,8.49132622340656,-6.30060881432487,0.936020565267982,1.38081291094662,9.02736688473935,-1.10604687905932,0.206100815002837,1.38081291094662,9.34619172794559,2.70317542628843,0.0685938213229209,-0.411275485128004,-6.10115461132148,-7.26240884970227,2.00366129553874,9.56430496822789,-4.12686733446967,0.679640712926319,-4.51457958794389,0.609501480323178,5.91343318,0.1606415,-0.885,0.02551773,83.4080920832654,-117.260941037693,1304.79587112246,0.024938936667302,0.0266130003160848,7.85868702395452,0.166741386999653,-1.07339540483315,-914.652512184741,-918.378686485012,-931.861101892245,-937.897912433149,6.12462926048186,-948.060869373336,7.58117194370644,1878.86026749832,1900.88863613112,NA,2492.33080120723,0.422593963132317,1.17403578223897
"101",-5.76,0.83,-5.86,0.83,1.359326,9.604077,-1.1484446,0.2002995,35,35,-5.90051504557989,0.811552003084071,-5.89963062239229,0.918686727433557,1.33188246345133,10.8418143181377,-1.32857345196619,0.205479718976138,1.33188246345133,7.42778541296689,-5.90007283398609,0.865119365258814,1.33188246345133,10.8418145136888,-1.32854976385759,0.208349181266498,1.33188246345133,7.71532899607222,2.06992346224262,0.0525525728560145,-0.317886277078186,-7.02323944655207,-6.38407405892281,2.00317267738985,7.7184126225099,-4.32176860218433,0.587160201313408,-3.68538813404457,0.583809208775359,4.64892059,0.10423453,-0.886,0.02669372,81.8489519732137,-114.14266081759,1217.16623030335,0.0601771281629201,0.0541081514756829,9.47425746327262,0.19892754425269,-1.32588968065507,-901.216512254585,-903.162322665011,-914.702628934496,-917.051086542472,2.32005950472805,-941.279586938365,2.78366937681304,1851.98826763801,1866.57169021562,NA,2320.18979978912,0.312804914748783,1.26128413433758
"102",-5.76,0.83,-5.86,0.83,1.359326,9.604077,-1.1484446,0.2002995,35,35,-5.62428011719891,0.866688593923467,-5.7912898536314,0.811831269047885,1.21300397348874,11.1799769491024,-1.21697256855687,0.205557220578183,1.21300397348874,12.9769135695898,-5.70778498541516,0.839259931485676,1.21300397348874,11.1869500121182,-1.21468214171466,0.206309552101309,1.21300397348874,13.1583451560182,3.28703835361167,0.0809118341847657,-0.495866369369027,-6.41851497763528,-6.91235046025678,1.90090281575462,14.2771885473387,-4.05523685825098,0.625068095627372,-4.06530234950495,0.573384431855462,5.79433094,0.13741446,-0.825,0.02199273,105.25236896972,-160.949494810602,1304.54569035894,0.612838505124909,0.584650263181125,7.74300524143616,0.151963843656251,-1.03752835853473,-902.366098896939,-902.968250556798,-927.207843809872,-928.110653143823,0.882694724819259,-948.073098441169,0.999328311292121,1854.28744092271,1891.58211996637,NA,2448.14188590728,0.490313795828326,1.03726730705289
"103",-5.76,0.83,-5.86,0.83,1.359326,9.604077,-1.1484446,0.2002995,35,35,-6.09060918820136,0.837822456883666,-6.2616831723448,0.845544846713394,1.26839529728423,9.57986181988388,-1.00419894517926,0.163008331714061,1.26839529728423,10.5251459517371,-6.17614618027308,0.84168365179853,1.26839529728423,9.58717839689657,-1.00452922017809,0.163023240540231,1.26839529728423,10.5360406992329,2.34743354333073,0.0535523860149433,-0.338711306464021,-7.05682102343597,-7.18188700729526,1.82573648245019,12.7316225521884,-4.39431617852821,0.607572757958198,-4.60743891647125,0.624064484697843,6.66604033,0.13364052,-0.863,0.02177965,113.542228517813,-177.529213906788,1323.6332210897,0.938005904833705,0.941991027743923,6.9206944463646,0.133828527696211,-0.926744666024582,-899.548159694421,-899.587964361313,-924.646445200431,-924.712585108406,0.0642805594669177,-934.455376993169,0.0742446934016882,1848.65156251768,1886.45932274749,NA,2469.73722827262,0.341501310350369,0.89767045403095
"104",-5.76,0.83,-5.86,0.83,1.359326,9.604077,-1.1484446,0.2002995,35,35,-5.69454373537752,0.835090274168404,-5.87265442745883,0.854718394227024,1.44441461061412,8.5577216081103,-1.03643430332736,0.185972626659852,1.44441461061412,7.9514809404136,-5.78359908141818,0.844904334197714,1.44441461061412,8.56565246276874,-1.03730829783934,0.186068942434111,1.44441461061412,7.95434051487377,2.76399865357587,0.0671634411443427,-0.413568907675235,-6.67703320822326,-6.73820464016026,2.06705386677985,9.21184581071933,-4.07121535690637,0.599331072127727,-4.38352098191074,0.658556459752474,5.10404039,0.12808455,-0.841,0.02407524,93.1724885753579,-136.789734021878,1254.34920703841,0.865397239421114,0.84639096153,7.14483183025464,0.150482538066929,-1.00754573996634,-920.685050132134,-920.710541874027,-938.794721148201,-938.817079263903,0.0217227813571726,-954.504538763705,0.0210954217276556,1890.92534339311,1914.75587464303,NA,2371.90868005493,0.411312992361085,0.929500721672588
"105",-5.76,0.83,-5.86,0.83,1.359326,9.604077,-1.1484446,0.2002995,35,35,-5.96837348584377,0.893167758989591,-6.09827074556672,0.925827643334433,1.21630772153162,9.4435138420234,-1.01240003303238,0.1740297267269,1.21630772153162,11.508590157513,-6.03332211570524,0.909497701162012,1.21630772153162,9.4477321665443,-1.0134606404022,0.174296393738254,1.21630772153162,11.5135488896424,3.31616918976686,0.0904943591604447,-0.528479178006135,-6.60485233282475,-6.5401704530133,1.7570542291904,13.8647476215535,-4.44439154788805,0.676390687110513,-5.05810432415553,0.760181024525907,7.29786167,0.12878077,-0.865,0.02269095,104.776480145967,-159.997717163097,1291.93367262587,0.751362186430302,0.738659426086839,5.44230203904175,0.123009261541019,-0.771145429689825,-894.853602911038,-894.900912642765,-920.104828672286,-920.132573003252,0.0269569776091839,-927.836092987695,0.0190620463788278,1839.26244895091,1877.3760896912,NA,2423.86962808864,0.528275851400467,0.827170356759394
"106",-5.76,0.83,-5.86,0.83,1.359326,9.604077,-1.1484446,0.2002995,35,35,-4.97007798889997,0.718961241185759,-4.94096287911946,0.770323941960358,1.27796005366002,7.00805742881928,-0.645352239504104,0.104070825645207,1.27796005366002,8.97392795183805,-4.95552043400972,0.744642591573059,1.27796005366002,7.00826935122366,-0.644978381836185,0.104730357402922,1.27796005366002,9.05540990683773,2.39980661044991,0.065386707925317,-0.38007776310532,-6.64443418956816,-6.30931339968906,1.78152042766294,11.5534928826129,-3.41368136136057,0.497001784161536,-3.57312192590877,0.561126080001472,3.78642157,0.06627514,-0.768,0.02676842,77.4420508211716,-105.328858513506,1201.32665631769,0.599055166326844,0.582585028218654,5.57448321307543,0.125681598967293,-0.800926289090761,-886.839313923791,-887.289267024753,-916.36804426001,-916.937585635321,0.555525663182414,-925.309301591921,0.59757760885282,1823.23387097642,1869.90252086665,NA,2297.32445412187,0.389675035290242,0.800280361709305
"107",-5.76,0.83,-5.86,0.83,1.359326,9.604077,-1.1484446,0.2002995,35,35,-5.90096690729395,0.818618964017256,-5.01025524850204,0.738886520280316,1.34475878591059,10.7618112793924,-1.22426772644545,0.190966825368971,1.34475878591059,8.94654225202254,-5.45561107789799,0.778752742148786,1.34475878591059,10.9601530941693,-1.24202238075057,0.192556141015037,1.34475878591059,9.06948190731494,2.2569986604103,0.0632499102510437,-0.36854265067286,-6.98158818374238,-6.5659017923856,2.06039194493899,9.68311235778945,-4.29134851237142,0.594568431125024,-2.78041934287931,0.409403425239938,4.26400665,0.07863239,-0.833,0.02631368,82.2566942558319,-114.958145382826,1236.27095805591,0.0718492055338028,0.0515101232027301,10.1193311255084,0.212127117277176,-1.42091386430769,-909.46932039791,-910.098902088391,-928.658220391061,-929.518119841803,0.840482687155284,-955.292704795473,0.934180797284573,1868.49388392466,1894.48287312875,NA,2357.58377072899,0.3522532482416,1.32365135617189
"108",-5.76,0.83,-5.86,0.83,1.359326,9.604077,-1.1484446,0.2002995,35,35,-5.90403144118391,0.738066607991395,-6.38868446768419,0.84657461967582,1.41368493081766,9.56718029194444,-1.13297890496826,0.205952503736229,1.41368493081766,9.6568671010262,-6.14635795443405,0.792320613833607,1.41368493081766,9.6259024309684,-1.14612608903386,0.208896000886155,1.41368493081766,9.69158213109843,2.77777750117174,0.0759986864410953,-0.441857284102167,-7.46456281031631,-7.30275318179868,2.16049170880375,10.5971486048658,-3.91238095673281,0.500446071609931,-4.84038902745748,0.637816249784119,5.31033008,0.12116495,-0.857,0.02757875,74.2781700661809,-99.0010970035244,1365.74520664101,0.47537266405091,0.432462565452367,8.96239270956557,0.172736449979668,-1.1817622739136,-925.152886323119,-925.550699581431,-945.733126804267,-945.960783082297,0.221511821676433,-969.788735794006,0.124351737229638,1899.86101577507,1928.63268595516,NA,2632.48931627849,0.448747265061893,1.22321515378275
"109",-5.76,0.83,-5.86,0.83,1.359326,9.604077,-1.1484446,0.2002995,35,35,-6.05065360388304,0.932941748445463,-5.99732248607334,0.870121911941815,1.2951096576466,9.15153016098346,-1.09090979118157,0.189560042633567,1.2951096576466,9.08746952753735,-6.02398804497819,0.901531830193639,1.2951096576466,9.15224121301517,-1.09174735420691,0.190546625598153,1.2951096576466,9.16382885511501,3.24864085925498,0.0904393978601317,-0.530033901071393,-6.45016931399376,-6.77110252619545,1.8884694827877,10.3655093348111,-4.43665526122204,0.672476510818427,-4.04669118043421,0.598472252211939,4.91098331,0.10196293,-0.846,0.02593158,82.9970982090656,-116.438953289294,1254.43472472317,0.761344243891601,0.729692649541673,7.57783620924621,0.175346541417305,-1.11082058884883,-901.69761475803,-902.104651898411,-920.426327639757,-920.954212633691,0.514741012213875,-936.113138171491,0.571054309339897,1852.9504726449,1878.01908762614,NA,2392.43049615704,0.499132767851445,1.07553300238456
"110",-5.76,0.83,-5.86,0.83,1.359326,9.604077,-1.1484446,0.2002995,35,35,-6.16524735533779,0.907086509449343,-5.76254850814609,0.888144697076614,1.27708387222452,11.4787719161274,-1.43143287854519,0.238339023629287,1.27708387222452,9.55840366369731,-5.96389793174194,0.897615603262979,1.27708387222452,11.5193135065098,-1.43333984004674,0.238428721693278,1.27708387222452,9.61658933296747,2.68891713896234,0.0748511026101812,-0.432263640429379,-6.71880188883203,-6.42895345818781,2.0146589581207,9.6486342349941,-4.22969798661633,0.623133101558001,-3.69793367953663,0.581684877257207,4.88993888,0.12345904,-0.846,0.02736035,68.6521662314315,-87.7490893340256,1261.1290662793,0.582977713299004,0.589249610124786,9.85391138827712,0.209396030038225,-1.40229238637723,-905.141025265776,-905.38899858441,-920.186345406219,-920.571045141505,0.374737094393781,-949.68022151095,0.466008049844076,1859.83729366039,1877.53912315907,NA,2434.50904322457,0.437528671694561,1.26309654408893
"111",-5.76,0.83,-5.86,0.83,1.359326,9.604077,-1.1484446,0.2002995,35,35,-6.44911067243371,0.884809642295572,-5.87988900046647,0.828782673890898,1.3485717619025,8.39078107905594,-1.23290877696955,0.243769844670089,1.3485717619025,7.71272127237215,-6.16449983645009,0.856796158093235,1.3485717619025,8.47178440701523,-1.24088171812719,0.244554599967243,1.3485717619025,7.75385665304848,3.3780695045929,0.0887818402399506,-0.529603900582189,-7.13538501584937,-6.89995752354903,2.13400454088256,7.34902082001595,-4.70337775962016,0.645822715660954,-4.3709024066436,0.607327689035243,5.88779961,0.16190973,-0.901,0.02569223,85.7662335103888,-121.97722389194,1276.05284864385,0.883519441258694,0.873298637013291,6.79567662329327,0.148768780775796,-0.969132939058989,-907.092439191273,-907.4506368374,-920.081062549397,-920.410775900608,0.321048475963556,-955.26499932658,0.370194900075569,1863.74012151138,1877.32855744542,NA,2430.12847339576,0.517309766017075,0.932535407306114
"112",-5.76,0.83,-5.86,0.83,1.359326,9.604077,-1.1484446,0.2002995,35,35,-5.55522909549874,0.783587234361251,-5.13657378152522,0.750820100164179,1.22529959259823,6.02350090824762,-0.782589257555861,0.19506404682928,1.22529959259823,11.7621220627839,-5.34590143851198,0.767203667262715,1.22529959259823,6.06731897622719,-0.786018791269681,0.195332468100152,1.22529959259823,11.7997208870054,2.78400255900856,0.0793160635787773,-0.455613872970596,-6.84456035208351,-6.62112314451095,1.96469798054556,12.5295391116557,-4.37083105247832,0.62566974923545,-3.94435687548972,0.585711093308084,5.06193431,0.16668934,-0.821,0.02217635,104.564983435677,-159.574723742516,1288.63554153584,0.765129287434429,0.774186419205908,4.13636840168776,0.0874348765745906,-0.562452479792225,-894.330093589402,-894.56188328492,-923.314009139832,-923.51993479228,0.200336592495199,-951.90846031999,0.223500835188578,1838.21543030764,1883.79445062629,NA,2417.69635932917,0.451243865380199,0.622310566440057
"113",-5.76,0.83,-5.86,0.83,1.359326,9.604077,-1.1484446,0.2002995,35,35,-5.67216756435095,0.837084142744127,-5.19040975010942,0.733435743039448,1.38181899888176,12.2521546261423,-1.59666701266241,0.255200309179984,1.38181899888176,7.43032067756279,-5.43128865723019,0.785259942891787,1.38181899888176,12.310177274038,-1.60915036928525,0.257886056870319,1.38181899888176,7.4592683299483,3.65007844809284,0.102061378695754,-0.592614168760693,-6.64277808417552,-6.77853061429746,2.28263128908468,6.61370053784446,-3.60199645030368,0.530092334848555,-3.74037494802567,0.537341332484371,5.40756341,0.11353705,-0.913,0.03329849,35.0202303446711,-20.4852175605048,1201.77952276799,0.930541118430798,0.91670076982056,8.71339333502988,0.196657587534898,-1.26245027092766,-913.799046157999,-914.169713690169,-923.741500919296,-923.981452009907,0.233495312634297,-968.533676370763,0.126186027793882,1877.15333544484,1884.64943418522,NA,2383.07382797548,0.578975451733316,1.21417796469421
"114",-5.76,0.83,-5.86,0.83,1.359326,9.604077,-1.1484446,0.2002995,35,35,-5.02487609513843,0.816820398540168,-6.40743655626457,0.882522040532675,1.37447172295541,10.143697842103,-1.35466365439562,0.252585620301943,1.37447172295541,9.19061704582036,-5.7161563257015,0.849671219536421,1.37447172295541,10.6215661992704,-1.37737277750809,0.253664796742071,1.37447172295541,9.82295798426582,4.25579932337645,0.107271527274557,-0.664310699382687,-6.11621275928489,-7.10733983902129,2.19309713142109,9.0990423824833,-3.36585950959472,0.557774408489833,-4.334671856922,0.5977822706355,5.58915074,0.17242676,-0.878,0.02900331,52.267046181163,-54.9788492334886,1285.69468644937,0.041903602411631,0.0405294091113558,8.78442885984964,0.172377942872198,-1.17400251649153,-920.515523548906,-923.450181208005,-935.70961590501,-939.923771148966,4.21948775240523,-968.617418678076,5.27797810268068,1890.58629022665,1908.58566415665,NA,2516.41052366526,0.590029744870946,1.18805135808879
"115",-5.76,0.83,-5.86,0.83,1.359326,9.604077,-1.1484446,0.2002995,35,35,-5.29908778303464,0.818037697905358,-5.29739067152608,0.787627845380207,1.27926119078033,10.1438664556391,-1.15796026638429,0.200541863491016,1.27926119078033,10.8719563652589,-5.29823922728036,0.802832771642782,1.27926119078033,10.1438671756859,-1.15797316861196,0.200773053273667,1.27926119078033,10.895595523215,2.2058381131859,0.060972345434276,-0.352795570138344,-6.38317209256364,-6.56264901324806,1.98938717197156,11.8330602134398,-3.61355630467157,0.557749320267306,-3.58877379912295,0.520719035387211,6.1371862,0.1123007,-0.865,0.0277115,61.8706518877767,-74.1860606467161,1247.54202872869,0.751055224390144,0.742048740847436,7.0523122636809,0.180179992556397,-1.0705714129919,-906.95266514095,-907.056091060767,-928.811677603235,-928.950921359624,0.135399987294144,-953.118270925635,0.150146300352575,1863.46057341074,1894.7897875531,NA,2420.89799681066,0.358946669844596,1.13110243758587
"116",-5.76,0.83,-5.86,0.83,1.359326,9.604077,-1.1484446,0.2002995,35,35,-5.82941713548499,0.827049364806474,-6.0379640142404,0.848278602100453,1.25386213276837,8.3252428032122,-0.997534995810903,0.203233636776665,1.25386213276837,11.6373450986913,-5.9336905748627,0.837663983453463,1.25386213276837,8.33611575337186,-0.998641818604907,0.203346306905686,1.25386213276837,11.642844059551,2.51347440233723,0.0742196629383856,-0.411659238207925,-6.85981226556449,-6.94188084200814,1.93450813882493,12.8659420019723,-4.05541938951008,0.586909464078731,-4.65644265607812,0.648852633807479,3.97011476,0.08426138,-0.765,0.025826,85.8582619065521,-122.161280684267,1315.52860115206,0.644797285676386,0.581834995009102,7.61828045713797,0.17845833171234,-1.10896849703266,-903.83158203338,-903.869175986223,-928.271805238005,-928.302258116647,0.029589232195407,-948.97413796711,0.0298800157009517,1857.2184071956,1893.71004282264,NA,2508.89592161986,0.447649169481385,1.14537956869707
"117",-5.76,0.83,-5.86,0.83,1.359326,9.604077,-1.1484446,0.2002995,35,35,-5.13139156386216,0.717189147496149,-5.08494377174968,0.770150479160293,1.33458751951448,9.64608719668576,-1.2574874839922,0.211111496802697,1.33458751951448,7.05999611146275,-5.10816766780592,0.743669813328221,1.33458751951448,9.6466265460338,-1.25687249976141,0.211812722465607,1.33458751951448,7.15057316089706,2.78820653461189,0.0760185744496346,-0.445726709577976,-6.81630544016868,-6.45432773879513,2.1569298180878,6.61524707043819,-3.6695353715271,0.514004760668445,-3.94056737479646,0.593989616461288,5.5130872,0.1211034,-0.903,0.0293562,58.3820354317485,-67.2088277346596,1176.65626558311,0.52212869545552,0.486569846365045,5.61826838688782,0.130702168874008,-0.818684966615113,-900.688993314167,-901.258561110979,-912.0762525962,-912.858515000255,0.764173986731004,-954.663244722224,0.949271811100733,1850.93322975717,1861.31893753903,NA,2286.10370343157,0.437821226796311,0.827064856483723
"118",-5.76,0.83,-5.86,0.83,1.359326,9.604077,-1.1484446,0.2002995,35,35,-5.46544842273807,0.731206474514622,-5.96511316336398,0.909617731935059,1.4519185275081,11.6085872702679,-1.24826695844446,0.211910056397739,1.4519185275081,11.5583431321751,-5.71528079305103,0.82041210322484,1.4519185275081,11.6710034835241,-1.2705534121104,0.219867700591325,1.4519185275081,11.798265547511,2.57197508587469,0.0681760657842082,-0.403906650751386,-7.06685069192963,-6.50358732829229,2.1990002462463,13.2100331511971,-3.99202538526411,0.533471319359196,-4.77846708627054,0.710211124155654,10.18326381,0.1623204,-0.909,0.02652745,69.8921310386621,-90.2290189484869,1352.12433004596,0.158510241390848,0.113991343960922,5.84289182644268,0.170754931824714,-0.921259512632547,-938.831932658099,-940.350248666696,-963.763869850707,-965.088579358026,1.29911438723518,-981.228762667849,1.20822996102991,1927.21910844504,1964.69417204804,NA,2614.01964114344,0.400492679847927,1.14794789460239
"119",-5.76,0.83,-5.86,0.83,1.359326,9.604077,-1.1484446,0.2002995,35,35,-6.29269895564506,0.884128845462358,-6.15171100086109,0.860016750093292,1.29340727599235,12.2545823239808,-1.65833696200361,0.298592511303494,1.29340727599235,10.4223730903948,-6.22220497825308,0.872072797777825,1.29340727599235,12.2595517248293,-1.65918684075652,0.298737859589265,1.29340727599235,10.4233768791879,2.77155317098781,0.0778587075886319,-0.452815544718152,-6.98302931042334,-6.98569498036585,2.22712263424495,9.30271479378076,-4.49732932963382,0.643183524324781,-4.67667002305558,0.648365181362627,8.8210302,0.21373303,-0.918,0.02553065,75.5543648957356,-101.553486662634,1316.16926926809,0.888632915225586,0.870413002253526,7.24846790016379,0.153453701693925,-1.00445923106051,-915.601133194743,-915.614902084641,-928.803668838836,-928.809820111231,0.00597578431334265,-973.088202590362,3.68522409721297e-05,1880.75750951832,1894.7737700243,NA,2530.78505187354,0.434604864962297,1.02273154085418
"120",-5.76,0.83,-5.86,0.83,1.359326,9.604077,-1.1484446,0.2002995,35,35,-5.86251620604921,0.819268076060496,-5.23753054575714,0.76382059910864,1.46159050493831,10.696076491851,-1.52877538341164,0.288744719933575,1.46159050493831,8.29091010770456,-5.55002337590318,0.791544337584568,1.46159050493831,10.7937282607437,-1.53743885291021,0.289513325608657,1.46159050493831,8.34755783347696,2.97638918060914,0.081313380748152,-0.478584824353265,-6.93927024091461,-6.64462630016846,2.44824013696917,7.3994061542381,-3.89321631894182,0.558071374580677,-3.67870985301162,0.538473499623825,4.54097111,0.13188479,-0.854,0.02878651,58.7372961750642,-67.9193492212911,1264.99048108093,0.922098624379434,0.859479844982289,9.24953672205778,0.210609318319845,-1.35430388391745,-932.344605511469,-932.737016648229,-944.296118558731,-944.72162059316,0.414603661844577,-989.131033006727,0.502388158674226,1914.24445415178,1925.75866946409,NA,2462.06161294057,0.459438101039686,1.26445383357299
"121",-5.76,0.83,-5.86,0.83,1.359326,9.604077,-1.1484446,0.2002995,35,35,-6.68916806805477,0.952147130022849,-5.39857523278505,0.774011511471993,1.18265676484571,10.4779410018586,-1.30235196277874,0.209281627580727,1.18265676484571,8.64074905029734,-6.04387165041991,0.863079320747421,1.18265676484571,10.894348468471,-1.35982710103076,0.217214702229851,1.18265676484571,8.739282224934,2.40228085103859,0.0665544767490867,-0.38280333390792,-6.97426308450042,-6.744956168436,1.88186038970413,8.51179573293797,-4.74444068094551,0.671137755791316,-3.59168948835699,0.514375003376086,5.44521372,0.11691399,-0.879,0.02721929,73.2024865406489,-96.8497299524605,1239.7261406463,0.297225896653702,0.247785043683724,8.86307810791891,0.187484707767188,-1.2617320114134,-881.101401346388,-882.21873270584,-895.001831630829,-895.713634574677,0.694993287382156,-929.022435077897,0.34956774439558,1811.75804582161,1827.17009560829,NA,2382.60255134014,0.398687759728392,1.12081058097248
"122",-5.76,0.83,-5.86,0.83,1.359326,9.604077,-1.1484446,0.2002995,35,35,-5.82862364827164,0.847242794216929,-6.62930637087939,0.844349610072748,1.38268475728377,8.08075360745158,-1.0309194870468,0.182444157551174,1.38268475728377,6.92574703660318,-6.22896500957552,0.845796202144839,1.38268475728377,8.24102681302223,-1.03034035640741,0.182446250179797,1.38268475728377,7.34911683411909,2.87013791441471,0.0783125147596809,-0.459055648349427,-6.7387115513736,-7.55663111644366,1.99377182216505,7.672616399322,-4.05121824935504,0.577843648680609,-4.333925080524,0.544685672426578,5.04991734,0.10984455,-0.882,0.02601601,88.9643091766078,-128.373375224378,1278.20434916716,0.192990323125851,0.199903741361206,8.53893934806101,0.181804779948835,-1.19479579450668,-905.182455296886,-907.483184920122,-919.574677714341,-923.217420754313,3.63235744190747,-939.942766550828,4.60407684691004,1859.92015372261,1876.31578777531,NA,2428.03532310994,0.450763236817795,1.17747668237711
"123",-5.76,0.83,-5.86,0.83,1.359326,9.604077,-1.1484446,0.2002995,35,35,-5.14990257753696,0.809590992932461,-4.57278467210296,0.661777664031593,1.52912241590588,5.89347994332593,-0.63729203473473,0.121519423064224,1.52912241590588,6.68763933364995,-4.86134362481996,0.735684328482027,1.52912241590588,5.97674621251906,-0.658618464427354,0.126981618114413,1.52912241590588,6.77210826816979,2.67677312358476,0.0741573304586997,-0.426823745651228,-6.2843101695422,-6.58782582807209,2.11241263823136,8.38312854024237,-3.57574271679208,0.563875998892183,-3.21415895787694,0.458065074768505,3.17123136,0.06789752,-0.789,0.03341987,36.8986039414074,-24.2419647539774,1192.22043825106,0.348979339374518,0.315626744107773,6.21830343208404,0.158442424494401,-0.949271473335807,-919.380420820085,-920.467549326596,-942.102870991577,-942.867810291808,0.747158821851508,-956.86037224132,0.55307336148191,1888.31608476901,1921.37217432978,NA,2360.19891174814,0.443149605368784,0.970365597261604
"124",-5.76,0.83,-5.86,0.83,1.359326,9.604077,-1.1484446,0.2002995,35,35,-5.08133627211189,0.797486227402552,-6.49949830005888,0.888988668269718,1.43433465593308,8.83485176695333,-1.04143135622245,0.179019184701988,1.43433465593308,7.89295831350946,-5.79041728608538,0.843237447836135,1.43433465593308,9.33764765133102,-1.07387267799803,0.18111235887315,1.43433465593308,8.37087469152898,3.08031184072666,0.0838493051255332,-0.496272187124597,-6.28786092479642,-7.16087508812634,2.04382690978299,9.22288088411383,-3.3226066866697,0.517369435570565,-5.38239059289105,0.74069957605936,5.61683154,0.1109781,-0.848,0.02855334,63.6280472482357,-77.700851367634,1280.32069806381,0.0186144863844557,0.013197145150132,7.89797203477517,0.161499393340474,-1.08703750284851,-918.297179921489,-920.771371172205,-936.619831055102,-940.2840986037,3.65438727582463,-951.773753118728,4.34082349475636,1886.14960297182,1910.40609445683,NA,2482.94054475998,0.466953323695802,1.05198852758061
"125",-5.76,0.83,-5.86,0.83,1.359326,9.604077,-1.1484446,0.2002995,35,35,-5.59744498661622,0.742283867629167,-5.4200424113754,0.782440995760576,1.3700864864276,8.18167837865903,-1.1265892698557,0.228595271110326,1.3700864864276,8.81930682146658,-5.50874369899581,0.762362431694872,1.3700864864276,8.18954629708455,-1.1248082753695,0.228998419845266,1.3700864864276,8.9327888586398,3.15489724793719,0.0790641053776918,-0.482704924781064,-7.13285101412625,-6.71620266093105,2.21599262308099,8.6896826310801,-3.8948381095666,0.518165000012135,-3.73334198925895,0.534360167419263,3.02267551,0.10027819,-0.786,0.02754157,75.7378628252321,-101.920482521627,1275.95728312209,0.70008222622378,0.689075946063402,8.55959102638668,0.185121179372852,-1.2166959663568,-914.834522219527,-915.328251063548,-932.328515793914,-933.132868925512,0.785878134585732,-969.713647617249,0.962073910436765,1879.22428756789,1901.82346393446,NA,2449.99408372255,0.467192244347759,1.15380674644307
"126",-5.76,0.83,-5.86,0.83,1.359326,9.604077,-1.1484446,0.2002995,35,35,-6.0737799105621,0.893582542634307,-6.16397667191448,0.847757228520744,1.49153174874118,10.2850540490086,-1.42266897296335,0.270823778769718,1.49153174874118,8.52731775167562,-6.11887829123829,0.870669885577526,1.49153174874118,10.2870879129482,-1.42163564923309,0.271348768623119,1.49153174874118,8.60783874883204,2.68676840530916,0.0744480251666734,-0.430071934381968,-6.70778758392135,-7.07099970855437,2.3451570732763,8.42965595075334,-4.07836056251033,0.59177381438994,-4.53148177331007,0.630495399699457,6.41731683,0.1495557,-0.879,0.02644531,74.0923139578796,-98.6293847869218,1311.85782714863,0.742291315471655,0.747116930337471,7.57401039774195,0.186153582322346,-1.13963661741144,-936.912373863993,-937.290264328725,-951.023191757987,-951.612317127324,0.574708217921425,-982.641301226845,0.709904375642393,1923.37999085682,1939.2128158626,NA,2525.08626951033,0.438739930055138,1.13644593401866
"127",-5.76,0.83,-5.86,0.83,1.359326,9.604077,-1.1484446,0.2002995,35,35,-5.19698974798986,0.766813403693844,-5.79558584212784,0.852180844542501,1.12303666094815,9.96760081067202,-1.27702854840818,0.233425743026425,1.12303666094815,11.3113233385666,-5.49628779505885,0.809497124118173,1.12303666094815,10.0571801316513,-1.28980370257282,0.235247643015687,1.12303666094815,11.3320558102433,2.86861214040736,0.069664660624323,-0.432958763523649,-6.58625514713002,-6.6762541192084,1.92766226007727,10.6093826192821,-4.1096888309796,0.607069438253512,-4.06259527716425,0.591004044001121,6.7426739,0.1521125,-0.867,0.0241899,86.3409509378664,-123.126658746895,1250.82877341363,0.979837195055746,0.970916941430477,5.42923452639669,0.1323190991451,-0.814989974533709,-882.082435164615,-882.338279802564,-899.445140345246,-899.562922354849,0.114513122208512,-941.88881899947,0.0430707059529763,1813.72011345807,1836.05671303712,NA,2378.53088808036,0.412039856140009,0.804167969605343
"128",-5.76,0.83,-5.86,0.83,1.359326,9.604077,-1.1484446,0.2002995,35,35,-6.1419960387064,0.880198181989109,-5.96360015592235,0.882720276401504,1.41533457999039,5.81915311888181,-0.816702502513107,0.175912138919988,1.41533457999039,6.87096887800213,-6.05279809731437,0.881459229195306,1.41533457999039,5.82710939163039,-0.816590019698316,0.175913729160044,1.41533457999039,6.89410803813199,2.68330441681702,0.0739329827398878,-0.429514919483133,-6.85574426932124,-6.66232240067004,1.97824166169411,7.96614028392839,-4.79712207760506,0.702813862941092,-4.57321398430697,0.685594849907907,2.80217091,0.06774319,-0.762,0.02878736,74.4711739871539,-99.3871048454703,1244.77845483017,0.896289225769826,0.900397432479011,7.00718905943225,0.170445838962935,-1.05625187021922,-906.672491791712,-906.809965537218,-924.80722191192,-925.012706779623,0.199907141448415,-939.191874608348,0.250999720226896,1862.90022671226,1886.78087617047,NA,2390.16980481487,0.431528984240025,1.01595836843713
"129",-5.76,0.83,-5.86,0.83,1.359326,9.604077,-1.1484446,0.2002995,35,35,-5.67628732685938,0.797678473856818,-6.16728551192868,0.872721160181772,1.32053522386992,7.21380471782628,-0.583616034976983,0.109681193560406,1.32053522386992,11.7452020669395,-5.92178641939403,0.835199817019295,1.32053522386992,7.27407452226161,-0.592827490674052,0.111089044753122,1.32053522386992,11.755957238378,2.61671986162993,0.0717257965926208,-0.414155724586115,-6.88166662491697,-6.9255799036441,1.7301927727491,16.5647447124678,-4.23878699618882,0.601831598740085,-4.28941028946748,0.615598389203568,4.50644044,0.0973046,-0.711,0.02182043,114.186792064983,-178.818341001129,1343.14409113175,0.989208139841154,1,6.74280031776179,0.130124194540484,-0.905365157159831,-904.690297619414,-904.96768844059,-941.559819857873,-941.618865177054,0.0573825078630924,-929.903206332033,0.00755096321179314,1858.93583836766,1920.28607206237,NA,2507.46984126237,0.432758433392131,0.86112340471518
"130",-5.76,0.83,-5.86,0.83,1.359326,9.604077,-1.1484446,0.2002995,35,35,-6.11709431811771,0.824309985653318,-5.98024695045118,0.805454849451012,1.30433819313875,9.91658023068878,-1.23646100586668,0.206685076220357,1.30433819313875,8.17008277933508,-6.04867063428445,0.814882417552165,1.30433819313875,9.92126203119809,-1.23710607480575,0.206773955260659,1.30433819313875,8.17109163689561,3.15240682024185,0.0831865595220639,-0.498011243637304,-7.16380996032308,-7.13929661500982,2.01859637918315,8.38411428462904,-4.30435733832042,0.586358560090773,-4.25838714824164,0.580187430789997,5.11155827,0.1277792,-0.866,0.02601084,83.4859971458521,-117.416751162867,1279.84392015578,0.998017401542503,0.998945843074648,8.19893901153818,0.154029892472137,-1.09794860789609,-900.90846671904,-900.921461430841,-915.491589418679,-915.499290128318,0.00748110085445501,-945.734111401488,0.00377493388227922,1851.37217656692,1868.14961118399,NA,2442.27108914869,0.473701558342588,0.991608684379963
"131",-5.76,0.83,-5.86,0.83,1.359326,9.604077,-1.1484446,0.2002995,35,35,-6.31562675376385,0.936905987323997,-5.89913995801562,0.798830003968627,1.46679947801235,6.5317240682767,-0.664291317231609,0.135847405025281,1.46679947801235,9.02744097602213,-6.10738335588973,0.867867995646312,1.46679947801235,6.57508938103485,-0.678668023200974,0.140613649320169,1.46679947801235,9.15472280816503,3.0601266145024,0.0888333318308318,-0.502915966396668,-6.69152455446161,-7.09765873764828,1.93520069509051,12.1947187580532,-4.68112198096614,0.702099460065188,-4.23457205398288,0.573369462497782,4.17122851,0.08035646,-0.758,0.0288128,64.2072775917608,-78.8593120546842,1329.57184574496,0.293922659535826,0.270028285153193,7.14579424818664,0.168612558577173,-1.04968741362334,-922.256160093657,-923.249485878941,-950.507947870603,-951.390890499823,0.863147896498634,-947.325168887531,0.768705345364698,1894.06756331615,1938.18232808783,NA,2580.28437943523,0.514184520317634,1.05768257116643
"132",-5.76,0.83,-5.86,0.83,1.359326,9.604077,-1.1484446,0.2002995,35,35,-5.39242876979013,0.771447911811025,-6.58792346740344,0.993548522951566,1.45497120161344,7.57933740688029,-0.967322693195091,0.183264116745651,1.45497120161344,7.27339112766149,-5.99017611859678,0.882498217381295,1.45497120161344,7.93663929988568,-1.03370271893389,0.195596287112901,1.45497120161344,7.35854904275226,2.88324400941032,0.0772299586288774,-0.456888601831299,-6.75408296883892,-6.6263596982105,2.07547501854674,8.32886484696414,-3.88743561460254,0.561456692466131,-4.41710120453481,0.664471278739219,2.6719986,0.07690418,-0.765,0.0308743,56.450828112153,-63.3464130954686,1249.66555905977,0.577498268793187,0.570422744138475,9.52811714062831,0.221623610383756,-1.41726341906637,-918.133400688074,-919.726522008118,-935.064591031172,-935.781417340971,0.699923179844846,-952.335410947214,0.100263003873223,1885.82204450498,1907.29561440897,NA,2435.98470502407,0.446142708180294,1.292515146958
"133",-5.76,0.83,-5.86,0.83,1.359326,9.604077,-1.1484446,0.2002995,35,35,-5.94366913802409,0.851663377114922,-5.20122014783281,0.817295908404526,1.27725078375042,10.844652993452,-1.41302919520161,0.254060493262694,1.27725078375042,10.0589762593859,-5.57244464292845,0.834479642759724,1.27725078375042,10.982460619211,-1.41940821831148,0.254355773989084,1.27725078375042,10.2590957463898,2.84129983370975,0.0701712821436836,-0.431431953123804,-6.82742035213322,-6.28972384725502,2.11214188542889,9.63182455792864,-4.353590568772,0.627805661952364,-3.66602075673497,0.585141305311626,7.48586108,0.18007499,-0.884,0.02465564,78.113927599398,-106.672612069959,1262.69340625783,0.386771808805645,0.33725588864258,5.74810788496634,0.127013140670378,-0.812746076651956,-908.158400984871,-909.007748742462,-923.460787324739,-924.716159163042,1.230504957881,-961.201818294719,1.53211194275072,1865.87204509858,1884.08800699611,NA,2418.71420044571,0.416838242757302,0.834039524549028
"134",-5.76,0.83,-5.86,0.83,1.359326,9.604077,-1.1484446,0.2002995,35,35,-6.40864343177125,0.837670090510947,-6.21403575379061,0.932853601381019,1.34911259442592,8.07469534158615,-0.899583174857055,0.166841028156374,1.34911259442592,9.60267600558061,-6.31133959278093,0.885261845945983,1.34911259442592,8.0841633786684,-0.894952314348936,0.169106003341763,1.34911259442592,9.99388142801533,3.29188909436689,0.0838753931971387,-0.511542760593517,-7.3757630264267,-6.61407662130148,1.88921842020794,11.8587514984638,-4.62810188478464,0.606216610415451,-4.77356437695349,0.705480822291421,5.38559276,0.09253594,-0.821,0.02346906,106.144212898972,-162.733182669106,1328.10168811799,0.217090312285103,0.205190154015053,7.46734174594875,0.176791411076817,-1.09455428639537,-910.144136091089,-911.770546714046,-933.921855370779,-936.458127683652,2.50898628908017,-940.530729589123,2.84196283971393,1869.84351531101,1905.01014308819,NA,2493.47019356687,0.479445005469997,1.12366154894849
"135",-5.76,0.83,-5.86,0.83,1.359326,9.604077,-1.1484446,0.2002995,35,35,-6.1375881783452,0.892082316285036,-5.8897073541266,0.842722321087332,1.36033808393939,5.64221425149759,-0.55552726064522,0.104193736975576,1.36033808393939,7.68214195329868,-6.0136477662359,0.867402318686184,1.36033808393939,5.65757547725141,-0.558586109718476,0.104802839257055,1.36033808393939,7.68749486806874,2.40393228725921,0.0641218952536089,-0.380203954618961,-6.78053381208012,-6.82672706637271,1.72298984092381,10.8448025186977,-4.82061140679085,0.704703413382875,-4.23053419503294,0.61198518406914,2.02772778,0.0314692,-0.483,0.02626024,94.9048888995502,-140.254534670263,1255.96372265145,0.534927704055118,0.453385897467831,7.58964023959387,0.168923741612509,-1.10867587784957,-895.257868079162,-895.378071018711,-921.963308659925,-922.006453378449,0.0419249312349518,-915.090962093806,0.0124420957316552,1840.07097928716,1881.09304966648,NA,2371.67291063263,0.37047617253187,0.985589974736823
"136",-5.76,0.83,-5.86,0.83,1.359326,9.604077,-1.1484446,0.2002995,35,35,-5.99295928888624,0.851043470841772,-4.68968614197611,0.635318049509639,1.24585256698444,12.3052743546419,-1.34646629931721,0.204923326340017,1.24585256698444,11.393621857948,-5.34132271543117,0.743180760175706,1.24585256698444,12.7299045785061,-1.41675358649923,0.216557690692249,1.24585256698444,11.4768657945862,3.94115360332706,0.101263742944997,-0.616870472372587,-6.88040374415776,-6.86236683431754,2.08299881553491,11.4781732505937,-4.32481012069991,0.61395693556625,-3.22977302248018,0.434017279971215,5.64297208,0.12694051,-0.842,0.02356686,96.4121442987952,-143.269045468753,1280.2452292387,0.265887897241277,0.261501871781153,9.00797459143586,0.176484195791225,-1.22578197443468,-902.772432788262,-904.237590728957,-925.338541085586,-925.807136426906,0.456733935912801,-963.402320945853,0.00148946806455869,1855.10010870536,1887.8435145178,NA,2417.22141300865,0.570588105192983,1.13064276852874
"137",-5.76,0.83,-5.86,0.83,1.359326,9.604077,-1.1484446,0.2002995,35,35,-6.04613182185232,0.806455989379939,-5.67865553178058,0.83782341881927,1.26264880786015,12.7390208831185,-1.59514303333492,0.261164047682227,1.26264880786015,10.1602640656134,-5.86239367681645,0.822139704099605,1.26264880786015,12.7727805890597,-1.59226133668506,0.261410026589635,1.26264880786015,10.374957768929,3.82000341229075,0.102110179505034,-0.609764685183951,-7.19921695377921,-6.64486163605178,2.13099907965085,9.45380286100412,-4.98490465806568,0.673243395297279,-4.18166146333397,0.6134971503832,8.9974223,0.15310529,-0.9,0.02284671,101.092420657331,-152.629598185824,1294.02569096477,0.439284524274144,0.377802153155038,7.34336021472497,0.172439305402375,-1.08820004310193,-906.82409804353,-907.69655485102,-921.281931557163,-922.6157559191,1.30813856550613,-962.788460754168,1.64159427634662,1863.2034392159,1879.73029546095,NA,2435.42178374372,0.570892561477915,1.03761780108922
"138",-5.76,0.83,-5.86,0.83,1.359326,9.604077,-1.1484446,0.2002995,35,35,-4.91992491077138,0.759211694289,-4.77864718173773,0.703017735651122,1.15519538065304,9.03848632714081,-1.08563563536516,0.195515576203718,1.15519538065304,10.7223222037582,-4.84928604625455,0.731114714970061,1.15519538065304,9.04347617632104,-1.0876203740806,0.196305016450567,1.15519538065304,10.7567610761744,3.04140799256432,0.0808937115589701,-0.482936626348354,-6.35447932745267,-6.54799066268333,1.95112493481376,10.5071224452107,-3.53750933940015,0.547213835393005,-3.25493857099844,0.47859219357459,4.27705082,0.10361011,-0.809,0.02386893,93.8297822901679,-138.104321451498,1201.0012617606,0.750475484712742,0.749227110578597,6.20675463892586,0.141167150955083,-0.899538138169663,-882.810743858788,-883.001849273466,-902.930549754009,-903.135900428843,0.199776399555793,-944.543191297677,0.198475985515969,1815.17673084641,1843.02753185465,NA,2263.89820206971,0.457779764885758,0.881084386067279
"139",-5.76,0.83,-5.86,0.83,1.359326,9.604077,-1.1484446,0.2002995,35,35,-6.01905305375618,0.889678121262411,-6.39022651392755,0.86377464877775,1.39819331373048,10.3733468479415,-1.17662187795643,0.18262976817897,1.39819331373048,8.25959455580642,-6.20463978384186,0.876726385020081,1.39819331373048,10.4077892823254,-1.17421820757828,0.182797515650661,1.39819331373048,8.43347777443682,1.92909007074753,0.0477322197400854,-0.286128978409904,-6.6763222593028,-7.20182190550105,1.98488976197683,9.70497575971372,-4.1387606127452,0.622973480948761,-4.91752889898756,0.667269202346226,7.59230815,0.15186098,-0.9,0.02451387,89.6316235522406,-129.708003975644,1286.81606430088,0.259223019140752,0.228466818109583,6.64086767207599,0.129711022501257,-0.888430883720394,-914.312489027917,-915.155789776933,-933.195423388489,-934.497742897346,1.27695211659701,-946.21771166993,1.54657055508157,1878.18022118467,1903.55727912361,NA,2443.92412462611,0.310223913272273,0.88511770335471
"140",-5.76,0.83,-5.86,0.83,1.359326,9.604077,-1.1484446,0.2002995,35,35,-4.86847424041149,0.715916200659967,-5.59254959616813,0.812361235330632,1.4621186831799,8.38740211765952,-0.793496035132851,0.129516623154688,1.4621186831799,9.23672006028574,-5.23051191828981,0.764138717995299,1.4621186831799,8.51847339786305,-0.810954403330381,0.131842034332845,1.4621186831799,9.26423044855559,2.77100764871224,0.0778877954650403,-0.449184684221619,-6.56097200456777,-6.71045280082018,2.01763830356609,11.9704987288608,-3.84535760486758,0.568520187304384,-3.92954796637404,0.573209820787508,4.18806162,0.06666625,-0.731,0.02889953,60.6661178122428,-71.7769924956481,1273.81942832646,0.98660943975039,0.981856705456775,6.9753206014797,0.151892890345633,-0.995199098553702,-922.399594178747,-922.826920066266,-951.170771074764,-951.35863829916,0.182744706442371,-956.945871360865,0.101605630926858,1894.35443148633,1939.50797449616,NA,2475.86186415728,0.448676038049689,0.942647912530693
"141",-5.76,0.83,-5.86,0.83,1.359326,9.604077,-1.1484446,0.2002995,35,35,-5.48954741030255,0.853096741086993,-5.79407766212592,0.875761152244268,1.41978219816366,14.61756894332,-1.81247094052111,0.263963033632546,1.41978219816366,7.54544133615486,-5.64181253621424,0.864428946665631,1.41978219816366,14.6407536118889,-1.8141964402304,0.264091452515823,1.41978219816366,7.56395193893989,3.99061696112863,0.0986395335323225,-0.610883988040112,-6.36475901277741,-6.53426056779117,2.25680147452552,7.04345885723008,-3.77817257031772,0.586579452857629,-4.0718922555765,0.61588616384193,6.91079366,0.13199451,-0.917,0.03213086,37.2856971691651,-25.0161512094929,1220.7441573233,0.901232463525256,0.919654657785958,8.91409673525859,0.197905966513186,-1.29818569500373,-919.105583533446,-919.203717144534,-931.331090906543,-931.48255655815,0.147297364743061,-967.667344006849,0.188346751162999,1887.76641019573,1899.82861415971,NA,2416.4721634371,0.568032852221823,1.16475397185282
"142",-5.76,0.83,-5.86,0.83,1.359326,9.604077,-1.1484446,0.2002995,35,35,-6.06829359332348,0.88795148418863,-6.21920802818813,0.792678019927802,1.29608554556444,11.0510741300646,-1.33381873875821,0.234878505926505,1.29608554556444,11.0488014425369,-6.14375081075581,0.840314752058216,1.29608554556444,11.0567679217272,-1.33022420350408,0.23714776417457,1.29608554556444,11.412914264237,4.6563309747839,0.120245846033108,-0.728752075030147,-6.73584965575413,-7.45437873678827,2.07436278466891,11.4185175876732,-4.29911359106718,0.624664019858661,-4.626333399386,0.586290331813227,6.8007469,0.1398151,-0.859,0.0234699,100.099675398395,-150.644107667952,1355.89549736836,0.238720453288627,0.215096247749458,7.85777739080645,0.174743596219009,-1.11193857741723,-913.730276727875,-915.123853338769,-933.047852312348,-935.131907287912,2.05494895020789,-962.216719832853,2.38496050996334,1877.01579658459,1903.26213697132,NA,2561.14688706877,0.683979915557513,1.15442861801179
"143",-5.76,0.83,-5.86,0.83,1.359326,9.604077,-1.1484446,0.2002995,35,35,-4.85170351943031,0.700326179153987,-6.05194616552016,0.802741013041377,1.45497365543133,7.88976064828671,-0.817818739711584,0.137373210463022,1.45497365543133,8.10664430442585,-5.45182484247523,0.751533596097682,1.45497365543133,8.2499062506599,-0.848549402517549,0.139995410013067,1.45497365543133,8.33206561363545,3.12642644427012,0.0755032517562538,-0.470999574691701,-6.63708259749227,-7.22716416514846,2.05274378940744,10.0108684456056,-3.28567209915544,0.481859963333808,-4.40739380952651,0.585648302879906,3.74978681,0.04840243,-0.811,0.03154416,55.5640569528342,-61.5728707768311,1266.06767706603,0.182995142799949,0.153237197332595,8.48561619462649,0.187672579159738,-1.20006612714562,-917.645340603544,-918.982627764591,-941.782191186742,-943.493837817838,1.68323792099834,-955.439226528734,1.83322064028256,1884.84592433593,1920.73081472011,NA,2470.56248335524,0.445670713348286,1.23298373590961
"144",-5.76,0.83,-5.86,0.83,1.359326,9.604077,-1.1484446,0.2002995,35,35,-6.18696511270577,0.876856690767703,-5.58928628819128,0.874191406197244,1.47582622639877,12.6754987977998,-1.46243294507843,0.232446264004117,1.47582622639877,9.70178218870298,-5.88812570044852,0.875524048482474,1.47582622639877,12.764803792118,-1.4628311911157,0.232448039939577,1.47582622639877,9.90248018502607,2.58946048520278,0.0686935413255768,-0.406584367584677,-6.92062108334069,-6.3388213346018,2.2105300145521,10.7525661814038,-4.15314732565713,0.585512042140697,-3.85459026224469,0.609207982055999,6.29639377,0.11308723,-0.862,0.02992607,48.8445126351666,-48.1337821414957,1309.65731285474,0.372439470010859,0.362463293834016,9.60164900068322,0.213261546646295,-1.37521290926669,-937.568455836378,-938.359990625451,-956.567008062096,-957.867609180154,1.27525149637006,-975.864304330457,1.55047546577442,1924.69215480159,1950.30044847082,NA,2571.18084356799,0.404331800528708,1.34378094310581
"145",-5.76,0.83,-5.86,0.83,1.359326,9.604077,-1.1484446,0.2002995,35,35,-5.8723757243756,0.834579336086377,-6.50499448670008,0.884530738184049,1.35349672486722,7.91820845944792,-1.02379663114075,0.193223991363788,1.35349672486722,7.93447947442584,-6.18868510553784,0.859555037135213,1.35349672486722,8.01826008405916,-1.0316966796836,0.193847777006669,1.35349672486722,8.01113613404375,2.31024128186639,0.0615362714663283,-0.356082529415621,-6.85790923409869,-7.19293046864023,1.9863559453793,8.76497054041649,-3.90626399863208,0.554754552245633,-4.63155258474924,0.625661246648718,4.83196547,0.10906047,-0.858,0.02728864,76.9377968040193,-104.320350479201,1283.24512180805,0.492696555947196,0.468511311263613,8.2688983474009,0.180392660550047,-1.17949057334923,-906.080498683531,-906.573263728089,-922.733529097961,-923.331558045828,0.583431062653289,-943.181870758582,0.688594609609172,1861.7162404959,1882.63349054255,NA,2462.1698931369,0.389996835921465,1.12374228012535
"146",-5.76,0.83,-5.86,0.83,1.359326,9.604077,-1.1484446,0.2002995,35,35,-6.05069279013371,0.812996274843442,-5.7430183578423,0.797585320486497,1.69016618688541,7.03598769169146,-0.876320320672463,0.181835005402575,1.69016618688541,7.26898106433646,-5.89685557398801,0.80529079766497,1.69016618688541,7.05965358076292,-0.877505709830673,0.181894379781123,1.69016618688541,7.29341587757976,2.72405922711846,0.0750827465643725,-0.435911871571595,-7.16481259369749,-6.94895263957499,2.34149651007967,8.83509993813795,-4.19056080359371,0.581833295768476,-4.28734118873396,0.602193320314804,4.48869078,0.12860784,-0.844,0.02927041,58.200717624759,-66.8461921206807,1314.57175134531,0.982958593895811,0.97140392705408,7.41154193735368,0.148970362359782,-1.00158892919763,-951.011875608069,-951.163352590975,-971.738252351045,-971.944797113133,0.200939787818627,-983.732011232978,0.240779124021167,1951.57899434497,1980.64293704872,NA,2562.29731056994,0.438990534875124,1.01644494809883
"147",-5.76,0.83,-5.86,0.83,1.359326,9.604077,-1.1484446,0.2002995,35,35,-4.9445969160559,0.725157294488177,-5.024523696707,0.743900842345147,1.58758170642189,7.39223345524961,-0.811947859241198,0.146095047267652,1.58758170642189,7.21821660178007,-4.98456030638145,0.734529068416662,1.58758170642189,7.39383052781592,-0.812322387100744,0.146182877414219,1.58758170642189,7.21926373533497,2.08104748363121,0.0570473742580876,-0.331337848187404,-6.58203863449982,-6.55029620728347,2.22958279360227,8.82656570211117,-3.63405137919259,0.533633778397932,-3.60141515708963,0.532376713613528,4.04729715,0.07211161,-0.791,0.03026894,53.5613638106823,-57.5674844925273,1230.18729276682,0.996763358063062,0.988562120679623,5.96601454535593,0.145797286011449,-0.895537372190973,-934.148994650275,-934.164111765692,-955.966527340622,-955.975445903253,0.00866429849484309,-971.702561487173,0.00547270274784013,1917.85323242939,1949.09948702787,NA,2402.80710104111,0.336780744376102,0.890075238743023
"148",-5.76,0.83,-5.86,0.83,1.359326,9.604077,-1.1484446,0.2002995,35,35,-5.39961953754048,0.784946279554971,-7.28641414044351,0.971779172094724,1.35161843719165,7.70982705607346,-1.16524891575388,0.244549968116277,1.35161843719165,8.09649317994459,-6.34301683899199,0.878362725824848,1.35161843719165,8.59982552445947,-1.25337773907607,0.25327660054997,1.35161843719165,8.54140540817615,3.00585291219737,0.0851190795572687,-0.486117702624907,-6.68085395454093,-7.45454653040479,2.14597131181836,7.80274941561085,-4.07718424820039,0.601305203291838,-5.48729214508856,0.725851340592166,5.22902079,0.1417862,-0.869,0.02487006,94.8865781928024,-140.217913256767,1315.29025203421,0.0462427023634816,0.0481549131408601,7.79518230875,0.166508419592948,-1.09084352245072,-908.150057288378,-912.076737051747,-923.651275089275,-926.99390232264,3.32590053345482,-958.487232587459,3.77087007790162,1865.85535770559,1884.46898252518,NA,2490.36259081165,0.50102372950594,1.08303576281227
"149",-5.76,0.83,-5.86,0.83,1.359326,9.604077,-1.1484446,0.2002995,35,35,-6.41732475733013,0.892388644478043,-5.25865127881392,0.735498759024495,1.25038640812079,9.3171639974136,-1.10237017082169,0.197498078776801,1.25038640812079,10.339013072856,-5.83798801807202,0.813943701751269,1.25038640812079,9.65279505486783,-1.14781620815231,0.203651687816208,1.25038640812079,10.4178632204691,2.8780104916238,0.0798968634559318,-0.464377076102197,-7.0584453669596,-6.83448122760931,1.95642513657813,11.0600300169498,-5.13212942717734,0.719409344867548,-4.15757507124088,0.591531437873248,5.38668275,0.11994644,-0.807,0.02221163,111.047198084518,-172.539153040199,1303.29768308003,0.434581229002204,0.415640119142145,6.46323151857355,0.135946975764534,-0.909611409537194,-899.42664055726,-900.403891530567,-920.003224103348,-920.488311102993,0.472863908281638,-946.850395085683,0.252983565871205,1848.40852424336,1877.17288055332,NA,2434.05621311985,0.458320447388427,0.844872144998273
"150",-5.76,0.83,-5.86,0.83,1.359326,9.604077,-1.1484446,0.2002995,35,35,-5.75970468541929,0.886349146733588,-4.91423051363445,0.698183906098844,1.41249595581651,6.50775060841391,-0.520953909666665,0.0776264184781417,1.41249595581651,8.06011027408259,-5.33696759952687,0.792266526416216,1.41249595581651,6.68645725220272,-0.560726122412754,0.0864779579239246,1.41249595581651,8.16285827689741,2.27375076796056,0.0576732099908598,-0.349894207098095,-6.43680705977052,-6.71237270020335,1.79661959646106,11.6916708122484,-4.15827077246533,0.639909477472733,-3.98531165231677,0.566240769245215,5.17308897,0.06639114,-0.812,0.02503188,91.8781913427348,-134.201139556632,1236.60483210838,0.458498126131746,0.467840853265907,4.80795725991627,0.117822667008525,-0.724134056245953,-900.867225121389,-903.090474500788,-934.164360295631,-934.953741717936,0.77116767677701,-927.760178890033,0.396298255847319,1851.28969337162,1905.49515293789,NA,2339.00852466013,0.340066383768889,0.713256238257111
"151",-5.76,0.83,-5.86,0.83,1.359326,9.604077,-1.1484446,0.2002995,35,35,-5.34714029186705,0.803512136941063,-5.62940044731814,0.779482259605716,1.41192515548928,8.71608304977159,-1.01856525236174,0.19711090204211,1.41192515548928,10.1049640067186,-5.4882703695926,0.791497198273389,1.41192515548928,8.73600074861041,-1.0168695831337,0.197255260793298,1.41192515548928,10.2180334816558,3.36399511745668,0.0906244601577847,-0.539275456200382,-6.51776413484462,-6.94318808125284,2.12525350132948,11.4419751435564,-3.86656038855618,0.583378668095591,-3.57473007508222,0.495301998615578,4.3689677,0.1080602,-0.804,0.0284349,59.9936557359973,-70.4320683431573,1290.85581032692,0.584151348387913,0.531573453825191,8.19748183428086,0.177140851338844,-1.15072808000913,-925.188298370306,-925.60638211535,-948.311098653207,-949.020226622081,0.692368231997577,-968.220853012117,0.814499375409114,1899.93183986945,1933.78862965304,NA,2511.27955231067,0.505177948404359,1.15768749943106
"152",-5.76,0.83,-5.86,0.83,1.359326,9.604077,-1.1484446,0.2002995,35,35,-5.83360273729697,0.809172731464008,-5.162346765849,0.701174226063076,1.32527584243353,9.58132120259874,-1.16743642843752,0.206989985600469,1.32527584243353,9.35831458709071,-5.49797475157299,0.755173478763542,1.32527584243353,9.6939673473999,-1.18556008885198,0.209905904892677,1.32527584243353,9.37838515209701,2.35563355304763,0.0704937549292642,-0.393973823199056,-6.97050222289781,-6.94267339987555,2.12488456318085,9.56520931896407,-4.12293031225353,0.564788608896237,-3.12074544665872,0.413819322107652,3.40827947,0.07808303,-0.76,0.02648731,82.3711190540027,-115.186994979168,1262.53135561534,0.264241989674751,0.207318564053936,10.468344897466,0.22906455955209,-1.51126933135627,-909.658506829559,-910.026786940124,-927.922201078255,-928.057703834896,0.131758734391952,-962.455489522468,0.00410509481049815,1868.87225678796,1893.01083450314,NA,2409.87571625151,0.403371092525953,1.36505456560805
"153",-5.76,0.83,-5.86,0.83,1.359326,9.604077,-1.1484446,0.2002995,35,35,-6.46129484834911,0.96960832039243,-5.27483334343616,0.806141502192559,1.09663636986357,9.45201463909499,-1.16327708403601,0.206716676495752,1.09663636986357,11.0217520695514,-5.86806409589263,0.887874911292494,1.09663636986357,9.80393736475506,-1.2117638558172,0.21339702665885,1.09663636986357,11.1119578426425,3.55715584631803,0.0929784434581226,-0.562522463015553,-6.64236061100176,-6.42979210864566,1.76622894986655,11.2266605382289,-4.66743377793587,0.714338964164967,-3.64914030745874,0.562745579481184,5.84922591,0.1613254,-0.875,0.02291135,99.3411359967024,-149.127028864567,1243.55721636132,0.377629620324329,0.347959316226751,7.5565325196696,0.157658424730034,-1.06026928904422,-873.457900287247,-874.497695587253,-891.950793082785,-892.474080513131,0.510241147439208,-922.273991838643,0.248994602760697,1796.47104370333,1821.0680185122,NA,2337.98740385807,0.518244199913021,0.979571358389719
"154",-5.76,0.83,-5.86,0.83,1.359326,9.604077,-1.1484446,0.2002995,35,35,-5.99744762146719,0.789746776063347,-5.04500280050226,0.673574969429835,1.41296582131563,9.95756973682984,-1.26044157985127,0.207745826604449,1.41296582131563,7.03564934047155,-5.52122521098473,0.731660872746591,1.41296582131563,10.1843575210756,-1.28810338874382,0.211119798768572,1.41296582131563,7.09884300237496,2.61497647408264,0.0728683088956344,-0.420920323340549,-7.25008192249432,-6.98975866369518,2.25192517582606,6.81627635246961,-4.30834649073543,0.570522792426503,-3.18714174877575,0.425732806176911,4.2442419,0.09576084,-0.852,0.02924535,64.3605281790842,-79.1658132293311,1251.78418364834,0.261619426848878,0.186226819603268,9.57617363086463,0.190305814927448,-1.31887071682304,-913.198669443666,-913.823802620091,-925.846302059844,-926.394640223716,0.534763132058236,-966.134614366375,0.458161976615163,1875.95258201617,1888.85903646632,NA,2424.40255406734,0.424633058178477,1.18477826296044
"155",-5.76,0.83,-5.86,0.83,1.359326,9.604077,-1.1484446,0.2002995,35,35,-5.11184724422596,0.667357163591748,-5.71760568763315,0.759308150801392,1.29650545097454,7.50925073822367,-0.853451643821384,0.143368606216332,1.29650545097454,7.53968361997487,-5.41472646592955,0.71333265719657,1.29650545097454,7.60098656116345,-0.867376665541852,0.14548235222854,1.29650545097454,7.55644222475604,2.59045991319319,0.068877791041432,-0.409902587443136,-7.09364718562174,-7.15158544137365,1.97111015975854,8.2830956426217,-3.79879897748335,0.501509761270807,-4.16184980149576,0.544549537913104,3.87704866,0.07060902,-0.82,0.0267208,86.6641300506194,-123.773016972401,1234.36546516099,0.860714526414281,0.883212632601756,6.73792071676926,0.142377062324055,-0.948121783679971,-889.601786616666,-889.953411118979,-909.030328428708,-909.167564516122,0.133445824907833,-939.522953477397,0.0218310222862606,1828.75881636217,1855.22708920404,NA,2344.95791334959,0.394986297820238,0.89170191807985
"156",-5.76,0.83,-5.86,0.83,1.359326,9.604077,-1.1484446,0.2002995,35,35,-5.94168691133733,0.811601819547053,-5.26510701180144,0.793640269382013,1.55959434170228,8.83124871195634,-1.24157786721508,0.253301780392896,1.55959434170228,8.23942347654427,-5.60339696156938,0.802621044464533,1.55959434170228,8.94568880207034,-1.24461597316663,0.253382434713979,1.55959434170228,8.42189102449475,2.99698508376964,0.0811891377950173,-0.473235521146927,-7.06411451871406,-6.4945448871545,2.42586022230043,8.38075511892923,-4.19629408608431,0.58183948195419,-3.77346536397733,0.575648689470181,5.92305706,0.15186075,-0.873,0.02784429,61.3333441187581,-73.1114451086788,1284.46967166216,0.454456886021886,0.417247400399687,7.0448166894705,0.166582930131549,-1.02270618062475,-943.166002372694,-944.140760369011,-959.807754296346,-961.176697028709,1.34291855894815,-990.748607592016,1.69643428107362,1935.88724787423,1956.78194093932,NA,2495.82789821564,0.484602952070275,1.09448095275744
"157",-5.76,0.83,-5.86,0.83,1.359326,9.604077,-1.1484446,0.2002995,35,35,-5.42693420225728,0.825346173923483,-6.39997088169855,0.947937697554164,1.36145879152142,9.02913947031749,-0.96933404495863,0.160063794042119,1.36145879152142,9.16998007562695,-5.91345254197791,0.886641935738824,1.36145879152142,9.26583956520201,-0.999155557228941,0.163820964458642,1.36145879152142,9.23235921494963,3.19071149403788,0.0827627597855419,-0.492838026129227,-6.46747650288325,-6.71014460751857,1.88497116854556,11.458942861727,-3.85195667090954,0.595813192877201,-4.90220454683259,0.72409133869748,6.33707268,0.12880345,-0.869,0.02713688,67.5452939261463,-85.5353447234553,1273.98120692252,0.390292980244859,0.346904126793225,6.34291657576054,0.132126344341739,-0.876493537492851,-910.027202500641,-910.719507670527,-933.237106432725,-933.665150814951,0.417088474352882,-938.873803389876,0.298391502711947,1869.60964813012,1903.64064521208,NA,2462.42706912159,0.499305656604016,0.870130510394784
"158",-5.76,0.83,-5.86,0.83,1.359326,9.604077,-1.1484446,0.2002995,35,35,-6.00792286152329,0.76204940879561,-5.18623847974688,0.793573580526653,1.54201711241569,7.78686721436878,-0.980178559201358,0.181274955975178,1.54201711241569,6.8144421659088,-5.59708067063509,0.777811494661132,1.54201711241569,7.9556585201826,-0.973702829311399,0.18152339932601,1.54201711241569,7.39414238465909,3.55734894728069,0.0855313233053806,-0.534606728141906,-7.42557090948906,-6.41607367004311,2.22619479041934,7.68525130116024,-4.1653008816279,0.538378836989105,-3.81368748667284,0.581677060373955,4.83063323,0.10807918,-0.856,0.03077951,50.6353840150467,-51.7155249012561,1276.89100527904,0.108698413087478,0.109110047130746,6.93823264431232,0.149561083821542,-0.957123372186158,-928.908883272525,-931.997586615242,-945.305418261771,-950.314656484201,5.04445666601661,-967.008773180842,6.27208133670869,1907.37300967389,1927.77726887017,NA,2502.06648565682,0.50606646935276,1.03794443660561
"159",-5.76,0.83,-5.86,0.83,1.359326,9.604077,-1.1484446,0.2002995,35,35,-6.27858786777676,0.914030552003512,-5.87546285466756,0.832795741373299,1.34077111224383,9.75503835401597,-1.1423097242611,0.182955548428925,1.34077111224383,8.09889083592974,-6.07702536122216,0.873413146688405,1.34077111224383,9.79566579806454,-1.15049667028616,0.184605322043457,1.34077111224383,8.11409523548964,2.9037397264204,0.0752085557480627,-0.451515900894278,-6.79077159264186,-6.8716225601507,1.93527754176156,9.23392253638277,-4.55616924383913,0.670231426329817,-3.88830728255617,0.554319379582624,4.50378813,0.10739426,-0.841,0.02556482,87.3841998575159,-125.213156586194,1253.94783643814,0.548263516588007,0.554334463927479,8.85629124830731,0.178713408142883,-1.23211404986432,-904.338131368108,-904.590096910006,-921.695559476163,-921.812433031357,0.113629143234699,-938.441092623883,0.0392764314260494,1858.23150586505,1880.55755129895,NA,2382.68251629009,0.441235150123064,1.09175729146086
"160",-5.76,0.83,-5.86,0.83,1.359326,9.604077,-1.1484446,0.2002995,35,35,-4.828854495446,0.664364378579159,-6.69471385845639,0.945215489328388,1.37982262404966,7.96732405095714,-0.891712346617891,0.1777301654522,1.37982262404966,10.4050409665323,-5.7617841769512,0.804789933953774,1.37982262404966,8.83768184159053,-1.02271951526872,0.197449502054469,1.37982262404966,10.5556127294767,2.96642493924091,0.0788289918107945,-0.464421720054097,-6.82848467550437,-7.02110579646027,2.07782466142439,11.9626622724894,-3.40905928866576,0.470183046832495,-4.87906565469297,0.690681019373064,4.46746076,0.09834272,-0.783,0.02556098,85.8597582744443,-122.164273420051,1320.88963354825,0.101146135874971,0.0808004797444263,8.48787288660226,0.185525120651066,-1.20627991657762,-918.831321341337,-921.741637439147,-944.542727224595,-945.460834752426,0.897750381630915,-964.126209588319,0.163927445217187,1887.21788581151,1926.25188679582,NA,2519.61499367645,0.47047538986976,1.17602834881921
"161",-5.76,0.83,-5.86,0.83,1.359326,9.604077,-1.1484446,0.2002995,35,35,-5.43225366856842,0.770300194905317,-6.32724155362603,0.878492569845593,1.25415809959252,8.26016887200928,-1.00336939037095,0.207517378977641,1.25415809959252,11.7136786246862,-5.87974761109722,0.824396382375455,1.25415809959252,8.46041970060927,-1.02757710657774,0.210443776476446,1.25415809959252,11.7781678523857,3.02201428080737,0.0794811837921665,-0.471781270086849,-6.80074566794692,-7.051151380031,1.969121328057,12.6844128214808,-3.99664887626759,0.57507438498331,-4.67604287757499,0.64869467097484,4.14201876,0.1227648,-0.806,0.02373899,100.613016154939,-151.670789181041,1316.2990567446,0.548499171697991,0.524813969129957,7.69712127593162,0.153777013201686,-1.03433896064419,-904.308194172401,-904.94915864482,-928.751179305453,-929.105351811024,0.344925148182613,-952.857808626439,0.276908814927057,1858.17163147364,1894.66879095753,NA,2480.92732430816,0.471292478909827,1.06297800676201
"162",-5.76,0.83,-5.86,0.83,1.359326,9.604077,-1.1484446,0.2002995,35,35,-6.12007124876664,0.871546311956775,-6.17587133878519,0.824286771167545,1.16645518588777,7.57643549804288,-0.701083710264303,0.132559186681025,1.16645518588777,12.7958691398277,-6.14797129377591,0.84791654156216,1.16645518588777,7.5772139105544,-0.700424438606734,0.133117552729927,1.16645518588777,12.8854988822845,3.36882611816891,0.0833494580136589,-0.51297352558676,-6.88536508219134,-7.22272528688958,1.62944682146182,16.5895712799752,-4.58907858140604,0.669408891759025,-4.39517066191949,0.594902812839342,4.17677462,0.06665565,-0.702,0.02260476,113.355733850543,-177.156224572248,1338.2938571604,0.57498434968728,0.5737254930607,7.21123328867848,0.153543730634867,-1.00583593201965,-883.406347044556,-883.719336532523,-916.708227514875,-917.161536317607,0.441786046626479,-915.254540814345,0.472540698275823,1816.36793721795,1870.58288737638,NA,2499.43148974855,0.49114044986988,1.00660043313578
"163",-5.76,0.83,-5.86,0.83,1.359326,9.604077,-1.1484446,0.2002995,35,35,-6.82657543770713,1.08307415586968,-5.41050865467901,0.835712218325988,1.43391398424357,7.67927359339966,-0.954059739525507,0.184521821996513,1.43391398424357,8.12663737624028,-6.11854204619307,0.959393187097833,1.43391398424357,8.18058487689857,-1.04162999531078,0.199818804032855,1.43391398424357,8.22349988963111,3.53542211610073,0.0924154534625636,-0.550717454434692,-6.33164111411938,-6.38929274517423,2.03090406468248,9.56625803667882,-4.89468126149372,0.766394330778398,-3.65122762922983,0.555428165975953,4.60652923,0.07614694,-0.825,0.03120342,49.4005396871363,-49.2458362454352,1272.31474347426,0.109877944899142,0.0773883855387335,9.02402016487456,0.251102997309113,-1.46583789290345,-919.018733273025,-920.99847630128,-938.363594335467,-939.102601222964,0.721695257414711,-951.376037729066,0.0184314514928932,1887.59270967489,1913.89362101756,NA,2495.38365070308,0.546940453620548,1.4092241707561
"164",-5.76,0.83,-5.86,0.83,1.359326,9.604077,-1.1484446,0.2002995,35,35,-4.69590944459642,0.595901185111138,-5.23624760980982,0.737241801159876,1.19330205659358,9.21632438748544,-1.05306691505795,0.169387247302811,1.19330205659358,9.12495970191922,-4.96607852720312,0.666571493135507,1.19330205659358,9.28931572068199,-1.07215984734443,0.17438153973907,1.19330205659358,9.22892298568823,3.07872393082755,0.0794469920264352,-0.477646523107131,-7.10342561512949,-6.80169296460929,2.0394632517221,8.78659159705037,-3.16107613959551,0.399805110191341,-3.54816848822433,0.49646042088515,3.50508783,0.07530056,-0.778,0.02487644,94.4640642177433,-139.372885306649,1212.22513132837,0.484033720133263,0.4644582615662,8.2196338928783,0.166580115721577,-1.14101962301179,-881.1545285899,-882.208622693435,-900.627589526632,-901.342685831808,0.698225326758859,-949.723576853078,0.542805484818447,1811.86430030864,1838.42161139989,NA,2285.07737735009,0.467255712942819,1.03418564869027
"165",-5.76,0.83,-5.86,0.83,1.359326,9.604077,-1.1484446,0.2002995,35,35,-5.51970848372741,0.772542849384393,-5.86173035607303,0.834807541700851,1.44333786766921,8.6907746775473,-1.01188431434082,0.192158468965983,1.44333786766921,9.55994030113833,-5.69071941990022,0.803675195542622,1.44333786766921,8.72001941783799,-1.01720828600259,0.193127691943299,1.44333786766921,9.56641737137677,2.96977479946653,0.0866708959156032,-0.494104471821596,-6.87483932805086,-6.84590427579782,2.12982681437199,11.0307229485634,-3.8842625474213,0.546886773346744,-3.90786268387372,0.553863970340904,5.83590956,0.13688438,-0.848,0.02934302,50.4799438578249,-51.4046445868124,1313.24324382157,0.99682999864454,0.993117100353363,7.0408106153734,0.152090175651129,-0.98921811587366,-927.731121683163,-927.855011559967,-950.179421771369,-950.222343976695,0.0417086426299586,-967.571071907474,0.00388829750973165,1905.01748649516,1937.52527588937,NA,2575.08184305633,0.48338488479422,0.990186920607908
"166",-5.76,0.83,-5.86,0.83,1.359326,9.604077,-1.1484446,0.2002995,35,35,-6.37601470662985,0.946131765724878,-7.11145660398288,0.937226391064037,1.27337458538555,8.83113055135693,-1.17559812671152,0.202733935871575,1.27337458538555,6.96553432707881,-6.74373565530636,0.941679078394457,1.27337458538555,8.96634924745249,-1.17396078030222,0.202753762296038,1.27337458538555,7.39289400539103,3.31261734048945,0.0824865962703841,-0.505622136043417,-6.69694770696812,-7.4854455221083,1.88425431702954,7.17744735730759,-4.61024691301187,0.678315884662089,-5.68012667303479,0.75504550439901,8.54766895,0.19785878,-0.922,0.02214342,112.320078983763,-175.084914838688,1295.64901150504,0.115649743782568,0.0889254393088109,5.91909238484303,0.119961691709042,-0.809916828272137,-888.698363239299,-891.08665458652,-899.747842984344,-903.406138926347,3.64827479638618,-924.043560710652,4.80165191840499,1826.95196960744,1836.66211831532,NA,2416.21310817138,0.486741641362843,0.789433772491534
"167",-5.76,0.83,-5.86,0.83,1.359326,9.604077,-1.1484446,0.2002995,35,35,-5.14397908722349,0.716726424392131,-5.39488211144817,0.77137540253788,1.33593932319325,10.951083424024,-1.14781586114753,0.177663002715817,1.33593932319325,10.562409868636,-5.26943059933583,0.744050913465006,1.33593932319325,10.9668215059153,-1.15124375961942,0.17840963041891,1.33593932319325,10.5710310578429,2.31745632465498,0.0632078496581794,-0.368962031996635,-6.83164974804498,-6.75696830198315,2.05872291790605,11.8228551017993,-3.9524762454004,0.54496951024916,-3.54707344384508,0.515161983977063,5.81665756,0.10468517,-0.835,0.02729264,67.3789861091909,-85.2027290895445,1278.91770683474,0.782925473280774,0.756870338353581,7.20142935761609,0.144064586693689,-0.979402064060506,-912.838758863621,-912.962580599507,-937.583523848044,-937.635697951702,0.0507023079730806,-961.483933653785,0.0251414177721554,1875.23276085608,1912.33348004272,NA,2472.63268457993,0.370016151110089,0.953213766073381
"168",-5.76,0.83,-5.86,0.83,1.359326,9.604077,-1.1484446,0.2002995,35,35,-6.05978734391647,0.952919459205484,-5.21146728584273,0.75227120170287,1.26074852438646,10.1388898636986,-1.25892966534623,0.229645543558019,1.26074852438646,10.7508496191549,-5.6356273148796,0.852595330454177,1.26074852438646,10.3188015939312,-1.30148315071048,0.239710474367728,1.26074852438646,10.9054292885079,3.73415057424715,0.09439966166684,-0.579980808534484,-6.34028102294746,-6.68737136136221,2.03544463697266,10.9315766142516,-4.5335885724019,0.698613962961988,-3.49827617070474,0.502078487947709,5.46718781,0.13214349,-0.851,0.02456247,86.5847939903346,-123.614344851832,1255.51770495551,0.205078803218976,0.169535762377967,8.1507926906253,0.194492428658197,-1.20609944810689,-905.729051870484,-907.066981075073,-924.522544319003,-925.437373815907,0.8945240435101,-956.176475682939,0.590302853431983,1861.01334686981,1886.21152098463,NA,2387.42106505919,0.533128547103537,1.20747888027216
"169",-5.76,0.83,-5.86,0.83,1.359326,9.604077,-1.1484446,0.2002995,35,35,-5.85855117932273,0.869564995594009,-5.67055480165687,0.786908640906247,1.45517036907883,12.2310172568068,-1.40075369737501,0.222948580564855,1.45517036907883,9.66924657279655,-5.7645529904898,0.828236818250128,1.45517036907883,12.2398529163107,-1.4046384711931,0.224656598807423,1.45517036907883,9.73541515339788,3.97714303715396,0.103922012282566,-0.631689534094735,-6.63564918293192,-6.9400979775263,2.20829606571549,10.6071931324734,-4.09729395489157,0.607609524418494,-3.89060876420814,0.546141359256729,7.08627894,0.13591441,-0.859,0.02737143,62.1644863203622,-74.7737295118871,1311.5276779882,0.759098737674743,0.720029956536798,7.56518494898152,0.163253885139743,-1.07297866494214,-933.442921568054,-933.888407181464,-952.900594396516,-953.33338006308,0.421722700866536,-975.180952148871,0.430319443580132,1916.44108626495,1942.96762113966,NA,2548.2816264645,0.568440411616932,1.02302658890932
"170",-5.76,0.83,-5.86,0.83,1.359326,9.604077,-1.1484446,0.2002995,35,35,-5.30507836523606,0.750363781307824,-5.59143132313796,0.704787354393588,1.39076199666986,6.37038047806438,-0.756530261260695,0.144429412525824,1.39076199666986,7.1704851272109,-5.44825484418701,0.727575567850706,1.39076199666986,6.39087998218916,-0.753267525096322,0.144948715198391,1.39076199666986,7.36961921232279,3.31214578078601,0.0936069432395705,-0.54388569500414,-6.79234635788641,-7.35023187353986,2.04018915181034,8.19904654347957,-4.16388698374022,0.599642248729975,-3.91434766502593,0.49229287061777,3.78545154,0.07366454,-0.796,0.02801005,74.9696071257152,-100.383971122593,1253.79539671504,0.216996963246051,0.206780949188758,6.19123870753736,0.137993109521617,-0.88258562021347,-903.145889152812,-904.169469448544,-923.130551319581,-924.816158523681,1.65732114761603,-947.643794377187,1.97343980204353,1855.84702143446,1883.42753498579,NA,2407.20682230748,0.517859519158689,0.889924956658093
"171",-5.76,0.83,-5.86,0.83,1.359326,9.604077,-1.1484446,0.2002995,35,35,-6.04008605228362,0.923173048512203,-5.88884051223962,0.841377666765146,1.23081356072594,9.47539374349708,-1.26668665809263,0.221910354363231,1.23081356072594,8.02612719704891,-5.96446328226162,0.882275357638675,1.23081356072594,9.48111254684288,-1.26977945476399,0.223582975482017,1.23081356072594,8.11850042794276,3.47341123581317,0.0901494475911326,-0.540459113225892,-6.49780114875204,-6.83387132698136,1.93440300189185,7.81034155972851,-4.41400446956667,0.671410202012445,-4.27576339197783,0.616931407459613,5.053894,0.1160656,-0.866,0.0245378,93.0052193570104,-136.455195585184,1222.0546133424,0.710114744904061,0.674054099456146,6.97645903022851,0.16425181789053,-1.0431391388986,-888.26413122783,-888.831374789802,-900.168987466042,-900.881725380472,0.695910833478533,-933.087992993693,0.788618954292073,1826.0835055845,1837.50440727871,NA,2307.65403109962,0.529377701047668,0.957217424703848
"172",-5.76,0.83,-5.86,0.83,1.359326,9.604077,-1.1484446,0.2002995,35,35,-6.95570996126047,0.968048408099592,-6.92487051134754,1.01218573441554,1.37428071594596,13.2079321750291,-1.41500940211057,0.206396136039489,1.37428071594596,10.6903943619779,-6.94029023630401,0.990117071257564,1.37428071594596,13.2081699429469,-1.41466910939452,0.206883161933069,1.37428071594596,10.7485027167146,2.52173936614323,0.068472638084441,-0.399310356114025,-7.14606927769564,-6.852271059,1.98760729020057,12.6284076442926,-4.97083875913812,0.692729669528899,-5.06439142565196,0.73416606637667,6.90731725,0.10924675,-0.857,0.02642907,79.2184754220168,-108.881707715196,1377.56099091525,0.808891871123384,0.770445281363821,10.2094849454166,0.214666721548235,-1.43973657095286,-921.908850948509,-922.210608710997,-945.286574212988,-945.633654807375,0.338001268369768,-955.003585078871,0.379201094006116,1893.37294502586,1927.7395807726,NA,2646.2402741153,0.406020914954834,1.32235275386719
"173",-5.76,0.83,-5.86,0.83,1.359326,9.604077,-1.1484446,0.2002995,35,35,-5.02255901343527,0.7387268846172,-5.95974479422323,0.866376395271931,1.34522451484706,8.40878311565393,-0.878525149580811,0.12904515856569,1.34522451484706,7.41228121575701,-5.49115190382925,0.802551639944566,1.34522451484706,8.62836241258172,-0.908432976158351,0.133118757958288,1.34522451484706,7.45950568007078,2.66029399634915,0.0650565183857245,-0.398853977768821,-6.57915662529078,-6.75583965343785,1.8552057071243,9.23782211790457,-3.92774948318127,0.567659800969541,-4.79923105533509,0.691069488668468,7.39915563,0.1140658,-0.914,0.02803731,68.0295029918094,-86.5037628547814,1213.36291871247,0.537533525365162,0.485858875375702,4.59156414906177,0.110556725457015,-0.68428954747014,-894.669332788319,-895.396846139422,-917.015795943351,-917.407659728176,0.381735166832194,-928.101911125744,0.195585645752268,1838.89390870547,1871.19802423333,NA,2340.22207457015,0.399393562332097,0.677527307071204
"174",-5.76,0.83,-5.86,0.83,1.359326,9.604077,-1.1484446,0.2002995,35,35,-6.01624886735966,0.860897449751313,-6.52209524197991,0.926324528023348,1.3433048467487,7.39043273538398,-0.830987486195527,0.174824900603153,1.3433048467487,10.7821546557172,-6.26917205466978,0.89361098888733,1.3433048467487,7.45440287406309,-0.839261498782003,0.175895076245956,1.3433048467487,10.7980090996285,2.98667583873829,0.0740938013080724,-0.456280693956531,-6.84498586620042,-6.9610346390287,1.89805735048711,13.3317557210091,-4.16602524480142,0.597883752312508,-4.73181486990896,0.684017715044171,5.14004277,0.14354423,-0.832,0.02420846,91.7730293486638,-133.99081556849,1331.50759774041,0.73933042682251,0.665132625642491,7.47126172569726,0.151618452044068,-1.01417646044855,-913.175308646285,-913.393269558689,-940.248462019015,-940.342592937913,0.0915029735622151,-945.470177116158,0.0589141122919375,1875.90586042141,1917.66335638466,NA,2529.02437991232,0.43290412535135,1.03047041392395
"175",-5.76,0.83,-5.86,0.83,1.359326,9.604077,-1.1484446,0.2002995,35,35,-4.97872280956078,0.766504839004539,-6.42103947230715,0.890088733075946,1.30958427100854,7.29881275775451,-0.880936931902083,0.177374035456554,1.30958427100854,9.48338585493496,-5.69988114093396,0.828296786040242,1.30958427100854,7.81888209666349,-0.925498709318654,0.181192280175017,1.30958427100854,9.84236882853551,3.1415823395916,0.0893643372968469,-0.517017652696667,-6.36982655727259,-7.07586235892267,1.93385526286403,10.8905469276322,-3.31913960870533,0.507521277612813,-4.7837438540736,0.657665036952924,3.5030764,0.08349992,-0.764,0.02585087,87.2087481053841,-124.862253081931,1268.50718800173,0.050487035489851,0.0378128455453708,8.35613479711614,0.189241765419037,-1.20468528927927,-903.231000787073,-905.431200763916,-925.84418601912,-928.201071618735,2.32852654119815,-943.5122222917,2.57973211993856,1856.01724470298,1888.85480438487,NA,2412.15212292153,0.496037604550665,1.19747554273004
"176",-5.76,0.83,-5.86,0.83,1.359326,9.604077,-1.1484446,0.2002995,35,35,-6.27062009221496,0.825748738338439,-6.56826644644357,0.805115272094936,1.65017247922476,8.50562598205463,-1.18770883950782,0.21007636706569,1.65017247922476,4.97089413336714,-6.41944326932926,0.815432005216687,1.65017247922476,8.52777432010102,-1.1861734705072,0.210182802047996,1.65017247922476,5.06525956144507,2.44900904644497,0.0617104677900297,-0.371401702110302,-7.30876401822815,-7.72933922501734,2.37392972796293,5.03254682422103,-4.90020151535486,0.657383490722476,-4.99088702083485,0.62161075562936,7.18483545,0.16959387,-0.922,0.02348161,109.968161817619,-170.3810805064,1329.31015761808,0.491415391587772,0.48990417025744,5.96822782593596,0.117994282486264,-0.805623323744231,-934.790419835361,-935.540489673917,-943.078204131051,-944.175849688307,1.07468813982817,-969.994746376724,1.46982535584076,1919.13608279956,1923.32284060873,NA,2488.23923472976,0.380541400632792,0.790770417903111
"177",-5.76,0.83,-5.86,0.83,1.359326,9.604077,-1.1484446,0.2002995,35,35,-5.23021047530414,0.765243894205175,-6.88784330588548,0.9454357511309,1.39321207741329,6.92202471567906,-0.801080267277629,0.146557115471208,1.39321207741329,7.4134536251844,-6.05902689059481,0.855339822668037,1.39321207741329,7.60896136593433,-0.875753251738504,0.154674391796793,1.39321207741329,7.6795164615148,2.38609358165179,0.0646098445845209,-0.378632843665468,-6.62882660583611,-7.2129229810671,1.91355365805303,9.1614950146753,-3.70188159248872,0.541915166468168,-4.62832317488119,0.643637836003291,3.82597415,0.1113904,-0.836,0.02509634,92.8909078845171,-136.226572640197,1256.99107076285,0.284758328528849,0.240563353239916,9.13523584624662,0.171282017116038,-1.21976063401732,-905.395195799316,-907.876762911881,-925.613046970835,-927.792411098721,2.15039788373128,-935.426783010615,2.08793863447379,1860.34563472747,1888.3925262883,NA,2377.7555688855,0.378283953553069,1.11304688413383
"178",-5.76,0.83,-5.86,0.83,1.359326,9.604077,-1.1484446,0.2002995,35,35,-5.77180948196068,0.850505471822625,-5.94491346011949,0.807589600391475,1.24766191760535,10.881194083127,-1.37961045446438,0.213294654741261,1.24766191760535,7.16751985403159,-5.85836147104009,0.82904753610705,1.24766191760535,10.8886853299406,-1.37775322744665,0.213755097746435,1.24766191760535,7.29974168336254,2.56668541006657,0.0694098727993575,-0.404467370898119,-6.66245919617038,-7.09124483098395,1.9676609217463,6.79643005502574,-4.39770976597451,0.652530320385638,-4.52375532692639,0.613006928733145,7.8149887,0.15825612,-0.932,0.02542589,87.956745842336,-126.358248555835,1217.25651801418,0.31622951851596,0.315461711587791,5.95965528863119,0.126363542290287,-0.836951819418311,-885.504565415811,-886.357908492935,-896.502928748358,-897.627065502224,1.10083410327634,-932.985333840407,1.42620307421486,1820.56437396046,1830.17228984334,NA,2308.15478747252,0.41620476220008,0.801855446127794
"179",-5.76,0.83,-5.86,0.83,1.359326,9.604077,-1.1484446,0.2002995,35,35,-5.61742885177621,0.807892718529766,-5.88208564981063,0.880710375758252,1.31672322490478,8.88895452531353,-1.02702212398937,0.175584528680811,1.31672322490478,8.85091383604038,-5.74975725079342,0.844301547144009,1.31672322490478,8.90646533049997,-1.03184004598999,0.176910131481873,1.31672322490478,8.87888163883103,3.05432165034262,0.0804276304073238,-0.478352526905817,-6.76195432321056,-6.59278236248921,1.91277818437554,10.2419587639115,-4.19521985632995,0.604145140282605,-4.05676766190423,0.604294831457836,5.06127337,0.09602491,-0.843,0.02708866,74.4267108451425,-99.2981785614475,1252.63601134923,0.902662275939063,0.890710265031028,6.75046526062964,0.157391533739055,-0.994170614559935,-902.96214926,-903.223304846184,-922.82020711004,-923.018663045293,0.193059306112893,-938.864138994762,0.15837882959423,1855.47954164884,1882.80684656671,NA,2405.97384413702,0.472065417004025,0.959403620042872
"180",-5.76,0.83,-5.86,0.83,1.359326,9.604077,-1.1484446,0.2002995,35,35,-6.5378492172405,0.95975494394809,-6.34555094586695,0.842660143392099,1.39246945988175,9.09460186892098,-1.07760058287799,0.173346214133059,1.39246945988175,7.15754962549055,-6.44170008155372,0.901207543670095,1.39246945988175,9.1038465252143,-1.08322986481143,0.17677401221237,1.39246945988175,7.33989010993324,2.56679587190709,0.0715293504799343,-0.414513603640086,-6.77761884699215,-7.28294109673155,1.945207765868,8.37886761308404,-4.74839172634973,0.704130799082753,-4.58578665008951,0.605448293898466,4.4186399,0.0863773,-0.831,0.02752745,78.9496809047599,-108.344118680682,1284.23450939601,0.200744544759575,0.173238886309851,8.76102993542408,0.186621072140511,-1.24277559087687,-907.188416825521,-908.569915774975,-923.32024594784,-924.867680447011,1.51996046746172,-936.641301403024,1.665587308755,1863.93207677988,1883.80692424231,NA,2460.12490011134,0.411744644526544,1.14529303616401
"181",-5.76,0.83,-5.86,0.83,1.359326,9.604077,-1.1484446,0.2002995,35,35,-6.2127024362367,0.863151006026166,-6.77465508695224,0.870433592784735,1.3163243659554,6.97407126718133,-0.784043456452205,0.15132276211136,1.3163243659554,9.00658710124087,-6.49367876159447,0.86679229940545,1.3163243659554,7.0530189625929,-0.785066573685467,0.151336021128833,1.3163243659554,9.18542882108864,2.19488171272455,0.05875904623113,-0.341831946085918,-7.02801332994422,-7.54657821326582,1.81734393770042,11.2910705687406,-4.65824278304819,0.648883539871007,-4.62334312792693,0.588839173666105,1.50357292,0.03807109,-0.463,0.02442553,114.944705424102,-180.334167719367,1335.2715281728,0.506876467629604,0.46581806878666,10.8817744431998,0.217722082319558,-1.49678271771783,-899.996814213394,-900.753487917791,-923.843536208088,-925.083555809068,1.21532314930238,-929.447572042416,1.43260456115006,1849.54887155563,1884.8535047628,NA,2490.20888862623,0.361808884025732,1.37687706105058
"182",-5.76,0.83,-5.86,0.83,1.359326,9.604077,-1.1484446,0.2002995,35,35,-5.14982221712716,0.715419603977202,-6.13598770975984,0.94182001980884,1.4239655798245,7.09160358169619,-0.770328898211924,0.148267012260726,1.4239655798245,8.73063463919485,-5.6429049634435,0.828619811893021,1.4239655798245,7.33473417641106,-0.826145967614637,0.161081299332911,1.4239655798245,8.8914546425362,2.53597647972317,0.0651826841908289,-0.39477619342731,-6.84527857581512,-6.48260897651618,1.98831522276829,10.8955680285828,-3.76620174681992,0.519833280123736,-3.96049887928591,0.606659198154629,4.67299915,0.10773214,-0.816,0.02817493,63.7361870878235,-77.9171310468096,1274.41624309735,0.454703169927801,0.441327889916922,7.58023707473535,0.179909732729452,-1.12343512230362,-916.311345412231,-918.37850449679,-941.143601705244,-942.291048559033,1.12384861139091,-950.331163950577,0.661757456943966,1882.1779339533,1919.45363575712,NA,2470.91535514789,0.37571036579357,1.10088483498651
"183",-5.76,0.83,-5.86,0.83,1.359326,9.604077,-1.1484446,0.2002995,35,35,-4.32325335743086,0.580358724614112,-6.73497538479371,0.909470629458958,1.34735515261979,8.44234044208637,-0.992687743161333,0.173992601115719,1.34735515261979,8.39498257542499,-5.52911437111229,0.744914677036535,1.34735515261979,9.89644122640317,-1.19111935075675,0.201071262593369,1.34735515261979,8.70571129500058,3.10872064490676,0.0761773941062018,-0.471161497779046,-6.82336748568562,-7.27432594820895,2.13598180480428,8.77346671979649,-3.14722334340506,0.424606638201568,-4.59550030827853,0.622002964238947,4.66704277,0.09394845,-0.854,0.03028226,55.412687046128,-61.2701309634186,1264.2665596259,0.13073960469142,0.0954739660811703,9.59876579559392,0.199039303334371,-1.33678942251649,-905.894465132478,-910.177400760587,-925.137349272587,-927.41506018629,2.24902523889828,-961.005343203672,1.15924132970018,1861.34417339379,1887.4411308918,NA,2467.26298828837,0.449897355412002,1.26289930259122
"184",-5.76,0.83,-5.86,0.83,1.359326,9.604077,-1.1484446,0.2002995,35,35,-4.4828742531399,0.655722343621816,-5.80048730499424,0.849811640451395,1.2440241952782,11.8829656700048,-1.36020494705887,0.228720032368289,1.2440241952782,12.3081003985754,-5.14168077906707,0.752766992036606,1.2440241952782,12.316991708609,-1.42413859474084,0.238137696154239,1.2440241952782,12.3936927986522,3.92725230646805,0.103090037606344,-0.615217385125001,-6.53399144117635,-6.69527068697111,2.13079832524302,12.0470855205309,-3.53023657806813,0.518337500034634,-3.89471578309585,0.573049799530148,6.42291069,0.13402229,-0.842,0.02291552,95.4973914697599,-141.439539810682,1276.87134554789,0.883528244954114,0.856230847826554,7.06846894290439,0.153102164778596,-0.996472652736291,-908.307301426629,-909.45041702782,-929.962088143694,-930.410858642543,0.437348910130091,-970.521342438368,0.111339194037537,1866.16984598209,1897.09060863402,NA,2412.30315128511,0.601265069138705,0.987865866208857
"185",-5.76,0.83,-5.86,0.83,1.359326,9.604077,-1.1484446,0.2002995,35,35,-5.76104041347928,0.852895969798715,-6.64006893529717,0.88798191685671,1.26135751635543,6.84333405842381,-0.810205892099428,0.186858549671427,1.26135751635543,11.921668450238,-6.20055467438822,0.870438943327712,1.26135751635543,7.03650684396616,-0.817916279144171,0.187166305591666,1.26135751635543,12.2352338615607,2.6461972656855,0.0806308308065975,-0.445334515429416,-6.63744815933615,-7.30744368776646,1.86571014019641,14.0152632859032,-4.29209868756158,0.647155952925068,-4.87685575952196,0.668345137905992,4.63526912,0.14738885,-0.839,0.02264952,109.571369679448,-169.587496230059,1335.52519211861,0.320839387411203,0.307395009682109,6.88037375271741,0.123666966279636,-0.847735660143016,-902.581377049754,-903.815235044733,-931.289466218921,-932.967847708563,1.65013117710438,-942.889463981908,1.90683733278469,1854.71799722835,1899.74536478447,NA,2501.46288800715,0.465522657389296,1.02301843364603
"186",-5.76,0.83,-5.86,0.83,1.359326,9.604077,-1.1484446,0.2002995,35,35,-5.43605158940669,0.775030256847153,-6.43905937136417,0.887513147016791,1.17655480118147,9.32060991839265,-1.31831747688554,0.253954958543866,1.17655480118147,9.73138778941349,-5.93755548038543,0.831271701931972,1.17655480118147,9.57211607105946,-1.34652278042984,0.257118058689094,1.17655480118147,9.83768736602045,3.92698892233472,0.108785974665073,-0.640257195021811,-6.77636310373298,-7.10922693323621,2.0228084137123,8.66994877395548,-4.0991104161483,0.594395809507163,-4.67528375452122,0.638522093436834,6.92951073,0.17441929,-0.893,0.02182981,110.607556716347,-171.659870303856,1271.65508306128,0.552258123150943,0.532025606828914,5.45735852546051,0.11995854427697,-0.772495612619567,-887.156039409445,-888.017667298206,-901.236657707396,-901.926629859933,0.673572826843946,-947.294964856535,0.674064176893275,1823.86732194773,1839.63974776142,NA,2371.65029581871,0.596532325162134,0.778581815956194
"187",-5.76,0.83,-5.86,0.83,1.359326,9.604077,-1.1484446,0.2002995,35,35,-4.68597957700266,0.669249537043682,-6.91451404084612,0.941834790923365,1.25684072703217,9.32857553805126,-1.05239800887683,0.176955989294927,1.25684072703217,9.80010163785381,-5.80024680892439,0.805542163983523,1.25684072703217,10.5701670021858,-1.20426441702843,0.19553166945309,1.25684072703217,10.1859244621337,2.28722379150294,0.0613797643119128,-0.360256424810424,-6.65650524706095,-7.26104730512443,1.94829125963997,10.6743497502269,-3.06284371732724,0.444478016347464,-5.44575836586675,0.746083397239679,5.00951216,0.1053951,-0.818,0.02377421,99.4595340962018,-149.363825063566,1286.8535088981,0.00532281389517417,0.00430100135723144,9.31092374795466,0.174993378913611,-1.24591520231469,-896.516949882105,-899.958243580764,-917.856066550024,-920.313115443964,2.4292319582508,-944.692089255123,1.91211240653986,1842.58914289305,1872.87856544668,NA,2424.34319273263,0.364035633584288,1.13083929189545
"188",-5.76,0.83,-5.86,0.83,1.359326,9.604077,-1.1484446,0.2002995,35,35,-5.7192200935164,0.810405945751027,-5.70027307444604,0.830583607034563,1.31796497837942,5.93952448328019,-0.805491032996359,0.174025172571173,1.31796497837942,7.86241682901139,-5.70974658398122,0.820494776392795,1.31796497837942,5.93961423066311,-0.805395456363075,0.174126957074891,1.31796497837942,7.87596022097192,2.68716272784301,0.0697420597526263,-0.415804703649984,-6.84877240751382,-6.70961210388579,1.92941954264292,8.82093909012016,-4.21211570307716,0.597946395820784,-4.21423403589597,0.610936433345893,4.3411189,0.1328663,-0.858,0.0252845,89.1470120706535,-128.73878101247,1240.42448152508,0.965043115720057,0.957722430274641,5.78834196846649,0.130803491966476,-0.838799396114572,-895.602730689065,-895.667898283375,-915.649018439894,-915.75590957416,0.103916422696492,-936.256672086164,0.121618041690466,1840.76070450697,1868.46446922642,NA,2352.11018203769,0.418323427425779,0.808608407909001
"189",-5.76,0.83,-5.86,0.83,1.359326,9.604077,-1.1484446,0.2002995,35,35,-5.56154991243626,0.703798835219071,-5.02935899014231,0.699164795923979,1.23896383053629,10.4802243504735,-1.20062029400038,0.205017584778164,1.23896383053629,11.2206948845901,-5.29545445128928,0.701481815571525,1.23896383053629,10.5510311449165,-1.20123684241198,0.205022953358211,1.23896383053629,11.4005433955282,3.49183868351846,0.0982109001553304,-0.567204859804308,-7.32623980428101,-6.82165728895774,2.11054917612065,11.0338251118269,-3.59107434897875,0.466457598786563,-3.53977652697137,0.495044350373082,4.23823801,0.09017947,-0.814,0.0265807,78.7328811048484,-107.910519080859,1278.53759157281,0.738789448900493,0.732769813784791,8.88128712073906,0.177515793472212,-1.18828705885153,-901.485177937045,-902.095634036394,-922.99651382673,-924.019177231527,1.00073677145894,-965.352437538315,1.19292237590988,1852.52559900293,1883.15946000009,NA,2449.16466406475,0.561922150493189,1.24747089242089
"190",-5.76,0.83,-5.86,0.83,1.359326,9.604077,-1.1484446,0.2002995,35,35,-5.7128616179586,0.846111488239991,-5.85989041333038,0.826297026885335,1.35576816019975,10.8268558104947,-1.50785068101974,0.285563127228851,1.35576816019975,9.60691837575192,-5.78637601564449,0.836204257562663,1.35576816019975,10.8322601771618,-1.50712235692376,0.285661280448545,1.35576816019975,9.65291127114452,3.26526034067259,0.0808142153842717,-0.498228758207771,-6.62968954932332,-6.89476777806167,2.28174095217742,8.78559125703205,-3.91108062858438,0.583160180794208,-3.84484170671119,0.541955409823569,4.37149056,0.13703753,-0.86,0.02748656,68.7934981466377,-88.0317531644381,1273.96404730872,0.8070492546926,0.824541611535507,9.81914450192284,0.210339286834565,-1.38955037084945,-921.244892421674,-921.437463618833,-935.155543223688,-935.458415612938,0.294856316972014,-977.221755246667,0.37449124827036,1892.04502797219,1907.477518794,NA,2459.89634145299,0.472578350359595,1.31495507480087
"191",-5.76,0.83,-5.86,0.83,1.359326,9.604077,-1.1484446,0.2002995,35,35,-4.84459845847576,0.671040315236182,-6.72518866754516,0.935660196938877,1.43628811449718,10.1715458149727,-1.08443656696856,0.192957356964305,1.43628811449718,11.1826719210561,-5.78489356301046,0.80335025608753,1.43628811449718,11.0557006985847,-1.20884695663236,0.210463277412392,1.43628811449718,11.3473417391912,3.34029059164802,0.0850155886829747,-0.516907941468451,-6.80445513546246,-7.10850856498452,2.17452432929803,12.8553210923584,-3.24900827914251,0.450322106443615,-5.35059232848145,0.752499214019838,4.95783138,0.08291432,-0.76,0.02530925,88.5805942287095,-127.605945328582,1359.14357413769,0.013528034176381,0.00850581183590727,10.0917837872141,0.209204985753345,-1.40072864172727,-933.092345360551,-935.519342928994,-958.986115211812,-959.925948396097,0.919137255418905,-977.601744288867,0.365145462422422,1915.73993384994,1955.13866277025,NA,2590.68120294681,0.493205837972907,1.34478532886736
"192",-5.76,0.83,-5.86,0.83,1.359326,9.604077,-1.1484446,0.2002995,35,35,-6.10918949103805,0.843131301466914,-5.49738954241986,0.824278178727915,1.16630795854542,8.86740540086233,-1.1694972118662,0.225620352480566,1.16630795854542,10.5442070817196,-5.80328951672896,0.833704740097414,1.16630795854542,8.96098019514464,-1.17238079674695,0.225709212539819,1.16630795854542,10.7320505669932,3.15973640470419,0.0808304726736476,-0.489229369871054,-7.0437726040144,-6.54429468205611,1.91707534902074,10.3456873517012,-4.4635415658749,0.615197764305062,-4.10344527588709,0.605465203633137,5.07668179,0.10659068,-0.833,0.02360783,100.548782120448,-151.542321112059,1262.7981344445,0.636542200889821,0.615283472134911,7.11672274154741,0.173336333477339,-1.06670929586593,-886.341449434639,-887.104111511541,-904.204320724476,-905.33416982948,1.10647330805736,-939.735389267085,1.36492742279214,1822.23814199811,1845.57507379558,NA,2374.05394777695,0.472066322475199,1.05842188444384
"193",-5.76,0.83,-5.86,0.83,1.359326,9.604077,-1.1484446,0.2002995,35,35,-4.45646401250892,0.617492442245456,-5.52368253195938,0.767107920603718,1.42815702239928,7.5798401665279,-0.805431727862308,0.164936985116544,1.42815702239928,10.4303234102541,-4.99007327223415,0.692300181424587,1.42815702239928,7.8645790085924,-0.8453498301874,0.170533182957637,1.42815702239928,10.4841027272291,2.06391012187443,0.0574297398927392,-0.326157041884733,-6.7353450602013,-6.91119327556259,2.21403552960325,11.7766621748952,-3.44053810820906,0.472328310736742,-3.64829518692712,0.506036744555669,4.02162422,0.1004931,-0.788,0.02906038,57.4517171474853,-65.3481911661332,1289.84424101231,0.947787086501376,0.947660127414343,6.6003897643929,0.139843410621733,-0.900981437458206,-925.046921898268,-926.012375710379,-953.133045625196,-953.461621089202,0.319937890035194,-979.176725695651,0.130083104755707,1899.64908692537,1943.43252359702,NA,2514.3402908585,0.356853608185104,0.984953371455058
"194",-5.76,0.83,-5.86,0.83,1.359326,9.604077,-1.1484446,0.2002995,35,35,-6.43423379140207,0.898403169071982,-6.60399194402263,0.911489991335183,1.27642615427633,9.82851364352157,-1.25788648202851,0.219966951690226,1.27642615427633,8.7924258757025,-6.51911286771235,0.904946580203582,1.27642615427633,9.83571810111685,-1.25844188072128,0.220009767919463,1.27642615427633,8.79849977884234,3.35870370735623,0.0829300204467023,-0.511965371432967,-7.03952141987826,-7.13131167192922,1.95513313212554,9.13299193501602,-5.10872930598274,0.708551228280458,-5.37712617898655,0.749514963690714,6.67833857,0.13604708,-0.869,0.02037293,132.563640421562,-215.572037714287,1311.7287795365,0.940936663189731,0.953593339940979,5.70518535798356,0.126964747074195,-0.82527297632717,-900.009719648094,-900.042338421811,-914.788232400801,-914.831637520182,0.0421780484990959,-940.595044170855,0.0506088016360429,1849.57468242502,1866.74289714823,NA,2407.88552135872,0.484955907345784,0.771478160850553
"195",-5.76,0.83,-5.86,0.83,1.359326,9.604077,-1.1484446,0.2002995,35,35,-5.43544729669678,0.768263815542297,-5.23996527302719,0.719523777868658,1.26240879495734,9.92357471779403,-1.16897142099857,0.196050830982153,1.26240879495734,9.56899921980817,-5.33770628486199,0.743893796705478,1.26240879495734,9.93312802318853,-1.17135337129812,0.19664472880026,1.26240879495734,9.57942336564656,2.96373726104949,0.0735711317863158,-0.452632433895531,-6.81607151736666,-6.91097002570617,2.03946511545461,9.75613098300594,-3.92063537197384,0.54718956624728,-4.14705792683921,0.563916982692117,6.12398354,0.08914198,-0.863,0.02413202,97.9478698420315,-146.340496555226,1245.82492411039,0.927995483990087,0.901656790468607,6.71477127472895,0.166466454790937,-1.02161679357019,-898.664977799414,-898.767899079654,-917.424940560141,-917.49394715057,0.0670680262405842,-953.029994246881,0.0488532397898254,1846.88519872767,1872.01631346691,NA,2345.30935166556,0.430862520559402,0.987457276859009
"196",-5.76,0.83,-5.86,0.83,1.359326,9.604077,-1.1484446,0.2002995,35,35,-5.14238263760647,0.719580645623636,-5.24796784025109,0.71098568412371,1.40959861474968,4.74889999255331,-0.561268787225143,0.116649436781964,1.40959861474968,6.20203490840969,-5.19517523892878,0.715283164873673,1.40959861474968,4.75168705130768,-0.56104191203722,0.11666790512276,1.40959861474968,6.21741153758832,2.84345198167013,0.0743909254269968,-0.446356439739206,-6.81304858691695,-6.96984034606155,1.99551775966991,7.42910128477152,-3.26381129695697,0.447146323355517,-3.84122757614409,0.524129986618889,1.81783894,0.04972895,-0.691,0.03214035,54.7970713852696,-60.0388996417019,1196.99911584827,0.574214025282975,0.509898268492494,7.4464905740833,0.162913148736596,-1.07030198281439,-896.475977946551,-896.565383526361,-917.595057529404,-917.744350978988,0.145182687593679,-939.160405376259,0.173922815505676,1842.50719902194,1872.35654740544,NA,2333.95933205484,0.427878797236816,0.988469732327085
"197",-5.76,0.83,-5.86,0.83,1.359326,9.604077,-1.1484446,0.2002995,35,35,-5.00078190342894,0.788905416878122,-6.08483558509832,0.879355730325376,1.34016032215343,8.67460057777207,-1.12653981187691,0.211640668724544,1.34016032215343,8.62097590145653,-5.54280874426363,0.834130573601749,1.34016032215343,8.96839367395732,-1.15105306070207,0.21368598352522,1.34016032215343,8.82859660395017,3.13781009528813,0.0787357641406535,-0.482199953504691,-6.25842880476328,-6.80360292472463,2.05488128830758,9.06594999759855,-3.26048231146048,0.519769864818409,-3.97744339330858,0.578903360765515,4.35180004,0.12164129,-0.861,0.02827414,63.5644651051169,-77.5736870813965,1233.07373770341,0.322287002623213,0.313419573484798,8.37651199793862,0.180704844672969,-1.18276965442503,-908.836913700652,-910.107343136477,-925.489446891638,-926.983978583358,1.46744030066953,-952.553856064339,1.70992049424432,1867.22907053014,1888.1453261299,NA,2388.57378832543,0.458236561944814,1.15188786322998
"198",-5.76,0.83,-5.86,0.83,1.359326,9.604077,-1.1484446,0.2002995,35,35,-7.04468354549413,0.974460329943539,-6.38402286799934,0.875288732414023,1.34409135519537,11.8347156691439,-1.35193782050277,0.23835553224918,1.34409135519537,12.4769501507805,-6.71435320674674,0.924874531178781,1.34409135519537,11.9438338018408,-1.36831751420579,0.240814283688319,1.34409135519537,12.4963856372251,2.93143782372375,0.0735283814217132,-0.447488515075524,-7.19684229079488,-7.1270203287652,2.07439720626716,13.7737547951963,-4.54827273036252,0.619594316721244,-4.35210584644897,0.598928640376599,5.75849619,0.12033527,-0.8,0.02303633,102.110710405036,-154.666177681234,1407.43146266069,0.965228542300487,0.945151536525166,11.45531720337,0.237543600102481,-1.60157648540984,-926.88382787252,-927.173461414932,-949.799501405947,-949.900377641445,0.0980647003547581,-968.299010213783,0.0189298970890222,1903.32289887388,1936.76543515852,NA,2660.19674764015,0.439022479845326,1.48360916931074
"199",-5.76,0.83,-5.86,0.83,1.359326,9.604077,-1.1484446,0.2002995,35,35,-5.4652965536503,0.786770011585283,-5.59309080576923,0.825286263026047,1.34708172115093,8.71365735170074,-0.989326298890304,0.165339218906693,1.34708172115093,8.35054880765559,-5.52919367970976,0.806028137305665,1.34708172115093,8.7177401944194,-0.990556837777129,0.165710094312955,1.34708172115093,8.3597113008884,3.11881398734831,0.0817948366750095,-0.490726359841783,-6.73566564714095,-6.63399004001899,1.94960546938971,9.72279581582506,-4.16611637172854,0.608598982657805,-3.95102363078015,0.585043373111004,4.51652707,0.08276703,-0.821,0.02680657,77.6976870211008,-105.840130913364,1231.78701314628,0.948309502466639,0.918033952749254,6.60689841017671,0.147311486190117,-0.95333587950747,-904.761536825157,-904.845971020586,-924.755772226656,-924.824330822191,0.0666324033644991,-941.881520693019,0.0588471912923564,1859.07831677915,1886.67797679994,NA,2357.7338953792,0.468141944316844,0.906865917718309
"200",-5.76,0.83,-5.86,0.83,1.359326,9.604077,-1.1484446,0.2002995,35,35,-6.0798794570786,0.972532312325941,-5.38383296545165,0.786153626806391,1.33969429559799,9.58063596882209,-1.17854513010252,0.203773890347985,1.33969429559799,8.59042303538934,-5.73185621126513,0.879342969566166,1.33969429559799,9.70175614844863,-1.210977187645,0.212458143951984,1.33969429559799,8.76018151969304,2.42820161738734,0.075093341204607,-0.407944700438687,-6.24352483243225,-6.65787431995316,2.0123899458074,9.30308929640787,-4.73640383770652,0.747546691346588,-4.02982535687024,0.594547379800779,7.44254838,0.1595684,-0.882,0.02377979,89.8479295847176,-130.140616040598,1247.9770998328,0.349474697608864,0.29610752254215,5.52503357116814,0.143364282525789,-0.856848477955006,-908.583423445087,-910.090935072247,-925.181586603316,-926.409806499877,1.2036566989856,-948.249559296757,0.985373709383712,1866.72209001901,1887.52960555326,NA,2365.813583625,0.447389001171499,0.852323633820858
"201",-5.76,0.83,-5.86,0.83,1.359326,9.604077,-1.1484446,0.2002995,35,35,-5.73825241392424,0.880347878237319,-6.42291520610818,0.914425992472869,1.52943681539016,7.28391349030368,-0.96770601566163,0.191875903573699,1.52943681539016,6.98231813218415,-6.08058381001621,0.897386935355095,1.52943681539016,7.40110427505396,-0.973539019872849,0.192166233041162,1.52943681539016,7.11671792211673,3.71232409181974,0.0924855935145077,-0.563743587100798,-6.45110879302912,-6.9327429989849,2.13006558312221,8.14340870365093,-4.58989924243075,0.710891491843472,-4.83548292410575,0.68116251374703,6.222964,0.1506391,-0.884,0.0256665,83.5545190535731,-117.553794978309,1269.21127018102,0.362455218021431,0.321940111484188,4.96433875360458,0.120046834061867,-0.729190723628594,-928.050798859878,-928.905991186989,-944.786297028063,-945.955087983467,1.14492877433268,-957.993473865079,1.41736106897513,1905.65684084859,1926.73902640275,NA,2420.86874538372,0.557171544486779,0.781166051522456
"202",-5.76,0.83,-5.86,0.83,1.359326,9.604077,-1.1484446,0.2002995,35,35,-6.31447272795468,0.893531282648331,-5.80524460802758,0.695269158952676,1.35034791208006,9.27105407203085,-1.18189514709025,0.232412291951046,1.35034791208006,10.4400256977843,-6.05985866799113,0.794400220800504,1.35034791208006,9.33588239156197,-1.20713530921582,0.242239259374123,1.35034791208006,10.7973071976584,2.98046926643018,0.0777762761186924,-0.465149157304379,-6.94878579504585,-7.62075210384477,2.19341083864012,10.5863248868851,-4.80846161021344,0.673479696574722,-3.67625361186716,0.436811662517081,5.86547557,0.13436318,-0.849,0.02549974,85.5250180734163,-121.494793017995,1372.33455839204,0.0905510053747078,0.0645671772141108,7.8532866355213,0.182686136727848,-1.12772412829961,-919.323124867644,-921.125234622586,-939.466914143924,-941.619629014664,2.12369645254754,-973.460933485439,2.11434703814664,1888.20149286412,1916.10026063448,NA,2623.17432376609,0.45564631312001,1.21912068086427
"203",-5.76,0.83,-5.86,0.83,1.359326,9.604077,-1.1484446,0.2002995,35,35,-5.57215386408183,0.84519923972874,-7.4236308558421,1.05469871136565,1.35486285167887,10.4495724941951,-1.45271379862486,0.275115076794814,1.35486285167887,9.30931606231979,-6.49789235996197,0.949948975547197,1.35486285167887,11.3065642569495,-1.54968466150528,0.28608758394885,1.35486285167887,9.61639592252223,3.43982741314665,0.0958787252895758,-0.553606784749174,-6.49441673601422,-7.09775008790084,2.21002205504348,8.8140297456082,-3.69208923044432,0.555545355942617,-5.63605390269909,0.816073484810073,6.91273332,0.17621581,-0.916,0.02715472,71.3122541604952,-93.069265192153,1309.50003069478,0.0496857327869847,0.0417577716644719,9.46155887887042,0.20442479829531,-1.32637693258981,-919.100252875537,-921.591577673975,-932.99979538675,-935.054409676069,2.02549134855671,-969.498946479966,1.99718203417272,1887.75574887991,1903.16602312013,NA,2525.9307961974,0.559304700848064,1.34252762444046
"204",-5.76,0.83,-5.86,0.83,1.359326,9.604077,-1.1484446,0.2002995,35,35,-6.58152503182289,0.928284633564285,-4.46055530427054,0.630594616685021,1.34999735983163,6.50534471477708,-0.800904328922467,0.163465463008563,1.34999735983163,8.2432209757694,-5.52104016804672,0.779439625124653,1.34999735983163,7.62997286107545,-0.958752207421333,0.185620299545957,1.34999735983163,8.46733602221926,3.48706593639364,0.093121571412308,-0.553109876169425,-7.00878662727492,-6.66137698709922,2.04417895689795,9.12649144964196,-4.43234078730466,0.625275230197957,-3.31305762433529,0.47220652579658,3.45041216,0.09508675,-0.787,0.02703828,76.0782211279961,-102.601199127155,1249.03110339015,0.216660027844567,0.167077653700092,8.25478259951764,0.175689074322862,-1.17066667639693,-903.035531854471,-907.016874302463,-924.477356353777,-926.154356518521,1.64875676980361,-951.484377071549,0.693829527933513,1855.62630683778,1886.12114505418,NA,2395.46100765315,0.533052067554206,1.07788416269205
"205",-5.76,0.83,-5.86,0.83,1.359326,9.604077,-1.1484446,0.2002995,35,35,-5.25031930171654,0.713509137505643,-7.03897908071039,1.01147965375296,1.41461309842927,8.2446835536668,-1.06540696392488,0.189287009801148,1.41461309842927,6.8022378339383,-6.14464919121347,0.8624943956293,1.41461309842927,9.04450950491438,-1.19864893335928,0.211483616939321,1.41461309842927,6.94183576011554,3.07504413008594,0.083916007691695,-0.494605736206811,-6.957157725271,-6.97058627423813,2.09730999473427,7.24594633696988,-4.10901386816108,0.55604369088147,-4.63049318201409,0.672907116791294,4.65779351,0.10962258,-0.884,0.02963051,63.5744519416924,-77.5936607545473,1253.37295160575,0.429468293724194,0.42953348024412,8.59928405590457,0.189500247585646,-1.23703258942434,-910.293023103018,-913.091928905325,-924.068358807217,-925.309728884453,1.21665850004733,-950.580756033386,0.00124080062927013,1870.14128933487,1885.30314996106,NA,2429.15224245696,0.472597068964948,1.15925749582738
"206",-5.76,0.83,-5.86,0.83,1.359326,9.604077,-1.1484446,0.2002995,35,35,-6.01672765855096,0.915424169523822,-5.28854573743137,0.761078430425658,1.42239021959421,12.379450418826,-1.54189385526638,0.236569024643434,1.42239021959421,7.39385601955537,-5.65263669799116,0.83825129997474,1.42239021959421,12.5120126463874,-1.56999179946966,0.242524676437874,1.42239021959421,7.45360624088997,3.06435827784855,0.0842974583935578,-0.493887680731512,-6.52060857085619,-6.71197862326541,2.2185657358668,7.22615812978749,-4.27849889880125,0.657884971631579,-3.93911585822637,0.566353745551342,5.52231693,0.10087463,-0.874,0.03132196,46.2868906245361,-43.0185381202349,1230.19277817361,0.479831467585036,0.457518662875277,8.54408363201966,0.197752069053697,-1.26882745154453,-918.307117330408,-919.179267145997,-930.52786600167,-931.02438387062,0.484046312122486,-964.266975449538,0.238795180878268,1886.16947778965,1898.22216434997,NA,2417.36701822698,0.477842735235106,1.15126306924895
"207",-5.76,0.83,-5.86,0.83,1.359326,9.604077,-1.1484446,0.2002995,35,35,-5.69347488815643,0.763453467920555,-4.94674753740514,0.700904782991532,1.41478962987226,6.51379302980458,-0.706168086200581,0.133980144323337,1.41478962987226,7.90483515337242,-5.32011121278079,0.732179125456044,1.41478962987226,6.65319346389459,-0.717844789648089,0.134958228819925,1.41478962987226,7.99752572443514,3.40587910250815,0.0857603015777407,-0.525138917672054,-7.10275791518389,-6.72867944352821,2.02724328980655,9.55624838133574,-4.0314334450203,0.546014332316852,-3.63268036228311,0.519386297955044,3.22456085,0.07591388,-0.731,0.02656232,82.2507689825351,-114.946294836233,1252.15086911557,0.7126096257114,0.692904101538433,6.71899858457537,0.139038461847358,-0.936367600125203,-909.459165394621,-910.080299299674,-933.351797512351,-934.076662573173,0.707813083982545,-950.900846244149,0.778138529170508,1868.47357391808,1903.87002737133,NA,2389.35544339491,0.495494299439159,0.877057906393182
"208",-5.76,0.83,-5.86,0.83,1.359326,9.604077,-1.1484446,0.2002995,35,35,-5.79394177696991,0.82884813720917,-5.89826349231434,0.859479292066855,1.40985762314093,9.27149997039526,-1.15818625154132,0.187878676764501,1.40985762314093,6.49684651856255,-5.84610263464213,0.844163714638012,1.40985762314093,9.27422072546836,-1.15898512519576,0.18811324367648,1.40985762314093,6.50211800557005,3.04814678001265,0.0750742537262696,-0.46381367612122,-6.81362028654215,-6.73544950766271,2.03923693583341,7.03672034552546,-4.53596641376793,0.656563774817772,-3.68505334685546,0.538930563197313,3.17536349,0.05925874,-0.812,0.02939181,69.9699290576991,-90.3846149865609,1206.72334328052,0.387928988122121,0.314045748226808,9.62376031466838,0.213335796261555,-1.40374507234571,-907.723227616254,-907.77948662967,-920.448391110416,-920.497595054478,0.0478149199964219,-942.801662437211,0.0443699863062108,1865.00169836135,1878.06321456746,NA,2323.06207157448,0.440223498345389,1.24391892869817
"209",-5.76,0.83,-5.86,0.83,1.359326,9.604077,-1.1484446,0.2002995,35,35,-5.06214059445597,0.692264460482131,-6.58041320657187,0.970461186636984,1.38065653392627,9.04126213345,-1.01175047206319,0.151875750585133,1.38065653392627,7.00249185736897,-5.82127690051392,0.831362823559558,1.38065653392627,9.61755006462531,-1.1173450895885,0.171224105195952,1.38065653392627,7.13934135276941,2.56275400404617,0.0678369239514173,-0.39986967939839,-6.89554930623542,-6.75639781283551,1.97229768972342,8.13477478678244,-3.65035670281902,0.496714324766688,-4.42113652861151,0.652057577608408,3.8718672,0.06258768,-0.842,0.03204054,50.3090083447299,-51.0627735606225,1220.84986696436,0.166719697115396,0.136614436809164,9.58961549529372,0.214581911151401,-1.39947012907867,-901.459983159815,-904.522673042896,-919.889577683097,-921.076517737888,1.16285850121308,-939.106784768732,0.127894654821532,1852.47520944847,1876.94558771282,NA,2390.6369603681,0.407385176915303,1.26863533771177
"210",-5.76,0.83,-5.86,0.83,1.359326,9.604077,-1.1484446,0.2002995,35,35,-5.17617012008462,0.741622249117395,-5.9510967211296,0.850246990251114,1.22617152339585,12.6049140079958,-1.63292424242753,0.270136231952579,1.22617152339585,9.76879861813278,-5.56363342060711,0.795934619684255,1.22617152339585,12.7550418172476,-1.65396829278656,0.273086065549171,1.22617152339585,9.8018340235892,2.96009857018412,0.0812738286329623,-0.478170515808197,-6.7155178994809,-6.84328640165513,2.15877720990377,8.44043838080644,-3.55832830774476,0.523395287169058,-4.57187235719191,0.654772874557777,7.93381715,0.17317708,-0.902,0.02495729,80.1576378008479,-110.760032472858,1252.55513553524,0.468761565119047,0.433301705957305,6.56361888692956,0.136963463454284,-0.918167810829178,-899.33149603552,-899.677711946028,-911.600286283746,-911.814696331733,0.208603359640685,-962.392744834081,0.0953223152285149,1848.21823519988,1860.36700491412,NA,2394.35023859763,0.454988052255576,0.861766028133645
"211",-5.76,0.83,-5.86,0.83,1.359326,9.604077,-1.1484446,0.2002995,35,35,-6.44846315483902,0.902740449419085,-5.61793022253783,0.834947068038273,1.43870305993607,9.34177405933348,-1.00469755932516,0.158530540960273,1.43870305993607,8.27123854429569,-6.03319668868843,0.868843758728679,1.43870305993607,9.51422029724267,-1.01877371828237,0.159679526600034,1.43870305993607,8.38903989056846,2.76897618485041,0.0762131469106942,-0.443291491396681,-7.02791038936439,-6.60127288044946,1.96283910570713,10.4221612797922,-4.30926994081184,0.599744442019102,-4.22620210494209,0.629982762476698,6.38284475,0.12375759,-0.88,0.02806893,63.4953055838021,-77.4353680387668,1278.07270409183,0.640005595099696,0.589415308615656,7.08580081434169,0.147512898580216,-0.978034761373954,-918.318892001494,-918.941760997454,-940.280873220825,-941.16469752336,0.86401525624392,-945.750349052626,0.966122154624539,1886.19302713183,1917.72817878828,NA,2478.71004014489,0.443790942174556,0.974871793227855
"212",-5.76,0.83,-5.86,0.83,1.359326,9.604077,-1.1484446,0.2002995,35,35,-5.76831383151008,0.880773708923413,-5.11403498191952,0.759585037411443,1.28626031322737,10.5117110798487,-1.46063762688745,0.260176259054264,1.28626031322737,8.17191071216443,-5.4411744067148,0.820179373167428,1.28626031322737,10.6187312831041,-1.48046042303252,0.263847932579973,1.28626031322737,8.20040721357927,3.02353315217663,0.0797317893309038,-0.474486201035315,-6.47863322157934,-6.54636511688722,2.16391231846828,7.17174337146266,-4.18623974120371,0.64344187520352,-3.57621818874651,0.532447258716026,5.32120232,0.12858368,-0.87,0.02604714,76.8240510086716,-104.092858888506,1204.48281544663,0.595083753513227,0.578528556579163,7.21818914806656,0.178320219796298,-1.10623239114482,-901.73482147922,-902.123440205579,-912.086136795846,-912.303284866846,0.211271365042721,-957.92363209206,0.0308730146919682,1853.02488608728,1861.33870593832,NA,2304.87277200476,0.465502044498407,1.02106720256728
"213",-5.76,0.83,-5.86,0.83,1.359326,9.604077,-1.1484446,0.2002995,35,35,-6.17619630828216,0.82732318303887,-4.69945506259546,0.676841513335859,1.33439420720347,11.8798936889162,-1.35036477616173,0.201031911029329,1.33439420720347,9.01182630173474,-5.43782568543881,0.752082348187364,1.33439420720347,12.4250848655942,-1.40592039825429,0.206693094258481,1.33439420720347,9.27028765016593,2.48901218967948,0.0700116699727149,-0.404123282957583,-7.20496010018894,-6.62474970247925,2.12899607790362,9.24466877909274,-4.22764665108508,0.570433878722453,-3.47423923009362,0.499408360173879,5.34631774,0.09790541,-0.85,0.02638892,78.5574198840417,-107.559596639246,1256.5582526822,0.495761223194568,0.51904131322708,8.63636070840291,0.167920739375707,-1.17102663793369,-908.370825676345,-909.773010831576,-927.220538793745,-929.004699347897,1.75546110805733,-961.850775263794,1.83672946460137,1866.29689448153,1891.60750993412,NA,2405.55690872515,0.401343052500941,1.07953012874759
"214",-5.76,0.83,-5.86,0.83,1.359326,9.604077,-1.1484446,0.2002995,35,35,-5.70544896576974,0.808614879053179,-7.48520293931624,1.03318460733805,1.31296808442897,8.1243462498117,-1.00260231238992,0.186988120706063,1.31296808442897,8.76985582426921,-6.59532595254299,0.920899743195612,1.31296808442897,8.91622730140035,-1.10252202895324,0.199596011421548,1.31296808442897,8.98531265654329,3.41424150994179,0.0914733323820397,-0.543322886060239,-6.84567199167894,-7.2874976359708,1.92295224629663,9.92983213494709,-4.0858659399861,0.584376860594353,-4.6631069705155,0.639111343518257,3.99842662,0.0978154,-0.805,0.02425401,100.696191478905,-151.837139828972,1315.24042911663,0.61253218872969,0.621741177645226,10.5563961994921,0.214306915245333,-1.47038980096365,-902.654832248086,-905.11444279951,-921.542121374247,-923.069071276957,1.49961932480553,-939.178339483903,1.10526599619864,1854.86490762501,1880.25067509512,NA,2478.64371840428,0.519928201298818,1.31511603137905
"215",-5.76,0.83,-5.86,0.83,1.359326,9.604077,-1.1484446,0.2002995,35,35,-5.68711919263596,0.741987503745685,-4.96193028513966,0.704295192125627,1.55701522882284,8.40610568443684,-1.01813651572383,0.192024867863534,1.55701522882284,8.04318033892023,-5.32452473888781,0.723141347935656,1.55701522882284,8.53758042232575,-1.02497002729502,0.19238004545235,1.55701522882284,8.18605442096254,3.52302503069603,0.0944037537130356,-0.556876722285622,-7.22429087947376,-6.72366301097733,2.35420842892911,8.85030449553305,-3.95801501276172,0.517384012459063,-3.38790368047894,0.480547483175274,4.59942331,0.11251739,-0.809,0.02823293,64.8903523778838,-80.2254616269302,1299.4428919684,0.52191670599177,0.503384481858643,7.83710920132096,0.161286295424057,-1.08380560293289,-938.317605922981,-939.073778428318,-957.899460717319,-958.996752037361,1.07433858606837,-985.112578254284,1.28612280507452,1926.1904549748,1952.96535378127,NA,2518.66032230986,0.551017236276413,1.04072122975599
"216",-5.76,0.83,-5.86,0.83,1.359326,9.604077,-1.1484446,0.2002995,35,35,-6.40986263553872,0.845688734691581,-7.04750078570638,0.922926914642696,1.33110326891222,6.5163122960131,-0.676759931777463,0.12397660076753,1.33110326891222,8.32937460882463,-6.72868171062255,0.884307824667139,1.33110326891222,6.61795789865041,-0.68907243432405,0.125468034878071,1.33110326891222,8.36003930325291,2.46684931844852,0.0732969074491252,-0.411953680125283,-7.32920922314901,-7.50668228407731,1.74255228020876,11.2242590924189,-4.92115136677738,0.649112043558823,-4.943679526898,0.647401312905208,3.53344384,0.09041457,-0.78,0.02134423,134.529490505335,-219.503737881833,1347.46064269737,0.994558709840495,0.992864087636189,8.89325077128382,0.165448788808315,-1.18534473521885,-896.36436950423,-896.742330996935,-921.67363039064,-921.903335885556,0.223509003395698,-918.96062845281,0.17595575586582,1842.2839821373,1880.51369312791,NA,2475.41754751291,0.416434665740164,1.07097652548792
"217",-5.76,0.83,-5.86,0.83,1.359326,9.604077,-1.1484446,0.2002995,35,35,-4.93988654935851,0.710944154005638,-5.28212187085403,0.789907280713336,1.42043082258758,9.21205526567737,-1.31183986732818,0.236551042305843,1.42043082258758,6.35221820370973,-5.11100421010627,0.750425717359487,1.42043082258758,9.24133651949715,-1.31859586009195,0.238109836150707,1.42043082258758,6.37209906000262,2.9456890109663,0.0701291358043289,-0.441296524876547,-6.6620064808657,-6.53379992671028,2.31056908570321,5.60465383015955,-3.35549825048208,0.490428958656361,-3.74346579369406,0.559414878035495,3.73520149,0.11189759,-0.876,0.03260298,40.2090016897632,-30.8627602506891,1175.55359095148,0.806836030358488,0.783112807845474,7.88288920090059,0.178468284538922,-1.15684600527483,-912.056705538564,-912.272368760456,-920.915280096082,-921.104309001297,0.183876238498306,-966.537983343622,0.128173545704437,1873.66865420597,1878.99699253879,NA,2320.24442165226,0.413277357929575,1.05133878674471
"218",-5.76,0.83,-5.86,0.83,1.359326,9.604077,-1.1484446,0.2002995,35,35,-5.89742558361777,0.845817610242098,-6.42475193423021,0.915966630308052,1.30251083931797,10.5188983972739,-1.18012978173914,0.202148926847098,1.30251083931797,11.1400653479762,-6.16108875892399,0.880892120275075,1.30251083931797,10.5884166672865,-1.18937763842675,0.203379148101152,1.30251083931797,11.1565011913264,2.97700796341829,0.0785269786159473,-0.466274657737258,-6.81600436404719,-6.92540100555547,1.94720293765708,12.7266487188285,-4.48069414253858,0.658755053630018,-4.78133495850619,0.68655178085605,6.10196574,0.13370264,-0.858,0.02388632,95.0973064209088,-140.63936971298,1315.31285471158,0.895205607910497,0.903777023443823,7.18479973523467,0.147602801656812,-0.972448127664146,-912.111096587049,-912.297561931321,-934.787648117258,-934.882353614691,0.0920618889418163,-950.223268177032,0.0532818387896968,1873.77743630294,1906.74172858114,NA,2489.98633971018,0.462146930208379,1.03030596694562
"219",-5.76,0.83,-5.86,0.83,1.359326,9.604077,-1.1484446,0.2002995,35,35,-5.74252017572935,0.872338828048429,-5.42770497978673,0.712407255556204,1.34024802570159,9.69915229196514,-1.25274577100634,0.212364002904571,1.34024802570159,7.44070835612662,-5.58511257775804,0.792373041802316,1.34024802570159,9.72392944386424,-1.26533299333923,0.21875852987453,1.34024802570159,7.74887962634362,1.94833881508712,0.0545945600801656,-0.304405131777712,-6.50309240335922,-7.14110813086216,2.11621497579558,7.27390863645564,-3.63602831163327,0.558091742939378,-3.98571571260063,0.522809535066216,4.33209668,0.09485358,-0.869,0.03274949,42.1667987518208,-34.7783543748042,1226.49214451325,0.103892805187264,0.0952429710587161,8.3956607654529,0.190361270883888,-1.21059529395773,-903.850138092136,-905.956753435511,-916.343916825232,-918.854075940379,2.48268812173158,-952.897757700435,2.76655447418264,1857.25551931311,1869.85426599709,NA,2418.2059346517,0.356165024133445,1.20589899170202
"220",-5.76,0.83,-5.86,0.83,1.359326,9.604077,-1.1484446,0.2002995,35,35,-6.29660370491701,0.856005688102664,-5.18659068059612,0.716038718072741,1.3292397396867,9.09752892077004,-1.2402142931377,0.246305122402074,1.3292397396867,9.71051590512335,-5.74159719275656,0.786022203087702,1.3292397396867,9.40556114931053,-1.27905558306468,0.251202810576913,1.3292397396867,9.7934606467254,3.30835984586542,0.089847744904777,-0.533532700510149,-7.15448455382017,-6.87835851771091,2.20927984411929,9.30441305865185,-4.43312554640789,0.602275430268778,-3.32884201165079,0.459668012915098,4.50345775,0.13018599,-0.866,0.02801556,67.5584035610447,-85.5615639932519,1291.20839079482,0.254812458226759,0.207701816220879,8.95224461484294,0.190118195935886,-1.24709291390516,-913.66245629059,-914.582558130934,-930.994457882296,-931.534465977324,0.526607913092316,-971.123227231025,0.398554473969378,1876.88015571002,1899.15534811122,NA,2496.85521759639,0.496227595208932,1.24776300643999
"221",-5.76,0.83,-5.86,0.83,1.359326,9.604077,-1.1484446,0.2002995,35,35,-4.96171151967509,0.654032275705713,-6.86240304483954,1.03843423425276,1.35235460610066,7.01509130261238,-0.754203436667606,0.139125325882871,1.35235460610066,8.59233153870897,-5.91205728225731,0.846233254979239,1.35235460610066,7.91824837107037,-0.936860822884354,0.176066542316573,1.35235460610066,8.93330954558195,2.37288774761527,0.0675987658451349,-0.385557050116042,-7.02289769501713,-6.63342182278118,1.94413844529071,10.3770560093825,-3.46186359562147,0.45115269299137,-4.948261282305,0.745812963199847,4.75109955,0.08804295,-0.825,0.02767599,71.638459875012,-93.7216766211867,1277.88709666402,0.00897848056175334,0.00567280299707739,7.63967204579735,0.198632592467705,-1.18559233262959,-903.152325014386,-908.85327127865,-927.499930288368,-929.945011310446,2.41719173006017,-943.266471103514,0.81611431181253,1855.85989315761,1892.16629292336,NA,2462.05251670686,0.395078150255665,1.18182901827963
"222",-5.76,0.83,-5.86,0.83,1.359326,9.604077,-1.1484446,0.2002995,35,35,-5.20576964754312,0.743998122245123,-7.08932592686007,0.954628567518542,1.3309014240376,7.81625933152656,-0.995680033321665,0.201603194708636,1.3309014240376,9.52023763667774,-6.1475477872016,0.849313344881832,1.3309014240376,8.70320539586514,-1.09486360777418,0.212694490827656,1.3309014240376,9.85416553486035,3.00485030750943,0.0860149727407807,-0.492765228312993,-6.73096258964864,-7.3596371808275,2.02844264432206,10.3819081736033,-3.60999406189863,0.531767803121012,-4.61764846301073,0.610021057552761,3.99656693,0.11859884,-0.835,0.02473948,94.6882087782002,-139.821174427563,1305.13061388612,0.115937332280767,0.110298416772541,10.2912106446882,0.207619930060085,-1.4074550512719,-909.253635630362,-912.241484184606,-930.045773393972,-932.233142527525,2.15842054719863,-953.681499950594,2.03714042854237,1868.06251438956,1897.25797913457,NA,2470.44005334468,0.489671876507771,1.36011732979616
"223",-5.76,0.83,-5.86,0.83,1.359326,9.604077,-1.1484446,0.2002995,35,35,-5.68313649692527,0.809294368372184,-5.93207554930441,0.876845517060337,1.12564904073332,12.3167357047749,-1.77084426099487,0.309810923022308,1.12564904073332,9.32732154089205,-5.80760602311484,0.84306994271626,1.12564904073332,12.3322283677247,-1.77504829073025,0.310951712444581,1.12564904073332,9.35464950396293,4.01243027361204,0.115120326834201,-0.667824132857591,-6.81931130130317,-6.6657980899964,2.12003757519487,6.83761159918191,-3.7722846961094,0.530781792747803,-4.08059436802425,0.600516307542111,6.35892395,0.17289964,-0.915,0.02516329,82.6158106713655,-115.676378213894,1214.42204427958,0.792491891125405,0.745494960556307,8.28726566389846,0.184969828310729,-1.20781287648133,-880.359630158544,-880.538836027823,-887.713538107542,-887.898526136403,0.179940314772027,-951.443860450327,0.168776189948251,1810.27450344593,1812.59350856171,NA,2313.16771034527,0.620725557327475,1.09494646059719
"224",-5.76,0.83,-5.86,0.83,1.359326,9.604077,-1.1484446,0.2002995,35,35,-6.43042094023141,0.911492815909147,-6.88217340974884,1.06627466960524,1.49772032027743,6.43860351102366,-0.584214438508973,0.116266439405609,1.49772032027743,9.11280109125502,-6.65629717499012,0.988883742757192,1.49772032027743,6.48962358445243,-0.601695209669896,0.122255794964008,1.49772032027743,9.27762349056611,2.35203579398189,0.0578244587472288,-0.354412705669974,-6.95772384005723,-6.4873260781247,1.86035542936238,13.3668500654089,-4.81973241429455,0.684123312445381,-4.71785398963634,0.736059893717302,4.69619061,0.08967586,-0.788,0.02713364,75.0242514706364,-100.493259812435,1347.48714654231,0.418964330579553,0.405787789258407,7.66720127582189,0.172949120915711,-1.09551930813193,-924.916461331837,-926.282896592719,-956.212345764799,-957.344035711129,1.10829067555241,-940.640255186497,0.985189942122722,1899.38816579251,1949.59112387623,NA,2594.48103327219,0.35123525986877,1.12517215651296
"225",-5.76,0.83,-5.86,0.83,1.359326,9.604077,-1.1484446,0.2002995,35,35,-5.67079711002894,0.886457446821755,-6.08001738547602,0.79632739250096,1.42288789507971,8.09629737250991,-1.09204690727701,0.198492344461562,1.42288789507971,6.47809938687074,-5.87540724775248,0.841392419661358,1.42288789507971,8.13816268096916,-1.0828261458632,0.200523201134529,1.42288789507971,7.04133603996956,2.73186802134977,0.0793160696281256,-0.454157266603523,-6.34725426047967,-7.29344607663274,2.09162263769906,6.80688894421926,-4.10704958553038,0.642900467219071,-4.44067805559221,0.582150414032699,4.891099,0.109398,-0.877,0.0294633,63.1927666378745,-76.8302901469115,1251.50921472045,0.0335533756149107,0.0314586343327915,6.87138528464807,0.162787834564912,-1.00207796825048,-910.301509458196,-913.590924908588,-922.527079115032,-927.610239468353,5.12163457976538,-948.000446109706,6.52445141155402,1870.15826204523,1882.22059057669,NA,2426.18813929398,0.43950909416182,1.05511719363745
"226",-5.76,0.83,-5.86,0.83,1.359326,9.604077,-1.1484446,0.2002995,35,35,-6.4581516704334,0.873032909376957,-6.83767982262111,0.948945551204903,1.3388435408561,14.4475328099594,-1.7253252552444,0.264432574574054,1.3388435408561,10.3183099826563,-6.64791574652725,0.91098923029093,1.3388435408561,14.4835432145352,-1.73252800141456,0.265873256871378,1.3388435408561,10.3313337550412,2.72974788647048,0.0727220041298713,-0.427713506488254,-7.21458874111519,-7.14184901719213,2.15015764188747,10.285982653882,-4.29077985516476,0.569560315973551,-4.97269421988592,0.701072577315669,7.02257194,0.14170484,-0.876,0.02190117,114.566403955486,-179.577564782135,1348.25190407615,0.478025651144472,0.385879071281372,11.3460887735196,0.223111589070253,-1.55603987567809,-920.235905467078,-920.412917914413,-936.621926918142,-936.702428331584,0.0782463568792737,-967.662117669478,0.0259466072330004,1890.02705406299,1910.41028618291,NA,2516.92624337017,0.434521737680456,1.39119008150417
"227",-5.76,0.83,-5.86,0.83,1.359326,9.604077,-1.1484446,0.2002995,35,35,-5.83124810441769,0.790502570641857,-5.69992401679885,0.868812804537414,1.49764136532362,6.06326527113742,-0.43596081160542,0.105899960943332,1.49764136532362,11.4430231476951,-5.76558606060827,0.829657687589636,1.49764136532362,6.06757677513466,-0.433389806601033,0.107433084126526,1.49764136532362,11.6609677332869,3.62269299222803,0.0892537454755303,-0.555015612270793,-7.07937957692288,-6.4815033800789,1.90196942010422,16.8183261390799,-4.092516914812,0.581867463602987,-4.18675134455449,0.636859167005392,3.71599926,0.08364731,-0.665,0.02393619,96.8592674377057,-144.163291746574,1356.23214585868,0.746771900737522,0.707858717519538,6.96481982620539,0.144546031675812,-0.936243947919799,-930.424486950381,-931.202990699214,-970.714491218401,-971.929955673663,1.19104751669496,-953.595865409545,1.25515989460274,1910.4042170296,1978.59541478343,NA,2568.30099997079,0.50931046864169,1.04640749408193
"228",-5.76,0.83,-5.86,0.83,1.359326,9.604077,-1.1484446,0.2002995,35,35,-4.77067849435739,0.828293293341211,-6.063537918756,0.909424377193106,1.25650491722526,12.0341083272246,-1.47110895910565,0.236082891901335,1.25650491722526,9.705941604382,-5.4171082065567,0.868858835267159,1.25650491722526,12.4519797000387,-1.49733173069805,0.237728455093081,1.25650491722526,10.1739138306991,3.79595536449563,0.0930698838222861,-0.578669078656455,-5.79366262011809,-6.60316404120249,2.01190419418466,9.66167072909065,-3.18306466968207,0.54300113800304,-3.87868226702689,0.58987203399955,6.3248345,0.1391148,-0.899,0.0279508,58.1791988779823,-66.8031546271273,1226.13466934067,0.319097615459639,0.318272498521067,8.65789772118782,0.195410572158806,-1.2453992017392,-901.754876199738,-903.689186762557,-917.17763059286,-920.172444928467,2.97237856934863,-949.387811309888,3.63537846772149,1853.06499552831,1871.52169353235,NA,2385.46618405421,0.537462577787923,1.24075389560068
"229",-5.76,0.83,-5.86,0.83,1.359326,9.604077,-1.1484446,0.2002995,35,35,-5.81791018261749,0.903276653988788,-5.66796466833002,0.780141645578633,1.40311986845251,7.96337166350702,-1.03946413786726,0.192195224603019,1.40311986845251,7.2032420837236,-5.74293742547375,0.841709149783711,1.40311986845251,7.96899257782075,-1.04408002340797,0.195985782177061,1.40311986845251,7.43969674875951,2.73836219280685,0.0750802931122076,-0.442122483698866,-6.39416284907012,-6.97782385126726,2.05811188939206,7.84308642847909,-4.2714295857726,0.668786091185902,-4.07461978783931,0.557172042395964,4.21570159,0.10703271,-0.842,0.02620725,84.2391746538239,-118.92310617881,1231.74479836767,0.177046007050202,0.167439699262813,7.21232416523177,0.168426453815601,-1.05944582613816,-910.59254252666,-912.033151076811,-925.578010428812,-927.567195215706,1.96006859950462,-948.405445812052,2.22738588545886,1870.74032818216,1888.32245320425,NA,2344.56649055653,0.420100983106619,1.03969969369435
"230",-5.76,0.83,-5.86,0.83,1.359326,9.604077,-1.1484446,0.2002995,35,35,-6.59887938231335,0.980336423810476,-5.42837680487547,0.776856139107925,1.4700040215897,7.23982570892677,-0.745888035021422,0.118610281032301,1.4700040215897,6.81784082481439,-6.01362809359441,0.8785962814592,1.4700040215897,7.58234477987394,-0.805431584446954,0.128961337597959,1.4700040215897,6.88147622352334,2.49016032410006,0.0672126587545989,-0.392926669053851,-6.7160298809106,-6.7578101851753,1.89581712651301,9.23606727741366,-4.88657558639084,0.728106615531179,-3.9577225748072,0.569831072167127,5.19001186,0.09015769,-0.85,0.02599011,84.4562279500842,-119.357212771331,1242.95152555233,0.286357562193496,0.241268055681147,6.68421576567464,0.148475366787046,-0.970675060367644,-911.025433484406,-912.800462039252,-933.618428223158,-934.185905431466,0.553504120789166,-933.401230447291,0.010704356986614,1871.60611009765,1904.40328879294,NA,2366.54583833333,0.399797718123214,0.885102900533772
"231",-5.76,0.83,-5.86,0.83,1.359326,9.604077,-1.1484446,0.2002995,35,35,-7.17502564187132,0.990631453140157,-7.12891594442604,0.93045508863227,1.32426939647881,10.583374818242,-1.32550609358684,0.222054902647101,1.32426939647881,8.55024330065261,-7.15197079314868,0.960543270886213,1.32426939647881,10.5839063442917,-1.32619977207704,0.222960201358448,1.32426939647881,8.62080697066621,2.15519357730764,0.0527882627450289,-0.317728629623164,-7.23084101976515,-7.54324653023126,1.98955932227203,9.06351280812693,-5.58847236994505,0.762454161836316,-5.43882026617779,0.721072601984541,7.99062234,0.17346028,-0.903,0.02025487,134.758166683423,-219.961090238009,1366.04987508949,0.886126242443823,0.893881954053926,7.98632788215582,0.158320181043336,-1.09116147655949,-907.505198039657,-907.909267423144,-922.050467994736,-922.565774056488,0.502430085796574,-944.630677589142,0.580066568646767,1864.56563920815,1881.2673683361,NA,2512.13865994098,0.345388124146963,1.01510145388112
"232",-5.76,0.83,-5.86,0.83,1.359326,9.604077,-1.1484446,0.2002995,35,35,-5.29616544739591,0.7784166321029,-6.30689530547143,0.86234432974998,1.36336645705762,7.86155186385913,-1.06516408955128,0.189763503612697,1.36336645705762,6.12831127713506,-5.80153037643367,0.82038048092644,1.36336645705762,8.11694557536047,-1.08637114703414,0.191524468220782,1.36336645705762,6.3071892496429,2.28039661845871,0.0601488963287887,-0.357421785968366,-6.61630181424015,-7.12701216768899,2.02649503624735,6.25379814034201,-3.44991951750463,0.507082921939812,-4.62706346191232,0.631789690382959,4.04909494,0.09945347,-0.874,0.02559418,92.5163082067747,-135.477373284712,1201.18325830934,0.11304629825619,0.0913135212136133,7.71645247101026,0.163753198266833,-1.09222517502008,-897.768678095671,-899.157364651547,-908.704545808889,-910.439449146899,1.70639323363301,-937.678654556443,2.11147175250691,1845.09259932018,1854.57552396441,NA,2266.88914333397,0.352993396062202,1.00795821865644
"233",-5.76,0.83,-5.86,0.83,1.359326,9.604077,-1.1484446,0.2002995,35,35,-4.70954671924574,0.589093180331046,-5.76467634758622,0.8039072351836,1.55857790013655,8.87170745668151,-0.950531388414499,0.157655501189879,1.55857790013655,7.95410555675113,-5.23711153341598,0.696500207757323,1.55857790013655,9.15003208983199,-1.00719555687922,0.169191770730428,1.55857790013655,8.04824441119226,2.65249586854067,0.0699910446756404,-0.413176755935759,-7.15762322055247,-6.93294629747424,2.3328748206059,9.09474270174672,-3.29628094277993,0.412778038361993,-4.06896005211258,0.561616321225457,5.80683642,0.09041368,-0.862,0.03054518,51.1676431169275,-52.7800431050176,1288.66055539316,0.273286561397034,0.226106890482872,7.21707560968434,0.171186234292518,-1.06276588012946,-935.053113358722,-936.797882906134,-957.452313408005,-958.184415593453,0.714916979861892,-983.740225229061,0.255080469113753,1919.66146984628,1952.07105916264,NA,2524.5410676813,0.420776638245462,1.07249094361235
"234",-5.76,0.83,-5.86,0.83,1.359326,9.604077,-1.1484446,0.2002995,35,35,-5.89701765618261,0.864404732800481,-4.42768865813645,0.684268560538996,1.20628518080168,9.5199711770222,-1.04050783177395,0.17080230323408,1.20628518080168,10.4981286154941,-5.16235315715953,0.774336646669738,1.20628518080168,10.059703103147,-1.10667765714916,0.178914563373335,1.20628518080168,10.6717318532548,3.01696483398942,0.071671110607183,-0.449437656259445,-6.70485917019541,-6.30873487267956,1.88734373380027,11.449786234442,-4.53403480956065,0.6573125209006,-3.08799918988412,0.475015073945195,7.69568626,0.1509559,-0.882,0.02270245,95.5204121044435,-141.48558108005,1228.76194664159,0.200212058977706,0.19133131784259,5.29430515079794,0.115152411614348,-0.746076762941022,-889.152612949633,-890.682742247132,-912.181438758998,-913.230426867847,1.026690565265,-939.156252244825,0.794688681096167,1827.8604690281,1861.52930986462,NA,2316.03831220312,0.430451712290397,0.748592063830846
"235",-5.76,0.83,-5.86,0.83,1.359326,9.604077,-1.1484446,0.2002995,35,35,-5.21303538733754,0.784691472589222,-5.96901497978905,0.779400297124609,1.35134013206203,9.20619757927257,-1.11034659606212,0.195660564797936,1.35134013206203,8.85204001472189,-5.5910251835633,0.782045884856916,1.35134013206203,9.34907386532335,-1.10934659089429,0.195667563932386,1.35134013206203,9.25364367036862,2.92438569698719,0.0768202207067815,-0.459344051633776,-6.49578787830358,-7.28329092497677,2.07190723463905,9.52020081702711,-3.7083869928561,0.554998880341079,-4.18066334590598,0.567747470300056,5.24233694,0.09734012,-0.854,0.02769327,69.1555003291157,-88.7557575293941,1265.57838110323,0.434034373197992,0.427546405787711,7.02699222350715,0.157885329874916,-0.992348552354841,-910.826552356472,-912.529564780932,-929.18609286511,-931.982913508415,2.77191815534343,-956.120326991866,3.3857673279572,1871.20834784178,1895.53861807685,NA,2442.40100467706,0.443936252423804,1.06575162260357
"236",-5.76,0.83,-5.86,0.83,1.359326,9.604077,-1.1484446,0.2002995,35,35,-6.06427831491746,0.956648090047875,-5.43332065909118,0.826548956022744,1.49278766601759,8.05806296470346,-0.940184208614983,0.160049096063541,1.49278766601759,6.89950494646241,-5.74879948700432,0.891598523035309,1.49278766601759,8.15758985556493,-0.960705969772366,0.164280542232064,1.49278766601759,6.93688135957056,2.57092668699672,0.0631498235316531,-0.387068545276375,-6.32255777624659,-6.46669709521345,2.0144047988145,8.55430113986172,-4.63233403557178,0.732563992302374,-3.96203792651854,0.603096309857158,5.03748383,0.08314072,-0.862,0.03221622,43.3651397130769,-37.1750362973165,1237.32871591593,0.380912973484608,0.310465554799243,6.2396592414642,0.166973252200566,-0.985193426459689,-920.251732923036,-920.912170759837,-938.113983492494,-938.444406573243,0.321741186134976,-945.853904275879,0.128459497833429,1890.05870897491,1913.39439933162,NA,2437.48239553455,0.384276266483564,0.976482893710779
"237",-5.76,0.83,-5.86,0.83,1.359326,9.604077,-1.1484446,0.2002995,35,35,-5.91799629823485,0.834347744780821,-5.88408088330942,0.848309972473182,1.38658811686489,7.31814328720136,-0.848021798763653,0.152064913076141,1.38658811686489,7.56567362632581,-5.90103859077214,0.841328858627001,1.38658811686489,7.31843085104374,-0.847903415077284,0.152113649026674,1.38658811686489,7.57463904810988,2.63560449195926,0.070008595612844,-0.420624265903055,-6.90490956902761,-6.78781081451415,1.9119352063287,9.28483474874245,-4.27449915153773,0.604419261183374,-4.03364782110479,0.585836296402877,4.39801157,0.11264564,-0.837,0.02717548,73.4439673981738,-97.3326916675101,1253.42219487465,0.89187864178172,0.877980432864358,7.1005598936131,0.143512000909295,-0.981705087387042,-905.853838733425,-905.901614839251,-925.700579378536,-925.773807865558,0.0711734660825121,-935.641749129228,0.0829814510188243,1861.26292059569,1888.5675911037,NA,2409.51169808179,0.38717545807193,0.90228344396629
"238",-5.76,0.83,-5.86,0.83,1.359326,9.604077,-1.1484446,0.2002995,35,35,-6.11808455705597,0.846605803168011,-4.74322463593691,0.751054283859624,1.23995387975272,10.0527225203567,-1.27928657584069,0.25780289227722,1.23995387975272,13.0262086568945,-5.43065459649644,0.798830043513817,1.23995387975272,10.5252824710316,-1.31212906441547,0.260085415487755,1.23995387975272,13.5005345670164,3.0600773847131,0.0809729807835992,-0.485412549433917,-7.03196748799333,-6.22637879306485,2.13055916814587,12.5927759407227,-4.03112617562039,0.559099683329545,-3.65171471233152,0.583689314662736,6.25451715,0.14482014,-0.809,0.02325603,92.92633295871,-136.297422788583,1328.88976460609,0.374783367731847,0.369870162807874,7.22933280596908,0.166455591662414,-1.03987518684432,-910.647828127452,-912.561716742357,-932.837990489581,-935.166042719404,2.29956381494735,-971.927921801483,2.66668629932703,1870.85089938374,1902.84241332579,NA,2521.4821064236,0.45581844144217,1.08836324356248
"239",-5.76,0.83,-5.86,0.83,1.359326,9.604077,-1.1484446,0.2002995,35,35,-4.84201930473152,0.716980471123279,-6.84600436554849,0.89831699953785,1.38260086995595,12.739979120472,-1.33723099355135,0.202145176273161,1.38260086995595,11.3782371260364,-5.84401183514001,0.807648735330564,1.38260086995595,13.7439681514664,-1.42807991703215,0.210365910407523,1.38260086995595,11.9709846803137,2.28365431498008,0.0559879745363064,-0.343798267813411,-6.52817642086846,-7.45180536981097,2.11559375405383,12.8267267671463,-3.26045624768885,0.490609415145914,-4.42150411407897,0.589594330987479,4.47765771,0.09482532,-0.792,0.02581916,81.7459247113885,-113.93660629394,1336.85669100116,0.140963084769343,0.122325943422996,12.70826423268,0.221255848775984,-1.62002523721998,-925.765360554791,-928.198040202355,-950.767442851372,-954.041696708112,3.25626608057759,-970.798201148818,3.47048664292381,1901.08596423842,1938.70131804937,NA,2559.77677570837,0.339736077213734,1.56985911711701
"240",-5.76,0.83,-5.86,0.83,1.359326,9.604077,-1.1484446,0.2002995,35,35,-5.45324789105279,0.791750128454298,-6.07114767194434,0.740223558416977,1.28385653751039,10.8024675206631,-1.45989381576653,0.254271010444438,1.28385653751039,8.39171599252673,-5.76219778149856,0.765986843435637,1.28385653751039,10.8979175554696,-1.45193425168249,0.254934757299391,1.28385653751039,8.97930573018086,2.0858686041039,0.05968307973187,-0.340205196836105,-6.69394673694176,-7.61882848859477,2.20155188113587,7.31714814392092,-4.3663834500854,0.647101999374079,-4.25864292674417,0.519793450721204,7.01067565,0.17858075,-0.901,0.02389884,96.3011338882968,-143.047024647756,1287.53977980714,0.0581006930459021,0.0508926924837941,6.57657822668504,0.130436267881749,-0.872594453384742,-902.197363482299,-904.97337031389,-913.285617591579,-917.533602483599,4.2543984711926,-962.765876631779,5.5592476514219,1853.94997009344,1863.73766752979,NA,2432.03253496652,0.346556196306965,0.935488678444381
"241",-5.76,0.83,-5.86,0.83,1.359326,9.604077,-1.1484446,0.2002995,35,35,-5.86775346744542,0.878871069810044,-5.02279774914848,0.682406250042679,1.43642679791776,5.38762962233605,-0.634389030493564,0.157607925198906,1.43642679791776,9.31544015660859,-5.44527560829695,0.780638659926362,1.43642679791776,5.56611716380673,-0.675890048720218,0.167257531550462,1.43642679791776,9.43971054206504,4.39926017641569,0.120519562335516,-0.715308638980766,-6.58940828900656,-6.9149391277189,2.07463271964708,11.2412873708003,-4.25984168012177,0.632254524097616,-3.19337139685042,0.427194536074903,3.37695799,0.09578903,-0.77,0.02939767,57.3254319689174,-65.0956208089975,1283.98535251815,0.142231113034326,0.111876447370654,6.99286388312016,0.172112925499768,-1.04135240401097,-918.445054126268,-919.848223788827,-947.363675146672,-948.20192788319,0.819197831866133,-961.745500163867,0.496549923498941,1886.44535138137,1931.89378263997,NA,2502.87508422731,0.654242376703669,1.09427603257717
"242",-5.76,0.83,-5.86,0.83,1.359326,9.604077,-1.1484446,0.2002995,35,35,-4.15851652018207,0.624361313228195,-5.55152514388242,0.85497750039045,1.49811821010221,9.14763732304287,-1.05816648700692,0.171732404578081,1.49811821010221,7.17429675605056,-4.85502083203224,0.739669406809322,1.49811821010221,9.63275557946875,-1.1384790713774,0.185028361023395,1.49811821010221,7.25340513003267,3.44251904318399,0.0979764006406597,-0.568964127662542,-6.39647461201575,-6.41553166911101,2.24721747271302,7.87352385965408,-2.75867674005151,0.423914016566071,-4.04523578450933,0.622372873310481,5.9763173,0.11740177,-0.897,0.03446119,20.9966544762256,7.56193417638626,1201.01297279784,0.190505827040098,0.164723213286154,6.09834391416701,0.143810297110136,-0.893873161197389,-923.744547366912,-925.517214155467,-941.380909038809,-942.055090859535,0.658083452475821,-970.062130290663,0.00216729189711296,1897.04433786266,1919.92825042425,NA,2409.58787977207,0.535181771465629,0.908668884846454
"243",-5.76,0.83,-5.86,0.83,1.359326,9.604077,-1.1484446,0.2002995,35,35,-5.61794775252494,0.82894082526861,-5.87173623798785,0.802066159978478,1.43517450719834,11.8136569749512,-1.35028222386315,0.203267738791702,1.43517450719834,8.42725302674371,-5.7448419952564,0.815503492623544,1.43517450719834,11.8297591237895,-1.34857710371282,0.203448300700316,1.43517450719834,8.53281841523169,2.93205966894667,0.0709940474812617,-0.441905893709973,-6.6370740506239,-7.05097483753331,2.13889787049794,9.29052801201149,-3.99745005655142,0.602238807617127,-3.57131704401526,0.507708192907674,5.76646017,0.15110129,-0.894,0.03069923,43.169622005729,-36.7840008826207,1260.18974240944,0.660139861376899,0.627686886603429,9.8600421770698,0.168377474522193,-1.25203746228404,-922.611924165571,-923.148877127632,-940.847394116392,-941.626890499348,0.761456852469983,-963.143933660782,0.926214889496863,1894.77909145998,1918.86122057941,NA,2483.59548393627,0.420184276610911,1.18439107023798
"244",-5.76,0.83,-5.86,0.83,1.359326,9.604077,-1.1484446,0.2002995,35,35,-5.52710119749976,0.819877612598231,-5.29421861379842,0.745404372278219,1.4313825207264,7.58708030593188,-0.831667687758302,0.14072866882414,1.4313825207264,7.40870826820133,-5.41065990564909,0.782640992438225,1.4313825207264,7.60063888037973,-0.836003567913886,0.14211523470508,1.4313825207264,7.44448604045506,2.10317988949699,0.0556377270533401,-0.322863355830297,-6.60022377140299,-6.81103348210181,1.9924954690335,9.1072884608475,-3.71749671677343,0.558332376099408,-3.50537478314897,0.497563140161704,2.44257514,0.04411759,-0.736,0.03233004,51.1385414736417,-52.721839818446,1206.15463792142,0.657116492707565,0.62784876143809,9.36715112683604,0.205594786125949,-1.33896240683528,-911.064978920396,-911.414851256697,-932.19562185035,-932.49282934398,0.289329637282576,-945.143894167618,0.262600883463264,1871.68520096963,1901.55767604733,NA,2359.5874360244,0.353910849945223,1.28204048978417
"245",-5.76,0.83,-5.86,0.83,1.359326,9.604077,-1.1484446,0.2002995,35,35,-4.90899087374526,0.742810803564713,-5.67588847943962,0.847516636534216,1.37452336651501,8.7740812618498,-1.06495123098764,0.185435989678171,1.37452336651501,7.98951936556822,-5.29243967659244,0.795163720049464,1.37452336651501,8.92111424625475,-1.08502589413928,0.188176817542631,1.37452336651501,8.02027885879107,3.30793975403625,0.0886900993690269,-0.524213243452098,-6.44125755330642,-6.58434490087731,2.05645964064032,8.7454753493794,-3.93363827510722,0.583821250421736,-4.11821072037096,0.609135113611954,7.06850154,0.11899626,-0.902,0.02878372,59.2463124221315,-68.9373817154256,1219.42314840116,0.97314885580131,0.977669368419869,4.97257293247316,0.13998700852391,-0.800162184400573,-909.748641121519,-910.188355589383,-926.940260117986,-927.179370694617,0.232676014600503,-951.609531531414,0.121569942093898,1869.05252537188,1891.0469525826,NA,2369.90891508689,0.513099385875082,0.831007891378132
"246",-5.76,0.83,-5.86,0.83,1.359326,9.604077,-1.1484446,0.2002995,35,35,-5.55499823633688,0.83071948716784,-6.3889489228478,0.880130957508836,1.33452040015038,9.82813615583786,-1.24945657645934,0.211450027505346,1.33452040015038,7.82254215133309,-5.97197357959234,0.855425222338338,1.33452040015038,10.0020045927209,-1.25975825886244,0.212060400855661,1.33452040015038,8.01749588259572,2.63702783454455,0.0724211701719345,-0.418760368464812,-6.56352772710424,-7.10309765952044,2.02483527790254,8.11372224369609,-4.11437640668864,0.617861421037104,-4.26445034221323,0.591689116669148,6.11917885,0.13680024,-0.879,0.02660555,74.3007274065287,-99.0462116842201,1262.56278909138,0.577563301687777,0.561153542525508,6.71749192367521,0.139984401600289,-0.939385608121667,-904.791284773197,-905.823305602173,-918.391719307005,-919.921682912075,1.50261154874231,-945.466870337057,1.8774006124446,1859.13781267523,1873.94987096064,NA,2426.07936649855,0.433039105908154,0.880118697362926
"247",-5.76,0.83,-5.86,0.83,1.359326,9.604077,-1.1484446,0.2002995,35,35,-5.84111236991436,0.885171566946232,-5.96836983785909,0.86956372492708,1.31427397347522,7.70003520220008,-0.947224406816856,0.179127345379572,1.31427397347522,8.5922027992682,-5.90474110388673,0.877367645936656,1.31427397347522,7.704083817987,-0.946727853202996,0.179188246562696,1.31427397347522,8.62490963805827,2.94413886760104,0.0803351265133109,-0.470254563752637,-6.52523045991656,-6.74547541177304,1.8898081513002,9.96118940454062,-3.6369199358725,0.562163299667147,-4.69546677603211,0.696338814646531,4.30079946,0.12021375,-0.837,0.02686204,75.4488784442784,-101.342513759719,1252.48575415107,0.271962435717858,0.233461411119244,7.28581541958767,0.151557726009861,-1.01698563485048,-901.139737181719,-901.284441175544,-920.501098898318,-920.739374126545,0.23186176150227,-935.018961782663,0.278665681326102,1851.83471749228,1878.16863014326,NA,2403.62899454242,0.464859587340296,0.957416832524119
"248",-5.76,0.83,-5.86,0.83,1.359326,9.604077,-1.1484446,0.2002995,35,35,-5.77646630958017,0.835081739236539,-5.45043811645473,0.840185496712829,1.23484564296419,12.6316875041503,-1.51686671189108,0.236601542149007,1.23484564296419,10.080485627752,-5.61345221301745,0.837633617974684,1.23484564296419,12.6582610998285,-1.51645071968405,0.236608054234101,1.23484564296419,10.1705560735798,2.51447612651722,0.0631874510772709,-0.378378870068409,-6.75900663134137,-6.40257157187056,2.01408223042929,9.88532536494226,-4.38015706482375,0.630072440955164,-4.31604781237441,0.656559684709498,8.16544002,0.15358657,-0.901,0.02416918,89.216649063674,-128.878054998511,1251.21374879499,0.732077559170601,0.72160545028714,5.38618748108875,0.124514006597203,-0.783139370220947,-899.129640237287,-899.491369594211,-915.324631260316,-915.891343212928,0.552754682606292,-950.379514361762,0.689587180673541,1847.81452360341,1867.81569486726,NA,2373.54944259148,0.399180490092661,0.786928759320233
"249",-5.76,0.83,-5.86,0.83,1.359326,9.604077,-1.1484446,0.2002995,35,35,-6.00857643435941,0.893442528391337,-6.17615011971765,0.867494432279868,1.28751315149968,7.16857388901324,-0.872235503036559,0.158871162742174,1.28751315149968,7.66067677498524,-6.09236327703853,0.880468480335602,1.28751315149968,7.17559412401937,-0.871148448513201,0.159039488665127,1.28751315149968,7.73237566505139,3.15253263068605,0.0780777504425902,-0.481080900183748,-6.64341827634682,-6.96558400375321,1.80111733563123,9.09892601617605,-4.15922225973866,0.61995867401193,-4.53678511114918,0.637704744954654,3.4004129,0.07682929,-0.79,0.02467213,100.885485339562,-152.215727550288,1235.5429610888,0.635684210281481,0.658402866833614,7.79181480873623,0.173113263027871,-1.1289397642472,-890.198917973454,-890.557275794977,-908.309961328147,-908.88708265303,0.562949599802683,-920.374666693945,0.679029182774692,1829.95307907575,1853.78635500292,NA,2318.87019462731,0.456913148972438,1.04212093564525
"250",-5.76,0.83,-5.86,0.83,1.359326,9.604077,-1.1484446,0.2002995,35,35,-5.51474326602403,0.771756065720567,-6.45210519135905,0.933083421336377,1.4347313631849,6.53561799968847,-0.645896994276496,0.107407329178758,1.4347313631849,7.13459245772324,-5.98342422869154,0.852419743528472,1.4347313631849,6.7552798444554,-0.683702524443807,0.113913958096256,1.4347313631849,7.1752526255736,2.62499415366654,0.0647021534425883,-0.397751821753317,-6.8745615638207,-6.85077685104637,1.83682013211696,9.88705352429939,-4.19634754078389,0.600827825590051,-4.59980266405695,0.668925596588601,3.48011264,0.06012745,-0.766,0.02881728,70.1384337244733,-90.7216243201093,1256.32622516482,0.767630834068125,0.764568634928227,7.04964086336045,0.153669142299222,-1.01108799657918,-905.549525817054,-906.742202680308,-930.448195153225,-930.797213507646,0.339893046663855,-927.813775374154,0.00336640059602553,1860.65429476294,1898.06282265308,NA,2421.93082600954,0.386260634888891,0.935125233900809
"251",-5.76,0.83,-5.86,0.83,1.359326,9.604077,-1.1484446,0.2002995,35,35,-6.47840974207821,0.946851886322629,-6.01381075012531,0.892596287639155,1.42610976329909,8.80637940779731,-1.11918093864133,0.20681590655361,1.42610976329909,8.18964622416883,-6.24611024610176,0.919724086980892,1.42610976329909,8.86034246362821,-1.12548271275536,0.207551824050736,1.42610976329909,8.2064937277552,2.986114410352,0.0720975715631887,-0.448604932931912,-6.79505245024054,-6.65369427553265,2.06022384664619,9.24536800460305,-4.53512883615045,0.656574192843855,-3.95882500616453,0.587446985960985,4.96299605,0.11880921,-0.856,0.02762518,69.3430422417556,-89.1308413546738,1284.76087044071,0.701787502621215,0.71677734730417,8.5593202749806,0.192975004255674,-1.24620825131482,-920.658557224209,-920.825870162746,-937.508123575638,-937.636338036263,0.124665326164567,-953.808367699289,0.112654059596122,1890.87235757726,1912.1826794979,NA,2480.39089952676,0.430169144949342,1.16635382853658
"252",-5.76,0.83,-5.86,0.83,1.359326,9.604077,-1.1484446,0.2002995,35,35,-5.61554416946246,0.762290596122998,-4.48646336430254,0.632139202379559,1.37524247138154,12.0358236557353,-1.39955846193352,0.215271565255873,1.37524247138154,9.02757016221345,-5.0510037668825,0.697214899251279,1.37524247138154,12.3545295218804,-1.43629632204365,0.219506411579213,1.37524247138154,9.13452936960592,2.38683779710581,0.0655399596000725,-0.376024023612385,-7.03175528574364,-6.67808280525531,2.29734799420765,8.74082989847312,-3.85725100127595,0.527548501086622,-2.90133881316396,0.409797949054896,5.66561462,0.11193543,-0.857,0.02649954,72.6800966328526,-95.8049501368678,1243.09615497346,0.419510869463059,0.353289317318215,8.62693559523908,0.168432597910761,-1.17387453977642,-917.02740267424,-917.778512027694,-934.717927670248,-935.460629564249,0.725322883313782,-978.731378301542,0.665160962529184,1883.61004847732,1906.60228768712,NA,2390.38735981004,0.40320948232388,1.07372089528934
"253",-5.76,0.83,-5.86,0.83,1.359326,9.604077,-1.1484446,0.2002995,35,35,-5.89937833074933,0.880101622917629,-5.96491268456866,0.890086004232246,1.26565413532133,9.65065047031296,-1.21596062862215,0.210188150536245,1.26565413532133,8.72835704615789,-5.932145507659,0.885093813574937,1.26565413532133,9.65172415819559,-1.21612420861658,0.210213072503804,1.26565413532133,8.72855739614653,2.72045828107635,0.0685802976261935,-0.413995491447249,-6.61370183532547,-6.61975182892881,1.9276829635597,9.1794920806964,-3.97734239460377,0.605095613391265,-4.23519950845348,0.638824280886847,3.97420496,0.09638269,-0.838,0.02839455,67.3398344300663,-85.1244257312952,1233.83738004424,0.923923112643455,0.945952069167846,8.7907726299794,0.190560595400195,-1.25899386326968,-896.982566354134,-896.985834555018,-912.252360623711,-912.253802219114,0.00140042138288504,-937.291102777978,0.000221970404952481,1843.52037583711,1861.67115359405,NA,2382.55033435718,0.4177727849763,1.15610936510262
"254",-5.76,0.83,-5.86,0.83,1.359326,9.604077,-1.1484446,0.2002995,35,35,-6.06292069404102,0.824005043827526,-6.07386718801594,0.864620736010677,1.20130620228715,10.0807392896897,-1.57389520236446,0.322075940392246,1.20130620228715,10.4216852327083,-6.06839394102848,0.844312889919102,1.20130620228715,10.0807692461223,-1.5740063522219,0.322488349005126,1.20130620228715,10.463614324641,3.61051854963726,0.0886549423423011,-0.554310086683079,-7.11145310073472,-6.88042181079749,2.22872874960182,8.20449150275536,-3.91130041068226,0.530054925344045,-4.47046809378062,0.634958510779421,4.8180973,0.1659037,-0.894,0.0240178,99.6322074179918,-149.709171707146,1285.74304369826,0.685185588344452,0.61264287254347,8.67330675329251,0.193852999633672,-1.24498318760485,-897.007150189219,-897.170648018641,-910.701163946084,-910.957663950551,0.24962850869469,-969.319768373536,0.309621814081637,1843.56954350728,1858.5687602388,NA,2421.77691568937,0.498448477170541,1.22270216678094
"255",-5.76,0.83,-5.86,0.83,1.359326,9.604077,-1.1484446,0.2002995,35,35,-5.3401314052968,0.820804503288846,-5.92723334332354,0.790842306580939,1.31932010117633,11.2031795562491,-1.44306652305639,0.241663655377165,1.31932010117633,8.48900617688844,-5.63368237431017,0.805823404934893,1.31932010117633,11.2893517276578,-1.4386688071177,0.241888088685056,1.31932010117633,8.87926973757873,2.86881464296073,0.0687214748999416,-0.431970770570272,-6.40773180431667,-7.17334075701709,2.14781031364762,8.04277241013295,-4.08874815319415,0.626118397908031,-4.21176546752895,0.579688577105631,6.92076934,0.13607929,-0.901,0.02678806,72.1734690568286,-94.7916949848198,1245.32364337155,0.320559413319351,0.290285053690456,6.51583552382952,0.152659090576615,-0.944748263032769,-907.995501541661,-909.821922342493,-920.682802759997,-923.504132591849,2.79670195510843,-959.638656393034,3.59139723375777,1865.54624621216,1878.53203786662,NA,2395.85559175828,0.40088091590949,0.994244648362696
"256",-5.76,0.83,-5.86,0.83,1.359326,9.604077,-1.1484446,0.2002995,35,35,-5.69569284727876,0.78847612532702,-6.31566739544729,0.857660435252781,1.20447935718064,8.07248419480244,-0.93223550479339,0.167853183869236,1.20447935718064,9.73063781129255,-6.00568012136303,0.823068280289901,1.20447935718064,8.16857630489663,-0.942958632615032,0.169049801054212,1.20447935718064,9.77083601920905,2.69220331943772,0.0677595508673273,-0.413127156618496,-6.95589735658688,-7.16368968902866,1.79817114549037,11.0460636546281,-4.68727442168132,0.65581854949162,-4.41246312797598,0.607610565369624,5.91127832,0.1706424,-0.859,0.02025136,126.602390724354,-203.649538319871,1289.88693733971,0.926134453195908,0.933749900699202,5.90187378077257,0.10354032607977,-0.7638766012528,-885.393965956901,-885.717765787071,-906.978705229536,-907.240443364766,0.254735849480007,-926.144388068942,0.237208266203557,1820.34317504264,1851.1238428057,NA,2376.12433635954,0.398678647447365,0.697808975079186
"257",-5.76,0.83,-5.86,0.83,1.359326,9.604077,-1.1484446,0.2002995,35,35,-6.01968729831646,0.895707415385012,-5.68397240029143,0.769231274897771,1.24533467779057,10.358660206241,-1.38764129898993,0.241056575409508,1.24533467779057,8.41103027026281,-5.85182984930394,0.832469345141391,1.24533467779057,10.38683632943,-1.3982562801415,0.245055628937645,1.24533467779057,8.56222275461044,3.34178326509056,0.0939013349023246,-0.545821016028514,-6.64103552967993,-7.05883274847067,2.0546515055639,7.71614001420072,-4.12368273490504,0.618318379712441,-4.07950802388239,0.55515302304154,5.28870284,0.12726835,-0.891,0.02925579,60.2097474616592,-70.8642517944809,1242.54202566498,0.399184650547913,0.390620409439628,7.85180965093955,0.177667258206306,-1.13661907546948,-894.420643188288,-895.400288229062,-905.965707941741,-907.081351939895,1.09245094749354,-947.487089330684,1.15988700264409,1838.39652950541,1849.09784823011,NA,2414.21979953547,0.525000313543693,1.10514577243174
"258",-5.76,0.83,-5.86,0.83,1.359326,9.604077,-1.1484446,0.2002995,35,35,-5.10700356727825,0.812687446766501,-5.27574538797472,0.868666727459379,1.21543867489874,8.19034296645811,-0.898555321655452,0.150614237276402,1.21543867489874,9.2498266500271,-5.19137447762648,0.84067708711294,1.21543867489874,8.19746141697109,-0.9009168330918,0.151397657243125,1.21543867489874,9.27510090312305,2.67902463640834,0.0670361677843095,-0.410596671571138,-6.22296328860906,-6.05819504068536,1.73927828638473,11.0870984627544,-4.23857887448013,0.677607561177003,-3.85718500036621,0.634708087902161,3.20161342,0.05428306,-0.75,0.0265672,86.1196116164996,-122.683980104162,1196.94326673507,0.812574529642444,0.788496784601167,6.46624000966337,0.15322238222359,-0.955982676901749,-883.592988852359,-883.797011132935,-905.988876725387,-906.161271839218,0.167675929477293,-918.104944770182,0.15367487677915,1816.74122083355,1849.1441857974,NA,2271.20255336598,0.392436792670978,0.944095957776754
"259",-5.76,0.83,-5.86,0.83,1.359326,9.604077,-1.1484446,0.2002995,35,35,-5.0052370928187,0.6690982015689,-6.68741711912546,0.955648114492574,1.18728963265995,6.25732458471516,-0.944295951640108,0.189479264546706,1.18728963265995,6.52175153949967,-5.84632710597208,0.812373158030737,1.18728963265995,6.96475699494153,-1.06480308665515,0.210006977695847,1.18728963265995,6.67591002182631,3.13509976386421,0.0831666390396232,-0.495478908084322,-6.97666438047468,-6.95165417604959,1.91389944823287,5.95172913934986,-3.69347383888996,0.495020363334248,-5.12469529367698,0.739168702092655,5.1825729,0.15606386,-0.91,0.02305505,110.343412904815,-171.131582680793,1201.53172059111,0.111981259729361,0.0904232148380758,5.97027057333492,0.135486989325633,-0.876114716903147,-866.445750678247,-869.293241428896,-878.585720251567,-880.005868193098,1.39366166818487,-922.184521576374,0.00559460571812401,1782.44674448533,1794.33787284976,NA,2231.93185850143,0.477270837473793,0.801517609766961
"260",-5.76,0.83,-5.86,0.83,1.359326,9.604077,-1.1484446,0.2002995,35,35,-5.46743066320464,0.721007347558813,-5.83039137265432,0.85128826031231,1.26671914267533,10.5031104058383,-1.10584691276006,0.169855877170027,1.26671914267533,10.46311000754,-5.64891101792948,0.786147803935561,1.26671914267533,10.5360455249894,-1.11766862589025,0.174099156226998,1.26671914267533,10.6108361221508,3.07987933362558,0.079831238943715,-0.481715246251314,-7.12959669157273,-6.71637743560451,1.91812610836868,11.9055415815902,-4.0909081224867,0.543470153956308,-4.31675076128871,0.633628634769419,6.15309066,0.09920091,-0.864,0.026718,77.2036991115259,-104.852155094214,1276.19001533133,0.341607366013964,0.319149677427007,7.27449608435354,0.157493423488715,-1.0143582199507,-899.549107644602,-900.684630232332,-923.944665419162,-924.840998387608,0.876322026651374,-944.378306675218,0.820832744674586,1848.65345841804,1885.05576318495,NA,2447.52787556845,0.458287557830941,1.05790931518874
"261",-5.76,0.83,-5.86,0.83,1.359326,9.604077,-1.1484446,0.2002995,35,35,-5.69795351979931,0.815331104740264,-5.77311068445353,0.849759149437092,1.23491300639673,11.3207985850084,-1.25853712483986,0.236733168398987,1.23491300639673,15.102829496935,-5.73553210212642,0.832545127088678,1.23491300639673,11.3222107348581,-1.25918400339586,0.237029490964398,1.23491300639673,15.1169290603185,3.42040979099496,0.0843976016897163,-0.520057742747422,-6.79816301102133,-6.66820679431053,2.02037152117097,15.9906083243177,-3.9819524809668,0.566814402467079,-4.35278027103894,0.653959764573333,7.77773714,0.15883957,-0.811,0.02043931,113.548642299337,-177.542041469836,1373.62254100791,0.730219920830999,0.762421392161456,6.28807404924399,0.143242851466662,-0.906159423014244,-914.728245474364,-914.785161535267,-941.504660610718,-941.565925470794,0.0595404869845855,-966.726954055355,0.0585464968659434,1879.01173407757,1920.17575356806,NA,2569.70304054599,0.49796452554938,0.915833427122873
"262",-5.76,0.83,-5.86,0.83,1.359326,9.604077,-1.1484446,0.2002995,35,35,-6.98675903467594,0.874015700492944,-5.16964632379297,0.786107280302534,1.41729587468144,8.37070435314509,-0.931830897131037,0.156919910697909,1.41729587468144,7.99095570143686,-6.07820267923445,0.830061490397739,1.41729587468144,9.19617900415822,-0.971765774061448,0.158851883283002,1.41729587468144,9.03582980293636,2.63222984215996,0.0721721660465022,-0.423773293514759,-7.73734089020534,-6.44396379877139,1.97358119203468,9.78165833233018,-5.16618556771354,0.657640911377555,-3.58398058034451,0.552744462994295,4.7712373,0.12192907,-0.84,0.02455876,94.8472526267365,-140.139262124636,1314.61273888525,0.00590178902789863,0.00392226401809485,8.87217732557982,0.143252659455357,-1.07080353326034,-913.61816786186,-918.387440491245,-934.459153682406,-942.155130061702,7.9025457650304,-945.067695164818,9.35527864386717,1876.79157885256,1906.08473971144,NA,2489.08621564586,0.40845669969549,1.14653310703538
"263",-5.76,0.83,-5.86,0.83,1.359326,9.604077,-1.1484446,0.2002995,35,35,-5.21585431348111,0.787107488312665,-5.92123076888926,0.77801987131489,1.22032280039483,13.6215413496293,-1.76434203260646,0.282164277152109,1.22032280039483,9.55233436883708,-5.56854254118518,0.782563679813777,1.22032280039483,13.7459303355903,-1.76273948483996,0.282184923347784,1.22032280039483,9.96611246684894,2.93631035620338,0.075535431006845,-0.452516263802557,-6.48421280795881,-7.24373093383875,2.19659051264123,7.88537145290108,-3.46128654234994,0.522335333696553,-3.78784179475294,0.492291097198661,6.62183722,0.16389945,-0.913,0.02617364,73.6935001812554,-97.8317572336735,1239.58867158351,0.172979652075605,0.158309995564942,9.40310658904528,0.18421528381898,-1.26913065700457,-897.939355208998,-899.72852605267,-909.007454942238,-911.699846060021,2.66641575990046,-964.526166488635,3.51721207276108,1845.43395354683,1855.1813422311,NA,2381.34558593334,0.453414213175864,1.2196482885058
"264",-5.76,0.83,-5.86,0.83,1.359326,9.604077,-1.1484446,0.2002995,35,35,-6.92851682381021,1.02139833287483,-6.21868948730385,0.874582437912156,1.36684311314393,8.75813891988179,-1.19281152169135,0.225505365221875,1.36684311314393,7.99488123746706,-6.57360315555703,0.947990385393492,1.36684311314393,8.88410263179471,-1.21886500561088,0.230894091975298,1.36684311314393,8.04732782490481,2.60436454832789,0.0723768802773783,-0.416262361476104,-6.80103109378459,-6.96589486794414,2.05904503310242,8.33103852407399,-5.37647234592035,0.781965568454866,-4.82009048529659,0.675377089553432,6.17342011,0.12893971,-0.868,0.02289211,109.188098425071,-168.820953721304,1296.01939286241,0.612830631668916,0.566796984168966,7.12983835178864,0.180999555081444,-1.10773798558666,-911.311762068501,-911.957065267177,-925.609204812637,-926.016169552785,0.396488608533427,-950.396365722687,0.16834553777369,1872.17876726584,1888.3848419719,NA,2423.21783200352,0.431005002619122,1.02863662980814
"265",-5.76,0.83,-5.86,0.83,1.359326,9.604077,-1.1484446,0.2002995,35,35,-5.5885713379848,0.880995312110726,-6.19820956200814,0.909128465477432,1.36919062781643,11.2326867220905,-1.41610651285769,0.23828541222407,1.36919062781643,8.74795779517642,-5.89339044999647,0.895061888794079,1.36919062781643,11.3256014131381,-1.42039427427135,0.238483280803658,1.36919062781643,8.8741084325172,3.15762651753345,0.0885293558540165,-0.512367693507711,-6.29757047360826,-6.73959864988361,2.10849622997619,9.00139497695396,-3.90515165165071,0.610170810294223,-4.24291216599072,0.618431898789649,5.09471071,0.11350361,-0.865,0.02947397,56.2045082299641,-62.8537733310907,1250.18650523497,0.612513816798599,0.618332195937027,9.36015664677877,0.215214755063782,-1.37283257669506,-917.304938791728,-917.890307821015,-931.657774449534,-932.557849515697,0.880004152604963,-958.639118120614,1.10258850586624,1884.16512071229,1900.4819812457,NA,2437.51923713885,0.505751854041557,1.30385700439742
"266",-5.76,0.83,-5.86,0.83,1.359326,9.604077,-1.1484446,0.2002995,35,35,-5.86078666119991,0.916995070468375,-5.59000438032366,0.803615424788107,1.48239176272555,10.809932223206,-1.23986443276879,0.206932588861617,1.48239176272555,9.22448120646175,-5.72539552076178,0.860305247628241,1.48239176272555,10.8282629841152,-1.24753973253435,0.210146324875263,1.48239176272555,9.34042980885311,3.12948398292134,0.0803260542416212,-0.48869843497489,-6.35530855217924,-6.76001286103631,2.16292415815674,10.6286462931262,-4.50193888983309,0.698364973265812,-4.56377039789373,0.663639340703113,8.35040274,0.16283208,-0.869,0.02430522,84.0895028591634,-118.623762589489,1306.67978751333,0.713003304555631,0.691730720025105,5.17168866727278,0.126998909239914,-0.774715648427457,-934.483728931083,-935.266644785966,-954.460754290731,-955.250107394879,0.771139855744455,-970.15935129458,0.774911606603231,1918.522700991,1946.08794092809,NA,2494.73581243718,0.456052679794389,0.787341392359034
"267",-5.76,0.83,-5.86,0.83,1.359326,9.604077,-1.1484446,0.2002995,35,35,-5.74668277686075,0.860047664429923,-6.01098383255915,0.975859948342628,1.33740662573113,10.5986382148443,-1.29694783421083,0.198322226154524,1.33740662573113,7.03445664610808,-5.87883330470995,0.917953806386276,1.33740662573113,10.6161019768551,-1.30460016143608,0.201675347430793,1.33740662573113,7.17529632003896,2.91324440218111,0.0789271302951094,-0.462945811707292,-6.58048257674756,-6.15480401361712,1.95495899980208,7.50516476441671,-4.0031392766841,0.602671530557433,-4.0456537029311,0.660107024961594,4.70802423,0.09801347,-0.884,0.02779754,73.4610559106491,-97.3668686924608,1203.67587080957,0.416378660041642,0.394436933080609,8.37012383662162,0.190606612645615,-1.22754059250199,-899.180793898822,-900.433982288273,-912.371071695919,-913.587502975426,1.19200317446967,-934.44391641731,1.29685116466143,1847.91683092648,1861.90857573847,NA,2309.98487292667,0.460025895530615,1.13697949311071
"268",-5.76,0.83,-5.86,0.83,1.359326,9.604077,-1.1484446,0.2002995,35,35,-6.03448975404982,0.923464500366366,-5.88296376381618,0.823529405563921,1.32423487366643,9.17692816070551,-0.956758130550234,0.151951918744219,1.32423487366643,9.39895032473332,-5.958726758933,0.873496952965143,1.32423487366643,9.18266819213457,-0.960543821599991,0.154448674537512,1.32423487366643,9.54588917844114,2.32935903348102,0.0638571953056338,-0.366054961181181,-6.49046845579009,-6.93432990020362,1.82931813338641,11.8547802736271,-4.16173873789046,0.638494489550842,-4.03252946329177,0.569790084261905,5.438165,0.1019799,-0.832,0.0276658,66.2410184017942,-82.9267936747511,1282.50446961884,0.535704519259042,0.505728268733183,7.38111237617672,0.161131390133594,-1.05158225975457,-903.567473540933,-904.509604127226,-928.003757730707,-928.985946064846,0.960851022469686,-932.626039161036,0.996983356978176,1856.6901902107,1893.17394780804,NA,2482.08214556292,0.395311341310147,1.00961798664922
"269",-5.76,0.83,-5.86,0.83,1.359326,9.604077,-1.1484446,0.2002995,35,35,-6.43593549803526,0.907056374636003,-6.3855941529623,0.820884522286726,1.21274771029651,8.95869696725865,-0.984031471542849,0.167046372693021,1.21274771029651,10.352181825563,-6.41076482549878,0.863970448461364,1.21274771029651,8.95933053001457,-0.985115973281519,0.168902769727347,1.21274771029651,10.5204894010048,3.12937250365346,0.0864079594643108,-0.49895958975972,-6.9896695669494,-7.45271781949931,1.76807244052616,12.2075820183964,-4.75195630043419,0.670912957528408,-5.41151275376502,0.716077668855252,7.15048428,0.13090412,-0.864,0.02061969,127.631722382506,-205.708201636174,1334.48373711012,0.529646091155748,0.499345709697988,6.11789180703471,0.126393569313863,-0.840290368324244,-889.387163713873,-890.206250896989,-912.596290173207,-913.626492794978,1.00816876490374,-925.230602819581,1.09263746947228,1828.32957055658,1862.35901269304,NA,2463.25927258407,0.513628624711138,0.842060694766759
"270",-5.76,0.83,-5.86,0.83,1.359326,9.604077,-1.1484446,0.2002995,35,35,-6.10408007632274,0.890050109315925,-5.48663024956359,0.766271532667671,1.07368705644516,11.0066350130711,-1.40353124015309,0.23238043188037,1.07368705644516,10.1750369985551,-5.79535516294317,0.828160820991798,1.07368705644516,11.1019460852123,-1.42263800533008,0.236210715889637,1.07368705644516,10.2184833973409,3.4580234416684,0.0992209844270336,-0.569461721768736,-6.75913307330581,-6.87912397605782,1.86112734444312,9.09697346992483,-4.79197214729484,0.700731550333183,-4.05649989232235,0.56657156273826,7.32143054,0.14997831,-0.908,0.02230831,109.42448831623,-169.293733503623,1226.34327527095,0.467197353736534,0.432732167966961,5.92145749788152,0.134963839166133,-0.86090484673294,-868.113817309077,-868.621489846026,-881.656803074438,-881.928421978221,0.264370947301001,-928.397820362346,0.0911751103828236,1785.78287774699,1800.4800384955,NA,2283.39281703827,0.558191769288877,0.834809412128903
"271",-5.76,0.83,-5.86,0.83,1.359326,9.604077,-1.1484446,0.2002995,35,35,-6.2094987725683,0.926948549966211,-5.90306195366537,0.805169536211108,1.37967063215219,9.78963730118774,-1.30447557499583,0.224424376401417,1.37967063215219,7.05764942656934,-6.05628036311684,0.866059043088659,1.37967063215219,9.81311318218258,-1.31380496839189,0.228131908449208,1.37967063215219,7.19292893181306,3.06111637322996,0.0839759174057129,-0.491984213701442,-6.64472040835956,-7.0638114406769,2.10883259327685,6.99686130526776,-4.47962462919126,0.680002580039425,-4.07323194829934,0.555471732003634,5.25327202,0.11803508,-0.896,0.02971533,59.7855843390603,-70.0159255492832,1240.86583274653,0.206503095255802,0.196317922107665,7.99923690361935,0.183463326567176,-1.16499574208332,-909.260462755864,-910.274685680794,-920.195388430356,-921.360858841416,1.14164886923967,-950.849558401771,1.23937299271475,1868.07616864056,1877.55720920734,NA,2411.71573994377,0.478892059637478,1.13824519527465
"272",-5.76,0.83,-5.86,0.83,1.359326,9.604077,-1.1484446,0.2002995,35,35,-5.45330310823773,0.772204036944928,-5.82493244108896,0.805792480964081,1.48647000629365,9.17390706721696,-0.967901482376962,0.1587230054753,1.48647000629365,8.65977334044169,-5.63911777466334,0.788998258954504,1.48647000629365,9.20843415747582,-0.971022095137549,0.159005051368207,1.48647000629365,8.67877703564823,3.31642335618416,0.0878185459478188,-0.520038807627305,-6.81045250940108,-6.98197058446158,2.08956152903004,10.6816297705857,-3.73227522751005,0.534454597299385,-3.80097683750626,0.529676921644212,3.33246877,0.08745214,-0.757,0.02879075,63.9613396243476,-78.3674361198578,1288.18571302613,0.95495082569287,0.953642419595878,9.61795370241469,0.179915023868762,-1.28356554789185,-927.574252089019,-927.686037049279,-951.156819699807,-951.294395584947,0.133776562710302,-961.864284933793,0.143419481336031,1904.70374730688,1939.48007174624,NA,2498.0039899324,0.517922751771615,1.16769172913863
"273",-5.76,0.83,-5.86,0.83,1.359326,9.604077,-1.1484446,0.2002995,35,35,-4.98053433432139,0.761147768406369,-5.60989523246289,0.78143051827189,1.2833826436195,9.66173744252359,-0.942638367361106,0.152935036185623,1.2833826436195,11.581095627469,-5.29521478339214,0.771289143339129,1.2833826436195,9.76076122755095,-0.94582965977914,0.15303788367115,1.2833826436195,11.7581154333061,2.62418629388618,0.0687001015672201,-0.404909771831633,-6.40355412240893,-6.91207564541505,1.89186646852137,13.9536293812518,-3.67187891322147,0.567921994920474,-3.92628604921517,0.548581138256722,5.4264255,0.1164101,-0.83,0.0274353,65.0299145894237,-80.50458605001,1283.70263732269,0.530633871860108,0.525113864764664,6.86212774991366,0.12871208290647,-0.885820505820506,-904.433942341785,-904.999581582972,-933.660879300927,-934.638935639685,0.956780486640616,-946.156425968195,1.08774863491979,1858.42312781241,1904.48819094848,NA,2486.90068859538,0.422297283571567,0.95244966918519
"274",-5.76,0.83,-5.86,0.83,1.359326,9.604077,-1.1484446,0.2002995,35,35,-5.19162366333731,0.690905805434399,-5.71205934834185,0.835137723872368,1.14386127893233,12.5050005048733,-1.52274777333699,0.236370552792973,1.14386127893233,10.2533629261041,-5.45184150583958,0.763021764653383,1.14386127893233,12.5727138304298,-1.54151363265494,0.241571264367047,1.14386127893233,10.3816176456926,2.47567924749311,0.0698541656500861,-0.400166370579064,-7.03312689031224,-6.69426612812992,2.02609605200168,9.06774825184252,-3.8006069925948,0.50301362635763,-4.41791808089369,0.648109698729339,8.09645674,0.16531448,-0.907,0.02197834,107.523209641996,-165.491176155154,1235.71681738052,0.281921268259852,0.26048705273883,5.83833863179939,0.122466016884889,-0.81093792619845,-882.488988307405,-883.55073872257,-897.656930375455,-898.45020929393,0.774996859986414,-949.103828319041,0.669880214141658,1814.53321974365,1832.48029309754,NA,2305.94245860588,0.40945415224218,0.798580184737872
"275",-5.76,0.83,-5.86,0.83,1.359326,9.604077,-1.1484446,0.2002995,35,35,-5.0439838986741,0.749727388043403,-6.14924069684566,0.806940876392773,1.71017169165646,4.08006305369079,-0.538105307696775,0.151005605426336,1.71017169165646,6.98233522114887,-5.59661229775988,0.778334132218088,1.71017169165646,4.38546120116691,-0.553914206933087,0.151823951238612,1.71017169165646,7.28554174292636,2.88489020012286,0.075297848856567,-0.453534539563939,-6.5350433577145,-7.2994369974242,2.30565643713247,8.9353018544088,-3.5622417732899,0.546274662500139,-4.44187091626592,0.603822626601243,3.27195339,0.12888893,-0.833,0.03210332,43.9494649658703,-38.3436868029033,1303.21152868825,0.11202459852272,0.0994849651846622,6.44992175849217,0.119534184330954,-0.813693628356419,-944.432075082696,-946.762343107827,-972.15152511022,-974.761197508619,2.58295885973851,-980.307709257553,3.03532661792009,1938.41939329423,1981.46948256707,NA,2568.0793705736,0.428743455986064,0.944111823031126
"276",-5.76,0.83,-5.86,0.83,1.359326,9.604077,-1.1484446,0.2002995,35,35,-5.76797250920752,0.858579889171126,-5.75387555905242,0.754765456154291,1.45505603340136,8.48411606192407,-1.00281552585625,0.179111343590689,1.45505603340136,8.05211522194,-5.76092403412997,0.806672672662709,1.45505603340136,8.48416574292497,-1.00318139257815,0.18180570271634,1.45505603340136,8.28825147455899,3.56756753799459,0.0873624041001876,-0.544837421658833,-6.61051693427032,-7.2149195119881,2.10453466468578,9.31256583750364,-4.31953471866559,0.638584815783313,-4.06945660351372,0.526957161041522,4.19166128,0.06508352,-0.805,0.02565428,93.4983864945531,-137.441529860269,1276.3106031274,0.148257771269093,0.137170794265088,8.34070448845452,0.204582690518628,-1.25370828909276,-922.155805852805,-923.443602135434,-941.375653879745,-943.178284265709,1.77386884550171,-959.250714319645,2.00298067597092,1893.86685483445,1919.91774010612,NA,2415.17967639453,0.499673675054229,1.24980041048808
"277",-5.76,0.83,-5.86,0.83,1.359326,9.604077,-1.1484446,0.2002995,35,35,-5.40451675059616,0.801956062190538,-6.5206544713827,0.963128113611835,1.47459420671453,9.82683304559201,-1.08038754711549,0.170469875986729,1.47459420671453,8.15841351037853,-5.96258561098943,0.882542087901187,1.47459420671453,10.1382738985326,-1.12536009864745,0.176963983526566,1.47459420671453,8.21198843781107,2.67747557262796,0.066331532397397,-0.41131794592878,-6.58441128427218,-6.74032762915225,2.039856150541,10.032380887853,-3.87511393333708,0.575797097441173,-4.28061185724054,0.648687659979562,6.14430624,0.14902697,-0.897,0.02718649,68.789276260511,-88.0233093921846,1258.52529153222,0.818809406788331,0.805356623738532,8.26409845503943,0.156909309081093,-1.09394731462962,-924.730976254421,-925.65170765135,-945.46078417233,-945.869077421779,0.397786697585185,-953.964520844813,0.128546856882576,1899.01719563768,1928.08800069129,NA,2429.02727367225,0.377994306441442,1.07411332628967
"278",-5.76,0.83,-5.86,0.83,1.359326,9.604077,-1.1484446,0.2002995,35,35,-6.15946224658756,0.873240249562511,-5.43609449905927,0.726205384897707,1.47717808492078,7.31313505386258,-0.910202570575243,0.188333686530044,1.47717808492078,8.60280901073472,-5.79777837282342,0.799722817230109,1.47717808492078,7.44395027840362,-0.936792640290419,0.193738499386793,1.47717808492078,8.64913387475283,2.71564896933101,0.0761287967454891,-0.438924332483584,-6.91466403809721,-7.06729196605737,2.17012186491271,9.84939642760834,-4.75331575335479,0.677960394932633,-4.20900761176803,0.567771496213105,4.58326779,0.09771801,-0.779,0.02634342,79.5395215778051,-109.523800026773,1316.42130169241,0.566206628848598,0.515549760776074,6.16965034247883,0.151839222472847,-0.928321351587138,-927.438036797943,-928.131997718681,-949.20650177894,-949.543376530655,0.328038467672362,-968.545626613703,0.117740337735645,1904.43131672472,1935.57943590451,NA,2523.31880335805,0.441375730407454,0.928956675843724
"279",-5.76,0.83,-5.86,0.83,1.359326,9.604077,-1.1484446,0.2002995,35,35,-5.92483264078698,0.893107651399717,-4.97348633528798,0.769763601522721,1.22257773949634,7.59241502952958,-0.812850481042588,0.142956625807355,1.22257773949634,9.57379711846299,-5.44915948803748,0.831435626461219,1.22257773949634,7.81867997777622,-0.842186207581528,0.14676006446737,1.22257773949634,9.63499747113632,2.23989731579012,0.0598944978228357,-0.351998489783137,-6.5616695932344,-6.34517521918582,1.74165419113747,11.6835406734999,-4.39648923971324,0.670945939347585,-3.84221742475127,0.594491826325325,5.67541024,0.11120264,-0.819,0.02178114,109.880908744313,-170.206574359788,1229.13705345057,0.74171787073748,0.778898651379889,5.0342006649264,0.115281544914394,-0.738719204702205,-885.092993959558,-885.87192159323,-909.601984305367,-910.00597110997,0.393578951360793,-920.125221086364,0.252486264034193,1819.74123104795,1856.37040095736,NA,2288.06753254135,0.356137512857326,0.692439684053847
"280",-5.76,0.83,-5.86,0.83,1.359326,9.604077,-1.1484446,0.2002995,35,35,-5.21176662998337,0.795593484924813,-6.60638585628973,0.935580541305522,1.37509457777209,8.79007633123344,-1.11833852500267,0.189244372239848,1.37509457777209,6.77645439762755,-5.90907624313655,0.865587013115168,1.37509457777209,9.27631702782928,-1.16714568506832,0.194143466228382,1.37509457777209,7.0081124271619,2.31668425633865,0.0631282548238387,-0.366455018351483,-6.42956775256564,-6.99018032138014,2.00391718063884,7.30723309926599,-4.010246684139,0.612949692524201,-4.69535329959699,0.67261478289553,6.50373698,0.15790224,-0.892,0.02629064,75.1793020026089,-100.80336087638,1234.79995920218,0.483083293459685,0.46662800251405,6.00060916646905,0.119206278977775,-0.823527921702132,-903.903967639563,-905.677830191042,-916.894931949353,-918.949752543091,2.02569772840715,-939.679756585737,2.24665536156029,1857.36317840796,1870.95629624533,NA,2368.79655752798,0.378018000047374,0.752741209115873
"281",-5.76,0.83,-5.86,0.83,1.359326,9.604077,-1.1484446,0.2002995,35,35,-6.29322346669233,0.894648720445386,-5.12852458552376,0.663046727032043,1.39077892484638,5.4798612970339,-0.662757556406095,0.164977212672876,1.39077892484638,9.70799817896963,-5.71087402610805,0.778847723738715,1.39077892484638,5.81899216798273,-0.730194202057328,0.178387083511135,1.39077892484638,9.8228279466289,2.76379219872027,0.0635894039475733,-0.402205737730267,-6.92087912854781,-7.1360049925314,2.06430175322889,11.3339380706808,-4.71663174885518,0.672912804876857,-3.52162220022953,0.445976253167105,2.93805955,0.0720218,-0.702,0.02598887,88.644593945706,-127.733944762575,1317.09932726916,0.0636365495997962,0.044719510105448,7.56318222837361,0.190284309785216,-1.14379197784873,-913.242363146903,-915.141653936861,-942.065920267348,-942.812585527824,0.72921418834067,-960.786342838692,0.216300374603636,1876.03996942264,1921.29827288132,NA,2506.46470977574,0.397643692689313,1.18267622343113
"282",-5.76,0.83,-5.86,0.83,1.359326,9.604077,-1.1484446,0.2002995,35,35,-4.59005417155011,0.595656810649425,-5.26532700421626,0.75597506255259,1.4149662253065,12.482257272196,-1.6462886886746,0.264546506232217,1.4149662253065,7.24219467759023,-4.92769058788319,0.675815936601007,1.4149662253065,12.5962556218302,-1.67335332869729,0.270971991705538,1.4149662253065,7.33099707808146,3.02685693484311,0.0813855080104046,-0.478483432988686,-6.99902626188933,-6.7191644352405,2.52933060042952,5.80277038524049,-2.8546542688381,0.367290291280478,-3.2248159858259,0.451825485624114,4.83391067,0.11987204,-0.891,0.03110796,44.3740177433662,-39.1927923578949,1197.31673936861,0.641478128111095,0.642250034295533,9.80191486517013,0.208119007192424,-1.39217356655298,-918.799413745076,-919.788607163725,-927.969434101494,-928.719588642191,0.732640209266304,-989.735326444007,0.541680098290846,1887.15407061899,1893.10530054962,NA,2355.44068637933,0.477683590131222,1.26402633161846
"283",-5.76,0.83,-5.86,0.83,1.359326,9.604077,-1.1484446,0.2002995,35,35,-5.73398057511979,0.821366056761804,-5.69257458485482,0.777383912629071,1.28505701837031,8.27637507178964,-1.14206646748343,0.224383617765027,1.28505701837031,8.72220290956778,-5.71327757998731,0.799374984695437,1.28505701837031,8.2768036857971,-1.14252174854138,0.224867225015656,1.28505701837031,8.7586925750953,2.95993700310536,0.0795009193136413,-0.471073974611441,-6.79823538386087,-7.01886362708751,2.07065479296449,8.52005409699516,-3.82028501521486,0.556855423461275,-3.87624271640048,0.528820859795129,3.47426644,0.12265347,-0.843,0.02824817,68.53876851043,-87.5222938920227,1254.60079911637,0.742537593466508,0.746853164765231,8.37881584774992,0.170824363548956,-1.1593072137573,-900.088940369623,-900.26523363812,-915.935494301622,-916.197728609709,0.25521965329783,-952.475796042212,0.293847538422788,1849.73312386808,1869.03742094987,NA,2421.67930434071,0.453732112673055,1.08485241500335
"284",-5.76,0.83,-5.86,0.83,1.359326,9.604077,-1.1484446,0.2002995,35,35,-6.16847056987995,0.845530318857441,-6.33299849514166,0.882878055649739,1.36879048893506,8.46057067215504,-0.859636620446677,0.164698514452782,1.36879048893506,11.4600298617515,-6.25073453251081,0.86420418725359,1.36879048893506,8.46733803170277,-0.861172806858591,0.165047227813659,1.36879048893506,11.4644435543618,2.62917064977825,0.0760253372858769,-0.428275858959758,-7.08876095803681,-7.03078073195688,1.91250218880206,14.5886555200889,-4.32384282433269,0.612494671365409,-4.83897507023032,0.687609616843344,3.82145185,0.11824519,-0.722,0.02205737,114.44754855592,-179.339853983002,1374.5024964316,0.754320000087157,0.711074137228041,8.65202280277654,0.156929463705832,-1.13087624924845,-919.561400297424,-919.615059638832,-948.768931267949,-948.793722843746,0.0240875102895673,-950.269947292802,0.0134182589680446,1888.67804372368,1934.70429488253,NA,2569.66513888019,0.451533640577535,1.06265923954681
"285",-5.76,0.83,-5.86,0.83,1.359326,9.604077,-1.1484446,0.2002995,35,35,-6.1070426251232,0.901547917409196,-5.56957536905539,0.791977592022371,1.34380730095352,16.6323302888682,-1.97324907702792,0.285090588610672,1.34380730095352,10.3228695200023,-5.83830899708929,0.846762754715783,1.34380730095352,16.7045480517045,-1.98797169256096,0.288092002662015,1.34380730095352,10.3513845182024,2.59870906158676,0.0653145201117747,-0.393058442360763,-6.69359465677221,-6.80891904586649,2.26706381304152,9.59476642846693,-4.29991892508574,0.638252747338143,-4.4098154063133,0.618679514281116,11.67120923,0.2124259,-0.93,0.02607213,68.1348367460021,-86.7144303631668,1297.53799198735,0.740821996771977,0.736738206819164,6.67559796164939,0.143641197820974,-0.946380049677712,-921.089080618475,-921.485408407442,-937.556777863449,-937.732841069138,0.1712480987428,-978.421438732802,0.0658922223574142,1891.73340436579,1912.27998807353,NA,2508.36155361154,0.405105085129314,0.897750874221208
"286",-5.76,0.83,-5.86,0.83,1.359326,9.604077,-1.1484446,0.2002995,35,35,-5.24259045243771,0.714780469662505,-5.90228132063097,0.915202005359589,1.46481468990864,11.8695095159083,-1.52431851924771,0.255671293285906,1.46481468990864,8.19764681862583,-5.57243588653434,0.814991237511047,1.46481468990864,11.9783075263026,-1.55737258346987,0.2657134912787,1.46481468990864,8.42916245587238,2.71418035646286,0.0681512482279543,-0.418073005515746,-6.94185460798397,-6.40748582953733,2.353603434857,7.89497488221745,-4.64887257836715,0.631711516806676,-4.21826844230513,0.640467129797539,9.49488449,0.18373082,-0.923,0.02810306,60.0762958333437,-70.59734853785,1270.93124765763,0.274227744431547,0.243464402494358,5.59731704481289,0.148400331232747,-0.862603771456422,-931.305064408467,-933.133605804125,-944.129760242928,-945.869932590606,1.71164034053634,-981.479053591995,1.62312175056992,1912.16537194577,1925.42595283248,NA,2471.2651467774,0.393393658817075,0.934381163950189
"287",-5.76,0.83,-5.86,0.83,1.359326,9.604077,-1.1484446,0.2002995,35,35,-5.13924901179051,0.69236891882468,-6.3841381365759,0.861573147047299,1.57999892264695,8.31198872601847,-1.04035544208059,0.173058970557328,1.57999892264695,5.53327180252521,-5.7616935741832,0.77697103293599,1.57999892264695,8.69942595927071,-1.0930155679761,0.180216488269431,1.57999892264695,5.60459994000117,2.41035249773438,0.0679234669049331,-0.393843782202837,-6.97203538779571,-7.20884950577724,2.26141275206057,6.07003663284443,-3.8084846275837,0.518513113284273,-4.42307056510961,0.595257106910211,4.11566599,0.07540184,-0.861,0.03006035,64.7154093328601,-79.8755755368828,1239.75228947067,0.67022770310498,0.661916624758169,8.53074789099937,0.190186752462666,-1.23991646991001,-926.180874875564,-927.322566955087,-938.73235190487,-939.492447418053,0.742401892186875,-963.652663148407,0.417407876746989,1901.91699287997,1914.63113615637,NA,2399.62900340445,0.381170177077243,1.13650745844354
"288",-5.76,0.83,-5.86,0.83,1.359326,9.604077,-1.1484446,0.2002995,35,35,-5.86055286686913,0.876366562570227,-5.78414245017928,0.843402474928558,1.36126897539233,7.49577385165842,-0.796700492779305,0.137301128710777,1.36126897539233,8.29161912251231,-5.8223476585242,0.859884518749393,1.36126897539233,7.49723348960308,-0.797330192697429,0.137572786479289,1.36126897539233,8.30264630496887,2.74645480201758,0.0749060662710549,-0.430643613732727,-6.59712889447423,-6.71710998184265,1.827099964066,10.7642214761162,-3.93574681585336,0.577618723495793,-4.5692339263686,0.666359427397457,5.80421433,0.0982739,-0.869,0.02408174,97.6380475425552,-145.720851956273,1238.50401641633,0.677756030394269,0.59703132801649,5.62325610476723,0.143704445770519,-0.858542829764073,-903.348390811918,-903.431582857053,-926.880026005306,-926.963051910843,0.0807015867911771,-929.225928657501,0.0796979310664021,1856.25202475267,1890.92648435724,NA,2331.28718087638,0.463610893184276,0.883821955663119
"289",-5.76,0.83,-5.86,0.83,1.359326,9.604077,-1.1484446,0.2002995,35,35,-6.21045042551003,0.949953616094347,-5.84624258412753,0.826064312773061,1.57219851471214,8.97850984882055,-0.929183819340221,0.128849241607131,1.57219851471214,6.25014366659713,-6.02834650481878,0.888008964433704,1.57219851471214,9.01167168675168,-0.940464183273477,0.13268638147649,1.57219851471214,6.34964248138825,2.16425711966565,0.0623593198180154,-0.348850621855128,-6.5086138303265,-6.88250639932037,2.00253990915227,8.45513822782566,-4.47727455314711,0.682288575218404,-4.3715657903157,0.617136676778426,5.65865284,0.08878317,-0.883,0.02991945,60.1093897265732,-70.6635363243091,1251.6377708597,0.416130497435634,0.397041520812309,6.86628015577125,0.155232076666594,-0.998823216541868,-923.108546226331,-924.436242159293,-944.807738279099,-945.761865250175,0.933211770267114,-944.041423233923,0.878600743781635,1895.7723355815,1926.78190890483,NA,2432.6120053951,0.382183833602156,0.945797652651161
"290",-5.76,0.83,-5.86,0.83,1.359326,9.604077,-1.1484446,0.2002995,35,35,-5.3746044461588,0.806991123640358,-5.63858859108385,0.862336918924864,1.31650483251045,11.8948722113656,-1.45629368685251,0.256689837099853,1.31650483251045,11.4464546973227,-5.50659651862132,0.834664021282611,1.31650483251045,11.9122941185586,-1.45994628996335,0.257455626363771,1.31650483251045,11.4544990701085,3.26941159375733,0.0899757405043018,-0.523994239226811,-6.5245013866387,-6.45874960507976,2.1604006674284,11.4474056799474,-3.50518748470572,0.523518328804021,-4.06356042753363,0.625555514830802,6.6190678,0.153745,-0.848,0.0242624,82.3370637346308,-115.118884340424,1291.31585103515,0.689084689263102,0.666115836293397,7.87147086326599,0.182950106575151,-1.16063678551452,-920.473542989353,-920.561028224714,-939.150579421584,-939.195807095981,0.0439496517468824,-972.254765218075,0.01913149302498,1890.50232910754,1915.4675911898,NA,2467.51281772988,0.521587374092363,1.1043338805068
"291",-5.76,0.83,-5.86,0.83,1.359326,9.604077,-1.1484446,0.2002995,35,35,-6.19834721709803,0.94372284528583,-6.3330103226072,0.897507794246559,1.38060286913315,7.418380302917,-1.0204371117556,0.204464384923505,1.38060286913315,7.69687800011995,-6.26567876985262,0.920615319766194,1.38060286913315,7.42291384091335,-1.01888124618205,0.204998342659146,1.38060286913315,7.80685494084509,3.01847305020159,0.0900387075391731,-0.504369425005415,-6.53363194205625,-6.94363236259728,2.00672881601648,8.46717239437133,-4.32544644002914,0.660566221431651,-4.49770316421825,0.643572799063162,4.80187471,0.14429069,-0.876,0.02635898,80.5498344466856,-111.544425764534,1271.48755030896,0.633634616429939,0.604793640407303,7.26285631530951,0.160243962837592,-1.03994130066883,-909.379559460564,-909.925964712047,-925.704834057665,-926.584473524476,0.859898456573311,-944.597896660137,1.05294719778402,1868.31436204996,1888.57610046196,NA,2431.43067485338,0.514010733722334,1.00057060417463
"292",-5.76,0.83,-5.86,0.83,1.359326,9.604077,-1.1484446,0.2002995,35,35,-5.23488639967841,0.740306953661341,-5.39667878084415,0.723325715325961,1.22548432404773,8.17405697186017,-0.858363355897025,0.146788998975438,1.22548432404773,10.0797289783344,-5.31578259026127,0.731816334493651,1.22548432404773,8.18060116551101,-0.857676497150671,0.146861089589289,1.22548432404773,10.1296246298759,3.47673817852137,0.0804443349877502,-0.506231036203689,-6.78207036904309,-7.04503257397916,1.87378481426048,11.4458202304626,-3.71677233653213,0.531788870817888,-3.77756648752319,0.514590636603899,4.64760926,0.10356903,-0.812,0.02561795,81.741685959858,-113.928128790879,1254.54923327273,0.870489230378723,0.867698917533327,5.97435371400247,0.113656414580018,-0.790866855214724,-888.126534071793,-888.317633894419,-913.455439156176,-913.769964427437,0.306226290503985,-937.37863655546,0.352850216337085,1825.80831127242,1864.07731065898,NA,2395.17033775458,0.506353681169659,0.779955949186566
"293",-5.76,0.83,-5.86,0.83,1.359326,9.604077,-1.1484446,0.2002995,35,35,-6.24202648335709,0.873573705481184,-6.20797437811336,0.824413897260554,1.21137238164958,8.61521459373946,-1.11644085090758,0.212040615411607,1.21137238164958,9.75756864749522,-6.22500043073523,0.848993801370869,1.21137238164958,8.61550448020735,-1.1168593496484,0.21264478709768,1.21137238164958,9.81039252707409,3.16314505235959,0.087639990527173,-0.513641150791024,-6.99524163079161,-7.25407094185201,1.90905198437359,10.0429430148189,-4.45086351349305,0.616737752678645,-4.48416245529489,0.588328739475088,5.03093896,0.13333596,-0.851,0.02214988,116.937610849352,-184.319978569866,1307.43014404689,0.790653448972708,0.771802277058131,7.31118423158792,0.156174212545597,-1.03299034545653,-890.82383967715,-891.060468335439,-908.552260532425,-908.89514681028,0.333906659494095,-937.761246683625,0.378156255058176,1831.20292248314,1854.27095341148,NA,2430.54030952392,0.488619360622483,0.978346230635347
"294",-5.76,0.83,-5.86,0.83,1.359326,9.604077,-1.1484446,0.2002995,35,35,-6.19485125129068,0.852978865128198,-5.53293359826102,0.803710719648498,1.29223503163137,10.7247156309647,-1.24277231148921,0.20312180074952,1.29223503163137,9.86466853119393,-5.86389242477585,0.828344792388348,1.29223503163137,10.8342493758128,-1.25092517529548,0.203728638289273,1.29223503163137,9.96073646908803,2.62789549532269,0.0701446919784807,-0.415395732440222,-7.0707651282253,-6.70237433685489,1.98323702142434,10.685858258234,-4.47883889581913,0.612847489223348,-3.60911405229671,0.525000377645874,5.30626244,0.11475523,-0.834,0.02493195,88.2190750835847,-126.882907038332,1283.13087839513,0.419939016415587,0.355762625471264,9.34696435968212,0.187240140719337,-1.28836030428583,-905.762051684393,-906.184314340961,-925.077467592943,-925.693703496266,0.601271889523609,-949.082101216104,0.696833879392994,1861.07934649762,1887.32136753251,NA,2439.37884975194,0.406641363643468,1.17605682466305
"295",-5.76,0.83,-5.86,0.83,1.359326,9.604077,-1.1484446,0.2002995,35,35,-5.94263106754561,0.816919575892586,-5.02371772203012,0.731744780108731,1.41198129915423,11.4668965060792,-1.44137128740731,0.236033276078389,1.41198129915423,8.1048541837309,-5.48317439478786,0.774332178000659,1.41198129915423,11.6779969402208,-1.46093835154415,0.237846962537594,1.41198129915423,8.22118910553073,2.96373681296674,0.073368385460819,-0.446929569330878,-7.03337685869047,-6.62191290578921,2.26767458882712,7.86515950924622,-3.77009935911942,0.515008609975031,-3.08030329765958,0.452280065491814,4.83472252,0.11137951,-0.868,0.03215897,37.2190380969265,-24.8828330650156,1247.84250378239,0.456667417310429,0.424074767516339,10.0758636602266,0.206781174138599,-1.40368421223941,-920.986724959961,-921.674140847341,-934.419924352017,-935.308665449928,0.868852430006373,-972.249343481645,1.00217430081352,1891.52869304876,1906.00628105066,NA,2470.80217449976,0.449301969539548,1.28979573015286
"296",-5.76,0.83,-5.86,0.83,1.359326,9.604077,-1.1484446,0.2002995,35,35,-4.49465433023334,0.645533736660732,-5.71224714256174,0.812787439111262,1.358975591964,9.60692430257479,-1.09741709831739,0.166477672577771,1.358975591964,7.3724789818154,-5.10345073639754,0.729160587885997,1.358975591964,9.97755736673323,-1.14832882480216,0.173471122823624,1.358975591964,7.44971255645506,2.99320148554852,0.0783615987964752,-0.473291872060112,-6.60647260204001,-6.82761113537746,2.09036891018075,7.82005514895841,-3.33093421907487,0.475766146860446,-4.02406914582895,0.570893931392661,5.58353016,0.10120312,-0.885,0.02851957,64.3742746107399,-79.1933060926425,1195.29859371855,0.632117103682903,0.559966607511389,6.47034872158362,0.140409516788148,-0.92320553340366,-901.549877854153,-902.615628023521,-919.17552014677,-919.818288741994,0.627279338282449,-952.124303365217,0.315632396619335,1852.65499883714,1875.51747264017,NA,2311.40388134446,0.438232705079565,0.866467184685982
"297",-5.76,0.83,-5.86,0.83,1.359326,9.604077,-1.1484446,0.2002995,35,35,-6.20971954617936,0.965912106307603,-5.63493407870953,0.833467084230028,1.46216916135281,12.4457062043374,-1.27424071630697,0.170947849396894,1.46216916135281,9.01095773854151,-5.92232681244444,0.899689595268815,1.46216916135281,12.528300787741,-1.2932725847892,0.175333270365176,1.46216916135281,9.06509922799017,2.67450479986741,0.0684913072784749,-0.410995280479166,-6.41280639588078,-6.62709409717555,2.01153381740548,11.3159437805891,-4.64531065618951,0.71437874052276,-4.3013164723493,0.625475093420267,8.40543969,0.12816468,-0.906,0.02865858,59.6003319214609,-69.6454207140844,1296.40564819485,0.513038545870167,0.49543734885667,6.42588912274075,0.148934884940675,-0.940434073729346,-924.109635458328,-925.026894505548,-949.618159673233,-949.995715231632,0.367759147392507,-954.39108800948,0.220569987008618,1897.77451404549,1936.40275169309,NA,2523.16587567561,0.412534439920509,0.921696749804932
"298",-5.76,0.83,-5.86,0.83,1.359326,9.604077,-1.1484446,0.2002995,35,35,-6.51117564295732,0.938512520736262,-5.38610582557859,0.727874250170463,1.52939140105892,9.54292058207456,-1.19697962831963,0.214668006704246,1.52939140105892,7.88416667208628,-5.94864073426795,0.833193385453362,1.52939140105892,9.85936610556871,-1.25622531846923,0.225760126960983,1.52939140105892,7.95828765375401,3.09516670258855,0.0820684276616918,-0.487241635685614,-6.87750213330716,-7.00736062513357,2.28081439348987,8.57057858410964,-4.753091512558,0.689160193656889,-4.06277809604861,0.544862786304368,6.11033937,0.12386409,-0.871,0.02588897,83.4649468760056,-117.374650623174,1294.67464070187,0.34591324006212,0.371193187884676,7.85073524004057,0.185184641670732,-1.16071704492796,-935.965756398301,-937.247929172706,-952.271948345371,-952.853538576024,0.56732690182878,-976.344638913923,0.0919304809359269,1921.48675592544,1941.71032903737,NA,2471.97463078057,0.477889626656089,1.13264721476386
"299",-5.76,0.83,-5.86,0.83,1.359326,9.604077,-1.1484446,0.2002995,35,35,-5.54010801474835,0.746877993716028,-6.61422310281379,0.99471361111312,1.38016323533496,9.30635122420895,-1.10620825982481,0.201077623158246,1.38016323533496,9.5686977459614,-6.07716555878107,0.870795802414574,1.38016323533496,9.59478202981141,-1.17275925382637,0.216433246470896,1.38016323533496,9.77027425209225,3.61144562941372,0.103321000060987,-0.594968422910127,-7.04814342785401,-6.64571803984395,2.07096616460962,10.6940046713623,-3.76356909867415,0.513427107653841,-4.7438470955135,0.708022243291831,5.3669039,0.1346003,-0.841,0.0252835,82.9387708342236,-116.32229853961,1314.14750212852,0.219955923210475,0.191652097807915,8.14273687365332,0.182614695190492,-1.17414919151172,-918.921514725339,-921.04665806304,-939.272078300668,-940.594613909518,1.29696228867318,-959.711286313468,0.795758777741528,1887.39827257952,1915.71058894796,NA,2511.97270571743,0.577242395992487,1.1375311878957
"300",-5.76,0.83,-5.86,0.83,1.359326,9.604077,-1.1484446,0.2002995,35,35,-5.79371791027853,0.804020392791172,-5.00596344693667,0.749333448629682,1.25130789570996,11.5311541528435,-1.51321474162895,0.256251665716104,1.25130789570996,9.08179636914467,-5.3998406786076,0.776676920710427,1.25130789570996,11.6862934264722,-1.52398471271639,0.256999331181534,1.25130789570996,9.23632630076067,2.77418080929751,0.0759564934294512,-0.440920891933279,-6.96131369642241,-6.49936989506439,2.16063400608856,7.98976784393928,-4.07116632597243,0.560723154484423,-3.54494619261583,0.533583593267223,6.66890037,0.16052452,-0.896,0.02707833,65.9277960481735,-82.3003489675096,1230.34700090874,0.456279894809783,0.447792386275723,6.95662313356104,0.144146684789726,-0.96628802260181,-899.901952479273,-900.653566621243,-911.95746694386,-913.022260573075,1.04227807874084,-960.891343613438,1.30736112091859,1849.35914808738,1861.08136623435,NA,2378.39365284997,0.450442378791658,0.923244219148376
"301",-5.76,0.83,-5.86,0.83,1.359326,9.604077,-1.1484446,0.2002995,35,35,-6.0033255266537,0.89100134836228,-6.26806641766156,0.818688448575346,1.44720900937227,5.74466854565902,-0.738954704238027,0.152957529073173,1.44720900937227,6.66848540907842,-6.13569597215763,0.854844898468813,1.44720900937227,5.76219048050193,-0.734168658857788,0.154264817942072,1.44720900937227,6.96903115239736,2.29049653189201,0.0650433844107293,-0.373245568368809,-6.65271128755054,-7.34827372309339,1.96676197084097,8.16690825679447,-4.15983751574892,0.608929664595364,-4.15762389237346,0.535795184933705,2.9926667,0.09189757,-0.842,0.02814307,79.7797567204169,-110.004270311996,1264.46400355804,0.22462749729334,0.207887034031287,8.54353291975905,0.183935368791321,-1.19833789590763,-909.369337679036,-911.000448049329,-928.439255831153,-931.130321635684,2.66507784203292,-938.541071353995,3.19333523719545,1868.29391848691,1894.04494400893,NA,2418.92373680409,0.373967716526663,1.19938035579708
"302",-5.76,0.83,-5.86,0.83,1.359326,9.604077,-1.1484446,0.2002995,35,35,-5.95386514201411,0.837892308774564,-5.57124135985909,0.78641854326737,1.39856550467932,11.8924849587492,-1.41987459358136,0.208912646634304,1.39856550467932,7.3072294865094,-5.7625532509366,0.812155426020967,1.39856550467932,11.9290851984168,-1.4247983652914,0.209575033768177,1.39856550467932,7.31504933457207,3.73120406242388,0.103803103471643,-0.60936420587898,-6.9196608177583,-6.84370441063847,2.1241376303299,7.53218635934089,-4.37264381647556,0.612902595031602,-3.92039295978333,0.544482073390658,8.12616812,0.14402499,-0.925,0.02949722,55.2693273663465,-60.9834116038556,1243.03759761043,0.845936659237209,0.847965374475644,6.87083756649539,0.150530886351396,-0.989391934089038,-911.02319898339,-911.110715936701,-925.66324493315,-925.729107070425,0.0640104705335858,-954.889124019136,0.0378819915721213,1871.60164109562,1888.49292221293,NA,2425.09178361701,0.569887816118392,0.908468991309397
"303",-5.76,0.83,-5.86,0.83,1.359326,9.604077,-1.1484446,0.2002995,35,35,-6.85966364475191,0.936293955857288,-5.11476958521826,0.782653372849298,1.31136158369813,7.61187670623286,-0.930867667466956,0.178492174845964,1.31136158369813,8.83169366164608,-5.98721661498508,0.859473664353293,1.31136158369813,8.37304052598182,-0.99788930261544,0.184393532032723,1.31136158369813,9.3308580495317,2.73399552231312,0.0818898181758105,-0.457739732859252,-7.23920777055306,-6.40966454703607,1.91627369034685,10.115842267137,-4.4406870826888,0.611181521233059,-3.94102446793066,0.599284157857367,3.78918157,0.10924774,-0.816,0.02460242,95.5126765969251,-141.470110065013,1266.79333527892,0.344116306630094,0.350133093727867,9.17361180830174,0.180103940916015,-1.23985479165418,-901.486880343676,-904.601322090918,-921.683829989747,-925.150519021672,3.45242432731978,-938.916593471601,3.84436919686193,1852.52900381619,1880.53409232612,NA,2392.11656049283,0.467480351757488,1.18953763420255
"304",-5.76,0.83,-5.86,0.83,1.359326,9.604077,-1.1484446,0.2002995,35,35,-6.00055622151612,0.861683690819494,-6.52858297419854,0.975335081794675,1.25727679110222,10.9381786703001,-1.27394673360068,0.187543285078774,1.25727679110222,8.04966691429776,-6.26456959785733,0.918509386307085,1.25727679110222,11.0078817331872,-1.28894947732929,0.190772444746422,1.25727679110222,8.08796589305615,3.05355096662395,0.0796417008366809,-0.481759605208403,-6.82460899952811,-6.67553017432959,1.84225240287971,8.85978941329491,-4.29795078053078,0.622703111758467,-4.94180695718718,0.73415688028398,7.22181268,0.13556724,-0.914,0.02466053,91.6957974637518,-133.836351798666,1237.72947957539,0.584007859378212,0.526757024518847,6.79190483703118,0.146736941881949,-0.969998618179948,-888.870054988313,-889.468865217244,-905.563123666254,-905.858744657825,0.287781923935338,-925.068443615689,0.145600247687797,1827.29535310546,1848.29267967914,NA,2341.62260735211,0.446389112561129,0.895731481706926
"305",-5.76,0.83,-5.86,0.83,1.359326,9.604077,-1.1484446,0.2002995,35,35,-5.53613532956165,0.742346723234571,-5.81047717904819,0.881815019670477,1.32926257486437,10.2509266502406,-1.07581827798196,0.178483625656882,1.32926257486437,11.1129532971313,-5.67330625430492,0.812080871452524,1.32926257486437,10.2697425128355,-1.0853837755792,0.183346477084565,1.32926257486437,11.3493865154102,2.93680726637339,0.0722372108549726,-0.444359195150312,-7.07116687963982,-6.51459270914623,1.97719713278363,13.0097448387197,-3.89971495619708,0.529477481267569,-4.15442608827554,0.614763766304757,5.73291139,0.11223047,-0.845,0.02607914,76.9984069528291,-104.441570776821,1306.12622454246,0.511647994067575,0.487626880485934,7.51157341685767,0.161217514003097,-1.03994360681105,-913.996529578841,-915.344378684123,-939.612121002254,-940.965290060487,1.32729471075993,-954.682903244726,1.33080020571745,1877.54830228652,1916.39067435114,NA,2507.81087830811,0.432181324582736,1.09839785321249
"306",-5.76,0.83,-5.86,0.83,1.359326,9.604077,-1.1484446,0.2002995,35,35,-5.95811779423385,0.794579385556171,-6.22161865335391,0.840864443897149,1.41209044587204,8.88770820993765,-1.06806484540112,0.169237436946724,1.41209044587204,6.43957132078673,-6.08986822379388,0.81772191472666,1.41209044587204,8.90506638562691,-1.07111388356043,0.169773013603131,1.41209044587204,6.44303600704346,3.48110180035547,0.086917362997795,-0.53844892638709,-7.18196065843619,-7.1697071171366,2.01361599755999,7.23875742027212,-4.3366115617643,0.578941404773106,-4.18819527078507,0.563544056848817,3.58893557,0.06536504,-0.831,0.02823827,80.1670380801874,-110.778833031537,1259.64535555519,0.970901530267305,0.963031813126299,9.39294249601178,0.193898357074676,-1.32124131219271,-905.784541707278,-905.861871707567,-920.299249382668,-920.331841526909,0.0316683119630114,-940.572981804622,0.00107703999421208,1861.12432654339,1877.76493111196,NA,2408.51187807885,0.488231930916606,1.17214025453389
"307",-5.76,0.83,-5.86,0.83,1.359326,9.604077,-1.1484446,0.2002995,35,35,-5.66487534113194,0.822021543527267,-5.02503159811597,0.603346649309899,1.40930321439112,8.31491903687911,-1.0193925938496,0.17624068890823,1.40930321439112,7.13161764222082,-5.34495346962396,0.712684096418583,1.40930321439112,8.41726904074829,-1.05437203455452,0.188195366248474,1.40930321439112,7.47991343129085,2.8406740489965,0.0692394768055189,-0.426403450412021,-6.72522492934458,-7.38818961961421,2.21157841725068,7.30949651705552,-3.82509772183593,0.569350989592007,-3.06847613617356,0.361670005102118,3.06708668,0.09234656,-0.829,0.0293171,65.7925849288346,-82.0299267288318,1240.04721371675,0.0420461679824058,0.0335269947629105,9.40388480890928,0.191454431022682,-1.2882251245693,-910.134825733019,-913.004787024901,-926.041447546304,-928.977273126209,2.9125955866137,-963.846933705046,2.84610360200188,1869.82489459488,1889.24932743924,NA,2398.06450070467,0.420931455049622,1.26234793231665
"308",-5.76,0.83,-5.86,0.83,1.359326,9.604077,-1.1484446,0.2002995,35,35,-5.74134313121342,0.803869639826476,-6.3148129878124,0.888252780393618,1.44766182904618,9.26023292960759,-1.06133736394728,0.205076679079845,1.44766182904618,10.671424161405,-6.02807805951291,0.846061210110047,1.44766182904618,9.34244984871452,-1.07343516082738,0.206856807682838,1.44766182904618,10.6853797042079,2.86938922655414,0.0854640076823386,-0.480001924896483,-6.90983706451064,-6.9805740054201,2.13084039587893,12.4682933960559,-4.58049538801757,0.634746617007725,-4.39280286891692,0.606037037363063,8.0182411,0.15332993,-0.862,0.02113558,113.05592083758,-176.556598546323,1349.27915628867,0.972470847922113,0.937809734611554,5.87793854487669,0.1468404677541,-0.880814468148804,-933.715914026802,-933.962888652954,-957.917606704527,-958.00125583033,0.0813077219605713,-971.63825249189,0.0207479895293315,1916.98707118244,1953.00164575568,NA,2522.00171403102,0.4845320379044,0.933387962369101
"309",-5.76,0.83,-5.86,0.83,1.359326,9.604077,-1.1484446,0.2002995,35,35,-5.11875162721395,0.780008745050102,-6.35486282983564,0.819088318399191,1.2422497952859,10.4733132078091,-1.31273139500311,0.245002240864828,1.2422497952859,11.692608774882,-5.73680722852479,0.799548531724647,1.2422497952859,10.8553059341208,-1.32480806960574,0.245384044128114,1.2422497952859,12.4043437743166,3.49083230280628,0.0927440428143266,-0.55085824567596,-6.42940259710954,-7.43268781433124,2.08843684832481,11.4191357887104,-4.34417511072715,0.673583224179886,-4.6254011054121,0.612769253168648,7.88308676,0.15364875,-0.864,0.02218952,103.299745528065,-157.044247927292,1325.16419168449,0.15726848408091,0.166656191082789,5.94529588172643,0.133584744650374,-0.822932767550814,-906.821379506382,-909.285715682161,-926.297671160627,-930.116799681877,3.8130837261233,-963.875115822697,4.6183098274469,1863.1980021416,1889.76177466788,NA,2493.28413544169,0.536855737439013,0.965020829459808
"310",-5.76,0.83,-5.86,0.83,1.359326,9.604077,-1.1484446,0.2002995,35,35,-6.02654557051363,0.818500751961273,-4.74433379092306,0.631384912950127,1.45572943818042,8.15294360655216,-0.983288985483315,0.164874149173485,1.45572943818042,6.5096191742466,-5.38543968071834,0.7249428324557,1.45572943818042,8.56396036848236,-1.04326951871533,0.173627233475696,1.45572943818042,6.57991966650829,2.38346998055918,0.0597954040750078,-0.358551723457814,-7.10787112380189,-6.94044709310905,2.19440799928511,6.96428142764641,-4.25727312515802,0.578328237953815,-3.30907974662668,0.445116772765861,5.2797075,0.10731888,-0.876,0.02862369,63.4855966002639,-77.4159500716904,1231.52212452041,0.424448800581722,0.394094034436049,6.65437468245682,0.13847504486685,-0.931760403013771,-912.877444498933,-914.191370700886,-928.412055378678,-929.064304611051,0.636574686794885,-960.452231535421,0.190861605271643,1875.3101321267,1893.99054310398,NA,2385.62829896913,0.377226264539023,0.864204995521282
"311",-5.76,0.83,-5.86,0.83,1.359326,9.604077,-1.1484446,0.2002995,35,35,-6.11187560323508,0.976642002873674,-4.57552901695595,0.703234686311213,1.3731340474894,6.71193571553315,-0.76325493033356,0.140018276034017,1.3731340474894,7.50124855763364,-5.34370231009551,0.839938344592444,1.3731340474894,7.30202592382603,-0.868267029699677,0.158706166221489,1.3731340474894,7.62769060861085,2.83159431893487,0.0804907870738414,-0.461502913491727,-6.25103650576918,-6.34357996200901,1.91932941418419,9.15154388528842,-4.54360813482724,0.725594305764717,-3.33723160603281,0.520998243780666,4.68720319,0.11176476,-0.842,0.02823206,63.9730485389301,-78.3908539490229,1207.53794460081,0.164461132630431,0.137268376434991,6.01818075986701,0.14424077247292,-0.900900349972007,-901.711693468063,-904.599908908689,-922.783253711776,-923.816721605188,1.0113878459335,-936.130870388771,0.0523066343304071,1852.97863006496,1882.73293977018,NA,2336.68503525259,0.46329523259098,0.862265884242779
"312",-5.76,0.83,-5.86,0.83,1.359326,9.604077,-1.1484446,0.2002995,35,35,-4.77381321548198,0.750290767037545,-5.63197390786758,0.793274883003653,1.41590472589603,8.74917637095834,-0.932438144478997,0.158507656971001,1.41590472589603,9.06574996558924,-5.20289356167478,0.771782825020599,1.41590472589603,8.93328631444727,-0.94165996415876,0.158969565527347,1.41590472589603,9.29266214134959,1.72987992674652,0.0501942195075119,-0.275019847879918,-6.26151620826077,-6.86358866071195,2.04129690735042,10.8896165000592,-3.30594545571915,0.519603123474521,-3.85023973824198,0.546683913335783,4.28207865,0.0825103,-0.794,0.02877784,59.6763349922732,-69.7974268557089,1245.98683262591,0.474572010080581,0.445472886630019,7.50250784569505,0.168121591873968,-1.07003359843327,-918.267722641904,-919.243392023252,-942.122914782312,-943.683400936255,1.5329238262874,-956.7565817025,1.77733973619032,1886.09068841264,1921.41226191125,NA,2422.1762383961,0.325535575063316,1.09075538589475
"313",-5.76,0.83,-5.86,0.83,1.359326,9.604077,-1.1484446,0.2002995,35,35,-5.1432710033559,0.680870438956333,-5.92057028968327,0.976009573015896,1.45351000254828,5.30608824029562,-0.54819357504674,0.110272995892577,1.45351000254828,7.14751987752765,-5.53192064651958,0.828440005986115,1.45351000254828,5.45713678542688,-0.605546434614684,0.132049773005935,1.45351000254828,7.86011331825216,3.3091901490738,0.0870319798698826,-0.519380428437516,-7.04456234695723,-6.06349904565626,1.93201601025609,9.4921100178442,-3.42932814343833,0.450734760104797,-4.29777459256546,0.709020974002531,2.7803243,0.0473236,-0.749,0.0317472,54.8662504262307,-60.1772577236241,1234.72730109899,0.000764512186157304,0.000494334305234434,7.68681241491832,0.213057767935009,-1.20686854976136,-908.272063249709,-913.821950411787,-933.745255330133,-939.614474138049,5.94737474687463,-938.899890990614,5.65024741399753,1866.09936962825,1904.65694300689,NA,2409.27734447435,0.505536449108785,1.34571627428133
"314",-5.76,0.83,-5.86,0.83,1.359326,9.604077,-1.1484446,0.2002995,35,35,-6.30543730518341,0.89643210203381,-5.56476547535111,0.783077123474727,1.40149160252711,10.2997344110615,-1.49652367575827,0.281985948714462,1.40149160252711,7.97437182676176,-5.93510139026726,0.839754612754268,1.40149160252711,10.4368831009382,-1.51751338560576,0.285198286505495,1.40149160252711,7.99741242316711,2.39399832077158,0.0642316784437544,-0.376057499160444,-6.92246804102039,-6.85713584059649,2.32268339696769,7.0682668373933,-4.37516962417155,0.620613203343763,-3.89238549361771,0.545589605328391,6.43609747,0.17267856,-0.907,0.02486031,86.3372746833758,-123.119306237914,1260.80171117732,0.817375182420845,0.800565356279034,7.9715563657931,0.180154978105491,-1.15985411860783,-920.732807812429,-921.093758100294,-931.582576561977,-931.762062650791,0.174581640454451,-974.82490823737,0.0271038674231563,1891.0208587537,1900.33158547058,NA,2398.48411611673,0.384677590570098,1.09606647298915
"315",-5.76,0.83,-5.86,0.83,1.359326,9.604077,-1.1484446,0.2002995,35,35,-5.88741269931374,0.820240522295259,-6.24627902357168,0.774854269874101,1.29275450340521,8.02654609572437,-0.819822920163599,0.151110987663696,1.29275450340521,10.8442142649728,-6.06684586144271,0.79754739608468,1.29275450340521,8.05874235539597,-0.815751020769044,0.151625965640905,1.29275450340521,11.1157712771665,2.87326264455515,0.0763331305286806,-0.444587303075082,-6.95837315115216,-7.58763902274331,1.86350631083237,13.2977414659965,-4.87979271067364,0.681287243141904,-4.58297481674634,0.570883168781241,7.40468216,0.1516016,-0.84,0.01947128,136.769409160727,-223.983575192617,1371.57009838269,0.38982070794728,0.352500908815384,5.50496026567982,0.10811741811012,-0.728537235370911,-903.177740967078,-904.115889393974,-931.218574206085,-932.805370225831,1.55906305104403,-940.886094245072,1.7685486469863,1855.91072506299,1899.6035807588,NA,2519.15662157276,0.475314698282167,0.773255861158323
"316",-5.76,0.83,-5.86,0.83,1.359326,9.604077,-1.1484446,0.2002995,35,35,-5.62950638733118,0.732086524607747,-5.55837809378651,0.780021347770873,1.25518536876753,12.6800577652391,-1.67397498030783,0.281730706143556,1.25518536876753,9.61826545396757,-5.59394224055885,0.75605393618931,1.25518536876753,12.6813225737748,-1.67312259976459,0.282305142961476,1.25518536876753,9.71103603036914,3.797286722469,0.0982350069895749,-0.589444569244442,-7.22566554579829,-6.86895397993295,2.26805265403804,7.99081554016563,-4.15692624958405,0.542421076764001,-3.61739123552308,0.510891269243019,6.68254105,0.16044255,-0.899,0.02502596,83.8621108279647,-118.168978527092,1266.39951259209,0.474949447694678,0.436412837363858,8.63822196154154,0.17503221036718,-1.18813861824319,-904.802586658067,-905.23782665283,-916.344578604954,-916.95350443437,0.594108258326665,-972.782798303386,0.74255584848692,1859.16041644497,1869.85558955654,NA,2414.63004665708,0.579003882780162,1.1280903328406
"317",-5.76,0.83,-5.86,0.83,1.359326,9.604077,-1.1484446,0.2002995,35,35,-5.53225215471908,0.86569684826142,-6.88190342985388,0.950984651255408,1.26814618374626,11.541997862308,-1.39197228599813,0.248623417579974,1.26814618374626,12.1775509265499,-6.20707779228648,0.908340749758414,1.26814618374626,11.9973875034263,-1.4207494840142,0.25044191991486,1.26814618374626,12.6789244277435,2.17248457392224,0.0599891236194888,-0.341062435646717,-6.33239557917608,-7.17392419398154,2.03515197155314,12.627308235929,-3.63699366155868,0.576622489220305,-4.74991679614029,0.655047653669045,5.48956668,0.13718734,-0.823,0.02482715,85.1519331786349,-120.748623228432,1341.98566687892,0.122272343049468,0.128652813539265,10.519221334414,0.21663746949189,-1.44696262095638,-913.769636482301,-915.584825952809,-933.977163256092,-936.591074626178,2.58723326293316,-960.792303376231,3.03862994328821,1877.09451609344,1905.12075885881,NA,2563.2227105294,0.3768479075627,1.42879017787127
"318",-5.76,0.83,-5.86,0.83,1.359326,9.604077,-1.1484446,0.2002995,35,35,-6.24765612237917,0.876376995022334,-5.7893757741232,0.843098976473837,1.4276870727956,9.66020617112234,-1.10797572514482,0.179846656455471,1.4276870727956,8.08640719167017,-6.01851594825119,0.859737985748086,1.4276870727956,9.71271139052174,-1.11178839062724,0.1801235130851,1.4276870727956,8.12956761454087,2.81148583888401,0.0743637459849793,-0.444149245854946,-6.98416999613423,-6.72415147104355,2.01972631514826,9.55582146276651,-4.26659371386151,0.608132224492786,-4.43215226104612,0.636303222032055,5.73894034,0.09940511,-0.872,0.02826881,67.5810541164002,-85.606865103963,1274.98831914762,0.963177198577987,0.94493103216154,7.88520040274826,0.175145033383017,-1.13665067304015,-918.221477450074,-918.445645398695,-936.988099268871,-937.319811986611,0.322999915510973,-949.98928754822,0.377373137249364,1885.99819802899,1911.14263088437,NA,2464.36977319127,0.425242812559032,1.07603030841058
"319",-5.76,0.83,-5.86,0.83,1.359326,9.604077,-1.1484446,0.2002995,35,35,-5.62909205495651,0.875122338962173,-4.90685080376602,0.664914483647604,1.35993601081096,12.0813535121196,-1.54534855308608,0.273108751212179,1.35993601081096,10.4370636746354,-5.26797142936126,0.770018411304889,1.35993601081096,12.2117616183498,-1.5833037491942,0.284155586821167,1.35993601081096,10.6900928396584,2.85059980803101,0.0651137661023037,-0.41087468374983,-6.37308084485088,-6.90320360017718,2.35867560429142,9.55327433847543,-3.64694417324246,0.573156842225998,-3.40659933525562,0.473149210022282,5.44893088,0.13501008,-0.859,0.03091243,39.9424937753942,-30.3297444219509,1279.50179661798,0.379349967551294,0.403454704171378,8.71920940712448,0.201025137810465,-1.25865140568523,-925.348696119481,-926.98793625991,-941.182254657716,-942.714025180911,1.50440565087711,-987.989715255082,1.34352085219271,1900.2526353678,1919.53094166206,NA,2528.67384881401,0.417677866732507,1.2998916913077
"320",-5.76,0.83,-5.86,0.83,1.359326,9.604077,-1.1484446,0.2002995,35,35,-6.80811349316035,0.983908861037765,-6.41318573939842,0.941477455053647,1.34084411499504,6.47870795395266,-0.795026920717597,0.173076653476095,1.34084411499504,9.36698124593885,-6.61064961627938,0.962693158045706,1.34084411499504,6.51769993662553,-0.799216255681165,0.173526759529542,1.34084411499504,9.38314844223738,2.56520530533319,0.0696074440217384,-0.404920590065423,-6.90398033519632,-6.76184791832077,1.8591636085726,11.5771600085657,-5.07720715078482,0.741265176438317,-4.72605552381185,0.698741507468145,4.65856907,0.14638492,-0.831,0.02314076,105.378436723081,-161.201630317325,1324.5582379716,0.87346285548756,0.856351016949424,7.06748616765383,0.148856873868933,-0.987443609830403,-906.493286470877,-906.64980750251,-930.842033831861,-930.951113050826,0.106045272217598,-935.826812642264,0.102809452751163,1862.54181607059,1898.85050001035,NA,2487.91484562587,0.417130789825758,0.954414561823015
"321",-5.76,0.83,-5.86,0.83,1.359326,9.604077,-1.1484446,0.2002995,35,35,-5.57013842173357,0.857116349551994,-6.28238832258585,0.895267252018464,1.42474399888016,10.671936305811,-1.48696062056544,0.253382197993881,1.42474399888016,6.36590254949655,-5.92626337215971,0.876191800785229,1.42474399888016,10.7987612861271,-1.49375386469023,0.253746070833633,1.42474399888016,6.51260947498456,3.36177743855288,0.0821635878422729,-0.509582654634287,-6.42140223712727,-6.90635893338623,2.22206693505391,5.77718875106144,-4.15888369686365,0.642605683282489,-4.226484977836,0.596598619190003,5.76907851,0.13085392,-0.907,0.03037972,52.2030868860996,-54.8509306433619,1217.05022108581,0.376849619913837,0.362416578167167,7.82723793778179,0.182730656331575,-1.16149416537151,-914.422516627876,-915.413997046717,-921.788268621576,-923.168758499441,1.35435825632343,-957.871829046911,1.8584298134684,1878.40027638459,1880.74296958978,NA,2379.24951152826,0.482851998204225,1.08294256742106
"322",-5.76,0.83,-5.86,0.83,1.359326,9.604077,-1.1484446,0.2002995,35,35,-6.26785206373541,0.901695348805871,-6.09231487866244,0.820843215473178,1.32627999699573,7.79551126005936,-0.87325072754291,0.155570932033403,1.32627999699573,8.72804672379307,-6.18008347119893,0.861269282139524,1.32627999699573,7.8032145858952,-0.876798866516002,0.157205198899515,1.32627999699573,8.80084026408285,2.29876133899484,0.0597413485226787,-0.352255931016758,-6.85352573727382,-7.15968464050562,1.84914164178745,10.7416730005718,-4.35848782942285,0.626715736478138,-4.61848786804487,0.635808335691633,4.80523059,0.10934847,-0.841,0.02465787,95.3333382989648,-141.111433469092,1288.24640560543,0.796956509891829,0.782595564737437,7.14700313560012,0.143251515839012,-0.971305671854367,-901.598196055813,-902.077254480866,-923.713417252352,-924.235266902362,0.508833980782423,-932.096712801477,0.513736695745493,1852.75163524046,1884.59326685133,NA,2435.38137774176,0.372223485838975,0.953025554137607
"323",-5.76,0.83,-5.86,0.83,1.359326,9.604077,-1.1484446,0.2002995,35,35,-5.43675096233484,0.781563770158797,-5.75854449146688,0.812332976601773,1.35934879835135,8.49836200962427,-1.09635424519851,0.210515641066534,1.35934879835135,8.86141557723358,-5.59764772690086,0.796948373380285,1.35934879835135,8.52424977847208,-1.09882957808098,0.210752327082817,1.35934879835135,8.8753070227607,3.37224173047766,0.0895137650426855,-0.529851234143549,-6.73813749502637,-6.87661605431296,2.10602389694797,9.30760025110643,-3.4899283445496,0.501626845939533,-4.35183273651618,0.616148986453574,4.28186153,0.10635309,-0.836,0.02841784,64.4861348345527,-79.417026540268,1256.32136559338,0.445351993558563,0.40108639311563,7.78858063142673,0.172575142003813,-1.11400283158416,-912.769181567846,-912.868011234056,-930.700373370539,-930.798910637052,0.0957893203512357,-959.407165553745,0.105121408741209,1875.09360626453,1898.56717908771,NA,2433.22570464648,0.526063659163372,1.0892341674559
"324",-5.76,0.83,-5.86,0.83,1.359326,9.604077,-1.1484446,0.2002995,35,35,-6.40278753724686,0.871607916356447,-4.69752447207871,0.700648438488462,1.3770691347479,8.32426890374017,-0.820628741281566,0.142836157077023,1.3770691347479,10.1126199828247,-5.55015600466279,0.786128177422454,1.3770691347479,9.05124943409685,-0.893511462093744,0.150142942845247,1.3770691347479,10.4594462298631,2.57489461627155,0.0724488871394919,-0.417019206993821,-7.16771434759967,-6.48098361241685,1.95751381241249,12.6341853937875,-4.3858958132751,0.600603639308026,-3.04064260754569,0.450153723459362,3.75256033,0.07833595,-0.798,0.02890532,64.2923188585828,-79.0293945883282,1288.11689156827,0.102295615761745,0.079277593805994,9.18975583430884,0.177685422034746,-1.2079283789492,-913.965671648015,-916.212015469009,-942.235148314658,-944.386457630846,2.12228842838668,-951.280615973323,2.10274157300356,1877.48658642487,1921.63672897594,NA,2497.2043885482,0.419513559548934,1.27773266969455
"325",-5.76,0.83,-5.86,0.83,1.359326,9.604077,-1.1484446,0.2002995,35,35,-7.17701787968675,0.993986500939931,-6.19329223929613,0.91797879629593,1.36513819339974,12.1022434660996,-1.30280978578042,0.186600833803321,1.36513819339974,9.42447878939538,-6.68515505949144,0.955982648617931,1.36513819339974,12.3441724999901,-1.32150246776181,0.188045126594634,1.36513819339974,9.61453586914282,2.9600762881404,0.0740601227749944,-0.45321925782229,-7.21284475097462,-6.68195334635343,1.92809568014624,11.3328689356429,-5.73122630740071,0.797983961408106,-4.42406953000632,0.662141677923527,8.65555871,0.14756882,-0.904,0.02475143,88.2906227536029,-127.026002378368,1330.64010362212,0.27494990630061,0.207980763856888,7.76582247610096,0.147792204947264,-1.03339717542282,-913.235289024008,-914.026015484559,-935.628492889357,-936.893224884393,1.23976283936353,-944.059801488575,1.4104758400473,1876.02582117685,1908.42341812534,NA,2534.25420486588,0.435186743434177,0.994266289350744
"326",-5.76,0.83,-5.86,0.83,1.359326,9.604077,-1.1484446,0.2002995,35,35,-5.47865258291716,0.820886708098961,-6.2132784336325,0.860533592469986,1.39512673610883,7.48394135586937,-0.758111345314785,0.141832260334588,1.39512673610883,9.64659885197081,-5.84596550827483,0.840710150284473,1.39512673610883,7.61886014100417,-0.765392751854604,0.142225229194671,1.39512673610883,9.8049092022845,4.02023015784902,0.100730031306048,-0.623793235757835,-6.5457632269505,-7.04418320000013,1.89175535054872,12.6327958974888,-3.63690197327768,0.547291233541426,-4.70383242311729,0.652659410192502,5.04946244,0.10050829,-0.811,0.02669851,75.1331498967969,-100.711056664756,1303.51079100418,0.278616185673026,0.282928277994617,6.68653918395672,0.14528901924659,-0.935242659368497,-914.759225546443,-915.448315759038,-942.428104231195,-943.461311377515,1.01113078185887,-942.905386583354,1.14627265556195,1879.07369422172,1922.02264080902,NA,2506.3105253436,0.562010197790341,0.969842588180687
"327",-5.76,0.83,-5.86,0.83,1.359326,9.604077,-1.1484446,0.2002995,35,35,-5.68744822937001,0.792476200064617,-5.14746121242795,0.738345307566323,1.43129902668201,8.31261146019987,-0.930271409813561,0.16134174595942,1.43129902668201,8.2274210160849,-5.41745472089898,0.76541075381547,1.43129902668201,8.38550795481638,-0.937578904604704,0.162074284340085,1.43129902668201,8.26088769778544,3.18604553257727,0.0871155441643198,-0.512327532038773,-6.92382132849012,-6.70633216161196,2.07462972108917,9.65952468410144,-4.18035097295506,0.582935903686612,-3.51186372616349,0.51177457077025,4.85883278,0.10535535,-0.819,0.02806194,64.126912026854,-78.6985809248707,1260.81307974664,0.60336366048334,0.556014154977228,6.60188790228025,0.134668729075515,-0.913425582057101,-917.406295643881,-917.65111702599,-938.685151343796,-938.938573148246,0.246627346001636,-956.902524357968,0.254532818033107,1884.3678344166,1914.53673503422,NA,2442.9275785684,0.49286458062894,0.85600981457818
"328",-5.76,0.83,-5.86,0.83,1.359326,9.604077,-1.1484446,0.2002995,35,35,-4.89331684555876,0.708007008661144,-6.10973350764463,0.870775841376657,1.41481103191688,10.7645364527142,-1.34799397181036,0.218581855542219,1.41481103191688,7.46157388753226,-5.5015251766017,0.789391425018901,1.41481103191688,11.1344538266643,-1.39749265185621,0.225205278768112,1.41481103191688,7.54082490715443,2.82246971690998,0.0701693342229014,-0.433598910093872,-6.63293552898389,-6.87961760541115,2.21357618824145,7.42167917469178,-3.22831031371468,0.461260330517916,-4.31084420858559,0.619514372281749,4.48593002,0.08381442,-0.855,0.03168595,46.6574877251824,-43.7597323215274,1227.01428693024,0.274557196071105,0.206950426444599,9.49305068936464,0.211810152193351,-1.38049321027607,-916.678014088659,-917.605066537377,-929.78135900043,-930.433927101844,0.63688734577473,-964.537505644597,0.388444507432313,1882.91127130615,1896.72915034749,NA,2410.26884153896,0.402340703033563,1.26470954537128
"329",-5.76,0.83,-5.86,0.83,1.359326,9.604077,-1.1484446,0.2002995,35,35,-6.1105371396364,0.903934316146826,-5.23793230664578,0.760505022951322,1.33885134509281,5.8902729610222,-0.517714680142565,0.0964214663740684,1.33885134509281,8.85894194133203,-5.67423472314109,0.832219669549074,1.33885134509281,6.08063275966184,-0.549003953751272,0.101564456910709,1.33885134509281,8.89330389638038,3.24213066136235,0.0797924526373702,-0.495958504977028,-6.68287162513456,-6.66478140583137,1.72322253845094,12.547968562841,-4.71652423274051,0.697356501437316,-3.6353793021315,0.538756027071931,4.14426184,0.0827036,-0.766,0.02719484,73.7401665398895,-97.9250899509417,1264.10512072476,0.267822343581083,0.223580810477773,5.64307977041805,0.119458760608439,-0.790741382117029,-895.48093308738,-896.524735479828,-926.960351191012,-927.20390215728,0.237004432848157,-919.826208932702,0.00166808846201085,1840.5171093036,1891.08713472865,NA,2430.28515149859,0.457313903239863,0.762859063164024
"330",-5.76,0.83,-5.86,0.83,1.359326,9.604077,-1.1484446,0.2002995,35,35,-5.31486440891758,0.804877553833335,-5.338304766847,0.72385085575538,1.47308299825719,11.2103991626897,-1.40183750561685,0.223279682268184,1.47308299825719,7.12594947619611,-5.32658458788229,0.764364204794358,1.47308299825719,11.2105365252847,-1.40136268191566,0.224921013718538,1.47308299825719,7.28804392978194,3.03518839947917,0.0709923977144596,-0.448414569854573,-6.47735345137967,-6.98352990919402,2.30409964775439,7.02811313934101,-3.75814799609222,0.567488368903129,-3.53835052431842,0.47950165408974,5.96080653,0.1232418,-0.908,0.03189801,40.1284742436492,-30.701705358461,1219.30135586084,0.318857640807037,0.288918837483437,7.81194327820424,0.173601943358588,-1.11896088802871,-924.262774749661,-925.352216628602,-936.836845033558,-938.219443447539,1.35644737591898,-972.68216259671,1.64829941383246,1898.08079262816,1910.84012241374,NA,2407.90100636322,0.429594648552606,1.09444758083952
"331",-5.76,0.83,-5.86,0.83,1.359326,9.604077,-1.1484446,0.2002995,35,35,-5.47984343950716,0.770435447415067,-5.54261355002527,0.742369584234125,1.13163236181451,8.79288548183501,-1.11054716408322,0.204144888757756,1.13163236181451,10.2830230942173,-5.51122849476622,0.756402515824596,1.13163236181451,8.79387050352863,-1.1101067397498,0.204341811926778,1.13163236181451,10.3254659629538,2.1807976314175,0.0492663702121011,-0.309174879270919,-6.84752963943185,-7.07750890018385,1.91297475061001,9.86020463780538,-4.09295701674845,0.581350831965284,-4.0704104601712,0.549411110231061,5.35657688,0.14272826,-0.86,0.02339769,98.0329165033825,-146.510589877928,1247.11067581203,0.841008100168677,0.82008829706273,5.58545330598853,0.110498085652573,-0.754088423534535,-877.224174197812,-877.392791468574,-895.207810105851,-895.470632118788,0.255792711756482,-937.680137209821,0.302954258916759,1804.00359152446,1827.58205255833,NA,2347.71076174614,0.330425281103752,0.7406789781121
"332",-5.76,0.83,-5.86,0.83,1.359326,9.604077,-1.1484446,0.2002995,35,35,-6.32085177232314,0.93026160216604,-6.4412167377521,0.904622399559932,1.34778750472523,10.6283894806791,-1.23902205806957,0.1968440889458,1.34778750472523,8.70392010048976,-6.38103425503762,0.917442000862986,1.34778750472523,10.6320114119047,-1.23825054263574,0.19700843112337,1.34778750472523,8.75343056010256,3.75352754538257,0.0930702823186749,-0.575089601785696,-6.73633510042571,-7.00945180033019,1.95176048677601,9.91840992587384,-4.2864338169242,0.633592792205757,-4.03990025326936,0.570469077613003,3.88927301,0.09329552,-0.837,0.02935902,62.9939782807919,-76.4327134327464,1279.01541527401,0.75020642665939,0.765852934552297,11.9712964040377,0.237984585425188,-1.64850745794707,-909.643186835315,-909.888904466631,-927.480745767968,-927.836985393121,0.346943422741164,-942.784929327722,0.416540809428288,1868.84161679947,1892.12792388256,NA,2481.59811711527,0.537011524607576,1.48326257115187
"333",-5.76,0.83,-5.86,0.83,1.359326,9.604077,-1.1484446,0.2002995,35,35,-5.89999328462858,0.873725649688568,-5.15014127266055,0.731689998903505,1.33167947580499,9.34553226607151,-1.01645759410795,0.165435925130451,1.33167947580499,9.26785991727298,-5.52506727864457,0.802707824296036,1.33167947580499,9.48610177603464,-1.04308402373604,0.170479456653935,1.33167947580499,9.30762893246946,1.65947649781439,0.0423989818345499,-0.253082854094154,-6.65230318779408,-6.74866282866466,1.9521853765126,10.8195712313686,-3.94067184594776,0.596856183028528,-3.50994843881237,0.496539872579606,3.74282031,0.08321822,-0.791,0.02832955,66.5022728197338,-83.4493025106302,1240.88676017697,0.523638492764493,0.504635423252442,9.32248638600356,0.190486995909757,-1.29177144022416,-906.050816836356,-906.811859486802,-928.489207487315,-928.759804657642,0.263374554692905,-945.613982531608,0.0478866580606773,1861.65687680155,1894.14484732126,NA,2398.32421784332,0.261740755373163,1.20655638152805
"334",-5.76,0.83,-5.86,0.83,1.359326,9.604077,-1.1484446,0.2002995,35,35,-7.06438318553082,1.0469442781167,-6.07014610327055,0.876421776850681,1.37713276033421,8.15496107354403,-0.969169270785119,0.174470901421627,1.37713276033421,8.24153355950249,-6.56726464440068,0.961683027483693,1.37713276033421,8.40208791747938,-1.01155421931473,0.181740382281133,1.37713276033421,8.28875819913677,2.55891931453056,0.0631095947547726,-0.387326496458001,-6.78470132427356,-6.8063931784805,1.92001725818147,9.92414479794517,-5.35947592702657,0.801120572862427,-4.63765933081562,0.675588074701039,6.30743098,0.1603747,-0.889,0.02418647,95.0000261243163,-140.444809119795,1291.67907537795,0.593474353211747,0.550693215912007,6.77751996703027,0.137932325950265,-0.926243632614178,-910.046268731108,-911.043823114925,-929.34031899608,-929.697111212228,0.347482966377297,-938.785895105349,0.00266960947254444,1869.64778059105,1895.84707033879,NA,2442.91334163611,0.378680859901505,0.91732470026578
"335",-5.76,0.83,-5.86,0.83,1.359326,9.604077,-1.1484446,0.2002995,35,35,-6.02044726167861,0.844820510892161,-6.9459565995,1.01762283073541,1.40083449101923,10.0689644847683,-1.23877479124109,0.199540814658426,1.40083449101923,7.24022017456093,-6.4832019305893,0.931221670813784,1.40083449101923,10.283106368367,-1.27875733139412,0.207005975094228,1.40083449101923,7.29434990208563,2.68842414921537,0.071982353973588,-0.427134184485371,-6.94496650201573,-6.84096433423507,2.0282528797551,7.94259947406593,-5.04687033771265,0.701146787885479,-5.63897845000817,0.828008458752821,10.2381276,0.18680061,-0.934,0.02500263,88.1959873894427,-126.836731650048,1285.83675495125,0.406158032230556,0.401222615415835,5.27790849949716,0.129756868981535,-0.797474824293392,-911.543558469993,-912.530041840513,-925.493466129154,-925.951790046317,0.44668969926839,-945.216621492466,0.0709652706872755,1872.64236006882,1888.15336460494,NA,2444.83677825246,0.411289407456139,0.779880883483984
"336",-5.76,0.83,-5.86,0.83,1.359326,9.604077,-1.1484446,0.2002995,35,35,-5.20620797061519,0.812205320181034,-6.75618459739902,0.970554941108145,1.28483642473208,5.61915211120551,-0.601900390816801,0.124648105524497,1.28483642473208,8.68479808465703,-5.98119628400711,0.89138013064459,1.28483642473208,6.21975899709955,-0.663259943641076,0.130916756136437,1.28483642473208,8.97873647418455,3.14237612306741,0.0885331884466323,-0.510728168134789,-6.32504007738241,-6.9316106387843,1.70773027429533,11.522925603949,-3.8038095932927,0.601441464704091,-4.92983596935495,0.720901900606859,2.9945078,0.09892134,-0.802,0.02762565,76.1656451848374,-102.776047240838,1253.85180116349,0.116115177216174,0.101909430345928,7.4920343588683,0.139209096045821,-0.981926756985862,-889.020871325761,-891.573782281775,-915.62359916483,-917.71653113377,2.06383347522102,-914.85998186561,2.04731440026523,1827.59698578036,1868.41363067629,NA,2404.92755508614,0.506988645187297,0.962765530938272
"337",-5.76,0.83,-5.86,0.83,1.359326,9.604077,-1.1484446,0.2002995,35,35,-5.28821936359727,0.794785799890859,-6.88436411553838,0.948328481402291,1.33689450521563,7.66096950221624,-1.03740899655772,0.199474817373861,1.33689450521563,7.55734960525102,-6.08629173956782,0.871557140646575,1.33689450521563,8.29788901950353,-1.09867808288108,0.205368656135291,1.33689450521563,7.90040918306288,3.02196380568608,0.0853669422540459,-0.493675994281599,-6.51083246460734,-7.19220965231432,1.99432953673258,8.02415786136027,-3.77646607587413,0.565248106223191,-4.92136064485618,0.679824653820966,4.93700448,0.10755338,-0.867,0.02596209,85.389989518386,-121.224735907935,1253.00515502221,0.173933873558902,0.149617869569283,7.52278378058838,0.172387958448325,-1.09384282508594,-901.604082891049,-904.310189416829,-916.690818207794,-919.442289633386,2.72608370200181,-941.402003754676,3.06985975211467,1852.76340891094,1870.54806876222,NA,2384.78557413649,0.481589690273667,1.07479653613717
"338",-5.76,0.83,-5.86,0.83,1.359326,9.604077,-1.1484446,0.2002995,35,35,-5.1972053637132,0.714570124062765,-5.39887870883137,0.762068000014238,1.34436635808653,9.62712756494136,-1.11423996083799,0.211367887467844,1.34436635808653,11.4284150291987,-5.29804203627228,0.738319062038502,1.34436635808653,9.63729559947417,-1.11663472472028,0.211931899522819,1.34436635808653,11.4364472762719,2.31990129479906,0.0610502364091095,-0.357544615272139,-6.89772270391162,-6.81641599512739,2.17527506134013,12.0164512887023,-3.82654734812892,0.537854628141477,-3.89434923055508,0.535789062227733,6.40852848,0.14851139,-0.843,0.02511475,80.835457815932,-112.115672503027,1321.41865741871,0.973963222154209,0.957882713054739,5.72767787564888,0.125302147640417,-0.798617307496782,-920.483603334602,-920.559541184484,-944.179942506987,-944.225167556519,0.0439471002290431,-975.500377485333,0.0277838833086104,1890.52244979804,1925.5263173606,NA,2530.72164233439,0.379924736481425,0.853762147210378
"339",-5.76,0.83,-5.86,0.83,1.359326,9.604077,-1.1484446,0.2002995,35,35,-5.59087265275218,0.795063659969448,-5.71752729019747,0.821179482892499,1.48373724284245,6.49394760302326,-0.81486376321768,0.194887313355113,1.48373724284245,9.90012070306419,-5.65419997147482,0.808121571430974,1.48373724284245,6.49795795231986,-0.815690685738655,0.19505782240685,1.48373724284245,9.90163608225895,1.92728245165444,0.053461753772824,-0.304595373733486,-6.81183033531582,-6.78289365777219,2.17083078098987,11.6205815273969,-4.11104176538018,0.593334614446185,-3.69596030277602,0.528927462651469,3.57615212,0.11582298,-0.792,0.02785037,68.0711134123566,-86.5869836958758,1311.9456205019,0.814419100072233,0.780255839268058,7.64767315501076,0.167933356927366,-1.07314716741549,-932.083142615766,-932.104608350994,-959.16224857205,-959.171979580872,0.00945363707897851,-973.918329979408,0.00363696358954934,1913.72152836037,1955.49092949073,NA,2537.30425730792,0.330478921319894,1.12401976525286
"340",-5.76,0.83,-5.86,0.83,1.359326,9.604077,-1.1484446,0.2002995,35,35,-5.39002525193775,0.792793125184225,-6.25856469647072,0.804182133752779,1.2423897857239,10.0489684050385,-1.214722062979,0.215969853277358,1.2423897857239,10.6750019330094,-5.82429497420424,0.798487629468502,1.2423897857239,10.2375585967159,-1.21719501377297,0.216002280656401,1.2423897857239,11.126752290246,2.58787958761588,0.069756740374628,-0.410200367694308,-6.62451019320589,-7.42519687181903,2.00277630194093,10.9472350585431,-3.68762242093355,0.547877024790948,-4.69629749176069,0.612981561242978,5.27407675,0.10965082,-0.832,0.02452144,93.2632360459017,-136.971228962966,1307.71345508376,0.147996585616431,0.153016490565924,8.32660609838691,0.171393966013317,-1.13517153747753,-901.102302346567,-902.729524000852,-920.475388104734,-923.132866427652,2.63117937524583,-952.258297311798,3.18839643668596,1851.75984782197,1878.1172085561,NA,2478.45568120455,0.406958996467613,1.16827282035354
"341",-5.76,0.83,-5.86,0.83,1.359326,9.604077,-1.1484446,0.2002995,35,35,-5.60599818284709,0.880033062119495,-6.89126381497775,0.99288943685549,1.39730351082678,6.02091787966666,-0.820619816656525,0.155717659951232,1.39730351082678,5.42417512978482,-6.24863099891242,0.936461249487493,1.39730351082678,6.43389481595071,-0.856882421610284,0.15890180028087,1.39730351082678,5.67966199412099,2.98373696749449,0.082856260045279,-0.482168261540324,-6.32073015491706,-6.93362671019364,1.88012503660806,6.33313017221454,-4.01335109398461,0.632207880341795,-5.12097528198098,0.7357461275282,3.38011348,0.07826034,-0.845,0.0278553,82.6386444302044,-115.722045731571,1209.3738807441,0.0985072548725864,0.0851173522045253,7.59034778553197,0.17753851066182,-1.125885819685,-894.717210416137,-897.119998081361,-907.448015276841,-910.177955672951,2.70433268456694,-919.69184683716,3.24224026725968,1838.98966396111,1852.06246290031,NA,2303.02571575662,0.472763784834369,1.05726933161941
"342",-5.76,0.83,-5.86,0.83,1.359326,9.604077,-1.1484446,0.2002995,35,35,-6.22440571244988,0.94710921655282,-6.19226626831163,0.945596299752441,1.42946488879507,10.9537539467362,-1.29344370423553,0.229128890988114,1.42946488879507,10.4220711599131,-6.20833599038075,0.946352758152631,1.42946488879507,10.9540121827035,-1.29345586031177,0.229129463217425,1.42946488879507,10.4224020825743,3.49799031991183,0.0877869301989933,-0.538997406340313,-6.53951531369004,-6.51638943635125,2.1169505656497,11.8258543754725,-4.4983473287311,0.684002314958542,-4.45453338897248,0.685491210997765,6.00235312,0.13422534,-0.828,0.02700895,68.1545352867078,-86.7538274445781,1340.16943548529,0.98881164071098,0.985372133792564,7.80821441239996,0.182045909404512,-1.15016498465276,-932.894372002749,-932.89568527552,-953.306751588233,-953.308779613658,0.00197011038057724,-968.325363491422,0.00234393938063992,1915.34398713434,1943.77993552309,NA,2593.585043526,0.505551589207127,1.10879568541481
"343",-5.76,0.83,-5.86,0.83,1.359326,9.604077,-1.1484446,0.2002995,35,35,-5.20802395185514,0.814956707815315,-6.25180386231322,0.895069399199287,1.31944636142127,12.015997239556,-1.57816907964701,0.256171810800721,1.31944636142127,7.83781461687982,-5.72991390708418,0.855013053507301,1.31944636142127,12.2883663649249,-1.59907408410684,0.257776321630917,1.31944636142127,8.06143853846704,3.48562505677354,0.0835674215337838,-0.517024497826638,-6.31046400307337,-6.87695322901192,2.14558052253569,7.13209343543416,-3.83379231991388,0.589398790645388,-4.17079051888684,0.595403475371517,6.1781072,0.1264064,-0.893,0.026539,74.1295910827795,-98.7039390367216,1215.93218032457,0.576895816979106,0.560920568273312,8.32919939849994,0.190315759396716,-1.22585430151327,-905.718723930906,-906.947394946102,-915.72965066168,-917.478828562734,1.7206093731461,-955.669012896327,2.18868414725909,1860.99269099065,1868.62573366999,NA,2333.16042161241,0.51790030583928,1.12521082843674
"344",-5.76,0.83,-5.86,0.83,1.359326,9.604077,-1.1484446,0.2002995,35,35,-5.0555882178125,0.76180378889284,-6.06020331404683,0.815745544067804,1.35718493006601,7.49171532098239,-1.01996079083878,0.20321721600415,1.35718493006601,7.91111394206742,-5.55789576592967,0.788774666480322,1.35718493006601,7.74402819387787,-1.03350846623032,0.203944644241989,1.35718493006601,8.21684693961132,2.18841620606883,0.061631859634872,-0.352915546450244,-6.47469960559995,-7.15794368299975,2.0937214108709,8.17878990751551,-3.83330783248475,0.577955342656538,-4.40307426887069,0.598093582739409,4.19656643,0.10543208,-0.839,0.03003268,56.3671096698043,-63.1789762107713,1246.54471640805,0.302360367995788,0.286183469635081,7.46401051131993,0.165631802548647,-1.06376841126669,-906.602736995429,-908.382481160672,-923.216928428132,-925.578290461644,2.33302412786361,-953.912269673151,2.89064253700454,1862.76071711969,1883.60028920289,NA,2429.91045660533,0.363194345961892,1.0622606274838
"345",-5.76,0.83,-5.86,0.83,1.359326,9.604077,-1.1484446,0.2002995,35,35,-6.69684767618412,0.91433231077446,-5.62270165323576,0.756222552706243,1.40961766199345,10.1499283163362,-1.4366840886885,0.27064455602383,1.40961766199345,8.25576897026848,-6.15977466470994,0.835277431740352,1.40961766199345,10.4383757359902,-1.47914233064308,0.276894229922928,1.40961766199345,8.3060253299599,3.14685630026668,0.0764342393128894,-0.466925928696373,-7.20723360037797,-7.07506460196751,2.31051412326901,7.60099563895752,-4.88604142080401,0.659624292798131,-3.27167661532918,0.424069443348541,4.81801881,0.14331575,-0.877,0.02644959,82.7491103740548,-115.942977619272,1311.96840808996,0.0820369537392458,0.0516857287488322,11.1226212052705,0.239114329688091,-1.59145379826481,-922.862558333893,-923.621756116324,-935.160207289615,-935.539260490809,0.36922188421015,-975.77577583799,0.104604123352039,1895.28035979662,1907.48684692586,NA,2507.99383856065,0.482693378622957,1.43680973788249
"346",-5.76,0.83,-5.86,0.83,1.359326,9.604077,-1.1484446,0.2002995,35,35,-6.44474476798039,0.906547655366375,-5.59986104464915,0.875794658898963,1.27097164275612,11.703398888312,-1.32786893428735,0.187531634704253,1.27097164275612,8.29963254757058,-6.02230290631477,0.891171157132669,1.27097164275612,11.8818560147995,-1.3343646108271,0.187768071402185,1.27097164275612,8.60269022320509,2.96260598746677,0.0760011224700558,-0.457634404344738,-7.00150965466179,-6.33984432633624,1.86246222617721,9.21980414364345,-4.87498108681764,0.688668097647275,-4.39839668810185,0.68163301946819,8.0661307,0.1441564,-0.914,0.0239609,95.2618557371135,-140.96846834539,1240.16531471051,0.34236427297377,0.335761185158622,5.65394531155063,0.113357711705513,-0.768428219082979,-891.534063383213,-892.929813387605,-910.124635297788,-912.369423468267,2.21599314142048,-928.99669149566,2.73711894779773,1832.62336989526,1857.4157029422,NA,2339.36216107564,0.450080261646771,0.754314087461962
"347",-5.76,0.83,-5.86,0.83,1.359326,9.604077,-1.1484446,0.2002995,35,35,-5.81989416970334,0.859748214400882,-5.55621800796906,0.863447033561698,1.6016500311996,8.21598398072398,-0.945164206324392,0.168690465927476,1.6016500311996,7.36420579479569,-5.6880560888362,0.86159762398129,1.6016500311996,8.23336526029072,-0.944920383714575,0.168693886243272,1.6016500311996,7.40882117084196,3.1139102118672,0.0908922170232808,-0.515590446303526,-6.65547801537456,-6.36976524622287,2.15828537296193,9.2823402938674,-4.19839369559453,0.639470540326179,-3.65546044575971,0.572540732437294,4.0888499,0.12549913,-0.818,0.02973654,51.0489220617495,-52.5426009946617,1265.95229246389,0.695885087063832,0.606172411627462,8.08904199261742,0.162685164255049,-1.11754068780035,-939.467047638838,-939.691724263824,-959.360598298167,-959.732991867349,0.362717709915035,-965.326811315024,0.43772910282092,1928.48933840651,1955.88762894296,NA,2479.36198393313,0.516556746301988,1.0182515844192
"348",-5.76,0.83,-5.86,0.83,1.359326,9.604077,-1.1484446,0.2002995,35,35,-5.01676648060912,0.699750400857864,-6.28148489571806,0.897959588958876,1.53345142239817,10.6545307832097,-1.19927962183499,0.1676357805238,1.53345142239817,6.25498540136972,-5.64912568816359,0.79885499490837,1.53345142239817,11.0544089505887,-1.26194932439378,0.177457501085716,1.53345142239817,6.31593399891701,2.87580361986003,0.0768248932604871,-0.450428202120708,-6.80557589676534,-6.889415259723,2.17918354348292,7.13903410394944,-3.43503818326051,0.477527113713652,-4.25795495817509,0.620127427694406,5.48517687,0.09056501,-0.898,0.03237517,43.0462892496736,-36.5373353705098,1227.8283090624,0.324766862724278,0.279561402527328,8.90954697118138,0.182853808894733,-1.24751146411462,-921.233690382,-922.580908801682,-938.740753943425,-939.32636238636,0.57126298730158,-959.506204110176,0.0471602633935695,1892.02262389284,1914.64794023348,NA,2419.11928275429,0.461782185557917,1.11666882306791
"349",-5.76,0.83,-5.86,0.83,1.359326,9.604077,-1.1484446,0.2002995,35,35,-5.82747423221288,0.841635426198654,-5.12530959321873,0.749589666638883,1.29438578704482,11.4962642894396,-1.61877477856103,0.284522795969319,1.29438578704482,8.19168011197922,-5.4763919127158,0.795612546418769,1.29438578704482,11.619523084503,-1.63493259794409,0.286640901432553,1.29438578704482,8.22221300633654,2.8752220933071,0.0906943801128986,-0.493946025857604,-6.77096938295014,-6.61718956074912,2.26754704124887,6.69209124381007,-4.19073191317536,0.606807190389483,-3.70871862194777,0.548890449408353,6.34715635,0.15121079,-0.895,0.02754808,64.7180797214334,-79.8809163140293,1222.1740174863,0.796516495565739,0.760950553573506,6.71096573580303,0.157783675027185,-0.997909054968802,-904.979943280626,-905.292348043087,-913.779683312516,-914.011823745837,0.225882188131361,-967.267794335153,0.161341071779263,1859.51512969009,1864.72579897166,NA,2364.46711865857,0.516566144698213,0.93835027702189
"350",-5.76,0.83,-5.86,0.83,1.359326,9.604077,-1.1484446,0.2002995,35,35,-5.13807175900593,0.686995414135501,-5.81552548985337,0.841413879218035,1.38045552306939,12.6199514992045,-1.26695074470558,0.172879213385649,1.38045552306939,10.3926061073781,-5.47679862442965,0.764204646676768,1.38045552306939,12.7346873885643,-1.29310358602605,0.17884047897526,1.38045552306939,10.4682783738809,2.88704224551867,0.0738417461160141,-0.449077234298872,-7.00287208544846,-6.76034056017149,2.07514901111378,12.011045194941,-3.5328423082532,0.476206966306119,-3.72560194192601,0.54797105158939,6.55270217,0.11846976,-0.869,0.02852989,56.738707883458,-63.9221726380786,1292.0205018049,0.566618199062839,0.54558115394469,8.66900819741616,0.161738868912111,-1.13892432051359,-917.244685493992,-918.421234046858,-944.578716124807,-945.042134590186,0.451671379988736,-963.940909322999,0.259251862033777,1884.04461411682,1926.32386459624,NA,2520.11883097172,0.423261123325749,1.11409482577326
"351",-5.76,0.83,-5.86,0.83,1.359326,9.604077,-1.1484446,0.2002995,35,35,-5.70419796119591,0.792879180211047,-7.04769605017226,0.94766081663042,1.1969924962817,11.3898795717415,-1.32600672610989,0.206977742565532,1.1969924962817,10.1233943993146,-6.37594700568409,0.870269998420733,1.1969924962817,11.8411263505123,-1.3779939342944,0.212967081308697,1.1969924962817,10.2976529093997,2.5382496831666,0.0661499437262954,-0.393113184707514,-6.93817020888268,-7.35951936088753,1.87792790503956,10.5831615395113,-4.17178209553664,0.577366582656134,-4.75372921664569,0.636785829747367,6.19202059,0.12269472,-0.887,0.02377037,101.951860410085,-154.348477691332,1302.97539535253,0.691931737319964,0.698640260520481,9.33153929150411,0.183168169651252,-1.26608354477245,-889.639001337643,-890.77186997545,-907.967394506346,-909.055509718579,1.06528441412843,-935.40561984665,0.971236916193106,1828.83324580412,1853.10122135932,NA,2451.60231301373,0.398140007847224,1.1908891383596
"352",-5.76,0.83,-5.86,0.83,1.359326,9.604077,-1.1484446,0.2002995,35,35,-5.96704343302833,0.923923276272031,-5.78871609961446,0.865698690614398,1.40788605313155,10.7984482100995,-1.28560364583709,0.215909560232176,1.40788605313155,9.17802082229461,-5.8778797663214,0.894810983443214,1.40788605313155,10.8063983695601,-1.28819940461195,0.216757085825927,1.40788605313155,9.20103049389965,3.79116852582156,0.0952217186121986,-0.586048798058034,-6.42028886664,-6.58884854780916,2.08296871904008,10.2399171240432,-4.04812755561474,0.624489315094365,-3.83873420523899,0.567800020920392,5.16498648,0.10480402,-0.847,0.02824566,63.021315159799,-76.4873871907606,1273.12107184004,0.783862535805229,0.771184412321822,8.64165041130573,0.21039194774888,-1.30270748631699,-923.525042049749,-923.699332033622,-941.507906389193,-941.665978290756,0.153729069380133,-959.740948261056,0.144413737082938,1896.60532722834,1920.18224512501,NA,2469.75475648931,0.542021670199626,1.25563099607281
"353",-5.76,0.83,-5.86,0.83,1.359326,9.604077,-1.1484446,0.2002995,35,35,-5.08325869861743,0.752083045472341,-6.13684396205348,0.880909144819593,1.14206262321956,9.1717616273113,-1.15722092402104,0.197215641630097,1.14206262321956,8.83817441174861,-5.61005133033545,0.816496095145967,1.14206262321956,9.44927210414371,-1.19115324397559,0.201364682598354,1.14206262321956,8.9331703089843,2.33185874593226,0.0549871254816621,-0.345292108615177,-6.56028376026925,-6.84635646010002,1.83852940574965,8.69427957680755,-3.56935062738077,0.52059217838186,-4.48141673389032,0.639182795210517,6.2169636,0.11986373,-0.896,0.02506045,87.5361442997406,-125.517045470644,1201.5761477822,0.477983415053886,0.468376083916834,6.81487310883206,0.162090824355844,-1.01900372490788,-873.105535114609,-873.949527523746,-887.863599744454,-888.536266583412,0.656597529345778,-923.98031440591,0.546403748360228,1795.76631335805,1812.89363183554,NA,2277.63525009375,0.3341337613282,0.961047734309059
"354",-5.76,0.83,-5.86,0.83,1.359326,9.604077,-1.1484446,0.2002995,35,35,-5.59365910745175,0.725442758504574,-5.88228653412865,0.916309860184073,1.12680858371038,13.9216647622821,-1.91090934241891,0.329796488946522,1.12680858371038,11.4799800968968,-5.7379728207902,0.820876309344323,1.12680858371038,13.9424912101397,-1.92468171251767,0.338904051572405,1.12680858371038,12.1109078918404,2.90603873886197,0.0754523000084298,-0.454563478257124,-7.22940010515546,-6.38089073067011,2.22612595208362,8.49396498321122,-3.82929220231222,0.49479171464236,-4.46240539397729,0.699713010964175,7.9482133,0.22487452,-0.914,0.02280759,96.7871365276989,-144.01902992656,1276.30642553746,0.065622482758297,0.0511441185122279,7.90755674084608,0.168743868836449,-1.09740165753694,-890.927826084756,-893.598585031223,-901.219081858108,-904.671396394714,3.43775308318236,-970.117247091427,4.05380536254475,1831.41089529835,1839.60459606284,NA,2408.59382114837,0.434292775488443,1.1308470158973
"355",-5.76,0.83,-5.86,0.83,1.359326,9.604077,-1.1484446,0.2002995,35,35,-5.85337849475622,0.911168661621654,-6.30053100890464,0.903734094218699,1.40701559534863,12.3466002695284,-1.26868322016966,0.189423238925894,1.40701559534863,11.0303730260544,-6.07695475183043,0.907451377920176,1.40701559534863,12.3965866122557,-1.2678521237932,0.189437057124011,1.40701559534863,11.1806569977309,3.38720179180438,0.090676502972224,-0.539894109721233,-6.38261262194558,-6.8740583648392,1.99373694865463,13.5851890841181,-4.34777586701115,0.663887225211073,-4.29642349889725,0.618389260148502,6.5414214,0.1149046,-0.835,0.0247596,85.5186961143269,-121.482149099816,1335.93294217081,0.732993610322328,0.70003570539185,8.61295198158965,0.18205113871691,-1.2062037127601,-927.083631384902,-927.60753498135,-953.060660129941,-953.92968661253,0.849459119170157,-958.132742776625,0.988366905329494,1903.72250589864,1943.28775260651,NA,2550.3837352418,0.5113408689562,1.16257510074541
"356",-5.76,0.83,-5.86,0.83,1.359326,9.604077,-1.1484446,0.2002995,35,35,-5.16575744443864,0.79235459307664,-4.61979976998144,0.717630436972828,1.4058885128528,11.5639006060116,-1.05761569974134,0.145772267331546,1.4058885128528,11.2185260573114,-4.89277860721004,0.754992515024734,1.4058885128528,11.6384180515863,-1.0678147563644,0.147168192207902,1.4058885128528,11.2336727692407,2.89645043386421,0.0750892044795878,-0.451104488198679,-6.40285504652489,-6.30208455777831,2.01985521543526,14.0298713157388,-4.1945694446825,0.640795055241849,-3.00691404050173,0.476113846692201,5.56993703,0.07064285,-0.771,0.02495116,86.5218892230389,-123.48853531724,1282.2408328172,0.221886524147959,0.143687378731525,7.6673359224022,0.161407689358009,-1.07858548103447,-921.54549933939,-921.76511087363,-953.950640933893,-954.037362784814,0.084296289614748,-962.372597899544,0.0398050513951149,1892.64624180762,1945.06771421441,NA,2440.99313031715,0.438488089620224,1.00624581902027
"357",-5.76,0.83,-5.86,0.83,1.359326,9.604077,-1.1484446,0.2002995,35,35,-4.94434668384167,0.729727821091042,-5.4006809374003,0.710902920250759,1.28682391731991,8.37251946635121,-1.20775855358043,0.248304228743755,1.28682391731991,9.31730728144849,-5.17251381062099,0.720315370670901,1.28682391731991,8.42457970409394,-1.20561094181212,0.248392822966667,1.28682391731991,9.53767075598859,2.61452079194803,0.0683645306773911,-0.404400067889501,-6.55455838750004,-7.12304652894901,2.25465490632665,8.24825970896378,-3.52380840545607,0.51961386682704,-3.77704151350191,0.493018182949562,4.57102995,0.14468642,-0.853,0.02482483,87.321335359885,-125.087427590933,1248.17423386115,0.40363674156626,0.36342808034712,6.22784859243015,0.135174248208794,-0.873891532094491,-903.834140498372,-904.802148392321,-920.430867731238,-921.910228420423,1.45238635042603,-972.319367026148,1.84437694587848,1857.22352412558,1878.0281678091,NA,2371.26104013138,0.41570282394391,0.890304834711021
"358",-5.76,0.83,-5.86,0.83,1.359326,9.604077,-1.1484446,0.2002995,35,35,-5.32630403095295,0.893631870929851,-6.87034820219289,1.01072984074655,1.38337052571922,10.7070876181674,-1.26316328042368,0.219852182123485,1.38337052571922,10.1654243476541,-6.09832611657292,0.952180855838198,1.38337052571922,11.3031057188524,-1.30836438986356,0.223280165757283,1.38337052571922,10.6405858045538,3.0521145921456,0.0810914110499736,-0.482789937293661,-5.96001781909203,-6.80642258758386,2.05177122814381,11.4768614296196,-3.85682554551153,0.651175672452826,-4.75952561550173,0.704499594372496,4.3936547,0.0990414,-0.794,0.0280532,66.5283387321729,-83.5014343355084,1317.46657520757,0.169653831526284,0.161250145896152,9.84340215814562,0.216068073355528,-1.39866251340178,-923.809611261601,-925.939357411361,-943.685531839454,-946.602843184908,2.89384246071797,-959.697877075177,3.33018896254295,1897.17446565204,1924.53749602554,NA,2551.43171607964,0.465022517009283,1.37935827956623
"359",-5.76,0.83,-5.86,0.83,1.359326,9.604077,-1.1484446,0.2002995,35,35,-5.19625540900835,0.717941561594013,-6.26277910944919,0.939130338813679,1.42171980831932,11.1514174832201,-1.19097245944624,0.174037985887118,1.42171980831932,8.81293983462009,-5.72951725922877,0.828535950203846,1.42171980831932,11.4357856841206,-1.24994822774032,0.1862691046791,1.42171980831932,8.92827258399568,3.37683729865555,0.0951973332303155,-0.547696974230463,-6.87668659682185,-6.62542479956645,2.06079127022688,10.3483210925959,-3.66913718925979,0.50959147538854,-4.47015970832347,0.662142922298082,5.94256702,0.09112071,-0.866,0.02768164,70.510413867318,-91.4655846057986,1270.04642394901,0.251882410346618,0.21276475507244,8.26174329663779,0.188051960290327,-1.20519969568933,-918.955663534338,-920.981573891385,-941.34649618501,-942.164418016623,0.79921278329575,-957.454379775765,0.3212434370978,1887.46657019751,1919.85942471665,NA,2448.62726329222,0.550066677057665,1.14536440863132
"360",-5.76,0.83,-5.86,0.83,1.359326,9.604077,-1.1484446,0.2002995,35,35,-5.58603064602532,0.876209388986897,-5.55378687954228,0.752253781161393,1.3804792091346,9.62580395860435,-0.989147707699836,0.163762623651793,1.3804792091346,10.3145014864456,-5.5699087627838,0.814231585074145,1.3804792091346,9.62606387372361,-0.990146906618082,0.16760387182964,1.3804792091346,10.6553901451973,2.57086344352073,0.0595804037236724,-0.376436445445104,-6.32354307316812,-7.02979474213998,1.97938369321626,12.6137404713627,-4.21880790787644,0.668362776333016,-4.17973344965726,0.560561873463516,5.99800054,0.10474401,-0.809,0.02528564,83.0879444476769,-116.620645766516,1312.62306801123,0.135290293201764,0.12383418765795,5.8973348872275,0.136618217778621,-0.847495189803284,-917.970450266141,-919.643082309606,-944.101366207409,-946.179213031885,2.04873620131522,-953.950122571268,2.2027158684538,1885.49614366112,1925.36916476145,NA,2508.62549025594,0.367951139697072,0.904022086167752
"361",-5.76,0.83,-5.86,0.83,1.359326,9.604077,-1.1484446,0.2002995,35,35,-6.8535631036397,0.878971376011638,-6.94230981416675,0.882908794113316,1.27443354325596,10.2584282795054,-1.1382477167777,0.184870848476766,1.27443354325596,10.2359146606625,-6.89793645890323,0.880940085062477,1.27443354325596,10.2603972741628,-1.13833507500383,0.184874724292093,1.27443354325596,10.2388683099745,2.66605900770631,0.0752295902179556,-0.433054981639041,-7.57462032680796,-7.63990891917016,1.86425939590884,11.9153478358345,-4.76608659963617,0.617846076005575,-4.92175447945383,0.618686245641896,5.30375074,0.10032449,-0.806,0.02079421,134.400540272166,-219.245837415495,1416.38920550643,0.911690535813434,0.871344907003907,9.59861446217621,0.184465209108648,-1.29885264024587,-902.124874472262,-902.136074345506,-924.030894275224,-924.049293158391,0.0178755499026423,-937.426101363104,0.0210673118571524,1853.80499207336,1885.22822089708,NA,2613.53257359736,0.432963157993411,1.17548635635819
"362",-5.76,0.83,-5.86,0.83,1.359326,9.604077,-1.1484446,0.2002995,35,35,-6.57566458815575,0.929688100880666,-6.12928695142218,0.889032511194946,1.34876872434523,5.75091285606597,-0.668623383370219,0.126786724684788,1.34876872434523,6.76303817657502,-6.35247576978896,0.909360306037806,1.34876872434523,5.80072610470993,-0.6731603198812,0.127199943927962,1.34876872434523,6.79280256150608,1.84138529368674,0.0491482326052363,-0.284543740763921,-6.99456468851175,-6.79040253468636,1.75003256036778,8.90732845674203,-4.58478789275915,0.648663280769457,-4.51423709284204,0.661061819918074,2.18623126,0.05385583,-0.702,0.0259608,98.1210268936389,-146.68681065844,1245.66034487621,0.874965334092106,0.882603204084929,8.53521472430637,0.186887090053658,-1.23301171090243,-891.822969316002,-892.069526813754,-912.038114989557,-912.305989869851,0.260719853397013,-912.654923324223,0.286084776602599,1833.20118176084,1861.24266232574,NA,2344.63387909397,0.309683851941644,1.11181026864934
"363",-5.76,0.83,-5.86,0.83,1.359326,9.604077,-1.1484446,0.2002995,35,35,-6.15304431074333,0.801401358522891,-6.82207619047281,0.890043717148643,1.37710511315322,7.88008627841936,-0.902977521246507,0.168486116426769,1.37710511315322,8.9691023780731,-6.48756025060807,0.845722537835767,1.37710511315322,7.99198719244294,-0.917803662200266,0.170450483362453,1.37710511315322,8.99440146599115,3.46056171106792,0.100623983284903,-0.572620489455482,-7.33624362533062,-7.47716727033444,1.95271360183515,10.8216749763949,-4.43405389687505,0.579251517825824,-4.53963837718156,0.596605759770439,2.82374871,0.07294599,-0.747,0.02699444,88.6099055417887,-127.66456795474,1357.73813259,0.984915941366329,0.988738447035617,10.8570341974533,0.212275978809719,-1.46910919369957,-912.344000719233,-912.706099179013,-934.640189778361,-934.817607241359,0.172566988800455,-945.686495076481,0.102375758085735,1874.2432445673,1906.44681190335,NA,2587.81169722525,0.569316029956071,1.38729886645558
"364",-5.76,0.83,-5.86,0.83,1.359326,9.604077,-1.1484446,0.2002995,35,35,-5.60730331658392,0.842102204581137,-5.5989213516547,0.743133995651215,1.43855498719763,10.0517571171204,-1.34363510485446,0.24019540006959,1.43855498719763,7.73066657852929,-5.60311233411931,0.792618100116176,1.43855498719763,10.0517746814545,-1.34384249186855,0.24264407666429,1.43855498719763,7.95129271932846,3.21250810210163,0.084565081553608,-0.508365435121724,-6.54801752250652,-7.12926253639685,2.28499833907401,7.49455502522792,-3.64710709338561,0.555877895857416,-4.1369199685866,0.558450249032534,5.64090854,0.14659677,-0.89,0.02883332,57.9611612597254,-66.3670793906134,1257.75310569192,0.246935141864739,0.205839259284744,7.69996346101103,0.162649262080334,-1.06940005812736,-923.389731398275,-924.612980403855,-936.050388320347,-937.797324973689,1.71837710665055,-972.619267202709,2.07128051425589,1896.33470592539,1909.26720898732,NA,2449.13913199323,0.476174011846718,1.07165505931461
"365",-5.76,0.83,-5.86,0.83,1.359326,9.604077,-1.1484446,0.2002995,35,35,-5.63050126471824,0.837403085218661,-6.21561692075261,0.901890184182647,1.29912724749546,10.8806349547504,-1.23451793007444,0.198654882383941,1.29912724749546,10.0396551357156,-5.92305909273543,0.869646634700654,1.29912724749546,10.9662250374845,-1.24395103287845,0.199694528867138,1.29912724749546,10.0739582930421,3.45939127968143,0.0919452150984023,-0.549126293630158,-6.59921160781222,-6.80012981553371,1.94121378099986,11.2875574632524,-3.66393192801727,0.545797554439244,-4.27057358661846,0.618425879538722,5.54025378,0.11247505,-0.846,0.02687424,70.9256333138114,-92.2960234987855,1281.63013168122,0.703083093838716,0.690571756961999,8.87282532167428,0.189869180215714,-1.26001729523055,-907.121519262207,-907.346515360474,-927.499156734429,-927.716328201824,0.211294163587761,-945.592224187587,0.201394044900794,1863.79828165325,1892.16474581549,NA,2470.96423986366,0.520334457177091,1.16841823914021
"366",-5.76,0.83,-5.86,0.83,1.359326,9.604077,-1.1484446,0.2002995,35,35,-6.36676690179304,0.904758649629945,-5.21442300826094,0.694940086192533,1.4596628950696,5.62908878645353,-0.698246936737706,0.131405414788264,1.4596628950696,5.53196805063742,-5.79059495502699,0.799849367911239,1.4596628950696,5.96106289869372,-0.758692721819402,0.142411372178999,1.4596628950696,5.6047183966467,2.46200874252761,0.0667209267121248,-0.383962486708629,-6.93419022171141,-7.03189103442897,2.0003637334367,6.63510795998797,-4.27423750194128,0.605123489848839,-3.21754447611286,0.424180450046947,2.19769552,0.06544399,-0.826,0.03431366,44.8635908198855,-40.1719385109337,1213.96830578121,0.150149031263627,0.107126409240753,9.59563912353821,0.202810296307326,-1.35489846224908,-903.024235409946,-904.784304227759,-919.309812384249,-920.085133665271,0.757355744896579,-936.291991557174,0.074373660952546,1855.60371394873,1875.78605711513,NA,2387.76467305148,0.416710606090182,1.2529718040273
"367",-5.76,0.83,-5.86,0.83,1.359326,9.604077,-1.1484446,0.2002995,35,35,-6.14627286120893,0.885869473004674,-6.11435294149081,0.876634860722549,1.53679003961337,7.96982969058044,-1.05322973846492,0.19785904881059,1.53679003961337,6.70846740926779,-6.13031290134987,0.881252166863612,1.53679003961337,7.97008441089915,-1.05330343048559,0.19788036832659,1.53679003961337,6.70889448803154,3.52629499701174,0.0923489898100286,-0.558047382425572,-6.82623300751195,-6.84933051813183,2.16493436175936,7.60904654530041,-4.61139219895413,0.671047659430813,-4.12683699198917,0.59084954428479,5.10879409,0.12771933,-0.882,0.03031482,54.4531553725142,-59.351067616191,1271.8941710629,0.783228318403412,0.734490131362254,7.41204397266243,0.166767195332488,-1.07129112808207,-928.832351037369,-928.836189493896,-943.517721989295,-943.521600151288,0.00376746172661383,-959.863916928643,0.00340625786859818,1907.21994520358,1924.20187632522,NA,2484.4372745096,0.515023173819325,1.03450890832245
"368",-5.76,0.83,-5.86,0.83,1.359326,9.604077,-1.1484446,0.2002995,35,35,-6.49963321771934,0.996415472719965,-5.56407310108037,0.732218472572609,1.35559906135268,8.28414443627242,-0.799186857903114,0.123072377881873,1.35559906135268,8.88801411481244,-6.03185315939986,0.864316972646287,1.35559906135268,8.50296261923381,-0.860979901971499,0.140522391603589,1.35559906135268,9.26555796009227,2.76231371021458,0.0751803921048543,-0.436203718714568,-6.52098890368633,-7.15944614771698,1.82654792215297,11.7369416884991,-4.32296547204283,0.658803620945056,-3.67696471107957,0.475457942669817,3.88833337,0.06613087,-0.779,0.025957,88.1756830312445,-126.796122933652,1277.07548834425,0.0411061789779595,0.0313636312865699,9.57731545068584,0.218912197290767,-1.39465011790349,-902.715911945875,-906.914286693058,-930.212163983592,-932.835139331359,2.59637387051965,-931.932423056283,2.08503988753044,1854.98706702059,1897.59076031381,NA,2427.35485375485,0.452102710163046,1.35163549336341
"369",-5.76,0.83,-5.86,0.83,1.359326,9.604077,-1.1484446,0.2002995,35,35,-5.04357613713984,0.70780156864165,-5.96333512775704,0.841164952113053,1.35427618606921,6.89252512223875,-0.686386153356788,0.122001369390229,1.35427618606921,8.66854505287924,-5.50345563244844,0.774483260377352,1.35427618606921,7.10401427244404,-0.717051696098525,0.126447817402964,1.35427618606921,8.70786202230807,3.25241588984106,0.0926439625930493,-0.536322865780867,-6.78441877903944,-6.90963324135182,1.87966901888414,11.0576516717633,-3.26552550531077,0.458835578924861,-4.43525188514778,0.622539497283776,4.31550745,0.08649602,-0.799,0.02678814,77.11381453979,-104.672385950743,1257.60078210048,0.225243061964639,0.167429703767043,6.82798224371506,0.141979451348011,-0.951891641926374,-901.569612823339,-902.407764347119,-928.401777186321,-928.685853757024,0.276520811201465,-937.037810439118,0.0823212261218275,1852.69446877551,1893.96998671927,NA,2410.52917825022,0.511507605218926,0.900898265323794
"370",-5.76,0.83,-5.86,0.83,1.359326,9.604077,-1.1484446,0.2002995,35,35,-5.86528889536168,0.856806086065253,-6.38669573215004,0.886108283526286,1.50315983621259,7.44037775002674,-0.871827329437493,0.151959700641417,1.50315983621259,6.59377479502711,-6.12599231375586,0.87145718479577,1.50315983621259,7.50834402238915,-0.875646920959768,0.152174355335429,1.50315983621259,6.66506730303825,3.12946053730492,0.0862475209411441,-0.508346304987067,-6.71840118032256,-7.06523310716226,2.00304538375131,8.29805620124105,-4.40589813813631,0.6468482729426,-4.49519603332435,0.620246881260387,4.34740107,0.09581293,-0.837,0.02767623,76.0372171261525,-102.519191123468,1263.46654123427,0.675328565496061,0.675789659694638,7.74031786861994,0.163705877970173,-1.09366639296035,-919.167267935391,-919.602177410938,-937.047412897006,-937.701526995894,0.638403254720243,-943.516904146962,0.768603118843892,1887.88977899962,1911.26125814064,NA,2424.41389134508,0.475459408359871,1.00963728152379
"371",-5.76,0.83,-5.86,0.83,1.359326,9.604077,-1.1484446,0.2002995,35,35,-4.87875291414653,0.670268471441438,-6.32998323159658,0.863531390300719,1.42572815980173,6.53808413602516,-0.808254748628298,0.142167716954023,1.42572815980173,5.68214495564347,-5.60436807287156,0.766899930871078,1.42572815980173,7.0646014945967,-0.878372000400167,0.151505355905526,1.42572815980173,5.79553505632533,2.75965110526956,0.0702771419642586,-0.427115764993362,-6.84320803673246,-7.14302789422828,2.03567716646216,6.41791689548424,-3.65145563599022,0.50138106700607,-4.55020281109093,0.625321585085309,4.43085362,0.09483043,-0.868,0.03009413,60.412401396354,-71.2695596638706,1214.90603487302,0.441845982061939,0.403855511125463,6.35326900668067,0.134162033979624,-0.897408027903501,-900.364895850391,-902.236275515754,-915.137868644268,-916.315741144615,1.15389996738317,-939.569309178586,0.708397270823884,1850.28503482962,1867.44216963516,NA,2358.54251008217,0.407869980086833,0.826454568811206
"372",-5.76,0.83,-5.86,0.83,1.359326,9.604077,-1.1484446,0.2002995,35,35,-6.40450697625289,0.909388389934036,-5.26958582600597,0.751007443951833,1.30456805226789,7.24011604328867,-0.836288631543295,0.155258280373986,1.30456805226789,8.53294255313134,-5.83704640112943,0.830197916942934,1.30456805226789,7.56212754760813,-0.881226102891126,0.161529411386541,1.30456805226789,8.60022818879642,2.68672577834277,0.0731954470654334,-0.429368814291027,-6.94434750147651,-6.75301904318378,1.8686500899421,10.135206259375,-4.30198665368264,0.606457751900022,-3.8584090301886,0.555498509373138,4.9197863,0.11624603,-0.86,0.02682033,75.8254179618561,-102.095592794875,1252.52118452793,0.798705370176014,0.773132193773917,6.90314274304557,0.148822225536115,-0.971165074933288,-896.720390189207,-897.852177882966,-918.251259817926,-918.743599950849,0.479959173122522,-932.811786934365,0.209353320421587,1842.99602350725,1873.66895198248,NA,2402.94677626098,0.421504517373603,0.961259050995064
"373",-5.76,0.83,-5.86,0.83,1.359326,9.604077,-1.1484446,0.2002995,35,35,-5.34132818923281,0.810648918439635,-5.41239277806803,0.772783179305882,1.1922615810794,8.52751514784236,-1.29113106818178,0.251590287299988,1.1922615810794,7.96190970554749,-5.37686048365042,0.791716048872759,1.1922615810794,8.52877769178895,-1.29045833988616,0.251948740850024,1.1922615810794,8.02917026850284,4.10054091121128,0.0982126486269644,-0.616840809735255,-6.46943293482549,-6.76609179890938,2.06738761652472,6.596320341682,-4.20434166038651,0.642794115245883,-4.2247695891623,0.607789467932776,5.18778776,0.1426399,-0.89,0.02401986,96.0264952417302,-142.497747354623,1182.5733913488,0.6860601059955,0.693744966248846,5.2052614041464,0.132011541980251,-0.797931855786645,-880.964932462421,-881.309623268673,-891.872453130918,-892.395852654367,0.510350855034036,-944.188138394642,0.666862718998029,1811.48510805368,1820.91133860846,NA,2222.64903534299,0.575036737302572,0.789889907284983
"374",-5.76,0.83,-5.86,0.83,1.359326,9.604077,-1.1484446,0.2002995,35,35,-5.06916035696024,0.76911705298703,-5.72238624971088,0.851381763586377,1.24558002779298,11.7566537962793,-1.49522058313335,0.246898890060194,1.24558002779298,9.3600996845422,-5.39577330333556,0.810249408286703,1.24558002779298,11.8633298130193,-1.50865494288913,0.248590760712693,1.24558002779298,9.3908648629717,3.00779552291523,0.0734786849187549,-0.455827197983517,-6.44470120972649,-6.60781524435,2.0888963652079,8.65745125130356,-3.50894115872107,0.528935502235064,-4.33538985919605,0.64203237809014,6.75033881,0.13771798,-0.9,0.02891904,55.8611489755863,-62.1670548223352,1223.50872260553,0.573709093787262,0.530054648235121,6.99187352140468,0.164280668236407,-1.03252895082163,-899.356810805722,-899.617376046874,-912.739531654201,-912.947094446092,0.201931660592743,-955.126211680582,0.156945982399247,1848.26886474028,1862.64549565503,NA,2384.85039038872,0.431852921878208,1.0030781122005
"375",-5.76,0.83,-5.86,0.83,1.359326,9.604077,-1.1484446,0.2002995,35,35,-5.24689879067706,0.704083322226549,-6.99333455170406,0.986485928263655,1.37714523994024,6.31787874165333,-0.665204420294857,0.115326235514078,1.37714523994024,7.0603361502733,-6.12011667119056,0.845284625245102,1.37714523994024,7.08038820850181,-0.788503922842462,0.135264043488215,1.37714523994024,7.19163550353101,2.31361424246643,0.0546513669236064,-0.345185589328172,-7.00989378254791,-7.07384789407538,1.84889006243168,9.15363261878976,-3.87950139079756,0.517913952947118,-5.06855564048284,0.719390474566277,3.59982714,0.07567658,-0.816,0.02606358,92.2470593627169,-134.938875596596,1256.6990470626,0.116276458326931,0.091141438425164,8.0975447915719,0.171766887834929,-1.14512271217277,-896.998944655274,-900.470726579604,-919.769858589071,-920.90094039206,1.10769028177826,-926.977430725453,0.0259269462602104,1843.55313243938,1876.70614952477,NA,2378.4592185286,0.323163660575394,1.06053536077142
"376",-5.76,0.83,-5.86,0.83,1.359326,9.604077,-1.1484446,0.2002995,35,35,-5.99765382940963,0.985599091635298,-5.01035010540378,0.701222155382675,1.30456130887811,8.30812572963299,-1.00872508038699,0.194097433652824,1.30456130887811,9.84915208133207,-5.5040019674067,0.843410623508986,1.30456130887811,8.55181789049193,-1.07891668243289,0.214314994120932,1.30456130887811,10.3221237493437,2.58772352920942,0.0638209835660086,-0.389437639660738,-6.08345071492616,-6.79039118894682,2.01227896840729,10.7037968444559,-4.11161054452698,0.659930659171373,-3.82341033351557,0.541915105098163,5.57407785,0.13293285,-0.851,0.02787766,61.2872305990833,-73.0192180693292,1261.94619187121,0.271375972039982,0.237030166117382,6.04729725870274,0.164948263158781,-0.944813704246378,-906.094804560685,-909.386687690791,-927.303337720253,-930.290359366098,2.96447807014625,-952.697481227014,2.52521111423915,1861.74485225021,1891.77310778713,NA,2450.87316567309,0.391500082809801,1.03397544612979
"377",-5.76,0.83,-5.86,0.83,1.359326,9.604077,-1.1484446,0.2002995,35,35,-5.14022214866028,0.768711862232461,-5.60036671784708,0.759543635506519,1.21488297560843,10.8642912426305,-1.30741816259266,0.219027133116267,1.21488297560843,10.4185473541028,-5.37029443325368,0.76412774886949,1.21488297560843,10.9172244987685,-1.3063634851584,0.219048147211592,1.21488297560843,10.609551990009,3.33695023903663,0.0913947172582039,-0.534126301710422,-6.51817702309112,-7.03294351465076,2.02882748992411,10.1568782312684,-3.84666758770693,0.581190419165448,-4.48734646270198,0.614554176691228,7.71055367,0.15614901,-0.874,0.02367185,90.5352933476114,-131.515343566385,1261.31876183812,0.436587350047163,0.44009974496251,5.76488437098127,0.121401001075063,-0.802068640441588,-895.611239799397,-896.323757777476,-913.435311032282,-914.596555904516,1.1374752706132,-953.029066478972,1.39309163828931,1840.77772272763,1864.03705441119,NA,2391.12218010985,0.528009178089422,0.791024249578709
"378",-5.76,0.83,-5.86,0.83,1.359326,9.604077,-1.1484446,0.2002995,35,35,-6.1067857847487,0.778698519260538,-6.05439077424169,0.845467255618943,1.36966657209583,7.27557237014163,-0.968484075038576,0.210859890507068,1.36966657209583,9.59688997943747,-6.08058827949519,0.812082887439741,1.36966657209583,7.27625867942313,-0.967609487877816,0.211974406545792,1.36966657209583,9.73359588971307,2.9976823574806,0.0824078799271923,-0.479139950574848,-7.42524274085162,-6.97505687685466,2.1024292990832,10.3724724596049,-4.10707091438241,0.515556464983887,-4.11814531014788,0.577362439234688,3.95056656,0.11286259,-0.803,0.02609123,84.7823783220643,-120.009513515291,1349.14223058566,0.498619910514798,0.48361449763163,8.41820955288106,0.186904142749734,-1.20003081322555,-915.501219992361,-916.043774087059,-937.58811684914,-938.485381431025,0.877238691425458,-962.429636009048,1.00868224223144,1880.55768311356,1912.34266604491,NA,2578.27494765602,0.481763405873207,1.19858944346759
"379",-5.76,0.83,-5.86,0.83,1.359326,9.604077,-1.1484446,0.2002995,35,35,-6.24452773658817,0.895018104213956,-6.46951361277654,0.899604249445054,1.25005777124116,9.06529112361744,-1.01507587685917,0.175794713157372,1.25005777124116,10.2375831808786,-6.35702067468236,0.897311176829505,1.25005777124116,9.0779457847385,-1.01533383133496,0.175799971339393,1.25005777124116,10.2649687201933,2.93493979128872,0.0756928915490118,-0.453725590507473,-6.86998270553588,-7.06764551519332,1.80223604370445,12.1612639718304,-4.56186158520605,0.655695696782267,-5.17326965029045,0.717806361106677,5.88927009,0.10666027,-0.84,0.02473819,94.4690819612308,-139.382920793624,1319.12550345746,0.703832735669806,0.640816289752561,7.13617228852526,0.155537253189134,-1.01529558626182,-896.776233573608,-896.878463150278,-919.309840373437,-919.480220044762,0.165713271566222,-929.796504553902,0.196014238262373,1843.10771027605,1875.7861130935,NA,2498.8680861213,0.450867860287454,0.977471000571762
"380",-5.76,0.83,-5.86,0.83,1.359326,9.604077,-1.1484446,0.2002995,35,35,-4.36225760830614,0.515237752301422,-4.79448412520962,0.595900087086449,1.30329551634219,9.75789705656736,-0.993581226054987,0.136073609145801,1.30329551634219,8.31000727546368,-4.57837086675788,0.555568919693936,1.30329551634219,9.80460199704597,-1.00229732605735,0.137700212209044,1.30329551634219,8.32267089078978,3.12977941783024,0.0822300853376332,-0.490585667706567,-7.25034563825807,-7.20200683748964,2.29661860694071,7.94567438260993,-2.72955041307258,0.307512943775345,-2.98052057158757,0.359899394506703,4.28546059,0.06355603,-0.851,0.02908159,69.191915644184,-88.8285881595305,1229.30341435974,0.785408190188534,0.781252948537757,8.25874500900743,0.156717890890627,-1.10164982907453,-891.473674150295,-891.78865425343,-916.355709345156,-916.45085972573,0.092494647608355,-975.673113207173,0.0135343293294712,1832.50259142943,1869.87785103694,NA,2369.77824055994,0.47922007545315,1.04004646100727
"381",-5.76,0.83,-5.86,0.83,1.359326,9.604077,-1.1484446,0.2002995,35,35,-5.46270485536215,0.805671588220226,-6.07394223287122,0.827666917806966,1.35933224304884,7.70890802049947,-1.01360375053708,0.21864041005349,1.35933224304884,10.1632881159529,-5.76832354411669,0.816669253013596,1.35933224304884,7.8023108034155,-1.01696484243059,0.218761358684397,1.35933224304884,10.3125076560513,2.9199356893863,0.0788150742886213,-0.459086103773655,-6.62046324641927,-7.10065814197786,2.10716071370786,10.913018707905,-4.14076183573176,0.620203219836607,-4.10057496162613,0.557681296861359,4.38341676,0.12101383,-0.813,0.02514423,88.2198406171244,-126.884438105411,1304.62376655468,0.543949665787623,0.527371195406529,7.33416027284906,0.167328807382078,-1.0466227179324,-916.945626293939,-917.620296781472,-939.377447048169,-940.306937722225,0.908955195037485,-964.605639621233,1.09310669793969,1883.44649571672,1915.92132644297,NA,2482.36309500395,0.475121611938804,1.1113224874039
"382",-5.76,0.83,-5.86,0.83,1.359326,9.604077,-1.1484446,0.2002995,35,35,-6.00435028378708,0.862916359935151,-6.51082772128799,0.919262513658845,1.2802426098871,10.991789927362,-1.35677522454556,0.231320497864494,1.2802426098871,9.90567713339275,-6.25758900253753,0.891089436796998,1.2802426098871,11.0559197760364,-1.36390973843332,0.232114220124358,1.2802426098871,9.93112266617965,2.22196162834042,0.0621775791162134,-0.352029121827762,-6.82105913818554,-6.99184077248435,2.00319263472222,10.2474867548695,-4.12125647749209,0.611289717301583,-4.70295542929734,0.662535331938764,6.47572639,0.16294554,-0.904,0.02716076,70.6231313884342,-91.6910196480311,1284.61599616428,0.573517660714014,0.518973305261607,9.21507739023493,0.178646274322293,-1.22793959982539,-906.49641500841,-906.67062223822,-923.056877421999,-923.220013789747,0.158660137132727,-950.196791079092,0.154046234431943,1862.54807314566,1883.28018719063,NA,2477.54097268053,0.386337616831159,1.22537602309638
"383",-5.76,0.83,-5.86,0.83,1.359326,9.604077,-1.1484446,0.2002995,35,35,-5.49815945748748,0.866962743554477,-5.711401557606,0.816442552056319,1.42830216423598,12.8432808235006,-1.42939844691073,0.210335181722296,1.42830216423598,9.33948688690684,-5.60478050754674,0.841702647805398,1.42830216423598,12.8546488718163,-1.42670518897736,0.210973254159549,1.42830216423598,9.50545256996127,2.8164019124966,0.0737942659687794,-0.441589795778733,-6.29076100536393,-6.80498933332797,2.12771123173225,10.4526460700812,-4.21488300769087,0.675023433779694,-3.61111377470947,0.518540382889293,6.05628961,0.09548985,-0.857,0.02962864,52.6948743393048,-55.8345055497721,1273.38459223069,0.138026025189048,0.105265635033331,8.86382369133313,0.201027755177289,-1.28659628582609,-925.824036687646,-926.660650665708,-946.136976412304,-947.251668382051,1.09151126851301,-965.604090719541,1.29133948539576,1901.20331650413,1929.44038517123,NA,2490.93467891161,0.427548048806747,1.24169572897935
"384",-5.76,0.83,-5.86,0.83,1.359326,9.604077,-1.1484446,0.2002995,35,35,-6.14454171588656,0.896902381457129,-6.15528948412133,0.845307063675787,1.35202225853488,9.11528972072414,-1.16161047490172,0.199981651093182,1.35202225853488,7.45642181054769,-6.14991560000395,0.871104722566458,1.35202225853488,9.11531859935465,-1.16147184127234,0.200647170297422,1.35202225853488,7.52630028847528,3.35681664245514,0.0854062297754425,-0.521289442429269,-6.75877064861352,-7.07690996887878,1.9958115505763,7.99834425458934,-3.89867871909214,0.558507477804619,-4.603423733967,0.637028886924255,5.202709,0.1105017,-0.876,0.0263477,82.165354009625,-114.775464890413,1249.37564002565,0.575795689939932,0.498064314195849,8.14659671093536,0.182265854150728,-1.18156745850432,-904.776388711108,-905.191915903364,-918.61706341229,-919.19312195367,0.561908642394059,-941.483738048567,0.670655550285503,1859.10802055105,1874.40055917121,NA,2383.97581516088,0.488242081226581,1.10509536410353
"385",-5.76,0.83,-5.86,0.83,1.359326,9.604077,-1.1484446,0.2002995,35,35,-6.46300809131828,0.878218686770915,-6.42396048382219,0.946427620352913,1.17681903523196,6.58644035478243,-0.821337893766728,0.181972718806221,1.17681903523196,11.0668675356202,-6.44348428757024,0.912323153561914,1.17681903523196,6.58682153369522,-0.820672044850169,0.183135833461319,1.17681903523196,11.2231683693285,3.64723726142033,0.0954191547280084,-0.572079503111743,-7.18854964220952,-6.74313085884487,1.74226682598511,12.768778105918,-4.87358866062989,0.670760160584285,-4.52580561729056,0.66155028010712,4.05053611,0.12035277,-0.839,0.02263227,113.873896744313,-178.192550359788,1302.11846159154,0.597640923576869,0.575978611564277,6.81674405999598,0.143859396539771,-0.925221733560261,-883.976332343054,-884.523096404029,-909.502015704048,-910.402896165129,0.880796665811997,-923.084830852472,0.984178668296338,1817.50790781495,1856.17046375472,NA,2426.04437282329,0.550541902912398,1.02832251796439
"386",-5.76,0.83,-5.86,0.83,1.359326,9.604077,-1.1484446,0.2002995,35,35,-5.74434754133092,0.835503091592778,-6.31860849901168,0.867846336639193,1.29395054822934,6.19631517940174,-0.937375971603429,0.223087302398047,1.29395054822934,9.49974688940818,-6.0314780201713,0.851674714115985,1.29395054822934,6.27875909128085,-0.942019337322143,0.223348823773081,1.29395054822934,9.5999979213707,3.17578104393331,0.0863068782121287,-0.509651418523891,-6.72437755478691,-7.10594582793661,2.02097048520345,9.84233346503387,-4.38976842583342,0.642507323225281,-4.91333798026509,0.686550743376497,5.99627151,0.17780055,-0.875,0.02201037,110.592622591479,-171.630002054121,1296.50923168444,0.630755243941955,0.58668657792039,4.56149710651481,0.109291439769203,-0.659478572969334,-900.19014694079,-900.81882648008,-923.010956737331,-923.676142511635,0.64926042934694,-951.077488963944,0.790694546243615,1849.93553701042,1883.18834582129,NA,2421.38846131475,0.486786658275226,0.741706992881303
"387",-5.76,0.83,-5.86,0.83,1.359326,9.604077,-1.1484446,0.2002995,35,35,-5.87671405076552,0.80563277587102,-6.77893787086484,1.02403319851795,1.36633495312234,10.7447216457324,-1.2211793202136,0.200772185617834,1.36633495312234,9.81108354640244,-6.32782596081518,0.914832987194483,1.36633495312234,10.948223601121,-1.27044083612155,0.212696871770923,1.36633495312234,9.99059398790849,3.04682099138441,0.080368106147399,-0.476363731429829,-7.03470367575574,-6.6357542931612,2.01809268476823,11.1933018375493,-4.21509377664353,0.586367520400631,-5.4191742710323,0.815201933079631,6.62134361,0.10371262,-0.841,0.02580988,81.313110225285,-113.070977321733,1327.37289355954,0.0833461752420912,0.0476465637370466,7.7209636652024,0.186473315792976,-1.16368965166346,-917.865673341285,-919.753695008708,-938.392236520163,-939.544993216343,1.12909219228753,-954.838366489731,0.76969758375037,1885.28658981141,1913.95090538695,NA,2541.67480979734,0.47618930235165,1.09884178161794
"388",-5.76,0.83,-5.86,0.83,1.359326,9.604077,-1.1484446,0.2002995,35,35,-6.28509694941437,0.891999646548436,-7.03060000915939,0.993934963682178,1.55716604863943,11.3278344569725,-1.38150195477292,0.203729311307324,1.55716604863943,5.87840413776646,-6.65784847928688,0.942967305115307,1.55716604863943,11.4667781599948,-1.40050022747774,0.206327013527113,1.55716604863943,5.90396603543064,3.82069123952616,0.0931700145990945,-0.57798901251091,-6.92853510804752,-7.06673392609266,2.17819371802566,6.45678344531852,-4.32345966883926,0.614709575233828,-5.3513653777324,0.754499325168681,6.90253537,0.1206134,-0.929,0.02965177,65.1756507851679,-80.7960584414985,1270.2872744655,0.462261277991736,0.396935632598358,9.27833021802339,0.203610371859596,-1.34289115450388,-926.423942640916,-926.75930598487,-938.769493806809,-939.02914941984,0.252705279647711,-956.330737529647,0.139928953725865,1902.40312841067,1914.70541996025,NA,2459.7784904895,0.549828143170695,1.20618786778976
"389",-5.76,0.83,-5.86,0.83,1.359326,9.604077,-1.1484446,0.2002995,35,35,-5.67474570313337,0.8277263092587,-4.80602425917028,0.796266307640261,1.38984617667268,8.67269970399851,-0.901996645151535,0.168016266796184,1.38984617667268,10.867320268353,-5.24038498115182,0.811996308449481,1.38984617667268,8.86136894079885,-0.9088291396598,0.168263699721642,1.38984617667268,11.1611205560922,2.88819732212898,0.0713327511086316,-0.438890893316507,-6.70110777333929,-6.01981687812013,1.99318157608948,13.3541632403923,-4.00336621245339,0.574217237586248,-3.37569303957027,0.553973157790738,5.66315527,0.09201354,-0.824,0.02887514,56.6457758750335,-63.7363086212295,1292.55032944693,0.340169907142959,0.328734555716858,6.88908591540063,0.177798793647886,-1.03888701778433,-921.601195722685,-922.661224117496,-949.097374927848,-950.809266705242,1.68348195839465,-957.50565729956,1.93057814962268,1892.75763457421,1935.36118220232,NA,2521.36435027264,0.422486736621284,1.15956327724102
"390",-5.76,0.83,-5.86,0.83,1.359326,9.604077,-1.1484446,0.2002995,35,35,-5.64096238722345,0.845205589108032,-6.97901673933059,0.931442113865245,1.40702785725265,10.0834751413188,-1.23217457703681,0.202323574118307,1.40702785725265,7.70335688387082,-6.30998956327702,0.888323851486639,1.40702785725265,10.5310725036171,-1.26102186635231,0.204182758668857,1.40702785725265,8.13763007146083,2.75212307617617,0.0719054578587809,-0.4294000914242,-6.56318743119703,-7.38746688421008,2.04901895216817,8.51067160222138,-4.34297408497218,0.640493093931836,-4.88054268010407,0.646312390845722,6.17132426,0.11672475,-0.895,0.02529733,93.2850936660974,-137.014944203357,1285.69890105648,0.215323680957567,0.211894250828753,8.99838865631214,0.190878220242718,-1.26008427241565,-915.308506163819,-917.560753190499,-930.401993627318,-933.810451821755,3.39300997881031,-949.867862662754,4.14895522943423,1880.17225545648,1897.97041960126,NA,2434.38285790961,0.422559552562603,1.2257747786174
"391",-5.76,0.83,-5.86,0.83,1.359326,9.604077,-1.1484446,0.2002995,35,35,-6.16302775946516,0.836011312447327,-5.64204493508631,0.810066902108652,1.30956099198752,9.91586707115348,-1.27980975077259,0.244166245686323,1.30956099198752,10.5651904820744,-5.90253634727573,0.82303910727799,1.30956099198752,9.98372284697792,-1.28318889881636,0.244334523793278,1.30956099198752,10.6560392000425,2.54070043288926,0.0727752262842988,-0.415354154684863,-7.14002992458197,-6.77361718337073,2.1263674146537,10.5878357257823,-4.80659136923708,0.664953767892037,-4.17309732539085,0.585925190373323,7.23788609,0.15684186,-0.878,0.02412504,90.7520346411043,-131.948826153371,1311.38639243216,0.739475790577553,0.737145113961713,6.211855611113,0.14939342650075,-0.909174337255599,-914.270916967159,-914.657676531199,-932.714395202832,-933.262121812597,0.534164381590532,-965.86003364059,0.648406645167345,1878.09707706316,1902.59522275229,NA,2490.82395871095,0.419694702267736,0.976814214898307
"392",-5.76,0.83,-5.86,0.83,1.359326,9.604077,-1.1484446,0.2002995,35,35,-5.35881220426655,0.805939073593994,-5.66503104230931,0.813858077861159,1.39877486903234,10.5322613477365,-1.29024105638448,0.22409980797805,1.39877486903234,9.21295361481119,-5.51192162328793,0.809898575727577,1.39877486903234,10.5557038419295,-1.29084729345577,0.224115485635196,1.39877486903234,9.25502838406002,2.41092661935645,0.0620966891364119,-0.369395396080206,-6.51497698668389,-6.77401644650214,2.1699608469269,9.68597587388588,-3.64564954971796,0.547856184740072,-4.19765879982761,0.595075704476588,7.03031875,0.16020195,-0.886,0.02849157,54.1839513759267,-58.8126596230159,1274.0752878304,0.650810814064547,0.63134284280498,6.20098005218749,0.136540506138089,-0.878041744781844,-922.880609274478,-923.061169450652,-940.15706883573,-940.44485861355,0.28014269102049,-967.996244325555,0.344360021091918,1895.31646167779,1917.48057001809,NA,2489.33791603778,0.381681792388182,0.887340572360294
"393",-5.76,0.83,-5.86,0.83,1.359326,9.604077,-1.1484446,0.2002995,35,35,-6.99481688056443,0.946596990791218,-6.36276780951568,0.904416876990202,1.34795315368443,10.2561762834334,-1.16686239542238,0.206576309577324,1.34795315368443,10.9300620779963,-6.67879234504006,0.92550693389071,1.34795315368443,10.3560477904868,-1.17352737085854,0.207021100077391,1.34795315368443,11.0271009372652,2.28123854354772,0.0654600352026795,-0.365357179647097,-7.31297819034365,-6.93222732238119,1.97784250935499,12.7228363793012,-5.08343169797275,0.698299591893762,-4.37576883375302,0.641454358001301,5.20381685,0.14675339,-0.827,0.02381284,97.6383951976289,-145.72154726642,1374.98001022653,0.46398443775771,0.400430622543378,9.63450495570871,0.170914777429577,-1.24193344322532,-919.414475763194,-919.812371172436,-941.968060602966,-942.535135869225,0.553110485691036,-954.038647138838,0.635613588793507,1888.38419465523,1921.10255355256,NA,2604.23847318663,0.407478038160834,1.18836164532718
"394",-5.76,0.83,-5.86,0.83,1.359326,9.604077,-1.1484446,0.2002995,35,35,-5.83763022535893,0.854541144092725,-5.89754137746958,0.780976426359873,1.16484323902198,10.563427264205,-1.39151758154656,0.236139772291171,1.16484323902198,8.90681688297823,-5.86758580141426,0.817758785226299,1.16484323902198,10.5643246007418,-1.39041574479804,0.23749271421495,1.16484323902198,9.10357886277512,2.90627832418906,0.0733788539521744,-0.448618677717617,-6.70423644849353,-7.20242715252826,1.96699629822318,8.00690624355866,-4.41869549993596,0.666442447396433,-3.95182849137934,0.51903531290248,5.272891,0.1379832,-0.891,0.023491,103.70290914056,-157.850575152282,1233.85561217635,0.149017603253567,0.128620673077535,7.89910792299645,0.162278948289543,-1.08680429545232,-881.364004184809,-882.352374587821,-893.189195065897,-894.565857745682,1.35056646188525,-937.953964870288,1.66708988298576,1812.28325149846,1823.54482247842,NA,2309.86064920042,0.424022703819095,1.06563027321174
"395",-5.76,0.83,-5.86,0.83,1.359326,9.604077,-1.1484446,0.2002995,35,35,-4.85829606994051,0.674042674015342,-4.78287451801071,0.64639391739791,1.19211816663209,10.2066159388763,-1.06960888202963,0.160329209432891,1.19211816663209,10.4512871489794,-4.82058529397561,0.660218295706626,1.19211816663209,10.2080380415002,-1.07013021006289,0.160520322868514,1.19211816663209,10.4585657960931,3.83715973982598,0.0983349754869971,-0.596449815678017,-6.8002654702408,-6.88956805557409,2.00987947635717,10.5727969854822,-3.42168806448123,0.47801620469181,-3.44160904728225,0.469109338543323,5.70496466,0.09958745,-0.843,0.02637177,74.7326656697719,-99.9100882107064,1230.49962767593,0.96855308490419,0.964799488062554,6.29529249393062,0.126409586352091,-0.86105315193612,-884.448378194045,-884.506295263232,-909.001296679655,-909.045775822872,0.0432220410943055,-952.011201026483,0.0408006117987742,1818.45199951693,1855.16902570594,NA,2361.08916714116,0.567191686686906,0.822213845941429
"396",-5.76,0.83,-5.86,0.83,1.359326,9.604077,-1.1484446,0.2002995,35,35,-6.17459407649611,0.809619164238371,-6.1717143206893,0.78699087835749,1.47794318856915,9.87816485966991,-1.07196221310024,0.184362444036217,1.47794318856915,9.75056076144005,-6.17315419859271,0.79830502129793,1.47794318856915,9.87816693291829,-1.07197850408466,0.184490453866694,1.47794318856915,9.76163605197779,2.63683328665814,0.0641821919746302,-0.395716911757866,-7.30883383115063,-7.44076754710479,2.14517189019384,11.5965061853482,-4.19226878659069,0.548442286741318,-4.97197955032322,0.649081230174153,5.29215408,0.11238404,-0.795,0.02266441,112.595179649957,-175.635116171078,1395.68881607219,0.604664702067421,0.527259540889216,8.11471322887612,0.153071691177104,-1.07809489162528,-933.580089594411,-933.634951736959,-957.23652448185,-957.308601770178,0.0700539974870718,-970.938386064478,0.0766560345035379,1916.71542231766,1951.63948131033,NA,2615.74251597331,0.389652992341289,1.02390008100633
"397",-5.76,0.83,-5.86,0.83,1.359326,9.604077,-1.1484446,0.2002995,35,35,-4.63807730451717,0.679495174114677,-5.5276228607568,0.812175430753176,1.36297993301444,9.35773989680312,-1.0649605148067,0.166300331990327,1.36297993301444,7.68671719910205,-5.08285008263699,0.745835302433927,1.36297993301444,9.55556272095953,-1.09446679798008,0.170701344615742,1.36297993301444,7.72172246128849,2.95598221397867,0.0737529979271765,-0.453041367668971,-6.54756212016806,-6.64663304100071,2.06022506765486,8.39701749209692,-3.16027394296119,0.457812475136557,-3.62187789383512,0.524221975843508,5.50028232,0.09969845,-0.888,0.03058342,48.0417131639241,-46.5281831990108,1194.99236779489,0.802923490557757,0.763487340249016,6.69885928507875,0.155981598682956,-0.984784173487376,-904.108432148338,-904.747491141835,-922.475528624769,-922.757043993575,0.274022714694103,-950.783345629472,0.0603301851690241,1857.77210742551,1882.11748959617,NA,2343.45655239077,0.429629067977202,0.955570471903622
"398",-5.76,0.83,-5.86,0.83,1.359326,9.604077,-1.1484446,0.2002995,35,35,-6.33460116969272,0.877190806888772,-6.35149697312814,0.891250861560573,1.31470068737392,10.7157874045581,-1.31400437646217,0.209272344681066,1.31470068737392,8.03552673372347,-6.34304907141043,0.884220834224673,1.31470068737392,10.7158587716016,-1.31406376544217,0.20932176596541,1.31470068737392,8.03883701268271,1.80563967785848,0.0523373872059077,-0.292608076600959,-7.06626656293748,-6.99939619895603,1.97468513258878,8.48132169845447,-4.67809379696243,0.655464580188095,-4.03381932179944,0.553212484279948,4.5972393,0.08772192,-0.843,0.02420599,103.394540939107,-157.233838749377,1277.15412386431,0.592929959880216,0.521091633790693,10.0636855451608,0.212038287658872,-1.43211362867153,-902.070008007394,-902.092330169762,-916.395588043483,-916.421228728045,0.024912655992534,-940.706406668858,0.0284215393962096,1853.69525914363,1869.95760843359,NA,2397.07440897924,0.31786249419625,1.26127437902067
"399",-5.76,0.83,-5.86,0.83,1.359326,9.604077,-1.1484446,0.2002995,35,35,-6.91605578621455,0.957908318829652,-5.36663824950482,0.73726858409565,1.34785499912856,7.47872806841802,-0.882128142697944,0.166054959640352,1.34785499912856,8.52651911390758,-6.14134701785968,0.847588451462651,1.34785499912856,8.07890174418394,-0.967593911270907,0.178225432776225,1.34785499912856,8.64260937463844,2.76834287292079,0.0763575869045555,-0.44201413093996,-7.16682713057101,-6.93192403850357,1.94480654491862,9.99366355526181,-5.07021612818152,0.708479785897855,-4.1428185760156,0.571172444934503,6.13035497,0.13240816,-0.871,0.02527068,87.2926773899628,-125.030111651088,1297.92750017649,0.487156543082775,0.433614104492522,6.15356654944294,0.138291969926887,-0.879036355227465,-905.211213220195,-907.234810448921,-926.201476569332,-927.049341677677,0.8286487052941,-942.150863386467,0.307118217945765,1859.97766956923,1889.56938548529,NA,2470.82488870189,0.450726369262297,0.895674002742039
"400",-5.76,0.83,-5.86,0.83,1.359326,9.604077,-1.1484446,0.2002995,35,35,-5.4266779687189,0.798596420912204,-5.03479096042372,0.712398425047291,1.43060693980309,7.45708867001431,-0.966600986507771,0.182372130167502,1.43060693980309,7.03621646159018,-5.23073446457131,0.755497422979747,1.43060693980309,7.49548252683194,-0.975045955187906,0.184229653790284,1.43060693980309,7.0568114455246,2.51201659077617,0.0631149070051406,-0.385595795656317,-6.62658837575748,-6.74824672138618,2.15366196004193,7.50657707398105,-3.43123835922387,0.493958493274307,-3.79330869544722,0.542436241562155,3.73771619,0.09625387,-0.84,0.03167666,45.338652758177,-41.1220623875166,1206.40399698822,0.852612092787618,0.813104445536104,7.25931870373382,0.167735100728508,-1.06692416722204,-912.95134343034,-913.220800339083,-928.891171060774,-929.070335562415,0.17426844015892,-958.165828063375,0.0961387333087226,1875.45792998952,1894.94877446818,NA,2371.68593158892,0.369804141335273,1.01588266857263
"401",-5.76,0.83,-5.86,0.83,1.359326,9.604077,-1.1484446,0.2002995,35,35,-4.72325297466396,0.672310264175922,-5.68444216993195,0.784100318535434,1.41520102084983,8.49274185949863,-0.975378164838472,0.150549406442128,1.41520102084983,6.42207598164775,-5.20384757229796,0.728205291355678,1.41520102084983,8.72371302677361,-1.00224101293567,0.153673660505554,1.41520102084983,6.49557056855476,3.20675016414,0.0858152845802031,-0.509580166036491,-6.67554362449215,-6.97071660377763,2.08946646194258,7.09565794675375,-3.52899936419207,0.50012676298305,-4.22615394114082,0.58654533419695,5.6903507,0.1088993,-0.898,0.0301566,54.4704532658446,-59.3856634028519,1197.64281176355,0.638703136670704,0.57064546692256,5.63844620749808,0.115918506316125,-0.779238179984695,-903.966214274747,-904.676057537752,-920.673535642567,-921.363277511786,0.673346907527515,-949.019000684861,0.612932435236615,1857.48767167833,1878.51350363176,NA,2335.89996012424,0.489507467698967,0.748791832440845
"402",-5.76,0.83,-5.86,0.83,1.359326,9.604077,-1.1484446,0.2002995,35,35,-6.2814186452376,0.876784426256682,-6.23761557091148,0.892187482155128,1.28982943063456,9.36741044024655,-1.09497132706385,0.198334253297986,1.28982943063456,10.4847189938952,-6.25951710807454,0.884485954205905,1.28982943063456,9.36789011757666,-1.09480265176325,0.198393566830739,1.28982943063456,10.4975960560604,2.86217700667686,0.0766922941072456,-0.451739698288141,-7.01550514912931,-6.87993465360614,1.91724968010467,11.9407233897102,-4.26393816961487,0.583733395226972,-5.20976690436869,0.754176154456551,5.29059529,0.09546309,-0.785,0.0231775,106.196718279553,-162.838193430268,1328.16771755749,0.272711658370306,0.258160150581711,8.23545493453325,0.188906558870282,-1.21442935289936,-906.957269360561,-907.007364329349,-928.506043475939,-928.584485916915,0.0762439401174932,-944.361619650238,0.0881536096377711,1863.46978184996,1894.17851929851,NA,2493.49724168471,0.450182247507121,1.11517522740163
"403",-5.76,0.83,-5.86,0.83,1.359326,9.604077,-1.1484446,0.2002995,35,35,-6.17680050576576,0.760825893443843,-6.89765819761667,1.10938221085696,1.15893992286932,6.29516614606411,-0.8235943033701,0.154195397835095,1.15893992286932,7.08612596610636,-6.53722935169122,0.935104052150402,1.15893992286932,6.42507509903928,-0.886409178982719,0.184568274437244,1.15893992286932,8.70683594636788,3.39305507666817,0.0969337834876973,-0.556178718830421,-7.60173794158851,-6.24598729014515,1.71833298454986,7.63758857047217,-4.78320897492932,0.591763177587284,-4.88844397595195,0.786913982925391,3.41751441,0.08476757,-0.825,0.02077203,143.374072288484,-237.19290144813,1269.8233662122,0.000137780775464831,0.000226193011531305,7.02204260414159,0.188282466908284,-1.06787155974385,-862.456370531222,-871.986338887733,-877.729267014016,-890.516910739104,13.6293051975359,-903.376085109642,14.7369213093898,1774.46798419128,1792.62496637466,NA,2302.45383097627,0.550800492506544,1.26000344678995
"404",-5.76,0.83,-5.86,0.83,1.359326,9.604077,-1.1484446,0.2002995,35,35,-6.4627774738938,0.876518026986845,-4.90742305628158,0.650404172193365,1.24093555130985,12.1415233089642,-1.40564218455855,0.21151413616777,1.24093555130985,9.69521523957061,-5.68510026508769,0.763461099590105,1.24093555130985,12.7463051500606,-1.49356398029264,0.224296005000162,1.24093555130985,9.81735244554662,2.36398609403753,0.0610295342321302,-0.367580393656232,-7.19845111569911,-6.99022453350651,2.07136375193838,9.40022642730036,-4.84236986932133,0.655645019906056,-3.04336656768858,0.400261413842375,5.53721853,0.11030517,-0.871,0.02609233,83.4882745388957,-117.421305948954,1273.09984576197,0.0510512511765837,0.0373191135090464,9.90259108290833,0.187887765657743,-1.32933506192613,-895.981901601969,-897.560338386396,-914.052699142421,-914.84755509893,0.77654631723917,-955.654612382016,0.23950806178585,1841.51904633277,1865.27183063147,NA,2428.77838557499,0.356081277281741,1.21474465521973
"405",-5.76,0.83,-5.86,0.83,1.359326,9.604077,-1.1484446,0.2002995,35,35,-7.19411853516024,1.0738680850948,-4.21897099289877,0.612032441191694,1.40901220382434,10.9023807010204,-1.33906778207836,0.217887335130447,1.40901220382434,8.03327050050312,-5.7065447640295,0.842950263143246,1.40901220382434,13.1152564255765,-1.68257507730012,0.271210375625296,1.40901220382434,8.4007536670421,3.57084474833751,0.0920944522367675,-0.557568664039813,-6.754031598996,-6.530381313986,2.28575037173228,7.82559013653803,-5.18364596890283,0.785233232780073,-2.81348560518007,0.398869182481542,5.82549211,0.11415378,-0.865,0.02841064,62.9577982779413,-76.3603534270452,1254.9013431281,0.00233417100178134,0.00135410940848881,11.287715943673,0.267143162147178,-1.7046868823486,-918.625574556266,-924.468396745377,-933.351674200371,-936.142950791785,2.766313188923,-974.037941145284,0.29506202554616,1886.80639224137,1903.86978074737,NA,2433.44233282916,0.527554048992526,1.50654836982673
"406",-5.76,0.83,-5.86,0.83,1.359326,9.604077,-1.1484446,0.2002995,35,35,-6.06415023860666,0.865671672237152,-5.09300292170351,0.690684953235165,1.25194496497555,11.0228292102027,-1.35244629917077,0.231246055524426,1.25194496497555,10.3526371209219,-5.57857658015509,0.778178312736158,1.25194496497555,11.2586109879847,-1.39493076983389,0.238901143481196,1.25194496497555,10.4105540260959,3.0312130433138,0.0739497674857102,-0.457226130486758,-6.86444365530145,-6.93582192893158,2.10566202233285,9.95258033241857,-4.26002707438611,0.606555117164327,-3.46803949371544,0.468578205240658,4.91065792,0.12092496,-0.835,0.02488995,87.8193575145236,-126.08347190021,1271.44324092897,0.450669138000454,0.389388625833347,9.26229874308917,0.190169608220889,-1.29114968320973,-903.2022074685,-904.087636899509,-920.39247257394,-920.748678528052,0.346910546851729,-961.489338720233,0.0262889917129089,1855.95965806584,1877.95137749451,NA,2416.80300995774,0.441776809398126,1.18394326334694
"407",-5.76,0.83,-5.86,0.83,1.359326,9.604077,-1.1484446,0.2002995,35,35,-4.88127832386557,0.718302490489053,-5.93600013368268,0.819497171221191,1.35177086678334,10.7204747471178,-1.31732432069762,0.214861194246056,1.35177086678334,8.27526035218569,-5.40863922877413,0.768899830855122,1.35177086678334,10.9985842711438,-1.34400737989903,0.217421285098176,1.35177086678334,8.42424258684306,2.39679697760251,0.0672916734068701,-0.389676104449512,-6.55955919071993,-7.01138927886357,2.15429135951076,8.23933354409803,-3.40250932738816,0.49936585523057,-4.13680078827,0.56499408588382,5.57893452,0.10473056,-0.867,0.02922756,57.7222100747538,-65.8891770206702,1237.47383386254,0.480353720006136,0.401443565428753,7.98382654060789,0.177568853078187,-1.15631546464728,-910.164453214233,-911.054770867906,-925.041222835937,-926.156651104447,1.09223801511016,-961.129472048932,1.22054043640743,1869.8841495573,1887.2488780185,NA,2409.05849070441,0.38247603031536,1.07250079869044
"408",-5.76,0.83,-5.86,0.83,1.359326,9.604077,-1.1484446,0.2002995,35,35,-5.12529399167577,0.748104525622158,-4.58903194622502,0.628076317661592,1.36986099766834,9.05103654322519,-0.893445046924651,0.155542656678102,1.36986099766834,11.0406972324942,-4.8571629689504,0.688090421641875,1.36986099766834,9.12293078857294,-0.90953669000283,0.159144349354658,1.36986099766834,11.0844986526098,2.83687568706675,0.0668021328985722,-0.421503657642215,-6.62602204507415,-6.80485700297552,2.12972130294087,12.54772272359,-3.72821011786916,0.534295196653767,-3.27717164285995,0.459748841693815,6.57812724,0.10958009,-0.865,0.02715115,66.1432099894397,-82.731176850042,1270.68937661197,0.775133340489809,0.752891940016505,5.32156590213903,0.126318722754504,-0.75526532220151,-917.675490277445,-918.26798266717,-946.564117540303,-946.818300162628,0.247369110803883,-971.715353898895,0.131905444106961,1884.90622368373,1930.29466742723,NA,2458.64757637391,0.399576170677931,0.900050974984114
"409",-5.76,0.83,-5.86,0.83,1.359326,9.604077,-1.1484446,0.2002995,35,35,-5.65455665829151,0.912952163641133,-5.16356857375378,0.755244450721678,1.3331231358539,7.67248517898433,-1.0432550360246,0.199616714646577,1.3331231358539,7.440249844066,-5.40906261602265,0.834098307181406,1.3331231358539,7.73275250377384,-1.06261318799539,0.205834645325148,1.3331231358539,7.61379475862833,2.81127479854678,0.0730868339197341,-0.434601474805635,-6.1731651419653,-6.6217588010063,2.02461070130146,7.70371298897187,-4.38725011808899,0.717863708070701,-3.41353023833042,0.499806203975848,4.27618301,0.10160359,-0.868,0.02876502,64.9539541072151,-80.3526650855927,1192.71767066346,0.0551911445729011,0.0426812856251155,6.38165136251675,0.170978969149957,-0.996282466213219,-900.415232508754,-901.662392456086,-915.034195927632,-916.458909379499,1.39818777977707,-943.828593066249,1.35896143647093,1850.38570814635,1867.23482420189,NA,2305.08267624134,0.441156944732883,1.04500826205333
"410",-5.76,0.83,-5.86,0.83,1.359326,9.604077,-1.1484446,0.2002995,35,35,-6.22791630759538,0.915171189990927,-5.25147536621326,0.729554394359104,1.28593571102279,10.2932246840431,-1.20186876527827,0.219062599919162,1.28593571102279,11.7153261056622,-5.73969583690432,0.822362792175015,1.28593571102279,10.5315839120449,-1.24717972494404,0.227675998624318,1.28593571102279,11.7862664362106,2.62618246633494,0.0681963960009433,-0.403522030428122,-6.73330440649414,-6.86272030146292,2.05409015003056,12.3983818621203,-4.2852554797993,0.646157137314048,-3.75473249798393,0.526209958281306,6.51436915,0.16756604,-0.853,0.02601994,70.0909024971762,-90.6265618655151,1320.83870512613,0.572962163128026,0.559173382880336,7.00372737740888,0.141975446333762,-0.952333770899867,-912.559581419836,-913.588009776939,-934.890669599401,-935.280122606266,0.379380161955999,-962.468654408615,0.0724186375792328,1874.67440596851,1906.94777154543,NA,2551.05084838674,0.42022986450478,0.95736246846186
"411",-5.76,0.83,-5.86,0.83,1.359326,9.604077,-1.1484446,0.2002995,35,35,-4.90640799116925,0.721086236957665,-5.15325673178355,0.741518484372339,1.16491835367355,8.88268987660872,-0.965464226813266,0.173298463949718,1.16491835367355,11.928026059265,-5.0298323614764,0.731302360665002,1.16491835367355,8.89792345179443,-0.966725145448823,0.173402833133322,1.16491835367355,11.9405811487909,2.48343739343305,0.0614054944927788,-0.376301949335822,-6.56810401691318,-6.69322271467969,1.89268513767646,12.6706089634502,-3.82877477100874,0.564949136346069,-3.81718540622118,0.549342017328082,6.19295013,0.13334132,-0.808,0.02211741,103.453454087439,-157.351665046041,1264.77250851961,0.968251778513098,0.962146566731551,4.23697866482434,0.0940060268830594,-0.606065219245923,-886.288383064049,-886.344372885768,-911.837202955395,-911.905150667365,0.0660383947131601,-943.122717675254,0.0719987837200481,1822.13200925693,1860.84083825742,NA,2372.19335199318,0.36848992722321,0.594346712137896
"412",-5.76,0.83,-5.86,0.83,1.359326,9.604077,-1.1484446,0.2002995,35,35,-5.85596544718262,0.786216228599626,-5.93059655125903,0.864189661074391,1.42033910063422,8.57324514867214,-0.971008685760183,0.173610514742664,1.42033910063422,8.88691529847009,-5.89328099922083,0.825202944837008,1.42033910063422,8.57463759909605,-0.972463496598735,0.175130478785638,1.42033910063422,8.99008854637801,2.72865535050204,0.0694271524354947,-0.419493609397764,-7.1296338363995,-6.7397194069618,2.02982433952738,10.6160518324336,-3.88368221570991,0.519210315475642,-3.75198884915315,0.558670479684458,3.70813731,0.09913801,-0.814,0.02889793,63.9625669763431,-78.3698908238487,1291.37040208173,0.458027604707636,0.435419678129171,9.8624285574822,0.191522349817097,-1.32247111632772,-919.830811158032,-920.394260188741,-941.634168344694,-942.360856558962,0.709602605660439,-954.561026457351,0.76730597296279,1889.2168654449,1920.43476903602,NA,2504.37091333961,0.413054536662635,1.28523135082889
"413",-5.76,0.83,-5.86,0.83,1.359326,9.604077,-1.1484446,0.2002995,35,35,-6.6169769161349,0.901871766324075,-6.37539982770722,0.936847899072439,1.23513215636046,8.85995594687634,-1.18543300537127,0.224620290378589,1.23513215636046,9.28969494224002,-6.49618837192106,0.919359832698257,1.23513215636046,8.87454581928964,-1.18332064729282,0.224926122844097,1.23513215636046,9.4353242618655,2.83675841331038,0.0824898593313837,-0.463986662820208,-7.20159953975138,-6.75164370317628,1.92090352938487,9.51044905728215,-4.75217978611676,0.650061301063608,-4.54760087525746,0.682879622701064,4.32575144,0.15430454,-0.865,0.02324392,108.922218842311,-168.289194555784,1303.21766959892,0.413443646085535,0.385589635068566,9.27920236761878,0.180883090691076,-1.26333399658652,-894.335707756695,-894.94832408506,-910.198488026524,-911.182247805535,0.962399156643663,-937.547765717259,1.19332822969324,1838.22665864223,1857.56340839968,NA,2438.14614464206,0.487318892421086,1.14770931186078
"414",-5.76,0.83,-5.86,0.83,1.359326,9.604077,-1.1484446,0.2002995,35,35,-5.44992144221589,0.80490160798855,-5.16157337886991,0.800532943717849,1.35486987377981,8.66098329546405,-0.948895086757539,0.174790727458194,1.35486987377981,10.3396332468295,-5.3057474105429,0.8027172758532,1.35486987377981,8.68176944687288,-0.949210010728005,0.174795498765072,1.35486987377981,10.3841047075639,3.2370335206887,0.0882364542226723,-0.517293625810609,-6.61226717624568,-6.34994648414611,1.98815403980196,12.2107172453877,-3.93412383251253,0.583436942250907,-4.0117547844062,0.612892618545588,5.60379825,0.09120973,-0.832,0.02752541,67.7623390732942,-85.9694350177511,1269.15269446315,0.906374654376696,0.865043627982441,6.18920648699252,0.163783623208074,-0.957549659245435,-914.847304265025,-915.011517309963,-939.668985030459,-939.942972191548,0.266680523445373,-953.98149027515,0.31177094053041,1879.24985165889,1916.50440240755,NA,2452.33595390855,0.508691520103119,1.01410990233978
"415",-5.76,0.83,-5.86,0.83,1.359326,9.604077,-1.1484446,0.2002995,35,35,-4.95981816949339,0.777649074298189,-5.69697700940956,0.796943781846919,1.48642538956015,9.61849264813196,-1.26874465675152,0.216273753241724,1.48642538956015,6.4203257748309,-5.32839758945147,0.787296428072554,1.48642538956015,9.7543434369486,-1.27230047280981,0.216366824676572,1.48642538956015,6.64877659502421,2.48433893732464,0.0637714120979048,-0.380772401841154,-6.28452744711731,-6.90673341234601,2.26162827893733,6.39640358030438,-3.88074863586634,0.603161686114126,-3.95406515953788,0.554676765140991,4.83853744,0.11554799,-0.879,0.03295143,36.3965009694577,-23.2377588100781,1208.89824145337,0.378223149236602,0.360964571317006,7.39627114000599,0.161617551978237,-1.05628131267789,-921.801886863335,-923.208218957407,-932.687160245693,-934.80975286128,2.09352746018743,-965.255499711031,2.75406049951297,1893.15901685551,1902.54075283801,NA,2394.55872409666,0.3893821109742,1.00451225797411
"416",-5.76,0.83,-5.86,0.83,1.359326,9.604077,-1.1484446,0.2002995,35,35,-6.71229338500624,0.964578585219754,-6.41835349605632,0.880874999236488,1.58308557495352,8.20586497308333,-0.877544973358749,0.143697168523922,1.58308557495352,7.10785108163799,-6.56532344053128,0.922726792228121,1.58308557495352,8.22746513766231,-0.883695929050908,0.145448741100536,1.58308557495352,7.14085690676133,3.2431293800132,0.0819500770018529,-0.498299083969278,-6.92332500827407,-7.12806942465115,2.03177369915125,9.59809657574037,-4.45892725483525,0.64473716776375,-4.0236570392897,0.555657716910301,2.70699111,0.05864293,-0.734,0.03150906,54.7647775782031,-59.9743120275687,1308.8818790408,0.613349816604816,0.565520661675947,12.3580484031165,0.248534272739389,-1.71208293238509,-932.790291851693,-933.179993629929,-954.325261929377,-954.609642809134,0.27681762846755,-951.586228825307,0.231668980893519,1915.13582683222,1945.81695620538,NA,2557.78944605403,0.483019650001659,1.53743290512018
"417",-5.76,0.83,-5.86,0.83,1.359326,9.604077,-1.1484446,0.2002995,35,35,-6.88845519503561,1.0050537387264,-6.2751542346357,0.898667135041184,1.38281496916931,11.3004795562261,-1.27680327497765,0.208030997459566,1.38281496916931,10.1220537364095,-6.58180471483565,0.951860436883794,1.38281496916931,11.394514073233,-1.29311502653111,0.210860524820485,1.38281496916931,10.1405102524171,2.57187891862734,0.0644670464745608,-0.395143909473208,-6.85834632745873,-6.8788692221738,2.01450484320784,11.7465760974987,-4.79852332503311,0.703030891959262,-4.76336940122853,0.67402452164097,8.51980632,0.16876596,-0.896,0.02510706,81.1657045376883,-112.776165946539,1334.72857157525,0.875227949000914,0.897113424367262,7.64427173662898,0.167830119369018,-1.08751800254529,-922.447469512484,-922.795075353845,-943.314685786298,-943.430751161083,0.112842746336491,-955.955565872081,0.00195192145080611,1894.45018215381,1923.79580391922,NA,2556.68097720396,0.374839944061795,1.06667366322521
"418",-5.76,0.83,-5.86,0.83,1.359326,9.604077,-1.1484446,0.2002995,35,35,-5.66602622896274,0.793797379770339,-6.0866781262044,0.900039109218408,1.23741449633851,8.74966508088173,-0.965918934070845,0.184063094085234,1.23741449633851,11.9956771366777,-5.87635217758357,0.846918244494373,1.23741449633851,8.79390208554498,-0.977091630335486,0.186884920354263,1.23741449633851,12.0478226446126,2.95914267903392,0.0765189912147978,-0.459173827091791,-6.89452808127758,-6.68221924662011,1.86063257375717,13.8617006563902,-4.68523434259957,0.673483902582213,-4.44155589547485,0.656648118627237,4.66490652,0.1014534,-0.767,0.02282688,105.939460278291,-162.323677427746,1307.32101004857,0.90744709342852,0.919907658948708,6.72433443047331,0.153260205572058,-0.967910422485014,-900.866837570641,-901.309333437362,-926.993964670677,-927.274279564141,0.272851849294286,-941.861991214375,0.193978664566068,1851.28891827012,1891.15436168798,NA,2452.3183426694,0.451310601745133,0.98487652128132
"419",-5.76,0.83,-5.86,0.83,1.359326,9.604077,-1.1484446,0.2002995,35,35,-6.45968162534956,0.961544903515837,-5.42018744409502,0.71338933869037,1.43011939674714,12.1550207600611,-1.52870913155105,0.242075076648787,1.43011939674714,7.70164647664794,-5.93993453472229,0.837467121103103,1.43011939674714,12.4251577982767,-1.59319819797156,0.257470372737249,1.43011939674714,7.91523185552078,3.06692056031615,0.0799248810535189,-0.478868895843234,-6.68878713918408,-7.12773959799057,2.27133559749757,7.43325815016428,-4.46147797982608,0.663821452259226,-3.63334914259773,0.484339993711204,6.16259827,0.12059146,-0.906,0.02944138,59.4843360168344,-69.4134289048314,1262.16488273335,0.122672726006218,0.102370475640767,9.26933893359633,0.213317583172777,-1.3543005865796,-922.053523226666,-924.463439982448,-934.376433405106,-936.073863431847,1.66908708625773,-970.896459707565,1.19703054181252,1893.66228958217,1905.91929915684,NA,2454.91633656186,0.466293059382585,1.31403382009547
"420",-5.76,0.83,-5.86,0.83,1.359326,9.604077,-1.1484446,0.2002995,35,35,-5.72451293696799,0.766868163321558,-5.01835381861084,0.669188008039156,1.3349314614944,7.67492144183041,-1.15481901278119,0.250002245767374,1.3349314614944,8.97572903662375,-5.37143337778942,0.718028085680357,1.3349314614944,7.79958661694014,-1.17206344586499,0.252387598951373,1.3349314614944,9.0017255882792,2.73004729454282,0.0720218345945881,-0.422504295706085,-7.11345209241636,-6.98924606255625,2.31840652528926,7.99499309752949,-3.90807807051241,0.524389887914808,-3.06566319750458,0.394446968749892,3.13517816,0.09986616,-0.806,0.02658757,82.684456262543,-115.813669396249,1270.30372134042,0.382834246605159,0.340997943133968,8.81485297738496,0.204964884489979,-1.29556378508268,-909.250395847296,-909.672418700255,-927.06632247742,-927.248503809048,0.177206648865581,-978.178891022295,0.0880322692062282,1868.05603482343,1891.29907730147,NA,2424.79377328459,0.443286221697043,1.25394231906864
"421",-5.76,0.83,-5.86,0.83,1.359326,9.604077,-1.1484446,0.2002995,35,35,-4.90740846510464,0.714502427668267,-5.92178837498297,0.799129386524727,1.29413695624147,10.9914957628549,-1.36977552401641,0.243867227552186,1.29413695624147,10.6702049692986,-5.4145984200438,0.756815907096497,1.29413695624147,11.2487374132461,-1.39123649574093,0.245657658093509,1.29413695624147,10.8584982249064,2.71492568374258,0.0788251067280624,-0.448877757302364,-6.60832912290369,-7.11852351081756,2.19731036389068,10.1844823925489,-4.01964238543611,0.578174577105904,-3.93012252765027,0.526653083086631,7.38043047,0.15428294,-0.879,0.02391691,90.6257326007241,-131.696222072611,1289.60949139863,0.709726017995959,0.665375600008473,6.32955470738501,0.145722871817875,-0.911904322864784,-912.729290918999,-913.626470304196,-930.444399295995,-931.56480182471,1.09714794341778,-972.660679749972,1.26040762353585,1875.01382496684,1898.05523093862,NA,2447.52276072466,0.446152416021514,0.947137166673332
"422",-5.76,0.83,-5.86,0.83,1.359326,9.604077,-1.1484446,0.2002995,35,35,-6.49807594633578,0.942459206415995,-6.54930056551165,0.961750678804291,1.46006951890351,9.73722308109383,-1.30329496616336,0.22156252981344,1.46006951890351,6.31616934769936,-6.52368825592372,0.952104942610143,1.46006951890351,9.73787907149625,-1.30354201574497,0.221655570040167,1.46006951890351,6.3191682266245,3.24307313126744,0.0812270834608466,-0.500035292011706,-6.84088910468889,-6.77718012342599,2.12367774228265,6.5175960769672,-4.5789055316196,0.659030422317651,-4.4964361482077,0.642746780049668,4.67509483,0.10584505,-0.904,0.02970111,66.9417619899261,-84.3282808510149,1244.10351896822,0.985227369511398,0.989144963677059,9.73909788206755,0.225970590274009,-1.44255643367032,-917.483615484481,-917.509392088379,-927.314555036307,-927.343241976616,0.0278730244227794,-950.405101434693,0.030253852134694,1884.5224740978,1891.79554241924,NA,2403.87875708542,0.464925354247874,1.3353627596086
"423",-5.76,0.83,-5.86,0.83,1.359326,9.604077,-1.1484446,0.2002995,35,35,-5.59244751986116,0.816115874498279,-6.06751059472013,0.816322586697153,1.40343297955173,7.47760247018324,-0.714818566760505,0.132269509780746,1.40343297955173,9.95311454038937,-5.82997905729065,0.816219230597716,1.40343297955173,7.53402370145685,-0.714843117093708,0.13226952046323,1.40343297955173,10.0930940639266,3.15916396503456,0.0801296384067176,-0.492841130018441,-6.68798155593964,-7.16181309300859,1.89545797773334,13.2386916057722,-4.08620919926268,0.590681295500611,-4.24799913772861,0.569878648649695,5.28089547,0.11299761,-0.829,0.02455762,89.9887319133948,-130.422220697952,1312.13284151497,0.67082189665449,0.64889025833084,6.58037939790703,0.13371152965855,-0.885323348585138,-916.008684347183,-916.518022912838,-945.869284692873,-946.758208362372,0.869032051608188,-944.906406104022,0.989944034512942,1881.5726118232,1928.90500173237,NA,2493.843462332,0.447029667067931,0.940416820950907
"424",-5.76,0.83,-5.86,0.83,1.359326,9.604077,-1.1484446,0.2002995,35,35,-5.14707937028113,0.749829146869219,-6.43954331338923,0.935408626706451,1.37758576933252,8.61039859967745,-1.05306502171692,0.185446552714526,1.37758576933252,7.91675034368161,-5.79331134183518,0.842618886787835,1.37758576933252,9.02801436073608,-1.11302871828452,0.194056488548691,1.37758576933252,7.99448131929527,3.84698680619074,0.102639088252242,-0.614499773890857,-6.63753257656943,-6.8243620011746,2.02600992981331,8.8185572328885,-3.37058599971947,0.488910737876297,-4.60654516897427,0.667905363038116,4.04662225,0.07795766,-0.828,0.02923903,63.1007314597103,-76.6462197905833,1242.29837262257,0.168622023160772,0.116192009892348,8.77124656437869,0.203361562527313,-1.29700565163165,-909.849896815245,-911.126627682195,-926.916559623775,-927.524133972091,0.592783933383793,-948.216213146402,0.208808545568837,1869.25503675933,1890.99955159418,NA,2407.95052545456,0.570245149190729,1.20856188974877
"425",-5.76,0.83,-5.86,0.83,1.359326,9.604077,-1.1484446,0.2002995,35,35,-5.39642648874567,0.860271945872258,-6.54003562708282,0.926427743005315,1.42135486036865,10.7487748350349,-1.25972807806941,0.204466588193223,1.42135486036865,8.65622707258381,-5.96823105791424,0.893349844438787,1.42135486036865,11.075735300357,-1.27864217160825,0.205560735566801,1.42135486036865,9.0088615246644,2.17394920071766,0.0682613541509235,-0.364948350473785,-6.22889007783632,-6.97836009597796,2.06417763921978,9.84850314565084,-3.53229217327546,0.558245637931578,-4.41251447175921,0.624678943564897,4.42965484,0.09843649,-0.837,0.02887843,61.7635773946031,-73.9719116603688,1267.32707427048,0.216520492468054,0.194649469376047,10.5775871751533,0.22416421384407,-1.48813452610368,-922.276147229597,-923.873615705779,-940.156674468889,-942.667424201586,2.48328281441956,-956.280147984488,2.98496058589161,1894.10753758803,1917.47978128441,NA,2460.68223688058,0.417983105965811,1.41128058101533
"426",-5.76,0.83,-5.86,0.83,1.359326,9.604077,-1.1484446,0.2002995,35,35,-5.84850605092001,0.873974768078721,-6.2248000263072,0.865479847337402,1.47349775351436,11.2404896203407,-1.21010787596329,0.196392265527019,1.47349775351436,10.1928085924429,-6.03665303861361,0.869727307708061,1.47349775351436,11.2758889093189,-1.20930872908921,0.19641030644662,1.47349775351436,10.3011405584698,3.31340007387819,0.0881270206139016,-0.525882696361405,-6.5993317711813,-7.02623628611621,2.10579016098569,12.3061482240945,-3.63376597486093,0.532007280219759,-4.11593671489812,0.589463617252847,4.90168722,0.10415403,-0.833,0.02975794,51.4541384609184,-53.3530337929995,1326.03968067734,0.787234638418273,0.72920215786206,10.9862707352804,0.219529366038592,-1.49349843880116,-935.804414242188,-936.205602517297,-959.32043967588,-959.994691778185,0.658152386774603,-968.317036973693,0.774000084486118,1921.16407161321,1955.80731169839,NA,2598.72632756168,0.499625265849362,1.45266076838378
"427",-5.76,0.83,-5.86,0.83,1.359326,9.604077,-1.1484446,0.2002995,35,35,-5.51514006590479,0.878535818976172,-6.98403935186646,0.89526977881573,1.22353239909302,10.49446041376,-1.22334781315881,0.207078299233011,1.22353239909302,10.8524735118244,-6.24958970888562,0.886902798895951,1.22353239909302,11.0338766918347,-1.22949293857372,0.207148305585989,1.22353239909302,12.1936711953251,2.12729164418233,0.064119937893613,-0.354867085769765,-6.23879222518134,-7.60799490866258,1.87525750775913,11.8507929738092,-4.01193616029887,0.643011236474591,-5.17378814019545,0.670771518372789,5.0081768,0.08333489,-0.843,0.02621141,88.2310895409126,-126.906935952988,1325.97809768436,0.00665123507860175,0.00634683063833397,9.50762824417127,0.19424974462151,-1.26103899620833,-897.616616583858,-902.096010930694,-917.784252571022,-925.288300083061,7.69471810142103,-938.691841380111,9.2574548929813,1844.78847629655,1872.73493748867,NA,2525.04925941572,0.375050165677265,1.44435145153993
"428",-5.76,0.83,-5.86,0.83,1.359326,9.604077,-1.1484446,0.2002995,35,35,-5.40540150505433,0.760510020425707,-5.68512428534777,0.864020990688493,1.33273505786232,10.6175992457698,-1.46437135227743,0.27835801336826,1.33273505786232,9.86428186955422,-5.54526289520105,0.8122655055571,1.33273505786232,10.6371604542235,-1.47160994637562,0.281036643609446,1.33273505786232,9.95669818358129,3.09589519255358,0.0851176915397464,-0.49733672133781,-6.83222083058074,-6.49525203556291,2.26994004996241,8.98999643451876,-4.28232150883565,0.605621639802472,-4.03301465896623,0.619516857226621,6.86309484,0.16355049,-0.884,0.02845327,54.4069877257989,-59.2587323227604,1272.41376964455,0.570804838938352,0.512542935839612,6.1518027694165,0.158011298463067,-0.935323854863554,-917.939708666459,-918.420894950966,-932.635667335331,-933.228599517613,0.578437620571253,-976.67491777364,0.595863263028777,1885.43466046176,1902.43776701729,NA,2485.56880696634,0.488214247355017,0.994466650139845
"429",-5.76,0.83,-5.86,0.83,1.359326,9.604077,-1.1484446,0.2002995,35,35,-6.46333615431459,0.897204294036095,-6.43967386866255,0.857089185309587,1.19983929630432,5.19688860744074,-0.571553013664971,0.147355882969511,1.19983929630432,11.6424902828043,-6.45150501148857,0.877146739672841,1.19983929630432,5.19702858338132,-0.571790317455384,0.147758188456546,1.19983929630432,11.6792857611815,2.94867649901993,0.0785190059164272,-0.469907128535031,-7.07576637002192,-7.29109952158323,1.68240047175871,14.7621212045358,-4.67323916401488,0.658833698751457,-5.38853173940315,0.717236957289478,2.90813674,0.07776923,-0.659,0.02053791,139.774897744797,-229.994552360757,1359.25309527067,0.446404064471442,0.424009899570256,6.27552293969256,0.134225239496534,-0.867612088006302,-884.504611701233,-884.635191555679,-917.510287124845,-917.713723510573,0.197911366643913,-919.250518029761,0.208077303206747,1818.5644665313,1872.18700659632,NA,2488.51163818058,0.438840870731943,0.914872952448369
"430",-5.76,0.83,-5.86,0.83,1.359326,9.604077,-1.1484446,0.2002995,35,35,-5.8369608180809,0.837704679185243,-5.94318045293717,0.876687211599902,1.42450130200044,4.97172383180826,-0.546680489971836,0.123956594690548,1.42450130200044,7.79458219947809,-5.89007063550903,0.857195945392573,1.42450130200044,4.97454448451552,-0.547715667561551,0.124336504148913,1.42450130200044,7.80670922841493,2.36201673654515,0.0581959671669103,-0.353605593246166,-6.8038743423654,-6.67784613659775,1.85336443849028,10.5613709208289,-4.3802254253769,0.629588916764708,-3.95545181042259,0.584674755352717,2.04498701,0.05237075,-0.633,0.02864142,74.4078474160118,-99.2604517031862,1256.4838272988,0.737153569105011,0.679026853718052,7.93641663819274,0.180451704474066,-1.15850123351852,-907.444740618403,-907.534051013203,-934.155730657306,-934.252188597723,0.093766588224475,-932.113949638433,0.0882088799574423,1864.44472436564,1905.47789366124,NA,2413.70720289441,0.36350613984389,1.09427857757668
"431",-5.76,0.83,-5.86,0.83,1.359326,9.604077,-1.1484446,0.2002995,35,35,-6.09669557465356,0.850615477893216,-5.67488628528799,0.785257317282371,1.53102231164258,8.17340498370141,-1.01191225124193,0.19280587114229,1.53102231164258,7.88521993817153,-5.88579092997078,0.817936397587793,1.53102231164258,8.21788575285018,-1.01880442106231,0.193873793431898,1.53102231164258,7.8920214201879,2.99427434333809,0.0760870233877648,-0.458392952076573,-6.98668990116093,-6.95426761999578,2.20373184686639,9.09559221706186,-4.20490582116362,0.597425863654372,-3.79540262674237,0.532198831341979,3.56303053,0.09619019,-0.826,0.03024156,57.4745248231269,-65.3938065174164,1287.79060303911,0.813468712301104,0.811367662488629,9.67083594108934,0.206188223882684,-1.35895070406639,-933.692780700746,-933.838176316259,-952.54137033773,-952.59493362742,0.0520528225898268,-969.790636517236,0.0056226823461693,1916.94080453033,1942.24917302209,NA,2510.1873995608,0.459052074561177,1.31613037961196
"432",-5.76,0.83,-5.86,0.83,1.359326,9.604077,-1.1484446,0.2002995,35,35,-5.19381904922751,0.841452165412866,-5.31334836473593,0.767848394879472,1.29010943293432,6.67982556032906,-0.7594802393753,0.172429527692298,1.29010943293432,11.3632784950637,-5.25358370698172,0.804650280146169,1.29010943293432,6.68339737464553,-0.757280787297623,0.173783906451481,1.29010943293432,11.5838209982796,2.37516611893361,0.0630205206754854,-0.37484637854763,-6.13840602030415,-6.69644755421659,1.91814708948273,13.359790886871,-3.83975068912322,0.61922135407991,-3.59044303678476,0.528187428040356,4.12947398,0.09658819,-0.766,0.02484832,85.560807878354,-121.566372627871,1270.19106601377,0.503735779381824,0.464205766946678,5.98770576166884,0.159678958779252,-0.916331122056183,-904.706458252336,-905.440163215723,-933.719154373311,-934.956843542081,1.21301887882478,-948.118118631568,1.34539554808002,1858.96815963351,1904.60474109325,NA,2418.81575939967,0.363806202181476,1.03873493897806
"433",-5.76,0.83,-5.86,0.83,1.359326,9.604077,-1.1484446,0.2002995,35,35,-5.7938673632867,0.842955639149478,-6.15719829759917,0.815473242123816,1.31706108971945,9.55947229191806,-1.2288950906722,0.222967050837078,1.31706108971945,9.02742959244026,-5.97553283044294,0.829214440636647,1.31706108971945,9.59247463387514,-1.22639878942508,0.223155871373647,1.31706108971945,9.2132602989212,2.88302144495195,0.0756691689583328,-0.454582656846167,-6.72949702689422,-7.25656097107085,2.06474749600734,9.23477767011854,-4.18016312374577,0.612285159967333,-4.31239194179123,0.57309039796423,4.95912997,0.12858012,-0.854,0.02512367,89.1731050734555,-128.790967018074,1287.48519432732,0.466863390400007,0.451018647864336,8.07828808372922,0.166629758322458,-1.11528766616737,-908.110569665389,-908.909595343617,-924.126269837002,-925.411652403958,1.26019214836776,-954.309529181777,1.56432942941856,1865.77638245962,1885.41897202063,NA,2446.17942163656,0.430040595360283,1.08588942790857
"434",-5.76,0.83,-5.86,0.83,1.359326,9.604077,-1.1484446,0.2002995,35,35,-4.99841519017127,0.678093675933756,-5.9678809033668,0.794384729957617,1.32890078210577,8.57419217876884,-1.15368261932404,0.20565263805488,1.32890078210577,6.97791678789567,-5.48314804676904,0.736239202945687,1.32890078210577,8.80915812103427,-1.18186766673092,0.209033540366375,1.32890078210577,7.05092099498111,3.84181227447769,0.0975116737472791,-0.591285646669326,-6.91624976931866,-7.19288347525434,2.15445937670116,6.52786242717115,-3.75740261685599,0.513695710527731,-4.24860156160732,0.579781476189761,5.35756956,0.13217668,-0.896,0.02785843,69.5518172702375,-89.5483914116376,1223.72298405962,0.79218294718207,0.799587090167863,6.38106505632443,0.127525900450112,-0.868549355713715,-898.506841908131,-899.277450896916,-910.313563514965,-910.951205482719,0.622253429534634,-953.978527312351,0.561496647605916,1846.5689269451,1857.79355937656,NA,2357.8975767076,0.57527144719781,0.839879197333161
"435",-5.76,0.83,-5.86,0.83,1.359326,9.604077,-1.1484446,0.2002995,35,35,-5.91949284129728,0.875073840622612,-5.55552743089506,0.703090176969742,1.19450270388191,13.5181388894792,-1.67429046318791,0.277891217995515,1.19450270388191,12.1236364845724,-5.73751013609617,0.789082008796177,1.19450270388191,13.5512565944715,-1.68993948936888,0.28528581313638,1.19450270388191,12.4984015618315,3.13341660801076,0.084199069232337,-0.496689973361936,-6.66377057174886,-7.32443932520995,2.1716852625023,10.6118320345605,-4.13069582068266,0.611514385618138,-4.02163918230468,0.506924854263522,7.35075755,0.16318413,-0.876,0.02120274,114.950316289117,-180.345389449396,1312.16909119469,0.194622372085141,0.190292959327741,8.3278319503857,0.176835829622541,-1.15745998740069,-902.827732102671,-904.62155588379,-919.032763494472,-921.003708653561,1.94184175122337,-971.099095390938,2.05976116914592,1855.21070733418,1875.23195933557,NA,2443.99279293998,0.48850941867653,1.1704480632873
"436",-5.76,0.83,-5.86,0.83,1.359326,9.604077,-1.1484446,0.2002995,35,35,-5.10883746374106,0.799383462341801,-5.77013797996903,0.8174695911209,1.51106016548658,8.98300442423831,-0.881143937734424,0.129620137720056,1.51106016548658,7.90721945951353,-5.43948772185505,0.808426526731351,1.51106016548658,9.09233401742915,-0.88413402930897,0.129701914733609,1.51106016548658,8.08513459275011,2.47587944054284,0.0598752819479403,-0.366284324559012,-6.30405888160468,-6.85760692271093,2.00414426851313,10.5276545880907,-3.85678119758105,0.595229587023213,-3.91117403839934,0.547177301774051,4.37444349,0.05722994,-0.826,0.02944984,63.9113067830859,-78.2673704373345,1241.49729372207,0.395196134602923,0.360521454123734,8.08011480102476,0.184131893922594,-1.17042139199148,-923.698216285192,-924.501290232774,-949.499047591256,-950.883465131428,1.35824980119534,-951.174299481027,1.5782931146257,1896.95167569922,1936.16452752914,NA,2404.72721700681,0.379732675043648,1.15504283980371
"437",-5.76,0.83,-5.86,0.83,1.359326,9.604077,-1.1484446,0.2002995,35,35,-5.93655010916246,0.842950287343509,-5.80137823983748,0.838873779074065,1.3351900020113,7.20374094219984,-0.996838438502704,0.200850006951217,1.3351900020113,7.77275743299692,-5.86896417449997,0.840912033208787,1.3351900020113,7.20830880076404,-0.99697619581348,0.200854161431134,1.3351900020113,7.78084279657196,2.39873182001631,0.0632177373622002,-0.372570082760622,-6.87221165744505,-6.76132656951214,2.00535768205759,8.2354835863853,-4.52639074730522,0.644662731715064,-4.38227490705772,0.64011254656065,5.26796408,0.14524261,-0.861,0.02306682,104.541063913878,-159.526884698919,1249.91785167404,0.92658081471014,0.939458787625739,5.19753067715671,0.116233607030573,-0.749507781820548,-901.728024394971,-901.773855890717,-918.118496720848,-918.1829821236,0.0626718255123213,-943.56323323132,0.079002669251861,1853.01129191878,1873.40342578832,NA,2340.30881864916,0.383388429862213,0.720679380372153
"438",-5.76,0.83,-5.86,0.83,1.359326,9.604077,-1.1484446,0.2002995,35,35,-5.92507966149861,0.824580558941141,-4.56431120920573,0.674427101602939,1.47367331223314,7.63900737858269,-0.85066510571251,0.165518896710059,1.47367331223314,9.02117727558585,-5.24469543535217,0.74950383027204,1.47367331223314,8.10193007377158,-0.901746127649642,0.171155411897713,1.47367331223314,9.18422248615918,3.24918056758397,0.0793333382086003,-0.491526697369129,-6.97018329807133,-6.50399028941737,2.16677797533646,10.592978969336,-3.78221069998432,0.525290306849573,-3.18911816429817,0.469528232060973,4.81894351,0.12042351,-0.83,0.02887611,54.6800208328802,-59.8047985369231,1270.54121174045,0.602988601269186,0.528149364773134,7.49138808148089,0.150758542094611,-1.01468223518543,-927.22400439379,-928.733004685826,-951.609665212488,-952.739404055295,1.10636445340583,-970.48797788222,1.02960113685571,1904.00325191642,1940.3857627716,NA,2481.27762494398,0.469189709150141,1.02155945733052
"439",-5.76,0.83,-5.86,0.83,1.359326,9.604077,-1.1484446,0.2002995,35,35,-5.08294704442331,0.760077777425368,-4.22401415191304,0.718623582190585,1.33256354152615,9.40965394846216,-1.13394715344578,0.197900112634051,1.33256354152615,8.99627115941441,-4.65348059816818,0.739350679807976,1.33256354152615,9.59409537692117,-1.1428487464007,0.198329725209692,1.33256354152615,9.24504109172939,3.22168966448655,0.0861020649001282,-0.511140478886743,-6.51234156189429,-5.90038203749851,2.12156950981111,9.27081984735407,-3.56533758099743,0.54409672377542,-2.97628765114716,0.507662577367175,6.1242106,0.1384077,-0.866,0.0297119,43.6335238860137,-37.71180464319,1213.10833613382,0.470167093623035,0.451525618422182,5.55579874969194,0.124988223106802,-0.791698292420757,-908.562512374353,-909.67858114852,-926.775348686042,-928.496064409456,1.69226655896458,-961.083877672722,2.04517267359516,1866.68026787754,1890.71712971871,NA,2388.50486762446,0.493083670810661,0.818128500318154
"440",-5.76,0.83,-5.86,0.83,1.359326,9.604077,-1.1484446,0.2002995,35,35,-6.56986419000287,0.883505520492923,-6.82212950949152,0.931389487550033,1.18525144876382,9.05429965212951,-1.07328726228426,0.177060953366578,1.18525144876382,8.85888377140775,-6.6959968497472,0.907447504021478,1.18525144876382,9.0702090999837,-1.07630712834627,0.17763417194186,1.18525144876382,8.86398769372254,3.03031937800714,0.0808162915753502,-0.478596481973892,-7.26390815365136,-7.23089318833894,1.73700056239937,9.95984333452548,-4.85667620209239,0.653974377232723,-4.97040720838591,0.679554979325258,5.8547225,0.13995638,-0.883,0.02150056,123.230353142298,-196.905463155758,1306.84740225891,0.965936764748279,0.973618795520493,7.44413122080951,0.13918762031107,-0.991591008491935,-879.449223434374,-879.535752142474,-897.104949637063,-897.141179105033,0.0352034495438909,-914.357364523199,0.00681340722620832,1808.45368999759,1831.37633162075,NA,2416.78934136207,0.469361483743723,0.909854321247009
"441",-5.76,0.83,-5.86,0.83,1.359326,9.604077,-1.1484446,0.2002995,35,35,-5.2797722806237,0.757985263985927,-6.28555087396046,0.891948585369497,1.35749473060235,8.24627158412335,-1.00438891489847,0.20438743914606,1.35749473060235,10.4479118370744,-5.78266157729208,0.824966924677712,1.35749473060235,8.49916922882698,-1.03807327513344,0.208873982015089,1.35749473060235,10.5050876753912,2.90197873775917,0.0742776687902563,-0.446195103352935,-6.72163345168756,-6.92929324188463,2.06721353861089,11.6206673327463,-3.89239819125203,0.558919643243334,-4.95259504587129,0.705762794292363,6.54663188,0.13480346,-0.824,0.02503963,81.8170908197767,-114.078938510716,1325.1228404755,0.424941481857168,0.338342922533958,5.74495067333045,0.137518986357216,-0.853540445671155,-917.634618036084,-918.420095098192,-940.808413470358,-941.157153682567,0.339621501360146,-961.936020024321,0.196690834645282,1884.82447920101,1918.78325928734,NA,2536.16674244028,0.446077094378541,0.844897291802151
"442",-5.76,0.83,-5.86,0.83,1.359326,9.604077,-1.1484446,0.2002995,35,35,-5.54544143470722,0.778016490690549,-5.87189302187492,0.834658513194809,1.30539405817436,8.50806460599336,-0.914867692738349,0.172225921006741,1.30539405817436,11.14705353268,-5.70866722829107,0.806337501942679,1.30539405817436,8.53470726568444,-0.919490412275075,0.173028000685084,1.30539405817436,11.1525968297849,2.63760854249995,0.0741514930540841,-0.427313565500236,-6.86796174054173,-6.85695481487462,1.92924691215907,13.1744143075482,-3.78544733584955,0.527243179826677,-4.13529790026862,0.588899219446945,5.02077908,0.11101933,-0.807,0.02615467,75.863313637265,-102.171384145693,1307.10767452808,0.850778172130762,0.849021773375452,7.10832844247391,0.14876444081602,-0.980207453911915,-908.860313884931,-908.974892585412,-935.369659657552,-935.401596808769,0.0310317396824091,-949.077012647306,0.000527212977506234,1867.2758708987,1907.90575166173,NA,2512.04396491046,0.42822522379179,0.993956415947258
"443",-5.76,0.83,-5.86,0.83,1.359326,9.604077,-1.1484446,0.2002995,35,35,-7.06769977250822,1.00644361465609,-6.32544004464224,0.924860243159027,1.20562210847398,7.64720795542323,-0.829885709515691,0.157539486176166,1.20562210847398,10.8884292210584,-6.69656990857523,0.965651928907561,1.20562210847398,7.78494533132616,-0.845024722297142,0.159203447802373,1.20562210847398,10.948339204203,2.23226151981175,0.0602898334002828,-0.349360659023554,-7.02931038380017,-6.77310327199993,1.68087046746059,13.670585349201,-5.09020717133897,0.729685693204612,-4.65826667382872,0.683985338041106,5.71280002,0.13176673,-0.833,0.02344537,100.912582290948,-152.269921453059,1334.30443619059,0.828986574438329,0.839454618547237,7.06389566631417,0.148551060219106,-0.988385068573199,-888.237397890232,-888.712842303209,-914.383420807826,-914.735289616191,0.342675956434526,-916.515828189036,0.316772617886166,1826.0300389093,1865.93327396228,NA,2516.33895092812,0.369905120294036,0.944793233944942
"444",-5.76,0.83,-5.86,0.83,1.359326,9.604077,-1.1484446,0.2002995,35,35,-5.91809156977861,0.823858991403992,-5.6859953542652,0.814787477535734,1.27764710681925,4.11538928580148,-0.450515051988648,0.100487430086368,1.27764710681925,7.03831639358749,-5.8020434620219,0.819323234469863,1.27764710681925,4.12885644911539,-0.451041417998099,0.100508003177333,1.27764710681925,7.06017071820719,2.75959354715276,0.0714865772543778,-0.433734079483168,-6.96749411901777,-6.78944363569749,1.67220402163232,9.45089421100636,-4.26625459797412,0.589486350791384,-4.43801534557227,0.636911092624775,2.05371831,0.04590452,-0.669,0.02513529,106.042787717872,-162.530332306907,1211.42107932439,0.80384480231284,0.786469956701965,6.22203506121405,0.141985125153577,-0.908894381843875,-875.647605717117,-875.779099631985,-901.205203494833,-901.395259076146,0.184876285203867,-903.378865134434,0.215869139340079,1800.85045456307,1839.57683933629,NA,2260.31182634188,0.401921316645989,0.863600445916488
"445",-5.76,0.83,-5.86,0.83,1.359326,9.604077,-1.1484446,0.2002995,35,35,-5.4491105529437,0.817889618230305,-6.70338836776903,0.939614078396397,1.44356641675919,8.68488495296686,-0.870690617407197,0.157907820364035,1.44356641675919,10.4647058496619,-6.07624946035637,0.878751848313351,1.44356641675919,9.07818816215763,-0.908859689884179,0.161612031414717,1.44356641675919,10.6571869822607,2.13207951087016,0.0655127605857055,-0.357869600227943,-6.53407708285811,-7.06315206262966,1.96601835324118,13.6738625698953,-3.39438139120328,0.50840793852656,-4.42702419207847,0.622040841709731,4.89313284,0.10882039,-0.794,0.02783786,64.1061163291515,-78.6569895294657,1343.2892920338,0.328268450855326,0.309227395248463,9.96102419140897,0.199795721352067,-1.35974351117698,-927.673930222282,-928.87583556401,-955.972608287732,-957.13808298586,1.14165310373887,-954.91479365026,1.15464743290014,1904.9031035734,1949.11164892209,NA,2607.92159453814,0.387351337609879,1.30771306075715
"446",-5.76,0.83,-5.86,0.83,1.359326,9.604077,-1.1484446,0.2002995,35,35,-6.76520854418974,1.02455223521839,-5.59204612124696,0.838527020770571,1.20885178160656,11.005637857225,-1.17804687969499,0.179856676900989,1.20885178160656,11.0294275967098,-6.17862733271835,0.931539627994478,1.20885178160656,11.3497153748763,-1.2326063275225,0.188508022003578,1.20885178160656,11.0960937397032,2.44067388083235,0.0597691723199461,-0.372810861638763,-6.61893268013592,-6.55406034716325,1.78132764689514,12.8531647208994,-4.73664209876992,0.737107733859608,-3.92734573944771,0.59302938724441,6.20071803,0.12220599,-0.836,0.02305532,98.4021773921544,-147.249111655471,1287.35264119957,0.42419157805053,0.345486214516622,8.16786062640214,0.168137068760962,-1.14460158628138,-892.128800009419,-893.330212679791,-915.864184820917,-916.251048327194,0.37685065952689,-928.730805042933,0.0202942584964607,1833.81284314768,1868.89480198846,NA,2427.45617074367,0.341599839799044,1.02815946615132
"447",-5.76,0.83,-5.86,0.83,1.359326,9.604077,-1.1484446,0.2002995,35,35,-6.13096269971166,0.793769013640327,-6.22912174162362,0.887785716676957,1.45375645335909,11.6340839673576,-1.27100519523057,0.220133133687157,1.45375645335909,11.7058090883227,-6.18004222066764,0.840777365158642,1.45375645335909,11.6364927667348,-1.27331234260402,0.222342918799627,1.45375645335909,11.8477736403734,2.68712099766366,0.0661587421499352,-0.405988335258313,-7.35963355008882,-6.8976654039932,2.18772674108798,13.4326755675108,-4.83792196065035,0.626024075946309,-4.48784613017255,0.635562861872084,7.47860687,0.13291568,-0.831,0.02194481,112.925711294115,-176.296179459393,1412.59445088486,0.564404939201182,0.544814351656399,7.64733793204675,0.167776872065075,-1.0780850113197,-940.359668476673,-941.0020928637,-964.890993757765,-965.668780652783,0.759777631816853,-980.513630113683,0.804324131276198,1930.27458008218,1966.94841986216,NA,2648.89272231033,0.398686592639581,1.10266985396731
"448",-5.76,0.83,-5.86,0.83,1.359326,9.604077,-1.1484446,0.2002995,35,35,-5.75960258200063,0.883889256062715,-5.11883429010766,0.739231319819365,1.40503221406298,5.22718069307946,-0.603036674330194,0.123138022088986,1.40503221406298,6.78862254458303,-5.43921843605414,0.81156028794104,1.40503221406298,5.32982669405332,-0.626209729009047,0.128369501718532,1.40503221406298,6.85215656056899,2.54703542465853,0.0614551558265629,-0.385081288529005,-6.45136034842347,-6.67242660756127,1.89063931136229,8.67513997038606,-4.2100878518389,0.654331005252755,-3.66823143638247,0.52381774901223,4.16330258,0.1057255,-0.839,0.02822316,67.153645486381,-84.7520478439247,1207.23946141246,0.362564576209353,0.325884843972952,4.94127386354927,0.117111260239392,-0.728319213750535,-900.146131843156,-901.09521178262,-922.281119236438,-922.849812848262,0.554695398617071,-930.758653785873,0.317925926340727,1849.84750681515,1881.7286708195,NA,2329.726874981,0.35699861520591,0.730218148563854
"449",-5.76,0.83,-5.86,0.83,1.359326,9.604077,-1.1484446,0.2002995,35,35,-6.43392361790062,0.936234785399597,-6.38812883755245,0.917774609119188,1.36244208697458,11.5103061902788,-1.58785383142671,0.270413273046346,1.36244208697458,7.38644256885789,-6.41102622772653,0.927004697259392,1.36244208697458,11.5108304807556,-1.58806517635619,0.270498467573423,1.36244208697458,7.38964434029904,3.54907465995826,0.0961122856834117,-0.568260183888438,-6.81382026597716,-6.8780064389713,2.17977329451914,6.65304508854846,-4.82862446570746,0.695908451437305,-4.44135461648074,0.63919744189444,6.26267329,0.14139534,-0.916,0.02655564,81.8468375488119,-114.138431968786,1255.34091370783,0.881401226293005,0.849618923966003,8.43998939378608,0.197074859565378,-1.25076631165036,-911.572724179038,-911.595868649563,-919.916322527462,-919.943041988897,0.0259610026791087,-957.417623073366,0.0293889673526022,1872.70069148691,1876.99907740155,NA,2396.54339544687,0.543543364472628,1.17462817578492
"450",-5.76,0.83,-5.86,0.83,1.359326,9.604077,-1.1484446,0.2002995,35,35,-5.5419548061162,0.836076039080561,-5.74357350544214,0.789823885254258,1.33653444727838,8.14631814315097,-0.713190812280676,0.123564932777639,1.33653444727838,11.3862806163811,-5.64276415577917,0.812949962167409,1.33653444727838,8.15648066813043,-0.710859487506803,0.124099748211032,1.33653444727838,11.5389066927904,2.99059317659392,0.0790725884117733,-0.466361494613874,-6.5185713467015,-6.99574840986336,1.80794316588139,15.358898018292,-3.97511871107692,0.605416652648365,-3.94400222807248,0.544768579410941,4.99387459,0.10009082,-0.778,0.02346036,96.8714031097422,-144.187563090647,1309.95846183556,0.556108633068217,0.530934876487418,6.84266157608689,0.13783639832616,-0.923302880230165,-908.74489063525,-909.296043924287,-942.510750818578,-943.36803295262,0.837908773204256,-938.183407777236,0.916151426750026,1867.04502439934,1922.18793398378,NA,2475.72936058047,0.474981191172757,0.948545192437726
"451",-5.76,0.83,-5.86,0.83,1.359326,9.604077,-1.1484446,0.2002995,35,35,-5.9332297851421,0.909744384541794,-5.73935007135162,0.781628599273528,1.51066112690001,8.63673848127786,-1.23727602204125,0.227399825509133,1.51066112690001,5.89191261853863,-5.83628992824686,0.845686491907661,1.51066112690001,8.64613581713273,-1.24348578498622,0.231503239117859,1.51066112690001,6.10385165055599,2.5338176117653,0.0656742019942077,-0.393606584355312,-6.47094938661335,-7.04035036895341,2.26721438752072,5.73471136000245,-4.12351133370631,0.632056225041455,-4.0408992746237,0.556571941151576,3.72349839,0.09845775,-0.866,0.0313951,53.0932034056191,-56.6311636824008,1224.33705466473,0.295451269981284,0.271741529864094,8.9476420194366,0.210031752747399,-1.32851088731652,-922.168941096183,-923.706685273955,-931.4783959743,-933.598589787329,2.0911254937293,-962.579728887953,2.52680547590178,1893.8931253212,1900.12322429523,NA,2392.04294564706,0.38724310345768,1.25325499354799
"452",-5.76,0.83,-5.86,0.83,1.359326,9.604077,-1.1484446,0.2002995,35,35,-4.18992221162183,0.612474995316543,-6.11439694171449,0.83713832907653,1.49705870868153,8.24334468733716,-0.91125840073226,0.165215871334022,1.49705870868153,8.57823107281763,-5.15215957666816,0.724806662196536,1.49705870868153,9.16924543402848,-1.01934812788213,0.17783427471806,1.49705870868153,8.85385999055124,3.78481512505664,0.0936361337479685,-0.583210809362762,-6.49869590975286,-7.08468463339239,2.24842562030684,9.78260223839118,-3.01670425794226,0.425631306822094,-4.6125829953676,0.631219322757013,6.65400568,0.11648843,-0.877,0.02905421,56.6171101891762,-63.678977249515,1274.3499951639,0.141629425262348,0.110080309504596,6.75893977991128,0.155217375708074,-0.972531800976705,-929.390902142598,-932.131425964657,-952.302455105457,-954.28837810967,1.95680875345306,-977.013979380279,1.6854790898224,1908.33704741403,1941.77134255754,NA,2485.02101307828,0.525515942406662,1.00986706637551
"453",-5.76,0.83,-5.86,0.83,1.359326,9.604077,-1.1484446,0.2002995,35,35,-5.84128805020592,0.867859663552421,-5.26364038777523,0.707711664492912,1.23197150949564,8.97256788749507,-1.29586718911808,0.260330921393595,1.23197150949564,9.75380468248919,-5.55246421899057,0.787785664022667,1.23197150949564,9.05598709297297,-1.318994468443,0.266742766794286,1.23197150949564,9.90073506569635,3.13897851044187,0.0811121483317499,-0.485682200337561,-6.62854598083044,-7.00501865532853,2.15583261959425,8.57231441254486,-3.95858002137461,0.592245607216212,-3.73698653337588,0.513827996163528,3.6276782,0.1212147,-0.805,0.023317,102.765698520791,-155.976153912744,1254.00256542722,0.64565973594287,0.637757947778834,8.24298521682528,0.186577603343889,-1.20362528096847,-897.196010468103,-898.068715210548,-912.658910545443,-913.608853124435,0.929091270771881,-962.543875609339,0.817300728604355,1843.94726406504,1862.48425343751,NA,2352.02897694169,0.483136530063396,1.12171758317315
"454",-5.76,0.83,-5.86,0.83,1.359326,9.604077,-1.1484446,0.2002995,35,35,-5.83272147741906,0.875987863087143,-5.99298173232326,0.872517550250448,1.30370182880931,8.29445346025265,-1.14649056824686,0.232598880226989,1.30370182880931,9.34333491262185,-5.91285160487116,0.874252706668795,1.30370182880931,8.30087429757813,-1.14635152994191,0.232601890994785,1.30370182880931,9.36532783010284,3.70225173823028,0.0980045722221325,-0.582759783152151,-6.57155369854838,-6.7524891793214,2.03980416164539,9.55499313726036,-3.90299315148959,0.59376126226268,-4.30814851853688,0.621616601181227,4.06047028,0.12728258,-0.825,0.02569167,83.509594700924,-117.463946273011,1273.32270381019,0.676318852972496,0.657735461576607,7.61763794490733,0.172508203279944,-1.1120331454961,-906.201653064383,-906.298079236441,-923.799750968823,-923.948433172168,0.144587640382997,-952.41002935254,0.180945592972322,1861.9585492576,1884.76593428427,NA,2429.18146134737,0.569257382338301,1.03903553304045
"455",-5.76,0.83,-5.86,0.83,1.359326,9.604077,-1.1484446,0.2002995,35,35,-5.29585527257756,0.701038122360062,-4.72575896817743,0.718129066155444,1.20879280956138,7.49517030326799,-0.910299687344329,0.187440900299585,1.20879280956138,10.9382728284726,-5.01080712037749,0.709583594257753,1.20879280956138,7.57642275234066,-0.907863816370214,0.187513925389539,1.20879280956138,11.2656165749513,2.44120959575247,0.0639797161922208,-0.380224239142501,-7.07699277724713,-6.40507305233445,2.01435663449131,11.0735568747596,-3.5465195113453,0.472722503002309,-3.44008387867857,0.526891328268969,3.81160757,0.10512752,-0.783,0.02607548,78.6529484006824,-107.750653672527,1252.48244493264,0.403422121758027,0.400474667155051,6.43722095926272,0.137083779890924,-0.887281594642515,-891.400493760906,-892.537599349693,-915.319777268444,-917.213312567365,1.86453895637757,-954.038964831268,2.20907340251995,1832.35623065065,1867.80598688352,NA,2397.21423619275,0.380487529104304,0.939118656140794
"456",-5.76,0.83,-5.86,0.83,1.359326,9.604077,-1.1484446,0.2002995,35,35,-6.33531519519589,0.893520869001765,-5.62962501087602,0.868873177335358,1.15807469037955,8.55119596813436,-0.984048062988573,0.16613699862306,1.15807469037955,9.50420787650855,-5.98247010303596,0.881197023168561,1.15807469037955,8.67569562719573,-0.988396471507357,0.166288875799181,1.15807469037955,9.74134283932447,3.12188630607451,0.0792578719471068,-0.481512247616897,-6.96969030409855,-6.41084468864858,1.69264577067037,10.9442902045954,-4.65308797824857,0.658882033137377,-4.01489209568593,0.625871788935268,5.05637223,0.10431625,-0.849,0.02445273,94.3834559866991,-139.211668844561,1240.20290090313,0.340409966433492,0.322623093374755,6.71028134189137,0.143074150353861,-0.94083252188082,-875.675728679479,-876.633762497319,-895.860120913345,-897.422813921524,1.53511598980678,-911.030496899894,1.83824854182187,1800.9067004878,1828.88667417332,NA,2341.19413296169,0.463865873378013,0.921302352830994
"457",-5.76,0.83,-5.86,0.83,1.359326,9.604077,-1.1484446,0.2002995,35,35,-6.31608667834652,0.886498302865792,-5.617463923298,0.804431995362513,1.16493471162621,11.2429922958388,-1.48498506937141,0.268308197607898,1.16493471162621,11.2777394159073,-5.96677530082226,0.845465149114153,1.16493471162621,11.3650107343067,-1.49931841683256,0.269991917314704,1.16493471162621,11.3236152512524,3.24820860304869,0.0865756296569319,-0.509259000636315,-6.99230041905919,-6.78260748783216,2.03574037186525,10.1361363319216,-4.6489291998875,0.650810764751646,-4.61338650421338,0.662539286425729,8.23600883,0.18198333,-0.887,0.02180945,105.077643390865,-160.600043652892,1289.68562175023,0.9456812744042,0.936040960498383,5.67101136546556,0.129747438853636,-0.82332331012235,-893.145257301429,-893.474597348416,-908.227964370276,-908.489032286243,0.254082343482585,-953.79731347671,0.230811590702905,1835.84575773169,1853.62236108718,NA,2418.77119984756,0.516533088149346,0.811755369973772
"458",-5.76,0.83,-5.86,0.83,1.359326,9.604077,-1.1484446,0.2002995,35,35,-5.585396660401,0.911307353593653,-5.04124777983544,0.720362835404284,1.46086631762335,8.62460309942575,-0.936400272729558,0.15345217023304,1.46086631762335,7.91448393094495,-5.31332222011822,0.815835094498969,1.46086631762335,8.69862760048094,-0.962375834185277,0.162567122489683,1.46086631762335,8.18089267590451,3.2082923179298,0.0728867829923109,-0.466228884993936,-6.11380449671049,-6.70725364483992,2.04308813452889,9.69783080668863,-4.35803931464342,0.70621491574618,-3.54039512988739,0.50684410302542,5.30555298,0.0863301,-0.86,0.03021092,53.5465154875529,-57.5377878462685,1235.37554835191,0.0403317718470497,0.0313420622636687,6.02762395660011,0.161825572777747,-0.935559662266357,-919.681527935652,-922.004960000549,-941.279555460026,-943.340851016112,2.03217536736647,-953.274617403027,1.91748138451755,1888.91829900014,1919.72554326668,NA,2413.21330885755,0.449352581544764,1.01301595909428
"459",-5.76,0.83,-5.86,0.83,1.359326,9.604077,-1.1484446,0.2002995,35,35,-4.14284718133468,0.669859546695956,-5.8431884731519,0.806708904694903,1.55277317221464,8.54712362708065,-1.04125345735564,0.191520915270297,1.55277317221464,7.71893623906111,-4.99301782724329,0.73828422569543,1.55277317221464,9.26991375424533,-1.09942611089671,0.196202851966478,1.55277317221464,8.18712194636765,2.98862736472178,0.0778001595867103,-0.470475460979087,-6.1097385717368,-6.99476680107908,2.33712751710115,8.46426466201391,-3.07790412633286,0.501659377672592,-3.74020963751714,0.512208856452246,3.56159389,0.09940698,-0.797,0.03200766,40.3682396064855,-31.1812360841337,1250.91241810102,0.135731678365483,0.135241132293212,8.82617579951857,0.180334768956182,-1.2115799386164,-936.299362862326,-939.206097386889,-954.67509458132,-958.336477862933,3.6514349025992,-981.929231004908,4.21397469062223,1922.15396885349,1946.51662150927,NA,2470.6436001179,0.438498401994542,1.18551928546368
"460",-5.76,0.83,-5.86,0.83,1.359326,9.604077,-1.1484446,0.2002995,35,35,-5.91917636937977,0.898817716858549,-5.93899739716027,0.815199917899946,1.35085792157727,9.35437421142634,-1.13789564683098,0.191699541326818,1.35085792157727,7.9982718859934,-5.92908688327002,0.857008817379247,1.35085792157727,9.35447242971191,-1.13748129915196,0.193447525402488,1.35085792157727,8.18357425930704,3.33917716635746,0.0900183341433394,-0.530640428231245,-6.52199422941605,-7.0399884656297,1.98466963195784,8.85133526709695,-4.27824676265764,0.649950270839654,-4.10619699393721,0.55682243206792,5.20380746,0.11163772,-0.867,0.02748431,72.5595734464255,-95.5639037640136,1253.28369719504,0.270057821667618,0.268979186303412,7.28648701442666,0.163168381059869,-1.04827095875993,-906.567871634589,-907.616882245189,-922.753432084167,-924.18030756832,1.40033125748747,-943.281981150122,1.63310268205517,1862.69098639801,1882.67329651496,NA,2411.00349062607,0.520128170618237,1.0232028862417
"461",-5.76,0.83,-5.86,0.83,1.359326,9.604077,-1.1484446,0.2002995,35,35,-6.79135444523963,0.951406337798047,-6.67557026257994,0.937033164946913,1.21016571394016,10.244904484036,-1.14371586576853,0.185933456439032,1.21016571394016,10.6688449937034,-6.73346235390979,0.94421975137248,1.21016571394016,10.2482559782745,-1.14413191228623,0.185985103463484,1.21016571394016,10.6698817531406,3.07611927822191,0.0797081843320865,-0.47610143060915,-7.08086291006599,-7.0507103719101,1.77049746290224,12.4010659328847,-4.86027489511205,0.674371759319211,-5.07028338111986,0.714252258018497,6.04357802,0.11030179,-0.836,0.02002286,133.752628676415,-217.950014223993,1325.05696984308,0.9264686962915,0.906364460875283,8.25994735916831,0.179105910924426,-1.18518967093358,-892.206886991258,-892.216046423584,-913.999993565705,-914.006212684806,0.00604169836590565,-926.075417154439,0.00455994978466378,1833.96901711135,1865.16641947804,NA,2432.16392546217,0.476409169238433,1.07869828025416
"462",-5.76,0.83,-5.86,0.83,1.359326,9.604077,-1.1484446,0.2002995,35,35,-4.86536129349317,0.685455611873627,-6.30149742191571,0.926860716485466,1.1975241036754,9.24526031782706,-1.15291194383523,0.202009427524136,1.1975241036754,9.32661823743753,-5.58342935770444,0.806158164179546,1.1975241036754,9.76088206266718,-1.2395845919149,0.2165785336573,1.1975241036754,9.43477268933092,2.47644791876382,0.0651142417996137,-0.388743728662628,-6.7393353633576,-6.73724234685659,1.95063202570453,9.22420039178596,-3.28673419643462,0.475178936479658,-4.65184915514796,0.679445795172852,4.7136127,0.11291922,-0.844,0.02631806,77.5255481253929,-105.495853121948,1231.82161512542,0.138726709952611,0.102258993396384,7.85157598504677,0.175848359499203,-1.14209210675822,-886.281552388743,-888.130645343761,-902.873384946682,-903.602707962237,0.712188885039576,-940.343985458357,2.61389153600829e-05,1822.11834790632,1842.91320223999,NA,2358.1473771289,0.377818676187364,1.05539669266425
"463",-5.76,0.83,-5.86,0.83,1.359326,9.604077,-1.1484446,0.2002995,35,35,-5.79842372289656,0.941721892545821,-5.54176260877582,0.853325560108022,1.31404515296258,9.46946848848568,-1.21143287606645,0.203584286881407,1.31404515296258,7.39902854265939,-5.67009316583619,0.897523726326921,1.31404515296258,9.48593722036111,-1.21710485135837,0.205537764778521,1.31404515296258,7.4607801174126,3.01521942257423,0.0866832782858607,-0.494493637383533,-6.14562960649359,-6.41561096673484,1.95421337512538,7.77068446122639,-4.24150648359466,0.698650642334035,-3.78786457308027,0.588672562444401,4.50974975,0.1154111,-0.887,0.02868306,65.9483371460603,-82.3414311632833,1195.88269352167,0.457304534084515,0.428449397221928,7.66280383990023,0.174123052394803,-1.1172882970357,-898.385691193086,-898.888034008747,-911.160023935769,-911.6727972002,0.499951519618102,-935.426398954825,0.506068208283723,1846.32662551501,1859.48648021817,NA,2309.42395588005,0.497154797506446,1.05968041659068
"464",-5.76,0.83,-5.86,0.83,1.359326,9.604077,-1.1484446,0.2002995,35,35,-5.56603160261443,0.888229439948597,-7.14545601350861,0.974051211318554,1.24138821168671,11.8496398182635,-1.49178015904299,0.24843480337523,1.24138821168671,9.93415805908037,-6.35574380806152,0.931140325633576,1.24138821168671,12.4732851856956,-1.52566740921496,0.2502761474855,1.24138821168671,10.7515011477955,3.63091290986974,0.0933373880372081,-0.565791600448159,-6.23193167655376,-7.30005218170947,1.99705815386113,9.76017870088028,-4.38744425905952,0.708698043498718,-5.02706033145471,0.691661554073429,7.87827418,0.1884973,-0.89,0.02154411,109.452763259506,-169.350283390174,1302.7745165828,0.0775932958957443,0.0696882862775698,7.60437943190259,0.141706209456671,-0.989512549550562,-901.138495888479,-904.415859099945,-915.688715545483,-920.734968896014,5.08309187889143,-947.895124739423,6.31796580112259,1851.8322349058,1868.54386343759,NA,2436.19874977543,0.535956791739947,1.01081943430939
"465",-5.76,0.83,-5.86,0.83,1.359326,9.604077,-1.1484446,0.2002995,35,35,-5.29425977084851,0.710941671271695,-5.80948225845259,0.772964179083509,1.33132918051006,13.3855560203188,-1.58565537322242,0.242195717052723,1.33132918051006,9.73636767011976,-5.55187101465055,0.741952925177602,1.33132918051006,13.451919573252,-1.59364422091299,0.24315741492154,1.33132918051006,9.75674294839359,3.40634809849128,0.081454878830933,-0.514506009973997,-7.01639449384207,-7.16210292945612,2.24916910778487,9.20372234660229,-3.55401484192785,0.476409137091033,-4.18267297443634,0.551042406189736,7.18999867,0.15937214,-0.893,0.02520204,81.678818161776,-113.802393194715,1291.55982979356,0.718305223264465,0.664681789130992,8.03863989101911,0.146245537199632,-1.05173806417774,-914.864107184432,-915.007737892195,-931.548026719253,-931.680745517545,0.129049131437299,-975.163633241602,0.110086891778688,1879.2834574977,1900.26248578513,NA,2469.31726639241,0.46766033028917,0.990403455680527
"466",-5.76,0.83,-5.86,0.83,1.359326,9.604077,-1.1484446,0.2002995,35,35,-5.85374122776313,0.797820681653163,-6.48108724168185,0.896798259769176,1.33585263853329,7.60454705827501,-0.805385135548975,0.163234567759775,1.33585263853329,11.0475728536,-6.16741423472249,0.84730947071117,1.33585263853329,7.70293781356993,-0.820908432823576,0.165683708002203,1.33585263853329,11.0648001388868,2.76912758073355,0.0708193822745056,-0.424697599765221,-7.05827328856918,-7.09593650448208,1.89589270781083,13.7421458057934,-3.96591266880712,0.545127608199038,-4.98212684770255,0.696829793572408,3.76964527,0.08133322,-0.735,0.02418048,101.089074363848,-152.622905598858,1344.71385856568,0.30086732444729,0.258563359618555,8.28054717612759,0.176713316697304,-1.15492832204991,-912.019623106676,-912.403000429714,-940.444899730339,-940.544923910924,0.0972358012470254,-946.178751446471,0.0060395878521195,1873.59448934219,1918.05623180731,NA,2536.8048115325,0.428803847702334,1.16245690829563
"467",-5.76,0.83,-5.86,0.83,1.359326,9.604077,-1.1484446,0.2002995,35,35,-6.0126410063082,0.844508928778589,-5.73548155189419,0.813699783062693,1.31760095008224,8.7149384704741,-1.07930102778562,0.188411840122976,1.31760095008224,8.02404007650787,-5.87406127910119,0.829104355920641,1.31760095008224,8.73414281126687,-1.08143578929002,0.188649140987912,1.31760095008224,8.03145994353462,2.90305486216692,0.0905481612059311,-0.493006170291552,-6.93901657224994,-6.84541003553436,1.96314830941225,8.73576446028704,-4.21646397212531,0.588959704612944,-4.13063671068597,0.589238197856096,4.05773132,0.09676902,-0.861,0.02988707,61.6301942987792,-73.705145468721,1239.47414825349,0.948561718137694,0.965223678925535,8.61153095345989,0.181186560925739,-1.20636879716831,-900.639468586555,-900.702335743062,-916.846422912743,-916.903955600349,0.0559118702422942,-940.197715858284,0.0545551993945754,1850.83418030195,1870.85927817211,NA,2405.24315103825,0.527031891025587,1.14774742969282
"468",-5.76,0.83,-5.86,0.83,1.359326,9.604077,-1.1484446,0.2002995,35,35,-6.03246363078413,0.883726542346617,-5.42740530143199,0.794373699393474,1.29413498443915,9.43010569647212,-1.13012508043708,0.196978680222413,1.29413498443915,9.34710727510829,-5.72993446610806,0.839050120870046,1.29413498443915,9.52162959195172,-1.1436410009071,0.198974662858365,1.29413498443915,9.36439321079488,2.37564507379691,0.0629789930961357,-0.373061700237316,-6.72519080342209,-6.65247359056631,1.96049904709162,10.2139014828849,-4.07423244368771,0.588584860798775,-3.47576828051314,0.519083920562627,4.57519208,0.10684682,-0.841,0.02831069,62.8244566561654,-76.0936701834933,1249.66922067389,0.654812036304385,0.631574457575445,8.81185818113778,0.189953078816091,-1.25471729955587,-903.36100966335,-903.640038485927,-922.020784630967,-922.137629451538,0.113601182962099,-944.814047597472,0.0286218722376664,1856.27726245554,1881.20800160856,NA,2423.24477116428,0.370083511963663,1.16968746167339
"469",-5.76,0.83,-5.86,0.83,1.359326,9.604077,-1.1484446,0.2002995,35,35,-4.82875598086071,0.738424873889165,-6.17200464926819,0.867987692929874,1.28539374582908,9.69667159009446,-1.08375018430126,0.182257146979485,1.28539374582908,10.1164965563507,-5.50038031506445,0.80320628340952,1.28539374582908,10.1477508363891,-1.12725895533914,0.186453777998929,1.28539374582908,10.3677340239083,2.31420914829377,0.0533314734740473,-0.331594418211693,-6.38715289448259,-6.95849981399198,1.95265275092737,11.3177893089141,-3.54258214468061,0.546676240005157,-3.92987725945147,0.560327759330131,4.89777383,0.11417668,-0.81,0.02461248,86.0079941546202,-122.460745180403,1263.04148957826,0.642895668819083,0.620857080221466,8.32716208743635,0.16514382782469,-1.13893785160364,-903.366950999603,-904.750636703912,-925.38094061891,-926.945357480631,1.5368284159778,-947.117702997419,1.61506108442052,1856.28914512804,1887.92831358445,NA,2403.62223397611,0.354018883611427,1.05489647782791
"470",-5.76,0.83,-5.86,0.83,1.359326,9.604077,-1.1484446,0.2002995,35,35,-5.96287890422215,0.891842429905799,-6.51243561779777,0.904133391742673,1.25421182085977,8.17641361029296,-1.04826910646036,0.207426476325915,1.25421182085977,9.97682689568856,-6.23765726100996,0.897987910824236,1.25421182085977,8.25191675565197,-1.0499577516088,0.207464243261634,1.25421182085977,10.1353846462848,2.8697704346914,0.0791635878170354,-0.464723994126296,-6.60725371892921,-7.08358406241063,1.89980732469889,10.8919626024049,-4.59830207332191,0.681859064335622,-4.6914684289819,0.657559826011441,6.0301253,0.14021624,-0.866,0.02458879,90.5272658670318,-131.499288605226,1292.43445912722,0.734550489853289,0.707657009537602,6.61196374551874,0.156553177672344,-0.967549039208215,-898.558321327903,-899.219489197247,-918.479228914962,-919.483129655936,0.982244426645518,-939.164433762324,1.19508931918799,1846.67188578464,1874.12489017655,NA,2453.36962964922,0.442628866927001,1.00132620500404
"471",-5.76,0.83,-5.86,0.83,1.359326,9.604077,-1.1484446,0.2002995,35,35,-4.98067665255024,0.758964677163426,-5.60902124327492,0.75634275365126,1.40675634011269,11.221319206407,-1.43544300594741,0.240416281322743,1.40675634011269,8.1144728885455,-5.29484894791258,0.757653715407343,1.40675634011269,11.3200234375803,-1.43503113808337,0.240417999943469,1.40675634011269,8.37242104797227,2.82097873682571,0.0737362120421138,-0.442682697356484,-6.41670273334512,-7.06066806588063,2.29319819176935,7.70509705339729,-3.70110292267262,0.557269861903269,-3.97323771988258,0.548236347495022,5.43443789,0.1108151,-0.86,0.02753465,68.9602174261087,-88.36519172338,1238.72102110415,0.556716107512536,0.537381679611317,7.40193217722101,0.166757867251277,-1.06646502608021,-920.590144624487,-921.840231456431,-933.585545321051,-935.53909610563,1.92446398771606,-974.353807766908,2.47204703292406,1890.73553237781,1904.33752298873,NA,2389.07685048492,0.423991152974789,1.04934114789266
"472",-5.76,0.83,-5.86,0.83,1.359326,9.604077,-1.1484446,0.2002995,35,35,-6.21925205815586,0.842065903914147,-4.93871404147702,0.701301197405288,1.12892584400548,10.2969419053252,-1.32337881778011,0.2336122639212,1.12892584400548,10.5831168264847,-5.57898304981644,0.771683550659717,1.12892584400548,10.7068863083651,-1.36844245730292,0.238565939570831,1.12892584400548,10.7734757644805,2.48435606737524,0.0669269294025311,-0.392380235501335,-7.16018253405886,-6.71828421310302,1.99031267124021,9.486085241833,-4.91841973372097,0.684508516821158,-3.7304330809587,0.532754517228603,5.44039633,0.11295361,-0.848,0.02237367,110.395723076227,-171.236203023616,1244.37812032013,0.267441816913747,0.240676236408711,7.86986032693938,0.169358625959278,-1.11560721264413,-880.91113242246,-882.136728171946,-896.458599732272,-897.599641231143,1.1175237181516,-946.163080150193,1.11341475552974,1811.37750797376,1830.08363181117,NA,2317.52003761665,0.395413120626413,1.05898040639935
"473",-5.76,0.83,-5.86,0.83,1.359326,9.604077,-1.1484446,0.2002995,35,35,-5.50834114721125,0.817154026100074,-6.62875785037691,0.930618473394705,1.26312923239046,10.9678285805757,-1.38254316045397,0.233012757192412,1.26312923239046,9.30106700002422,-6.06854949879408,0.873886249747389,1.26312923239046,11.2816619777588,-1.41432502594506,0.236231302392381,1.26312923239046,9.46054072192292,3.00296962867336,0.0843482583534367,-0.488054168901272,-6.59769014468854,-7.04211503204659,2.01025974662207,9.25600874095508,-3.94028797480703,0.580619890586799,-4.741325188089,0.674163093368445,6.07035812,0.13411965,-0.869,0.02372449,95.0950243466627,-140.634805564488,1268.29999180563,0.540309207187418,0.486471170618102,7.90166909177349,0.166983734390464,-1.11801147139096,-901.13400264656,-902.083894973961,-915.767284193146,-916.842671054753,1.05272716788333,-947.829778125993,1.14002176975633,1851.82324842196,1868.70100073292,NA,2395.96517804678,0.480473007357247,1.02266942345526
"474",-5.76,0.83,-5.86,0.83,1.359326,9.604077,-1.1484446,0.2002995,35,35,-4.96844791811909,0.756575938294963,-5.46952264722473,0.776420169137721,1.34609849866674,8.12854191537153,-0.978923604181212,0.161063357272074,1.34609849866674,6.73472010028377,-5.21898528267191,0.766498053716342,1.34609849866674,8.19131088640861,-0.981409464829675,0.161161805646509,1.34609849866674,6.83064632193163,2.6554704325031,0.0678738214580762,-0.413249041866542,-6.41870548695877,-6.80155342379116,1.98521719261413,7.36871131233311,-3.60138632126684,0.543113779262635,-3.90349244503019,0.55800240896661,4.39355437,0.08295643,-0.873,0.03197559,46.1806479774332,-42.806052826029,1176.50873378103,0.727281345567647,0.70170447728201,6.36586105178813,0.145765064511089,-0.927440048573716,-895.934901247404,-896.481326185895,-911.296781877006,-912.15958463348,0.843337960195195,-937.640817681843,1.04986381906827,1841.42504562365,1859.75999610064,NA,2310.21141473603,0.387864442685491,0.90082762210081
"475",-5.76,0.83,-5.86,0.83,1.359326,9.604077,-1.1484446,0.2002995,35,35,-4.3117728688355,0.648216066644657,-5.63384117161717,0.718756877348065,1.3051264495588,9.08835906275684,-1.13423094568918,0.215661973753856,1.3051264495588,10.1263844425288,-4.97280702022634,0.683486471996361,1.3051264495588,9.52532521206183,-1.15754588816006,0.21690597524753,1.3051264495588,10.6800882483102,3.52672646412432,0.0894862035137631,-0.543185463222711,-6.40761051270398,-7.30941491914714,2.24471950206145,9.64865671255683,-3.32176695548603,0.500863763597605,-4.26743350801349,0.546829614749916,6.76260343,0.15979763,-0.878,0.02443962,86.259758513938,-122.964273899039,1274.04130430619,0.105143211181787,0.104400708796601,5.45683623291905,0.110211660640275,-0.713935164804722,-909.451977837331,-911.830261692268,-929.175713203099,-932.575351983787,3.3840156240889,-976.172302304118,4.04869220140943,1868.4591988035,1895.51785875283,NA,2425.11833471334,0.526148427535163,0.846033307624368
"476",-5.76,0.83,-5.86,0.83,1.359326,9.604077,-1.1484446,0.2002995,35,35,-5.50875481897907,0.737705426354952,-5.2917294687878,0.745032007330504,1.33083797043103,7.08297159492817,-0.770910136800587,0.160431098639649,1.33083797043103,10.5174084177296,-5.40024214388343,0.741368716842728,1.33083797043103,7.09474659558458,-0.770512623350108,0.160444518336847,1.33083797043103,10.5621748904275,2.97534648883366,0.0769564372526063,-0.45934921278149,-7.07143801483849,-6.81076279109287,2.00447709321138,12.206651212379,-3.71689641910631,0.519893363374817,-3.76483910640195,0.523038473526524,4.3024735,0.09603141,-0.784,0.02534212,85.7082674373517,-121.861291745866,1291.45259939142,0.995499710793685,0.998444719871566,6.7291138318624,0.148614870892903,-0.945699613496959,-908.67630385802,-908.834303532788,-936.373213119126,-936.644765423767,0.26430599949651,-955.973991866264,0.305458817027421,1866.90785084488,1909.91285858488,NA,2461.04390703698,0.46295813048036,0.997044726913497
"477",-5.76,0.83,-5.86,0.83,1.359326,9.604077,-1.1484446,0.2002995,35,35,-6.51314339112198,0.970350127994358,-7.02074278777372,0.935739267389481,1.33620604407128,8.90603138968626,-0.907165357559522,0.165329888484737,1.33620604407128,11.4857990502998,-6.76694308944785,0.95304469769192,1.33620604407128,8.97044567655655,-0.902773244569365,0.165629366402689,1.33620604407128,11.8214406328937,2.70225411208732,0.0692824263282229,-0.418586313665799,-6.68978965603976,-7.40359160392943,1.83353303073733,14.8663934578026,-4.79707260294036,0.711406480863179,-5.07557544526737,0.682354717257343,5.99797173,0.12629374,-0.826,0.02247729,110.502866678979,-171.45049022912,1394.59947948421,0.422263402055587,0.409931439846336,7.77686510756574,0.155421274040333,-1.04072322047107,-914.606513070225,-915.679167471484,-943.010716363593,-944.867599120761,1.82796691861183,-940.556952394701,2.08418113725858,1878.76826926929,1923.18786507381,NA,2617.74846873931,0.405457959604348,1.09125389631861
"478",-5.76,0.83,-5.86,0.83,1.359326,9.604077,-1.1484446,0.2002995,35,35,-6.09068150792463,0.887934188375497,-6.12161887042592,0.906401651767987,1.28442332602031,15.5778995991567,-1.8529434614327,0.276441568592402,1.28442332602031,10.9366761361682,-6.10615018917527,0.897167920071742,1.28442332602031,15.5781388792563,-1.85308629508507,0.276526830393441,1.28442332602031,10.9415272273295,2.70178795636144,0.0620205265702071,-0.39766192192589,-6.7583406143343,-6.67925360876519,2.13516314092406,10.4577425275217,-4.32813093922787,0.628815715912865,-4.42618301181424,0.664599130848874,8.13516022,0.14689289,-0.901,0.02542778,77.9879017667035,-106.42056040457,1293.07105049501,0.864839831132002,0.836113504897848,8.86841098379654,0.194093121132367,-1.27151256887596,-913.601665710271,-913.631220971464,-930.17889127889,-930.207333652112,0.0276353479989619,-966.476229747872,0.0304247559817257,1876.75857454938,1897.52421490441,NA,2479.72154058544,0.369450353015451,1.19037627944856
"479",-5.76,0.83,-5.86,0.83,1.359326,9.604077,-1.1484446,0.2002995,35,35,-4.79352845453243,0.699437585931186,-6.05650318231119,0.871292336445656,1.30829097646663,11.1773953896958,-1.58768985967263,0.308777258987902,1.30829097646663,10.7103870670589,-5.42501581842181,0.785364961188421,1.30829097646663,11.5761716804478,-1.64195191135976,0.316160772806499,1.30829097646663,10.7987946882432,2.91694748769759,0.0808782015780878,-0.466702339628622,-6.58420154107473,-6.82331013610994,2.38164955945397,9.01116016336466,-3.21473429291306,0.464946080651561,-4.15741546803938,0.597215776143896,6.12878802,0.15688852,-0.88,0.02792934,58.6248361078136,-67.6944290867899,1273.31730772443,0.45833335112615,0.419015675979653,8.08025396543631,0.193873659986111,-1.19539053292094,-918.642498465491,-919.63926945924,-933.350030877848,-933.876511358528,0.51336631369286,-988.518766571239,0.28534815459664,1886.84024005982,1903.86649410232,NA,2478.94018636207,0.477969400710776,1.21496212524085
"480",-5.76,0.83,-5.86,0.83,1.359326,9.604077,-1.1484446,0.2002995,35,35,-5.70738578612897,0.80747213748608,-5.51927499695724,0.761616165043614,1.45739740540567,5.94396301758687,-0.691084339667948,0.153798839855369,1.45739740540567,8.54716332732085,-5.61333039154311,0.784544151264847,1.45739740540567,5.95280943483757,-0.693240840459046,0.15432453240753,1.45739740540567,8.55471655935664,2.21643453933579,0.0614969837981144,-0.353566180702445,-6.85441697058792,-6.93950419908699,2.0522481643046,10.5172231547975,-4.15234057332746,0.604630376012849,-4.23365713717104,0.578249002570771,4.21122678,0.1118495,-0.776,0.02461723,92.2107114121804,-134.866179695523,1294.08909185287,0.779068706616434,0.768489397945359,5.71032276000417,0.124363004914542,-0.809642561850843,-919.747019981446,-919.829678465364,-945.496766891814,-945.552125450573,0.0537981556222286,-956.953691744799,0.0364500442188834,1889.04928309173,1928.15996613026,NA,2453.31200401022,0.3678610461409,0.79122629648302
"481",-5.76,0.83,-5.86,0.83,1.359326,9.604077,-1.1484446,0.2002995,35,35,-5.53088361211971,0.808379823848747,-5.72669511452198,0.769792353485906,1.35589251948332,10.6201131074894,-1.13523947284729,0.162918850053881,1.35589251948332,8.49187837550859,-5.62878936332084,0.789086088667326,1.35589251948332,10.6296986436077,-1.13335050521088,0.163291098271132,1.35589251948332,8.61126932288234,2.24075044695955,0.0626932341681337,-0.358204651262917,-6.67250703611173,-7.09821270166331,1.97157466973527,9.89863356344051,-4.07320799529042,0.59298230658998,-3.9890514056428,0.542848307989717,6.67504978,0.10958271,-0.896,0.03006295,53.6081350527352,-57.661026976633,1260.02503829579,0.614114677839732,0.591422360435112,6.55039748531741,0.136106441622052,-0.904859986201255,-905.268097375843,-905.92181406532,-927.403119276324,-928.278103364156,0.855319052798138,-945.196165286835,1.0036459601953,1860.09143788052,1891.97267089928,NA,2462.38904961495,0.37729491662383,0.894319822677759
"482",-5.76,0.83,-5.86,0.83,1.359326,9.604077,-1.1484446,0.2002995,35,35,-5.89825759731162,0.887497813270393,-5.14290916536127,0.733330668981856,1.4693559031156,11.3832559309621,-1.23719249900955,0.178678938386973,1.4693559031156,8.18808067230521,-5.52058338133644,0.810414241126124,1.4693559031156,11.5258937443746,-1.26630497668371,0.184620815481494,1.4693559031156,8.23987798279213,3.0740744351338,0.0806069199303285,-0.479229764503637,-6.56851651367679,-6.73165603359444,2.12293091961231,9.53024921923087,-4.01338868956496,0.603784823154629,-3.38816660976028,0.484636122311688,3.67239532,0.05819484,-0.793,0.0296281,62.0295036656305,-74.5037642024236,1235.3348523351,0.373667599468813,0.31064966389446,10.9652700343472,0.23636354257217,-1.57056036027923,-923.858780742041,-924.84025209575,-944.815291006075,-945.208804075068,0.383346341715022,-962.114123611112,0.141674213100383,1897.27280461292,1926.79701435878,NA,2396.16594046778,0.478123067002725,1.42036336596868
"483",-5.76,0.83,-5.86,0.83,1.359326,9.604077,-1.1484446,0.2002995,35,35,-6.64494580091453,0.997620834518437,-5.74550631218264,0.764562773725921,1.35085495058234,6.87635329665468,-0.851657837574151,0.154154283633667,1.35085495058234,6.71479141174202,-6.19522605654858,0.881091804122179,1.35085495058234,7.07860114512726,-0.904063243335169,0.167733298558759,1.35085495058234,6.95907710262559,3.683789843522,0.0962054894085296,-0.579458390654583,-6.65912025319748,-7.14818038227658,1.88978026605114,7.86427355347914,-4.53866707576589,0.690354408806966,-3.80601027931837,0.505167630289973,3.36619795,0.08825776,-0.835,0.02788233,77.5020481745382,-105.448853220239,1241.2797031641,0.0842737865628405,0.0723208245895973,8.70245551016442,0.194447237096411,-1.25827738721452,-895.584523790466,-898.203954106968,-911.980376420609,-914.162528596932,2.15319197804879,-927.583733381213,1.69909248133269,1840.72429070977,1861.12718518785,NA,2377.11055310797,0.547110821225669,1.19130209811595
"484",-5.76,0.83,-5.86,0.83,1.359326,9.604077,-1.1484446,0.2002995,35,35,-6.14602028831236,0.977581008648962,-6.47840708606265,0.975733331909848,1.55772281020544,9.44449055952699,-1.16078595912705,0.195293960390588,1.55772281020544,6.83292741759755,-6.3122136871875,0.976657170279405,1.55772281020544,9.47211080535666,-1.1606324232884,0.195294813867922,1.55772281020544,6.8991699885184,2.84816973459056,0.0757100108019159,-0.452619287069066,-6.27958683742365,-6.62298161506261,2.1380359281889,8.06119513775947,-4.28358291914027,0.678531720272673,-4.36691620739094,0.655914156624516,6.17845019,0.14561044,-0.898,0.03151168,41.6736479706821,-33.7920528125267,1273.80471870722,0.728242605741731,0.699420648972949,8.04422885924921,0.186229608633031,-1.18210092758097,-933.119024230157,-933.489937036124,-947.953552469032,-948.543048865999,0.575071691906355,-958.592383320662,0.724325627602422,1915.79329158915,1933.07353728469,NA,2513.81738460192,0.426603090131165,1.13211181705511
"485",-5.76,0.83,-5.86,0.83,1.359326,9.604077,-1.1484446,0.2002995,35,35,-5.83189331994369,0.780642663499088,-6.75020849055551,0.857673470207823,1.37458542449227,18.1256758086594,-2.19814562665086,0.320608282811976,1.37458542449227,10.5105722738804,-6.2910509052496,0.819158066853455,1.37458542449227,18.3365014968033,-2.21583026625213,0.322091719107525,1.37458542449227,10.6545014009248,3.70508003323469,0.0906121038322766,-0.563650733866771,-7.13876756775917,-7.5981531252478,2.42591717729026,9.12803602425207,-3.85976836856017,0.518698699111049,-4.04454460545715,0.506261751118288,6.82128503,0.12997841,-0.886,0.02504301,87.9239196221729,-126.292596115508,1364.92032115084,0.685892527439912,0.641955933064366,14.4069427524089,0.270029751910653,-1.9316350915922,-929.344786299413,-929.902572244094,-944.255780322783,-945.12563885917,0.850277501947539,-993.437010279547,1.02211657058488,1908.24481572766,1925.67799299219,NA,2603.54804618617,0.525372764864586,1.72353730677331
"486",-5.76,0.83,-5.86,0.83,1.359326,9.604077,-1.1484446,0.2002995,35,35,-5.65078880586333,0.798838961929171,-6.20843627950888,0.882044202152461,1.21937773112118,9.24896468492592,-1.23229451485929,0.221923226144022,1.21937773112118,8.62913447828395,-5.9296125426861,0.840441582040816,1.21937773112118,9.32670736114174,-1.24389431286044,0.223654004144176,1.21937773112118,8.64450469031578,3.21492202037152,0.0885257577660036,-0.515995034958058,-6.84925421628512,-6.91118639968476,1.95755021833148,8.357666926867,-3.63125310247164,0.503878533599041,-4.52323467016995,0.643119789627414,4.41222386,0.12969431,-0.872,0.02525185,90.0706128332465,-130.585982537656,1234.95876288529,0.413292505555067,0.378220811002183,8.8401337406089,0.181523481224201,-1.23774732522809,-888.858527410831,-889.092243651634,-902.408880039332,-902.520526320649,0.108542924654447,-938.111722955784,0.0249172006041087,1827.2722979505,1841.98419242529,NA,2339.33154323292,0.510894501988336,1.10963659270896
"487",-5.76,0.83,-5.86,0.83,1.359326,9.604077,-1.1484446,0.2002995,35,35,-5.37248243399259,0.782461130097641,-6.18103983644179,0.8827745793241,1.40965609708565,7.59845850491334,-0.941130064857484,0.15716458591527,1.40965609708565,5.86486680157396,-5.77676113521719,0.83261785471087,1.40965609708565,7.76189977317719,-0.9614073603418,0.159680282939198,1.40965609708565,5.90834433986871,2.62127852305827,0.0731267748842726,-0.424749364302715,-6.66852272837816,-6.87943855842862,1.96584091786207,6.70676886514496,-3.57980574693493,0.512739920539237,-4.52050180064851,0.636323725406535,4.06625592,0.08561554,-0.88,0.02932942,68.4605283832674,-87.3658136376974,1190.33947938256,0.366421922628521,0.333407265789157,7.64543421268066,0.176291058247408,-1.12795626789799,-900.755114113655,-901.299645173963,-914.248759931703,-914.69069576762,0.430667147593487,-932.353771774416,0.34941746585518,1851.06547135615,1865.66395221003,NA,2293.31314512742,0.416282305235659,1.04784018444849
"488",-5.76,0.83,-5.86,0.83,1.359326,9.604077,-1.1484446,0.2002995,35,35,-5.86957903458747,0.834757273383604,-6.1258872488208,0.838964260857046,1.52929493714778,12.1244830455943,-1.46625937341499,0.222693213756316,1.52929493714778,7.14818008396565,-5.99773314170413,0.836860767120325,1.52929493714778,12.1409065207652,-1.46652894477665,0.222697638442216,1.52929493714778,7.17880133670366,3.00702088202478,0.0735214738100179,-0.459551979345766,-6.85405243993849,-7.08529651144641,2.26805756097188,7.56827140191956,-4.2070630666407,0.599320914000277,-4.2668671477671,0.585550793614863,7.6139373,0.14659858,-0.911,0.02813737,63.7737624359725,-77.9922817431075,1280.87764293777,0.869151141473539,0.855704926038763,8.23464344139975,0.173355899704287,-1.16217094153497,-932.255315040432,-932.425035753856,-946.203170182349,-946.465740482355,0.255547271259071,-971.09851404516,0.327446904667736,1914.0658732097,1929.57277271133,NA,2483.76300413242,0.41812924828891,1.06642835841751
"489",-5.76,0.83,-5.86,0.83,1.359326,9.604077,-1.1484446,0.2002995,35,35,-6.02987073900451,0.933813423424874,-5.14569780876336,0.712190647893426,1.45770832322703,7.13464122464555,-0.781906825201485,0.133745409453095,1.45770832322703,6.9744931304787,-5.58778427388394,0.82300203565915,1.45770832322703,7.33008166728835,-0.830895039913939,0.146024573111661,1.45770832322703,7.16358603395345,2.48652170253378,0.0585107407081689,-0.363625961026208,-6.42419323515107,-6.8603914522421,1.98324112372409,8.78870967024443,-4.1050582835871,0.62757192479052,-3.69184114202584,0.521425866939744,2.72394571,0.03086584,-0.728,0.02947557,72.4263943364049,-95.2975455439724,1212.15322076957,0.257005176326052,0.224994855691139,8.66437582005497,0.228169556111725,-1.36203603670302,-912.078405355157,-914.540919439321,-932.949309949034,-934.589791311872,1.61243068692831,-942.882366121846,1.16630937544135,1873.71205383915,1903.0650522447,NA,2329.00889599517,0.371684030975859,1.32014892192962
"490",-5.76,0.83,-5.86,0.83,1.359326,9.604077,-1.1484446,0.2002995,35,35,-5.6104191922138,0.813707391018434,-5.12685892430111,0.76345305041959,1.03545424304932,8.12271178740896,-0.981099305224055,0.161135566167666,1.03545424304932,8.65713565006328,-5.36863905825745,0.788580220719012,1.03545424304932,8.1811694205849,-0.987174555824992,0.161766940854922,1.03545424304932,8.69121494100088,2.96857091447017,0.0776035313089633,-0.463531705741076,-6.72030234962238,-6.53614443869128,1.64725307702116,8.77307262555038,-4.12204852947589,0.606717992972177,-3.65886196052935,0.545855173931,4.20246305,0.08878723,-0.847,0.02485381,95.1285754257691,-140.701907722701,1162.27528960867,0.774032618251782,0.733978779272692,5.74753384284134,0.125301400140356,-0.82584635656785,-846.238986650822,-846.461466551768,-862.554529498601,-862.801119286331,0.239966783912986,-897.348692412596,0.250689571067667,1742.03321643048,1762.27549134383,NA,2183.84867149463,0.455105308945608,0.756911352202337
"491",-5.76,0.83,-5.86,0.83,1.359326,9.604077,-1.1484446,0.2002995,35,35,-4.76962717891066,0.701428290717008,-6.16271333208613,0.853416323903723,1.31376351783135,5.85303473447954,-0.616176957812015,0.10587919586986,1.31376351783135,6.76164727670279,-5.4661702554984,0.777422307310366,1.31376351783135,6.33820699202185,-0.669110063932213,0.111654286427851,1.31376351783135,6.95906215651194,3.05866981198735,0.0732831459749457,-0.462038136551054,-6.54844016147334,-7.03602094283729,1.79141763726307,8.60006411692809,-3.23671496865228,0.479479096991163,-4.71496826475533,0.658245155155007,3.1897836,0.0625249,-0.802,0.02751663,81.7518002734768,-113.948357418116,1191.23835458495,0.055741082045991,0.0421260136700747,6.87007658226065,0.139117048350326,-0.945670882125262,-883.255758437001,-885.214860450698,-905.583006042675,-907.341166907861,1.72955705772866,-917.278607695497,1.6450122639263,1816.06676000284,1848.33244443198,NA,2268.52835175178,0.422008277774159,0.893009492897121
"492",-5.76,0.83,-5.86,0.83,1.359326,9.604077,-1.1484446,0.2002995,35,35,-5.25134337012343,0.75159513985235,-5.52302017422255,0.827391897254689,1.27543318458929,7.77890213547388,-0.992605472119092,0.180409863205685,1.27543318458929,7.72027295742977,-5.38718177217299,0.789493518553519,1.27543318458929,7.79735420694526,-0.997753527322128,0.181846150313862,1.27543318458929,7.75248691880413,3.06249903998908,0.0650623973912835,-0.428348474771061,-6.73127524720391,-6.55137458461264,1.94558897162384,8.12899384100901,-3.74876862280295,0.540217273686434,-3.96760377052148,0.602989960937896,5.0727362,0.13072458,-0.867,0.02676025,72.0897178177667,-94.6241925066959,1205.32796522971,0.757791113960973,0.736233865708159,5.43287249136341,0.117847907983043,-0.774540916515156,-890.688828173529,-890.970987946855,-906.480458076501,-906.738571833818,0.251201927296296,-935.744185621969,0.216839539980437,1830.9328994759,1850.12734849963,NA,2316.03173795272,0.420678360824518,0.729185769042667
"493",-5.76,0.83,-5.86,0.83,1.359326,9.604077,-1.1484446,0.2002995,35,35,-4.55584467259405,0.718256719613101,-6.32243672563984,0.890510713848827,1.55206150734696,7.68371782454213,-1.12120681420826,0.240757636579567,1.55206150734696,7.85013238779187,-5.43914069911695,0.804383716730964,1.55206150734696,8.46392969501328,-1.19728244853882,0.248175496212107,1.55206150734696,8.20162735341723,3.22838873677897,0.0866503650154677,-0.51636136542395,-6.23439823048321,-6.97474556000642,2.40084548697085,8.01322193444904,-3.31307472984394,0.514407667842924,-4.20242593325778,0.583923887651929,5.1264406,0.1554437,-0.863,0.0274763,64.828446279747,-80.1016494306567,1269.11919600721,0.201900341115638,0.184997564642451,7.696482579223,0.176820985612932,-1.11857166084914,-937.976182228342,-941.181444734765,-955.608243268498,-958.334598835607,2.70071187810645,-986.810257958935,3.01421144224852,1925.50760758552,1948.38291888362,NA,2458.13674258376,0.484180965916379,1.10880554624633
"494",-5.76,0.83,-5.86,0.83,1.359326,9.604077,-1.1484446,0.2002995,35,35,-5.65163216333209,0.841391191084,-5.9987709765224,0.809976101476447,1.47541913332728,11.0149294435784,-1.33934156647777,0.221201732410331,1.47541913332728,8.22999675635295,-5.82520156992724,0.825683646280223,1.47541913332728,11.0450557824842,-1.33661521724711,0.221448459374093,1.47541913332728,8.4007868065609,3.44424446134725,0.0882774773883416,-0.536068090310039,-6.59658240368179,-7.13088419147704,2.22165674554974,8.82510574734042,-3.58336300926128,0.543138084922367,-4.16797880312204,0.561009784016986,5.28586676,0.13400378,-0.873,0.03022899,50.2029013697742,-50.850559610711,1289.38053680344,0.261257862515966,0.227436503132666,9.40626186225589,0.184007652541325,-1.26936041313835,-930.316686624795,-931.143353849729,-946.142806432159,-947.426234837745,1.25825866690003,-970.824847334506,1.55634553149616,1910.18861637843,1929.45204521095,NA,2527.91051399618,0.506666562301061,1.2165233956612
"495",-5.76,0.83,-5.86,0.83,1.359326,9.604077,-1.1484446,0.2002995,35,35,-5.40564632252418,0.856353466987987,-6.45390469158755,0.901863802180446,1.48971389059655,10.4798600233703,-1.30823040687083,0.218780342688653,1.48971389059655,7.5484827244624,-5.92977550705587,0.879108634584217,1.48971389059655,10.7545714254482,-1.32015705430692,0.219298140340986,1.48971389059655,7.90628867341647,3.65891281183835,0.0925063152350043,-0.569503212257708,-6.26145519482327,-7.03857476351089,2.18284557702113,8.20364117373856,-3.97568442009834,0.624915337861178,-4.27449851157737,0.594273208077286,5.9769072,0.14338303,-0.894,0.02793811,65.1285268433436,-80.7018105578498,1261.47354852433,0.228396000890665,0.223141018682227,8.59270974156893,0.180385882521289,-1.19366341016613,-928.929744201918,-930.777805808069,-943.135747872864,-946.006014689351,2.84621321854593,-964.220040128171,3.57717313222108,1907.41473153267,1923.43792809236,NA,2442.2452864908,0.517935826455751,1.177053286378
"496",-5.76,0.83,-5.86,0.83,1.359326,9.604077,-1.1484446,0.2002995,35,35,-6.32640342478852,0.920283386933471,-6.98940058626052,0.970761986715174,1.3669226125286,6.13610035367951,-0.698501540971875,0.136123492057368,1.3669226125286,7.65720456431368,-6.65790200552452,0.945522686824322,1.3669226125286,6.24599166270948,-0.706868333064461,0.136760514316348,1.3669226125286,7.74535172244879,2.91573498295339,0.0736878129151438,-0.446705887873618,-6.80133437718585,-7.16359310349628,1.78096613962274,10.1626850744862,-4.8537687056446,0.705426935476095,-4.82343630600929,0.673613215255303,3.44734256,0.08705674,-0.778,0.02470218,99.9967548782555,-150.438266627674,1301.61759291633,0.84438022782719,0.840229672543884,7.58911862355732,0.160965175816783,-1.07385198609212,-900.484980708346,-901.06085237137,-922.944988819408,-923.654120712126,0.692372082542115,-921.123277753653,0.785525590775428,1850.52520454553,1883.05640998544,NA,2452.79691920498,0.439325950778786,0.991290457323493
"497",-5.76,0.83,-5.86,0.83,1.359326,9.604077,-1.1484446,0.2002995,35,35,-6.08345414431387,0.916436571499782,-5.15774334238245,0.75769324804809,1.49336937767231,6.2560520366049,-0.598844521000895,0.105626156205941,1.49336937767231,7.35445399912586,-5.62059874334816,0.837064909773936,1.49336937767231,6.47028715880802,-0.635582123314326,0.111926016891063,1.49336937767231,7.39219065124007,2.66445581003183,0.0715221292542272,-0.418053390897949,-6.5813034276254,-6.60134426883903,1.90369576763987,10.3365018785724,-4.47413272077094,0.685064237446458,-3.63248790658291,0.527226820557281,4.47512437,0.09424056,-0.811,0.02714837,72.8352422534741,-96.1152413781109,1247.21172414938,0.294516846680876,0.290432780967682,6.12275451824848,0.135748532435081,-0.880246313299492,-915.454971181256,-916.598972107169,-942.129067054418,-942.444541607587,0.30715260913935,-937.991152110264,0.00221463544691591,1880.46518549135,1921.42456645546,NA,2398.30820692065,0.430531032992991,0.840482245549751
"498",-5.76,0.83,-5.86,0.83,1.359326,9.604077,-1.1484446,0.2002995,35,35,-7.32769294764907,0.975567764098489,-6.1907328549301,0.847117387146959,1.35866082181271,7.67031711113357,-0.793947605821573,0.162130160811206,1.35866082181271,11.2744089098479,-6.75921290128959,0.911342575622724,1.35866082181271,7.99348667424246,-0.830458343943724,0.166255035645954,1.35866082181271,11.3903688357457,3.57203789293174,0.0871693986439304,-0.543080515215678,-7.47325388682516,-7.10156790090338,1.87459971989494,14.5298791342118,-5.49172847640025,0.729219893444766,-4.37245573378776,0.583447244685708,7.42827601,0.1547703,-0.85,0.01977271,134.190320870119,-218.825398611401,1410.57057361696,0.434603305845883,0.440133628088166,8.00230473037396,0.174466273075383,-1.12780919358444,-916.418297187167,-917.474865994555,-945.898421138711,-946.556627322732,0.642415860426565,-945.233498882024,0.564706402044884,1882.39183750317,1928.96327462405,NA,2602.31574862251,0.504761900663222,1.13761597968742
"499",-5.76,0.83,-5.86,0.83,1.359326,9.604077,-1.1484446,0.2002995,35,35,-6.3297628994488,0.930040768043903,-5.8386970277901,0.855310860316394,1.4125511093378,8.49720583447831,-1.21678030341029,0.233522381252766,1.4125511093378,7.13752377493141,-6.08422996361945,0.892675814180149,1.4125511093378,8.55749225705528,-1.22595463022958,0.234918521030007,1.4125511093378,7.14761200505206,2.68819470863699,0.0671451284222504,-0.408382967888149,-6.74656190010585,-6.7007174808434,2.14279438386225,7.1318757557222,-4.52446699549782,0.676769240866039,-4.04996834914926,0.597927341869427,3.60340117,0.10144654,-0.828,0.02887342,66.5649644196377,-83.574685710438,1245.91835285273,0.751788222505982,0.735233471871668,8.83400341751547,0.204555657636724,-1.3136742862804,-914.42941793102,-914.613078513941,-926.656251224487,-926.742977698042,0.084300785739939,-955.349725073931,0.0143531980908596,1878.41407899088,1890.4789347956,NA,2408.26201999503,0.405611886001924,1.1850029597462
"500",-5.76,0.83,-5.86,0.83,1.359326,9.604077,-1.1484446,0.2002995,35,35,-5.81387108925975,0.878165910967997,-6.20266171051475,0.829189992007645,1.43619463160069,9.56286685036035,-0.891689809343227,0.136262112824652,1.43619463160069,10.0419412813016,-6.00826639988725,0.853677951487821,1.43619463160069,9.60065638715431,-0.886929464853445,0.136861772984154,1.43619463160069,10.3278475449006,2.89649200899419,0.0809029265097733,-0.472465691144573,-6.53972706472798,-7.22030353765937,1.90518670863844,13.622148921225,-4.70338599526043,0.714083593309596,-5.40826534500335,0.725136681967975,8.4244921,0.1054092,-0.853,0.022881,105.653449387949,-161.751655647061,1348.85759859293,0.26630491788897,0.237687867624035,5.61175737892861,0.128905514052789,-0.80928598565357,-922.081722341147,-923.240065128611,-952.088206594654,-953.877631470954,1.76070723701959,-947.090794591955,1.97857300377913,1893.71868781113,1941.34284553594,NA,2535.9635415388,0.449698104658286,0.832073489345658
"501",-5.76,0.83,-5.86,0.83,1.359326,9.604077,-1.1484446,0.2002995,35,35,-5.85714177475959,0.838298243230807,-5.73112119532547,0.858322274048946,1.44301725009599,7.57633838467018,-0.944953723419205,0.170713363846339,1.44301725009599,6.81501836424166,-5.79413148504253,0.848310258639876,1.44301725009599,7.58030868128041,-0.944322863427628,0.170813604298891,1.44301725009599,6.85212786594033,2.44776531274741,0.0673655305616266,-0.383271859562049,-6.82051899805709,-6.57520042462319,2.01735560032511,7.96036551283487,-4.36862574120659,0.623900438237089,-3.98070539326851,0.596985135250012,5.02529438,0.11900816,-0.868,0.02759395,70.0814827281703,-90.6077223275032,1232.85013305491,0.710105262828886,0.671915765440062,6.30113496308566,0.139334515657365,-0.906302191069375,-912.961220170563,-913.170589400297,-929.053570574151,-929.385177867362,0.322897016730677,-943.966215502994,0.396186468443974,1875.47768346996,1895.27357349493,NA,2375.09254378232,0.424852863566323,0.857550160455248
"502",-5.76,0.83,-5.86,0.83,1.359326,9.604077,-1.1484446,0.2002995,35,35,-6.19090493363486,0.953287761912748,-6.310028067347,0.860805922503949,1.35352045140548,7.56823062618423,-0.874898035790249,0.16786514804986,1.35352045140548,9.12307618134628,-6.25046650049093,0.907046842208349,1.35352045140548,7.57177820643059,-0.87214385415979,0.170003370704969,1.35352045140548,9.42740831767247,3.37832266877804,0.0916913543718389,-0.535766541783033,-6.4692043604416,-7.13931036184307,1.88287817947123,11.250154228171,-4.08857074371026,0.641721333183013,-4.64409140682183,0.629961646425476,3.32664156,0.08231978,-0.739,0.02661642,82.3145415491938,-115.07383996955,1305.3874456245,0.160692847813837,0.16195020342652,8.80104270021633,0.195103876941862,-1.26103792372059,-908.766468736615,-910.097538635406,-931.480802734812,-933.554214392087,2.04429808681229,-938.010110117077,2.31670212686457,1867.08818060207,1900.12803781625,NA,2495.70105127944,0.5401929697554,1.22389769912025
"503",-5.76,0.83,-5.86,0.83,1.359326,9.604077,-1.1484446,0.2002995,35,35,-6.54636525367775,0.963196780839188,-5.19110271301557,0.748840039408184,1.36410032336548,6.78776490967851,-0.941091495323646,0.210236743595806,1.36410032336548,9.16108914333604,-5.86873398334666,0.856018410123686,1.36410032336548,7.24694904820905,-1.01371891082361,0.221723946745035,1.36410032336548,9.23986998736712,2.53660198798871,0.0731298640825195,-0.415008167242855,-6.76562930987573,-6.68744876560557,2.08254305926198,9.86150058101158,-4.82919833525746,0.707431271443025,-3.79885588713977,0.541377683632019,4.2087103,0.1069183,-0.828,0.0283827,65.2318706946922,-80.9084982605471,1275.4756161315,0.299699251312726,0.238517359745671,7.2937253284112,0.193308067051526,-1.13839030430062,-911.944639617711,-913.598199341072,-933.650777113836,-934.191407234105,0.527216848365773,-958.492232103132,0.032155889007003,1873.44452236426,1904.4679865743,NA,2470.04273400245,0.425283214986956,1.16196635868129
"504",-5.76,0.83,-5.86,0.83,1.359326,9.604077,-1.1484446,0.2002995,35,35,-6.21609766058942,0.922030609855874,-5.74157561884154,0.795628465630444,1.2632883990888,10.6167196342178,-1.27147769329137,0.219593256171952,1.2632883990888,10.579568502971,-5.97883663971548,0.858829537743159,1.2632883990888,10.6730124262439,-1.28647284418116,0.223587631688148,1.2632883990888,10.6614179193536,2.26040650149092,0.0627964920437348,-0.360666528301429,-6.68061911094361,-6.95916833543162,1.98487831357488,11.1363521266627,-3.98727360708622,0.600125727607286,-4.48734223753103,0.625886827632815,5.93631018,0.13933166,-0.854,0.02474463,85.6198691623126,-121.684495195788,1296.36405692881,0.551075726213274,0.557780106475031,7.19138173196393,0.150729060132056,-0.999361881461679,-904.978361024291,-905.628785649883,-923.987785551848,-924.480835436228,0.480653515939679,-950.608679526371,0.383291169065353,1859.51196517742,1885.14200345032,NA,2471.04361866184,0.376094678329343,0.979915119500193
"505",-5.76,0.83,-5.86,0.83,1.359326,9.604077,-1.1484446,0.2002995,35,35,-5.77772949771473,0.819700975354232,-5.9615572893848,0.87484248231842,1.53163275012136,8.47464769679546,-0.904970363219253,0.150245673025112,1.53163275012136,7.78324037419897,-5.86964339354976,0.847271728836326,1.53163275012136,8.48309586104303,-0.907504498582898,0.151005819472682,1.53163275012136,7.79961242414925,2.99398865279368,0.074333285949351,-0.455780072524977,-6.85190443060931,-6.7072133927442,2.04821338867464,10.0840562392342,-3.83145580987403,0.554693068285448,-4.5199099441696,0.667800817692877,4.21744112,0.09861841,-0.831,0.02936897,59.5927276254929,-69.6302121221484,1273.1541624447,0.557701452670178,0.489616995281118,8.00640685589122,0.155512340840118,-1.07590072125322,-929.42259859536,-929.593026479104,-951.830968676039,-951.961327934673,0.126752695951436,-955.12978518414,0.109737813744107,1908.40044031956,1940.82836969871,NA,2476.67811276724,0.441030652330628,1.03512133343607
"506",-5.76,0.83,-5.86,0.83,1.359326,9.604077,-1.1484446,0.2002995,35,35,-6.70571982653733,1.00928383032147,-5.65032457950467,0.814604445550631,1.30818243370245,9.69943729943363,-0.980993658619146,0.141734650242587,1.30818243370245,9.09991105357436,-6.178022203021,0.911944137936049,1.30818243370245,9.97790208129843,-1.03235958296474,0.151209665956275,1.30818243370245,9.17159529714815,2.80087115347989,0.0735945439812711,-0.438589734310038,-6.65040916785707,-6.75486331814105,1.77922382141196,11.7004467200957,-3.87560234952481,0.588310329235791,-4.0108710188594,0.583463575130551,3.51470986,0.07204997,-0.818,0.02927211,65.0468026579208,-80.5383621870042,1253.27274557654,0.838327760523408,0.837698919696034,11.3099659568793,0.228591874724548,-1.56253696122307,-897.446099866876,-899.091711168734,-922.973230537648,-923.468301587561,0.482630840723332,-925.400599523598,0.0574577719068112,1844.44744286259,1883.11289342192,NA,2426.00712896607,0.430626690206045,1.44158077189313
"507",-5.76,0.83,-5.86,0.83,1.359326,9.604077,-1.1484446,0.2002995,35,35,-6.21770701909341,0.941879119094267,-5.45183729596374,0.822037024031016,1.31171276120929,6.42003479106865,-0.775889153018655,0.148202805253222,1.31171276120929,7.50255659935222,-5.83477215752858,0.881958071562641,1.31171276120929,6.56667389927032,-0.798835011059998,0.151793337190509,1.31171276120929,7.52868554749356,2.41363949614955,0.0653883692355949,-0.385661713592074,-6.56397618760029,-6.51209465534093,1.80279647489095,9.18372290853596,-4.2875728751517,0.667969459746248,-4.09066323090245,0.61183724556427,5.22420742,0.1446274,-0.877,0.02579265,81.1817116134804,-112.808180098123,1216.53666168205,0.815556509759941,0.788392657147496,5.8241186248027,0.124283246641825,-0.821059751585973,-891.972133942636,-892.573995661353,-911.582328861125,-911.797113876701,0.208968732268915,-920.895622941065,0.0174469403063507,1833.49951101411,1860.33109006888,NA,2320.26514326598,0.373075182646901,0.784286812673578
"508",-5.76,0.83,-5.86,0.83,1.359326,9.604077,-1.1484446,0.2002995,35,35,-6.46674741728697,0.932933220733736,-5.76840283691832,0.87922165794635,1.35185845110355,11.0584190739493,-1.4062156150651,0.246027162290939,1.35185845110355,9.47641107942451,-6.11757512710264,0.906077439340043,1.35185845110355,11.1803403621818,-1.41559290975902,0.246748395285204,1.35185845110355,9.57380537145421,3.1606013142537,0.0785284829978622,-0.485114478630247,-6.86631393329744,-6.48796894508497,2.10916420210712,9.71477423180042,-4.83793618715629,0.706939495343554,-3.89661032283073,0.598079797514377,5.1274489,0.11322335,-0.852,0.02788405,67.9282787084068,-86.3013142879762,1284.54585200256,0.398184390874164,0.334820991508447,9.12602385863627,0.202110030216228,-1.30787889099273,-918.122183893457,-918.607182487248,-933.581380561054,-934.229131533736,0.632164183689456,-961.12818610057,0.753753802415201,1885.79961091575,1904.32919346874,NA,2482.79038971715,0.451423993152383,1.26489314781786
"509",-5.76,0.83,-5.86,0.83,1.359326,9.604077,-1.1484446,0.2002995,35,35,-7.0242018265735,0.991340215379071,-6.08859295306291,0.869600820173415,1.54698354380881,8.24215443491941,-0.930703103504646,0.164178808047753,1.54698354380881,7.68525899792755,-6.5563973898182,0.930470517776243,1.54698354380881,8.46099542596734,-0.9591782181072,0.167883928134013,1.54698354380881,7.73156924794468,3.26254742141291,0.0817236450229534,-0.500343360433395,-7.07579458245414,-6.86547752309832,2.05878314866532,9.88310320335354,-5.04947492964115,0.726189260625744,-4.11160645431458,0.591518493817292,3.4860966,0.1025904,-0.787,0.0275548,76.0982412881616,-102.641239447486,1323.05514081583,0.384282122752378,0.317523301923972,10.2507389398489,0.197167544542217,-1.39056675570438,-932.738866082564,-933.398092307942,-953.488985549963,-953.861237615041,0.362579515696229,-955.750481443449,0.234926825748387,1915.03297529397,1944.14440344655,NA,2543.46904218417,0.478090935988078,1.24486392735468
"510",-5.76,0.83,-5.86,0.83,1.359326,9.604077,-1.1484446,0.2002995,35,35,-5.68883320688659,0.854615066839753,-5.71531335848801,0.79883603090946,1.38348880419672,5.97600900742724,-0.773718222706626,0.158667194769992,1.38348880419672,7.06234542898969,-5.7020732826873,0.826725548874606,1.38348880419672,5.97618430703445,-0.773348963374722,0.15944501998232,1.38348880419672,7.14876324173614,2.51719823033434,0.0675036610829524,-0.396088050026189,-6.55499901742337,-6.91379623116678,1.94492439370077,8.30825912503294,-4.49684976485414,0.679413158353359,-4.50633045818366,0.621799361329759,4.25359537,0.09665409,-0.832,0.02630541,84.3249599947377,-119.094676860638,1222.56760332765,0.421017859787341,0.403722850252852,5.53925545480833,0.134591622320068,-0.82740491969855,-901.989295092828,-902.461385550303,-920.913261813737,-921.659577727962,0.728871185006399,-936.341114735193,0.846201706775102,1853.53383331449,1878.9929559741,NA,2326.04052979466,0.401367159471203,0.82954447917288
"511",-5.76,0.83,-5.86,0.83,1.359326,9.604077,-1.1484446,0.2002995,35,35,-6.41827884989041,0.907823059027855,-5.42132444705023,0.81223896124596,1.3829076828793,11.7264106720414,-1.33604605489979,0.22002555123927,1.3829076828793,10.5674018515865,-5.91980164847032,0.860031010136908,1.3829076828793,11.974890192377,-1.35986930168108,0.222309631176464,1.3829076828793,10.6977128929212,3.33857013169052,0.0863604018929037,-0.519650967150221,-6.96744521159267,-6.5399561290579,2.09970970518565,11.715331833887,-4.91236435705081,0.705367962450489,-3.68181080006879,0.545350277746752,5.03395623,0.10495005,-0.813,0.02504647,87.2010550235009,-124.846866918164,1314.22948047162,0.237078401396613,0.160078804121118,9.65615433322564,0.194289826409492,-1.3252942030877,-925.289870655222,-925.955697857297,-946.079381534732,-946.863548592318,0.766045039711599,-966.018958032232,0.814535586622907,1900.13498443928,1929.32519541609,NA,2503.61209402508,0.503574555402138,1.25014033323769
"512",-5.76,0.83,-5.86,0.83,1.359326,9.604077,-1.1484446,0.2002995,35,35,-5.51000970053413,0.780923622502822,-5.57476199993718,0.78417469253553,1.40009039225044,6.70338647977343,-0.752216414350962,0.137894038768617,1.40009039225044,7.46228193399768,-5.54238585023566,0.782549157519176,1.40009039225044,6.70443469484293,-0.752269042915997,0.137896681132706,1.40009039225044,7.46358590357717,2.95979950348214,0.080078520820121,-0.474328594410896,-6.81521006730907,-6.86059333273604,1.9488212258349,9.18265762532479,-4.14460731022425,0.600235071481562,-3.97826466090855,0.570255278964857,4.23484369,0.09762465,-0.848,0.03146738,46.9600596803624,-44.3648762318874,1232.52729889154,0.958747340122773,0.951438796335521,5.81440780625924,0.120046508932898,-0.79319435304755,-905.674143919569,-905.681274496116,-927.224718233522,-927.235503839509,0.0104782530405893,-939.973941789752,0.0123510904138876,1860.90353096798,1891.61586881367,NA,2420.68972155119,0.450498283105632,0.819620605637098
"513",-5.76,0.83,-5.86,0.83,1.359326,9.604077,-1.1484446,0.2002995,35,35,-6.29375679161186,0.884634891296284,-6.28999549762315,0.853251913439728,1.3013382701592,12.4710254374954,-1.49865053403464,0.256117581703068,1.3013382701592,11.7134894230724,-6.2918761446175,0.868943402368006,1.3013382701592,12.4710289743286,-1.49868004418613,0.256363804527854,1.3013382701592,11.7377406960781,2.74895158308915,0.0718193812002522,-0.423592641617835,-6.98107225626099,-7.16428262337433,2.11189219752515,11.8956343254063,-4.67406597387612,0.663200729108581,-4.12980771792161,0.565972664713879,4.8336621,0.1277458,-0.824,0.0226248,108.725997999291,-167.896752869744,1345.21062582728,0.689728021693348,0.62364020217657,10.6663285775706,0.205631701409655,-1.43512148480506,-918.864811927882,-918.964249064965,-937.79766002318,-937.931059439728,0.129711561437481,-967.929149127051,0.146667063232087,1887.2848669846,1912.76175239299,NA,2522.52449878482,0.442198747332886,1.34770610158504
"514",-5.76,0.83,-5.86,0.83,1.359326,9.604077,-1.1484446,0.2002995,35,35,-5.63190165254681,0.806253473844204,-6.46922706603684,0.861883192034235,1.45901797273223,6.54766256696204,-0.815767339362798,0.175780011648216,1.45901797273223,8.42752759427404,-6.05056435929182,0.834068332939219,1.45901797273223,6.7229410289811,-0.827412383559248,0.176553678034692,1.45901797273223,8.58572902959117,1.89241079035376,0.0567578342013623,-0.310454543451476,-6.78619331963069,-7.29209126743629,2.06376951258071,10.108611391668,-4.17232869423826,0.59727104535942,-4.57477512534414,0.59567404503194,5.31567042,0.11557187,-0.84,0.02764679,70.6281423994809,-91.7010416701244,1318.76648542805,0.445942852153715,0.42391111661327,6.29584234859341,0.151265972209648,-0.92301660754736,-922.014844102306,-922.987587052112,-944.886331728589,-946.051240640635,1.14109425763962,-957.060974495987,1.3284702402745,1893.58493133345,1926.93909580381,NA,2545.83192918598,0.349020233212185,0.981795330682212
"515",-5.76,0.83,-5.86,0.83,1.359326,9.604077,-1.1484446,0.2002995,35,35,-5.73120926782782,0.85672122173736,-5.19841339994186,0.748970678851543,1.32463798536051,10.6400295578588,-1.13753003133184,0.174409858629591,1.32463798536051,9.82755342161362,-5.46481133388484,0.802845950294452,1.32463798536051,10.7109974170679,-1.15188229233484,0.177312403502638,1.32463798536051,9.85490260845499,2.21098721876461,0.0561662074071998,-0.335380650550086,-6.58482715249397,-6.69398113653388,1.96522986096474,11.3444422222712,-3.79977766778981,0.571025591038422,-3.49912024151443,0.51756462135665,5.22730077,0.10474226,-0.848,0.02960181,52.1999227297013,-54.8446023305651,1254.92614401223,0.875061441588777,0.861212684979046,8.41572262139238,0.169863475687534,-1.15412718193238,-907.750871661594,-908.214726889619,-930.905575088963,-931.082164317742,0.171760381389683,-948.766347082795,0.058444186658931,1865.05698645203,1898.97758252455,NA,2455.0076856939,0.350468996291885,1.10149011087136
"516",-5.76,0.83,-5.86,0.83,1.359326,9.604077,-1.1484446,0.2002995,35,35,-6.29742392710015,0.901879798791418,-5.1631155729383,0.707412184929397,1.22570903072383,6.92817368183538,-0.955633222967235,0.192675612865168,1.22570903072383,8.19433401215168,-5.73026975001922,0.804645991860408,1.22570903072383,7.24983754241573,-1.01077978272164,0.202130026075465,1.22570903072383,8.26332419144432,2.83915233209673,0.0758329828034405,-0.44634916107898,-6.88199869535476,-6.90627806223475,1.93774700597801,8.23124831107781,-4.65088100405102,0.681639828048359,-3.43356282400096,0.470990268071968,3.2630779,0.09380176,-0.851,0.0260944,91.5480860624892,-133.540928996141,1214.34778688401,0.104322150040088,0.0782665154823675,8.04936295585359,0.183501591362899,-1.1667771824465,-883.649253104435,-884.940991021718,-900.443272997343,-900.966560945055,0.510241653794582,-935.144541685823,0.00392160790224222,1816.85374933771,1838.05297834131,NA,2295.15464477187,0.44938316921869,1.14868880740049
"517",-5.76,0.83,-5.86,0.83,1.359326,9.604077,-1.1484446,0.2002995,35,35,-4.32129491858223,0.702832039387643,-7.03268255406423,0.862138528033317,1.38909993628928,9.23863540873328,-1.12516384048608,0.179251060544111,1.38909993628928,6.67573180107414,-5.67698873632323,0.78248528371048,1.38909993628928,11.0765411361945,-1.23314925137757,0.185595699875264,1.38909993628928,8.67258655392454,2.71169946587859,0.0628570028182206,-0.400989950196569,-6.09174472981306,-7.8540255296544,2.07925505133923,7.05513094118414,-2.84748469292726,0.466363553031457,-4.55192886486345,0.54919334914919,4.4414252,0.0996012,-0.873,0.0313218,52.8783855042499,-56.2015278796624,1278.15773866945,6.64639870231024e-05,5.58002343934925e-05,11.0647226853271,0.184260349640812,-1.34797666702114,-904.478418155491,-914.666892354452,-918.465058243764,-934.6513065321,17.690316273795,-947.643077689988,22.0656543474371,1858.51207943982,1874.09654883416,NA,2500.11394945924,0.373377057353943,1.47123804929832
"518",-5.76,0.83,-5.86,0.83,1.359326,9.604077,-1.1484446,0.2002995,35,35,-6.67437168196235,0.91401258488362,-5.19845049469947,0.752314092725851,1.10526317752553,5.99304662138292,-0.753873373870877,0.146739642496125,1.10526317752553,8.20629271479082,-5.93641108833091,0.833163338804736,1.10526317752553,6.5376324591358,-0.813536931501907,0.153276243087649,1.10526317752553,8.46685414344757,3.54756070715569,0.0872706082536834,-0.539183051283115,-7.1866624502784,-6.67409903660293,1.64193129258269,9.13231918637536,-4.78181496909371,0.661269668090334,-3.76115560529588,0.539224093377758,3.28601757,0.08708328,-0.82,0.02602189,90.8258876436914,-132.096532158545,1220.62479535758,0.241061905504543,0.232177250174332,7.44700549929557,0.150945924030215,-1.03109589536287,-856.089675032075,-858.491880110026,-875.192439836708,-877.146099181421,1.92457243078892,-897.819365248002,1.87922302906426,1761.73459319299,1787.55131202004,NA,2309.15305855661,0.513064769547581,0.947496966362912
"519",-5.76,0.83,-5.86,0.83,1.359326,9.604077,-1.1484446,0.2002995,35,35,-5.13050474179027,0.713314281227581,-6.00950419673734,0.832343872820498,1.09095528003002,8.48935845246172,-0.801166163589137,0.140922276140249,1.09095528003002,13.8048587512574,-5.5700044692638,0.77282907702404,1.09095528003002,8.68251846291103,-0.827322900122325,0.144464287058944,1.09095528003002,13.8568595848992,1.84744205869195,0.0464096266470741,-0.279290301527661,-6.8385040686265,-7.00835601812813,1.67195353163962,16.1693964855379,-3.97879060745112,0.556869520051992,-4.9922043805067,0.683896492256187,6.67741622,0.10713458,-0.802,0.01978613,133.622928002309,-217.69061287578,1320.41303429718,0.453232335978705,0.375689362757656,4.78434661755723,0.1047508005793,-0.677616445409809,-872.749316602644,-873.434588194319,-905.254921182703,-905.500359565124,0.238844338000848,-920.717596580707,0.119593837186724,1795.05387633413,1847.67627471203,NA,2423.13545571859,0.288151507277837,0.674519633014089
"520",-5.76,0.83,-5.86,0.83,1.359326,9.604077,-1.1484446,0.2002995,35,35,-6.52774562847496,0.950583118986226,-6.24097048687428,0.854545497151277,1.54697702446463,10.680626058337,-1.30786416053722,0.223117959060425,1.54697702446463,8.1064310002116,-6.38435805767462,0.902564308068752,1.54697702446463,10.7011860537971,-1.3147494611874,0.225423765262353,1.54697702446463,8.16575012638512,2.75509612364893,0.0748073387156445,-0.440377041947849,-6.82215861795797,-7.10755077561247,2.24308559593711,9.10261802463033,-4.29978947530059,0.630202449948962,-4.01147547236853,0.552387262520863,5.8796399,0.1412671,-0.876,0.0275292,66.7141041539479,-83.8729651790585,1317.10258083287,0.677568039440256,0.636264964840117,10.6679426609144,0.219985460729587,-1.48597656603346,-940.593670408327,-941.06089292638,-956.802708330789,-957.257208359105,0.442950765201593,-974.151534254261,0.427711819466981,1930.74258394549,1950.7718490082,NA,2550.33219648667,0.427937737827577,1.38304108066482
"521",-5.76,0.83,-5.86,0.83,1.359326,9.604077,-1.1484446,0.2002995,35,35,-6.08415239865203,0.803490998348731,-5.64627538195514,0.841887418252974,1.24661082601277,10.9527036902193,-1.27158761337192,0.199833203626187,1.24661082601277,9.55063769809206,-5.86521389030358,0.822689208300853,1.24661082601277,11.0006377606571,-1.26738438592204,0.200201774891553,1.24661082601277,9.86519136843842,3.78948660154157,0.101279151355833,-0.602566712431043,-7.25490217989268,-6.58826922924071,1.93301019787126,10.1254392023692,-4.48614486098244,0.594409626378866,-4.04563531238609,0.607060041164248,6.70327451,0.1278802,-0.889,0.02625764,79.0573650738731,-108.559487018909,1276.24284517058,0.224779898306889,0.221976740831694,6.91735197204947,0.14277267575296,-0.946284008752551,-895.865450071209,-897.207467286716,-914.217912306898,-916.274366947354,2.02733239408083,-941.077308576412,2.45906044551703,1841.28614327125,1865.60225696042,NA,2443.92620332224,0.574925827724351,0.96439217877069
"522",-5.76,0.83,-5.86,0.83,1.359326,9.604077,-1.1484446,0.2002995,35,35,-5.45669241833385,0.771279548905179,-5.53541131469606,0.745851764697894,1.32373829850009,9.80969354711052,-1.40667286242159,0.264928184470114,1.32373829850009,8.26241927121395,-5.49605186651495,0.758565656801537,1.32373829850009,9.81124271327164,-1.40617245064415,0.265089827522537,1.32373829850009,8.29853625362682,2.73339398012525,0.0793265586346383,-0.451255384923638,-6.81934968000843,-7.04956073473467,2.28198051943048,7.10177001854793,-3.35566893077444,0.46823236199901,-3.73937367279396,0.500390136849345,4.26981429,0.13248119,-0.875,0.02853918,63.9476181606202,-78.339993192403,1244.2860313795,0.713476229004237,0.683781759373369,8.80950266687124,0.186894545674879,-1.24527296531787,-908.198368410025,-908.376409207125,-919.810096182529,-920.082516635927,0.26515262720913,-970.638480943457,0.341120223093236,1865.95197994889,1876.78662471169,NA,2410.2320695666,0.451202339295869,1.15620522931738
"523",-5.76,0.83,-5.86,0.83,1.359326,9.604077,-1.1484446,0.2002995,35,35,-4.99602244400375,0.757103747344906,-6.32888190565837,0.881678533727726,1.43951242504826,6.57642511995298,-0.929117938959276,0.188960088556592,1.43951242504826,6.54661479656116,-5.66245217483106,0.819391140536316,1.43951242504826,7.02055370608354,-0.970628109637762,0.192839807907174,1.43951242504826,6.78264899979448,3.08137515791813,0.094559492141708,-0.524318495160058,-6.44313546310492,-7.03381058368487,2.10759467695878,7.03181693039397,-3.45356965313981,0.528077415729216,-4.54075749141675,0.636671060691507,3.1725681,0.10099786,-0.835,0.02863257,70.0872131859651,-90.6191832430928,1223.86003502011,0.105053108924834,0.0763656367747587,7.79652409503456,0.1656715143555,-1.09899650358942,-910.803875815697,-913.02118896767,-926.011410989242,-928.167248396509,2.12682457665391,-950.858354984482,2.45269431583843,1871.16299476023,1889.18925432511,NA,2357.10088679714,0.530870819282696,1.03922476559685
"524",-5.76,0.83,-5.86,0.83,1.359326,9.604077,-1.1484446,0.2002995,35,35,-5.34682633792829,0.754811889717963,-5.84154742663467,0.809259228658418,1.42174014015316,8.01406134007945,-1.11004142587565,0.216693358837841,1.42174014015316,7.45725125983853,-5.59418688228148,0.782035559188191,1.42174014015316,8.07524857898217,-1.1167754875751,0.217434487017265,1.42174014015316,7.47974234482725,3.56264061999709,0.0957218980145654,-0.568803070746778,-6.80759365170722,-6.97793158433407,2.20682042866706,7.50710196603626,-3.58283188981689,0.50268597649449,-3.93263195663047,0.539560761096602,4.72062105,0.13449585,-0.864,0.02917054,56.2890120346351,-63.0227809404328,1248.47681182288,0.839899227383487,0.835709431423211,7.50043954905964,0.161212002922345,-1.06693703469125,-916.224149324198,-916.451825151169,-930.942561197459,-931.128471036168,0.180838162689583,-964.141854254146,0.183916660022837,1882.00354177723,1899.05155474155,NA,2433.93084270532,0.539774954734737,0.992102422230686
"525",-5.76,0.83,-5.86,0.83,1.359326,9.604077,-1.1484446,0.2002995,35,35,-4.57280946909996,0.676324541150206,-5.70341339169501,0.824364394879859,1.44162801212566,6.85683353195439,-0.897284561414005,0.17934319853722,1.44162801212566,7.25064850249393,-5.13811143039749,0.750344468015033,1.44162801212566,7.17639983940121,-0.93912817124579,0.184822148110295,1.44162801212566,7.3219508791981,3.38770602000682,0.0954124146298664,-0.556966578516418,-6.50118409548907,-6.74980487780812,2.17398414305026,7.81263114488737,-3.3193117862707,0.512932643655094,-4.0036620459731,0.588398153990587,4.34402862,0.1301185,-0.853,0.02933506,56.352474614514,-63.1497061001906,1217.27851255671,0.505501491917477,0.466800935450012,6.18789084259436,0.127213781679919,-0.856590243520985,-914.807855033906,-915.925167424422,-932.614702068385,-933.217045376349,0.587658244611659,-961.703959228372,0.38393689980233,1879.17095319665,1902.3958364834,NA,2371.40731901323,0.521876314121907,0.816363430635034
"526",-5.76,0.83,-5.86,0.83,1.359326,9.604077,-1.1484446,0.2002995,35,35,-5.96356488435616,0.86626139658914,-5.18711815282629,0.736649074876489,1.35521908862054,9.97430152756987,-1.35438385615604,0.257815016169894,1.35521908862054,9.40598269096572,-5.57534151859122,0.801455235732815,1.35521908862054,10.1250189092957,-1.37954312204598,0.26201485465483,1.35521908862054,9.43354336248688,2.66699818988356,0.0705227054613194,-0.414581658738697,-6.76034487596467,-6.75609481744251,2.24843232660771,8.90281159360529,-4.07469143318965,0.602490917040185,-3.75937698500613,0.537311145301976,6.99931769,0.18495249,-0.9,0.02755305,60.783832382181,-72.0124216355246,1274.55250656004,0.857924232729254,0.873950469592561,6.19775332005622,0.134535911357948,-0.867045565042365,-918.330319726928,-918.783275720057,-933.717511153682,-933.902663937514,0.180100786162759,-974.035677600083,9.65380327772985e-05,1886.21588258269,1904.60145465399,NA,2477.09259148456,0.42868714621292,0.896200865016877
"527",-5.76,0.83,-5.86,0.83,1.359326,9.604077,-1.1484446,0.2002995,35,35,-4.81127363594138,0.737111890389627,-5.37486589173186,0.784622127101424,1.24761883489991,11.2967632456202,-1.42095975872958,0.236010970454095,1.24761883489991,9.37522959408572,-5.09306976383662,0.760867008745526,1.24761883489991,11.3761723033169,-1.42765385909997,0.236575276102198,1.24761883489991,9.43444688494294,3.95251448812777,0.1025638877274,-0.622458241957259,-6.37749296549301,-6.65803152516967,2.11808943419502,8.65254426657281,-3.23433722411061,0.493239020840696,-3.73603400996917,0.552249074556971,5.6520028,0.12779022,-0.863,0.02721171,64.0253012187798,-78.4953593087221,1212.59165405274,0.765177774570429,0.729248992435512,7.47585717415374,0.165946597481509,-1.08388426515323,-898.914569146168,-899.209800976104,-913.242381573021,-913.640775229285,0.388114377785608,-958.508680656926,0.458084916087699,1847.38438142117,1863.65119549267,NA,2346.68794879676,0.573775751184619,0.994783889915513
"528",-5.76,0.83,-5.86,0.83,1.359326,9.604077,-1.1484446,0.2002995,35,35,-6.40559330991944,0.882969852336279,-6.50933050134995,0.882664130734812,1.4185647049566,7.85655904024151,-0.806002499759207,0.135916563349852,1.4185647049566,8.44348136678401,-6.45746190563469,0.882816991535546,1.4185647049566,7.85924939146298,-0.805994571084133,0.135916586716276,1.4185647049566,8.45035451029555,2.79365678267944,0.0738259185969731,-0.443262744193158,-7.10282864583047,-7.20838724745098,1.8620036734279,11.329364742923,-4.71363446965118,0.658411806627685,-4.69342553656174,0.64259422643471,4.24258533,0.08023459,-0.798,0.0237389,106.780990208388,-164.006737287939,1315.18377692841,0.957617683087291,0.9637324949311,8.4032087232036,0.165830451825597,-1.14285665300562,-913.190899381997,-913.220616589371,-938.11577971623,-938.166708502757,0.0494916800945993,-935.504336245815,0.0577581113861639,1875.93704189283,1913.39799177909,NA,2466.36081656888,0.414163681964915,1.07610372633481
"529",-5.76,0.83,-5.86,0.83,1.359326,9.604077,-1.1484446,0.2002995,35,35,-5.25075848609517,0.850132105781737,-6.51827790885196,0.899980816203751,1.46093890822018,9.59381884822615,-1.00797979727398,0.159971744254453,1.46093890822018,8.78680432117317,-5.88451819747356,0.875056460992744,1.46093890822018,9.99547021999257,-1.0237758494388,0.160592967737137,1.46093890822018,9.35473782370589,2.95239973725761,0.0706711045211236,-0.441448512616013,-6.14363261856062,-7.11416632396452,1.98306699598882,11.2490735130322,-3.71907688032393,0.599736734180981,-4.25755281379473,0.581222134905407,5.49560906,0.09513431,-0.855,0.02863995,63.6593737899924,-77.7635044511474,1290.32269303549,0.1047759897948,0.0966101438302273,9.08531368882657,0.196339055945495,-1.26627719177877,-924.239388985982,-926.577775026888,-947.826762533118,-951.7754061986,3.9460764622293,-950.708577222382,4.61453111398594,1898.0340211008,1932.81995741286,NA,2502.88188161984,0.423529516592621,1.31776540296654
"530",-5.76,0.83,-5.86,0.83,1.359326,9.604077,-1.1484446,0.2002995,35,35,-5.31231328887636,0.788599434780008,-6.78771212827415,0.959341236251228,1.49078050427464,4.6638569133147,-0.66633231019662,0.170411895411362,1.49078050427464,7.52629382210648,-6.05001270857525,0.873970335515618,1.49078050427464,5.20805734713878,-0.729310374128451,0.177700086103771,1.49078050427464,7.69296065534978,1.98111111067993,0.0501206040639953,-0.301660019323709,-6.57178315237234,-7.02994652142864,2.06440822024477,9.12449599539778,-3.79144930458593,0.56245532618237,-4.92818508474932,0.694848213836747,3.6982569,0.1130389,-0.824,0.0295836,60.069132332704,-70.5830215365707,1286.12934062168,0.193396354649006,0.15321675705035,6.88884810417381,0.159245752876955,-1.00093211408782,-918.234637713625,-920.814123135762,-943.129169584259,-944.484285474251,1.3292228601318,-953.890089694975,1.19513976350439,1886.02451855609,1923.42477151515,NA,2501.67565970679,0.306395884326416,1.00900234375501
"531",-5.76,0.83,-5.86,0.83,1.359326,9.604077,-1.1484446,0.2002995,35,35,-6.0071548453473,0.851240718444197,-6.06132739301629,0.88514611035165,1.43400360736138,10.2345252251755,-1.20709451619302,0.189698942224336,1.43400360736138,7.48453698755911,-6.0342411191818,0.868193414397923,1.43400360736138,10.2352588914057,-1.20755370155786,0.189986336124436,1.43400360736138,7.49965273821242,3.2828432592519,0.0824527284528558,-0.500635784487553,-6.89342415044531,-6.74559714682161,2.04845168915229,8.5325699124705,-4.39242602499029,0.624871649680479,-3.79844423655838,0.558051187389262,5.34068368,0.09858894,-0.876,0.02910915,61.8794685408309,-74.2036939528244,1252.76943635345,0.695769952387129,0.641154131024502,8.81685698384848,0.189776477041354,-1.25830487971565,-917.049888804205,-917.165302017371,-933.272267442825,-933.396866006806,0.1211463920698,-949.880520789483,0.133173797643283,1883.65502073725,1903.71096723228,NA,2431.33517875407,0.495280625542823,1.1549129847006
"532",-5.76,0.83,-5.86,0.83,1.359326,9.604077,-1.1484446,0.2002995,35,35,-4.97499202603458,0.615888812795487,-6.22421555913977,0.875368827487866,1.572553462991,6.7168263946146,-0.580889718942474,0.100003269035994,1.572553462991,8.00983435692649,-5.59960379258717,0.745628820141677,1.572553462991,7.10696625353057,-0.661926854123525,0.116835738542184,1.572553462991,8.15396722554026,3.06106125234024,0.0811025486004396,-0.480766619848293,-7.26342708301897,-6.96673583418186,2.11049492955348,10.8390988307718,-3.53315978454033,0.435637021328245,-3.98186100279892,0.556943117896661,3.91943793,0.06834675,-0.794,0.02863521,70.34327914298,-91.1313151571226,1304.7070154156,0.261521082569615,0.236255249212757,8.18929676498506,0.176578006698916,-1.14265089249533,-929.45169052078,-932.617324688825,-960.073722762304,-961.184669997581,1.08781523360656,-964.7751527897,0.419231083501645,1908.4586241704,1957.31387787124,NA,2518.28271567408,0.475847041782249,1.17671522351223
"533",-5.76,0.83,-5.86,0.83,1.359326,9.604077,-1.1484446,0.2002995,35,35,-4.78156858053072,0.743944432119073,-5.71109218059238,0.791064458089925,1.30007453843492,10.9252347834358,-1.38737925757534,0.234931429249829,1.30007453843492,8.9634101848916,-5.24633038056155,0.767504445104499,1.30007453843492,11.1412383142037,-1.39832905161919,0.235486503461703,1.30007453843492,9.25051073376317,2.90289184049068,0.0767913380424562,-0.455138510838371,-6.30708139451386,-6.95587607308149,2.15804285244771,8.46662286403462,-3.17440241352403,0.494737409130102,-3.80553235635442,0.518098843144499,4.16570931,0.09373387,-0.847,0.02827745,66.0577416483214,-82.5602401678055,1216.3673155836,0.208481775982371,0.192573271394743,9.43821391063579,0.205184881581449,-1.34084885356258,-906.31122372372,-907.619095506269,-920.497531362783,-922.486100532142,1.95945333585393,-962.4063317108,2.45192047095163,1862.17769057628,1878.16149507219,NA,2350.17439099939,0.452331324720613,1.29190235046577
"534",-5.76,0.83,-5.86,0.83,1.359326,9.604077,-1.1484446,0.2002995,35,35,-6.40465916083158,0.925432879661386,-6.08914409646724,0.845089097820829,1.42071938835673,7.92279505781075,-0.768699195057526,0.148072054478014,1.42071938835673,10.8278284805787,-6.24690162864941,0.885260988741108,1.42071938835673,7.94768249677098,-0.775036613432202,0.149685835298125,1.42071938835673,10.8543201689022,2.77191697634974,0.070430751139683,-0.425435747951172,-6.84891076808925,-7.01206316538555,1.90327986441551,14.5283123803928,-4.38327535701992,0.633038253364096,-4.94357693917238,0.688609720797713,6.78101472,0.14824256,-0.827,0.02140914,114.368504900077,-179.181766671318,1364.82006746181,0.748130161230686,0.700858362604712,6.07099935610846,0.127563563667851,-0.836607569543642,-923.764441826278,-924.042943573545,-954.246760260504,-954.403369272937,0.152304779271222,-948.949922348466,0.107178325680195,1897.08412678139,1945.65995286764,NA,2550.45836825231,0.420752524089564,0.859097281042065
"535",-5.76,0.83,-5.86,0.83,1.359326,9.604077,-1.1484446,0.2002995,35,35,-5.8997184465191,0.833816870480939,-5.78932904218886,0.758708703838134,1.3363217704665,6.45886178110104,-0.64765130954144,0.128241683162186,1.3363217704665,9.47968126828723,-5.84452374435398,0.796262787159536,1.3363217704665,6.46190823624814,-0.64972409598545,0.129651992336297,1.3363217704665,9.56346384265193,3.80975223307645,0.0970615912737512,-0.590939408154126,-6.88979452901631,-7.22688014581767,1.84350638317895,12.2313577969045,-4.13157557549662,0.584706034001896,-3.94133457276029,0.517062312266342,2.7115437,0.05605538,-0.672,0.02777539,78.3745368865681,-107.193830644299,1300.1284231195,0.627919570521831,0.59445941413009,8.29740835053384,0.172836566065187,-1.1469953906872,-902.13118590477,-902.592252383207,-930.771178434164,-931.328586669914,0.54364392493887,-935.529520674306,0.554342716682729,1853.81761493838,1898.70878921496,NA,2493.06301559471,0.558820535656254,1.13660518852045
"536",-5.76,0.83,-5.86,0.83,1.359326,9.604077,-1.1484446,0.2002995,35,35,-5.72483446094859,0.857447305918476,-5.92725933574922,0.847683521503693,1.28490537847541,11.6965919550457,-1.63189269231481,0.291525464100328,1.28490537847541,9.09753476107536,-5.8260468983489,0.852565413711084,1.28490537847541,11.7068359125302,-1.63139858410537,0.291549296971853,1.28490537847541,9.14394509583622,2.52011354546116,0.0741996475518049,-0.4170433014875,-6.57412652395231,-6.83472149972356,2.21323666955022,7.80192825276764,-3.62372490508199,0.539463370146028,-3.97245474746781,0.559579664209107,5.44250788,0.14596412,-0.895,0.02824743,61.4560316209041,-73.3568201129709,1243.49988294781,0.683725060431332,0.658695112923964,9.83346898962419,0.221778396293399,-1.43215319502427,-908.037276572458,-908.25014504017,-918.558117690773,-918.879114885561,0.312541906357578,-966.045579984549,0.414833056840405,1865.62979627375,1874.28266772817,NA,2413.64294578265,0.429081667660689,1.33955514958287
"537",-5.76,0.83,-5.86,0.83,1.359326,9.604077,-1.1484446,0.2002995,35,35,-5.22938756821619,0.776029872735973,-6.13687553136318,0.918298193862669,1.3658097193617,8.33943275564974,-1.08731122192181,0.190915473014178,1.3658097193617,6.77798682508875,-5.68313154978969,0.847164033299321,1.3658097193617,8.5453163564639,-1.11958791916171,0.19597554181323,1.3658097193617,6.81321906206427,3.2869141710726,0.0917143244316302,-0.526235005963623,-6.56374362974731,-6.6236337503683,2.01574236195741,7.17880343820449,-3.60953908097185,0.539447533009197,-4.09016236395272,0.611306019038581,4.26543739,0.09772223,-0.876,0.03154022,47.8719295898268,-46.1886160508162,1199.52998713715,0.767309147940547,0.716949910841772,7.78290703992179,0.182339732095438,-1.15484138495229,-902.3943748459,-903.077076156797,-915.248835372008,-915.565200995566,0.308022135831812,-940.575935025735,0.0258900293758006,1854.34399282064,1867.66410309064,NA,2352.87135822349,0.546483677814612,1.08731909116307
"538",-5.76,0.83,-5.86,0.83,1.359326,9.604077,-1.1484446,0.2002995,35,35,-4.79034156204377,0.690823315920457,-5.0272390778119,0.67451802380633,1.3767441486447,8.27074443298228,-1.1292361151016,0.210910346355791,1.3767441486447,7.21290514655845,-4.90879031992783,0.682670669863394,1.3767441486447,8.28477454122656,-1.12827044430267,0.210976811993523,1.3767441486447,7.28425164037163,2.36861352443079,0.0607267419566028,-0.362952585534234,-6.63233624019695,-6.96637646706366,2.30030012146803,6.60229969909885,-3.23190835496897,0.474750039969811,-3.70452016115978,0.504892481193896,4.81093892,0.14264153,-0.88,0.02892093,57.7920384462398,-66.0288337636421,1198.86802456013,0.523223057079108,0.491906350749305,6.0287230468259,0.121056446624582,-0.822642036421683,-907.792030666584,-908.18069824708,-921.011094118098,-921.61656641478,0.590724170402578,-970.370361537241,0.759302819495723,1865.13930446201,1879.18862058282,NA,2331.70721535662,0.370381655292468,0.794798954577334
"539",-5.76,0.83,-5.86,0.83,1.359326,9.604077,-1.1484446,0.2002995,35,35,-6.28985387050203,0.872117267535362,-6.47703771461879,0.848647084115537,1.26744086324829,11.0372645957649,-1.28030358019533,0.185442362261629,1.26744086324829,7.82890653681536,-6.38344579256041,0.860382175825449,1.26744086324829,11.0460240436395,-1.27920527040667,0.18558007463907,1.26744086324829,7.90369866142981,2.99531288572537,0.0715799525371151,-0.452522698474452,-7.05174609833557,-7.37875922189268,1.87511476087219,8.50116297517364,-5.09843877058025,0.704477127761707,-4.70210196343635,0.619397254292338,7.66987541,0.13180146,-0.925,0.02430732,102.530359501298,-155.50547587376,1280.71299545152,0.586088380900703,0.52796626908162,6.88064289267957,0.141025503539848,-0.954301732530592,-889.008614650244,-889.449221598652,-905.807014104759,-906.397505993611,0.576046926374817,-928.103495124885,0.714286932469255,1827.57247242933,1848.78046055615,NA,2405.92051502928,0.410116000678168,0.894036781729398
"540",-5.76,0.83,-5.86,0.83,1.359326,9.604077,-1.1484446,0.2002995,35,35,-6.22646532254712,0.886408246344151,-5.38116143165641,0.704773257913844,1.34342035709938,7.54957114953596,-0.884074817122688,0.141807896918734,1.34342035709938,6.27613280949732,-5.80381337710176,0.795590752128998,1.34342035709938,7.72820581652469,-0.922459007733194,0.150055714174254,1.34342035709938,6.36724163978201,2.88280343475932,0.0761930140646444,-0.45145937941449,-6.90321559671181,-7.14004596523687,1.91187814723234,7.20405558110959,-4.43066986594417,0.636303030560917,-3.32456614990058,0.428024586106017,2.15856431,0.05263226,-0.788,0.03014383,72.7973642918708,-96.0394854549043,1206.44720512451,0.0504413758520505,0.0354186186331228,10.6164834291067,0.214302145894306,-1.47277220160184,-890.493025656956,-892.069740169691,-906.530469673234,-907.40153944467,0.851468853244656,-927.722972905088,0.425532700707486,1830.54129444275,1850.2273716931,NA,2316.85492479412,0.450149508693016,1.32589295614227
"541",-5.76,0.83,-5.86,0.83,1.359326,9.604077,-1.1484446,0.2002995,35,35,-5.87476553256586,0.78896239226192,-5.82269293337229,0.870324573658854,1.23680883409728,6.33865232860615,-0.650915586912471,0.134694263027217,1.23680883409728,10.4866741195163,-5.84872923296908,0.829643482960387,1.23680883409728,6.33933021750284,-0.649856401847123,0.136349214167634,1.23680883409728,10.7024340669247,2.35572511561718,0.0613688065254144,-0.363757993083522,-7.13207298930705,-6.59526556742702,1.72683564084449,13.3511464648646,-4.29870617477502,0.586525901363303,-4.28207105010072,0.64443917470991,3.78547674,0.10161803,-0.76,0.02421373,96.732992126712,-143.910741124587,1288.80012991498,0.527346272921694,0.477988410781274,6.2051772981208,0.128572525833074,-0.848610109226618,-888.836124486655,-889.688661888844,-918.233975333244,-919.536624150427,1.27727802417986,-922.355128347045,1.38371415745927,1827.22749210215,1873.63438301312,NA,2433.68951870537,0.373250469772033,0.873974785770118
"542",-5.76,0.83,-5.86,0.83,1.359326,9.604077,-1.1484446,0.2002995,35,35,-6.50595651546105,0.893995855040762,-5.34274231475661,0.801020817183109,1.29470881183943,11.2512933194403,-1.41180345570652,0.219027304321821,1.29470881183943,7.46001095409902,-5.92434941510883,0.847508336111936,1.29470881183943,11.5895601386205,-1.43884092679328,0.221188393737979,1.29470881183943,7.72574209433973,3.09091935619211,0.0813756902253369,-0.48676879867165,-7.13750178045542,-6.52820879617371,2.01904078759678,7.2799992786684,-4.79435005957315,0.659998073839195,-3.62973199816786,0.543101558606567,5.61501588,0.11520863,-0.895,0.02737766,74.0615905620469,-98.5679379952565,1224.87783510266,0.174650987800374,0.132467104006253,8.75085377608807,0.174940483659362,-1.20449381195808,-896.105536143887,-897.566345891268,-908.034438525832,-910.199332014358,2.13589765242712,-941.40690466184,2.64255432954674,1841.76631541661,1853.23530939829,NA,2351.18773221006,0.467277617899865,1.10182083282466
"543",-5.76,0.83,-5.86,0.83,1.359326,9.604077,-1.1484446,0.2002995,35,35,-5.435451504555,0.817228232230904,-6.08872914724565,0.843060749797061,1.37848031432825,9.54500865791965,-0.958307197561891,0.156261842787706,1.37848031432825,10.3330009043545,-5.76209032590032,0.830144491013982,1.37848031432825,9.65170157752952,-0.962526149106988,0.156428672528657,1.37848031432825,10.4923690191168,2.52922968120016,0.0596328944826849,-0.3761547112114,-6.5243584011071,-7.02373258881433,1.92750159066525,13.053395432847,-4.179953644032,0.629676023655896,-4.39495859957561,0.62053177725081,6.51034335,0.12726109,-0.842,0.02389844,92.8864150238278,-136.217586918818,1313.26525836863,0.735164548265585,0.721043186850319,6.31314920382757,0.123603345194911,-0.841513438379955,-916.756061867641,-917.333776194317,-943.860713883823,-944.838218244472,0.956236736880035,-948.55516214153,1.09552711263575,1883.06736686412,1924.88786011427,NA,2490.31292981844,0.356065593223781,0.85777447885511
"544",-5.76,0.83,-5.86,0.83,1.359326,9.604077,-1.1484446,0.2002995,35,35,-5.48710761692776,0.771889340649924,-6.222752082397,0.841887574213269,1.27468716615928,9.64120664153831,-1.13673896221673,0.213000366001034,1.27468716615928,11.5261755361223,-5.85492984966238,0.806888457431596,1.27468716615928,9.77649983643219,-1.1496124154951,0.214225304176531,1.27468716615928,11.6044019834574,2.77835477255523,0.0759438347609268,-0.443428025700875,-6.84613189718285,-7.16474500051149,2.01998461725352,12.3031909869614,-3.89804571243149,0.567495063187259,-4.20089988334513,0.573227978362173,4.21912891,0.10555174,-0.792,0.02542954,85.0529719223937,-120.55070071595,1322.25451401038,0.709941486692993,0.705475934424736,8.58956785352913,0.174144863507601,-1.16760917786455,-909.135430847124,-909.568922743721,-931.689009326792,-932.124802654297,0.424662611780213,-958.117043390126,0.449542067394407,1867.82610482309,1900.54445100021,NA,2523.95832730481,0.442101741763187,1.17585470709844
"545",-5.76,0.83,-5.86,0.83,1.359326,9.604077,-1.1484446,0.2002995,35,35,-5.67103569421471,0.829528068802557,-5.36779786574069,0.818489754737141,1.1416716962495,11.1377212975191,-1.38619844465706,0.224468638119664,1.1416716962495,9.68162026188595,-5.5194167799777,0.824008911769849,1.1416716962495,11.1607095926735,-1.38703525325386,0.224499099214016,1.1416716962495,9.72507900827489,4.41470915123012,0.119740801572304,-0.712468233544127,-6.68666334729931,-6.44918893764457,1.89868740778543,9.14240478572275,-4.16082284840449,0.59675470359852,-4.03960936198428,0.624689525158143,6.40302853,0.12471916,-0.894,0.02426628,91.3110457767003,-133.066848424563,1202.28733005526,0.561451986437267,0.550318644689272,5.9491004544926,0.140054712652728,-0.87569821877657,-879.1330116655,-879.313328392292,-893.537527691113,-893.821748662146,0.27666165637741,-933.450149073732,0.348486681907487,1807.82126645984,1824.24148772885,NA,2271.50781168596,0.657779674204677,0.868626205866095
"546",-5.76,0.83,-5.86,0.83,1.359326,9.604077,-1.1484446,0.2002995,35,35,-5.62298662778463,0.814431612814027,-7.09594088531678,1.00616922146828,1.23497754621045,7.03477835538987,-0.860209856462368,0.158844857489655,1.23497754621045,8.01063615394838,-6.35946375655071,0.910300417141153,1.23497754621045,7.57717691658539,-0.930815038211446,0.168035685132768,1.23497754621045,8.15424627699841,2.57829959578194,0.0598095570450979,-0.375446928827036,-6.72855505914181,-7.05918626021705,1.75674366258981,9.35822730196828,-4.03933049410955,0.592140720113494,-5.59565058269948,0.79917152383732,4.69983349,0.12662089,-0.852,0.02357864,103.323272224742,-157.091301320646,1259.26209851765,0.0899542794443419,0.0658144994022674,7.06784597601597,0.139378337803718,-0.968431088974806,-882.350998244817,-884.260460942939,-900.876211715348,-901.983063697794,1.08377346510906,-915.150386589374,0.714892594744912,1814.25723961847,1838.91885577732,NA,2361.43289571466,0.377811260229494,0.876217701048778
"547",-5.76,0.83,-5.86,0.83,1.359326,9.604077,-1.1484446,0.2002995,35,35,-4.51328213507749,0.633021237889791,-4.25620329776417,0.616090640201165,1.26324605119338,6.07677760010523,-0.555823870191573,0.103197585712243,1.26324605119338,9.36183688479559,-4.38474271642083,0.624555939045478,1.26324605119338,6.09329998225382,-0.556911994783775,0.103269246996767,1.26324605119338,9.37924331630028,3.43882891198137,0.0917976903164255,-0.551469082700045,-6.69964663670446,-6.54343591929238,1.98694208947634,10.6163826414862,-3.26088558309515,0.469366727241971,-3.25935959444208,0.466456396364881,3.87528753,0.07420164,-0.737,0.02484092,89.6952023186876,-129.835161508538,1199.95919663455,0.998473665526573,1,4.25456646916598,0.0892364656418132,-0.589734397350929,-885.404159731446,-885.488471075148,-916.201684754279,-916.319176271555,0.114230455032137,-949.330675734091,0.125809227752321,1820.36356259173,1869.56980185519,NA,2270.08323176057,0.502283535972783,0.586452237124319
"548",-5.76,0.83,-5.86,0.83,1.359326,9.604077,-1.1484446,0.2002995,35,35,-4.54289805246004,0.71456626889665,-5.93991457013026,0.882002105362824,1.23982370390716,8.01759567251596,-0.928664450765668,0.191729078600474,1.23982370390716,11.9819884863361,-5.24140631129515,0.798284187129737,1.23982370390716,8.50550946017683,-0.987142108063964,0.198737768433756,1.23982370390716,12.1448654968555,2.80073366986054,0.0683377252513497,-0.423973814191398,-6.24343836074058,-6.64291549208542,1.94929501950221,13.1292801315631,-3.15571208500609,0.493514556050138,-4.77414219429389,0.707671871532821,5.13329332,0.12773112,-0.773,0.02138317,113.566168133655,-177.577093138472,1288.37558168929,0.0771762671544799,0.0523182398356196,6.01597043301917,0.140226295266242,-0.88339640276529,-901.141704811323,-902.713309395618,-927.396736804437,-928.26951991469,0.853154100928332,-951.498210788913,0.689498296664315,1851.83865275148,1891.9599059555,NA,2399.17407024011,0.402610469609417,0.864260953553557
"549",-5.76,0.83,-5.86,0.83,1.359326,9.604077,-1.1484446,0.2002995,35,35,-6.14298253454842,0.834387582182874,-5.6545822725971,0.796326425391039,1.39171858035364,8.75006915873252,-0.813410720572907,0.119334129549743,1.39171858035364,9.04528135563218,-5.89878240357276,0.815357003786957,1.39171858035364,8.80970286270104,-0.818057990309733,0.119696292463826,1.39171858035364,9.0906345175291,2.7001736467961,0.0674647142424829,-0.410148483822806,-7.12965846440846,-6.86801672554447,1.84742783658985,12.2330051824711,-4.73605007482744,0.648843148729175,-4.03550849428749,0.572315337150555,4.54203558,0.04420297,-0.846,0.02970493,69.0405836828683,-88.5259242368991,1286.22483131816,0.626473737029466,0.554862328013122,8.39018672801296,0.182309183694083,-1.18346792726645,-908.446016913098,-908.658397442326,-937.759237973776,-938.074567727967,0.307011312058609,-936.054481516077,0.333223060752081,1866.44727695503,1912.68490829418,NA,2483.92373839943,0.407949163140393,1.17924283897462
"550",-5.76,0.83,-5.86,0.83,1.359326,9.604077,-1.1484446,0.2002995,35,35,-5.06843770518558,0.635256190127651,-6.41831700605839,0.771261819569021,1.3380620138843,7.97189146324375,-0.981721707513352,0.179241739831928,1.3380620138843,8.08673416020974,-5.74337735562199,0.703259004848336,1.3380620138843,8.42743499497495,-1.02761950350962,0.183866122641864,1.3380620138843,8.30785579911601,3.09664117071839,0.0778923336112913,-0.47622201899253,-7.24148693971756,-7.78107989452998,2.14382060057239,8.23229576170469,-3.32251444491248,0.403403359920957,-4.36935351878827,0.52414930645756,3.4619386,0.10723316,-0.824,0.02330755,115.642010549425,-181.728777970013,1326.74082800532,0.223673441660869,0.190497759283174,9.61218647566277,0.168954334758882,-1.24221370290387,-903.201688487888,-904.869681504756,-921.106436505801,-922.789459655056,1.65474979024584,-959.909095701776,1.75057754741045,1855.95862010461,1879.37930535823,NA,2471.75287804064,0.453911203076811,1.14877225761028
"551",-5.76,0.83,-5.86,0.83,1.359326,9.604077,-1.1484446,0.2002995,35,35,-4.49721235194968,0.583354457589707,-3.79444824337609,0.530682783813532,1.38674529113191,14.6610328390867,-1.78750667292243,0.277932138812863,1.38674529113191,9.92662656126931,-4.14583029766289,0.55701862070162,1.38674529113191,14.7845021871614,-1.79676061338952,0.278625715117459,1.38674529113191,10.0265325850867,2.418901920094,0.0712232492751098,-0.396289479036503,-6.9794786783411,-6.59051877228679,2.79384737822279,7.58197619942695,-2.6503632485112,0.327994335768683,-2.57973293980884,0.355892843324721,7.09034082,0.14968848,-0.892,0.03028721,38.4046977939338,-27.2541524590302,1237.47895981692,0.708361494347342,0.671046362282559,7.80283506386469,0.157427008365459,-1.0651679783626,-927.769874097532,-928.189313186742,-942.769137927751,-943.406264447915,0.621748128893168,-1022.23593918956,0.750873281451287,1905.0949913239,1922.70470820213,NA,2447.70376717482,0.427115677632761,1.03886692154703
"552",-5.76,0.83,-5.86,0.83,1.359326,9.604077,-1.1484446,0.2002995,35,35,-5.04039677206913,0.780033004055206,-5.22017749483397,0.72388902154201,1.3831844993377,12.8686375065221,-1.7350884811983,0.293729849294485,1.3831844993377,8.51757960725764,-5.13028713345155,0.751961012798608,1.3831844993377,12.8767177835916,-1.73256507975952,0.294517885987595,1.3831844993377,8.68995112303365,2.81623073564641,0.0775165380239062,-0.456592729310455,-6.3509032130898,-6.8651752553004,2.43820751994809,7.08941098852288,-3.6024610094928,0.556753778651283,-3.27692227420242,0.443596241135515,6.91746669,0.14416936,-0.895,0.02987642,46.0014700975789,-42.4476970663205,1234.83547919806,0.274625469025498,0.233277425762226,7.81339626782221,0.191704130566031,-1.1811000356971,-922.48058262743,-923.358040093202,-932.474891410059,-933.73130798997,1.23153822257817,-986.808809367173,1.5956778792352,1894.5164083837,1902.11621516675,NA,2427.22326132979,0.429622608376386,1.1463999938916
"553",-5.76,0.83,-5.86,0.83,1.359326,9.604077,-1.1484446,0.2002995,35,35,-5.78750726804802,0.888600424667129,-5.58196786136911,0.709476583778158,1.32452944308348,5.53931570130304,-0.628638241108394,0.155823102984562,1.32452944308348,10.5049260465629,-5.68473756470857,0.799038504222644,1.32452944308348,5.54987731322752,-0.637842493102986,0.163844440578266,1.32452944308348,11.0492085718844,3.10175064240328,0.0774847726431921,-0.475421206233473,-6.45119711103398,-7.31283119652876,1.92970462399187,12.6716688812379,-3.90294008883905,0.606023963081146,-4.03258711721263,0.516435602862953,3.15587222,0.11235701,-0.761,0.02447487,97.9012929545025,-146.247342780168,1314.91288946522,0.139412547828454,0.121873214069594,7.35487637384017,0.159539185557798,-1.01260132914303,-904.527170495186,-906.700288084645,-935.13318042853,-938.368838278441,3.21698823374155,-947.871183634127,3.34873155302687,1858.60958411921,1907.43279320369,NA,2483.57843615028,0.452172608827452,1.12369197772469
"554",-5.76,0.83,-5.86,0.83,1.359326,9.604077,-1.1484446,0.2002995,35,35,-5.86424135036671,0.79505910412632,-6.00283321752186,0.866261147335942,1.42770008977113,9.24474370464427,-1.04946860252464,0.179821385015431,1.42770008977113,8.77450970801043,-5.93353728394428,0.830660125731131,1.42770008977113,9.24954563105464,-1.05193560855306,0.181088817754737,1.42770008977113,8.83239593139597,2.73485622851572,0.0761637298721074,-0.444677570583635,-7.08522617546479,-6.79961469411642,2.04927615636131,10.3627200548718,-3.74541664485294,0.518412906828424,-4.25476488110977,0.623852699551362,3.44156248,0.10325387,-0.778,0.02562663,87.6834213392768,-125.811599549716,1289.22892230708,0.596306313700554,0.519773625037623,10.0246994102472,0.191546583318008,-1.3522487175212,-921.345795405586,-921.720111585765,-942.100218620193,-942.513547218239,0.402706970252527,-956.125931086414,0.41688425304028,1892.24683394001,1921.36686958701,NA,2452.64624506444,0.426441303976279,1.22626591453827
"555",-5.76,0.83,-5.86,0.83,1.359326,9.604077,-1.1484446,0.2002995,35,35,-5.18289747984225,0.817359797270636,-6.43198725932858,0.842346206507073,1.2386842291117,7.21633742633924,-0.749991480083871,0.153349707178468,1.2386842291117,11.6199595227216,-5.80744236958542,0.829853001888855,1.2386842291117,7.60639374564354,-0.757794047184695,0.153505787340101,1.2386842291117,12.476170419078,2.63204672780459,0.0738731159132504,-0.424876654589594,-6.27102054593269,-7.37124776491678,1.77933807283603,14.3423154620504,-3.86763611852409,0.616665417684127,-5.01773595986241,0.666904326507615,5.79784935,0.14582951,-0.819,0.02002283,126.669824491102,-203.784405853367,1324.04865093358,0.0488278263866008,0.0410937928528664,5.79196261981313,0.107511837731845,-0.723176119205674,-895.598004525937,-898.403372620972,-925.191635869698,-929.786668400257,4.61351249561476,-932.030546084153,5.27669936623299,1840.75125218071,1887.54970408602,NA,2444.3128960138,0.431217666645171,0.879055774386588
"556",-5.76,0.83,-5.86,0.83,1.359326,9.604077,-1.1484446,0.2002995,35,35,-5.04957513942735,0.633606426607782,-5.30001425614222,0.821037143179374,1.40036963712829,8.00040469792083,-1.10766032439851,0.211450902360975,1.40036963712829,7.10947725321378,-5.17479469778479,0.727321784893578,1.40036963712829,8.01608463571607,-1.11939532017437,0.22023347073961,1.40036963712829,7.63407128574574,2.26410631395005,0.0617850155449694,-0.354824668060405,-7.23245323810171,-6.36622864689452,2.27329085446519,6.72128562379656,-3.41406602483567,0.424653526411536,-3.8439023201775,0.59283418136514,4.81069381,0.12781913,-0.866,0.02712672,72.1053965139093,-94.6555498989813,1223.28303018274,0.0581101875946591,0.0627708140151601,6.45714887337848,0.160843097535324,-0.968246647712134,-910.791631579929,-913.839834176219,-924.292595831,-928.680387946812,4.39885249052719,-968.020193968521,5.08701895689193,1871.1385062887,1885.75162400863,NA,2351.9105104665,0.383444417010722,1.01552845528903
"557",-5.76,0.83,-5.86,0.83,1.359326,9.604077,-1.1484446,0.2002995,35,35,-5.99804502489297,0.912129758088113,-5.9366946553212,0.825221755090408,1.29896519950926,10.5614629232865,-1.19416095044326,0.187990539399967,1.29896519950926,9.38369601241208,-5.96736984010709,0.868675756589261,1.29896519950926,10.5624038902482,-1.19549390996892,0.18987878964623,1.29896519950926,9.53694811064029,3.22586684692591,0.0862981567713877,-0.511921504314874,-6.52155318803792,-6.97797821115879,1.9127185118022,10.6770071097558,-4.01382780713197,0.613023384701637,-4.30620035154862,0.595393450479535,5.99309795,0.10652821,-0.875,0.02618266,80.5742652574005,-111.593287385964,1269.82641386686,0.394725454055679,0.381967560781277,7.44814084924641,0.170629847883206,-1.07832313507558,-903.262294450119,-904.143272854632,-923.180610257463,-924.206184681103,1.00360629462394,-940.185396917581,1.10994957211861,1856.07983202908,1883.52765286155,NA,2428.05954034777,0.494614905793293,1.08109820012826
"558",-5.76,0.83,-5.86,0.83,1.359326,9.604077,-1.1484446,0.2002995,35,35,-5.33844062149539,0.875008276593865,-6.84577025955816,0.990101350788507,1.16219106701861,8.54181066215112,-0.959473898107391,0.177908040382841,1.16219106701861,11.6723943402685,-6.09210544052677,0.932554813691186,1.16219106701861,9.10982132159675,-1.00284469857473,0.181219644314735,1.16219106701861,12.2059875647143,2.7715295515059,0.0762577485285211,-0.442126635201129,-6.08310896546425,-6.90474385008863,1.71266114600533,13.67320513256,-4.05426522081305,0.652760964177402,-5.24844920413319,0.762310456003686,8.48327869,0.14658059,-0.882,0.02082308,117.094443029232,-184.633642929626,1298.94254182459,0.262048043758962,0.228108956314542,5.46996804701106,0.136895811329112,-0.816995343220908,-885.275871564337,-887.540218043399,-909.864931241476,-912.752037597964,2.86325837785925,-921.112542747487,3.19674700666964,1820.10698625751,1856.89629482958,NA,2413.25144071956,0.449769016568167,0.882723685036191
"559",-5.76,0.83,-5.86,0.83,1.359326,9.604077,-1.1484446,0.2002995,35,35,-6.15391965102836,0.83048403165555,-5.0934699098775,0.695968144211264,1.43533300163754,9.12990541981321,-1.00734528803142,0.193025609898667,1.43533300163754,10.896365166352,-5.62369478045293,0.763226087933407,1.43533300163754,9.41104383318996,-1.04300712253667,0.197549240892398,1.43533300163754,10.9652877352848,2.69194573165123,0.0716470551027832,-0.423526014107531,-7.16385192480916,-6.90481303240031,2.18683467518339,12.3907295534449,-4.878577241774,0.681339136242581,-3.72404282436093,0.513462713779566,6.19960481,0.15205956,-0.816,0.02293389,98.1433034210635,-146.73136371329,1350.08033006666,0.3410398566347,0.280151818003135,6.70461699531174,0.128355164753652,-0.887558069127415,-931.48045798177,-932.280282715728,-957.158420037298,-957.562800510218,0.393963586515393,-977.791084183485,0.272682156444527,1912.51615909238,1951.48327242122,NA,2553.42929642002,0.420834743596439,0.888014611236388
"560",-5.76,0.83,-5.86,0.83,1.359326,9.604077,-1.1484446,0.2002995,35,35,-5.65833023542748,0.818051753928549,-5.03956126951132,0.696748876782101,1.22650606567596,11.6133093341376,-1.53470384566251,0.236638441007149,1.22650606567596,6.64044737399429,-5.3489457524694,0.757400315355325,1.22650606567596,11.7090280924328,-1.55346845962615,0.24031703800815,1.22650606567596,6.67481422456331,2.46290230436065,0.0668606264590599,-0.389626390428237,-6.74233080280757,-6.84625298940711,2.11301288084945,5.29828400636507,-4.05632413176493,0.581183010377589,-3.55757919207117,0.494517545685387,6.61545706,0.1474715,-0.929,0.02889826,60.1964182110354,-70.8375932932334,1163.54520273091,0.737452179251815,0.71661987590484,6.90172695674545,0.145237587003026,-0.98078859295412,-879.893224903623,-880.421894977135,-887.64334725322,-887.957502328168,0.305865052699404,-942.97771832358,0.0965693100895299,1809.34169293608,1812.45312685307,NA,2256.25281216859,0.397713710502332,0.867313949614269
"561",-5.76,0.83,-5.86,0.83,1.359326,9.604077,-1.1484446,0.2002995,35,35,-5.3593053077743,0.87718056894775,-5.88728716197173,0.793313951624075,1.20338198265806,11.4640358539155,-1.2472853649419,0.191505099979939,1.20338198265806,11.3018569488642,-5.62329623487301,0.835247260285912,1.20338198265806,11.5337270635059,-1.23621535191194,0.193263502355268,1.20338198265806,12.0827107708322,2.75124323110071,0.0748813365954079,-0.436748674207554,-6.0910316960224,-7.1186691540854,1.8564929380404,12.4659662195054,-3.90441563425481,0.650913974424351,-4.12963605118164,0.554935619200592,5.15286511,0.10382314,-0.816,0.02453321,89.4332538115244,-129.311264494211,1279.36404573176,0.0376139478180456,0.0371500499579346,7.9708400372739,0.167089589891165,-1.088097432574,-893.38257850898,-896.293280868595,-916.320695197775,-920.628589529596,4.31626380590697,-937.864524850063,5.02685075709663,1836.3204001468,1869.80782274218,NA,2429.41682696931,0.441617237532796,1.16087274389736
"562",-5.76,0.83,-5.86,0.83,1.359326,9.604077,-1.1484446,0.2002995,35,35,-4.99864033477976,0.773054854991051,-5.56709070765878,0.781084157346182,1.3408962226934,7.80913711554772,-0.948963475724263,0.18406409706439,1.3408962226934,9.1424107597898,-5.28286552121927,0.777069506168617,1.3408962226934,7.88992107215429,-0.950104540703694,0.184080214488467,1.3408962226934,9.3193836101363,3.08671496013306,0.0830890854389098,-0.493041853382053,-6.35072078219034,-6.87133464937855,2.03362893433784,10.1064641140181,-3.62473330196005,0.564969021503047,-4.29677600802236,0.608558819975373,4.93876321,0.11876513,-0.846,0.02806647,63.3120559333161,-77.0688687377947,1243.4550246674,0.365130986590838,0.337696878155673,5.63658939683255,0.121443720599515,-0.774387013426408,-908.31185813105,-909.073636615033,-929.31854374961,-930.529425670132,1.18651808811293,-953.449689594952,1.42800883733616,1866.17895939094,1895.80351984585,NA,2409.841180597,0.469270004842078,0.854345336611625
"563",-5.76,0.83,-5.86,0.83,1.359326,9.604077,-1.1484446,0.2002995,35,35,-6.60167795980975,0.89612053095791,-5.83231665045868,0.80517710416388,1.42549188708237,4.61724110055204,-0.65137628785385,0.151371389285298,1.42549188708237,6.41598487842726,-6.21699730513421,0.850648817560895,1.42549188708237,4.76522030663364,-0.668868376332632,0.153439066004558,1.42549188708237,6.46066071908524,3.24957935567539,0.0880636469275831,-0.515866484780632,-7.22056495549174,-6.99302104956595,1.94625982249355,7.74810959433234,-4.8997924519088,0.663132519186885,-4.23691587601787,0.591535402745999,3.34237746,0.0888215,-0.81,0.02649841,88.8290458462362,-128.102848563635,1270.74906192702,0.543180665519426,0.462151488787251,6.65224356669002,0.152190271525594,-0.971332499428134,-901.930874403718,-902.665658278828,-922.391176343873,-922.811609596363,0.409649859667308,-934.337023647193,0.361878137398264,1853.41699193627,1881.94878503437,NA,2413.3952752904,0.515522673163243,0.931011753347775
"564",-5.76,0.83,-5.86,0.83,1.359326,9.604077,-1.1484446,0.2002995,35,35,-5.66403816709225,0.808509406507112,-6.17053278039162,0.863284630595433,1.46641579134637,6.68497476197002,-0.60830391397297,0.101417265126439,1.46641579134637,7.86227065846675,-5.91728547374193,0.835897018551272,1.46641579134637,6.74910896029534,-0.615239752958721,0.102167346419921,1.46641579134637,7.88618456198932,2.33279658432842,0.0587600460740635,-0.355035624864649,-6.8048895711378,-6.98504757349345,1.84895702430564,11.289096236678,-3.78962701189321,0.541758223557119,-4.23740017808761,0.583621408521337,4.18613324,0.07407365,-0.802,0.03009615,56.8778613385605,-64.2004795482836,1281.57475696715,0.76873595065972,0.746256813617584,7.57335617862023,0.160013966249411,-1.06223035704008,-913.051990999981,-913.280319379335,-941.797282870884,-941.985916105583,0.183490834595647,-933.66713354335,0.169983714212527,1875.6592251288,1920.7609980884,NA,2498.94903438601,0.357355093412993,1.01510276641396
"565",-5.76,0.83,-5.86,0.83,1.359326,9.604077,-1.1484446,0.2002995,35,35,-4.45600963327943,0.57654836069182,-6.58237844969129,0.882544994081892,1.38199814435945,6.34335596126355,-0.774648070314715,0.14956799089595,1.38199814435945,7.09575232673439,-5.51919404148536,0.729546677386856,1.38199814435945,7.47371704711576,-0.937313495106633,0.172976475807465,1.38199814435945,7.30457682592255,2.70280069606863,0.0724088623487463,-0.422288350596247,-6.97882492377604,-7.28214498114146,2.11130644966548,7.68439909831259,-3.17287225483,0.418236831155382,-4.7568486382515,0.637026980912898,3.73668932,0.0899239,-0.826,0.02892621,68.3665902449436,-87.1779373610498,1255.40847679098,0.0650817145747112,0.0598594549123056,7.84513576988152,0.161862133558641,-1.08938453450503,-901.779651058243,-905.860298858188,-920.938591414696,-922.721300147403,1.75401437342675,-954.023565532982,0.59711526284963,1853.11454524532,1879.04361517602,NA,2423.63901622091,0.441228513397599,1.0313356682179
"566",-5.76,0.83,-5.86,0.83,1.359326,9.604077,-1.1484446,0.2002995,35,35,-5.84923198569737,0.90460059049824,-6.2751436456188,0.873726296351432,1.44955907962021,11.2244294481997,-1.29711492967962,0.214410182590814,1.44955907962021,9.47382872487245,-6.06218781565808,0.889163443424836,1.44955907962021,11.269779633714,-1.29382749921237,0.21464848810058,1.44955907962021,9.69979311705662,2.6652116057661,0.0612056662786345,-0.383787900751238,-6.41759698102149,-7.02744969613429,2.12200868732735,10.8299517806142,-4.5155145090658,0.690949970341891,-4.77789539049293,0.676973046480992,7.13671061,0.15527382,-0.868,0.02516239,82.6300286413003,-115.704814153763,1323.41267274702,0.586104584733198,0.577671781057213,6.08390530532843,0.130852253335505,-0.845766352297417,-931.157656554856,-932.087306189574,-950.660015958823,-952.154149376622,1.46704505793901,-966.081060197451,1.76305862145739,1911.87055623855,1938.48646426427,NA,2531.12053134027,0.397088912330788,0.880813377738345
"567",-5.76,0.83,-5.86,0.83,1.359326,9.604077,-1.1484446,0.2002995,35,35,-5.02070482818348,0.715318981057211,-6.401341077156,0.889186795168177,1.4122095516104,7.92337787045348,-0.969633293143848,0.154171253763998,1.4122095516104,5.53563998354824,-5.71102295266974,0.802252888112694,1.4122095516104,8.39991698344771,-1.02964534481665,0.161728757959929,1.4122095516104,5.6568652359224,3.08439745459873,0.0711479404509623,-0.454565231805267,-6.71676067219058,-7.06153747643171,2.00731788132055,6.12698827092164,-3.87653879557862,0.54668393024799,-5.02767594200012,0.706712118000058,6.09611455,0.12389003,-0.912,0.02852759,69.3377258234382,-89.120208518039,1206.80075155892,0.336813706767084,0.29622966883814,5.37511324762991,0.112505507320638,-0.7547291749322,-898.450310304205,-899.954846411372,-911.251906698155,-912.538395712042,1.2612869102633,-934.731850945326,0.988782664450602,1846.45586373725,1859.67024574294,NA,2324.48129459981,0.425002803641066,0.700459656654069
"568",-5.76,0.83,-5.86,0.83,1.359326,9.604077,-1.1484446,0.2002995,35,35,-5.47754598712947,0.814754321391585,-5.77135539497724,0.77513948140021,1.35974613488035,6.67716698899938,-0.842059802101824,0.166460407058435,1.35974613488035,7.65734026776589,-5.62445069105335,0.794946901395898,1.35974613488035,6.69874798103435,-0.839149998931862,0.16685274094532,1.35974613488035,7.84054529680435,2.34692658581862,0.0631011628309648,-0.369638049101436,-6.58119180428879,-7.11101617768043,1.97875815060591,8.71532891076366,-3.68507938751834,0.549502084419967,-4.14122270157906,0.556707672709787,3.61166636,0.09227604,-0.806,0.02559714,89.1092237950411,-128.663204461245,1235.89910251233,0.370710252120696,0.355984795912189,7.21426304386376,0.158491412548696,-1.02751095412164,-902.535989246992,-903.423320178874,-921.65642367268,-923.12229457839,1.43900338779569,-942.064569670065,1.73764319072601,1854.62722162282,1880.47927969199,NA,2343.13500056341,0.375514987298893,1.00385499870493
"569",-5.76,0.83,-5.86,0.83,1.359326,9.604077,-1.1484446,0.2002995,35,35,-6.6133715909556,0.85039117946488,-5.44941551031071,0.787814358318347,1.28891899712112,6.73853911825251,-0.764165911053582,0.163112559804543,1.28891899712112,10.4193312985816,-6.03139355063315,0.819102768891614,1.28891899712112,7.07723755767006,-0.782375078923815,0.164091524440744,1.28891899712112,10.8509850450897,2.63237676247507,0.0624301108879277,-0.387774233028055,-7.50470222945733,-6.71356265621117,1.8721231097235,12.4864270248767,-4.82642347223528,0.619582248760773,-4.06881545930808,0.59520355524496,3.77613709,0.09597205,-0.729,0.02163525,123.878880599281,-198.202518069724,1345.49792077528,0.206193321307536,0.187304350455983,7.49917877317557,0.151346669830103,-1.01848299229703,-901.0157851815,-902.937718720258,-927.933367258851,-930.530601273849,2.57041800391552,-939.971732574898,2.94999899322957,1851.58681349184,1893.03316686433,NA,2492.79332348083,0.390518932307176,1.01904440161311
"570",-5.76,0.83,-5.86,0.83,1.359326,9.604077,-1.1484446,0.2002995,35,35,-6.3004813023224,0.886108952150584,-5.44337953719701,0.721594659705851,1.42745524812008,10.6075427557162,-1.19504109199679,0.186992209754185,1.42745524812008,8.53320604363609,-5.87193041975971,0.803851805928218,1.42745524812008,10.7911986146615,-1.23029246460748,0.193758447858833,1.42745524812008,8.58462199507364,3.31835621503834,0.0914525233364296,-0.536131062419091,-6.97901469384407,-7.10204651177171,2.11560785973502,9.61842227125498,-4.45640957737652,0.625682035398784,-4.11132623232821,0.550968437370027,7.76383552,0.15093431,-0.895,0.02689239,70.8605472630305,-92.1658513972237,1304.01498621929,0.750611083819722,0.740430184359559,6.20045787347124,0.128329796839818,-0.855232180567366,-920.760208507858,-921.715210302314,-940.308418156392,-940.684938467261,0.36674804695821,-961.559379723719,0.0801838084277845,1891.07566014455,1917.78326865941,NA,2515.86412104136,0.515154780950401,0.843406557128935
"571",-5.76,0.83,-5.86,0.83,1.359326,9.604077,-1.1484446,0.2002995,35,35,-6.02469069051376,0.84640941192422,-5.67204847378676,0.765678116216803,1.29618777660716,6.53450342806596,-0.798179284097647,0.165428638928136,1.29618777660716,8.95346181842945,-5.84836958215026,0.806043764070511,1.29618777660716,6.56559256132049,-0.805296599867024,0.167058024454786,1.29618777660716,8.97575450766276,2.70640851118022,0.0709758487222554,-0.422658029297262,-6.9397436696615,-7.068077621937,1.9026877546072,10.3343504565893,-4.7549366616127,0.672825546282008,-4.24158816522692,0.563699169251913,4.9326066,0.12015278,-0.813,0.02327471,103.463843731579,-157.372444334322,1287.43964553076,0.586613457759146,0.535587465256268,5.13548545640122,0.121954997421853,-0.760549604256991,-896.991078823507,-897.242003856838,-919.694041932036,-919.850645069023,0.15229905891218,-937.854746593623,0.0908795023323431,1843.53740077585,1876.5545162107,NA,2417.5068467272,0.418262239185348,0.749052637385096
"572",-5.76,0.83,-5.86,0.83,1.359326,9.604077,-1.1484446,0.2002995,35,35,-6.34242137513348,0.935591195274871,-5.55410941399647,0.765322350777963,1.42502830339841,7.87637247112512,-1.04165507785885,0.193057893402796,1.42502830339841,6.89528961871379,-5.94826539456498,0.850456773026417,1.42502830339841,8.03173140814304,-1.07521131954033,0.200305763254374,1.42502830339841,6.97189448372124,3.34172488676044,0.0862164192127385,-0.520732658996782,-6.72615236663144,-6.95225812056996,2.08484194592553,7.46326685109867,-4.50163004746118,0.666150008661885,-4.0190463369678,0.557574184472901,4.25911513,0.12029542,-0.86,0.02795915,71.1997243109395,-92.8442054930416,1248.42093809124,0.553827331441039,0.553927368695007,7.39753785216519,0.162651284896949,-1.06393378619511,-912.442527990745,-913.445216242683,-926.695484941271,-927.371393430019,0.659777040750911,-950.030411610673,0.344793459823428,1874.44029911033,1890.55740222917,NA,2403.99767068944,0.498224640216065,0.992284220410495
"573",-5.76,0.83,-5.86,0.83,1.359326,9.604077,-1.1484446,0.2002995,35,35,-6.49221013974376,0.867661736096812,-7.0210805684871,0.97645809164373,1.35935560171301,9.44984606010682,-0.903857764380655,0.152015803384995,1.35935560171301,11.4880180428487,-6.75664535411543,0.922059913870271,1.35935560171301,9.51977204270661,-0.918242558181609,0.154974965130068,1.35935560171301,11.5165325419464,2.71941753278369,0.0680927654788624,-0.412697936976302,-7.28064727093115,-7.16133716653853,1.83657859396355,15.2744112495093,-5.13365560367761,0.697979774433034,-5.12108364537908,0.723710656779639,7.06521553,0.15038674,-0.838,0.02067594,124.702238937096,-199.849234745354,1403.50825987239,0.879861837280832,0.870854180026777,7.35917674380064,0.12602476428812,-0.923646068207815,-916.978414902998,-917.457191545326,-947.231392703455,-947.391044907185,0.155267707973108,-941.852245015483,0.0566743578916219,1883.51207293483,1931.62921775354,NA,2607.16728499942,0.414613850448119,0.930736051239812
"574",-5.76,0.83,-5.86,0.83,1.359326,9.604077,-1.1484446,0.2002995,35,35,-6.06511587478289,0.79681487872477,-5.6491356549301,0.807821682403926,1.50032726692263,11.3632317110167,-1.24876555586691,0.20621820047789,1.50032726692263,10.0941503146691,-5.85712576485649,0.802318280564348,1.50032726692263,11.4064915968439,-1.24762090271333,0.206248487909698,1.50032726692263,10.2295729847587,3.74481435897249,0.0903393140267204,-0.56471581467267,-7.27564024916487,-6.7940843412202,2.22728004553893,11.6266047342484,-4.48629175841275,0.594364283480588,-3.77238285221377,0.548652036778365,6.84629844,0.14514895,-0.863,0.02536371,78.9944896149251,-108.433736101013,1348.43134218563,0.413259318201974,0.379118225181937,7.8773810753094,0.14751099366519,-1.02194935330999,-940.521189263187,-941.027984859835,-963.121538474708,-963.970832570058,0.83005379455832,-980.224470858716,0.98124844261145,1930.59762165521,1963.40950929604,NA,2588.42894827025,0.530155597811625,1.07022736088269
"575",-5.76,0.83,-5.86,0.83,1.359326,9.604077,-1.1484446,0.2002995,35,35,-5.86943426947327,0.841250224260004,-5.60702218709932,0.825753221201695,1.45418721670288,9.12166613913999,-1.19470573624282,0.211579283776704,1.45418721670288,7.06046855330279,-5.7382282282863,0.833501722730849,1.45418721670288,9.13888116438394,-1.19572238645359,0.211639323052651,1.45418721670288,7.07824240258963,2.84380522329543,0.0719239902080277,-0.439571003194905,-6.81522435368238,-6.64513940537325,2.16346284756747,7.42489952470302,-3.61202026800458,0.51650321588974,-4.01344709617901,0.597722843803984,4.07822901,0.0906961,-0.851,0.03239271,42.4420825370411,-35.3289219452448,1233.22365135548,0.690301345312415,0.652493462118435,9.13461928732003,0.208351238866279,-1.34152923999883,-920.020504236456,-920.129303821017,-933.107446424507,-933.261630975738,0.149944354166548,-958.940562030726,0.188870684523672,1889.59625160175,1903.38132519564,NA,2431.11838076571,0.414590228038599,1.239051097412
"576",-5.76,0.83,-5.86,0.83,1.359326,9.604077,-1.1484446,0.2002995,35,35,-6.44819545132105,0.985620108076331,-5.3500867371374,0.750961141395398,1.38527338389366,8.06470094933706,-0.948325946925931,0.167937480629282,1.38527338389366,7.96470500348711,-5.89914109422923,0.868290624735865,1.38527338389366,8.36616163637857,-1.01274621096935,0.181703688290223,1.38527338389366,8.10986684641727,2.81557713317903,0.0750969870112513,-0.445093609940379,-6.53386712632032,-6.83379581296474,1.97510237809366,9.36202606754275,-4.50116499793706,0.690756681149711,-3.79405551927285,0.537965089542534,3.10101639,0.06681237,-0.766,0.0294866,64.2375457481681,-78.9198483674989,1243.86464457706,0.223828049117011,0.189617121156586,9.05750679031209,0.21275750480934,-1.34309348804116,-909.461176758365,-911.545554373433,-928.655435118613,-929.779837684953,1.10109650182701,-943.86701104761,0.523056592914716,1868.47759664557,1894.47730258385,NA,2408.80944078661,0.434655511145817,1.27754464158771
"577",-5.76,0.83,-5.86,0.83,1.359326,9.604077,-1.1484446,0.2002995,35,35,-5.34848608654,0.838540370466164,-6.00093738974832,0.87003641544526,1.32044950440689,8.72479493523402,-1.07336290327293,0.183197009046149,1.32044950440689,7.69466880700971,-5.67471173814416,0.854288392955712,1.32044950440689,8.83121811099858,-1.07850031217106,0.18344500925848,1.32044950440689,7.83950106310663,2.52196151170734,0.0654446560070687,-0.390306118455432,-6.31042077842445,-6.77522679587299,1.92694899577521,8.54056976879512,-3.79770809005328,0.587436067601444,-4.19670533351865,0.608237434521013,4.46202267,0.09093964,-0.856,0.02854075,66.7825102794528,-84.0097774300683,1213.24112091295,0.614222263975733,0.596775663384342,7.59755314820155,0.177730059522258,-1.12375821091686,-899.051032749389,-899.803602297207,-914.772777268905,-915.92920367301,1.13271633839011,-934.929034161353,1.39844668499604,1847.65730862761,1866.71198688444,NA,2342.47246439583,0.392206100968725,1.07077827730212
"578",-5.76,0.83,-5.86,0.83,1.359326,9.604077,-1.1484446,0.2002995,35,35,-5.1323649767401,0.739275027880532,-7.41293586263854,1.06571541701792,1.37511328853112,8.56014673964173,-0.983613586600283,0.175266028724948,1.37511328853112,8.92384319263745,-6.27265041968932,0.902495222449226,1.37511328853112,9.86039763104364,-1.16973119846231,0.201906860639991,1.37511328853112,9.16778542791388,2.62189853971237,0.0715142599857051,-0.419369723804621,-6.68569689287561,-7.02142041321195,2.00157636564048,10.3918258181285,-3.72511649108139,0.543596205788115,-4.92118784905145,0.7073278762051,3.71266888,0.07129018,-0.768,0.02969519,59.7919014272608,-70.0285597256842,1299.78018495939,0.208096913006741,0.158453575468724,10.7752922151124,0.234718488250733,-1.55180410426423,-912.880619978348,-916.80572533453,-933.967049061008,-935.66694068792,1.67153709271666,-950.445331502361,0.588227058145608,1875.31648308553,1905.10053046864,NA,2529.53181019309,0.411311645544347,1.40255377669446
"579",-5.76,0.83,-5.86,0.83,1.359326,9.604077,-1.1484446,0.2002995,35,35,-5.69225550411746,0.766245194558753,-5.99962443849981,0.877811589221166,1.47047760615249,9.26353431635803,-1.35822657336323,0.24134322604911,1.47047760615249,5.37681329383266,-5.84593997130863,0.82202839188996,1.47047760615249,9.28715323181386,-1.36679958432329,0.244454991153602,1.47047760615249,5.47159678965232,3.4227108276288,0.0860415923119134,-0.5303520453644,-7.08490614624911,-6.72759137124789,2.28870400568367,4.67681465623245,-3.76139489588103,0.5085440365133,-4.03317763536685,0.597966754237211,4.1905971,0.1224384,-0.894,0.0295461,63.1245976510353,-76.6939521732332,1213.62347164895,0.454292848506995,0.422096650554626,9.06503672912107,0.197548001480076,-1.31132523303407,-913.430985314028,-914.27534304112,-919.43555178029,-920.468358956669,1.01073646330062,-958.910042551982,1.16937704947085,1876.41721375689,1876.03753590721,NA,2350.55299112466,0.48573673257877,1.15915713466936
"580",-5.76,0.83,-5.86,0.83,1.359326,9.604077,-1.1484446,0.2002995,35,35,-5.04417644804581,0.732428111297624,-6.3341816358757,0.91546242747025,1.30151650892433,9.0826846712299,-1.02327774698589,0.197418082163198,1.30151650892433,11.8284476646849,-5.68917904196076,0.823945269383937,1.30151650892433,9.49871301738692,-1.08230655133929,0.205793472387393,1.30151650892433,11.9124197917885,2.57569116074046,0.0691082547364496,-0.408123989543793,-6.63830052140696,-6.83783461723611,2.00317001042518,13.2680926156251,-3.49055636990968,0.505007898689076,-4.5682492762511,0.678864931001606,4.26055323,0.11087637,-0.758,0.02682271,68.8838732817317,-88.212503434626,1317.1617822893,0.266578257508235,0.192965451628659,8.41739096608807,0.178356238286875,-1.18233443558998,-912.980797990559,-914.241922081296,-938.461325606006,-938.918036690724,0.445112673980532,-958.519860911421,0.165766766749777,1875.51683910996,1914.08908355864,NA,2546.11106114397,0.4005098476026,1.12978263230409
"581",-5.76,0.83,-5.86,0.83,1.359326,9.604077,-1.1484446,0.2002995,35,35,-6.58642075938195,0.932547757165097,-5.73958196330281,0.775429842377586,1.1918588488008,9.11027920315306,-1.25729354065651,0.213946590082021,1.1918588488008,6.65544700977376,-6.16300136134238,0.853988799771341,1.1918588488008,9.28956318978923,-1.29055692710679,0.220118099868815,1.1918588488008,6.70732306915211,2.41608748100637,0.0672021535541947,-0.386565684608871,-6.98828376758803,-7.07751285043946,1.90728719212795,5.94848710711266,-4.23885317136542,0.598651857131036,-4.42272408310293,0.604706512533155,4.38903802,0.10651657,-0.894,0.02766158,80.3483052965865,-111.141367464336,1215.89739931686,0.83721921890426,0.829692814984594,8.50960622520328,0.180324915480087,-1.21337908898411,-872.722225310132,-873.511252708908,-880.760066620492,-881.232811827224,0.460792430961121,-921.32028861831,0.0714913455595509,1794.9996937491,1798.68656558761,NA,2320.65343116939,0.39925673322789,1.07368145374858
"582",-5.76,0.83,-5.86,0.83,1.359326,9.604077,-1.1484446,0.2002995,35,35,-5.14784410083729,0.734261089404441,-6.1886098771331,0.878932772658357,1.28311057102795,8.858636920878,-0.873431588484065,0.143840506288572,1.28311057102795,10.6987388991581,-5.66822698898519,0.806596931031399,1.28311057102795,9.12943527115515,-0.911073922666511,0.149072980272452,1.28311057102795,10.7568035518424,3.09253686900335,0.0763073040031994,-0.470015585782326,-6.73104776495742,-6.90989708909082,1.83568224332979,13.2623089937806,-3.88038595702366,0.555433202999532,-4.83754959428578,0.687483954253618,4.0246637,0.06782262,-0.735,0.02322045,108.60285304401,-167.650462959183,1278.467535594,0.344188999050839,0.290594105958522,7.866384146845,0.16197993959184,-1.09353877627442,-900.265623204561,-901.16762717594,-928.518934311252,-928.865507748994,0.337506154857408,-937.11356332066,0.145389893956543,1850.08648953796,1894.20430096913,NA,2389.28460822881,0.450952465081853,1.02446628416921
"583",-5.76,0.83,-5.86,0.83,1.359326,9.604077,-1.1484446,0.2002995,35,35,-6.07965340882947,0.907912266704023,-5.62043417784475,0.768861443017272,1.26859705536292,10.7576346277161,-1.45539113123286,0.271570836725769,1.26859705536292,10.3323550746246,-5.85004379333711,0.838386854860647,1.26859705536292,10.8103552032427,-1.47135483431317,0.27640461961776,1.26859705536292,10.4602496826286,2.62374038249352,0.0789327844422825,-0.441716132543104,-6.62828829428138,-6.99749788866667,2.16503589046432,9.46424577668521,-4.51932933436876,0.67465322851745,-3.93590054185745,0.535873478974379,5.52801302,0.13176807,-0.837,0.02348033,97.4200081493665,-145.284773169896,1287.64122688033,0.377602463509796,0.330650875332719,8.39417542352143,0.202879144324629,-1.26298650435914,-908.557470119352,-909.29769806409,-923.504559555583,-924.290140371638,0.767433890572875,-966.705681179998,0.716011316110146,1866.67018336754,1884.17555145779,NA,2429.99768059076,0.44486139509105,1.20521823644864
"584",-5.76,0.83,-5.86,0.83,1.359326,9.604077,-1.1484446,0.2002995,35,35,-5.26682071043578,0.749494096497549,-6.41911270028027,0.948753209271752,1.25499605945008,8.21141316691607,-0.926937176375359,0.182134232500951,1.25499605945008,11.4173057163491,-5.84296670535802,0.84912365288465,1.25499605945008,8.54335737438102,-0.984338346263668,0.192060281006842,1.25499605945008,11.4884620942805,2.88091398588953,0.0724375627685342,-0.442502734078263,-6.75927006013757,-6.72442781831672,1.89156340028155,13.1016353849023,-3.89965582804054,0.567653125639575,-4.87968669644304,0.725280161777117,5.4249844,0.14895143,-0.802,0.02074751,118.171916470665,-186.788589812492,1312.2035630593,0.388366779689101,0.360029586329267,6.15304179423359,0.127068395872559,-0.855002440605943,-901.625878445979,-902.992563452451,-927.26370581591,-927.663690272973,0.389668564974572,-944.063960756587,0.00541587658295234,1852.8070000208,1891.69384397845,NA,2437.6185363061,0.423901909505229,0.808543001482802
"585",-5.76,0.83,-5.86,0.83,1.359326,9.604077,-1.1484446,0.2002995,35,35,-5.86147370250571,0.831591500740705,-6.62080104530305,0.910304484641807,1.6068876220331,6.91890505075197,-0.734317094395508,0.135601231461622,1.6068876220331,7.24595790144414,-6.24113737390438,0.870947992691256,1.6068876220331,7.06304955413188,-0.749259324622826,0.137150164920276,1.6068876220331,7.30044070266073,2.51889485912684,0.0670319125831058,-0.392945868020007,-6.86480796205673,-7.15518371531542,2.06264208787208,9.90004061519765,-4.49372302142805,0.644554261008457,-4.52192140148209,0.636919284907835,3.37051666,0.06521493,-0.763,0.03171616,51.1067522059267,-52.658261283016,1312.37406836481,0.96803507507794,0.952995388238919,8.50638156483715,0.183806772940861,-1.19986443727608,-935.642194426908,-936.152432869829,-959.163793032494,-959.624776713552,0.449290492021495,-956.263702655159,0.446288472001578,1920.83963198265,1955.49401841162,NA,2572.0898754466,0.406371350817424,1.17923583363014
"586",-5.76,0.83,-5.86,0.83,1.359326,9.604077,-1.1484446,0.2002995,35,35,-4.75722594422821,0.682345739939917,-6.54933869259402,0.857708051569052,1.34177346886114,6.90693568110787,-0.807941178218987,0.136520273701208,1.34177346886114,6.44926927596202,-5.65328231841112,0.770026895754484,1.34177346886114,7.7098527068217,-0.886508436782356,0.144208258786186,1.34177346886114,6.86443477503226,3.95852374427039,0.0993086619061689,-0.613793753635627,-6.64972782633271,-7.39707730048473,1.92580892275396,7.42319558233741,-3.62462340554269,0.523142710105649,-5.12502785593103,0.677427767938128,4.11335071,0.07990365,-0.824,0.0239337,107.861359885095,-166.167476641353,1226.15086723538,0.0599977809468823,0.0454512920518207,7.32078672319941,0.140702568470112,-0.987641909891632,-890.686498730614,-893.934711009109,-907.876092010311,-911.672522708021,3.78980177664877,-930.424300314411,4.09736212373858,1830.92824059006,1852.91861636725,NA,2286.1342578294,0.556978502355457,0.908059380676999
"587",-5.76,0.83,-5.86,0.83,1.359326,9.604077,-1.1484446,0.2002995,35,35,-5.93466237302677,0.879979248074366,-5.09666273393578,0.67817624183799,1.40816252446342,9.19665518353014,-1.16967083536971,0.231216236012854,1.40816252446342,10.0754390141209,-5.51566255348127,0.779077744956178,1.40816252446342,9.3722160323093,-1.2119485469681,0.241397349344363,1.40816252446342,10.2221729709792,2.3949911234196,0.0608961758086019,-0.367479613914272,-6.64971495525216,-7.01400540679132,2.2680963487569,10.3191962205957,-4.23025475096262,0.630459139001449,-3.80978576515853,0.50914850441702,5.7050992,0.1432559,-0.844,0.0241374,89.5464127933612,-129.537582457885,1302.04107918563,0.412363549129225,0.382582152197356,6.17575040497846,0.148258117344788,-0.902208396876267,-927.20318573339,-928.458562945185,-947.470969830861,-948.392281517542,0.900904158619791,-980.847895906217,0.615127933928136,1903.96161459562,1932.10837200835,NA,2474.54457591337,0.364615123765156,0.973283171218781
"588",-5.76,0.83,-5.86,0.83,1.359326,9.604077,-1.1484446,0.2002995,35,35,-4.42451300008566,0.641692402972922,-6.13258847068558,0.813533873658819,1.56776769490259,10.1481217869791,-1.32875045438527,0.224043898852001,1.56776769490259,6.33315361677173,-5.27855073538562,0.72761313831587,1.56776769490259,10.8775022402954,-1.40213000461287,0.231426271613874,1.56776769490259,6.63635274509345,3.0777547039547,0.0807644513996296,-0.482789478204802,-6.55921694398311,-7.24350539962169,2.47338489565903,6.05198267267818,-2.81962636870502,0.404573379132657,-4.34256674901249,0.576795023457531,4.83852335,0.11705551,-0.889,0.03187962,43.1645527257476,-36.7738623226579,1229.25537481352,0.0569726112968212,0.0347037085163936,9.45316789638434,0.182867246457366,-1.27414736122164,-934.018678344434,-936.422195416896,-944.913202813172,-947.74921376858,2.8115517284027,-985.514655352029,3.19464383887892,1917.59259981771,1926.99283797297,NA,2421.73688730438,0.468323971920175,1.19576765715198
"589",-5.76,0.83,-5.86,0.83,1.359326,9.604077,-1.1484446,0.2002995,35,35,-5.21138583540337,0.760346939986215,-6.74231953489978,0.977699606103029,1.41118396540975,6.40793884819431,-0.611907909866304,0.126355418969521,1.41118396540975,9.72886784493478,-5.97685268515158,0.869023273044622,1.41118396540975,6.99387834625775,-0.695096040174707,0.138165964336543,1.41118396540975,9.83780213896479,3.09760229804018,0.0815575109716022,-0.488051980912339,-6.63917675198797,-6.87517951106918,1.87143148464571,13.2260761284598,-3.64295597238185,0.538390128950944,-4.63378966507656,0.679551057547118,3.59898254,0.10570379,-0.749,0.02321462,103.119649146254,-156.68405516367,1305.76136858571,0.305769655888543,0.257396586366859,8.59300132552455,0.173029493679722,-1.18416336324384,-914.907033567232,-917.189851738004,-945.770659669237,-946.477812459906,0.690429978363283,-941.749954507031,0.248955692931823,1879.3693102633,1928.7077516851,NA,2454.83868200776,0.467504950026569,1.09640672340023
"590",-5.76,0.83,-5.86,0.83,1.359326,9.604077,-1.1484446,0.2002995,35,35,-5.92399676682385,0.841207423551134,-6.52886019730658,1.00579367291512,1.34125451638683,8.06052999334662,-0.933084799373207,0.1501333727027,1.34125451638683,6.92203791663299,-6.22642848206521,0.923500548233128,1.34125451638683,8.15199493573042,-0.95797285022335,0.156905531072627,1.34125451638683,7.05900505930326,2.85099819058476,0.07760890612187,-0.455040078547955,-6.87004184658088,-6.49434299330594,1.82353888456218,8.45437930250373,-4.2662578206515,0.610655524579234,-4.90140651528171,0.764642405611728,4.55224753,0.09834962,-0.866,0.02733916,78.9748869590372,-108.394530789237,1230.40778712565,0.181487525463715,0.145071309114323,7.27626267530534,0.162724185406077,-1.05284334101584,-894.832833179331,-896.427790106264,-912.088593902825,-913.288507421258,1.175678000988,-921.097481622771,0.974268474876785,1839.2209094875,1861.34362015228,NA,2352.42104346206,0.448501423354253,0.995396673844096
"591",-5.76,0.83,-5.86,0.83,1.359326,9.604077,-1.1484446,0.2002995,35,35,-6.05607415959995,0.774120906065142,-5.48970165717467,0.855295781473504,1.37872651592047,9.95160368037139,-1.21903251534585,0.264907988749699,1.37872651592047,13.9669949208525,-5.77288790838731,0.814708343769323,1.37872651592047,10.0317981332473,-1.20753871101607,0.26655532884909,1.37872651592047,14.6772996202593,2.96222266448861,0.0699275586882845,-0.435238374130065,-7.40180335057293,-6.35181194607196,2.27032021038104,14.4965803110811,-3.73549407880136,0.456624722735556,-3.62486229898196,0.555928608790529,4.78351299,0.12400629,-0.752,0.02286657,103.226184591136,-156.897126053434,1413.41380552871,0.158736728896747,0.144000841056573,10.3083006639216,0.251383800960328,-1.5156105427818,-936.598828196025,-938.468384823626,-963.373465291624,-966.619109357958,3.22714879072816,-992.082175807311,3.72902643843649,1922.75289952089,1963.91336292988,NA,2669.93048500399,0.438560857057411,1.65000348354067
"592",-5.76,0.83,-5.86,0.83,1.359326,9.604077,-1.1484446,0.2002995,35,35,-4.97210503712945,0.718328777818515,-5.91471370032975,0.865026614271204,1.32617317234087,8.65448457703155,-0.997114025991188,0.177627265688746,1.32617317234087,9.31460792085737,-5.4434093687296,0.791677696044859,1.32617317234087,8.87661235001661,-1.03168368886945,0.183007329493721,1.32617317234087,9.35377845892532,2.32854596756856,0.0642345865439374,-0.366835116042957,-6.65022929087724,-6.71885020546413,1.99705904196177,10.4536742805223,-3.73782311152111,0.543886705912988,-4.54577646268134,0.666967609852612,5.76939509,0.11257258,-0.839,0.02443759,90.865175023909,-132.175106918981,1250.15636210023,0.521115934220646,0.427095406914041,6.0566194985635,0.141177261520557,-0.886905531985755,-906.592317444726,-907.359626129133,-927.792043526456,-928.057370572038,0.258235369590185,-950.081278178541,0.0244976391006806,1862.73987801829,1892.75051939954,NA,2368.13761728148,0.398072254243118,0.879498329836274
"593",-5.76,0.83,-5.86,0.83,1.359326,9.604077,-1.1484446,0.2002995,35,35,-4.72373928122618,0.728343382000108,-5.98519026002077,0.8660997863942,1.30867095485884,9.86964725041778,-1.20528366963836,0.194762488735879,1.30867095485884,7.79826611964499,-5.35446477062347,0.797221584197154,1.30867095485884,10.2674618933932,-1.2487269074279,0.199506695473776,1.30867095485884,7.96036935352497,2.97129796956776,0.0744896625809297,-0.453377235572459,-6.3421991147373,-6.78293308335089,2.02169439365961,8.03038216598865,-3.41552669868886,0.519279689792879,-3.97963243065826,0.57948113556704,3.78699914,0.0749267,-0.836,0.02944273,62.4740998769937,-75.39295662515,1187.65614368433,0.633019982464203,0.61446917742048,9.13744080253796,0.198730326545036,-1.31138694911016,-898.606811337294,-899.792182719331,-913.40666875169,-914.684643240847,1.25286275203999,-944.765007657731,1.26613021456629,1846.76886580342,1863.97976985001,NA,2299.91933074351,0.44512474423887,1.20167911959148
"594",-5.76,0.83,-5.86,0.83,1.359326,9.604077,-1.1484446,0.2002995,35,35,-5.64755793643219,0.759393704221172,-5.65232339617052,0.749084414642772,1.24976069137468,8.5419619329894,-1.16985233052224,0.220351775161284,1.24976069137468,8.35565750698564,-5.64994066630135,0.754239059431972,1.24976069137468,8.54196761039103,-1.16984004839613,0.220378345524187,1.24976069137468,8.35891345847357,2.98934345500329,0.0786343379129673,-0.468661981676892,-7.08102798503628,-7.14721352434977,2.08175977280739,7.75087562052433,-3.97491752534893,0.527094366814116,-4.45113962894039,0.604412580390794,6.01931766,0.15483205,-0.892,0.02416484,95.9159948966525,-142.276746664468,1253.76138706328,0.808278161663439,0.791429271387033,5.73123863190916,0.120994312947971,-0.796176912188372,-892.404076706895,-892.420179369372,-906.421829250452,-906.446186379117,0.0236653277457255,-950.83759034643,0.0286148228956546,1834.36339654263,1850.01009084753,NA,2365.24602746209,0.458870396591673,0.795798913282533
"595",-5.76,0.83,-5.86,0.83,1.359326,9.604077,-1.1484446,0.2002995,35,35,-5.67980511344528,0.828867240308577,-5.65409653796429,0.714360303590071,1.35680405261607,12.749378037205,-1.75275276525177,0.308037189460189,1.35680405261607,9.2363437865521,-5.66695082570478,0.771613771949324,1.35680405261607,12.7495432699183,-1.7534887178082,0.311315149099353,1.35680405261607,9.53576157017353,2.53305478488068,0.0694900096106044,-0.405788055806466,-6.69936981169456,-7.35586393424382,2.43385610893685,7.60525727471151,-4.23064187961578,0.626063979299997,-4.10392698311157,0.520734125997372,7.55376545,0.17448615,-0.893,0.02693188,67.4287877784536,-85.3023324280699,1306.66265280564,0.191025284814328,0.168687802136457,6.81802038761275,0.151195215370787,-0.965972336954397,-922.199332079071,-923.642455258274,-932.853329904615,-934.871488033486,1.98903140719105,-988.534782279389,2.44878066752361,1893.95390728698,1902.87309215586,NA,2528.02297318321,0.401322953407096,0.990472881856646
"596",-5.76,0.83,-5.86,0.83,1.359326,9.604077,-1.1484446,0.2002995,35,35,-5.90285396243861,0.976689899278693,-6.24188141000822,0.889207406975042,1.44708585476964,8.94667299155216,-0.945174397224263,0.166184266595129,1.44708585476964,9.68722013156035,-6.07236768622342,0.932948653126868,1.44708585476964,8.97540789410356,-0.93775965570608,0.168097563210044,1.44708585476964,10.1464174117444,2.58427431667217,0.0709224468243932,-0.41573352356959,-6.04172951058575,-6.90195500947234,1.95851556069899,12.5454304618326,-3.88593791613369,0.643808540660876,-4.33797787139301,0.610901213556347,5.31166935,0.1043755,-0.831,0.02782206,65.6691735968327,-81.783104064828,1312.12195370729,0.130479266878945,0.119974726925999,8.33020083444396,0.196623433903121,-1.2066791796979,-926.484182711327,-928.353428375078,-951.653472402326,-954.598336738199,2.92175277276333,-951.177375930576,3.31934006129669,1902.52360855149,1940.47337715128,NA,2542.46080334975,0.403262289975557,1.29853896946317
"597",-5.76,0.83,-5.86,0.83,1.359326,9.604077,-1.1484446,0.2002995,35,35,-6.22551681001151,0.86439401772905,-6.92829655561913,0.955737667167803,1.18035952792482,6.75177943655597,-0.7814471515262,0.13246739060909,1.18035952792482,7.35013307324966,-6.57690668281532,0.910065842448426,1.18035952792482,6.87525427926505,-0.797495768205061,0.134553306182288,1.18035952792482,7.3844841080355,3.10448834553994,0.0737223228035503,-0.46190765597214,-7.03342216164716,-7.19200008087777,1.60303536480596,9.09134991677812,-4.51008158439034,0.626810668424813,-5.60218501238177,0.780893199656996,4.97033674,0.09745467,-0.862,0.02309667,115.194818612865,-180.834394096892,1264.27086846001,0.324210348826023,0.28317005566266,5.84362167059557,0.12166500782498,-0.821077418915463,-865.919035759399,-866.382639568216,-884.464978370327,-884.752355821061,0.279740495743798,-891.803871805951,0.184986494386552,1781.39331464764,1806.09638908728,NA,2347.70734282313,0.444653397147243,0.749099867867621
"598",-5.76,0.83,-5.86,0.83,1.359326,9.604077,-1.1484446,0.2002995,35,35,-6.58168510130307,1.01194903571098,-5.15789371150755,0.842929155425327,1.38010855113157,6.20122958123136,-0.825672863548715,0.167441291414114,1.38010855113157,6.92716393655262,-5.86978940640531,0.927439095568151,1.38010855113157,6.70802506164533,-0.885835126112459,0.174583221397058,1.38010855113157,7.08331590635612,2.76656045838019,0.0764192368684948,-0.442718483230049,-6.51049583858682,-6.09368115829037,1.91303589185036,8.16010415435345,-4.87866991968482,0.753488733594948,-3.71176836776532,0.602624190983575,4.05777552,0.10479562,-0.856,0.03055154,54.7650900859459,-59.9749370430544,1218.66461482769,0.20090360534377,0.156121428344408,6.62727315701683,0.163925486350138,-1.00226654708458,-901.667839165574,-903.681322063598,-919.130282977233,-920.495761663551,1.33948711438604,-931.729301319335,1.17980285929344,1852.89092145999,1875.42699830109,NA,2377.35429261233,0.448439959262893,0.991617370122748
"599",-5.76,0.83,-5.86,0.83,1.359326,9.604077,-1.1484446,0.2002995,35,35,-6.6995888975547,0.910391749412225,-6.56865546958111,0.830084014146335,1.4076072042227,5.18808582397636,-0.549665403877099,0.122695309844183,1.4076072042227,8.21839538908746,-6.6341221835679,0.87023788177928,1.4076072042227,5.19237171461659,-0.552294145644889,0.124307642930067,1.4076072042227,8.30365103472577,2.53854618533847,0.0699622105100859,-0.406366072470203,-7.23345166664641,-7.58097094416936,1.82585124665389,11.2478347944194,-5.19060519107257,0.715747114595495,-5.05593215453,0.647539894162926,3.59237427,0.08145788,-0.746,0.02257143,122.757015751606,-195.958788374375,1365.55381766828,0.581610783376959,0.56761342053778,6.14819358460861,0.12801062515869,-0.843860602935141,-906.764188845727,-907.259092655695,-934.527305240214,-935.171719707797,0.628892953568505,-930.468449344834,0.64265819613797,1863.08362082029,1906.22104282706,NA,2535.14884696219,0.408445265968752,0.864216881154827
"600",-5.76,0.83,-5.86,0.83,1.359326,9.604077,-1.1484446,0.2002995,35,35,-5.22759835889416,0.71774240285617,-5.13826386498236,0.668778861830832,1.36321082251656,6.64939981913568,-0.69654820390557,0.128226289162246,1.36321082251656,8.28450950711734,-5.18293111193826,0.693260632343501,1.36321082251656,6.6513949820863,-0.697641737194978,0.128825646249681,1.36321082251656,8.31470671764699,2.93873658949244,0.0784594287354933,-0.466760113703772,-6.90921608293146,-7.11159369616227,2.02375266053651,9.70808347861738,-3.24601394710694,0.456177911266798,-3.613504578969,0.466707081737786,2.84777132,0.06382149,-0.789,0.03100083,56.7618876968176,-63.9685322647977,1228.95496994977,0.53161958993918,0.518879127679846,7.45439524023597,0.152025520553137,-0.99837958895575,-902.157249122456,-902.357830258931,-927.175686910701,-927.402987520453,0.221165190734331,-950.978460987212,0.224906869094518,1853.86974137375,1891.51780616803,NA,2393.94140763474,0.446554920955135,1.09134483841241
"601",-5.76,0.83,-5.86,0.83,1.359326,9.604077,-1.1484446,0.2002995,35,35,-5.31208619034877,0.799482977425116,-5.64664274428153,0.750008900785624,1.43216540596959,11.4595045050746,-1.35555604596207,0.212481467812686,1.43216540596959,8.2823152466808,-5.47936446731515,0.77474593910537,1.43216540596959,11.4874865270195,-1.35141807681469,0.213093388877519,1.43216540596959,8.52807405550657,3.66035893017748,0.0931030793248808,-0.568780107318258,-6.50671472309748,-7.13602502325078,2.21395593384875,8.65588310494211,-3.28400626754108,0.500904946955596,-3.97567775468357,0.528439485008455,4.99290394,0.10980283,-0.863,0.02965835,54.604559314575,-59.6538755003126,1252.39931801801,0.192697765098397,0.171567331132307,9.90935904598492,0.190182374886302,-1.32636311054482,-922.773940732982,-924.025099263299,-939.248605876555,-941.077817943828,1.80036968752252,-969.366067508324,2.20452825515179,1895.1031245948,1915.66364409974,NA,2445.14476053571,0.530638105581117,1.26471344530207
"602",-5.76,0.83,-5.86,0.83,1.359326,9.604077,-1.1484446,0.2002995,35,35,-6.30005031484997,0.883183293706849,-5.55568894532316,0.836274262496191,1.20527433354889,10.9405184760534,-1.47287506170529,0.270631662528628,1.20527433354889,10.6975743150782,-5.92786963008656,0.85972877810152,1.20527433354889,11.0790369381643,-1.48160437938408,0.271181776830908,1.20527433354889,10.8585312564901,2.9107938605471,0.0797410368152853,-0.462410713278796,-6.99601402230732,-6.53112452209237,2.06714550225715,9.73009896035331,-4.61518673181971,0.645998165429661,-4.03699373956186,0.603571782194671,6.78104799,0.15520235,-0.876,0.02411514,90.7524185354861,-131.949593942135,1288.40626853207,0.569010723034598,0.511559436061446,6.8710795335316,0.160849300117443,-1.00847039291479,-898.595609091758,-899.304706710704,-913.17985096036,-914.136474390048,0.935670227108216,-956.24805298902,1.15950242762171,1846.74646131235,1863.52613426735,NA,2444.86294312201,0.474171910357532,0.999952515504506
"603",-5.76,0.83,-5.86,0.83,1.359326,9.604077,-1.1484446,0.2002995,35,35,-4.74553637128879,0.683503756879332,-6.03842124967923,0.86893482425362,1.46240673454363,9.0238691305894,-1.09066260317274,0.188921421850346,1.46240673454363,7.69126031578099,-5.39197881048401,0.776219290566476,1.46240673454363,9.44175695778206,-1.15059785892074,0.197517592037238,1.46240673454363,7.76469195378114,4.17137401741407,0.104615637818728,-0.646904686074111,-6.63113908812808,-6.81927365106514,2.1960825736809,8.37989842089817,-3.14533577756496,0.450687999855525,-4.38263897382321,0.631731081540855,5.03803676,0.12780107,-0.863,0.02880229,58.8441414625959,-68.1330397963544,1241.02628704836,0.22084526679159,0.175009801103179,7.84861048158315,0.157687363340145,-1.07831107672879,-922.681040027945,-923.902782134997,-939.76260249987,-940.351541436189,0.574525581168403,-966.36519952305,0.204473644596409,1894.91732318473,1916.69163734637,NA,2413.91953430037,0.585998390409187,1.00824523808325
"604",-5.76,0.83,-5.86,0.83,1.359326,9.604077,-1.1484446,0.2002995,35,35,-5.99154896837235,0.854797886033851,-5.67896721067673,0.795317370860522,1.25513986049748,10.8001083117823,-1.35447802394551,0.227291571430896,1.25513986049748,9.21829737312706,-5.83525808952454,0.825057628447186,1.25513986049748,10.8245351505933,-1.35912615494089,0.228176054352217,1.25513986049748,9.22577913020603,3.86289146627386,0.0932592014688214,-0.582585206923246,-6.85662558945879,-6.89841334940407,2.02196059512688,9.06675213840314,-4.47752922599937,0.634846170924689,-4.15000823054848,0.59023723256806,6.54116884,0.14257552,-0.888,0.02549825,80.8508245794322,-112.146406030027,1255.52515925818,0.916505528745509,0.893363490200703,6.57806183643593,0.138878970107759,-0.922058962738588,-898.858496674979,-898.967519577539,-913.647996610636,-913.699231306302,0.0497890659072473,-948.599785612357,0.0102089971016946,1847.27223647879,1864.4624255679,NA,2398.90391248633,0.547765021682976,0.882190502025502
"605",-5.76,0.83,-5.86,0.83,1.359326,9.604077,-1.1484446,0.2002995,35,35,-5.51795658514125,0.893346489655659,-5.79624124250092,0.871082309941355,1.11771191023138,8.62652098591589,-1.23592544502696,0.233773612246785,1.11771191023138,8.74083168478357,-5.65709891382109,0.882214399798507,1.11771191023138,8.64588157354635,-1.23437650012116,0.233897535671373,1.11771191023138,8.87401122376048,3.43013922059233,0.0820564995814898,-0.517204930765455,-6.15337060106391,-6.56429947986378,1.85190804465125,7.910194521518,-4.21298943893965,0.676100270150577,-4.40225389540377,0.646393359190227,6.81757171,0.15515818,-0.906,0.02335515,97.727454611695,-145.899666094553,1192.46427138439,0.408284157092318,0.394811657764179,4.73997985813629,0.137050041701119,-0.772868826626858,-869.818376993872,-870.440409967179,-881.887232752451,-882.837809928527,0.929716162181195,-922.804782180955,1.21779359109442,1789.19199711658,1800.94089785153,NA,2239.02887667422,0.474843660624645,0.81099139432956
"606",-5.76,0.83,-5.86,0.83,1.359326,9.604077,-1.1484446,0.2002995,35,35,-5.48487771410175,0.825435962551458,-5.8152012875217,0.791654021438038,1.34768776852962,11.7796116117715,-1.44712027914447,0.227732302144174,1.34768776852962,8.3057921260388,-5.65003950081173,0.808544991994748,1.34768776852962,11.8068900275607,-1.44433053626805,0.228017607030521,1.34768776852962,8.49114551042112,3.62469731896343,0.0882755625168339,-0.547847207186121,-6.52488507731684,-7.05647271414395,2.13196693286741,8.23373240551858,-3.98754153872871,0.598724990400706,-3.94770322969312,0.536500349521822,6.30042907,0.12117757,-0.885,0.02675896,73.3478357700056,-97.1404284111739,1246.42680974143,0.410605080452416,0.380084206614402,7.59657464572726,0.164749603454016,-1.08182081954166,-910.460542103132,-911.402268405757,-924.530110543988,-925.910671326726,1.3544285072444,-958.55612241093,1.70820093953106,1870.4763273351,1886.2266534346,NA,2395.71319107168,0.521665566736508,1.02359355952871
"607",-5.76,0.83,-5.86,0.83,1.359326,9.604077,-1.1484446,0.2002995,35,35,-5.12468294703326,0.805509324102065,-6.42699429790606,0.851077473491287,1.29392981974377,12.7728581152621,-1.47906339433692,0.225419685945985,1.29392981974377,10.0700652749107,-5.77583862246966,0.828293398796676,1.29392981974377,13.1968618289151,-1.49389937388388,0.225938800005674,1.29392981974377,10.7922029634656,2.8734006583918,0.0721617388655655,-0.441019609567882,-6.28340806571732,-7.31423617419063,2.05079735490279,10.3838928361821,-3.68890549380136,0.578182230914434,-4.19928272162165,0.559379269847152,7.17187139,0.13594161,-0.891,0.02614483,75.0181373209437,-100.48103151305,1286.28112972521,0.124337987953212,0.121708874895621,8.63930143344968,0.17111570978755,-1.15360386627205,-908.362896805112,-911.045596991908,-926.709576371127,-931.133149651077,4.43586931081817,-956.372886351116,5.41634000124178,1866.28103673906,1890.58558508888,NA,2472.08122793738,0.422666099195202,1.19741348659613
"608",-5.76,0.83,-5.86,0.83,1.359326,9.604077,-1.1484446,0.2002995,35,35,-7.32078462622883,1.01511731111305,-5.7250159668301,0.702570968040481,1.53051586063439,7.59545359390249,-0.774395148110853,0.132224053869397,1.53051586063439,7.76886036429778,-6.52290029652947,0.858844139576763,1.53051586063439,8.23207299748229,-0.899083062832072,0.156645358011406,1.53051586063439,7.95124849714561,2.51354959663756,0.0652870283061362,-0.388586611718646,-7.23071959852108,-7.49702117358993,2.05372990147628,10.1798548849986,-5.13948131560776,0.716055661519145,-3.96330853426538,0.488916374265733,3.51656888,0.06160444,-0.729,0.02632923,91.3900443335248,-133.224845538212,1365.53930920089,0.0525223322839277,0.0347721817843582,10.5802782628217,0.221315909520314,-1.48603088240663,-926.900462919653,-930.758161788403,-951.537547217746,-952.97857901722,1.41436771922475,-956.089966338145,0.367548740541596,1903.35616896814,1940.24152678212,NA,2597.85377286356,0.393447481061665,1.37492859666406
"609",-5.76,0.83,-5.86,0.83,1.359326,9.604077,-1.1484446,0.2002995,35,35,-5.21841895663218,0.726265965353197,-5.3708685677637,0.750069067719155,1.45846892130687,6.64416921226012,-0.834785316911319,0.17488537940737,1.45846892130687,8.03682797446981,-5.29464376219794,0.738167516536176,1.45846892130687,6.64997943324366,-0.835692510336173,0.175027026327931,1.45846892130687,8.03775921604034,3.33713984830094,0.086113480771692,-0.519935946521165,-6.84925550095287,-6.85989238771236,2.18025602112992,8.99518832973157,-3.95654159571149,0.560447509670652,-4.29053267332652,0.616335789633878,5.03947806,0.14381033,-0.857,0.02548854,81.3207996263664,-113.086356123895,1245.75049137968,0.887742501735751,0.834688581308968,5.14718733186782,0.106582188924118,-0.697824117602372,-920.413067126174,-920.43499926636,-941.831321374052,-941.838534474888,0.00700737327022674,-966.816880769919,0.00061784218375989,1890.38137738119,1920.82907509473,NA,2378.41462663547,0.498097236824437,0.747028280546028
"610",-5.76,0.83,-5.86,0.83,1.359326,9.604077,-1.1484446,0.2002995,35,35,-5.70726335752079,0.828847151815186,-6.00401460588583,0.886692357058416,1.26797725947914,9.32704745934852,-1.09369776628484,0.205596882862423,1.26797725947914,11.3583661611295,-5.85563898170331,0.857769754436801,1.26797725947914,9.34906278520007,-1.09798917550181,0.20643339980483,1.26797725947914,11.3658125640914,2.58001091193552,0.0632796923973429,-0.388923239734393,-6.72694773781539,-6.67907222193421,1.93962565274692,12.6195988939763,-4.00013939990329,0.570204044064947,-4.81097105370327,0.71246951990866,7.22159972,0.14609243,-0.862,0.02455911,83.9739659007854,-118.392688672733,1306.36234571879,0.482270518232934,0.422882753805191,5.64872774262913,0.138762902187647,-0.841995011342835,-906.627283080758,-906.733838127423,-929.451824981894,-929.49399004055,0.0409726815671285,-948.993999066735,0.0103250379844828,1862.80980929035,1896.07008231042,NA,2494.33200276484,0.382303288919636,0.876631575554879
"611",-5.76,0.83,-5.86,0.83,1.359326,9.604077,-1.1484446,0.2002995,35,35,-6.04589774508211,0.81538299083352,-6.59202261419572,0.907066331051709,1.27582746991122,10.3447310564914,-1.12421652851429,0.190725327327255,1.27582746991122,11.530999632156,-6.31896017963892,0.861224660942615,1.27582746991122,10.4192941496575,-1.13673416655843,0.192826786045646,1.27582746991122,11.5456420239978,3.05344674502649,0.0773047541042789,-0.462797013413268,-7.14579811238706,-7.1456973653615,1.9042798603711,13.3403347000272,-4.0997570512255,0.55098459901964,-4.67935069136162,0.65951427374236,4.97280205,0.1079144,-0.833,0.02573155,85.0653442378416,-120.575445346846,1339.25769759963,0.587558358409666,0.569703452756397,9.60178487372838,0.181058076839436,-1.25838947511361,-907.571719073668,-907.85085181595,-931.935035615807,-932.016782411048,0.0794575592104997,-946.293005611501,4.42304569508104e-08,1864.69868127617,1901.03650357824,NA,2557.93994985242,0.481261859612635,1.27610708484946
"612",-5.76,0.83,-5.86,0.83,1.359326,9.604077,-1.1484446,0.2002995,35,35,-5.29994874915799,0.692707367625599,-5.49807799385465,0.805084557423674,1.25667554313902,9.97246239605134,-1.25591884246739,0.23102776569056,1.25667554313902,10.5685102580117,-5.39901337150632,0.748895962524637,1.25667554313902,9.98227619545236,-1.26148514440135,0.234184923887288,1.25667554313902,10.745560123454,2.84460716972559,0.0713015509525643,-0.436043861365258,-7.13071873478764,-6.65933376249177,2.13745305105529,10.0933697212714,-3.94926862891388,0.51821347192929,-4.05728883822704,0.601554630599541,5.44454894,0.12625326,-0.833,0.02535561,81.4059353819486,-113.25662763506,1279.19384376192,0.393372009200329,0.396847156439874,6.33396914620714,0.143964246388576,-0.908770576519568,-904.361038582827,-905.193961891666,-922.635050629017,-923.698247971513,1.04070364995664,-965.607712037166,1.11516301136911,1858.27732029449,1882.43653360466,NA,2445.13105988879,0.418367103397449,0.932573047586373
"613",-5.76,0.83,-5.86,0.83,1.359326,9.604077,-1.1484446,0.2002995,35,35,-5.1779883920199,0.835967172970413,-5.49138917084211,0.778665258723982,1.20430853272455,11.7610494206296,-1.29207598046866,0.194687558575577,1.20430853272455,10.9570711555787,-5.33468878143101,0.807316215847198,1.20430853272455,11.7856044326712,-1.28758636433045,0.195508435919653,1.20430853272455,11.2746428903954,2.96082667594569,0.0695557578558558,-0.442498373870275,-6.1552535287182,-6.81004428461502,1.89365506305556,11.7448251169354,-4.14501472583266,0.673260702106179,-3.90469785232825,0.555684519051166,8.14486093,0.18680542,-0.892,0.02136065,104.857752982395,-160.160262835952,1243.22240459144,0.231932859286258,0.209816673002301,5.37997586186217,0.099206984677571,-0.690312920204567,-892.466448846916,-893.761197046538,-914.519344267782,-916.35423669426,1.80603407695377,-940.793937369754,2.11405989103934,1834.48814082267,1866.20512088219,NA,2326.28454634692,0.404620776540226,0.735532585216262
"614",-5.76,0.83,-5.86,0.83,1.359326,9.604077,-1.1484446,0.2002995,35,35,-6.05871950456528,0.91697123345603,-5.16616778220573,0.754731621309392,1.37950449567874,9.12307808504942,-0.992432313607259,0.155972260008814,1.37950449567874,8.1952407846957,-5.61244364338551,0.835851427382711,1.37950449567874,9.32224022932117,-1.02863412492137,0.162552682946187,1.37950449567874,8.24112160166261,3.01760958485594,0.0803295684462404,-0.473903350180013,-6.55338341029586,-6.62741331439188,1.94102418520824,9.93092053900732,-4.289027780292,0.648179477797165,-3.63540246747313,0.523340919964396,5.76244595,0.09995507,-0.879,0.03014036,51.7247597461612,-53.8942763634851,1233.24304259643,0.418446404642877,0.363584702023205,7.00141875850896,0.164914861097254,-1.03525685584047,-908.132539281826,-909.144239545206,-929.410375893196,-929.758781261945,0.33929460106611,-941.473586719616,0.0307378616072134,1865.82032169249,1895.98718413302,NA,2412.59180882938,0.475246912607112,1.00595037246481
"615",-5.76,0.83,-5.86,0.83,1.359326,9.604077,-1.1484446,0.2002995,35,35,-6.87650535094182,1.02521961083348,-4.80224403601796,0.724545667494073,1.41490656399655,6.66761804001804,-0.838327710242708,0.159916396270905,1.41490656399655,6.82950831244636,-5.83937469347989,0.874882639163778,1.41490656399655,7.74325804066545,-0.994246792511345,0.182517601321723,1.41490656399655,7.02100937759399,3.76981465279556,0.103985243441023,-0.616210072425377,-6.72625343566992,-6.44332966982215,2.00213062714204,7.93945106755597,-5.18408784157592,0.766574558025448,-3.66919095292183,0.56352211403993,3.41906097,0.07322835,-0.784,0.02952234,64.415949223352,-79.2766553178665,1230.57043048307,0.072809687612905,0.0515388659156468,7.96347027604896,0.191152285099513,-1.20295921541985,-906.932487797871,-910.665351946257,-924.363417777192,-926.0549368952,1.66320436870062,-942.028399897772,0.532209424540097,1863.42021872458,1885.89326790101,NA,2381.86420564827,0.559567758083934,1.10432041801086
"616",-5.76,0.83,-5.86,0.83,1.359326,9.604077,-1.1484446,0.2002995,35,35,-7.3095303595384,1.06258046725375,-6.76225280385289,0.952660661386291,1.45288616594425,7.70455165448696,-0.973801002779744,0.176210748149569,1.45288616594425,6.7532478648762,-7.03589158169565,1.00762056432002,1.45288616594425,7.77942983522624,-0.988840163448886,0.179231339080054,1.45288616594425,6.77870182918959,2.92591768023053,0.0812553311325006,-0.473804419009341,-6.93669212957636,-7.04428833332157,1.98415738885394,8.04333295001061,-5.18838430126909,0.751608438891036,-5.37697660727739,0.755965494117721,5.68146721,0.10973595,-0.869,0.02815524,72.6649308395807,-95.7746185503241,1316.27721381811,0.868923942192818,0.852504528835832,7.18812225771363,0.170611746688985,-1.07604564546984,-914.700601351438,-915.127346187018,-930.16795886878,-930.397392923377,0.223244452321928,-940.223466136885,0.0767778982545332,1878.95644583171,1897.50235008419,NA,2536.7798090859,0.459955874380047,1.00334211933021
"617",-5.76,0.83,-5.86,0.83,1.359326,9.604077,-1.1484446,0.2002995,35,35,-5.55490583204168,0.824504800187038,-4.83753216551897,0.675184396056454,1.24718341712931,8.76799470398064,-1.01580646705525,0.164708497169751,1.24718341712931,8.21912480485341,-5.19621899878032,0.749844598121746,1.24718341712931,8.8966509483357,-1.0425860985047,0.170282642942181,1.24718341712931,8.27966914043026,2.67768350864547,0.0576155033316873,-0.377090717796825,-6.60046081966726,-6.77269948134152,1.93719634681327,8.71522883641015,-3.99502817742135,0.597482331487295,-3.49572210826702,0.493267199359458,5.09210876,0.12225509,-0.87,0.02697037,71.0224409462211,-92.4896387636048,1192.74760651144,0.577672195403247,0.549728895299248,6.32425461696727,0.126439264761951,-0.865538226627413,-886.615721030739,-887.556607171253,-904.886985871429,-905.345190729054,0.446573281778184,-936.863421288785,0.187577857025262,1822.78668519032,1846.94040408949,NA,2293.00557425928,0.36964131157347,0.815243246743512
"618",-5.76,0.83,-5.86,0.83,1.359326,9.604077,-1.1484446,0.2002995,35,35,-7.05814005939319,0.991717932428205,-5.32264456898013,0.794742029566943,1.55581931978974,9.33033925270664,-1.08559955680122,0.170369075233214,1.55581931978974,6.46722891509322,-6.19039231418666,0.893229980997574,1.55581931978974,10.0833254020177,-1.17106225458517,0.180068951810216,1.55581931978974,6.70026129953508,3.11200941092361,0.0848582047989934,-0.495080536703833,-7.10748247483687,-6.54551844225365,2.12318052856024,7.78421209002852,-5.11754302587107,0.70791631455384,-3.4884975622558,0.520043370499382,5.20416601,0.08461546,-0.887,0.03146314,52.7335033399488,-55.9117635510602,1268.44023933222,0.0848626438132643,0.0595711548836656,9.89764962733956,0.221951633790177,-1.43733283540231,-928.077564800245,-930.183296705068,-944.307122717927,-946.458243354064,2.12209941897143,-955.797569673321,2.01499636140705,1905.71037272933,1925.78067778248,NA,2480.96871511339,0.497999416034056,1.34389083031756
"619",-5.76,0.83,-5.86,0.83,1.359326,9.604077,-1.1484446,0.2002995,35,35,-7.15136696966383,0.966138112969688,-5.05365809356246,0.701518432210967,1.37198578384443,11.6541901293842,-1.63882545140692,0.302867218619789,1.37198578384443,9.30167474832509,-6.10251253161314,0.833828272590327,1.37198578384443,12.7542857616028,-1.77759921468659,0.320373112481001,1.37198578384443,9.58833190302457,2.7176703060137,0.0753336292691552,-0.435089706201813,-7.35310733015625,-6.83193403643003,2.40313998434884,7.95111047551701,-5.7145814270172,0.781011142476801,-3.66758331261444,0.516432014237844,7.6435047,0.1876047,-0.903,0.0242924,90.5028337953385,-131.45042446184,1325.11290308978,0.0492908041842574,0.0256743560735497,8.4630033906657,0.177192753984529,-1.17486350516885,-924.062023203947,-926.749568708744,-936.024830863337,-937.946061505017,1.8921861731981,-986.802268490406,1.50264116129412,1897.67928953673,1909.2160940733,NA,2518.77538171771,0.443981254870973,1.15478706684316
"620",-5.76,0.83,-5.86,0.83,1.359326,9.604077,-1.1484446,0.2002995,35,35,-6.12971098689183,0.850062707717694,-5.38039216841391,0.801666462773987,1.4435979710297,7.95144737470006,-0.990071610015959,0.163936898219733,1.4435979710297,5.79342447579422,-5.75505157765287,0.82586458524584,1.4435979710297,8.09181704763136,-0.999137664285957,0.164522447350896,1.4435979710297,5.92583689628704,3.115556958979,0.0841698198272046,-0.493868731972827,-7.02299857506473,-6.56201206047415,2.02096533304253,6.54870846410309,-4.35809968667933,0.607223689465705,-3.71686947291777,0.554828139555095,3.74581441,0.08329665,-0.874,0.03297637,45.9156906484608,-42.2761381680842,1202.68724355605,0.383302527720969,0.335694315603237,8.03580807674956,0.169202575873828,-1.12824361264157,-906.41334644532,-907.328612976538,-919.345696286357,-920.696958137311,1.32540585761923,-938.404003021728,1.65764636868543,1862.38193601948,1875.85782491934,NA,2363.09834894401,0.492844786412369,1.06347159787632
"621",-5.76,0.83,-5.86,0.83,1.359326,9.604077,-1.1484446,0.2002995,35,35,-5.91503561212597,0.82478577405017,-6.2444428170299,0.917256698440504,1.22457166972375,10.5554187805339,-1.22019453553956,0.191879214707695,1.22457166972375,9.47261408785291,-6.07973921457794,0.871021236245337,1.22457166972375,10.5825460571946,-1.22780968272413,0.194016932672096,1.22457166972375,9.52319265333356,2.78230927362472,0.0699522817814422,-0.427886576989916,-6.95891663018257,-6.73740599625271,1.84877800537981,10.3658302943958,-3.75042376339401,0.5237430108174,-4.5139041373864,0.660801034227205,5.8765152,0.11862765,-0.862,0.02721095,69.3827676270414,-89.2102921252454,1269.10525930767,0.446246235563425,0.400746534955156,8.37931762962339,0.177596565146397,-1.19093843714298,-890.731877829808,-891.197554111686,-909.328163761361,-909.665422193586,0.328412984936888,-930.909880568065,0.27787545598034,1831.01899878845,1855.82275986935,NA,2449.0002264901,0.407287884384857,1.07243082895238
"622",-5.76,0.83,-5.86,0.83,1.359326,9.604077,-1.1484446,0.2002995,35,35,-6.06188923800669,0.81316905377267,-5.40032240118635,0.831371312679278,1.22262202660019,7.36597742441144,-0.84261195851231,0.150310500937339,1.22262202660019,8.71075140295226,-5.73110581959652,0.822270183225974,1.22262202660019,7.47539509430656,-0.839601455800352,0.150393331494665,1.22262202660019,9.13568968521212,2.80648034633221,0.0679897733000327,-0.418452444793737,-7.1749796694201,-6.40496848422932,1.76186962512623,10.2665149235669,-4.71452701509615,0.646105755652149,-3.96756756229611,0.617520769635254,2.81321438,0.05312757,-0.689,0.02566932,94.7672419040066,-139.979240679176,1237.64144121632,0.17623975571873,0.141880959303981,7.63573798661238,0.16500195537816,-1.08048231831835,-882.473368191137,-884.257235648483,-903.650687621132,-906.648729078985,2.97565059536852,-918.806113254935,3.55449300849787,1814.50197951111,1844.46780758889,NA,2335.30364175347,0.419958102534773,1.0456556063068
"623",-5.76,0.83,-5.86,0.83,1.359326,9.604077,-1.1484446,0.2002995,35,35,-5.77681931274816,0.824260348801893,-7.01365132299058,0.963502391389994,1.53451070670026,9.95651115685282,-1.11888364002231,0.18594510690849,1.53451070670026,8.4319076206779,-6.39523531786937,0.893881370095944,1.53451070670026,10.3389495122429,-1.16193839388344,0.190792193514517,1.53451070670026,8.5545653929776,1.96043634667539,0.0559406329419761,-0.313769252350737,-6.8238306784698,-7.23109463060964,2.13323615784808,10.300321911529,-3.55502334431141,0.50388583212776,-4.59898210007846,0.632101572727999,4.5463304,0.1016944,-0.826,0.0287445,62.8750595505279,-76.1948759722184,1330.49460523895,0.332205512053622,0.279888063527518,11.8501162475749,0.235888648029239,-1.62954506705994,-936.794250732087,-937.812273952834,-957.278602328108,-958.183052933999,0.884309818524335,-965.77081039191,0.818783632530997,1923.14374459301,1951.72363700284,NA,2584.79433450569,0.345983528970356,1.48186143930742
"624",-5.76,0.83,-5.86,0.83,1.359326,9.604077,-1.1484446,0.2002995,35,35,-5.65287330072713,0.808850758308613,-5.88168055423078,0.871308550589303,1.33428432141651,13.9207125676319,-1.73237663398483,0.266664436911425,1.33428432141651,8.97392507787772,-5.76727692747896,0.840079654448958,1.33428432141651,13.9338007574458,-1.73594933296274,0.26763968086557,1.33428432141651,8.99388903788271,2.93759355121956,0.0829294761090546,-0.479260924399044,-6.79169101907089,-6.64839090835741,2.20313800120103,8.32339760365731,-4.26454856511025,0.615639408275731,-3.51302844623369,0.516505272915294,7.31592288,0.15342798,-0.913,0.02889642,54.4079271961349,-59.2606112634324,1249.2548459035,0.64440247760789,0.570426296532966,8.71031337359088,0.187025040163582,-1.2378574691546,-913.953987685175,-914.140907822645,-926.934864468263,-927.07483749264,0.136109833364461,-966.939593713366,0.118966341519102,1877.46321849919,1891.03616128315,NA,2439.24908054356,0.469685740294922,1.15358981850977
"625",-5.76,0.83,-5.86,0.83,1.359326,9.604077,-1.1484446,0.2002995,35,35,-5.67129973838663,0.914832733740635,-5.42323029255138,0.79822203808534,1.24693267981157,9.77612800732943,-1.37335980848628,0.240017008806605,1.24693267981157,7.13181629717153,-5.547265015469,0.856527385912987,1.24693267981157,9.79151261981867,-1.3805916961487,0.243416522391908,1.24693267981157,7.29605352848605,2.81212175505129,0.0679907090338245,-0.424343725053774,-6.17870427204236,-6.62537117559345,2.02922141887104,6.27638937326433,-4.1800817068909,0.667771609279496,-3.79126895374507,0.557747866644704,5.61164184,0.13875137,-0.905,0.02921226,57.5452870949515,-65.5353310610656,1181.91354377747,0.376173059195878,0.361305812604053,6.49465589980088,0.161207526943617,-0.992452054500142,-887.715034859212,-888.834884015919,-896.05301913131,-897.452712379889,1.37338711565235,-938.116882944802,1.60793741411414,1824.98531284726,1829.27247060925,NA,2298.29175649387,0.399466469475919,0.941806668495832
"626",-5.76,0.83,-5.86,0.83,1.359326,9.604077,-1.1484446,0.2002995,35,35,-5.57033916172683,0.76029245853371,-5.82755372003019,0.762093874315498,1.43241170483736,12.2493344458813,-1.51808648298454,0.238873086705134,1.43241170483736,7.9314688117103,-5.69894644087851,0.761193166424604,1.43241170483736,12.2658742781321,-1.5182023205757,0.238873897979839,1.43241170483736,7.96858558312805,2.81921014840972,0.0714531092122756,-0.432650215009522,-6.9984546647073,-7.2449368539348,2.30923167577366,7.62091507067172,-3.96225800715253,0.544541038219157,-4.45632621889327,0.589087066726731,7.47815851,0.15709444,-0.898,0.02611253,76.9786321692055,-104.402021209574,1287.0935882095,0.743358893351206,0.73839668207312,7.02500489261081,0.139373960942805,-0.960288984728622,-923.297039164285,-923.484598779971,-936.593626603176,-936.883924907939,0.282589628829911,-975.720715543628,0.363159303100589,1896.14932145741,1910.35368555298,NA,2469.78515520943,0.425251403326413,0.892882682741603
"627",-5.76,0.83,-5.86,0.83,1.359326,9.604077,-1.1484446,0.2002995,35,35,-5.34270929960952,0.781076402841794,-5.77030528083215,0.834161586647549,1.4812136471087,8.96405153587723,-1.09627396650836,0.195745884151784,1.4812136471087,7.90760413801251,-5.55650729022083,0.807618994744671,1.4812136471087,9.00976111666667,-1.10194871932281,0.196450393336707,1.4812136471087,7.91915381248279,3.19229290301721,0.0816045894368878,-0.4953560117066,-6.64699944065981,-6.75832763361084,2.17300591152739,8.8603989787049,-4.39470004515442,0.646997986401103,-4.20738920908651,0.613001393001444,5.47467735,0.11081546,-0.843,0.02654517,76.2853397948222,-103.015436460807,1257.17306897309,0.950323116800955,0.93645596089817,6.25491793097203,0.14849235003195,-0.929049604122685,-927.151328232696,-927.284094832252,-944.614389906872,-944.705093704869,0.0881693721242115,-965.525611716521,0.068833822106896,1903.85789959423,1926.39521216037,NA,2411.33070148538,0.471873702567597,0.901281082423572
"628",-5.76,0.83,-5.86,0.83,1.359326,9.604077,-1.1484446,0.2002995,35,35,-5.73264647983614,0.791504579528727,-6.42261872856775,0.878643619986527,1.44190119420923,10.2933246458586,-1.24336373719195,0.221426474461707,1.44190119420923,9.46644147678236,-6.07763260420194,0.835074099757627,1.44190119420923,10.4123400718635,-1.2583946171162,0.223324777554684,1.44190119420923,9.49585218692947,3.28406278777382,0.0812600998823951,-0.497526686646411,-6.97480824268302,-7.14562863732025,2.18425902204211,10.3560048085846,-3.80024712069556,0.522366155106468,-4.44196587964531,0.613334482937282,5.6055714,0.14903428,-0.871,0.02561863,81.2436974039342,-112.932151679031,1318.68045441624,0.692059218835952,0.652900043617566,9.67657789027803,0.180230727669802,-1.27206326398761,-930.406442995359,-930.716835943013,-949.312884058895,-949.509308276035,0.191080062353536,-971.733793860226,0.139989898008945,1910.36812911955,1935.79220046442,NA,2524.42875715344,0.488553119551661,1.23580709083161
"629",-5.76,0.83,-5.86,0.83,1.359326,9.604077,-1.1484446,0.2002995,35,35,-6.40956219643539,0.889863467370363,-5.5528415302738,0.833889471057414,1.47273390623793,9.85449857285506,-1.04759390567241,0.160800380662733,1.47273390623793,8.28907241958489,-5.9812018633546,0.861876469213888,1.47273390623793,10.0379911478121,-1.05958242552464,0.161583652728544,1.47273390623793,8.45646347084435,3.23875691468162,0.0779879446871512,-0.485306352084026,-7.06572715783281,-6.54248507732321,2.00807168427395,10.4682276840969,-4.09315840849299,0.567029426625073,-4.43725606759794,0.666348078875009,4.57311715,0.06684266,-0.824,0.03004864,58.7633350061225,-67.9714268834076,1280.75827841812,0.351691294102753,0.312629691902579,8.948699046656,0.198163527477567,-1.28331309724528,-923.768294590412,-924.550816513805,-946.143106363723,-947.393290419701,1.22537439385708,-951.473045959638,1.41474044753102,1897.09183230966,1929.45264507407,NA,2493.54512995284,0.467996403717066,1.23679028172189
"630",-5.76,0.83,-5.86,0.83,1.359326,9.604077,-1.1484446,0.2002995,35,35,-6.13053925978035,0.881015721095458,-5.98467750567225,0.866772275289251,1.31308407508622,9.63639037792653,-1.24643280488021,0.219581739779623,1.31308407508622,8.35958461826585,-6.0576083827263,0.873893998192354,1.31308407508622,9.64170929075442,-1.24695219837767,0.219632458716732,1.31308407508622,8.36240779311781,2.99948040356102,0.081313283724467,-0.476600472905997,-6.839416803954,-6.77841381418548,2.01102302722152,8.62831597023531,-4.37416900321127,0.639327221072693,-4.34206553818381,0.635733383313439,5.78236505,0.15182139,-0.886,0.02558123,82.2580303587949,-114.960817588753,1259.34221678919,0.998788900835277,0.998631248685831,6.79337296790355,0.136534393524361,-0.930038153099535,-904.316307550247,-904.335370655459,-918.5607084393,-918.581819679685,0.0205111549030171,-945.712345605856,0.0228708246761839,1858.18785822933,1874.28784922523,NA,2403.72361598964,0.474620918062831,0.885963694752043
"631",-5.76,0.83,-5.86,0.83,1.359326,9.604077,-1.1484446,0.2002995,35,35,-5.54119722675483,0.708106034560616,-7.10838192534222,1.04275728046947,1.51189920788916,10.7448515231553,-1.28695928207346,0.223972371917505,1.51189920788916,9.09505927889505,-6.32478957604852,0.875431657515043,1.51189920788916,11.3588684930269,-1.41807436006135,0.251970236014592,1.51189920788916,9.36499460548498,3.0206678569976,0.0798194450145269,-0.473975447524166,-7.28022593949583,-6.85364511259859,2.30451944028318,9.86190410921931,-3.7256815638932,0.477985319847154,-4.95091905381852,0.720204139906566,4.66566385,0.08131279,-0.804,0.02693746,77.6761782467123,-105.797113364587,1344.56371605452,0.0389514509539241,0.0246775633685643,11.673414337691,0.276057009708489,-1.73974648553011,-939.880148496388,-943.2309230664,-958.397930391102,-960.245097501747,1.8182758219647,-983.307719761094,0.865093969080853,1929.31554012161,1953.96229312883,NA,2583.33031874444,0.467884911605171,1.64269414857461
"632",-5.76,0.83,-5.86,0.83,1.359326,9.604077,-1.1484446,0.2002995,35,35,-5.79656862773745,0.823528891489487,-6.15101145678829,0.7568387836911,1.29201961163812,6.21300662467675,-0.685017790988276,0.133167536506533,1.29201961163812,8.44012507508853,-5.97379004226287,0.790183837590293,1.29201961163812,6.24441405444312,-0.679108333368833,0.134279429126073,1.29201961163812,8.8305149637046,2.79074939505902,0.0648429609956658,-0.409923831378223,-6.84793782684733,-7.59970306077424,1.82036567462336,10.390029019314,-4.50761965769133,0.640268782509876,-4.45442599999313,0.552260492255894,4.50364188,0.08888851,-0.81,0.02288699,115.264997523436,-180.974751918034,1302.91703306949,0.210234195655665,0.181043279067133,5.93410866292157,0.126356880342548,-0.816257790937738,-890.955279405825,-892.649662155641,-915.198340549006,-918.034886862037,2.81209329481725,-927.189885906124,3.24360505141858,1831.46580194049,1867.56311344464,NA,2424.85931422095,0.397166096081257,0.871883977422923
"633",-5.76,0.83,-5.86,0.83,1.359326,9.604077,-1.1484446,0.2002995,35,35,-4.77585403395987,0.719646082823665,-6.43894163978115,0.837849251625653,1.38604987870199,9.39887859190669,-1.13454378243098,0.178950239915226,1.38604987870199,6.78394154163144,-5.60739783687051,0.778747667224659,1.38604987870199,10.0903436880658,-1.18368933868183,0.182443237193933,1.38604987870199,7.38676513320779,2.5177612541643,0.054908600528883,-0.359860987039594,-6.44613012536575,-7.40499383887667,2.07172308824053,7.21066075811955,-3.10188945539753,0.471028937891153,-4.49903748187044,0.584428292561186,3.82218638,0.08365929,-0.832,0.02710452,80.1176538448399,-110.680064560842,1229.71254555417,0.0220041598564832,0.0176732921361823,9.98941285382538,0.187076857823349,-1.32959774169195,-904.495123585716,-907.918250922545,-918.906462177135,-924.127905617715,5.26622714314475,-947.423314696664,6.43207225398832,1858.54549030027,1874.9793567009,NA,2348.74502654749,0.339125636108316,1.22962475343431
"634",-5.76,0.83,-5.86,0.83,1.359326,9.604077,-1.1484446,0.2002995,35,35,-5.90898257445753,0.89918717466351,-4.95558423422696,0.775941191264616,1.34622603270657,5.60111439001126,-0.484421743114426,0.095983566911848,1.34622603270657,9.04670712979818,-5.43228340434224,0.837564182964063,1.34622603270657,5.82835648879987,-0.513797372117575,0.0997809600178381,1.34622603270657,9.10299286771833,2.33612296419522,0.0624698556708761,-0.367223720308399,-6.50959930049637,-6.29046863701634,1.72008276389804,12.9513854284767,-4.16335937474291,0.622316524969452,-3.52871084778953,0.551083204030405,1.779401,8.786348e-09,0.001,0.03118227,64.2883548819543,-79.0214666350713,1238.711759453,0.496107886663612,1,9.32755251931514,0.239074329888797,-1.45447693017905,-897.140537511192,-898.106615721811,-929.626787363098,-930.017861364482,0.380963646010751,-920.406379884681,0.238114908576142,1843.83631815122,1896.42000707282,NA,2398.40205227094,0.371080820676499,1.36188030917373
"635",-5.76,0.83,-5.86,0.83,1.359326,9.604077,-1.1484446,0.2002995,35,35,-5.48197253890183,0.772363994977496,-5.42340883064497,0.675664891938335,1.32220490273259,8.26182047243416,-1.14020643636597,0.217978107653264,1.32220490273259,7.85237609394391,-5.4526906847734,0.724014443457916,1.32220490273259,8.26267789941537,-1.14162220088074,0.220315786785408,1.32220490273259,8.04535061545816,3.04006937320821,0.0828622854087456,-0.488073037875777,-6.83816895149945,-7.3557134763411,2.20074712515303,7.2752000700552,-3.8031354265631,0.536553114396174,-4.03076353890749,0.499240856788309,5.33478216,0.14945701,-0.906,0.02711877,77.0862793662658,-104.617315603694,1251.49543354562,0.228420613861352,0.209623058027804,6.17118680247126,0.125191049948209,-0.826691830692582,-902.242255017466,-903.259666342975,-916.35657220342,-917.86612033976,1.48234409877214,-962.499331460436,1.75022447481301,1854.03975316377,1869.87957675347,NA,2398.37355148754,0.469090639813299,0.892262202992194
"636",-5.76,0.83,-5.86,0.83,1.359326,9.604077,-1.1484446,0.2002995,35,35,-6.08699239694848,0.886832929977171,-6.39038189532466,0.865485826256977,1.30292219846374,8.1484924094446,-0.978219100526615,0.175008742498859,1.30292219846374,8.45885324716665,-6.23868714613657,0.876159378117074,1.30292219846374,8.17150370637584,-0.976599978754251,0.175122667208169,1.30292219846374,8.58413276884642,2.78741949541464,0.0727166889814988,-0.437857622486398,-6.76121251592294,-7.19178253427801,1.86729169081337,9.83593811274853,-4.26325457725249,0.629057290611392,-4.5639416462951,0.616219959280758,4.38910488,0.10169828,-0.822,0.02458022,96.7245259536121,-143.893808778387,1280.42837453094,0.472788458095661,0.44498609006604,7.86771136701464,0.160911324654352,-1.09008399112165,-898.611840629547,-899.173400562064,-917.395810854166,-918.31685265191,0.900638507820817,-931.680095134528,1.09032470308896,1846.77892438793,1871.95805405496,NA,2416.96294028349,0.415011138366761,1.02105677189673
"637",-5.76,0.83,-5.86,0.83,1.359326,9.604077,-1.1484446,0.2002995,35,35,-5.73515791184755,0.808483724618988,-6.83869723017497,0.945886441547605,1.51437466649757,6.94785784173304,-0.801153417771563,0.156424397469221,1.51437466649757,7.74538893966359,-6.28692757101126,0.877185083083297,1.51437466649757,7.25230759850669,-0.8390607429155,0.161144274124062,1.51437466649757,7.82000362708537,2.9073699491962,0.080260767862785,-0.461674757361857,-6.87616232193685,-7.16109180847894,2.03657364083214,9.89678800567792,-4.08286589070443,0.581835282592897,-4.51272023093398,0.625996867206864,4.45564496,0.11407095,-0.849,0.02947367,59.5618556551445,-69.5684681814517,1306.32461538897,0.779489995657174,0.832775849360283,8.38430779734177,0.16409220541379,-1.1243767232287,-926.620408098922,-927.65323144609,-948.752377219553,-949.347076087204,0.580168449875269,-953.137121575599,0.435334546008193,1902.79605932668,1934.67118678573,NA,2543.08076259649,0.484086704372469,1.1124255812154
"638",-5.76,0.83,-5.86,0.83,1.359326,9.604077,-1.1484446,0.2002995,35,35,-5.90223756505222,0.831408107222494,-5.52876159982816,0.780077037273194,1.43921280551596,5.42909935067076,-0.528270953423509,0.0893463912820665,1.43921280551596,6.15935100714781,-5.71549958244019,0.805742572247844,1.43921280551596,5.46397042482076,-0.533063683647333,0.0900051109676015,1.43921280551596,6.16620284648942,2.89020445529836,0.0712762726782143,-0.435778876403093,-6.90666443572803,-6.83900570233052,1.81773570852394,8.6713381085955,-4.12127221984925,0.581783856932921,-3.858439700382,0.544424329845061,3.39626264,0.06941611,-0.81,0.02982389,64.2453471406409,-78.9354511524444,1218.51398251416,0.917752540137167,0.909049222933627,6.58141932204156,0.134424910381766,-0.912062664627086,-898.105319779052,-898.256902310116,-922.272828561515,-922.33978985256,0.0650792334059814,-921.110659505202,0.0309868466467938,1845.76588268694,1881.71208946966,NA,2358.09251387587,0.434073950671094,0.850534928305455
"639",-5.76,0.83,-5.86,0.83,1.359326,9.604077,-1.1484446,0.2002995,35,35,-5.57288100453314,0.792963373860897,-4.87870343992044,0.671723822210541,1.45334737535,8.59242974223706,-0.889878925271384,0.16519241442623,1.45334737535,10.2882521746021,-5.22579222222679,0.732343598035719,1.45334737535,8.71290036503996,-0.910919369446228,0.168867171647324,1.45334737535,10.3112059909593,2.47737927785986,0.0661042945167929,-0.389100848569121,-6.80635164824088,-6.83448795922489,2.16601919960475,12.1213806269349,-3.85547633939707,0.549220447773945,-3.14773482950673,0.431373388410864,4.3846578,0.07601473,-0.821,0.0325058,39.6360357836631,-29.7168284384889,1283.79568342825,0.479710467232309,0.428259063206033,8.56308411461704,0.202080187998317,-1.23281643614673,-929.324184842551,-929.841902360309,-956.541270568724,-956.68346580949,0.138272913126497,-974.736684667103,0.00331466342913203,1908.20361281394,1950.24897348408,NA,2537.87453841801,0.392493470033484,1.36305823146029
"640",-5.76,0.83,-5.86,0.83,1.359326,9.604077,-1.1484446,0.2002995,35,35,-4.61202331477836,0.563979315563074,-5.68348765315202,0.805033974790862,1.50951304741043,6.77573100861285,-0.804049284400446,0.163742666290288,1.50951304741043,7.93661397183758,-5.14775548396519,0.684506645176968,1.50951304741043,7.06273996571448,-0.868619652140794,0.178269503474144,1.50951304741043,8.09925157856691,3.84862805161153,0.10590665508268,-0.623290221014772,-7.20972172366259,-6.84504478002618,2.33270778098814,8.67079533817101,-2.90812579282186,0.338325486622563,-3.613246209045,0.50527175013182,2.67447098,0.07063814,-0.746,0.03027843,59.7467715102408,-69.9382998916443,1269.77883225401,0.157309254625943,0.132017529822946,9.56669237407422,0.214592955587201,-1.37644946644856,-927.119578218155,-929.211597501407,-949.478697812797,-950.741175738554,1.23753328637072,-982.221034655677,0.701521593478361,1903.79439956515,1936.12382797222,NA,2469.61936461638,0.589293847965406,1.34865046341205
"641",-5.76,0.83,-5.86,0.83,1.359326,9.604077,-1.1484446,0.2002995,35,35,-5.73474483644971,0.767810048709137,-5.49341561280096,0.808659510817153,1.43664604968048,9.70505473807987,-0.942873122399777,0.152895914071592,1.43664604968048,10.4406993058445,-5.61408022462533,0.788234779763145,1.43664604968048,9.71961468662659,-0.940408580155526,0.15331308371022,1.43664604968048,10.5863688619222,2.27789830624949,0.0578269851566273,-0.34549003198979,-7.11807248249039,-6.63337273420976,2.02382755204423,13.189674179319,-3.97903931919772,0.537155263044865,-3.68574150306687,0.556124778762435,4.18786082,0.08497496,-0.742,0.02599842,81.5704511922776,-113.585659255718,1321.65944343276,0.510593743335704,0.494286674908176,8.82094300966499,0.173797595162339,-1.19010538840524,-926.010806004468,-926.581841108597,-954.648538995121,-955.534192772267,0.865815065013022,-960.840573634857,0.97352390994309,1901.57685513777,1946.46351033687,NA,2529.7332276098,0.360609046116961,1.1615315554955
"642",-5.76,0.83,-5.86,0.83,1.359326,9.604077,-1.1484446,0.2002995,35,35,-6.93004488306689,1.04307312336866,-5.72554767454076,0.807452206074644,1.26070691796153,6.27028176629494,-0.786469066497344,0.153402330169338,1.26070691796153,7.58939507535263,-6.32779627880383,0.925262664721653,1.26070691796153,6.63298514763176,-0.857420250785097,0.167281634335957,1.26070691796153,7.71482236931915,3.16893046160796,0.0842615601735756,-0.500314106534913,-6.67342636006049,-6.8726976051914,1.77294811909979,8.96607710698974,-5.6343370768064,0.852464226444588,-4.71156073107246,0.664498974083703,5.42074492,0.11798832,-0.862,0.02213406,119.07399951094,-188.592755893043,1252.03781113787,0.1797846035939,0.141487949570423,4.82513261303868,0.124797156927711,-0.748094054895712,-883.733551609493,-885.849189664069,-902.576652440248,-903.59144139243,0.992975164711833,-916.049149988622,0.267433593588821,1817.02234634782,1842.31973722712,NA,2315.4828663827,0.487499678405871,0.738704543582577
"643",-5.76,0.83,-5.86,0.83,1.359326,9.604077,-1.1484446,0.2002995,35,35,-6.53598512562806,0.943182441593847,-5.5386567421972,0.836473482530318,1.58351410484623,8.34643221043371,-0.899736455642539,0.142995443523498,1.58351410484623,6.7731823293952,-6.03732093391263,0.889827962062083,1.58351410484623,8.59509818653292,-0.926342424052644,0.145842144009603,1.58351410484623,6.86140774850791,3.33295122357898,0.0829925919785066,-0.512608240533466,-6.87448943594295,-6.51290541755521,2.05164124344454,8.98811321515153,-4.08245796990405,0.594518299370335,-4.03983856266152,0.619535520324699,3.82258419,0.0561409,-0.831,0.03216682,50.4532453625515,-51.3512475962655,1253.41211877753,0.732658338111394,0.72033245628578,9.89112778661212,0.221883081104097,-1.43252576647076,-930.905953173601,-931.672716899747,-951.440847655681,-952.230870913115,0.771798247543572,-951.895550483326,0.759242547654865,1911.36714947604,1940.04812765799,NA,2455.4729899588,0.474978728222512,1.35889925616536
"644",-5.76,0.83,-5.86,0.83,1.359326,9.604077,-1.1484446,0.2002995,35,35,-6.11639510404318,0.849158553677959,-5.91138981315786,0.841734340083928,1.37134545641327,8.16098862919702,-0.906213034306454,0.153628457487539,1.37134545641327,8.18302501208463,-6.01389245860052,0.845446446880943,1.37134545641327,8.17149542151977,-0.906593535073315,0.153642237224411,1.37134545641327,8.19960702617326,2.46053179947186,0.0643750155704591,-0.385390945896216,-7.01506940801704,-6.85429566056259,1.89740033064698,10.1117606976226,-4.38726421104759,0.623230732093242,-4.22926031316249,0.598684666101112,5.49025845,0.13902488,-0.868,0.02377786,97.0676680149288,-144.58009290102,1267.91437337781,0.976050665246109,0.965658492159987,7.46314062074624,0.141009462033553,-0.99628989011343,-906.644443060985,-906.721821230068,-927.86397234228,-927.990259078436,0.12278927222164,-936.47877575956,0.145893310531238,1862.84412925081,1892.89437703119,NA,2391.2486538546,0.37354164619495,0.927236013925726
"645",-5.76,0.83,-5.86,0.83,1.359326,9.604077,-1.1484446,0.2002995,35,35,-6.40014803964495,0.896708790379343,-5.80071326313464,0.814731670430305,1.52334019425122,5.1345842586522,-0.601286261739357,0.112724665400097,1.52334019425122,5.18656895972679,-6.1004306513898,0.855720230404824,1.52334019425122,5.2244147714747,-0.61357124588326,0.114404727448881,1.52334019425122,5.20345490050657,2.3723567967578,0.0672923661069145,-0.386300256007021,-7.01553033791782,-6.90449402885988,1.92402881687655,6.96297875811006,-4.60709224622726,0.638159128234531,-4.36360022625955,0.626716434676533,3.25784818,0.06127741,-0.828,0.03151113,59.7534917323782,-69.951740335919,1229.58141494123,0.805238372255846,0.790933808462587,6.90226674121292,0.155915252801038,-1.00343112050008,-908.181207210221,-908.554929833226,-925.968354377131,-926.159155718557,0.185602711373693,-928.231217150608,0.0957612631183549,1865.91765754928,1889.10314110089,NA,2389.21108954654,0.38721380108354,0.951065015739543
"646",-5.76,0.83,-5.86,0.83,1.359326,9.604077,-1.1484446,0.2002995,35,35,-6.16781964055668,0.959572935983047,-6.02997954428227,0.886313194054902,1.16837064992615,9.30035503822822,-1.09351244650524,0.193749749370451,1.16837064992615,10.9035201500833,-6.09889959241948,0.922943065018975,1.16837064992615,9.30510501126345,-1.09603697897534,0.195091496817296,1.16837064992615,10.9805129124627,3.27963581959156,0.0789700439817885,-0.49603752517215,-6.40867362666588,-6.70729611538965,1.7640615155273,12.1528040960648,-4.55852918375955,0.714972452603974,-4.4394344082481,0.648388236042189,6.58676708,0.15251259,-0.868,0.02013611,125.228485749231,-200.901728369624,1266.2089262877,0.591988439063089,0.59318500402227,6.15965094490126,0.142691559711214,-0.898013479607584,-885.921227783591,-886.310074451352,-906.782764957704,-907.234071654621,0.439828536079371,-924.528718682542,0.457361817829458,1821.39769869602,1850.73196226204,NA,2331.51612420578,0.456375174087996,0.895482769350282
"647",-5.76,0.83,-5.86,0.83,1.359326,9.604077,-1.1484446,0.2002995,35,35,-5.01375584314728,0.667987351585449,-4.94205782245858,0.749976385343163,1.47015286635251,10.560453387126,-1.4147835056746,0.264285190894564,1.47015286635251,8.93859191599283,-4.97790683280293,0.708981868464306,1.47015286635251,10.5617385386686,-1.41331389281495,0.265965741308694,1.47015286635251,9.13551265385906,2.65430110725104,0.0721376850614011,-0.426187642536497,-6.99180128755022,-6.43163382002,2.50922219758225,8.187532005914,-3.24861847942619,0.425466006432563,-3.15673355214194,0.467385971426889,4.91113174,0.11883579,-0.866,0.03273121,30.8008573380893,-12.0464715473411,1250.40068938226,0.467476967583167,0.42337422486258,8.72565462939631,0.2112768904874,-1.29332325691496,-935.43554504766,-936.3350794839,-950.444420524606,-951.817821145045,1.34733474199254,-998.297880257632,1.61973788969025,1920.42633322416,1938.05527339584,NA,2488.75490721718,0.40604951263688,1.33314780843313
"648",-5.76,0.83,-5.86,0.83,1.359326,9.604077,-1.1484446,0.2002995,35,35,-5.09823094059325,0.689976704708229,-5.85533544053924,0.812119947880334,1.28540810754359,6.61370542770049,-0.751873840703818,0.140714764276059,1.28540810754359,8.1871041897023,-5.47678319056624,0.751048326294282,1.28540810754359,6.75700723366011,-0.774992640464719,0.144444507239209,1.28540810754359,8.21348696494054,2.67539044965423,0.0732106083546954,-0.424249760916468,-6.94526950927147,-6.97467617338225,1.89707709137981,9.45352796914708,-3.90349981243207,0.534740321197567,-3.86579852432879,0.538830215297287,2.58869683,0.05754468,-0.709,0.02685732,86.0987717763228,-122.642300423808,1231.67443108359,0.978237855300235,0.971920637635225,7.78327762188984,0.172287213236562,-1.1220263002137,-889.942784036097,-890.569482418248,-912.039620054879,-912.240352250567,0.195276844493716,-934.299775217548,0.00518908300955568,1829.44081120103,1861.24567245639,NA,2340.70656174337,0.437433049799604,1.05243238228904
"649",-5.76,0.83,-5.86,0.83,1.359326,9.604077,-1.1484446,0.2002995,35,35,-6.67652335192543,1.01755214402844,-5.35766481730925,0.802980490045621,1.37159220932205,12.1375591944161,-1.65363916495358,0.265308397961288,1.37159220932205,6.44207197320603,-6.01709408461734,0.910266317037028,1.37159220932205,12.5724061529986,-1.72438657923907,0.276818646634518,1.37159220932205,6.51771881097636,2.69289174589579,0.0706585325855289,-0.417148069103278,-6.57195221976905,-6.53145607491569,2.21572263602847,5.46579356833265,-4.92868593605439,0.748334142708632,-3.61396250949804,0.55321334249507,5.81344106,0.13333985,-0.916,0.02842458,67.4295516724171,-85.3038602159969,1204.78687460473,0.203704955023664,0.177565848107798,8.80651207095525,0.200533177999279,-1.3034828112197,-906.706010523824,-907.863174647975,-913.193536438468,-913.901477325398,0.691203335160244,-955.525038845116,0.0136218813934586,1862.96726417649,1863.55350522356,NA,2324.26988899346,0.429672981102351,1.15072525569015
"650",-5.76,0.83,-5.86,0.83,1.359326,9.604077,-1.1484446,0.2002995,35,35,-6.11439906002734,0.912036426138311,-6.29489717960141,0.81460981577533,1.29875544774425,9.64303103534127,-1.22368875511293,0.220699448797001,1.29875544774425,9.31460379045125,-6.20464811981438,0.863323120956821,1.29875544774425,9.65117592813371,-1.21929242512118,0.223072434898706,1.29875544774425,9.72095186328083,2.81098922472901,0.0732013293445014,-0.440341414130171,-6.63846327077772,-7.39940392382868,2.0151190783327,9.7039205227695,-4.33144400521104,0.639935966360966,-4.33115427481181,0.56648272137404,5.45343252,0.12905869,-0.863,0.02439092,93.8103567905897,-138.065470452342,1302.42407621224,0.28848230592599,0.270557411503416,8.3297940658675,0.18133577333921,-1.17325085117397,-906.053114596975,-907.820657565914,-922.673714921634,-925.378459631426,2.67888806140967,-949.917414964558,3.19451509346298,1861.66147232279,1882.5138621899,NA,2466.78268197213,0.421080476211513,1.1825865470408
"651",-5.76,0.83,-5.86,0.83,1.359326,9.604077,-1.1484446,0.2002995,35,35,-5.53205186589868,0.868312111385528,-6.83184365368947,1.00173097598341,1.62347786840688,12.2644900581464,-1.26351701123558,0.169893950474823,1.62347786840688,7.91400708481673,-6.18194775979407,0.935021543684472,1.62347786840688,12.6868547310485,-1.30687119737075,0.17434409883247,1.62347786840688,8.07577915837203,2.7799926225292,0.061642767630334,-0.396431321486709,-6.31661422941339,-6.82153094670462,2.15260635812709,10.2883273797841,-3.76512358365999,0.595806735243895,-4.979964436971,0.739480485887426,5.7187317,0.06633293,-0.874,0.03169283,47.6462908881346,-45.7373386474317,1300.56450431107,0.287115406703076,0.240443195230819,10.9843082936585,0.238537389601461,-1.57790873694859,-942.963689494795,-943.93064610377,-967.13336883115,-968.39234436831,1.23406913379025,-967.948248898335,1.24851063616466,1935.48262211843,1971.43317000893,NA,2555.39166997471,0.394026572986169,1.43328196663517
"652",-5.76,0.83,-5.86,0.83,1.359326,9.604077,-1.1484446,0.2002995,35,35,-5.1433356171216,0.695229966057214,-5.39105753290182,0.792453489216029,1.30575101120026,6.78825079793374,-0.799077399373306,0.153627020055417,1.30575101120026,8.33618740563719,-5.26719657501171,0.743841727636621,1.30575101120026,6.8035923348232,-0.805098498727257,0.15599012341927,1.30575101120026,8.42592043162633,3.35434776496323,0.0759293520201985,-0.492635814046899,-6.95907661406803,-6.62756593738093,1.96241845318802,9.36697928964323,-3.55642979463322,0.480963791192137,-3.6291063915874,0.538507363580434,3.4428613,0.07807493,-0.786,0.02888934,63.8911270531139,-78.2270109773904,1222.83205897697,0.569500934021132,0.557457323391224,6.87984281944619,0.15322705277115,-0.986387037403742,-895.534384615372,-896.137409352991,-917.013437920869,-917.683017241829,0.653569332121322,-942.305296539358,0.642832982250364,1840.62401235958,1871.19330818837,NA,2367.43710697654,0.445751375536566,0.965680880355461
"653",-5.76,0.83,-5.86,0.83,1.359326,9.604077,-1.1484446,0.2002995,35,35,-5.82344754941019,0.791525936596398,-6.27738435975007,0.902718914609454,1.25975830498602,12.4866434005802,-1.52938239891796,0.256577177844298,1.25975830498602,11.174690641077,-6.05041595458013,0.847122425602926,1.25975830498602,12.5381580575255,-1.54200104536082,0.259668147434151,1.25975830498602,11.2267036646402,3.36168541613152,0.0834112590333619,-0.516944157476825,-7.06548207237445,-6.85695989309867,2.09846286598427,10.843351265279,-4.19811746760132,0.560110182236276,-4.45591656219841,0.642433850074425,7.03118927,0.1436172,-0.866,0.02213579,108.19506229988,-166.834881470923,1316.96036867788,0.581668469690207,0.576405996732218,8.21909733482937,0.182201610295707,-1.18376186745836,-909.799397374642,-910.234508620279,-926.810400295789,-927.10881907613,0.290511332613888,-963.386965003396,0.208197530006401,1869.15403787812,1890.78723293821,NA,2467.08585588484,0.474676519570614,1.11975311522168
"654",-5.76,0.83,-5.86,0.83,1.359326,9.604077,-1.1484446,0.2002995,35,35,-5.50371568665753,0.856209978379424,-5.38012675268564,0.818670162855428,1.35037390511599,12.6713007067004,-1.66485386691995,0.300226836466952,1.35037390511599,11.0226273131335,-5.44192121967159,0.837440070617426,1.35037390511599,12.6751192628504,-1.66601374336547,0.300579145904346,1.35037390511599,11.0314345209975,2.38627982647155,0.0615319295505727,-0.363932870004929,-6.36037942695591,-6.46044299970495,2.31935628195315,10.1159761455827,-4.00908763959654,0.616570611071296,-3.63244678485308,0.548852221222881,7.56400364,0.15536171,-0.884,0.02813527,53.3761303552515,-57.1970175816655,1282.58958046814,0.845651900409348,0.820746528293348,7.45017072299841,0.203011133721265,-1.17953393023187,-927.707692351792,-927.75891369062,-942.948687737712,-942.999947652339,0.0498135822688079,-985.689271290741,0.0462151001925726,1904.97062783242,1923.06380782205,NA,2507.98214335461,0.385296544765313,1.21160959738631
"655",-5.76,0.83,-5.86,0.83,1.359326,9.604077,-1.1484446,0.2002995,35,35,-5.922157408633,0.817379986244944,-6.24418764573827,0.835316710981374,1.37469986218651,7.57906984503798,-0.746880356916978,0.127053357003373,1.37469986218651,8.9417151688922,-6.08317252718563,0.826348348613159,1.37469986218651,7.60499571344051,-0.74832439884692,0.12713378852694,1.37469986218651,8.97170358167953,2.66970810203331,0.069968177494135,-0.413175051633803,-7.01016019403881,-7.22532806664733,1.84077842658339,11.8750631455084,-4.1869202053833,0.570230986462054,-4.65610693440314,0.632317281388902,5.92969329,0.1085735,-0.845,0.02431215,96.0307075283325,-142.506171927828,1315.87287220075,0.833924193429617,0.78905189032904,6.25799754334564,0.126903033037777,-0.855588161228512,-906.915718678591,-907.049887408695,-934.019329514389,-934.230161266415,0.205116726329009,-934.211305877109,0.23246144320165,1863.38668048602,1905.20509137541,NA,2489.23957247368,0.42612067840574,0.838453854140497
"656",-5.76,0.83,-5.86,0.83,1.359326,9.604077,-1.1484446,0.2002995,35,35,-5.27130877695127,0.737753183772655,-4.93544372761797,0.780830685576594,1.32809535934057,5.31283767044579,-0.651928805178085,0.137946919048143,1.32809535934057,7.35670159713545,-5.10337625228462,0.759291934674625,1.32809535934057,5.3410390032867,-0.64831174836095,0.13841083683856,1.32809535934057,7.59110365327506,2.94607991050149,0.0880406787452651,-0.492428647356287,-6.8337074464742,-6.24119778855011,1.90992418017014,8.64242891194491,-3.74345710361921,0.519626051880555,-3.53387136728801,0.556945103476203,2.74050228,0.06537378,-0.747,0.02841757,71.3337479356885,-93.1122527425396,1186.98641968267,0.321771916327762,0.314061739074775,6.01015702277334,0.148769655812276,-0.905459168983271,-891.59069611584,-892.740214826319,-913.412082037604,-915.348520420525,1.90737214105588,-933.126506156011,2.26848157449178,1832.73663536052,1863.99059642184,NA,2280.8605866228,0.503654859982725,0.914215644883346
"657",-5.76,0.83,-5.86,0.83,1.359326,9.604077,-1.1484446,0.2002995,35,35,-6.12690681567816,0.879480042432779,-6.21100432896768,0.881259372423611,1.3428961088587,13.0856684796699,-1.42752594184766,0.223346709974505,1.3428961088587,11.9131814658219,-6.16895557232292,0.880369707428195,1.3428961088587,13.0874365776053,-1.42756335115455,0.223347501478309,1.3428961088587,11.9167063727206,2.5307963749148,0.0650647836547042,-0.391556026536921,-6.84493353593678,-6.91843026157781,2.04712809570459,13.3460949792783,-4.05572343507438,0.584312448998567,-4.59762135283344,0.653773268582554,6.4889808,0.1408809,-0.838,0.0207454,118.31204404779,-187.068844966743,1341.57680273862,0.78312173438799,0.723455075792889,9.39586608015281,0.183579926183673,-1.27202062709521,-923.369881822327,-923.381146042554,-946.59028035436,-946.609385623882,0.0185619376403457,-964.028884602338,0.0218879064211031,1896.29500677349,1930.34699305535,NA,2496.0847605105,0.384352487242784,1.19618431108324
"658",-5.76,0.83,-5.86,0.83,1.359326,9.604077,-1.1484446,0.2002995,35,35,-4.7264693026287,0.688143254308791,-6.7170908854851,0.958334458082821,1.34403564583442,10.1196549628301,-1.32308743136406,0.214945704471699,1.34403564583442,6.58783929783001,-5.7217800940569,0.823238856195806,1.34403564583442,11.1102985343635,-1.45754954179669,0.233196526120914,1.34403564583442,6.80300237197857,3.19826590700155,0.0784002288910976,-0.487447009909759,-6.58443109434516,-6.96532340244316,2.12762853481287,6.15869729951184,-3.53392538244118,0.510484116554044,-4.82104007547831,0.693768326318229,6.27502392,0.12125865,-0.912,0.02932811,60.3434334065392,-71.1316236842411,1206.64696634262,0.244174095265725,0.180175166848012,7.68727136086686,0.172228962866974,-1.12335636283302,-899.710720978788,-902.282437386972,-909.578969574473,-911.536288975645,1.92822863898644,-949.148320981396,1.1335000953958,1848.97668508641,1856.32437149557,NA,2342.162309001,0.453002900657199,1.01465839608966
"659",-5.76,0.83,-5.86,0.83,1.359326,9.604077,-1.1484446,0.2002995,35,35,-5.09200478137347,0.846360395409391,-5.54389454856317,0.758293768738113,1.28406134553159,10.1712064097082,-1.04316446902747,0.161491514122979,1.28406134553159,10.5857916490839,-5.31794966496832,0.802327082073752,1.28406134553159,10.2222575001309,-1.03321536717155,0.163430446806293,1.28406134553159,11.2490860389579,2.1746825235477,0.0568072618324124,-0.330686161294159,-6.00734978823257,-6.98391772814523,1.88412519373421,12.5864000523955,-3.67252757131845,0.618736264228136,-4.0202726722464,0.563490892029312,4.80974615,0.08248243,-0.782,0.02673643,74.1272383239242,-98.699233519011,1271.73654688637,0.120836631130753,0.110912265013335,7.05498079063149,0.151118527806184,-0.971605465819866,-902.106535907221,-904.740862503662,-928.02130088688,-931.918329380239,3.89304588564673,-941.795894757958,4.43340831488736,1853.76831494328,1893.20903412039,NA,2444.77386025374,0.366454736720129,1.04634212417987
"660",-5.76,0.83,-5.86,0.83,1.359326,9.604077,-1.1484446,0.2002995,35,35,-6.81573501998908,0.940597795381995,-5.32045585065429,0.738685391992826,1.3113710844645,8.18376598288901,-0.812494064241716,0.157542987374553,1.3113710844645,11.9958834045813,-6.06809543532168,0.839641593687411,1.3113710844645,8.74273093145064,-0.887972916946252,0.16773514203515,1.3113710844645,12.1219978143283,2.2366390505354,0.0625065106133616,-0.359483886708358,-7.16963798360577,-6.87730066482878,1.88460291059103,14.9038742223132,-5.2216563016392,0.729818835432623,-4.58064345609825,0.628755958106174,6.88368604,0.12744462,-0.815,0.02007211,129.704308638756,-209.853374148674,1361.1240377144,0.689849185366778,0.577622887049425,5.93310185330339,0.131354034897747,-0.833950106245316,-910.65085688276,-912.480764185386,-941.217105213188,-941.893123089252,0.659884333816738,-947.370276810013,0.339306899216957,1870.85695689436,1919.600642773,NA,2512.39470128012,0.368109425746158,0.883713504862507
"661",-5.76,0.83,-5.86,0.83,1.359326,9.604077,-1.1484446,0.2002995,35,35,-6.2701221157533,0.922879006799917,-5.32062664380826,0.769321303920739,1.53696184690446,9.79241917371755,-1.32509993863062,0.229878235689319,1.53696184690446,6.25446171513,-5.79537437978078,0.846100155360328,1.53696184690446,10.0178045865286,-1.36155052452213,0.235773227717702,1.53696184690446,6.28924074759839,2.81926922976867,0.075628819950141,-0.446965661692858,-6.72958903665441,-6.69495062236545,2.30579015915982,6.23207281962746,-4.41644082511191,0.656888875401258,-3.36450563190142,0.50254175530112,3.34732125,0.09725687,-0.844,0.03115075,51.8571622264838,-54.1590813241301,1222.8762895465,0.245894927360169,0.203803538697496,10.9002843776365,0.234104698394277,-1.56775771142834,-929.339158580255,-929.996834796329,-939.295921552548,-939.630710705406,0.326002714015049,-969.20701838091,0.00856210193870876,1908.23356028935,1915.75827545172,NA,2391.59349776887,0.43721417357441,1.37361256373221
"662",-5.76,0.83,-5.86,0.83,1.359326,9.604077,-1.1484446,0.2002995,35,35,-6.1228670255407,0.894242422842535,-5.22344700668658,0.81381448080128,1.30838885532724,7.89204518919853,-0.919812704978775,0.161611537764012,1.30838885532724,8.2360870415865,-5.67315701611364,0.854028451821907,1.30838885532724,8.0942842817774,-0.93789733026556,0.16322870122926,1.30838885532724,8.36518521494679,3.49945416104936,0.0904311395577907,-0.547413471049224,-6.75294330337641,-6.33269215088057,1.85520795987296,9.7734927306521,-4.06694366873739,0.589636081001028,-3.62746202526301,0.55921640374977,3.94632182,0.08898693,-0.823,0.02721212,75.1264175733452,-100.697592017853,1218.59324216452,0.635519743595466,0.617012710200408,8.06534914400126,0.182956226164978,-1.17788038469205,-897.125914071354,-897.938440184349,-916.753305583542,-917.724961404666,0.950475645040216,-929.887202578324,1.05151546812529,1843.80707127155,1870.67304351371,NA,2336.48889231118,0.516064118281881,1.10315302701047
"663",-5.76,0.83,-5.86,0.83,1.359326,9.604077,-1.1484446,0.2002995,35,35,-5.05021431055471,0.781744801247677,-5.71037959485478,0.745932930573945,1.37738648149716,6.9626510116309,-0.492615338349338,0.0647693455713468,1.37738648149716,9.03690831615922,-5.38029695270474,0.763838865910811,1.37738648149716,7.07160556227966,-0.486704899903181,0.0650899680916349,1.37738648149716,9.52370890934669,2.92210311554415,0.0780198954936129,-0.459983428582017,-6.35052230686408,-7.22404544960717,1.73552547037684,13.474272285602,-3.422699217471,0.519034360561953,-4.00080313814311,0.527304965933646,3.95457341,0.04165983,-0.806,0.0303786,61.5726922220659,-73.5901413152945,1260.17544476628,0.233542027009437,0.22150474419048,6.57097648511399,0.14147490570294,-0.897314397619404,-895.824598974448,-897.864708405471,-935.164743529856,-938.48005363247,3.29807140745262,-923.88393437855,3.61466507089948,1841.20444107773,1907.49591940634,NA,2446.76074821726,0.459803510270978,1.01504814980267
"664",-5.76,0.83,-5.86,0.83,1.359326,9.604077,-1.1484446,0.2002995,35,35,-5.60535660208309,0.752590836882066,-4.92614016430928,0.649940338254427,1.26205160598549,10.8958018367133,-1.19270235097506,0.18840411335426,1.26205160598549,10.6771908375395,-5.26574838319619,0.701265587568246,1.26205160598549,11.0111355790488,-1.21013282747845,0.191038394571386,1.26205160598549,10.698919234139,3.25382832525951,0.0862280611182056,-0.510764787878018,-7.07935637391686,-7.01170504411619,2.09258051804391,10.8813605449345,-3.96078651366254,0.53938860403537,-3.55582781339169,0.460413665267436,5.05984164,0.10234652,-0.823,0.02484414,90.412039574506,-131.268836020175,1283.48167425334,0.730187953763954,0.690813454496328,7.85989552781295,0.1511467561933,-1.05157211739423,-901.790243088397,-902.147795129067,-924.335472528432,-924.465604376318,0.126531371228059,-962.811370856254,0.0219054048627577,1853.13572930563,1885.83737740349,NA,2435.6945124865,0.507155798079275,1.00966780515547
"665",-5.76,0.83,-5.86,0.83,1.359326,9.604077,-1.1484446,0.2002995,35,35,-5.49788627326871,0.842945293275807,-6.07611236377983,0.845164653452934,1.31376470672165,9.64508464241966,-1.13558300082023,0.204605048801811,1.31376470672165,10.3796794121772,-5.78699931852427,0.84405497336437,1.31376470672165,9.72867099535661,-1.1359038238099,0.204606280191709,1.31376470672165,10.5923023386633,1.96547763140332,0.0555793496548643,-0.31668814063839,-6.43357757491435,-6.99858129179358,1.99211672521611,11.523843374006,-3.77429902167667,0.581238596232953,-4.32702264874358,0.614769688422318,4.8129376,0.1228444,-0.81,0.0243937,88.6438025854593,-127.732362042081,1291.96924518404,0.521577515994931,0.482070542356789,7.79218437247787,0.161099631317652,-1.07819316001261,-911.368882972645,-912.151326384158,-932.367654483577,-933.66349652786,1.27054185600196,-952.600531514641,1.52263974470548,1872.29300907413,1901.90174131378,NA,2456.206128326,0.330829938608651,1.04419364630997
"666",-5.76,0.83,-5.86,0.83,1.359326,9.604077,-1.1484446,0.2002995,35,35,-5.55258534477373,0.863116647683266,-6.81818677370869,0.950758439960921,1.44308812330364,8.91666152326089,-1.07964705543171,0.184010732739493,1.44308812330364,7.39955013146621,-6.18538605924121,0.906937543822093,1.44308812330364,9.31709826749146,-1.10737694981697,0.185931003677903,1.44308812330364,7.74651732701845,2.96332544943827,0.0802589647063084,-0.473245627583039,-6.36810093659734,-7.11155524619224,2.0197029332805,8.66871159742019,-4.00005551916616,0.619796539714947,-5.12323687472588,0.712677300344307,5.95416193,0.11557765,-0.878,0.02684719,76.6273534677575,-103.699463806678,1270.65254360585,0.150944944674255,0.124559142007755,7.57942566361397,0.169862160825133,-1.08925042597833,-917.74246999407,-919.70017645982,-934.114761797102,-936.948183488344,2.80893249379696,-946.914065770169,3.36821205309396,1885.04018311698,1905.39595594083,NA,2437.60562340503,0.458644723721249,1.07088695973033
"667",-5.76,0.83,-5.86,0.83,1.359326,9.604077,-1.1484446,0.2002995,35,35,-5.29727919786117,0.809635339968164,-5.79977617812576,0.773866936461068,1.40760117790863,10.5394857577485,-1.34789294693367,0.224590784983036,1.40760117790863,7.51147954235036,-5.54852768799346,0.791751138214616,1.40760117790863,10.6026115615423,-1.34339956824587,0.224910629655397,1.40760117790863,7.83181961736498,2.65867260236416,0.0706732883301806,-0.41539483658123,-6.43142258170337,-7.14701845428014,2.20256444624032,7.42694311957932,-3.62961456323468,0.547476901420108,-4.24588195526748,0.570039309794046,5.48528382,0.12890554,-0.883,0.02667505,76.1049820173606,-102.654720905884,1237.34586763246,0.234830528326831,0.221453019931028,7.72033277713889,0.160569156527953,-1.0690559599901,-916.37105645258,-918.061911283862,-928.941292346979,-931.527461864977,2.55926422575629,-963.33754734406,3.28309861762839,1882.297356034,1895.04901704059,NA,2372.03701435903,0.425232623116036,1.04667489469933
"668",-5.76,0.83,-5.86,0.83,1.359326,9.604077,-1.1484446,0.2002995,35,35,-5.5475536053618,0.757371255966556,-6.24996186853176,0.849731617182463,1.24162640813611,10.6196776183866,-1.38246854657444,0.236924926772217,1.24162640813611,8.9026979470588,-5.89875773694678,0.803551436574509,1.24162640813611,10.7430219604289,-1.39868721680129,0.239057535853201,1.24162640813611,8.93428052265162,3.02495811335568,0.066602056162276,-0.428537178743342,-6.99307287731833,-7.14522200843732,2.06435892182879,8.27015823677982,-4.18863912561637,0.57242045987355,-4.61524726546755,0.63771630971615,6.95881693,0.17610223,-0.889,0.02118825,117.440888144462,-185.326533160087,1271.06345443077,0.863996707850576,0.800684419448149,7.08899330220429,0.139280362431742,-0.971866949992918,-895.797202780462,-896.121957483954,-908.799812281332,-909.02270733189,0.216871720393101,-950.798730532726,0.143950626243095,1841.14964868976,1854.76605690929,NA,2356.80037570145,0.431978816130497,0.868616496660148
"669",-5.76,0.83,-5.86,0.83,1.359326,9.604077,-1.1484446,0.2002995,35,35,-5.12844107068137,0.7557432080737,-5.34095022183092,0.791497640591005,1.45537742661228,6.63000848795657,-0.856081474702874,0.160748040257233,1.45537742661228,6.11647912034311,-5.23469564625614,0.773620424332352,1.45537742661228,6.64129852278715,-0.857981010728896,0.161067635118391,1.45537742661228,6.11843139703879,2.69867565540355,0.0797231798189871,-0.449630801643092,-6.58365983069389,-6.58315332507316,2.08451125523926,6.86801827498598,-3.66384390592505,0.543408895092687,-3.98012832100847,0.59077194267069,4.19190898,0.1018087,-0.858,0.02832999,67.1231636015503,-84.6910840742633,1180.2533825866,0.888694616746344,0.866086242740622,5.71941349636833,0.136852406057738,-0.855253022843792,-909.376659778518,-909.423531545494,-924.588788444581,-924.607989038696,0.0186545640142358,-947.439031447796,1.86142650954234e-06,1868.30856268587,1886.34400923579,NA,2275.81568109894,0.452172308351992,0.819349309083779
"670",-5.76,0.83,-5.86,0.83,1.359326,9.604077,-1.1484446,0.2002995,35,35,-6.82437382303205,0.897245839315133,-6.08394062026579,0.837883251676162,1.69863396511918,8.11885713128784,-0.70406783781121,0.108748788510079,1.69863396511918,7.96532353225162,-6.45415722164892,0.867564545495648,1.69863396511918,8.2559174632275,-0.715056345533711,0.109629767712877,1.69863396511918,8.04698985645163,2.95322660379612,0.0810060131960405,-0.476186639483464,-7.43655652271754,-7.04979025585857,2.0754614946318,11.9250784549279,-5.00563648829005,0.671729351626727,-3.83945605630542,0.523287496152252,5.57164111,0.09222888,-0.846,0.03117609,49.3517683084816,-49.1482934881258,1380.28112817014,0.346885962361657,0.288905586168978,9.09863172764944,0.17188966693817,-1.19491171720541,-948.128580270939,-948.591044970321,-978.622347542399,-979.257100196576,0.619421042154619,-963.745779755244,0.663584556450161,1945.81240367072,1994.41112743143,NA,2711.41396285216,0.45599368380311,1.20494897876279
"671",-5.76,0.83,-5.86,0.83,1.359326,9.604077,-1.1484446,0.2002995,35,35,-5.30832182229506,0.793876892570317,-5.81204036300794,0.799646799872462,1.28399861200188,8.09110626870642,-0.906135397846669,0.167925536008232,1.28399861200188,10.0340022846026,-5.5601810926515,0.79676184622139,1.28399861200188,8.1545393607709,-0.906862000168241,0.167933858965801,1.28399861200188,10.1841748942614,2.33633118987384,0.0578897459650032,-0.355105025316145,-6.53634995792314,-7.00569288400768,1.9040183897064,11.6394274135916,-3.86197365447633,0.573288264270844,-3.88875914827054,0.538777709456045,3.06808042,0.07299345,-0.695,0.02270371,112.11022564698,-174.665208165123,1260.88267667734,0.755485557807956,0.72972583840648,8.36394285584882,0.176169561134069,-1.17707829867862,-900.777680622075,-901.346485316668,-924.593480249969,-925.539754345638,0.925479005115558,-941.84043507655,1.08925352928265,1851.11060437299,1886.35339284657,NA,2347.10014518957,0.344441265466136,1.09731742308026
"672",-5.76,0.83,-5.86,0.83,1.359326,9.604077,-1.1484446,0.2002995,35,35,-5.38513002006778,0.805760452588004,-6.36685809263157,0.951554616898865,1.28010134018427,10.1656647228404,-1.27888013494582,0.223055925998975,1.28010134018427,9.32628911929218,-5.87599405634967,0.878657534743434,1.28010134018427,10.4066122249554,-1.31466269092581,0.228369910585751,1.28010134018427,9.37193918841688,3.28185554526922,0.0859027377320155,-0.513526885390769,-6.54235898021709,-6.6554831489454,2.00043833279175,9.59344306006451,-4.16508590840228,0.624298030593646,-4.7763038105947,0.713080216413893,7.60455469,0.14625786,-0.88,0.02194856,107.52784953577,-165.500455942702,1257.86498411949,0.743017904874833,0.721321896623218,5.83717340603732,0.143928034908393,-0.888962165508301,-903.282488371273,-903.961290394392,-919.208505705898,-919.517277062798,0.300611833023366,-947.762863457963,0.0718613643822871,1856.12021987138,1875.58344375842,NA,2350.22951229628,0.500781730415481,0.842690486370341
"673",-5.76,0.83,-5.86,0.83,1.359326,9.604077,-1.1484446,0.2002995,35,35,-6.28124818471903,0.89563998229691,-5.13905704926665,0.691931017868683,1.44385261102388,10.4539169666871,-1.43877878848398,0.26649754802733,1.44385261102388,8.35405660366532,-5.71015261699284,0.793785500082796,1.44385261102388,10.7800671141635,-1.49694743182951,0.276871883574435,1.44385261102388,8.4210241894225,3.67059821240433,0.0990273178846715,-0.583920959525829,-6.90299816497177,-6.97445232585213,2.39028922884175,7.71433656163745,-4.47439865766038,0.634961467971222,-3.68514144824461,0.49940992079438,6.57412342,0.16630277,-0.891,0.02908474,53.2544816440593,-56.9537201592812,1285.35033118925,0.553196049602923,0.450908732206857,7.4504954088908,0.168413013465689,-1.07851669354272,-928.832147282493,-929.861873920822,-941.778755516413,-942.278114313788,0.48682577243587,-984.550337365758,0.0291687101428954,1907.21953769382,1920.72394337945,NA,2513.74694221922,0.570605421279745,1.04593817992028
"674",-5.76,0.83,-5.86,0.83,1.359326,9.604077,-1.1484446,0.2002995,35,35,-5.57128865967577,0.700216285794838,-6.97896681130904,0.974244992222503,1.43355812444405,5.81593054473373,-0.741040031734248,0.151045086784508,1.43355812444405,6.66771432787342,-6.2751277354924,0.837230639008671,1.43355812444405,6.31131998938015,-0.837476087473885,0.169818019771113,1.43355812444405,6.81500318343351,3.12322913471533,0.0891379725700724,-0.511779689179144,-7.35732245393445,-7.13240848302882,2.01527041753861,7.86491709666972,-3.9080959645402,0.494362892074143,-5.19437954282241,0.729863641043671,3.940781,0.1288255,-0.863,0.0251355,99.6736077612305,-149.791972393624,1298.9085507115,0.123639031386153,0.0914123211699547,8.0070868888702,0.16027205486284,-1.09648458349599,-907.227870966726,-909.959442836281,-926.110271549203,-927.4421476777,1.30620961473192,-943.338017059115,0.336954933483921,1864.01098506229,1889.38697544503,NA,2448.02512902937,0.506257840821122,1.03275681774126
"675",-5.76,0.83,-5.86,0.83,1.359326,9.604077,-1.1484446,0.2002995,35,35,-6.4873780871548,0.972630097738581,-5.84215239603605,0.805331087246559,1.48135082064136,9.86763197617989,-1.07286399057277,0.166546430460467,1.48135082064136,8.07682841475349,-6.16476524159542,0.88898059249257,1.48135082064136,9.9717110242998,-1.09985039548981,0.173543670188369,1.48135082064136,8.19179785155307,2.50770379538405,0.0756494920343481,-0.418467460928495,-6.65044088232384,-7.0019394037829,2.03211864705786,10.0473454353702,-4.052138076066,0.613134554588917,-4.43540195488152,0.621694622569314,5.14223684,0.0945157,-0.854,0.03046526,51.9784089657688,-54.4015748027003,1289.93180771392,0.552763451202115,0.520573814390003,8.86346000877553,0.185930163437957,-1.2373884880659,-924.848209953114,-926.252063222363,-945.954445032446,-946.835514764464,0.861305441189614,-953.080871857031,0.654918067182719,1899.25166303507,1929.07532241152,NA,2525.46204062514,0.442587062764035,1.18870601686613
"676",-5.76,0.83,-5.86,0.83,1.359326,9.604077,-1.1484446,0.2002995,35,35,-6.43267487721845,0.890932479438625,-5.13432225834216,0.64284554239023,1.33665826966704,12.7423210495137,-1.51850429063214,0.262136681779702,1.33665826966704,12.0943631290276,-5.7834985677803,0.766889010914427,1.33665826966704,13.1637509302494,-1.59903037173858,0.277523463863216,1.33665826966704,12.2178303365481,3.96483933563885,0.1006250459625,-0.616131566690605,-7.08247094134122,-7.26215609598895,2.32003980784559,11.5032903838681,-4.31972449776728,0.602315759354897,-3.27187811701169,0.415164362454974,6.36155042,0.1822298,-0.873,0.02610793,72.8344656018471,-96.1136880748569,1360.6158438133,0.343925765670801,0.288381275327934,11.172987322071,0.203342816661759,-1.4553314996661,-926.573936616545,-928.179318184123,-946.424914511522,-947.081854646286,0.641174376230764,-989.877759984401,0.132449890195046,1902.70311636193,1930.01626136967,NA,2625.11799955175,0.571096284228773,1.40240603182746
"677",-5.76,0.83,-5.86,0.83,1.359326,9.604077,-1.1484446,0.2002995,35,35,-5.75888036232138,0.846578704356127,-6.53517396949995,0.942991535702003,1.28136125923072,9.40382452373989,-1.36348121069097,0.266361038111504,1.28136125923072,8.98166294393478,-6.14702716591067,0.894785120029065,1.28136125923072,9.55448246487647,-1.38219237684691,0.268684896623535,1.28136125923072,9.02561865956162,3.8510327105907,0.0979755311082647,-0.600276960030983,-6.67292474096759,-6.87481564771777,2.11033278158331,8.27018604819182,-4.23860449325617,0.621946303456892,-4.93363918675191,0.702587714235213,5.82835187,0.13956713,-0.875,0.02395777,97.4054599273503,-145.255676725863,1274.17463637887,0.612595844213326,0.571968580917264,6.92820781554601,0.176078357191305,-1.06745595435072,-903.657228364661,-904.127451736608,-917.073494725462,-917.381073246657,0.299447965676022,-956.195186599139,0.247936852128474,1856.86969985816,1871.31342179755,NA,2403.09359603188,0.551542830676595,1.03669478257219
"678",-5.76,0.83,-5.86,0.83,1.359326,9.604077,-1.1484446,0.2002995,35,35,-6.00233401216485,0.831688905516303,-6.12900044731505,0.832740624290172,1.46428424140135,8.94224979127468,-0.979653769812277,0.153456870893995,1.46428424140135,7.4237910007065,-6.06566722973995,0.832214764903238,1.46428424140135,8.94626088772311,-0.979687074179245,0.15345714742209,1.46428424140135,7.4324551092891,2.07661480656535,0.0499944222820132,-0.308436055861181,-7.00508795926827,-7.12548852611682,2.00242897448145,9.2260904892803,-4.21728055749349,0.590126717886716,-4.30840910184323,0.584171102233619,5.08863552,0.09959175,-0.865,0.03032907,54.9170651284799,-60.2788871281223,1283.02696470873,0.905408911146616,0.894338052005516,7.93282608620787,0.155590244175553,-1.07411276819703,-917.643451961177,-917.686886125339,-937.888883698985,-937.960843689393,0.0699399336435965,-946.771291437276,0.0842436688710429,1884.84214705119,1912.9441997446,NA,2505.77504228933,0.310287760926307,1.01877904856841
"679",-5.76,0.83,-5.86,0.83,1.359326,9.604077,-1.1484446,0.2002995,35,35,-5.55852121518701,0.815787990336526,-5.89116236055277,0.864993383847019,1.20131102497388,7.72668073652445,-0.81280225977497,0.126528438760918,1.20131102497388,8.31567796620692,-5.72484178786989,0.840390687091772,1.20131102497388,7.754343269422,-0.816894194388844,0.127133731448549,1.20131102497388,8.32129284654988,2.41772909239207,0.0676979129619769,-0.392744762846873,-6.65600870025469,-6.69549684395541,1.65352232388885,10.4489922698074,-4.2028328264622,0.618426484507224,-4.049328446827,0.607798472500575,4.04767425,0.09792023,-0.837,0.02548736,88.6341618314669,-127.713080534097,1203.7874229848,0.943879005969353,0.93825162522613,6.6944350626533,0.128459874990502,-0.902600208321262,-873.42498454281,-873.535917293059,-896.435099026299,-896.477277730108,0.0409859448454412,-903.818841099996,0.00980173763626855,1796.40521221446,1830.03663039923,NA,2279.86176543551,0.384205423735941,0.829175540341414
"680",-5.76,0.83,-5.86,0.83,1.359326,9.604077,-1.1484446,0.2002995,35,35,-5.33099614453733,0.754374732233179,-5.40376730468968,0.838888140376307,1.57664976740319,7.38295910452592,-0.879812921372874,0.160696268500666,1.57664976740319,6.68539099948823,-5.36738172461351,0.796631436304743,1.57664976740319,7.38428301496339,-0.881350456062625,0.162481897539658,1.57664976740319,6.798426100657,3.56490629936863,0.0960913332933139,-0.570139736591597,-6.79436792948744,-6.36363007344185,2.18067139310846,8.08006339715697,-3.61900759093879,0.516571158431232,-3.57679990786035,0.562267435447091,3.4689192,0.1104213,-0.826,0.02960121,56.4450549981306,-63.3348668674237,1220.82467915148,0.550577804278634,0.525344027974598,8.72589443798446,0.176207000308817,-1.20584378072816,-931.281139902333,-932.033955528413,-949.581406927972,-950.603454346227,1.00012958091376,-963.502760312692,1.11504896358353,1912.1175229335,1936.32924620257,NA,2378.31449143553,0.541315591443543,1.10854020241623
"681",-5.76,0.83,-5.86,0.83,1.359326,9.604077,-1.1484446,0.2002995,35,35,-6.13606948426221,0.868388991800561,-5.03353262018872,0.714522460593612,1.48869297095363,8.90268743722331,-1.00686202020052,0.159103183876407,1.48869297095363,6.95174689370428,-5.58480105222546,0.791455726197086,1.48869297095363,9.20658432138356,-1.04927290090121,0.165021911232821,1.48869297095363,7.00738939952743,2.2297340552614,0.0630501049976676,-0.35633141886035,-6.92017381415848,-6.73433392700248,2.1065585559107,8.18939310095625,-4.16716037860977,0.588355183754366,-3.5568821594282,0.508440561172309,4.21977625,0.07509195,-0.84,0.02896677,66.2387973986645,-82.9223516684916,1222.88214003429,0.662816705259069,0.656337667479023,9.1627131387078,0.192657825817329,-1.2918110503346,-919.632196061424,-920.543416863,-937.902436942161,-938.390557491889,0.475831342037526,-955.450249544784,0.212307072473676,1888.81963525169,1912.97130623095,NA,2362.84192840009,0.386428096971141,1.18796299381204
"682",-5.76,0.83,-5.86,0.83,1.359326,9.604077,-1.1484446,0.2002995,35,35,-6.0390778329839,0.854130816562566,-4.82768916121609,0.653892421931076,1.24402720438157,7.34802115067698,-1.06806245536051,0.217218240896684,1.24402720438157,8.11212526493646,-5.43338349709999,0.754011619246821,1.24402720438157,7.71488677919882,-1.1287040860879,0.227242094567833,1.24402720438157,8.18399272754838,2.60624085068078,0.0679987651707021,-0.405396349343574,-6.9081286813628,-6.88970854915747,2.09669639437391,7.37768579570447,-4.18429550430925,0.594584666121639,-3.39602217229852,0.459679707783799,4.04513669,0.12660389,-0.859,0.02773473,69.5118044632947,-89.4683657977519,1219.25285409543,0.464738081065222,0.392337889258654,7.12018669584999,0.157786656210744,-1.0284160145497,-888.289608224285,-889.602598601548,-903.448995726466,-903.998920935593,0.536316974966951,-951.063816734267,0.00229864990196373,1826.13445957741,1844.06442379956,NA,2349.03734239311,0.403368059487162,0.958067428802548
"683",-5.76,0.83,-5.86,0.83,1.359326,9.604077,-1.1484446,0.2002995,35,35,-6.83178985076492,0.926902026298867,-6.20196592975624,0.814731545250427,1.47009881068818,11.4763996019419,-1.34802331579296,0.21870916657645,1.47009881068818,8.8864517021253,-6.51687789026058,0.870816785774647,1.47009881068818,11.5755691448105,-1.36568522884179,0.22185472078111,1.47009881068818,8.90635305532399,2.93655696791995,0.085162389042325,-0.482362534212477,-7.26728866252728,-7.3057474412708,2.17695061193958,9.89117166779695,-4.16746380942065,0.556355633510838,-4.32381038372205,0.578442960731423,6.30126992,0.13914552,-0.88,0.02878336,60.1938997624383,-70.8325563960392,1363.04790867591,0.981293920771156,0.971537934300266,10.5893247757947,0.203002376440868,-1.41983397245656,-932.203210010334,-932.574407020183,-950.067208703799,-950.207976544482,0.136883490486283,-969.449867998549,0.00742360336154442,1913.96166314951,1937.30084975423,NA,2655.26326095579,0.49302264641667,1.33850860555268
"684",-5.76,0.83,-5.86,0.83,1.359326,9.604077,-1.1484446,0.2002995,35,35,-5.28724793514924,0.766975492993046,-4.82662939524191,0.704079649422421,1.35940905044388,6.97415140953126,-0.775330643432596,0.14304979558752,1.35940905044388,8.1784991825285,-5.05693866519558,0.735527571207733,1.35940905044388,7.02719376935786,-0.782573391340533,0.144038767372135,1.35940905044388,8.18971600026395,2.80399544150423,0.0747983766352201,-0.440291391684757,-6.67554764818857,-6.58964626872934,1.99348872121103,9.56035356971413,-3.89678764494603,0.569757272452232,-3.29931395261917,0.478593764337021,2.64301318,0.06842281,-0.742,0.02941482,63.3861036839212,-77.216964239005,1203.43267773265,0.577352607368536,0.535384404788537,7.58339234785086,0.161581907039183,-1.06822046944209,-903.001890653717,-903.193260126933,-925.687610995008,-925.773104041694,0.0831011247964148,-946.800744219766,0.0417114219889324,1855.55902443627,1888.54165433664,NA,2329.64839122629,0.444316224896692,1.02057634590438
"685",-5.76,0.83,-5.86,0.83,1.359326,9.604077,-1.1484446,0.2002995,35,35,-4.95683583210348,0.715832607251151,-6.95755154598007,0.955810869684172,1.28094036963755,8.4487675055618,-1.01964766260319,0.184799379136302,1.28094036963755,9.09315180906278,-5.95719368904178,0.835821738467661,1.28094036963755,9.44948334749998,-1.13967973276282,0.199196770746395,1.28094036963755,9.41577452747918,3.17284276201098,0.0847674719130646,-0.504679677419149,-6.64983162415804,-7.22081894958879,1.9510728755474,9.91241686424884,-3.6756074559318,0.529262996425951,-5.18368617566235,0.700090895444441,4.4496625,0.07826386,-0.809,0.02511069,95.4435115241648,-141.331779919492,1278.38852259362,0.102450313787548,0.062976574485005,9.35990821630762,0.203053692372562,-1.33780486674337,-898.507444744629,-901.547871432686,-917.770527766568,-919.9730275987,2.17358712791939,-942.679383262785,1.82223950714009,1846.57013261809,1872.70748787976,NA,2415.44526526775,0.480249304638652,1.24368377235595
"686",-5.76,0.83,-5.86,0.83,1.359326,9.604077,-1.1484446,0.2002995,35,35,-4.98722995164074,0.668285986324358,-5.50433335636968,0.772212810807715,1.27123935979944,8.73045101422142,-0.902921859596325,0.169424110218397,1.27123935979944,12.1573181267081,-5.24578165400521,0.720249398566037,1.27123935979944,8.79729999701699,-0.916357088292079,0.172124306430196,1.27123935979944,12.1833706061556,2.60694462001219,0.0689817635505579,-0.408321146668019,-6.96349620754692,-6.86143048512896,2.01318048788675,13.4888807901776,-3.80694433387212,0.524953112045128,-3.74106465373983,0.538033236960227,3.58289034,0.08219613,-0.733,0.02526839,88.7507629681509,-127.946282807464,1287.78328671494,0.909481525071269,0.894515863962683,7.74978174658925,0.152237597831077,-1.02323273944871,-905.856253686692,-906.252956899113,-934.46646247175,-934.604930692873,0.134645114252649,-960.278606159295,0.0425000300754215,1861.26775050222,1906.09935729013,NA,2447.62029062242,0.408103473677069,1.09815348421602
"687",-5.76,0.83,-5.86,0.83,1.359326,9.604077,-1.1484446,0.2002995,35,35,-5.13609061327786,0.800891294790977,-5.01612344826271,0.647501911896992,1.30077279939,11.22344902999,-1.55714413981053,0.276331647192759,1.30077279939,8.55505496838999,-5.07610703077028,0.724196603343985,1.30077279939,11.2270470601604,-1.56174456216284,0.282213722888909,1.30077279939,9.01921289016249,2.88852028237992,0.0775184289949035,-0.463214263530086,-6.3223287555908,-7.11621584131608,2.36243343205019,6.89193667195424,-3.40504815698491,0.527352537120165,-3.50048738994346,0.450959861540325,5.04260217,0.13079425,-0.871,0.02797285,64.1510896561043,-78.7469361833713,1224.639446557,0.14095953421669,0.129778182362277,7.52883336393751,0.176345045254444,-1.10226302143574,-907.327753606082,-909.720659608351,-917.699648890526,-921.020043463064,3.30325035124821,-978.208925757387,4.02273352026803,1864.210750341,1872.56573012768,NA,2370.53195693063,0.428446602494678,1.10766149520528
"688",-5.76,0.83,-5.86,0.83,1.359326,9.604077,-1.1484446,0.2002995,35,35,-4.97379713893112,0.733514834354153,-5.4429815839148,0.764437621135659,1.20394682405731,9.99894796531269,-1.13236243532805,0.17841847547538,1.20394682405731,9.57127526457709,-5.20838936142296,0.748976227744906,1.20394682405731,10.0539814761664,-1.1359895579664,0.178657530160964,1.20394682405731,9.63205392833477,2.46945081749111,0.0638117860894263,-0.381151270389142,-6.56144679753259,-6.84640128075581,1.92006587242714,9.97796553947079,-3.79594766187031,0.563122553433766,-3.88293396057425,0.540890102539259,6.66740789,0.13160373,-0.879,0.02642654,72.2766154570323,-94.9979877852273,1220.87368480303,0.752594821017861,0.751779976262905,5.56692395339335,0.115111711548065,-0.770086079141664,-885.886839757936,-886.143075796603,-905.822981275638,-906.224287889044,0.39096031766114,-938.964111889422,0.458416201381429,1821.32892264471,1848.8123948979,NA,2346.74938182084,0.383653378863776,0.747050617165664
"689",-5.76,0.83,-5.86,0.83,1.359326,9.604077,-1.1484446,0.2002995,35,35,-5.98629558157926,0.791596016555615,-5.65794931044266,0.779094395375348,1.54221274393659,9.83606345443413,-1.19149649225389,0.206615427467624,1.54221274393659,7.9370885674607,-5.82212244601096,0.785345205965482,1.54221274393659,9.86301627287647,-1.19252270742832,0.206654500100658,1.54221274393659,7.97387906955352,3.21220460967386,0.0932592770277491,-0.534650051547941,-7.22791258628108,-6.97404773909433,2.29110695849814,8.75515706167469,-4.06548698867285,0.534257049019797,-3.81354396344279,0.523602567659673,5.50441037,0.10971251,-0.857,0.02833205,64.7256193340953,-79.8959955393533,1307.72162662391,0.83429816573455,0.794261984113794,8.38016547377632,0.181688627341917,-1.18871988926113,-937.582317797955,-937.765760487366,-954.733039154798,-955.020610303457,0.279929433777839,-978.11634062729,0.343140884980535,1924.71987872475,1946.63251065622,NA,2535.54725770847,0.514314466941934,1.14612214308882
"690",-5.76,0.83,-5.86,0.83,1.359326,9.604077,-1.1484446,0.2002995,35,35,-6.36725401238907,0.915619004631025,-5.02842149938292,0.727059534858781,1.20864976865537,12.2674690814236,-1.6858030748916,0.285505634553715,1.20864976865537,8.80146349717706,-5.697837755886,0.821339269744903,1.20864976865537,12.7155872058941,-1.74891546208316,0.294394302963913,1.20864976865537,8.90044248295147,3.83590320447055,0.0977216312823257,-0.597554136799713,-6.86997414754303,-6.65453016194117,2.17558481687615,7.00168924587825,-4.93512424008213,0.71089974931578,-3.48714396070393,0.506087886258689,7.66266093,0.19580491,-0.913,0.02289195,98.4617998848909,-147.368356640944,1229.29435929404,0.199956203648779,0.158799170684354,7.07534438858789,0.147928982909011,-1.0009076932457,-892.761394624403,-893.801730678881,-901.485542539751,-902.188884368856,0.686690414609907,-958.505614781267,0.317291187751132,1835.07803237764,1840.13751742613,NA,2311.22036194713,0.552841045551162,0.89114547213681
"691",-5.76,0.83,-5.86,0.83,1.359326,9.604077,-1.1484446,0.2002995,35,35,-5.72441226200087,0.854344362923247,-4.46663003574675,0.722522859568667,1.44084361317181,8.81502125443883,-1.1117369302828,0.2045963152352,1.44084361317181,8.13728354412246,-5.09552114887381,0.788433611245957,1.44084361317181,9.21052528660903,-1.15318761627217,0.208940542421866,1.44084361317181,8.29962228357235,2.87647451161931,0.0776213931790894,-0.45953121048655,-6.5921908564222,-6.11976703572889,2.19261124306205,8.69272833373483,-4.00009917341166,0.586729004342607,-3.27394116338815,0.513585335202227,6.435686,0.1399237,-0.875,0.0291988,50.2483017246309,-50.9413603204244,1232.33777475191,0.545512611799987,0.52772034421425,5.78086525934624,0.148883882042151,-0.888540272532972,-922.579404015086,-923.882676815125,-939.626353003798,-940.859098406581,1.20813086616905,-967.125869036461,1.24969162501419,1894.71405115901,1916.41913835422,NA,2413.7341891834,0.440080307582159,0.90434546465234
"692",-5.76,0.83,-5.86,0.83,1.359326,9.604077,-1.1484446,0.2002995,35,35,-6.28654161261211,0.896441718484446,-5.96533153771891,0.840682089374808,1.35075060063585,7.67812739009252,-0.874098570623843,0.177064466807984,1.35075060063585,10.3578502055383,-6.12593657516551,0.868561903929627,1.35075060063585,7.70392136814573,-0.878576209284423,0.177841750867595,1.35075060063585,10.3630439579072,2.53905716529968,0.0652277979138491,-0.384448971265991,-6.90351505612463,-6.91450642255786,1.92892435122114,12.574625582787,-4.29859689880902,0.62269898687224,-4.76171948567368,0.681928415456107,3.3993936,0.1026121,-0.748,0.025241,90.8237716569512,-132.092300185065,1322.9149882245,0.778429565818372,0.728533981336746,8.87943029613427,0.177643937183938,-1.21533871376609,-913.579568773473,-913.68892777075,-939.035329384816,-939.067331881685,0.0310952473131781,-947.52277777371,0.000549044163784999,1876.71438067578,1915.23709111626,NA,2513.73767626394,0.41666965721964,1.14614940656422
"693",-5.76,0.83,-5.86,0.83,1.359326,9.604077,-1.1484446,0.2002995,35,35,-4.92847077651584,0.672199839528471,-5.59565833896487,0.817726121677522,1.24058918122727,9.21473694075346,-0.959919529162788,0.151495188423337,1.24058918122727,9.984050122506,-5.26206455774035,0.744962980602996,1.24058918122727,9.32602175162512,-0.98419286052761,0.156789663122369,1.24058918122727,10.050150161897,3.10218240064148,0.0821412609095347,-0.491845512365408,-6.88141930781898,-6.68159893903278,1.89792737560413,11.2867350547487,-3.413074253638,0.476976451804613,-4.04167261685013,0.589026885885569,4.91596301,0.08911407,-0.829,0.02767123,68.2719868263289,-86.9887305238204,1240.73646895451,0.518852517741055,0.488132101518404,6.43286180616486,0.140635561150462,-0.909425609663319,-891.014367701437,-891.98705163476,-915.849648654016,-916.269633638962,0.409211777846613,-940.064886080148,0.203755992454801,1831.58397853171,1868.86572965466,NA,2394.48420738519,0.463884464027869,0.909977003865854
"694",-5.76,0.83,-5.86,0.83,1.359326,9.604077,-1.1484446,0.2002995,35,35,-5.10932016490655,0.777077435731486,-5.09673358711383,0.786660377770881,1.29959179888701,10.9662289572033,-1.28949966132775,0.223901712101513,1.29959179888701,11.0883149542259,-5.10302687601019,0.781868906751184,1.29959179888701,10.9662685626884,-1.28946950721638,0.223924670296046,1.29959179888701,11.0917409451192,2.37587942309869,0.0658234985410007,-0.381405185016131,-6.43743511718808,-6.36775585050077,2.10411918379167,11.4229457934533,-3.95532183314528,0.601944914764224,-3.86297929230852,0.594509589993953,7.04639219,0.14008291,-0.858,0.02771075,58.3622239042794,-67.1692046797214,1264.83690366716,0.98903424115515,0.993890682436397,5.73662439481698,0.138487726923859,-0.847838896393133,-913.536746641926,-913.550382236561,-933.938933356661,-933.958769486498,0.0192721137417673,-965.718714506165,0.0221034048378439,1876.62873641269,1905.04429905995,NA,2462.50460265459,0.38364531627072,0.879178167975984
"695",-5.76,0.83,-5.86,0.83,1.359326,9.604077,-1.1484446,0.2002995,35,35,-5.11514710214626,0.677085351099792,-5.70654103454386,0.810235920469595,1.61440736794164,6.8935469867602,-0.839611386545879,0.18587762013645,1.61440736794164,8.58291223655458,-5.41084406834506,0.743660635784693,1.61440736794164,6.98098368257937,-0.859297496251025,0.190309888667325,1.61440736794164,8.62940806282531,2.61785161924881,0.0702120057324924,-0.413905288991423,-7.03898901973038,-6.83710631517063,2.37304631103312,9.9657701000036,-3.96589763654398,0.530601766252313,-4.11360820818622,0.598696101678005,4.97662282,0.1254275,-0.797,0.02709539,70.8104253886065,-92.0656076483757,1324.29525860092,0.671712451026012,0.688863154429667,5.82953192025897,0.13725457941327,-0.84398805182183,-946.392853862626,-946.962361156488,-970.825732816992,-971.164548133666,0.329932708174947,-990.819883493548,0.186380228358652,1942.34095085409,1978.81789798061,NA,2556.52490955347,0.410044471267138,0.904991506261728
"696",-5.76,0.83,-5.86,0.83,1.359326,9.604077,-1.1484446,0.2002995,35,35,-5.87799035131506,0.777793627619248,-6.26617720612865,0.945103233466905,1.31117138398463,9.66163567947069,-1.05937716835931,0.161596686249404,1.31117138398463,8.50168909736182,-6.07208377872186,0.861448430543076,1.31117138398463,9.6993079380332,-1.07561401577784,0.168594812301628,1.31117138398463,8.79631562185926,3.2647723822572,0.0989523101514048,-0.547289077276952,-7.20183841765814,-6.59323793550682,1.86763558814212,10.1009075350944,-4.66200820679044,0.622127638432187,-4.13572499882764,0.621905781803986,5.28264032,0.07979036,-0.856,0.02533807,93.1367424762202,-136.718241823603,1265.60466890152,0.223578478439632,0.203952961161517,8.24266134501831,0.185430201307036,-1.19104289032432,-898.424907754766,-900.759642756075,-919.258378406045,-921.395952691715,2.10853075285205,-932.570765214555,2.12598854139494,1846.40505863837,1875.68318915872,NA,2394.49109597943,0.57413121622225,1.15117645503231
"697",-5.76,0.83,-5.86,0.83,1.359326,9.604077,-1.1484446,0.2002995,35,35,-6.96921461552834,0.999214930388122,-5.01687021752997,0.682774044850363,1.42738563602656,8.42115696084123,-1.18749126595273,0.227741704198948,1.42738563602656,7.19349548209766,-5.99304241652916,0.840994487619242,1.42738563602656,9.37406912294014,-1.34194166349705,0.252775412708928,1.42738563602656,7.35216056981549,2.84896835282431,0.0779799263351368,-0.449793676768425,-6.9738918571236,-6.9068203698104,2.25132889070411,6.95712180091219,-5.18062533558108,0.738636728712233,-3.49563810944178,0.481391117710752,3.65639081,0.09875894,-0.818,0.02567832,91.7174466644259,-133.879650200014,1263.33712559824,0.0378921056465815,0.0227048181208719,9.58918161264038,0.223623703364936,-1.43448979967688,-916.767425776392,-919.692370003282,-929.695637057934,-931.038212604514,1.31680379740078,-966.694800269124,0.0298832539011337,1883.09009468162,1896.5577064625,NA,2392.79460099647,0.473646874868057,1.27907714560552
"698",-5.76,0.83,-5.86,0.83,1.359326,9.604077,-1.1484446,0.2002995,35,35,-5.65507676490145,0.82166264305252,-5.85958737276634,0.82980059153662,1.3051120580522,6.93874435155275,-0.740878109086852,0.152511132465897,1.3051120580522,10.4897649205609,-5.75733206883389,0.82573161729457,1.3051120580522,6.94920049873508,-0.741294183284668,0.15252768901728,1.3051120580522,10.5061991438094,2.39780957954683,0.0632964064672931,-0.372115512723507,-6.71756458927003,-6.87359140592205,1.84707377118913,13.0623615757459,-4.09578613708579,0.600739148276764,-4.21322367975913,0.604649962607971,4.41925224,0.10940784,-0.792,0.02532946,84.4169589976349,-119.278674866432,1295.92285865658,0.959149086808257,0.953577058118026,5.97890692255675,0.125446549949979,-0.824289697002106,-903.349741724704,-903.416333668037,-931.422627327419,-931.522679303498,0.0972628412001982,-938.135092714047,0.111532889934246,1856.25472657825,1900.01168700147,NA,2472.56704244673,0.386058743094714,0.841759619045363
"699",-5.76,0.83,-5.86,0.83,1.359326,9.604077,-1.1484446,0.2002995,35,35,-5.20795180946249,0.763986702062336,-5.72530084452884,0.843300494597284,1.42141994472742,16.3084781450833,-1.77942969939892,0.2353555263435,1.42141994472742,9.99054771527209,-5.46662632699566,0.80364359832981,1.42141994472742,16.3753906511044,-1.78968792790778,0.236928195765069,1.42141994472742,10.0016197382428,3.68687282316692,0.0947483683458693,-0.575995499073585,-6.61405796545811,-6.65887594861651,2.23773551519435,10.4573450555045,-3.81791295474568,0.55681704353978,-3.96455295155554,0.597401284985562,8.10881165,0.13189157,-0.899,0.02868841,54.8599057625339,-60.1645683962305,1278.91559805873,0.864149623253638,0.877457800118638,8.53132780210056,0.168657101143524,-1.16783178184421,-926.09363792847,-926.274574760093,-949.228175204646,-949.298658632445,0.0685040983867649,-977.970750591386,0.00932306757735736,1901.74251898578,1935.62278275592,NA,2497.66662772123,0.538143885318889,1.06857097422451
"700",-5.76,0.83,-5.86,0.83,1.359326,9.604077,-1.1484446,0.2002995,35,35,-6.11149098391505,0.815167668401358,-5.73135527007863,0.800199380696326,1.30802190516578,7.64963153679644,-0.803395549586297,0.126067588070798,1.30802190516578,7.68411728828447,-5.92142312699684,0.807683524548842,1.30802190516578,7.68575732702992,-0.804818044769212,0.126123600480003,1.30802190516578,7.74112909046965,2.54366424960737,0.0636840912014945,-0.381691942034064,-7.21267418655187,-6.92171565752102,1.79134792872777,9.70067108373899,-4.65305361125875,0.627003794031782,-4.03718464178493,0.555802161616831,5.92992929,0.10169787,-0.878,0.02298847,109.804552105483,-170.053861082129,1253.51032636095,0.710440769541353,0.651547919810323,5.67171662472139,0.119026696854257,-0.791883567322228,-889.796435215965,-890.069771436074,-912.371004333641,-912.829057012658,0.446424480450314,-921.067857758815,0.525555015960552,1829.14811356077,1861.90844101391,NA,2336.96679163977,0.404151624636025,0.761144189281408
"701",-5.76,0.83,-5.86,0.83,1.359326,9.604077,-1.1484446,0.2002995,35,35,-6.47813411167847,0.963640541217052,-6.50612943747989,0.94087665514792,1.54757735737798,8.44454207427595,-1.05707567909146,0.21816930588336,1.54757735737798,9.37874219105179,-6.49213177457918,0.952258598182486,1.54757735737798,8.44473800884263,-1.05691635848971,0.218298854510602,1.54757735737798,9.39462233402399,3.07160022285042,0.0845900835026275,-0.495962503380807,-6.69475435837692,-6.85837102677169,2.20119540111424,11.1285705124279,-4.23776737475877,0.616036824819011,-4.50054378649135,0.644506733805608,4.84869908,0.11032602,-0.833,0.02987251,54.1398275351484,-58.7244119414593,1350.79156770326,0.927118889157038,0.901580355629168,9.48340679021583,0.237331024082137,-1.43391059256797,-944.037791532386,-944.103753508653,-966.052284534268,-966.159307180816,0.104044372837433,-975.929758025574,0.119325657916643,1937.63082619361,1969.27100141516,NA,2642.85872346505,0.47700822237105,1.46392507395116
"702",-5.76,0.83,-5.86,0.83,1.359326,9.604077,-1.1484446,0.2002995,35,35,-5.94215762749222,0.84211109612878,-6.17392097130458,0.940789130931004,1.35348118185032,10.1017291467933,-1.19957618730857,0.192085646910227,1.35348118185032,8.0528146398765,-6.0580392993984,0.891450113529892,1.35348118185032,10.115157708677,-1.20529367513522,0.194519985548334,1.35348118185032,8.15079779748452,2.70305395342307,0.0689784753758911,-0.416389461115862,-6.88281885987482,-6.52668400723215,1.96479938246883,9.04530691315102,-3.92080781335464,0.55147549400095,-4.15454147706797,0.638453874834519,4.51647525,0.09957169,-0.848,0.02757792,72.0784456698785,-94.6016482109197,1248.10855940931,0.425844207475005,0.38126269631232,9.1561264927982,0.19848032295108,-1.30948395371085,-907.166978489572,-907.918055617301,-923.651763650064,-924.405337952597,0.735998137860472,-941.499161022084,0.764705991562734,1863.88920010798,1884.46995964676,NA,2401.61547060769,0.409239526784861,1.21112515734376
"703",-5.76,0.83,-5.86,0.83,1.359326,9.604077,-1.1484446,0.2002995,35,35,-5.78673898831169,0.804678248302593,-5.52283528168087,0.791428468817851,1.30006744812318,10.8535754699579,-1.31548095412221,0.238028915996465,1.30006744812318,11.3940970616155,-5.65478713499628,0.798053358560222,1.30006744812318,10.8709867615513,-1.31635512060173,0.238072805160564,1.30006744812318,11.4174233022032,3.02459353747638,0.0795132660220046,-0.477565669837185,-6.95041544155167,-6.76545049244799,2.12637263019554,11.5539080400612,-4.33559401277354,0.61454424828757,-3.24743889118119,0.472571139940174,6.26701215,0.17171976,-0.862,0.02493679,79.4451414069503,-109.335039685063,1310.80784877269,0.344966614194036,0.306244252159472,8.27398010119141,0.157648475477405,-1.09999930123047,-915.715812191894,-915.80362849503,-935.777259221522,-935.908878509519,0.127979017114311,-968.663298464597,0.152513230184391,1880.98686751262,1908.72095078967,NA,2512.28065786031,0.450687212815324,1.066139272954
"704",-5.76,0.83,-5.86,0.83,1.359326,9.604077,-1.1484446,0.2002995,35,35,-5.64534908764561,0.777963826264365,-5.08332025876649,0.767800793715616,1.3161512925799,9.34547980803083,-1.18417202831445,0.212132117159954,1.3161512925799,8.78583221645526,-5.36433467320605,0.772882309989991,1.3161512925799,9.42444890915362,-1.18560000763475,0.212157938967601,1.3161512925799,8.95319637969136,3.43555792037723,0.0909703667976126,-0.542594602675101,-6.96818315450336,-6.46670304366365,2.09766802999601,8.85455018313413,-4.05685875712917,0.566627406883595,-3.17038989659376,0.474077600605222,3.88286188,0.10961236,-0.839,0.02848795,64.2692731049077,-78.983303080978,1227.63353400473,0.281931615283588,0.295636776784673,8.7327991768895,0.184077694377096,-1.22430830938415,-906.036120216808,-906.790368292872,-922.249765206401,-923.436831948512,1.16298367357221,-956.859981753629,1.44770749572776,1861.62748356245,1881.66596275943,NA,2376.28376492848,0.521766814715793,1.16569080976938
"705",-5.76,0.83,-5.86,0.83,1.359326,9.604077,-1.1484446,0.2002995,35,35,-6.21598063231231,0.93862040580299,-6.25416160184057,0.88434687797507,1.08215433355086,12.5516072971944,-1.62397186414232,0.269840278188096,1.08215433355086,11.2050590495559,-6.23507111707644,0.91148364188903,1.08215433355086,12.5519717438029,-1.62345381016428,0.270576682143818,1.08215433355086,11.3167911826043,3.82590226528264,0.0944944009405197,-0.584652995314927,-6.58166437135199,-6.94319297532834,1.90714556147544,9.76782461290859,-4.2584620656552,0.646177883108747,-4.80301522915897,0.67723843256862,6.20871368,0.1362736,-0.868,0.02145732,115.787772694894,-182.02030226095,1264.98181615009,0.51016818390321,0.502845171403796,8.54045856786917,0.188185326136238,-1.23604408931156,-876.865864636141,-877.336369451792,-889.753102057367,-890.391006894551,0.622511125627593,-936.633443423082,0.757391584151774,1803.28697240112,1816.67263646136,NA,2347.94333003924,0.547276488844398,1.12264694336527
"706",-5.76,0.83,-5.86,0.83,1.359326,9.604077,-1.1484446,0.2002995,35,35,-6.90632475910719,0.915686716601233,-5.90330005658328,0.844399468483374,1.52788540186959,21.1170395073071,-2.62940136139496,0.394286864312492,1.52788540186959,10.9566123390319,-6.40481240784523,0.880043092542303,1.52788540186959,21.3685541457754,-2.64727707910425,0.395557332248546,1.52788540186959,11.1555375256805,4.37021772639963,0.114192705345457,-0.693428291973512,-7.40864148386446,-6.8303277586389,2.74264224213673,9.20864661186848,-4.03798276501744,0.529215421133817,-3.97782655181616,0.576890047049199,7.99999257,0.16324609,-0.904,0.02915239,51.5766800138045,-53.5981168987717,1380.75545211717,0.462456634907958,0.430863024265089,16.2798479471291,0.312835854205511,-2.19539069317218,-959.681448906328,-960.423139950507,-972.821542254198,-973.976568170538,1.1313332161774,-1023.77894419209,1.42146650185569,1968.91814094149,1982.80951685502,NA,2707.91278733557,0.627250027593129,2.02189640543582
"707",-5.76,0.83,-5.86,0.83,1.359326,9.604077,-1.1484446,0.2002995,35,35,-4.71228452058365,0.617807856780066,-6.60467897696553,0.961417876064074,1.3048600279936,7.8117379254066,-1.0173208461157,0.191214559357386,1.3048600279936,7.94661087058729,-5.65848174877459,0.78961286642207,1.3048600279936,8.70702712004282,-1.17988227002828,0.220731520695475,1.3048600279936,8.16375844442092,1.81865005347999,0.0507020702931689,-0.288562328070517,-6.98928641009857,-6.83454128748678,2.09009227614696,7.9200093014533,-3.73262553429079,0.481963179365734,-4.87942793166719,0.717830350934684,5.3034453,0.11995263,-0.866,0.02506732,91.9238209890017,-134.292398849166,1251.26039182434,0.0651263177160974,0.060128823364725,6.63472295903444,0.167954711610646,-1.02072633303333,-897.691867955718,-901.393352627949,-913.862581663905,-915.541294935358,1.65046130141088,-952.486288883521,0.152844611611739,1844.93897904027,1864.89159567444,NA,2368.22838479952,0.311567337823791,0.987961578123502
"708",-5.76,0.83,-5.86,0.83,1.359326,9.604077,-1.1484446,0.2002995,35,35,-6.52892087088041,1.02738684504417,-6.7513585833404,0.994933551643216,1.29768068755852,6.5292990193022,-0.968120501386231,0.21111958269843,1.29768068755852,8.15479170012481,-6.64013972711041,1.01116019834369,1.29768068755852,6.5416686532833,-0.966315792299756,0.211382886761572,1.29768068755852,8.27316361370126,2.59771917202402,0.0671279518467069,-0.402013785667956,-6.36575713499604,-6.78154317160622,1.92442051169645,8.72176755337765,-4.9673788565867,0.792597653857979,-5.32901189974134,0.796555721286757,3.16769066,0.12949327,-0.805,0.02312919,111.985488296707,-174.415733464577,1282.5669274162,0.522226527472801,0.478422794253506,7.41076738056849,0.178397402685394,-1.12023404333044,-895.984284049214,-896.551154759102,-914.121054266478,-915.020356199467,0.879243393717969,-935.265839921278,1.09961726941454,1841.52381122727,1865.40854087958,NA,2390.71812136781,0.399563498567755,1.03289713461031
"709",-5.76,0.83,-5.86,0.83,1.359326,9.604077,-1.1484446,0.2002995,35,35,-6.08132140259442,0.849867751346511,-6.74009527086016,0.889173509778273,1.27904716077269,10.8341003601476,-1.4465867373874,0.247118378699368,1.27904716077269,8.19928314023808,-6.41070833672729,0.869520630562392,1.27904716077269,10.942596112525,-1.4530601390192,0.247504614360842,1.27904716077269,8.32530136035995,3.27030126876692,0.0758839282957445,-0.484066636489562,-6.97577049037799,-7.40037082105105,2.0629021515151,7.65771204352698,-4.52331328744037,0.641768783877215,-4.68910718146884,0.617616936568114,5.52051115,0.13096262,-0.883,0.02570244,88.9500611384965,-128.344879148156,1298.16529826121,0.540634445669619,0.542832720800867,9.02779997935093,0.182669497460157,-1.24830804421184,-899.959254885392,-900.623320549296,-910.916942367916,-911.869342837411,0.931511601246937,-948.233530080765,1.20122911972174,1849.47375289962,1859.00031708246,NA,2467.98571737426,0.449739238602581,1.14988198929031
"710",-5.76,0.83,-5.86,0.83,1.359326,9.604077,-1.1484446,0.2002995,35,35,-5.36742428094232,0.833833327487839,-6.43724020550605,0.896535547237013,1.49622867619413,10.0604349591965,-1.27113442153871,0.213614400143742,1.49622867619413,7.10884276207876,-5.90233224322418,0.865184437362426,1.49622867619413,10.346561487309,-1.287904379837,0.214597292234111,1.49622867619413,7.39817615437568,2.51688477607479,0.0650417007746858,-0.386598028641026,-6.35740231685099,-7.05365464159083,2.18598131837216,7.67859124887031,-3.74057821393883,0.58146256702022,-4.42292698751233,0.616398743213342,5.07629575,0.11034331,-0.894,0.03049773,53.5946498554225,-57.6340565820077,1245.04613896516,0.197385322561684,0.19801297330123,8.79286019742955,0.191296602262633,-1.2397907541221,-927.128913206534,-928.771826934894,-940.508935777264,-942.963093256802,2.42632287410971,-962.515840567517,3.04077718236712,1903.81306954191,1918.18430390116,NA,2432.45822134831,0.398208729797453,1.24142194748015
"711",-5.76,0.83,-5.86,0.83,1.359326,9.604077,-1.1484446,0.2002995,35,35,-5.77840260006954,0.843994231259403,-5.37278869916166,0.786300343904543,1.45613288923122,11.8748752227471,-1.28215708976916,0.185258933197127,1.45613288923122,8.75785168746708,-5.5755956496156,0.815147287581973,1.45613288923122,11.9160058818995,-1.28800745044629,0.186091079356656,1.45613288923122,8.76523349138912,3.15936903968593,0.09064734775352,-0.523475841955351,-6.70784460064241,-6.64595595115835,2.10881310443079,10.2231680404748,-3.86112055664083,0.56050395761199,-3.53653679908451,0.525047357868886,5.55630815,0.09066773,-0.858,0.02738139,69.09051027595,-88.6257774230626,1257.23137310218,0.899155913474235,0.903305512440702,8.838785279509,0.188861101850494,-1.2552016335721,-925.064183847062,-925.174490715367,-946.812072467879,-946.865007369759,0.0514419241833197,-962.709882328405,0.0192581877205376,1899.68361082296,1930.79057728239,NA,2425.8369687813,0.497775552393599,1.15942498055335
"712",-5.76,0.83,-5.86,0.83,1.359326,9.604077,-1.1484446,0.2002995,35,35,-5.07798390651629,0.751631097787855,-6.72284748488771,0.921296883156384,1.14923869896729,9.67210076579537,-1.23230139184231,0.231386684099204,1.14923869896729,11.5403778745901,-5.900415695702,0.836463990472119,1.14923869896729,10.3484948136586,-1.30207065955443,0.238583303780384,1.14923869896729,11.9021213902318,2.62669274593005,0.0746844302636321,-0.427449161196786,-6.55770155552187,-7.19174028905114,1.93545788250421,11.1731710128408,-3.88570297291257,0.57433254326666,-4.53190529478425,0.627287018974943,6.29630281,0.16884223,-0.882,0.02314484,98.0497179747666,-146.544192820696,1283.26221079525,0.489984810899617,0.440657121576719,7.57025917557235,0.143272002702116,-0.992743513742926,-887.573454560051,-889.725813433289,-906.386070003795,-908.37673549263,1.96154847243314,-944.537349337717,2.0304443585545,1824.70215224894,1849.93857235422,NA,2419.98022876981,0.432558287406081,1.0121134237038
"713",-5.76,0.83,-5.86,0.83,1.359326,9.604077,-1.1484446,0.2002995,35,35,-6.25509799420032,0.949917573260587,-5.19192884911465,0.742691236663315,1.34547881242755,9.69133517655423,-1.13694171235845,0.206116173152362,1.34547881242755,10.3627285958263,-5.72351342165748,0.846304404961951,1.34547881242755,9.97391733431978,-1.19202087413829,0.216851861797244,1.34547881242755,10.452771905797,3.3499410378217,0.0854603758369566,-0.518420760389254,-6.55347613289353,-6.72490787733404,2.05805307782542,11.4226902492316,-4.75284120317655,0.734309331902429,-3.75898891045107,0.540240968647018,6.02072179,0.13802869,-0.837,0.02399729,90.1237979064543,-130.692352684071,1291.53757578165,0.230156377309688,0.166819331980587,6.95610092682355,0.160806544517156,-1.01536840142967,-916.773783101258,-918.107818304791,-938.107318010322,-938.659842766215,0.538862213100706,-960.29454921783,0.136790904906882,1883.10280933135,1913.38106836727,NA,2452.38279887923,0.497719928494571,1.00123425451709
"714",-5.76,0.83,-5.86,0.83,1.359326,9.604077,-1.1484446,0.2002995,35,35,-5.63158158269695,0.802068635198505,-5.53238776643094,0.779246227830729,1.4007305554408,7.85009324181586,-0.926297359250651,0.170764794950723,1.4007305554408,8.26513429316546,-5.58198467456395,0.790657431514617,1.4007305554408,7.85255309511222,-0.926863319671449,0.170895010520238,1.4007305554408,8.26680555870579,3.35457280622109,0.0842172648210984,-0.518416940121854,-6.810805435522,-6.84758161660311,2.03698785135135,9.56418506074455,-3.83836820886948,0.54976712666358,-3.77723939434059,0.528910975272787,3.25317499,0.07742127,-0.788,0.02813824,71.7484301611561,-93.9416171934748,1245.83791465546,0.956657669538551,0.965081429805753,8.38737300803459,0.181677936768445,-1.18913651692014,-913.433931123231,-913.454516652092,-933.681477900795,-933.694103517873,0.0122659913117352,-952.101996645018,0.00747921091165525,1876.4231053753,1904.52938814822,NA,2397.73421211745,0.479527101285904,1.14675717271202
"715",-5.76,0.83,-5.86,0.83,1.359326,9.604077,-1.1484446,0.2002995,35,35,-4.49033503805,0.620740674389827,-6.05104210540493,0.860516387792273,1.26335075774806,12.0487324995578,-1.4740820237869,0.229424428440269,1.26335075774806,8.89410747455929,-5.27068857172746,0.74062853109105,1.26335075774806,12.6576841370807,-1.56763693640872,0.243797526624683,1.26335075774806,9.00734614139591,2.95617584569428,0.080339989277293,-0.476280121723223,-6.74986395917063,-6.88204937279032,2.18511805059707,7.9959059020387,-3.1522428466146,0.437537104865414,-5.00078836287152,0.705916054694923,7.86413313,0.14589236,-0.903,0.02610652,74.346068557216,-99.1368939855946,1235.3521868204,0.0757780793710335,0.0476204032539294,6.44755594852313,0.142903777093861,-0.934216271977597,-898.602587837122,-900.244502213732,-912.988680616747,-913.785284963099,0.778264170334708,-963.675930793769,0.105777724787037,1846.76041880308,1863.14379358012,NA,2371.5674796552,0.446038554897455,0.856710102591876
"716",-5.76,0.83,-5.86,0.83,1.359326,9.604077,-1.1484446,0.2002995,35,35,-6.04949283418286,0.83338206118517,-6.46131930401239,0.931557212322578,1.23062377642545,6.82730405058152,-0.78121722462005,0.14083519145227,1.23062377642545,8.17768585649067,-6.25540606909762,0.882469636753874,1.23062377642545,6.86970431089459,-0.791325006099525,0.143244781527483,1.23062377642545,8.21639071290376,2.72577861183728,0.0689994450697232,-0.416667636893698,-7.04215939794874,-6.8690837220671,1.69601927253011,10.1166142998329,-4.52306559994978,0.630106922588925,-4.60735753261132,0.673607483636776,4.02790093,0.09649955,-0.826,0.02642396,85.512629768103,-121.470016407369,1262.45275848795,0.77440725840244,0.754369387911878,6.69726567332787,0.13369965914793,-0.916033904852492,-880.290951113873,-880.759005449831,-901.296825549847,-901.591414292847,0.286774931855909,-909.004864028274,0.189066991316949,1810.13714535658,1839.76008344632,NA,2403.43550056853,0.416042468322332,0.862303263644905
"717",-5.76,0.83,-5.86,0.83,1.359326,9.604077,-1.1484446,0.2002995,35,35,-6.23849965309343,0.866421045494449,-6.49988078781273,0.933165595026413,1.298711275233,11.6691486263189,-1.49870736148901,0.243748653601283,1.298711275233,8.30647231520084,-6.36919022045308,0.899793320260431,1.298711275233,11.6862286507157,-1.50306880301226,0.244862362324339,1.298711275233,8.32660590488826,3.06449567446834,0.082475694662953,-0.483137749457831,-7.03432849783643,-6.89806287791888,2.05404323057718,8.02632749673645,-4.26341298404117,0.58898456718043,-4.74519211100471,0.67768701487253,7.1898096,0.1477926,-0.907,0.0279876,65.2339823952969,-80.9127216617565,1285.7158785466,0.725689660208951,0.660831837024586,7.66827206387595,0.171610836057794,-1.11579281619051,-903.626725685243,-903.819900818491,-915.465837966655,-915.617112147975,0.147110962389958,-948.638465510622,0.119178766873743,1856.80869449932,1868.09810827994,NA,2490.51903543144,0.489785457806367,1.02727572422865
"718",-5.76,0.83,-5.86,0.83,1.359326,9.604077,-1.1484446,0.2002995,35,35,-5.90894943835154,0.825353843964599,-6.29799550318453,0.879106951947006,1.4740204855503,9.92459003380475,-1.11053222185462,0.191822196948158,1.4740204855503,9.46919118561511,-6.10347247076804,0.852230397955802,1.4740204855503,9.96242924394526,-1.1157603306379,0.1925445461026,1.4740204855503,9.47635732727085,3.21775854214153,0.0836796977489444,-0.503346201664552,-6.94944604285732,-7.01824500001283,2.10927349181039,11.3166263585814,-4.54422827694255,0.630775458763797,-5.0871894372463,0.730790709722387,6.19936503,0.12769318,-0.841,0.02631087,78.5525881699374,-107.549933211037,1341.88765652523,0.685170379674011,0.670041789523119,6.42221427460406,0.1328633253382,-0.882255988816383,-932.66037051644,-932.76555543662,-954.728909699536,-954.776808176405,0.0465458719733145,-966.017309305279,0.0216813345397123,1914.87598416172,1946.6242517457,NA,2576.22537983943,0.482915435571326,0.886212079531942
"719",-5.76,0.83,-5.86,0.83,1.359326,9.604077,-1.1484446,0.2002995,35,35,-5.8016737958184,0.827153315469588,-6.50013111627381,0.870716327955617,1.28590372070121,7.24175613030794,-0.94132834282338,0.186309077903244,1.28590372070121,8.46911128590972,-6.1509024560461,0.848934821712602,1.28590372070121,7.36371678743238,-0.948935069066369,0.186783511917459,1.28590372070121,8.60348144108054,2.63850428332031,0.0719973290761039,-0.422700193716575,-6.83144961474636,-7.2703697796026,1.90700386472664,9.35886499056272,-4.13692642064314,0.582477490717029,-4.7283851515685,0.641008037009935,3.85285366,0.1029197,-0.805,0.02528049,92.8671315757165,-136.179020022596,1289.95205771117,0.606718642125586,0.609091595026907,7.89580619954057,0.16396028544756,-1.10674744972828,-895.711900845193,-896.472389568966,-914.250465460502,-915.236809228375,0.964944890362866,-935.260046396014,1.16052441798905,1840.97904481922,1865.66736326763,NA,2443.72509539975,0.411833887339427,1.01549382953365
"720",-5.76,0.83,-5.86,0.83,1.359326,9.604077,-1.1484446,0.2002995,35,35,-5.96481746273474,0.832895767017271,-6.50008234486085,0.98394879566735,1.30703622365824,9.52564972626288,-1.20504490053085,0.198512692210908,1.30703622365824,7.27643301386068,-6.2324499037978,0.90842228134231,1.30703622365824,9.59727684977224,-1.22525824592464,0.204216946576998,1.30703622365824,7.4042563924817,3.72006348640272,0.0905033255486184,-0.562334556910117,-6.96038124131472,-6.59571126670764,1.9370236855706,7.67245815683466,-4.27398670444875,0.596459545269089,-4.41621631188339,0.673915946193435,5.86353677,0.13386489,-0.899,0.02848575,64.3834832397271,-79.2117233506168,1243.90048277779,0.378967601046816,0.353104840401424,7.60247932532975,0.167284910530015,-1.09276418544956,-896.023370716616,-897.254247821822,-908.820453477781,-909.893288230516,1.05020964123953,-932.867600914194,0.942041056091192,1841.60198456207,1854.80733930219,NA,2408.58924220496,0.533606642159505,1.02424883651946
"721",-5.76,0.83,-5.86,0.83,1.359326,9.604077,-1.1484446,0.2002995,35,35,-4.6861262789044,0.680341383242438,-5.62062490161452,0.773861959022013,1.39712031003033,7.77914196373688,-0.950116084814169,0.164685993508127,1.39712031003033,6.81855376503083,-5.15337559025946,0.727101671132226,1.39712031003033,7.99746388269866,-0.971964797129436,0.166872518031663,1.39712031003033,6.92163452217384,2.31338192033926,0.0608004964822001,-0.356960016914527,-6.59056959954546,-6.96789683206278,2.11227795118609,7.29522003560186,-3.30917862422662,0.478617739554882,-3.86165111606351,0.539398698833297,4.33886794,0.08908638,-0.857,0.0307776,51.5417484564583,-53.5282537840793,1196.61670231891,0.678114878975299,0.641567994175352,6.93636921773394,0.148581865788817,-0.978710104168583,-905.222706744592,-906.057762190207,-921.166086282015,-922.082943949264,0.896520212865333,-952.531567906416,0.966950596922909,1860.00065661802,1879.49860491066,NA,2339.70515085373,0.376019774777863,0.939790804143062
"722",-5.76,0.83,-5.86,0.83,1.359326,9.604077,-1.1484446,0.2002995,35,35,-5.8447512221023,0.798212411237113,-5.68122231877586,0.728138872143823,1.36252388663885,7.69876261418855,-0.839812639336276,0.156734250912132,1.36252388663885,9.38448430343697,-5.76298677043908,0.763175641690468,1.36252388663885,7.70544803974433,-0.842677401586307,0.157961826132397,1.36252388663885,9.43390908114074,2.27610286654834,0.0572038719843247,-0.343979746586025,-7.04694945941497,-7.30090056908974,1.99679074262327,11.0939452699734,-4.19006579423895,0.56514311333068,-4.06163575981514,0.540615138421489,4.84938308,0.10871869,-0.821,0.02639933,80.6143479356768,-111.673452742516,1318.64031131075,0.973593251601825,0.964422618805407,6.88894473986755,0.138829657626712,-0.931911496288556,-910.278305039053,-910.591680541246,-934.889777974369,-935.222151455398,0.323644851843414,-951.952163499825,0.317794690969403,1870.11185320694,1906.94598829537,NA,2525.60716987898,0.35585499178643,0.946952506050834
"723",-5.76,0.83,-5.86,0.83,1.359326,9.604077,-1.1484446,0.2002995,35,35,-6.54939893486379,0.907387558032979,-4.64722716754727,0.696449638486497,1.31554979751633,8.25275508646036,-0.904536845221916,0.155431338272031,1.31554979751633,9.00980121333575,-5.59831305120553,0.801918598259738,1.31554979751633,9.15731944455438,-1.00484688402637,0.166555039747681,1.31554979751633,9.36206814826214,3.24123893178463,0.0798128903101762,-0.49781624456447,-7.101159898799,-6.45570167177443,1.92535148350702,10.5603748762849,-4.7085906075736,0.646022338930168,-3.06932093207244,0.465804164061413,3.87685894,0.07828556,-0.774,0.02623796,83.7221608080296,-117.889078487222,1262.28760302036,0.0397666726626291,0.0294218104287144,9.05540814657432,0.186150409513976,-1.25927612805764,-901.051320539117,-903.851696352161,-923.721808102276,-926.142905858037,2.39306965887406,-941.446888748764,2.22741582776383,1851.65788420707,1884.61004855118,NA,2406.68612755349,0.450287476116371,1.17264841042922
"724",-5.76,0.83,-5.86,0.83,1.359326,9.604077,-1.1484446,0.2002995,35,35,-5.22136474090424,0.723425587580744,-5.20407534262379,0.692442792711842,1.29597670480791,14.9487742796693,-1.65100989596042,0.222228443056222,1.29597670480791,10.0695896047389,-5.21272004176402,0.707934190146293,1.29597670480791,14.9488490104925,-1.65114381443051,0.222468426450694,1.29597670480791,10.0901327403832,3.45944067094204,0.0888083409705811,-0.541230900464553,-6.86912352098918,-7.03642159712561,2.20796476509328,9.61830062921279,-3.33862983017073,0.470490147198423,-3.19452034576854,0.423749594021101,5.66070214,0.10539469,-0.866,0.02850372,58.9819861131872,-68.408729097537,1248.03831501973,0.791585121773973,0.767174003079083,10.6214960590229,0.190128983363293,-1.3916509447986,-905.074140068651,-905.22138898298,-927.093831056042,-927.22361787238,0.126195574876215,-972.027582572863,0.142063234752797,1859.70352326614,1891.35409445871,NA,2427.66790094193,0.500521789063526,1.2517646363366
"725",-5.76,0.83,-5.86,0.83,1.359326,9.604077,-1.1484446,0.2002995,35,35,-5.83541667836558,0.8699570288839,-6.50619044397777,0.930534813968441,1.23475686080621,10.2638553235924,-1.30915645807298,0.21698264930325,1.23475686080621,8.26975131260157,-6.17080356117168,0.90024592142617,1.23475686080621,10.3763396847508,-1.31931495532638,0.217900066314687,1.23475686080621,8.3443982717027,3.18326745556786,0.0823801066903388,-0.500017998273596,-6.61017904907998,-6.9200460468606,1.90992583738966,8.31933421529484,-4.12136077788174,0.621458527393069,-4.57206398271269,0.658236102915014,5.8378462,0.1323978,-0.885,0.0262781,78.4701555006653,-107.385067872493,1248.77249796957,0.699193528936572,0.672123656825622,7.74731707873413,0.165056152706285,-1.10367743403826,-889.912507327732,-890.345087639129,-902.816988747045,-903.378423490498,0.547586774197079,-931.9338540356,0.641942633253184,1829.3802577843,1842.80040984072,NA,2390.15992806665,0.463494056713896,0.995376956719586
"726",-5.76,0.83,-5.86,0.83,1.359326,9.604077,-1.1484446,0.2002995,35,35,-6.07177708807913,0.888696015712446,-5.12748404829037,0.660967691658316,1.20466115377891,13.5018239487906,-1.68947203499293,0.265785362571801,1.20466115377891,10.1106735000467,-5.59963056818475,0.774831853685381,1.20466115377891,13.724746285039,-1.7432326028347,0.278750409965926,1.20466115377891,10.3299113637673,2.45007762708494,0.0683758820047799,-0.393245649612818,-6.73489742435318,-7.14735081006309,2.18089220346967,8.55529749035506,-4.36632784900199,0.635970630229426,-3.87252462392831,0.510954662065358,8.03499816,0.15950838,-0.904,0.02326912,95.7169799204402,-141.878716712043,1262.37670258857,0.339714235733852,0.286421377476893,6.98885407973626,0.158598933067252,-1.01430456153816,-896.05694117185,-898.057880644114,-909.451907039587,-910.819709068457,1.34178857230749,-965.313076057332,0.971445172964153,1841.66912547254,1856.0702464258,NA,2382.8746884651,0.403783516292672,0.981064318928291
"727",-5.76,0.83,-5.86,0.83,1.359326,9.604077,-1.1484446,0.2002995,35,35,-5.96516081163859,0.942629421633181,-6.12538886766666,0.917349523464627,1.2184866080408,11.8055571432492,-1.52109323653171,0.268936872936249,1.2184866080408,11.2308457574318,-6.04527483965263,0.929989472548904,1.2184866080408,11.8119754007338,-1.52008059929667,0.269096641249102,1.2184866080408,11.3013952668049,2.53830465964036,0.0685815327392292,-0.404686099672364,-6.30695987177427,-6.61779901941606,2.03039910220104,10.7249199442424,-4.30313361456493,0.665249384837718,-4.87364252713294,0.725690905595394,6.98403738,0.15221733,-0.869,0.02283569,99.8130250008322,-150.070806872827,1292.78189400007,0.72918868116127,0.75034366421257,6.77198109030421,0.17245223210589,-1.04211771720886,-903.319749769251,-903.575722754348,-918.971511240855,-919.37412258527,0.392235069635753,-954.956890369577,0.482977702627093,1856.19474266734,1875.10945482834,NA,2435.49298112732,0.392819736617774,1.02360114720564
"728",-5.76,0.83,-5.86,0.83,1.359326,9.604077,-1.1484446,0.2002995,35,35,-4.59720346281641,0.656927048918604,-5.61628622114129,0.908204070508099,1.51984859340204,11.0039262436156,-1.35597701476553,0.219877328928819,1.51984859340204,7.3915979176289,-5.10674484197885,0.782565559713352,1.51984859340204,11.2635586606943,-1.4199950348318,0.235662364323541,1.51984859340204,7.61544489246038,3.04594131315669,0.067263425445982,-0.431722957710501,-6.64114332843596,-6.16318261503852,2.35825801909269,7.51425868646455,-3.23065075828682,0.460392390866583,-3.99033235735323,0.639388337305262,6.46759531,0.12318931,-0.906,0.03318472,30.0257322225187,-10.4962213162001,1224.99238336844,0.0994404731067633,0.0765276671423807,6.90730672160807,0.182233739263964,-1.06885340771944,-932.652429514256,-935.181652568666,-946.745674757682,-948.588463459925,1.81390891674676,-980.432048692501,1.35392061758844,1914.86010215735,1930.65778186199,NA,2439.48854542068,0.437331928329739,1.12221615595312
"729",-5.76,0.83,-5.86,0.83,1.359326,9.604077,-1.1484446,0.2002995,35,35,-5.56412419614373,0.834415225911058,-5.86771820034635,0.811939634014457,1.39196306473405,7.41145400400606,-0.782723737042039,0.134030560262349,1.39196306473405,8.00273556880312,-5.71592119824504,0.823177429962757,1.39196306473405,7.43449633385301,-0.781017873306861,0.134156848320125,1.39196306473405,8.12386048491996,2.51953830143832,0.0612343282196938,-0.377079342549985,-6.55063543182462,-6.98813319654248,1.88214547685294,10.3105113777435,-4.18279467086927,0.641183928008536,-4.5060317480543,0.619890282671857,4.97839819,0.09067949,-0.8,0.02444743,95.4037176538681,-141.252192178899,1264.13803827731,0.398270657536477,0.401266171872307,5.88841675484065,0.132152519225688,-0.851487659895799,-906.669852817633,-907.232837390226,-930.132056860355,-931.067573964855,0.91488795077877,-935.121541527536,1.06994932471828,1862.8949487641,1897.43054606734,NA,2387.02388437572,0.374775843615677,0.814986990795932
"730",-5.76,0.83,-5.86,0.83,1.359326,9.604077,-1.1484446,0.2002995,35,35,-5.97887561325579,0.921130945583375,-6.1139898085906,0.83558896453746,1.36691458760475,9.14984703460033,-1.12925516578251,0.201012528502808,1.36691458760475,8.55121622304755,-6.0464327109232,0.878359955060417,1.36691458760475,9.15441099604558,-1.12636568179842,0.202841886133123,1.36691458760475,8.82921703109286,3.15704167783651,0.088894794272933,-0.5152057475421,-6.44875703053958,-7.09350821326351,2.01182107840144,9.52311839831531,-4.12922855263068,0.634805185427361,-4.90222340295763,0.673126262488879,4.17200734,0.10565655,-0.827,0.02524103,91.4900015637263,-133.424759998615,1275.7496793731,0.176091112996408,0.151225485765164,7.56054001822011,0.163816006868142,-1.0650528460676,-912.536951286295,-913.873312330359,-929.82291440895,-931.831269040253,1.97923013212332,-948.919870544677,2.33667033744333,1874.62914570143,1896.81226116453,NA,2418.07459874759,0.500582688120405,1.06051708939803
"731",-5.76,0.83,-5.86,0.83,1.359326,9.604077,-1.1484446,0.2002995,35,35,-4.51062092350013,0.658252538517149,-4.53196171854383,0.599486451879183,1.34754777056512,9.20417751361129,-0.869819766382619,0.1485877882396,1.34754777056512,11.6653735086883,-4.52129132102198,0.628869495198166,1.34754777056512,9.20429137099457,-0.869506237630005,0.149451151474285,1.34754777056512,11.7606619575135,2.50331186187953,0.0727571030300296,-0.41290790852985,-6.54666386508825,-6.9181177974317,2.19854756523202,12.7113557192509,-3.41733512403643,0.514550497341785,-3.26772040152492,0.437458627089404,5.38944839,0.11567696,-0.792,0.02382433,91.1267782949374,-132.698313461037,1281.60131093803,0.555072292634019,0.53135698268868,5.52083201559193,0.10252423162061,-0.704667635690153,-915.108900295394,-915.515551176842,-946.081091714787,-946.605768293218,0.511600744791607,-979.927985819774,0.544678983116206,1879.77304371963,1929.3286157762,NA,2430.50430841503,0.416314535299572,0.780345429255426
"732",-5.76,0.83,-5.86,0.83,1.359326,9.604077,-1.1484446,0.2002995,35,35,-5.94386283884332,0.822184386130796,-6.98913032082713,0.919973373558706,1.30832442383971,8.05417678731728,-0.851968633842053,0.147866399192128,1.30832442383971,9.43426589568104,-6.46649657983522,0.871078879844751,1.30832442383971,8.32732281454047,-0.877522546005682,0.150257070707672,1.30832442383971,9.59367169142837,2.58828686288598,0.0708405598648238,-0.411804956874294,-7.00324225296288,-7.4659082526892,1.80281728040186,11.9605674607058,-4.34805339732704,0.605615134788204,-5.31003368816465,0.713335375058217,4.35309556,0.09374819,-0.778,0.02192485,120.303553966448,-191.051864804058,1340.0581917529,0.384926482116699,0.356187659824639,7.83061008717589,0.14942846518684,-1.04934142782993,-900.53214084268,-901.490028248932,-925.279621341286,-926.340935072921,1.03884587753363,-929.337679203065,1.09020056543448,1850.6195248142,1887.7256750292,NA,2489.06451870175,0.418211431402434,0.981152994386867
"733",-5.76,0.83,-5.86,0.83,1.359326,9.604077,-1.1484446,0.2002995,35,35,-5.96466733052731,0.866780834672045,-6.44604983212094,0.872411682469394,1.36635455343358,11.8135436109915,-1.25660881080804,0.187038944108952,1.36635455343358,10.1294076820273,-6.20535858132413,0.869596258570719,1.36635455343358,11.8714758892017,-1.25728645870773,0.187046870720681,1.36635455343358,10.257893671203,3.19334240198469,0.0805410463852659,-0.49000759459135,-6.75835264445276,-7.20618801196322,1.97100241173204,12.0500454924877,-4.26160680004838,0.602950487005974,-4.44488916842589,0.605723737244063,8.19069275,0.12991858,-0.913,0.02911771,58.2995973891767,-67.043951649516,1332.67542549864,0.861732852427064,0.848066596588571,7.70773637847463,0.171594548768726,-1.09220099500373,-916.927044290461,-917.405973150587,-940.427086909914,-941.230588667732,0.78504153262901,-951.430439648138,0.927864496902566,1883.40933170976,1918.02060616646,NA,2598.30689934776,0.475644720065216,1.12968884473074
"734",-5.76,0.83,-5.86,0.83,1.359326,9.604077,-1.1484446,0.2002995,35,35,-6.111755367761,0.831331399890483,-5.16805143264161,0.673188769707373,1.33592991493468,9.82678649700905,-1.31536025787239,0.2457531305384,1.33592991493468,9.17160535179886,-5.6399034002013,0.752260084798928,1.33592991493468,10.049430776299,-1.35267021347588,0.252005403408708,1.33592991493468,9.21321108500407,3.6945384829729,0.087004377859286,-0.545248236757334,-7.11663924087139,-7.11510817384412,2.26454038370471,8.48177963259435,-4.15652936032948,0.566587160194068,-3.77216796822182,0.500973464969648,5.24894851,0.1404709,-0.865,0.02564652,83.3723051947525,-117.189367260668,1294.0450995374,0.850480972330899,0.877863560272409,7.69830708589594,0.163891430689954,-1.07940883897085,-913.453165374563,-914.144579068559,-928.610650361598,-928.896392975716,0.278145854081344,-974.263997320803,1.29916837852507e-05,1876.46157387796,1894.38773306982,NA,2470.90083181413,0.534480657988101,1.05281978537479
"735",-5.76,0.83,-5.86,0.83,1.359326,9.604077,-1.1484446,0.2002995,35,35,-6.04446257176928,0.898381180394435,-6.33656927829149,0.868057021094454,1.57443190073241,6.19203344983956,-0.514908171205145,0.0769130313237387,1.57443190073241,6.62907612217913,-6.19051592503038,0.883219100744445,1.57443190073241,6.21336503183839,-0.512693698629855,0.0771429199830513,1.57443190073241,6.7545920788567,2.25069381318847,0.0556576909174206,-0.33949017315999,-6.64988120309628,-7.12265140375074,1.84343369009245,10.4357438140272,-3.68012442144562,0.543229587732164,-4.81275373176304,0.662655880923845,3.20027239,0.03487193,-0.784,0.0298554,72.0392235180182,-94.5232039071989,1265.90695389797,0.202539371996179,0.17149274993974,9.43844763590675,0.20400299782281,-1.33968496468658,-918.944913154764,-919.668658988655,-948.721708753907,-949.863999633314,1.11875735900203,-930.415259083419,1.26169741310855,1887.44506943836,1934.60984985444,NA,2437.29070388874,0.339936443274549,1.2776311248168
"736",-5.76,0.83,-5.86,0.83,1.359326,9.604077,-1.1484446,0.2002995,35,35,-5.56756836298806,0.823813814386985,-5.10853446334547,0.699161548213393,1.35300644993305,8.57851240334827,-1.0986783864118,0.186977450549203,1.35300644993305,6.72275228709087,-5.33805141316676,0.76148768130019,1.35300644993305,8.63119043360353,-1.11298329037204,0.190861997414756,1.35300644993305,6.80029326316856,2.70568184267592,0.0794277965121486,-0.446678828839332,-6.61724006520409,-6.90085211118015,2.08714077279284,6.77165888688313,-4.29505625810916,0.627378146576655,-3.50130734388117,0.464372036431584,6.51825024,0.13165516,-0.911,0.02853207,63.1001269368821,-76.6450107449269,1199.14221995041,0.221599496186677,0.17844339518857,5.26579097616925,0.133211745676856,-0.805727354837955,-899.689209931902,-900.485414508597,-912.442471772771,-913.141807924852,0.682760002816167,-947.316602810447,0.590107092721146,1848.93366299264,1862.05137589217,NA,2321.6394291559,0.461013412134727,0.799390253439343
"737",-5.76,0.83,-5.86,0.83,1.359326,9.604077,-1.1484446,0.2002995,35,35,-6.15808906645151,0.919942988908529,-5.2003904506615,0.753951202683083,1.15285206159195,9.64368670905579,-1.1829490717029,0.192857157420843,1.15285206159195,8.75421009600523,-5.6792397585565,0.836947095795806,1.15285206159195,9.87298336872731,-1.22269159767805,0.199745475694422,1.15285206159195,8.8080663547665,2.16037943981912,0.0492029655311806,-0.308988384859403,-6.6350480221967,-6.66628551507442,1.82351928654843,8.82091011145851,-4.63811797393204,0.692278506578442,-3.81596539330326,0.549520436861584,5.98669811,0.12464992,-0.892,0.02361892,100.532866014959,-151.510488901081,1200.97766684987,0.406081283841286,0.390253095984596,6.74700176574549,0.152271210737677,-0.985202715394983,-874.367783207033,-875.300459357738,-889.567347817773,-889.952778178847,0.37545076020722,-922.426099610429,0.00648391338242814,1798.2908095429,1816.30112798217,NA,2250.44484479866,0.323364146378383,0.911002416686121
"738",-5.76,0.83,-5.86,0.83,1.359326,9.604077,-1.1484446,0.2002995,35,35,-5.78769393225302,0.795375073192391,-5.47967166020441,0.804286950463977,1.27259764865373,8.35126284892548,-1.06996950018724,0.180411559068209,1.27259764865373,6.77651460916992,-5.63368279622871,0.799831011828184,1.27259764865373,8.37498227894498,-1.06928323601589,0.180431414457335,1.27259764865373,6.86631617748538,2.52745502440462,0.0708895847635033,-0.409530132943996,-7.00679629541871,-6.6456793647108,1.92598142831822,6.95052968543218,-4.13154837096411,0.560154184060681,-4.11877404694598,0.608120397409536,5.97731331,0.12462721,-0.904,0.02641126,80.2052125459893,-110.855181963141,1196.35608176916,0.450671460894435,0.4628879791211,5.63808728378705,0.126423818259062,-0.814158471110615,-885.455686043613,-885.975705214964,-897.917208374686,-898.720922091802,0.785249813361242,-928.424969968736,1.01343174440008,1820.46661521606,1833.000849096,NA,2281.85698157518,0.40748212354552,0.782877520144499
"739",-5.76,0.83,-5.86,0.83,1.359326,9.604077,-1.1484446,0.2002995,35,35,-5.56776151943445,0.837212816769149,-6.11311724736757,0.72594482067802,1.46458557926444,6.77804487194777,-0.893827997296388,0.176027533786829,1.46458557926444,6.74576236793901,-5.84043938340101,0.781578818723585,1.46458557926444,6.85239808944512,-0.878657837545403,0.179122675525363,1.46458557926444,7.63674739072444,2.45933946790351,0.0688753798144715,-0.392724212574301,-6.5376054327149,-7.74586708856041,2.13673074015751,7.468284819481,-3.97026773649617,0.603439688097221,-4.34323809267075,0.52811635976214,4.29746192,0.10858138,-0.862,0.02773217,77.5020851201906,-105.448927111544,1290.44238013809,0.0111063840556304,0.00976175194797551,6.80514003205279,0.142881002005061,-0.902452690410038,-915.488798706354,-920.157868890689,-932.065313194968,-939.686923691027,7.82195201342461,-956.074218337988,9.60115970089862,1880.53284054154,1901.29705873656,NA,2475.43583316463,0.416763792872052,1.0954179841857
"740",-5.76,0.83,-5.86,0.83,1.359326,9.604077,-1.1484446,0.2002995,35,35,-5.77448403724242,0.82962242832501,-5.3434713304331,0.749954161097651,1.32370070583796,11.7754487264051,-1.41682887784604,0.213057002775967,1.32370070583796,7.92379437128613,-5.55897768383776,0.78978829471133,1.32370070583796,11.8218917147628,-1.42541338672216,0.21464376097672,1.32370070583796,7.93570893320431,3.01137561720104,0.0672307374717641,-0.4344634872188,-6.78954952070965,-6.83317973429832,2.09067503610815,7.85511892505205,-4.08294123220484,0.585340501435339,-3.64206646820509,0.518760160525761,6.9128835,0.13993656,-0.909,0.02646676,73.612721312551,-97.6701994962646,1219.33906783663,0.840339655303053,0.822411083099678,7.23985172018422,0.149456952542841,-1.01271120175579,-902.589923411011,-902.806733604849,-917.196055503961,-917.28945333746,0.090789878915529,-952.299045234906,0.0122360349212131,1854.73508995086,1871.55854335455,NA,2341.00793617699,0.414956160379675,0.925066187235451
"741",-5.76,0.83,-5.86,0.83,1.359326,9.604077,-1.1484446,0.2002995,35,35,-5.59423869366421,0.820410919096555,-5.40520941256404,0.743862791369633,1.33769694190873,9.15391455733955,-1.0396690231287,0.163962905077214,1.33769694190873,7.85458411118139,-5.49972405311412,0.782136855233094,1.33769694190873,9.16284757461785,-1.04328648251715,0.165427809041839,1.33769694190873,7.91095848438745,2.71194349363535,0.0713985847560708,-0.42660589528574,-6.66418396545405,-6.93120862100618,1.96853998104085,8.87364724377803,-4.24324507502134,0.633261714996604,-3.64569086418297,0.488918792497345,4.8178464,0.09634442,-0.858,0.02585007,85.5272657920574,-121.499288455277,1221.53327649544,0.205010500103741,0.179168381860913,6.71615735499783,0.144792281076078,-0.949720206958914,-900.503571616713,-900.976063065231,-919.22796415351,-919.672219582093,0.432934774787587,-941.361881933566,0.436543817139748,1850.56238636226,1875.62236065365,NA,2321.56726453559,0.411814849920973,0.916778285817347
"742",-5.76,0.83,-5.86,0.83,1.359326,9.604077,-1.1484446,0.2002995,35,35,-5.47000787713637,0.753511224967384,-7.00367544566441,0.998988476632623,1.42574636068002,7.89814226511726,-0.997373621502631,0.185598588635634,1.42574636068002,7.54405521928287,-6.23684166140039,0.876249850800003,1.42574636068002,8.48617631780595,-1.09149374642523,0.200663358906914,1.42574636068002,7.64109419420357,3.52890087483104,0.0891324694326987,-0.546918663780648,-6.93852421492647,-7.00970184013553,2.06573177352976,8.50644489940347,-3.73018381548846,0.511183502351499,-4.69688504825919,0.666095857162623,4.92292285,0.11715432,-0.867,0.02745628,72.9520115923498,-96.3487800558622,1276.07701797081,0.368507974763239,0.307405712058436,8.85476821772914,0.197507326304754,-1.28251736905006,-915.361207682336,-917.378655299258,-932.346765858308,-933.137308934503,0.772308947596091,-951.842541216966,0.0307002480506347,1880.27765849351,1901.85996406324,NA,2455.80525588577,0.507072473627038,1.19828154691226
"743",-5.76,0.83,-5.86,0.83,1.359326,9.604077,-1.1484446,0.2002995,35,35,-6.11029246220368,0.831016744566852,-6.06361515021085,0.880643331214873,1.34664145694969,13.0847801702159,-1.52772680774122,0.254627439529598,1.34664145694969,11.8668424563445,-6.08695380620726,0.855830037890863,1.34664145694969,13.0853248630796,-1.52714769882419,0.255243139055182,1.34664145694969,11.9470569975215,2.71349438355169,0.0649233478680893,-0.404154047006397,-7.11705097030896,-6.77471129692977,2.16456926199994,12.2960985293416,-4.13386262246997,0.583978441620625,-4.04614198018128,0.590511074215344,6.13899638,0.1470797,-0.862,0.02709458,65.5737235650294,-81.5922040012213,1340.47085129441,0.925345459574019,0.927523377376272,10.5189758337645,0.199725684522594,-1.38755701750056,-926.915624706192,-927.231216046322,-947.020989124158,-947.456028856569,0.423925980173144,-975.035593652691,0.484580254462032,1903.38649254122,1931.20841059494,NA,2599.3494985876,0.394769233352256,1.38576008962069
"744",-5.76,0.83,-5.86,0.83,1.359326,9.604077,-1.1484446,0.2002995,35,35,-6.26616488570772,0.846705134340501,-5.7555077998435,0.805416256656089,1.33145036639546,6.20124338449432,-0.801504058676598,0.153267071790551,1.33145036639546,6.52021350381058,-6.01083634277561,0.826060695498295,1.33145036639546,6.26643604933015,-0.80677517316583,0.153693264645661,1.33145036639546,6.56909402769023,2.71597488584699,0.0714888108479755,-0.427926663110853,-7.17945602722329,-6.91478739028764,1.87652637228259,7.50995845487481,-4.41469802293069,0.600292753201606,-4.33408418298331,0.609649405267245,3.62979449,0.09076751,-0.83,0.02604506,91.8604287772047,-134.165614425572,1241.35033221381,0.88610118421116,0.872653628683975,6.70751881095673,0.142234557168585,-0.950249451668023,-890.512535778397,-890.894707661912,-906.647366335931,-907.100885973353,0.441992188404255,-924.431664792969,0.521999167884876,1830.58031468563,1850.46116501849,NA,2348.53505000206,0.409566655863598,0.871288869285804
"745",-5.76,0.83,-5.86,0.83,1.359326,9.604077,-1.1484446,0.2002995,35,35,-6.01679258146832,0.851551222227477,-5.6938913918077,0.873393532079788,1.29006115267704,10.0842521089786,-1.13286073127275,0.199636034243857,1.29006115267704,11.337131156181,-5.85534198663801,0.862472377153632,1.29006115267704,10.1103184035496,-1.13109750431368,0.199755305868778,1.29006115267704,11.4771582686877,2.52633429157138,0.0717054387247387,-0.413009235118178,-6.90121198537455,-6.44817996574429,1.93802260747453,12.9275318312578,-4.2216563694002,0.600100744715408,-3.96838811789564,0.60218940961036,5.76332166,0.10833449,-0.805,0.02246245,104.18379486625,-158.812346603662,1309.86345463191,0.75908865572428,0.751782776852073,7.77976716877011,0.181763687573563,-1.14709034612483,-910.275566502845,-910.745574563968,-933.561784335658,-934.351813157505,0.771803714324823,-949.573950661735,0.904839934362696,1870.10637613453,1904.29000101794,NA,2460.91456266017,0.406853666167317,1.10656946401222
"746",-5.76,0.83,-5.86,0.83,1.359326,9.604077,-1.1484446,0.2002995,35,35,-5.82116785337302,0.735533689233869,-6.46078872988715,0.91022810763505,1.36974081588754,7.55626646257789,-1.09008577492161,0.209249691558198,1.36974081588754,6.45473735374332,-6.14097829163008,0.82288089843446,1.36974081588754,7.65854517899608,-1.11802032417659,0.21687922651333,1.36974081588754,6.60705747612148,2.97047376909855,0.0777325886494875,-0.465111919988612,-7.39678969701984,-6.99562643434172,2.10535756801249,6.28241011871937,-4.39936572182692,0.558533794724755,-4.54740299899661,0.652393778927203,4.27985231,0.1290815,-0.874,0.02555881,93.7265373359695,-137.897831543102,1272.69474189846,0.269955299309278,0.268241566621334,7.42498609751364,0.158954877006293,-1.05204763122022,-901.446056723598,-902.742799446548,-912.981637872351,-914.39750791991,1.38942095881004,-947.169949732468,1.24907429793113,1852.44735657603,1863.12970809133,NA,2407.49165225381,0.451783434299029,0.987817151289949
"747",-5.76,0.83,-5.86,0.83,1.359326,9.604077,-1.1484446,0.2002995,35,35,-6.15815144370028,0.939349074946462,-6.43647299681371,0.947104001309743,1.35282977358695,7.59897256406221,-0.88158501813338,0.146632373377402,1.35282977358695,6.91178141661743,-6.297312220257,0.943226538128103,1.35282977358695,7.61833828579407,-0.882124608920806,0.146647408098127,1.35282977358695,6.94672910036161,2.97881041995149,0.0819555277304116,-0.47782913325066,-6.51949396054073,-6.75161366912257,1.79692713615388,8.70921213233593,-4.60648627229983,0.698451866217348,-4.49762150187835,0.6792217022328,3.03950859,0.06505768,-0.791,0.02831478,77.8669401343917,-106.178637139946,1230.61873685844,0.979328051904717,0.959140015317795,8.44356960812508,0.179787226780977,-1.20319964071879,-896.39809111022,-896.588656786998,-914.103228137874,-914.411749145517,0.300367561926496,-918.426635715932,0.367499318110765,1842.35142534928,1865.37288862238,NA,2355.05883657694,0.473307811682614,1.08193250118045
"748",-5.76,0.83,-5.86,0.83,1.359326,9.604077,-1.1484446,0.2002995,35,35,-6.14734933935525,0.851722454388419,-5.69927681370141,0.760863263539746,1.19192694840354,9.78288152922595,-1.14498453860305,0.196152342147039,1.19192694840354,10.5723168403142,-5.92331307652833,0.806292858964083,1.19192694840354,9.8330737762874,-1.15516241538365,0.198216190287458,1.19192694840354,10.594091909538,3.09004597272469,0.0812349917189042,-0.490365582830849,-7.0307485863563,-7.12399160816303,1.8904688071014,11.1172845298278,-5.1084522524366,0.71195969224686,-4.14466128925499,0.559786343701899,6.99078714,0.15556408,-0.854,0.01995797,127.110112645302,-204.664982161767,1298.91080947121,0.453714000511617,0.353989825305087,6.03439238968913,0.119545962781536,-0.825620715374717,-889.593837431445,-889.886434538793,-909.697948993554,-909.829540843721,0.127952313063051,-938.614119887503,0.0451652916488813,1828.74291799173,1856.56233033374,NA,2393.15663678065,0.451093475683886,0.761376267709982
"749",-5.76,0.83,-5.86,0.83,1.359326,9.604077,-1.1484446,0.2002995,35,35,-6.88949023277322,0.948728916813082,-5.22879445301439,0.79508382024556,1.27056489168029,8.73086310328952,-0.93158664715567,0.144651078819989,1.27056489168029,8.62848594004414,-6.0591423428938,0.871906368529321,1.27056489168029,9.42034072151673,-0.995376088018252,0.1505527827448,1.27056489168029,9.05233323715271,2.0658388881072,0.0580467536640131,-0.328755104771571,-7.19495007899227,-6.44963202586982,1.76530379864849,10.6834751064101,-4.56554814405,0.629896128864369,-3.72792576895765,0.573298878270511,5.32057817,0.10782305,-0.866,0.02551822,86.2389907603525,-122.922738391868,1253.98232011119,0.226598625672579,0.238726310222114,8.41259800680363,0.15888891983826,-1.11526582680706,-889.957270503617,-892.282494867855,-912.478792137041,-915.494306755739,2.99336950615626,-920.555108214831,3.20507908235653,1829.46978413607,1862.12401662071,NA,2385.04190183051,0.357423606543639,1.07376684519576
"750",-5.76,0.83,-5.86,0.83,1.359326,9.604077,-1.1484446,0.2002995,35,35,-5.7827863823332,0.782212866700593,-5.56604961516384,0.799699818634121,1.26792034852366,10.2402899878956,-1.32509893407063,0.227632549642789,1.26792034852366,8.58217223388283,-5.67441799874852,0.790956342667357,1.26792034852366,10.2520336944563,-1.3241514177132,0.227708998014771,1.26792034852366,8.6537818246356,3.69681675246239,0.0997349175539357,-0.594678574009078,-7.08030576579531,-6.75938626410127,2.07215853812875,8.16136995118204,-4.00678763285361,0.530642155663651,-3.79478991635678,0.556179713988944,5.70512182,0.1387917,-0.887,0.02417309,93.6277708364698,-137.700298544102,1240.59458411864,0.431316747104518,0.406007761335576,7.72433966050895,0.162509094185176,-1.08267217445585,-898.273843173361,-898.610099307182,-911.630802350459,-912.151982063573,0.508178318270068,-951.30948648524,0.645588490316365,1846.10292947556,1860.42803704755,NA,2343.48886969318,0.549669010922996,1.02709536726191
"751",-5.76,0.83,-5.86,0.83,1.359326,9.604077,-1.1484446,0.2002995,35,35,-6.3633994206039,0.902842017078136,-4.85752177482988,0.710691254694206,1.46560412952916,6.83531913963709,-0.776353354927526,0.12866804884676,1.46560412952916,5.91895784484527,-5.61046059771689,0.806766635886171,1.46560412952916,7.40223601064758,-0.848692239350625,0.137898527717942,1.46560412952916,6.05279010243448,3.48324883628814,0.0888506882739331,-0.539948948501957,-6.9422415412993,-6.58114841499187,1.98486918390493,7.32683776095491,-4.28851703274111,0.608938834944298,-3.47570818510082,0.513214056894517,2.76313697,0.0544893,-0.768,0.03211721,51.529237487171,-53.5032318455047,1204.02245422794,0.397802587926683,0.381596497798077,9.02738035449251,0.192467483524831,-1.28962031145436,-906.637786199285,-908.57340552187,-924.333987798449,-925.675057592178,1.3153127566525,-937.422300360163,0.938800715628768,1862.83081552741,1885.83440794353,NA,2354.54167661038,0.513948405243652,1.1484382287124
"752",-5.76,0.83,-5.86,0.83,1.359326,9.604077,-1.1484446,0.2002995,35,35,-6.93927811685689,1.02624519160006,-5.86459908641144,0.818956386154915,1.28099957509904,12.4340448337129,-1.61980457743863,0.240830246828256,1.28099957509904,6.26548500442296,-6.40193860163417,0.922600788877486,1.28099957509904,12.7227785883327,-1.67549681055313,0.251572409043974,1.28099957509904,6.35758189709517,2.50793642737985,0.0649256730637778,-0.389049010561975,-6.78291605676708,-6.94321008907836,2.04421159821277,5.38455968695005,-4.94029424613975,0.734072468511683,-4.16411658443406,0.581280986463771,6.2099326,0.1310189,-0.932,0.0274505,79.6251103153221,-109.694977501807,1211.71995757795,0.263707402903007,0.22682193114496,9.06255669358357,0.193043827583064,-1.29926671907277,-886.475608745938,-888.040636639437,-894.771304387494,-895.653043870846,0.861964300786253,-935.343755910534,0.23427441929888,1822.50646062071,1826.70904112162,NA,2313.74493765408,0.384093665221918,1.13260456640333
"753",-5.76,0.83,-5.86,0.83,1.359326,9.604077,-1.1484446,0.2002995,35,35,-5.78213835627939,0.863454495290619,-5.82819998275345,0.82785967522589,1.3772516566379,12.0392536303257,-1.30675831359524,0.194420375010966,1.3772516566379,9.8177601913951,-5.80516916951642,0.845657085258254,1.3772516566379,12.0397840486841,-1.30634842476869,0.194737122814826,1.3772516566379,9.86213576213303,3.10039376077798,0.0773843408094495,-0.473368055861507,-6.59564113948316,-6.85376749303794,2.02488628546172,11.3284258649902,-4.31585386791382,0.658877763696929,-4.46560751946243,0.646667640245829,8.23229991,0.14909337,-0.886,0.02498005,80.9273033055566,-112.299363482276,1293.50102458266,0.788506263693015,0.800075686603472,5.71789267749032,0.1162099290827,-0.778919865073383,-918.248521474993,-918.481936695966,-940.385168721878,-940.671728610945,0.278943030423205,-956.047466933925,0.317616742453316,1886.05228607882,1917.93676979038,NA,2474.70268568304,0.457926100941006,0.780941527641247
"754",-5.76,0.83,-5.86,0.83,1.359326,9.604077,-1.1484446,0.2002995,35,35,-5.6943584845357,0.856348122891131,-6.14949162864373,0.854642959003045,1.22360846282705,7.32812921463582,-0.794359477043122,0.140685278764872,1.22360846282705,9.19289099983035,-5.92192505658972,0.855495540947088,1.22360846282705,7.37991575935223,-0.79416545789272,0.140686005660843,1.22360846282705,9.34771265121708,2.66921908840731,0.0710564302524382,-0.419873828206588,-6.55019919558096,-7.01549126488927,1.70236616453206,11.4646105557983,-4.94240081034239,0.74273179464547,-4.35022905233464,0.612595536572254,4.72195969,0.0980438,-0.812,0.02254923,111.761214619901,-173.967186110965,1254.06711604365,0.382617607946077,0.341523489778109,5.3528834757146,0.114115007197095,-0.744949223017845,-883.437897326697,-884.058342443502,-907.240258578537,-908.295507101936,1.03286420844418,-913.92584332029,1.21413385467884,1816.43103778223,1851.6469495037,NA,2334.16704597634,0.41779906868697,0.75580101016061
"755",-5.76,0.83,-5.86,0.83,1.359326,9.604077,-1.1484446,0.2002995,35,35,-6.27808103917091,0.922010597756297,-4.85391085312067,0.718113688460163,1.4994122567387,9.99543387097046,-1.28842904808483,0.22547918584865,1.4994122567387,7.51437388784165,-5.56599594614579,0.82006214310823,1.4994122567387,10.502499050679,-1.36102502289667,0.235872673253779,1.4994122567387,7.60158359121735,2.66441829675945,0.0703081517576247,-0.418273287202327,-6.74272171643586,-6.53331655360689,2.29429281463868,7.72811652034016,-4.18547120437412,0.613054048190389,-3.16478161277301,0.47128746705252,3.8837464,0.1004344,-0.818,0.0288613,60.8054526585187,-72.0556621882,1245.59258189102,0.292593959618574,0.234513683585718,9.89714036376079,0.219131818559646,-1.44186955760618,-930.661181097002,-931.99466481914,-944.445720542643,-945.159058615977,0.696499814039841,-974.563157514996,0.260586762772339,1910.87760532284,1926.05787343191,NA,2419.12950159385,0.410404722733587,1.28171136755867
"756",-5.76,0.83,-5.86,0.83,1.359326,9.604077,-1.1484446,0.2002995,35,35,-5.75428825682573,0.822860254615839,-5.98573372032271,0.869047965194871,1.30024403634829,8.31438190185288,-0.831051867007678,0.13922130610427,1.30024403634829,9.97910501214975,-5.87001098857422,0.845954109905355,1.30024403634829,8.32777365249623,-0.833724351028386,0.139754632256404,1.30024403634829,9.98403813083334,2.24268396678228,0.0556769393826373,-0.33778609299567,-6.80964102140577,-6.76591205725811,1.78468286564813,12.8823209031726,-4.4786274962808,0.642310324698928,-4.47189352111369,0.660776434403946,5.85531664,0.10928319,-0.821,0.02355057,97.2431839628707,-144.931124796904,1283.62501059567,0.927245990956553,0.917151575197641,5.21375170085711,0.111124713226894,-0.729111523975822,-900.06991517966,-900.162498237269,-927.324687756062,-927.356133010633,0.0305536808430598,-929.265426250504,0.00918464146644563,1849.69507348816,1891.81580785875,NA,2422.31889639443,0.344061303877525,0.722383835359007
"757",-5.76,0.83,-5.86,0.83,1.359326,9.604077,-1.1484446,0.2002995,35,35,-5.95988025085174,0.865090885388493,-6.00554978256762,0.765480893623798,1.33762911875555,9.78407316902147,-1.27601334849059,0.219487175848938,1.33762911875555,7.66094730380625,-5.98271501670968,0.815285889506145,1.33762911875555,9.78459459555326,-1.27487606307106,0.221967713463779,1.33762911875555,7.94463296155006,2.04658832212083,0.0513320049429705,-0.306961277236168,-6.76363384530074,-7.40275393189173,2.0964673603723,7.5526392131206,-3.90659398244128,0.569807457484225,-4.39904429411125,0.565260220049189,5.66078619,0.12677132,-0.891,0.02687216,78.7848961003738,-108.01454907191,1270.6837500527,0.179091457286921,0.155765104706849,8.51627991486014,0.17858958811619,-1.18531721630442,-905.138872207788,-906.746788522974,-917.66775808824,-919.923828568585,2.22731117623836,-951.760439428358,2.71096329833413,1859.83298754441,1872.50194852311,NA,2433.35295103349,0.327185778106879,1.1549119869027
"758",-5.76,0.83,-5.86,0.83,1.359326,9.604077,-1.1484446,0.2002995,35,35,-4.83159604463277,0.634061088244644,-5.6490899909008,0.795156401834454,1.36227225585524,15.846742688206,-2.02734862708855,0.342879988206288,1.36227225585524,12.1555697448775,-5.24034301776679,0.714608745039549,1.36227225585524,16.0138167762523,-2.06027223799651,0.349367913221438,1.36227225585524,12.210908072931,3.57598386142548,0.095913330224321,-0.571992860949252,-7.01176538692741,-6.86949514143153,2.63886848025176,9.75632295146111,-2.97246269488132,0.385329077461889,-3.7296310146525,0.523466349099408,7.0799068,0.1571411,-0.866,0.0247859,78.0978401573583,-106.640437185879,1323.02548631968,0.497688627547381,0.410311382095896,9.87550121978315,0.21636480073792,-1.40686545060083,-936.80847504926,-937.385118990479,-951.401796998728,-951.695631365109,0.286039022301176,-1016.1579667143,0.0848581470423588,1923.17219322736,1939.97002634408,NA,2539.41053545348,0.535119573031214,1.36354719520902
"759",-5.76,0.83,-5.86,0.83,1.359326,9.604077,-1.1484446,0.2002995,35,35,-5.51006219719988,0.758672517853301,-6.82859738985296,1.03629436898908,1.37173764600853,10.7448050902037,-1.40427769910005,0.265839982051032,1.37173764600853,10.5205532671758,-6.16932979352642,0.897483443421191,1.37173764600853,11.1794388537699,-1.49579124434306,0.285108455108046,1.37173764600853,10.7172077414837,2.66367139486706,0.0724724691777782,-0.419312771725115,-6.94782888756248,-6.61236493130309,2.24771457851585,10.3484986844708,-4.01941037422915,0.548462360701001,-4.67568131304162,0.729242442170304,5.72942506,0.16962009,-0.871,0.02454622,87.9497632872282,-126.344283445619,1318.14263437438,0.192683571120133,0.183957338519357,10.0856621086774,0.220469379678528,-1.4306554990465,-926.323773890415,-928.32101485232,-943.808350197381,-944.993158134331,1.16075191380247,-978.726791888106,0.524999773831221,1902.20279090967,1924.78313274139,NA,2509.94098530315,0.440580131913541,1.40798202009122
"760",-5.76,0.83,-5.86,0.83,1.359326,9.604077,-1.1484446,0.2002995,35,35,-6.7886487708379,0.919360165632447,-5.20809972422327,0.733382712649801,1.36562678430415,9.19373479286853,-0.900574828413849,0.125219487571365,1.36562678430415,8.26702603114791,-5.99837424753058,0.826371439141124,1.36562678430415,9.81826861505713,-0.974061449914733,0.133866390825843,1.36562678430415,8.46638710896393,2.86578675394815,0.0704883270718612,-0.434283209457691,-7.26908003684492,-6.79653652975016,1.85163166567215,10.7294739095617,-5.04649366816603,0.682910720071552,-3.53114667824841,0.499287028880181,4.97979717,0.08456611,-0.851,0.0257028,89.9381220994808,-130.321001070124,1274.77415108842,0.115729531219082,0.0821695662426058,8.7761542030207,0.164116356007276,-1.16761000356097,-900.942670927972,-902.71485418572,-927.477566025311,-928.967502984557,1.46288067454697,-932.390021473859,1.22348156220041,1851.44058498478,1892.12156439725,NA,2419.22730110672,0.419154212901099,1.07839019660047
"761",-5.76,0.83,-5.86,0.83,1.359326,9.604077,-1.1484446,0.2002995,35,35,-5.10200610390628,0.764073072728737,-6.75942743760934,0.922332320581455,1.30474766761859,10.1538084888135,-1.15383189134479,0.189339494764056,1.30474766761859,9.67525700509602,-5.93071677075781,0.843202696655096,1.30474766761859,10.8405698581671,-1.21940745475651,0.195600992146783,1.30474766761859,10.0603321490077,3.58870912369492,0.0889031599884051,-0.547606337267615,-6.50759768582161,-7.22215137353415,1.95720499600953,10.846472744494,-3.78575600968981,0.565451710905434,-4.81280334727104,0.666774918717156,6.71860488,0.1196075,-0.884,0.02695384,72.0466584684357,-94.538073808034,1285.94243580177,0.343368113212474,0.321633873744054,7.70114297057403,0.160500792401605,-1.05951720152156,-905.777458081769,-907.841314824715,-926.207253330662,-928.687800837539,2.45287863079004,-946.32270813043,2.62054315436162,1861.11015929237,1889.58093900795,NA,2477.3467977955,0.520627693064919,1.075461507468
"762",-5.76,0.83,-5.86,0.83,1.359326,9.604077,-1.1484446,0.2002995,35,35,-6.69890313321647,1.01151073207025,-7.24864165164881,1.05465725962309,1.28720316993941,7.43208035582404,-1.03276325869008,0.190766566348604,1.28720316993941,6.4766487700327,-6.97377239243264,1.03308399584667,1.28720316993941,7.50763346548609,-1.03869308572318,0.191231972058571,1.28720316993941,6.5380940276983,3.03808374627408,0.0829726275412849,-0.485245801890405,-6.63032517017189,-6.92300784246331,1.85710602031578,6.8450268240953,-5.02299928872919,0.764595425890106,-5.55318988838548,0.80659884237884,5.02955472,0.1295294,-0.888,0.02552109,94.5776392636227,-139.600035398408,1265.26233784554,0.549956961889854,0.528854411409487,6.52027168273853,0.147791490387009,-0.955607225166732,-886.535999512237,-887.006038896468,-897.960393846177,-898.533323013935,0.558843627643421,-919.035420844419,0.69969674551557,1822.62724215331,1833.08722003898,NA,2390.92464029266,0.480923071418267,0.877171295605557
"763",-5.76,0.83,-5.86,0.83,1.359326,9.604077,-1.1484446,0.2002995,35,35,-5.28755610916237,0.68469500578636,-6.22523890887055,0.881573145459632,1.37116706753478,7.30883227344686,-0.954750474567176,0.195128963965953,1.37116706753478,8.56174378445494,-5.75639750901646,0.783134075622996,1.37116706753478,7.528644531664,-1.00090278586972,0.204819214436256,1.37116706753478,8.65988937553665,2.81498105061956,0.0736302857610036,-0.437842914549661,-7.16606167327285,-6.93079546292706,2.11745029249678,9.09756263799873,-3.98118841224039,0.516191808740495,-4.43382129871876,0.634267600013696,4.08293604,0.11346087,-0.834,0.02736693,76.5688046656674,-103.582366202497,1291.67190783288,0.433889797874253,0.434284248575886,6.8856790327881,0.154257656016348,-0.983848825995883,-911.037585440507,-912.282766092693,-930.661040868562,-931.37588658684,0.697979400410853,-960.012278581097,0.308060698215992,1871.63041400985,1898.48851408375,NA,2479.76144946326,0.438703909743775,0.993620531306476
"764",-5.76,0.83,-5.86,0.83,1.359326,9.604077,-1.1484446,0.2002995,35,35,-6.17597194963223,0.93391367756606,-4.96399891131112,0.711787715051319,1.55298107968915,12.6027410720916,-1.51705926806383,0.235557148103773,1.55298107968915,7.85551751356747,-5.56998543047167,0.82285069630869,1.55298107968915,12.9699607334959,-1.58436193748358,0.247892133909548,1.55298107968915,7.93311742312729,2.64989996496926,0.0748714134288272,-0.42949214997808,-6.56969715754835,-6.68109312439627,2.38052712907705,8.14246962675331,-4.21727531084824,0.641081804996584,-3.64838829528241,0.529700635333891,8.15523562,0.17178184,-0.913,0.03087138,38.581101397427,-27.6069596660166,1265.97198544102,0.607841453983367,0.644731392107236,7.65066156924965,0.166744837064159,-1.0892982212134,-940.833404491545,-942.244068032451,-955.795939603504,-956.406669785526,0.595876394799417,-985.226327240885,0.0678499035344187,1931.22205211193,1948.75831155364,NA,2504.33701121603,0.435454736344058,1.04479379300217
"765",-5.76,0.83,-5.86,0.83,1.359326,9.604077,-1.1484446,0.2002995,35,35,-5.65468362017059,0.775683070765906,-5.4768731632312,0.78705221084333,1.31727237702317,6.40157849309395,-0.698578723999314,0.112552246702333,1.31727237702317,6.26668651512129,-5.56577839170089,0.781367640804618,1.31727237702317,6.40948263274319,-0.698073336001269,0.112584561038858,1.31727237702317,6.30695381499999,2.47787923662317,0.0658811773200115,-0.390100939795413,-6.99110583809749,-6.74556098656706,1.79252497853674,7.82891261926079,-3.94852243346629,0.53838064244529,-3.90407260835259,0.55296945527245,4.14194726,0.07540859,-0.862,0.0280638,76.3663112157159,-103.177379302594,1186.55955011011,0.861101460663404,0.846973523068597,6.02883522660405,0.132491141358242,-0.864457787730105,-882.077774640576,-882.320033815032,-901.623898472465,-902.010722642768,0.376812235680449,-914.49917736365,0.453352684340867,1813.71079240999,1840.41422929156,NA,2269.94172091763,0.385317494388154,0.817611070222091
"766",-5.76,0.83,-5.86,0.83,1.359326,9.604077,-1.1484446,0.2002995,35,35,-5.54569356254588,0.802736548982835,-5.50252009452484,0.808031674427341,1.43936015339774,6.8175976851108,-0.948373345957164,0.179505473957089,1.43936015339774,5.7014211925725,-5.52410682853536,0.805384111705088,1.43936015339774,6.81806367219605,-0.948316193724903,0.179512483545457,1.43936015339774,5.70485852939573,3.42285004587032,0.0951037667786314,-0.557978334025549,-6.72093815787981,-6.64621770267903,2.08352477881083,6.03648380682721,-4.21912462547602,0.61132533392751,-3.98717452907247,0.583120254133417,4.39739113,0.11548533,-0.873,0.02962407,59.5875351331753,-69.6198271375132,1193.24239825688,0.936378374823375,0.919972729176032,5.35406846256241,0.12545428216611,-0.796037394730071,-905.687959208678,-905.711309765573,-917.670930670079,-917.706826323145,0.0348790051040103,-943.413642633647,0.0453180920282898,1860.93116154619,1872.50829368679,NA,2316.86496937625,0.524771914069248,0.742236695191192
"767",-5.76,0.83,-5.86,0.83,1.359326,9.604077,-1.1484446,0.2002995,35,35,-4.92168706943718,0.768674908433814,-5.91600595294295,0.849364695400271,1.2032282155633,8.9502239025232,-1.32097117244941,0.251382464941715,1.2032282155633,8.06167667445305,-5.41884651119006,0.809019801917042,1.2032282155633,9.19739141304724,-1.34102901717111,0.253010175371888,1.2032282155633,8.26552211116531,2.88870452217583,0.0754556516021234,-0.45057875839345,-6.29986210503782,-6.81345211787853,2.06102740444391,6.82809374457818,-3.58528483810247,0.561585378938364,-3.73180772218175,0.530006528982094,4.35585907,0.11809989,-0.896,0.02927688,61.4451679587927,-73.335092788748,1179.9822503073,0.390555875529389,0.382795947838916,7.86636787610272,0.192715902224529,-1.18322444166848,-884.217870019594,-885.604288827953,-894.890663385446,-896.447886526928,1.5296826618756,-944.48517377646,1.9455406842719,1817.99098316802,1826.94775911752,NA,2286.62940782584,0.443738753413869,1.1719433833083
"768",-5.76,0.83,-5.86,0.83,1.359326,9.604077,-1.1484446,0.2002995,35,35,-5.33815633340259,0.785709631383489,-6.1965719591962,0.859059762690831,1.25314382058743,9.60834749240537,-1.22336129248862,0.202222105361754,1.25314382058743,7.60482082052644,-5.7673641462994,0.82238469703716,1.25314382058743,9.79256683905703,-1.23910251720568,0.203567165802455,1.25314382058743,7.73836374791137,3.92044831742839,0.0963556938230612,-0.596750704702766,-6.61484289774115,-7.03625742200537,1.94983579468322,7.57388062204134,-3.62222172252958,0.537419338981563,-4.61402188045696,0.650880366235302,4.01069327,0.07938241,-0.835,0.027654,75.9858700588239,-102.41649698881,1211.84448223227,0.304227312945686,0.248175357376014,8.83619206057324,0.1890556074437,-1.26336604002307,-888.580740573862,-889.379832544089,-901.228049070469,-902.306073655342,1.055329245266,-934.082661327174,1.26412636631987,1826.71672427656,1839.62253048757,NA,2321.27246747572,0.562201958913722,1.13064676366603
"769",-5.76,0.83,-5.86,0.83,1.359326,9.604077,-1.1484446,0.2002995,35,35,-5.67346777720642,0.745402670807148,-7.06204545526865,0.955295931686643,1.43103545718727,8.86283789156702,-0.993513734794272,0.159582367379966,1.43103545718727,7.56795512633187,-6.36775661623753,0.850349301246896,1.43103545718727,9.3448748835702,-1.06637700900251,0.170596162620623,1.43103545718727,7.64803220132248,1.82671971095135,0.0406237308960983,-0.2614510177859,-7.19029278243416,-7.32838072621623,2.00290875397444,9.11219725765033,-3.92804666386023,0.528152813431722,-4.39612698560288,0.598177072440246,4.40250177,0.10424524,-0.874,0.02971214,62.5563500694224,-75.5574570100074,1301.99486227609,0.79646631813413,0.793304646922644,10.6314084604239,0.193049502797635,-1.38823605060861,-913.991753495162,-915.591096079265,-933.449496127693,-934.100685695509,0.635535669722072,-946.437986064201,0.112034502355609,1877.53875011916,1904.06542460201,NA,2528.43226754217,0.257157733545552,1.31439700106143
"770",-5.76,0.83,-5.86,0.83,1.359326,9.604077,-1.1484446,0.2002995,35,35,-5.79288025370739,0.737403398917358,-6.13837838124185,0.829332887187046,1.17388205471933,10.5396200626758,-1.20048995860947,0.192851600168201,1.17388205471933,10.6448578894739,-5.96562931747462,0.783368143052202,1.17388205471933,10.5694623017082,-1.20843032512506,0.194964357871583,1.17388205471933,10.6913307896576,2.88247614788024,0.0844655606892759,-0.476327828009115,-7.35736285088441,-7.15516887588456,1.89066265310475,11.0258073266321,-4.07623971601871,0.516613780161574,-4.36548222746259,0.579599544753519,5.98121076,0.0998362,-0.861,0.02205396,118.09230832266,-186.629373516483,1306.24864025592,0.761102829426004,0.72561081842224,8.33733334635373,0.177793941973718,-1.17943577844873,-885.995916801314,-886.410478526619,-906.397891963291,-906.676695615256,0.2713779113909,-938.37401210235,0.213971088009032,1821.54707673147,1849.96221627321,NA,2425.86790699535,0.486964604314627,1.10534686056927
"771",-5.76,0.83,-5.86,0.83,1.359326,9.604077,-1.1484446,0.2002995,35,35,-6.25830775588437,0.894551451148398,-6.02056707875669,0.841909600488293,1.14365476654643,9.73129068326508,-1.26658268598195,0.229304689917033,1.14365476654643,10.285431594923,-6.13943741732053,0.868230525818346,1.14365476654643,9.74542084065538,-1.26971146328725,0.229997481027264,1.14365476654643,10.2952225518927,2.40817455119461,0.0612955016395448,-0.3650712700888,-6.88654292304094,-6.96242877002432,1.87663507458418,9.97323630912773,-4.55164584739905,0.652564157903089,-4.52895364517795,0.64167689176782,5.533814,0.14453587,-0.853,0.02143698,117.079362947549,-184.60348276626,1273.97058952655,0.987939730231378,0.985110833601682,7.47444546924531,0.156268641428566,-1.05425092660628,-882.079807114851,-882.172398556289,-897.811889218783,-897.872593131643,0.0589950918881471,-933.343633057983,0.0332777513200866,1813.71485735854,1832.79021078419,NA,2363.33769628684,0.384469865311842,0.95317098598775
"772",-5.76,0.83,-5.86,0.83,1.359326,9.604077,-1.1484446,0.2002995,35,35,-5.28868558884383,0.687355661552479,-5.25648506930569,0.801961425506006,1.35340340359708,12.6704277525452,-1.70386717173874,0.283897322439887,1.35340340359708,8.18735458083763,-5.27258532907476,0.744658543529243,1.35340340359708,12.6706869709099,-1.70294458045339,0.28718094272273,1.35340340359708,8.5394314165231,3.5843249784134,0.0861301871665119,-0.535568937092812,-7.15133965439716,-6.43634764973601,2.39757806363114,6.70257101051059,-3.79069080590854,0.499894445090865,-3.28450679567754,0.517974986467619,6.06290845,0.18008416,-0.915,0.02603228,75.5098773515392,-101.464511574241,1222.78067191955,0.0693957265919829,0.0756410000303336,8.70036457685483,0.160747700754076,-1.13872005623846,-915.268769954205,-917.245774849934,-924.670346440952,-927.302755749238,2.60588884601738,-980.976753721681,3.29413099114285,1880.09278303725,1886.50712522853,NA,2344.09683226486,0.520856852212552,1.10951551407978
"773",-5.76,0.83,-5.86,0.83,1.359326,9.604077,-1.1484446,0.2002995,35,35,-5.57137265080407,0.868469640841525,-5.83169532543341,0.848555076808062,1.31552536397242,10.0871712305346,-1.04220437922026,0.172689859388312,1.31552536397242,11.2726502954507,-5.70153398811874,0.858512358824793,1.31552536397242,10.1041132042661,-1.04090832607694,0.172789006853473,1.31552536397242,11.3688448391493,2.13252506446926,0.0436563807034103,-0.289357532217194,-6.35499649458382,-6.73396498843653,1.88685421694505,13.7887141962126,-4.18833918087831,0.66640197638661,-4.04378308178407,0.584466500933731,7.15569224,0.13357576,-0.864,0.02649899,69.2451408662249,-88.9350386036125,1301.72052188239,0.427166749681749,0.428353483541723,6.09310628521544,0.134844514952247,-0.853224954200882,-911.515143279309,-911.844750223855,-937.983852640564,-938.530382161422,0.532992370354731,-945.11832970102,0.612469420575859,1872.58552968746,1913.13413762776,NA,2514.50600516118,0.300612977974556,0.918932792779531
"774",-5.76,0.83,-5.86,0.83,1.359326,9.604077,-1.1484446,0.2002995,35,35,-5.11932973506692,0.789205218370459,-5.37889434950743,0.694445630324883,1.42894949805444,13.1958147400745,-1.65206180793802,0.296263726770373,1.42894949805444,11.7053659066009,-5.24911204228718,0.741825424347671,1.42894949805444,13.2126581873419,-1.64591274895412,0.298508571652014,1.42894949805444,12.135212845487,3.81876447153582,0.100235985731831,-0.598758955054612,-6.3751904966895,-7.19930821578467,2.51100126561211,10.7938461550564,-3.70539609427438,0.568499040845538,-3.63136963810064,0.470344873563213,5.58240979,0.13740989,-0.806,0.02452247,85.2884180017244,-121.021592874611,1344.02836445105,0.293424659064163,0.266183700134274,8.91840563698297,0.196027623605227,-1.26123894785362,-942.606149650647,-944.102345301518,-960.671782032713,-963.000836795492,2.30057064543653,-1007.21209531026,2.72912278438926,1934.76754243013,1958.50999641205,NA,2567.03513602748,0.582518335072517,1.27667463781151
"775",-5.76,0.83,-5.86,0.83,1.359326,9.604077,-1.1484446,0.2002995,35,35,-6.24295493197624,0.847617884068351,-6.21425135296148,0.889413833893791,1.42715326077721,12.3854010677628,-1.71351869566874,0.290445118371389,1.42715326077721,7.39397834205284,-6.22860314246886,0.868515858981071,1.42715326077721,12.3856070416249,-1.71321877233166,0.290881843726842,1.42715326077721,7.44398438147929,3.12818890344737,0.0785150746061284,-0.474048439813927,-7.15080814680536,-6.87309511426075,2.34032381553267,6.42117127683822,-4.73026095571819,0.649189548024404,-3.87518271877969,0.545321216712526,6.76350306,0.17096526,-0.93,0.03076567,51.0114140612839,-52.4675849937303,1276.44408468562,0.487807047483707,0.462284169516655,9.48872629707825,0.202181718442201,-1.3380357181676,-923.425167562499,-923.733395248542,-931.347926888006,-931.763705579117,0.405101197838845,-973.752551839254,0.528434393228355,1896.40557825384,1899.86228612264,NA,2500.42058437751,0.482504567452603,1.27162421427196
"776",-5.76,0.83,-5.86,0.83,1.359326,9.604077,-1.1484446,0.2002995,35,35,-5.04755051971225,0.733746906997351,-6.85944188511632,1.05036990704961,1.41399933468825,9.74538966024519,-1.08676068901718,0.192609269048823,1.41399933468825,10.2027832961444,-5.95349620241428,0.892058407023482,1.41399933468825,10.5661272402517,-1.23018230898794,0.217671800089347,1.41399933468825,10.3637793647366,3.46314576453967,0.0964130373974902,-0.563397593416274,-6.63381754955894,-6.55935101312615,2.09353087475677,11.8218853288522,-3.5935919505746,0.526229948251207,-5.18181304215602,0.807988935857391,7.13767085,0.17696492,-0.865,0.02456552,82.1934488360732,-114.831654543309,1314.07214126976,0.0880653034807871,0.0674724089769139,8.02094960617093,0.174594458185939,-1.14114835211984,-926.110682729416,-929.194111674956,-949.284652945554,-950.283468421207,0.977233279878931,-965.58900714677,0.0245831772109163,1901.77660858767,1935.73573823774,NA,2513.31262799621,0.538327733398288,1.09516505599217
"777",-5.76,0.83,-5.86,0.83,1.359326,9.604077,-1.1484446,0.2002995,35,35,-5.1756304271727,0.707885162267616,-5.59382587975519,0.832554010678707,1.35862413356567,8.28906876922682,-1.03301551200893,0.196029584558511,1.35862413356567,8.85183781383852,-5.38472815346395,0.770219586473162,1.35862413356567,8.332790628367,-1.04604949837998,0.199915164999548,1.35862413356567,8.94509908911002,2.85490516072904,0.0668561052575442,-0.420145400177501,-6.91597503988031,-6.59142575416411,2.10746804102359,9.40395867763644,-3.67385527752378,0.504181019674473,-3.71864347150045,0.551580523285031,4.27990945,0.10101919,-0.813,0.02688549,73.1315481774553,-96.7078532260733,1249.74400706071,0.687348511385164,0.688889593072803,7.3070159293463,0.175733367740826,-1.0915137934888,-911.447015187358,-912.13651977948,-930.50171020804,-931.161240275214,0.643714080387464,-959.900779785789,0.571674289483797,1872.44927350355,1898.16985276271,NA,2402.78016089534,0.411563296776043,1.06530676826394
"778",-5.76,0.83,-5.86,0.83,1.359326,9.604077,-1.1484446,0.2002995,35,35,-6.14685101523756,0.895702331922827,-5.26178573530154,0.692549149312379,1.33316588791708,10.7428204949927,-1.26188877821369,0.230845357392295,1.33316588791708,11.7796203432612,-5.70431837526955,0.794125740617603,1.33316588791708,10.9386556324298,-1.30683973532294,0.241163161293483,1.33316588791708,11.9178597933366,2.82288273492355,0.0704129816903677,-0.428416331406158,-6.76822953255329,-7.09349834469924,2.17337478431002,12.1764157192967,-4.25675265944998,0.619241576902372,-3.71790675359101,0.502088941057325,6.55973798,0.15561765,-0.845,0.02407299,87.661640396985,-125.768037665133,1337.55993487819,0.576582564620301,0.544330127372984,7.78252413623223,0.168797401725533,-1.0898895268115,-921.920981970841,-923.212630967583,-944.080840892152,-944.83397737095,0.73556822132688,-975.713764405173,0.439642730253801,1893.39720707052,1925.32811413093,NA,2549.35183209125,0.426030073613639,1.11881708633659
"779",-5.76,0.83,-5.86,0.83,1.359326,9.604077,-1.1484446,0.2002995,35,35,-5.6269613761052,0.835722308502541,-4.57998402699985,0.776442136292124,1.25249719341042,12.5158930946546,-1.61019611459464,0.259987840971123,1.25249719341042,8.99286941377789,-5.10347270155253,0.806082222397333,1.25249719341042,12.7899334870396,-1.62571236398348,0.260866375675447,1.25249719341042,9.33538530874362,3.13746790491234,0.0850148378400194,-0.501516817620677,-6.60568535193954,-5.91188392894479,2.13692631362087,7.9648395311258,-3.68023236101808,0.551682855783843,-3.45302222103878,0.589541643369342,4.95827445,0.1125925,-0.842,0.02645247,72.6732784037025,-95.7913136785676,1200.36830008461,0.323333728458825,0.312774451396452,8.43800059134102,0.189137175728783,-1.22679190504097,-899.851487012969,-901.406351452225,-911.570037602163,-913.929156206234,2.33077006145563,-958.091019686383,2.99009692814255,1849.25821715478,1860.30650755095,NA,2304.94528649065,0.484473897722106,1.13896827099347
"780",-5.76,0.83,-5.86,0.83,1.359326,9.604077,-1.1484446,0.2002995,35,35,-5.32120881876137,0.735026375442061,-6.51455387767512,0.951084283494932,1.37807312546873,9.08413647322564,-1.04342274117096,0.187503513962237,1.37807312546873,9.60764210699052,-5.91788134821825,0.843055329468497,1.37807312546873,9.44015458063411,-1.10788065042449,0.199173768870283,1.37807312546873,9.68851918502341,2.45218634192565,0.0633863026398669,-0.374706163692819,-6.89985310670229,-6.8059810587015,2.04125432710051,11.0144128272896,-3.62822699376558,0.500082309949338,-5.17298348908897,0.758648820457854,3.59502612,0.06567406,-0.714,0.025862,88.3164990992142,-127.077755069591,1295.74654836814,0.0287582952168768,0.0157650924026976,10.0252000474019,0.226368673732481,-1.46640365135096,-917.435271442014,-918.946324034552,-939.158238112018,-939.689922916857,0.518460299731684,-957.116925057702,0.0427582456733126,1884.42578601287,1915.48290857066,NA,2464.41534166668,0.395656772678937,1.34587082301961
"781",-5.76,0.83,-5.86,0.83,1.359326,9.604077,-1.1484446,0.2002995,35,35,-5.49871942187875,0.759858782281992,-6.15124324235338,0.934218120539379,1.34697639254213,11.8478016663706,-1.42304305855591,0.249632833766056,1.34697639254213,11.3972459080244,-5.82498133211606,0.847038451410686,1.34697639254213,11.9542485004423,-1.4514864639397,0.257233128475444,1.34697639254213,11.5443261233707,2.15005529494617,0.0552476635435599,-0.334029116866399,-6.92941865574463,-6.54315465781511,2.17854159677418,11.6746901316535,-3.83629676682083,0.531881108115638,-4.32757105617736,0.663323883028393,5.05985598,0.12156862,-0.812,0.02519425,83.0218940412635,-116.48854495369,1321.90519289298,0.374287347367744,0.337289862993966,9.17390120634266,0.206662884900036,-1.32396428615016,-924.868344669656,-925.944639266838,-944.479366306786,-945.30495455803,0.80674810500239,-974.936766691286,0.643001841296687,1899.29193246815,1926.1251649602,NA,2527.32184083227,0.320834307182226,1.29196044839608
"782",-5.76,0.83,-5.86,0.83,1.359326,9.604077,-1.1484446,0.2002995,35,35,-6.22719867922181,0.956983525216273,-5.47142427718103,0.767675866669624,1.2375665284866,8.11945534986715,-0.991884573059299,0.202592430479755,1.2375665284866,11.3300240520684,-5.84931147820142,0.862329695942949,1.2375665284866,8.26225408656217,-1.02765304366926,0.211551777875858,1.2375665284866,11.4922600029547,3.03673624661344,0.0833253575989816,-0.485607662306578,-6.48347970461811,-6.85555134509087,1.92059969613898,12.3702752493135,-4.59587574155014,0.723120379450135,-4.09435882148917,0.58235070708174,5.30271017,0.15908723,-0.839,0.02553527,78.6550699017856,-107.754896674734,1303.7127155839,0.38873712850247,0.341451976098277,6.24603577791454,0.136462553825871,-0.875520661090629,-899.706873438805,-900.95996896712,-923.343498751315,-924.258537693756,0.894730181683454,-945.932252857302,0.641538753141633,1848.96899000645,1883.85342984926,NA,2499.67053449306,0.48470401601021,0.910600163862615
"783",-5.76,0.83,-5.86,0.83,1.359326,9.604077,-1.1484446,0.2002995,35,35,-4.93264924802394,0.698685803725774,-5.63244810882126,0.813038778492598,1.44788783841434,8.86453115740931,-1.09262345911937,0.194839595834917,1.44788783841434,7.87086194348128,-5.2825486784226,0.755862291109186,1.44788783841434,8.9869607688026,-1.11262947948702,0.198108746544422,1.44788783841434,7.89114071839897,4.12453955486985,0.102189220546605,-0.635006134332911,-6.72780125840755,-6.74631468664203,2.21154114350972,8.39437227787822,-3.25253304488164,0.46347250756013,-4.29688185471034,0.623630525940981,4.45159344,0.10402818,-0.837,0.02921287,57.6806747197304,-65.8061063106234,1236.20668783084,0.295779026644128,0.257214061675726,7.46802170262603,0.163238684771826,-1.06721362609734,-921.741173575684,-922.159292740984,-938.749847611694,-938.909684865187,0.155447881298179,-968.137717347485,0.00196316980446013,1893.0375902802,1914.66612757002,NA,2406.60726935105,0.57714413028277,1.01250008600326
"784",-5.76,0.83,-5.86,0.83,1.359326,9.604077,-1.1484446,0.2002995,35,35,-5.97630986124947,0.864337152447123,-4.53743157750013,0.683113613023703,1.34937580127021,12.6698819661119,-1.40808173936605,0.185436613586843,1.34937580127021,7.6384852359502,-5.2568707193748,0.773725382735413,1.34937580127021,13.1874746449733,-1.4732713932112,0.193647106397131,1.34937580127021,7.77623910468028,2.9116871892671,0.0735632834976024,-0.446979444515241,-6.78455400151982,-6.42535867047381,2.07490848984861,7.9964595207103,-3.89148007363488,0.564202778657272,-3.07972298352023,0.46947333796556,5.99030532,0.09160586,-0.907,0.03002102,55.9072533004521,-62.2592634720668,1196.16047112422,0.538041480553661,0.519958993801842,8.64370949341458,0.176367668950775,-1.20790646573706,-898.961174625206,-900.125008464781,-919.628107040877,-920.735557466151,1.08436407747296,-950.998647838535,0.822503489866588,1847.47759237925,1876.42264642838,NA,2330.06167877638,0.434968750008046,1.07603794285489
"785",-5.76,0.83,-5.86,0.83,1.359326,9.604077,-1.1484446,0.2002995,35,35,-6.16263906811897,0.877543577001637,-6.44110675828095,0.853593959037411,1.36293546167382,11.0267813670695,-1.37049640659513,0.257741038191365,1.36293546167382,11.5552337630387,-6.30187291319996,0.865568768019524,1.36293546167382,11.0461674306856,-1.36882910789644,0.257884434241523,1.36293546167382,11.6700400700689,3.05390127299708,0.081156761114455,-0.481931938617934,-6.89220274831754,-7.31335606487221,2.18065013331997,11.9679557810614,-4.42767749472952,0.626413466731626,-4.59051192165064,0.602654542846298,7.3679216,0.16428445,-0.866,0.02265492,103.03893041529,-156.522617701744,1381.94415946104,0.664268663197408,0.672657203482928,8.31068228570063,0.184754509586901,-1.18262089300001,-928.119066176328,-928.502348688451,-948.251510419877,-948.888688595573,0.621798767382105,-975.974378745809,0.74639702249564,1905.79337548149,1933.66945318638,NA,2607.36570122033,0.46991072535308,1.1949611979154
"786",-5.76,0.83,-5.86,0.83,1.359326,9.604077,-1.1484446,0.2002995,35,35,-6.09921692330821,0.960968759833124,-7.11732382374666,0.961207126313947,1.17850830915444,7.41423877614188,-0.762352515103035,0.142506194285018,1.17850830915444,11.138749768512,-6.60827037352743,0.961087943073536,1.17850830915444,7.67337419132198,-0.762413185742776,0.142506208489662,1.17850830915444,11.9061992784037,2.89049390611645,0.0744376799653387,-0.449200352751692,-6.33175495211573,-7.34844172674349,1.60527010239588,14.5108330132677,-4.8036255740377,0.750343453331033,-5.36674273679972,0.727386357830469,5.54991558,0.09862727,-0.835,0.02271735,112.285618652423,-175.015994176008,1323.46715547508,0.0948808226094553,0.0830687257209738,6.34054622319156,0.145461101109589,-0.888246472516884,-882.093346474315,-884.572615450195,-910.269203007323,-914.560550507953,4.29917146887829,-907.190282683804,4.94012650346114,1813.74193607747,1857.70483836127,NA,2471.91831677416,0.433400520531684,1.03647240811525
"787",-5.76,0.83,-5.86,0.83,1.359326,9.604077,-1.1484446,0.2002995,35,35,-5.32833478540287,0.763998525345427,-6.04899431213021,0.820748190153288,1.3550833796172,9.3400031084807,-1.11666295377407,0.192640173875197,1.3550833796172,8.68207848346985,-5.68866454876654,0.792373357749357,1.3550833796172,9.4698406468464,-1.12688725041966,0.193445304989149,1.3550833796172,8.78186219152571,2.77860438049243,0.0738075013993477,-0.437721151984712,-6.73437050133734,-7.11693021023961,2.05604167478629,9.43751718373049,-4.13225304965328,0.601398311065669,-4.1583732213242,0.566794744048874,5.54035584,0.10328101,-0.856,0.02800943,65.9068666841578,-82.2584902394781,1272.8813759896,0.689222384628474,0.664270211784752,6.65551752548831,0.148243875581378,-0.952984174483019,-910.487584346523,-911.020957075466,-928.645674969503,-929.363404320763,0.700809455261395,-953.960858268695,0.811551904394056,1870.53041182188,1894.45778228563,NA,2463.50426173972,0.429932659585324,0.939111323326821
"788",-5.76,0.83,-5.86,0.83,1.359326,9.604077,-1.1484446,0.2002995,35,35,-4.98802560704401,0.740854740909996,-5.53216027180884,0.77995000676009,1.3731335829832,4.90578051121853,-0.67830811836824,0.164056014993296,1.3731335829832,7.80786540405249,-5.26009293942642,0.760402373835043,1.3731335829832,4.97980114456821,-0.683626390712547,0.164438124946269,1.3731335829832,7.87205787767552,3.043914324496,0.0775755115244935,-0.472410992314958,-6.53194600173201,-6.84316118923662,2.03050615949753,8.7999351482347,-4.07380802727877,0.602405123825375,-4.35115769480316,0.613408127682289,4.65465306,0.11018392,-0.829,0.02645752,77.8665264242242,-106.177809719611,1226.5542390123,0.788038812313335,0.787998962123993,3.81110515305943,0.103299518800629,-0.594152979721184,-901.522939627013,-902.032563723785,-925.26341617786,-925.771732059969,0.495589794589473,-948.692883053538,0.579216618413229,1852.60112238286,1887.69326470235,NA,2346.930668305,0.445890857944738,0.646125767617228
"789",-5.76,0.83,-5.86,0.83,1.359326,9.604077,-1.1484446,0.2002995,35,35,-5.95464702536144,0.909916817815833,-5.97111344420755,0.776326353352801,1.22354634825191,9.78834323342603,-1.11761443528289,0.186101860908425,1.22354634825191,10.154141859873,-5.96288023478449,0.843121585584317,1.22354634825191,9.78841101916344,-1.11706449614747,0.190563463957288,1.22354634825191,10.6584995884963,3.23127138484616,0.0929305037144756,-0.53339381602075,-6.4913393140065,-7.30370315094384,1.8611518411456,11.2305578787778,-4.5471908543238,0.689118146984569,-4.81943680708802,0.6278854278247,8.92342097,0.15426648,-0.898,0.02169775,112.296924742245,-175.038606355653,1295.65134409232,0.104297084949555,0.0960585741651653,5.12473275894887,0.124563971537512,-0.745923386801021,-892.856066031668,-895.185640689239,-913.536247797808,-916.63196953377,3.0747614632525,-935.110609564375,3.45000760401577,1835.26737519217,1864.23892794224,NA,2416.26408182899,0.520179430105669,0.842473485305398
"790",-5.76,0.83,-5.86,0.83,1.359326,9.604077,-1.1484446,0.2002995,35,35,-4.87881501521577,0.71277780486026,-5.74212578602791,0.75178887900084,1.30332189295484,9.30807044356045,-1.14895650404678,0.18604925398359,1.30332189295484,7.23459787278263,-5.31047040062184,0.73228334193055,1.30332189295484,9.49439681531051,-1.15737617416841,0.186429719959991,1.30332189295484,7.50441210819606,2.84150925858982,0.0706083129147725,-0.431392097328229,-6.59001052942461,-7.22090341539554,2.06813073384979,7.14916054279248,-3.42735615624041,0.498199089042496,-3.89825103311638,0.50931134296872,4.27403294,0.08582594,-0.856,0.02768628,74.7209013321317,-99.886559535426,1202.94796909808,0.342477406435935,0.324246045863753,7.97767163343053,0.166269384057087,-1.11488613535528,-893.904258249196,-895.34786858012,-907.7684937766,-910.025333635854,2.22808305779638,-946.734970690863,2.81039497096689,1837.36375962723,1852.70341989983,NA,2306.00937866074,0.42399929899589,1.04836717259199
"791",-5.76,0.83,-5.86,0.83,1.359326,9.604077,-1.1484446,0.2002995,35,35,-5.75185496210535,0.858584924974921,-5.62383611816129,0.856450491590152,1.32428120542774,11.3338545058095,-1.40523883787625,0.241628309634735,1.32428120542774,9.99028485374669,-5.68784554013332,0.857517708282536,1.32428120542774,11.3379517119107,-1.40530714979985,0.241629448586204,1.32428120542774,9.99907675256257,2.74412399577279,0.0684396842298439,-0.417622917789879,-6.59436938515224,-6.47906694298772,2.10043533640267,10.1825434111953,-4.23061007221041,0.628575420068382,-3.94941125643588,0.604016777802292,6.30121912,0.14430252,-0.866,0.02642826,70.0482132057213,-90.5411832826051,1267.78021241258,0.894827339794701,0.883056327553118,6.99958162947462,0.158822671005324,-1.01169002056726,-915.293803182745,-915.328758366,-931.883806704473,-931.939782222174,0.0543979639686921,-961.607702555702,0.0673556551195403,1880.14284949433,1900.93404575557,NA,2445.01924154256,0.409600994995382,0.998100356259796
"792",-5.76,0.83,-5.86,0.83,1.359326,9.604077,-1.1484446,0.2002995,35,35,-5.6875694830445,0.795717460944711,-6.29213604672108,0.880266346761926,1.44721207937958,6.5427496469146,-0.60612961989006,0.110534778552708,1.44721207937958,8.52396118111695,-5.98985276488279,0.837991903853319,1.44721207937958,6.63412482939353,-0.61890847723036,0.112321907075941,1.44721207937958,8.54108762114672,2.82085455117315,0.0793077089916983,-0.457506469110298,-6.90463198858148,-7.00547816925847,1.85781899526632,12.0012387001996,-3.88346168414448,0.539545323427561,-4.42458877064909,0.624764796524856,3.29593337,0.05244712,-0.711,0.02729885,80.649455356029,-111.743667583221,1297.23101185459,0.640991160910066,0.624691214448804,8.25009001831914,0.176897175993441,-1.16676327534185,-914.236843270527,-914.599954601552,-943.608196398538,-943.733960684483,0.12228083461041,-936.810231632388,0.0501046162604668,1878.02892966989,1924.3828251437,NA,2482.71835612596,0.45612858088917,1.11034040668509
"793",-5.76,0.83,-5.86,0.83,1.359326,9.604077,-1.1484446,0.2002995,35,35,-5.75927474004693,0.884044413000435,-6.25288402438819,0.893079083954147,1.59185247918977,6.15011598532937,-0.642114576797419,0.135203994987415,1.59185247918977,8.00641338848882,-6.00607938221756,0.888561748477291,1.59185247918977,6.21102851672635,-0.643229476163351,0.135224401307226,1.59185247918977,8.11283932825545,2.58362545898718,0.0666106592716578,-0.404285534168683,-6.45010812158478,-6.88989117428393,2.02934856593016,11.1605958888968,-4.11002067507153,0.633441559668151,-4.66576240018028,0.659221446590094,4.3468399,0.08449041,-0.807,0.03218726,42.3654300037352,-35.1756168786331,1306.92875735898,0.443086469915995,0.425571506641407,6.50272471288292,0.158767559506819,-0.956798080052086,-936.126870296919,-936.638021404642,-963.035578559102,-963.85789740126,0.8035345028,-956.107047375103,0.93263655757887,1921.80898372268,1963.23758946483,NA,2578.68189783934,0.378052669063905,1.04114375308356
"794",-5.76,0.83,-5.86,0.83,1.359326,9.604077,-1.1484446,0.2002995,35,35,-5.48184575098813,0.892686906671127,-5.4957531837397,0.799531996065609,1.2839024984852,9.48359538674525,-1.12325773044955,0.186988608913756,1.2839024984852,8.75466904519418,-5.48879946736392,0.846109451368368,1.2839024984852,9.48364374091671,-1.12293384403587,0.189158068256236,1.2839024984852,8.99026111582622,2.86368362787525,0.0783153011215018,-0.455344812256266,-6.12118939165246,-6.69008967611291,1.91459207421002,9.67573222589944,-4.17747293801156,0.683582733930952,-4.32769274358915,0.631174703694612,5.79377893,0.10420469,-0.833,0.02608608,78.397403671242,-107.239564213647,1239.7358742882,0.325717851371079,0.316629999395957,5.51907877691412,0.140077069236544,-0.847379539680375,-898.096854398839,-899.348449057849,-915.948649870555,-917.619177696236,1.64231720509999,-937.287564544095,1.88427954855009,1845.74895192651,1869.06373208774,NA,2372.23218436275,0.462763480797134,0.834111176718938
"795",-5.76,0.83,-5.86,0.83,1.359326,9.604077,-1.1484446,0.2002995,35,35,-5.92038665299843,0.799703868705525,-6.46737112158614,0.88161463776895,1.33649182322381,10.7281560021013,-1.12881773001135,0.19660612153305,1.33649182322381,12.4538892894391,-6.19387888729229,0.840659253237238,1.33649182322381,10.8029540043204,-1.14001870963329,0.19828346505519,1.33649182322381,12.4673236262217,2.87141251925944,0.0803353978354825,-0.463107666519176,-7.11369917265847,-7.17268047520069,1.99928051922621,14.5706159620799,-4.11398919203301,0.576477678148008,-4.78894274312105,0.659912634159071,3.22885625,0.08121037,-0.662,0.02179136,122.016802170074,-194.478361211311,1377.12392199966,0.576556539403742,0.542666486389059,10.7782948517255,0.203115128353282,-1.43428917213833,-921.456080009159,-921.681520196548,-948.290451361628,-948.360314755658,0.0679011757540174,-961.101282361945,0.0132983008046936,1892.46740314715,1933.74733506988,NA,2559.76948278801,0.467920578108506,1.34798580822517
"796",-5.76,0.83,-5.86,0.83,1.359326,9.604077,-1.1484446,0.2002995,35,35,-5.56507446896245,0.798718638081724,-5.8127375113187,0.739215158870067,1.53824562659145,7.01750288811762,-0.868356365644912,0.192805448724557,1.53824562659145,9.11012882291826,-5.68890599014057,0.768966898475896,1.53824562659145,7.03283713375491,-0.864672162471827,0.19369061473413,1.53824562659145,9.32150647218965,3.84641149647527,0.0934081382355772,-0.581225795172738,-6.76425673773115,-7.36642611152626,2.27035544401112,10.5125344358969,-3.76051214880246,0.537465099583019,-3.85477032103778,0.490242041360892,3.80261974,0.10074471,-0.791,0.02863138,64.3951597504122,-79.235076371987,1335.35643140001,0.478941048965203,0.456880134991745,7.91701180676679,0.175600006731177,-1.10870526406244,-938.211405300782,-939.057738156099,-962.734953590207,-964.183390111747,1.42171088046582,-981.684573629151,1.65089514843419,1925.9780537304,1962.63633952704,NA,2591.47778642804,0.549835056923612,1.199927507725
"797",-5.76,0.83,-5.86,0.83,1.359326,9.604077,-1.1484446,0.2002995,35,35,-6.36863030713626,0.937134093176162,-6.90691031824629,0.925366795548314,1.23917416450969,5.99395777119117,-0.860802645024123,0.214376686785604,1.23917416450969,10.9894273017842,-6.63777031269127,0.931250444362238,1.23917416450969,6.06639411378132,-0.85921911974966,0.214411304108969,1.23917416450969,11.2510330854035,2.41269704994766,0.0679983695328427,-0.39079479409872,-6.74316911219373,-7.35155563754907,1.88852433286407,12.0595886591606,-4.67954542781636,0.682562891176174,-4.97348251277241,0.667606084753439,3.12861169,0.11986529,-0.771,0.02060131,135.228250509765,-220.901257890693,1352.41884418284,0.50985084169256,0.496018701194812,8.27983751708408,0.182666014727174,-1.18290986067366,-895.018711801607,-896.057080560775,-921.700710035357,-923.211664493919,1.48374003514449,-940.983131441298,1.78588731171357,1839.59266673205,1880.56785241734,NA,2483.93643047498,0.394716176616347,1.15048127120995
"798",-5.76,0.83,-5.86,0.83,1.359326,9.604077,-1.1484446,0.2002995,35,35,-5.66403202586974,0.681951647173932,-3.73909052213701,0.541364100288214,1.35452592378022,8.45477723451618,-1.18656245686291,0.221407502306348,1.35452592378022,7.07338477497397,-4.70156127400338,0.611657873731073,1.35452592378022,9.38112718271439,-1.25421815783998,0.226348716891184,1.35452592378022,7.86958814952551,3.76453912151058,0.0935843556602838,-0.578577086066734,-7.55888181069466,-6.47152453149382,2.4721232300438,5.7068814970192,-3.90433976615151,0.469223970887146,-2.78398879121921,0.404165893708494,4.46596794,0.12014735,-0.867,0.02797174,69.053296451278,-88.5513497737187,1219.2744939616,0.0240681135727571,0.022160045667439,7.3321164796734,0.141428972907197,-0.96647742754755,-904.098297440844,-909.285403634238,-915.825601490654,-922.409489442132,6.7062119518116,-983.633534594713,8.48595540560706,1857.75183801053,1868.81763532794,NA,2349.99763814948,0.535577001747008,1.00372974078704
"799",-5.76,0.83,-5.86,0.83,1.359326,9.604077,-1.1484446,0.2002995,35,35,-5.79675679204246,0.835686597774323,-5.73139395749772,0.798214916384828,1.39954150860082,12.7788181958629,-1.54484650515293,0.254311799494513,1.39954150860082,10.1129788662344,-5.76407537477009,0.816950757079575,1.39954150860082,12.7798862708978,-1.54545881898062,0.254662831221052,1.39954150860082,10.1307932034079,3.50034591749816,0.0937865955605572,-0.554794976961536,-6.77569352315467,-6.93357726978856,2.25344777289678,10.1762703090085,-3.83697168325662,0.559617469535624,-4.14932634336386,0.590719978139677,6.23106546,0.15151169,-0.871,0.02355436,91.6521965399098,-133.749149950982,1290.85458928415,0.886413260439853,0.879731505416624,8.80264845140744,0.169388563416943,-1.17777929958773,-929.246024090416,-929.346037974237,-946.20328858039,-946.315410199407,0.109005419912838,-978.815669345098,0.117781590549833,1908.04729130967,1929.57300950741,NA,2447.96002861731,0.541611444003195,1.13226835796373
"800",-5.76,0.83,-5.86,0.83,1.359326,9.604077,-1.1484446,0.2002995,35,35,-5.95141534523707,0.969070932220502,-6.03945437420278,0.894600043757134,1.53060915469781,5.78721550019086,-0.612425332403109,0.136033412664791,1.53060915469781,8.37800820659505,-5.99543485971992,0.931835487988818,1.53060915469781,5.78915321784617,-0.610786246226477,0.137419890971921,1.53060915469781,8.5476845365815,2.97444842923929,0.0717595554515498,-0.446156768673802,-6.13568272755823,-6.6674000391708,1.95158065342547,11.6866149080561,-4.0761659342247,0.657406178093488,-4.58426355246512,0.680932882075246,3.75715171,0.08617255,-0.748,0.02768716,71.1638120184858,-92.7723809081343,1294.99827955196,0.515581019768009,0.507386121281725,6.90248182631636,0.173670234853914,-1.04520954096239,-928.373626413791,-929.147278824434,-956.253719114044,-957.508908184538,1.23032419943551,-948.015754292631,1.35886496119234,1906.30249595642,1949.67387057472,NA,2497.22417819579,0.430235516144861,1.0744231279357
"801",-5.76,0.83,-5.86,0.83,1.359326,9.604077,-1.1484446,0.2002995,35,35,-5.29175891003059,0.809277303788535,-5.78001088785129,0.791458187919363,1.3347891422614,9.59746150951119,-1.18199475113382,0.206135089761557,1.3347891422614,8.79381718773979,-5.53588489894094,0.800367745853949,1.3347891422614,9.65705900797264,-1.17981969649228,0.206214469984147,1.3347891422614,9.02596419741156,3.13575570583338,0.0862095504773921,-0.498289953961317,-6.42803538078206,-7.02244903990201,2.06393752744031,9.24529546146896,-3.48681134945258,0.542759800157749,-3.94836027607899,0.541130778059918,3.35583141,0.08772874,-0.78,0.02779331,71.6948723358884,-93.8345015429393,1250.06327622918,0.296523551578484,0.268921423169987,9.50154551034572,0.199333600843219,-1.33479722376405,-908.856032136443,-909.867113534237,-925.751938094816,-927.391818329465,1.61183288957466,-954.249349964931,1.98839877761403,1867.26730740172,1888.67030853626,NA,2406.29205091541,0.515135149569366,1.24293977710886
"802",-5.76,0.83,-5.86,0.83,1.359326,9.604077,-1.1484446,0.2002995,35,35,-6.19861156756292,0.876300904289316,-6.89563646102759,0.985048552009263,1.28173300457077,10.0783514279492,-1.26698826862152,0.200845579788458,1.28173300457077,7.15615175945857,-6.54712401429526,0.930674728149289,1.28173300457077,10.1998123534765,-1.28593822301315,0.203802092509614,1.28173300457077,7.17830511371157,2.51645639880697,0.0665919196982968,-0.395935545328295,-6.93557877021531,-6.984713319173,1.8998814584026,7.45074063279029,-4.32949819165244,0.617198792818899,-5.00647184393529,0.720824402646059,6.48837475,0.1483822,-0.921,0.02787812,71.3962387858093,-93.2372344427811,1254.19295067313,0.680621359752654,0.67009251153376,8.01923122564128,0.157583667451145,-1.09616971159174,-890.883650928955,-891.262430589971,-903.006156095134,-903.196029044146,0.184698388851948,-927.217690301903,0.0178936785720643,1831.32254498675,1843.1787445369,NA,2415.14866690349,0.38722164711085,0.995281631550917
"803",-5.76,0.83,-5.86,0.83,1.359326,9.604077,-1.1484446,0.2002995,35,35,-5.99121970224461,0.833744512929928,-6.37926082278759,0.984727942255742,1.23096518405535,7.79102592387005,-0.989273326563433,0.171403766636116,1.23096518405535,7.17257447991791,-6.1852402625161,0.909236227592835,1.23096518405535,7.82866990167811,-1.00392027133819,0.177102765618861,1.23096518405535,7.39969007928031,2.45638725599484,0.0643209922564074,-0.384680902602329,-6.9817268723068,-6.47024779088034,1.78016799087038,7.89911376109741,-4.39278123878536,0.604837023675339,-4.68749920171912,0.720139091351311,4.1171592,0.08463784,-0.854,0.02521518,98.9079422882784,-148.260641447719,1217.30222404644,0.152019754260499,0.144316748432052,7.17077287562529,0.174568051988524,-1.08165928518611,-879.147427245219,-880.868879759641,-893.24540760097,-895.164166176258,1.88971795785927,-913.081586075761,1.96514666278327,1807.85009761928,1823.65724754857,NA,2286.34380664516,0.374007770838335,1.03910413364439
"804",-5.76,0.83,-5.86,0.83,1.359326,9.604077,-1.1484446,0.2002995,35,35,-5.81586422394625,0.828080089303291,-6.48524543422478,0.988708565930416,1.59875395651912,11.8770216219666,-1.41328569925647,0.217142034505928,1.59875395651912,7.21549815112203,-6.15055482908551,0.908394327616854,1.59875395651912,11.9890394231351,-1.44016612027894,0.223592411381816,1.59875395651912,7.29663430687267,2.36463279792667,0.059842719672743,-0.359893804542341,-6.8401185641941,-6.55251687652908,2.28617005975597,8.10244999493552,-4.10627699391224,0.597147678699982,-4.32842333155917,0.671658964954235,5.54677126,0.11673946,-0.884,0.03260003,37.479681421335,-25.4041197138327,1279.64171440837,0.559801691834456,0.516871509835335,9.82008568027309,0.201581175601012,-1.36260096414977,-942.487736037591,-943.572633124209,-957.661462913742,-958.34939060908,0.671567139271965,-975.164006373009,0.473002010984376,1934.53071520402,1952.48935817411,NA,2533.8793091029,0.366641578116656,1.27853565640677
"805",-5.76,0.83,-5.86,0.83,1.359326,9.604077,-1.1484446,0.2002995,35,35,-5.5744678888309,0.866457500535747,-6.70912329519209,0.936429749836914,1.35318029205622,9.78964357977794,-1.40653353834568,0.257133919620449,1.35318029205622,7.26831161923917,-6.1417955920115,0.90144362518633,1.35318029205622,10.1115043025741,-1.42638213608689,0.258357948538515,1.35318029205622,7.60949809477147,2.60888478623034,0.0665649873466838,-0.399488137654516,-6.37007954387131,-7.08785839560201,2.14753044212349,6.66099025291539,-3.93554677953973,0.610723685322531,-5.04109456624896,0.718987409904077,5.09250964,0.12570735,-0.892,0.02653214,82.1838304090869,-114.812417689336,1243.07248237544,0.141446702739532,0.13149625682232,8.19086430101942,0.186631087889891,-1.19156220425541,-907.786429962971,-909.950306274613,-917.252114930256,-920.08261340836,2.80597556122732,-953.802869908138,3.72652500304997,1865.12810305478,1871.67066220714,NA,2371.33254706154,0.40391368129356,1.15111970363168
"806",-5.76,0.83,-5.86,0.83,1.359326,9.604077,-1.1484446,0.2002995,35,35,-5.4963441468651,0.725609518992239,-6.26293108584018,0.902333237785399,1.29662846361885,13.1422774651124,-1.54678057825452,0.22611596473788,1.29662846361885,8.93974250266922,-5.87963761635264,0.813971378388819,1.29662846361885,13.2891913488643,-1.58064910191301,0.233923782933901,1.29662846361885,9.04858156735567,3.13792139386644,0.0905691859224652,-0.517499420141302,-7.13109162873587,-6.84480438190497,2.09233909039968,8.77829570556232,-3.89345206903975,0.517964719772752,-4.49680987644448,0.652597373897104,7.91657548,0.16239895,-0.919,0.02661337,72.38006530021,-95.2048874715827,1265.48138295644,0.344330784314101,0.321666804954635,7.76402165513876,0.152631008764519,-1.05037834911691,-903.231808225911,-904.629970021556,-919.680773807863,-920.44309983378,0.74459236712529,-955.964905898572,0.476711611026687,1856.01885958066,1876.52797996235,NA,2435.75787844129,0.512129107232923,1.00601902808091
"807",-5.76,0.83,-5.86,0.83,1.359326,9.604077,-1.1484446,0.2002995,35,35,-6.6879640700517,0.945471689966887,-4.67157095709535,0.656945832597325,1.27478569369234,9.11072532962769,-1.03803230066974,0.184982469260919,1.27478569369234,10.3721703305834,-5.67976751357352,0.801208761282106,1.27478569369234,10.1271856261222,-1.18347768859719,0.205794261853629,1.27478569369234,10.5780211700312,2.59869946122301,0.0675149354477238,-0.401609114366026,-7.01282963094839,-6.71539891441773,2.00169600465464,11.20491465121,-4.33471946202398,0.612273444006457,-3.21805527203624,0.445306282263464,4.21196556,0.09589954,-0.818,0.02549983,85.8384708893666,-122.121698649896,1273.60952804079,0.228966084336757,0.21913616083677,9.69489088295331,0.203210728460941,-1.35578822792806,-902.59374802515,-905.638865230549,-924.942353162912,-926.198111329621,1.23088704051531,-952.872967917654,0.430909160855568,1854.74273917914,1887.05113867245,NA,2425.09735743168,0.407570645631338,1.28882391274371
"808",-5.76,0.83,-5.86,0.83,1.359326,9.604077,-1.1484446,0.2002995,35,35,-5.70692757586755,0.874941584050167,-6.23861624485295,0.841726224948622,1.41063063158633,8.39850785206551,-1.10277229098481,0.21806412017311,1.41063063158633,8.81411933897166,-5.97277191036025,0.858333904499395,1.41063063158633,8.46918106224738,-1.09835723346716,0.218339935193171,1.41063063158633,9.14602720115535,2.4002423209238,0.0615690897314317,-0.361940926580398,-6.45199325675374,-7.18157044013389,2.11708593883345,9.58084226388599,-4.40110055557484,0.680496289931879,-4.60123897941989,0.628517989080937,6.89876605,0.17594734,-0.869,0.02483498,82.706003590063,-115.856764051289,1304.24610737769,0.303373661078465,0.29013540876254,5.41298607519499,0.11685363748657,-0.745389291773407,-921.144319200985,-922.574231365456,-939.436459014081,-941.764667585294,2.29972082557295,-961.606400961751,2.82768299843744,1891.84388153081,1916.03935037479,NA,2492.6354507041,0.398076417860456,0.817526862641616
"809",-5.76,0.83,-5.86,0.83,1.359326,9.604077,-1.1484446,0.2002995,35,35,-4.92401618005583,0.771709429296828,-6.38923443860105,0.880823371661964,1.25405369526247,10.63895045435,-1.25143179649204,0.202563572487579,1.25405369526247,9.57841237629208,-5.65662530932844,0.826266400479396,1.25405369526247,11.1756665906435,-1.29140073164585,0.205540035592195,1.25405369526247,10.0631318122136,3.03225563539171,0.0753704169721491,-0.463587663910188,-6.28411232559703,-7.09925795092524,1.95255037225657,10.1015402888536,-3.80447404901286,0.601824610823226,-4.56219156396324,0.631532345005042,6.69666018,0.1459019,-0.883,0.02339816,97.0645936560132,-144.573944183189,1249.66976759468,0.173338648539222,0.174005014006344,7.2184020715797,0.134655193748099,-0.942522346487092,-897.785612278429,-899.902330585783,-915.860365023823,-918.996558605536,3.11586658471852,-943.466234797372,3.64780722857424,1845.12646768569,1868.88716239427,NA,2354.76559100618,0.44052197917482,0.949476320206175
"810",-5.76,0.83,-5.86,0.83,1.359326,9.604077,-1.1484446,0.2002995,35,35,-5.21346830187666,0.792080582348961,-6.19421791285433,0.854224219214668,1.41513094927151,8.36900054689812,-1.04236296818445,0.190623007830257,1.41513094927151,7.91200613171644,-5.7038431073655,0.823152400781815,1.41513094927151,8.60946799675633,-1.05759980510464,0.191588465730981,1.41513094927151,8.14853468141979,3.61998251767535,0.0980515233500728,-0.58067943939857,-6.45219838897272,-7.0627122924018,2.07552122873706,8.83803501583509,-3.5808029817231,0.547529125378506,-4.47669560322979,0.627546634456392,4.18143632,0.09020756,-0.843,0.03047053,54.0045438557879,-58.4538445827385,1248.6649899283,0.262491357460486,0.225682922551794,8.15178262207657,0.177865170145007,-1.15139008860982,-916.163905231389,-917.475493482566,-933.467244519944,-935.30084909988,1.80474981077351,-954.200858780755,2.17221363325839,1881.88305359162,1904.10092138651,NA,2438.87613527385,0.5506564241023,1.15154021085762
"811",-5.76,0.83,-5.86,0.83,1.359326,9.604077,-1.1484446,0.2002995,35,35,-5.89865175082366,0.900786181818228,-5.46742117549726,0.718581815797453,1.30293533132883,11.3866052067629,-1.51760861940702,0.268773108360706,1.30293533132883,9.47232430063588,-5.68303646316046,0.80968399880784,1.30293533132883,11.433095159037,-1.53725164280355,0.277072716109964,1.30293533132883,9.81644769604205,3.57127174930738,0.0901108037698791,-0.549783198643409,-6.48974200600948,-7.14403789444514,2.23128630464229,8.50483535549096,-4.27608289764335,0.652796089588066,-3.84593334708473,0.505781554231552,6.38268577,0.14736701,-0.881,0.02618787,76.0683361976802,-102.581429266523,1278.65939257534,0.151811846917369,0.129823053927573,7.21829646326074,0.175071091486215,-1.07221269716395,-911.438215131483,-913.317087524528,-924.523219270585,-926.786453248799,2.23449830389599,-970.724572320394,2.40212412912108,1872.4316733918,1886.2128708878,NA,2454.73735588416,0.525762890630072,1.09871049037138
"812",-5.76,0.83,-5.86,0.83,1.359326,9.604077,-1.1484446,0.2002995,35,35,-6.0785746996737,0.853031788011946,-5.64481932945307,0.831035668657803,1.37345585654253,10.7733837816845,-1.42680581983941,0.24650238551224,1.37345585654253,8.02188671264793,-5.86169701456339,0.842033728334875,1.37345585654253,10.8204197119833,-1.42919105356288,0.246623342828901,1.37345585654253,8.08104658811016,2.77005439957836,0.0712010453067607,-0.424217697846413,-6.95417327576179,-6.65146509272146,2.17819315982842,7.7348765306996,-4.22226778417092,0.594186022554205,-3.80767656990503,0.562753643404173,6.0976585,0.1455983,-0.888,0.027706,64.7347505856713,-79.9142580425053,1256.51125129776,0.716504076251231,0.719619210282647,8.32793745117489,0.180107081160363,-1.19166902666204,-915.105765404316,-915.418583064214,-927.00149624606,-927.459013926294,0.445901357394767,-961.86766287222,0.573115459609545,1879.76677393747,1891.16942483875,NA,2433.10824455301,0.436994515339701,1.09250746252628
"813",-5.76,0.83,-5.86,0.83,1.359326,9.604077,-1.1484446,0.2002995,35,35,-5.87503176659178,0.860078073103189,-5.71209870929823,0.814144324396033,1.41374049597614,9.74100880176685,-1.17485503070879,0.197287694995022,1.41374049597614,8.03562570393045,-5.79356523794501,0.837111198749611,1.41374049597614,9.7476455970566,-1.17672606223624,0.197815172312595,1.41374049597614,8.04653098514364,3.19483227386385,0.084557156024989,-0.505001567810079,-6.70865039947213,-6.81937873070825,2.07852934105842,8.92369754499948,-4.26718626765139,0.623079620268781,-4.02453660925928,0.5773003202074,6.32316131,0.1292246,-0.884,0.02747081,67.4252702587609,-85.2952973886843,1258.50169027253,0.910735684306009,0.918959690270838,6.52262175205447,0.144404806968028,-0.934624939280458,-917.577711283713,-917.680605334211,-934.190704855621,-934.275138343352,0.0820705888884389,-954.859122895591,0.0707350707328737,1884.71066569626,1905.54784205787,NA,2431.70808315638,0.482969777429451,0.903857176246454
"814",-5.76,0.83,-5.86,0.83,1.359326,9.604077,-1.1484446,0.2002995,35,35,-5.19725799267428,0.716744604153765,-5.34682190922636,0.807728805837784,1.40313018314714,9.71197716731217,-1.26082953842901,0.220612481679851,1.40313018314714,7.68153990694753,-5.27203995095032,0.762236704995774,1.40313018314714,9.71756950859577,-1.26423152681607,0.222682012918871,1.40313018314714,7.79072014606469,3.1650518202058,0.0779914800819202,-0.482086965423359,-6.88482034318033,-6.49232393006388,2.23049662577291,7.53496541628714,-3.42362997466366,0.484922174468301,-3.82491493943885,0.586410056143126,4.2639626,0.11836115,-0.857,0.03041678,48.9071532057851,-48.2590632827328,1216.98103430983,0.54113056348013,0.503553697307512,7.80029602084262,0.161931878798377,-1.08681373592696,-916.091306429392,-916.783288731268,-929.546674336608,-930.421514362066,0.8551773463629,-966.870821309453,0.962974993632159,1881.73785598762,1896.25978101984,NA,2385.70300533692,0.455868481596396,1.02735611596117
"815",-5.76,0.83,-5.86,0.83,1.359326,9.604077,-1.1484446,0.2002995,35,35,-7.01735143410666,1.01010345357305,-6.01887941526631,0.810293579703366,1.46280458262661,9.04698640305623,-1.02282677099562,0.167666911838239,1.46280458262661,7.74421837941241,-6.51811542468648,0.91019851663821,1.46280458262661,9.29622299615801,-1.07270291303234,0.177647908262194,1.46280458262661,7.82691173947035,2.41291692731457,0.0645966987692686,-0.377989255525898,-6.9571576721872,-7.14910117709875,2.01310788417303,9.50036749732273,-5.1248388307127,0.736766678392703,-4.29262206613423,0.583302426620638,5.96655232,0.10902944,-0.858,0.02698558,77.2485800529198,-104.941916977002,1324.23009980236,0.345047652188109,0.313981828990967,8.00005277404114,0.176967485179092,-1.15485008855135,-920.806517748151,-922.300983012241,-940.254479359783,-940.913353080598,0.643070454093391,-949.000776283118,0.207406448175095,1891.16827862514,1917.67539106619,NA,2543.51828262772,0.389403445739775,1.07389030838859
"816",-5.76,0.83,-5.86,0.83,1.359326,9.604077,-1.1484446,0.2002995,35,35,-6.47758059524265,0.877948355406009,-5.86042858450205,0.871962995814054,1.18375906570491,8.68766169043745,-1.1585675042911,0.220256485662245,1.18375906570491,9.63917512696201,-6.16900458987235,0.874955675610031,1.18375906570491,8.78288084152775,-1.1594909734679,0.220265441794607,1.18375906570491,9.88918102252329,1.99895819626156,0.0542771643248059,-0.313371511967132,-7.2047327104524,-6.62323992333028,1.88278356549275,9.6696760260534,-4.7432379828733,0.641218758231114,-4.45843486777888,0.661953841453414,5.00234651,0.12133087,-0.848,0.02576741,84.9238816124625,-120.292520096088,1282.01695759099,0.412773194303341,0.384168318628317,7.06793507259705,0.158884575586028,-1.01622107459942,-885.810053394314,-886.868137744436,-902.128169005621,-903.754043208496,1.59790591801468,-933.163149760943,2.00301404280405,1821.17534991747,1841.42277035787,NA,2443.7413950859,0.333835693442733,1.00451335318621
"817",-5.76,0.83,-5.86,0.83,1.359326,9.604077,-1.1484446,0.2002995,35,35,-5.46152201347814,0.86947336165049,-5.45738487507042,0.754553614514637,1.35411156776325,8.06199487697578,-0.966597877027794,0.170658755822599,1.35411156776325,7.84578294461104,-5.45945344427428,0.812013488082563,1.35411156776325,8.06199915595435,-0.966716736752717,0.173960392893041,1.35411156776325,8.16671310545383,2.56476264429541,0.05986041010265,-0.380067454603674,-6.23916594841073,-6.91969092567693,1.97430829453477,8.91135051039865,-4.22624079931815,0.675245171466169,-3.73212458592547,0.517827187133351,4.59087682,0.09020304,-0.838,0.02813612,67.2263158474063,-84.8973885659753,1219.32292348951,0.0849210707072129,0.0709620748241677,6.65097058044389,0.162602662534923,-0.992155604101898,-904.051943284849,-905.83092187404,-922.146404797892,-924.641060599213,2.46707963262934,-942.212138917318,2.81635434625474,1857.65912969853,1881.45924194241,NA,2353.74845841305,0.356586743232183,1.01685981973077
"818",-5.76,0.83,-5.86,0.83,1.359326,9.604077,-1.1484446,0.2002995,35,35,-6.11667135658583,0.80587527362153,-5.61854682393619,0.801867766280583,1.20631096452731,8.36432750709351,-0.886218987045278,0.149249343658622,1.20631096452731,10.1004833120214,-5.86760909026101,0.803871519951056,1.20631096452731,8.42635951960035,-0.886718046475601,0.149253358687393,1.20631096452731,10.2636532288841,3.20371949869342,0.0843713002710576,-0.506743210470102,-7.27321624272961,-6.79896740179541,1.7625629726298,12.0045965685204,-4.68152868343025,0.62218228031843,-4.66002867081594,0.665271025739862,6.07925433,0.10231019,-0.833,0.02114016,125.131309590419,-200.707376052001,1291.36786917629,0.624559940425237,0.610394599510285,5.44376305344112,0.115749960120728,-0.761627133566809,-884.998154807958,-885.594837023816,-909.722980368866,-910.744445860058,0.999555968400818,-923.923883104218,1.16766427044398,1819.55155274475,1856.61239308436,NA,2382.02836230059,0.47634701580689,0.748522229792575
"819",-5.76,0.83,-5.86,0.83,1.359326,9.604077,-1.1484446,0.2002995,35,35,-7.01151144903778,0.947147838348916,-6.99684276217864,0.980775827952898,1.29628020908798,7.18751485404723,-0.835553727335671,0.152957658305569,1.29628020908798,8.23285543668514,-7.00417710560821,0.963961833150907,1.29628020908798,7.18756864664077,-0.83543040772337,0.15324036872677,1.29628020908798,8.26600097959562,3.46876335494595,0.0944032922410101,-0.557876745445973,-7.32639095161096,-7.11137540459987,1.75421124561113,10.3560931213378,-5.07275475734592,0.670795177871374,-5.16674492446119,0.737782721214374,4.41303083,0.10595526,-0.823,0.02207191,123.401166707196,-197.247090285555,1331.76874386717,0.514247518824329,0.488949822871198,8.04689887000056,0.164382547604157,-1.11739788245949,-893.748425264901,-893.920587933698,-914.450869242715,-914.701716152864,0.244116994289406,-918.016020809232,0.276169588072122,1837.05209365864,1866.06817083206,NA,2466.29039744878,0.529240312581263,1.03179161628737
"820",-5.76,0.83,-5.86,0.83,1.359326,9.604077,-1.1484446,0.2002995,35,35,-5.21291554280195,0.758987048323089,-5.03022362555779,0.724395190857558,1.34277755223522,7.15674626002314,-0.819726436517551,0.139783871613744,1.34277755223522,7.05310733573478,-5.12156958417987,0.741691119590324,1.34277755223522,7.16509034417973,-0.821306349707903,0.140083020764473,1.34277755223522,7.05544452833703,3.56274428445051,0.0901984064015035,-0.5474884404638,-6.64880834201654,-6.67220576022353,1.95558753397969,8.10163126173151,-3.51370864128486,0.518109334486572,-3.34421980055536,0.479948452185782,3.31899843,0.07065393,-0.821,0.03057848,55.6372821284202,-61.7193211280031,1174.07775027608,0.894400810995354,0.894215333870249,7.15767294940172,0.155799857648247,-1.02215054926864,-894.600790232966,-894.650944477066,-913.515308636277,-913.535621260861,0.0197351271164883,-936.894975173364,0.00366004428273132,1838.75682359477,1864.19704961918,NA,2286.43617942416,0.53304520274291,0.962727391785084
"821",-5.76,0.83,-5.86,0.83,1.359326,9.604077,-1.1484446,0.2002995,35,35,-6.93445091950517,1.01314923773916,-5.58730770686106,0.735786810690811,1.4991791507863,8.09389200923897,-1.00623904377048,0.177112694937093,1.4991791507863,6.63140059646097,-6.26087931318312,0.874468024214986,1.4991791507863,8.54759071808225,-1.09965077153066,0.196345173921631,1.4991791507863,6.79984739316925,2.76218799829436,0.0757278897393929,-0.442679792231488,-6.85611116368104,-7.16142151836762,2.12768508662117,7.56967382430983,-5.19004250362462,0.743449592442995,-3.93270802275239,0.519522564317869,4.53248545,0.10773106,-0.859,0.02748416,77.463836732894,-105.372430336951,1276.73018230469,0.117065138131669,0.0977228846594156,8.74073173080789,0.199521734239586,-1.28383786859695,-921.407446024629,-924.092932171858,-936.743721521204,-938.272015817663,1.50095412124939,-955.451390635126,0.608356828439121,1892.3701351781,1910.65387538904,NA,2448.08793427242,0.436159715991869,1.18748736424685
"822",-5.76,0.83,-5.86,0.83,1.359326,9.604077,-1.1484446,0.2002995,35,35,-4.6873003906555,0.711857046358786,-5.6954207581223,0.844417132832359,1.3906217492612,10.2974461328018,-1.29237751002175,0.206323732442546,1.3906217492612,6.9102376640728,-5.1913605743889,0.778137089595573,1.3906217492612,10.5515228016271,-1.32578664079354,0.210716776574016,1.3906217492612,6.96832251718138,3.2979379455767,0.081830747936525,-0.503547974493475,-6.40398154575162,-6.62234322055766,2.16087695624567,6.84005706267937,-3.30349491105937,0.509735445678289,-3.92650689269026,0.587582463379901,4.93793876,0.10903985,-0.874,0.02967762,54.1770980625364,-58.7989529962354,1184.52560925562,0.652501793630449,0.611263114512448,7.2228411223331,0.157484149710706,-1.04013833873567,-908.564812507499,-909.228661377904,-920.8399116313,-921.352043437636,0.49932381037336,-956.129458919075,0.334927287978957,1866.68486814384,1878.84625560923,NA,2310.252265515,0.479342138057332,0.942741612455364
"823",-5.76,0.83,-5.86,0.83,1.359326,9.604077,-1.1484446,0.2002995,35,35,-5.93172453546241,0.88867305068343,-5.09847031083707,0.722695634131643,1.34905061854729,7.11384089074829,-0.731905247129879,0.130585204365118,1.34905061854729,8.71617487899669,-5.51509742314974,0.805684342407536,1.34905061854729,7.28741904146229,-0.766480593013424,0.13747233006642,1.34905061854729,8.77726066271603,2.14154707998749,0.0632797127540126,-0.346105028661303,-6.59498169143668,-6.75057796468184,1.8682956538896,11.0668635459322,-3.72576464969439,0.558503069808844,-4.06510111834107,0.577255324515947,4.67996747,0.08565526,-0.805,0.02657294,76.8213864456974,-104.087529762557,1244.01183504581,0.776069913027617,0.768518571577061,6.36662999883733,0.150715597702219,-0.942485833236224,-902.11913848476,-903.304652827909,-927.798591360369,-928.237305085081,0.427517345523937,-935.577608439531,0.127792491604161,1853.79352009836,1892.76361506737,NA,2383.93614032906,0.399706353038891,0.922556362662937
"824",-5.76,0.83,-5.86,0.83,1.359326,9.604077,-1.1484446,0.2002995,35,35,-5.69840970142273,0.884782130304466,-6.36416908479767,0.885064564200049,1.40421628302422,6.84517682308889,-0.727405917018533,0.125991271312688,1.40421628302422,7.40222782550057,-6.0312893931102,0.884923347252257,1.40421628302422,6.95598571222684,-0.727452925272575,0.125991291254915,1.40421628302422,7.67702404477524,2.57448378998175,0.0682059683136323,-0.402371593157961,-6.38484795416213,-7.04892466947254,1.81679490631755,9.98244296036959,-4.08605178347537,0.625665512318141,-4.37875973106426,0.613846436944285,3.39379187,0.07630616,-0.787,0.0280688,74.3962767065112,-99.2373102841851,1243.15053042646,0.469451811767313,0.445724880751628,8.37371692081358,0.174839553414305,-1.16718099932972,-904.684683472009,-906.01423936654,-927.447102092766,-929.699823185332,2.22395099237437,-925.433415377806,2.63013842963062,1858.92461007286,1892.06063653216,NA,2387.06375056873,0.407628546806206,1.11702294151879
"825",-5.76,0.83,-5.86,0.83,1.359326,9.604077,-1.1484446,0.2002995,35,35,-6.27573236963323,0.951484212508392,-5.94149583387648,0.828530169144929,1.32948760588683,8.21752173774354,-1.12904140422969,0.219920780060694,1.32948760588683,8.23749212961279,-6.10861410175486,0.89000719082666,1.32948760588683,8.24545025320221,-1.13931533760746,0.22370020425555,1.32948760588683,8.36716950385048,2.9227880701584,0.0860707144314696,-0.48790861531539,-6.56477687708698,-6.96306871489493,2.02820718441335,8.52701156025891,-4.2253275103205,0.651982970368357,-3.96748233017863,0.559111968941365,4.0318779,0.1445511,-0.866,0.0247672,93.0610270738745,-136.566811018912,1262.4654170929,0.522106804589225,0.492324295044338,8.76240687093022,0.187608041492464,-1.24453857477493,-905.289868190969,-906.073852009684,-920.683245940518,-921.659083435727,0.954594745460663,-947.42676868567,0.976968959542046,1860.13497951078,1878.53292422766,NA,2388.3640231669,0.481823271877037,1.1547270035468
"826",-5.76,0.83,-5.86,0.83,1.359326,9.604077,-1.1484446,0.2002995,35,35,-5.17401148572021,0.779828022870955,-6.11544923882048,0.815676709915407,1.39838884140507,5.37987893149966,-0.83770399025324,0.19334829068738,1.39838884140507,6.88830444983409,-5.64473036227035,0.797752366393181,1.39838884140507,5.60145519224029,-0.846141317098922,0.193669572778083,1.39838884140507,7.2218414608152,2.28791566584839,0.0629799656594157,-0.366786507364275,-6.48573915159371,-7.21359970384118,2.09347865941786,7.22834356386357,-4.29183057353371,0.650724406818971,-4.70946949862021,0.638557777057019,4.49355708,0.1295023,-0.865,0.02627017,83.7330292398227,-117.910815350808,1238.98701906927,0.2335789501375,0.210802954872722,4.4873836595799,0.110175759535467,-0.654795810945995,-903.162815063733,-905.586536682753,-922.010149043876,-924.909058542605,2.87520808697899,-950.057989302613,3.65984229453853,1855.8808732563,1881.18673043438,NA,2360.06322278774,0.364875896196286,0.748989095871023
"827",-5.76,0.83,-5.86,0.83,1.359326,9.604077,-1.1484446,0.2002995,35,35,-6.18459875738494,0.94493312829728,-6.46558651658307,0.935859502050985,1.29983955867812,7.0220031030797,-0.732105038159888,0.135429139560924,1.29983955867812,9.28855113647712,-6.32509263698401,0.940396315174132,1.29983955867812,7.0417416332845,-0.731467643683202,0.135449722234239,1.29983955867812,9.36425806546465,3.39670314963852,0.0914398045526151,-0.540746308179354,-6.51267292934565,-6.84771900573864,1.71173188663256,12.4596233247257,-4.7870218781549,0.7322068716725,-4.55915266965228,0.672361069124942,2.62095586,0.06509879,-0.722,0.02510076,100.491840672748,-151.428438216659,1269.70315538981,0.765566124680615,0.765175288897607,8.40517190336272,0.176262423426317,-1.17103581528887,-896.552042646399,-896.849300273985,-922.701108761263,-923.214308560329,0.50036891520127,-917.958069145568,0.579812250784233,1842.65932842163,1882.56864986915,NA,2387.97787256296,0.523372810324144,1.13539644497252
"828",-5.76,0.83,-5.86,0.83,1.359326,9.604077,-1.1484446,0.2002995,35,35,-6.52749500904058,0.906889897905331,-5.05983841034148,0.729313512900951,1.38878965082451,7.02493271864381,-0.903876991714107,0.170967231957042,1.38878965082451,6.94931458108942,-5.79366670969103,0.818101705403141,1.38878965082451,7.56343669157006,-0.969032280020311,0.178850575084848,1.38878965082451,7.10553259541786,2.84244774612031,0.0841840678943294,-0.475044962680399,-7.08222090323691,-6.67251845498595,2.01680403188515,7.75216248745791,-4.32781562432842,0.603933974435508,-3.71601799722149,0.534529893553885,4.9821872,0.1291854,-0.877,0.0279603,67.8046976681263,-86.0541522074153,1238.02946265663,0.63056876434496,0.590278337528252,6.97397953990294,0.140000207711317,-0.956857981604428,-904.57496138969,-906.48569019193,-920.861871069849,-922.224152007506,1.33631961170647,-943.076363193977,1.13163144523165,1858.70516590822,1878.89017448633,NA,2390.00477310585,0.474109157327142,0.898959080188995
"829",-5.76,0.83,-5.86,0.83,1.359326,9.604077,-1.1484446,0.2002995,35,35,-4.75413409215944,0.67267463402846,-5.97507582471559,0.833986070524049,1.44881574838121,9.11513448258789,-1.13981861411587,0.18172972681542,1.44881574838121,5.90813736450152,-5.36460495843752,0.753330352276254,1.44881574838121,9.48780916116219,-1.18905658030488,0.188235071701487,1.44881574838121,5.98884461580323,2.68331070888257,0.0698949007433861,-0.416388141235654,-6.70425392069412,-6.96414385713982,2.18689369135765,6.01332967122404,-2.97100390649187,0.40972116057324,-4.11753825506786,0.587266716578864,3.65128906,0.07855015,-0.87,0.03574256,28.4187731878802,-7.28230324692306,1192.67833740056,0.185369085577516,0.156904730084573,9.43909956145978,0.198802368130147,-1.33608432728535,-909.536430126887,-910.588578752124,-921.401776297143,-922.214840761786,0.794438905734252,-955.161443602255,0.524051491639152,1868.62810338261,1879.96998494091,NA,2378.07437155421,0.417258963744977,1.20893290759088
"830",-5.76,0.83,-5.86,0.83,1.359326,9.604077,-1.1484446,0.2002995,35,35,-5.64440952452858,0.770954913718729,-5.64409274559428,0.800124947242454,1.36775200089615,10.1297709365704,-1.22072126569125,0.222995639604639,1.36775200089615,10.4042326439568,-5.64425113506143,0.785539930480591,1.36775200089615,10.1297709616576,-1.22071895557822,0.223208362318582,1.36775200089615,10.4250070889772,3.888680316891,0.101268855034284,-0.61297525409318,-7.00900087863825,-6.83489658829371,2.16545109430206,10.9438770886751,-4.07724976136185,0.562171119006805,-3.82182933230272,0.533369154622905,5.36324289,0.11023039,-0.823,0.02787696,65.2664724885279,-80.9777018482185,1314.53170260599,0.93938693202485,0.941985877654832,7.94987585477284,0.183382057902939,-1.15931812705855,-922.148196764134,-922.236977263022,-942.385087877228,-942.512486911961,0.123871750558408,-971.381569066655,0.139467238762992,1893.85163665711,1921.93660810108,NA,2548.08570336376,0.568084013888401,1.14216959825805
"831",-5.76,0.83,-5.86,0.83,1.359326,9.604077,-1.1484446,0.2002995,35,35,-6.03198081612517,0.923480079666404,-5.02761322082582,0.691608091961344,1.30839009922194,8.7630687979569,-0.923709869577491,0.163384823017734,1.30839009922194,10.6223064109895,-5.5297970184755,0.807544085813874,1.30839009922194,9.01525736457875,-0.981931047254645,0.176825977688308,1.30839009922194,10.8087132824988,3.27766434058605,0.0916372333667963,-0.529936550620418,-6.48786670042726,-6.86493240640375,1.94211662601344,12.4903202023481,-4.42885089090986,0.674346518708494,-3.93734751895167,0.553478140423999,5.42052352,0.10208616,-0.787,0.02303011,103.184651086421,-156.814059044004,1292.46397652632,0.422780170576226,0.422786539401957,5.92511772208114,0.144455689601157,-0.88489118109271,-906.861296701707,-909.030726755732,-932.840091676867,-933.953893506262,1.0906326863527,-948.974629038399,0.64577833007962,1863.27783653225,1902.84661570036,NA,2428.11389400864,0.528137494641327,0.895658734318764
"832",-5.76,0.83,-5.86,0.83,1.359326,9.604077,-1.1484446,0.2002995,35,35,-6.11571861304905,0.904380282279756,-5.52441317270854,0.770720172766008,1.49796657077101,8.07813244632349,-0.999155506996538,0.172407344821742,1.49796657077101,6.37900170191329,-5.8200658928788,0.837550227522882,1.49796657077101,8.16554297726755,-1.01891399447453,0.176873601040549,1.49796657077101,6.43005600947787,2.6459378862517,0.0711531405613619,-0.420552640037202,-6.68539614772978,-6.89040305267064,2.10027801069454,7.3530654492799,-3.70595857374253,0.537759985533122,-3.67357854897229,0.525660038717032,2.69762445,0.06023129,-0.808,0.03489906,35.4809422398497,-21.406641350862,1224.08798273494,0.979257707485013,0.978658402139355,10.508274329156,0.238543538452078,-1.53994936860655,-919.351750452956,-920.079923525618,-934.191165770631,-934.67381844953,0.470482736640474,-951.37896385404,0.285076402523367,1888.25874403475,1905.54876388789,NA,2426.76932411901,0.40904601665205,1.4198853192622
"833",-5.76,0.83,-5.86,0.83,1.359326,9.604077,-1.1484446,0.2002995,35,35,-6.00052034768456,0.80028301991013,-6.86843831727889,0.915304083400704,1.22998458197778,12.9675684992751,-1.51719265716794,0.235101013232263,1.22998458197778,10.9026423978097,-6.43447933248172,0.857793551655417,1.22998458197778,13.1558888997613,-1.54214986913927,0.238408474493889,1.22998458197778,10.9502801199644,3.39449487695051,0.0946845294733007,-0.554879733524352,-7.1903824343344,-7.37303467163099,1.9963616084971,10.9568689683251,-4.23971999589343,0.565006522477651,-5.38456178776902,0.731802675705722,6.56247645,0.11945113,-0.875,0.02378275,101.691488876495,-153.827734624152,1339.46251397406,0.340801497662487,0.282551162579571,9.03580942626883,0.177264655457802,-1.22178468066319,-901.174358831666,-901.602124308533,-919.36851148002,-919.648112018014,0.272155123060556,-951.500538926157,0.166318390816909,1851.90396079217,1875.90345530667,NA,2525.09729332397,0.520491303098008,1.16743751044238
"834",-5.76,0.83,-5.86,0.83,1.359326,9.604077,-1.1484446,0.2002995,35,35,-5.89073018669945,0.892708960805077,-6.19409584851149,0.808439382529414,1.43008936388717,9.6025796880553,-1.14690854533186,0.19385091494798,1.43008936388717,8.10002911497147,-6.04241301760547,0.850574171667245,1.43008936388717,9.62558736924699,-1.14051742123581,0.19562625540367,1.43008936388717,8.5079746834928,2.41821295334368,0.0666332165509093,-0.388138366363874,-6.52994243454065,-7.33536443729608,2.07593266268523,9.18872196383903,-4.37003832389082,0.664692897669564,-4.48770516882815,0.591679074924054,6.15539047,0.12924758,-0.874,0.02691583,74.7847274545287,-100.01421178022,1297.69189332554,0.147717005728904,0.12800143741069,7.12689442368617,0.154032930147396,-0.993902677659051,-920.146110108055,-922.179641976546,-937.504863142119,-940.574592313442,3.04837471495693,-955.47531045576,3.64973193299089,1889.84746334495,1912.17615863087,NA,2495.36957487087,0.384952609443882,1.03175829532599
"835",-5.76,0.83,-5.86,0.83,1.359326,9.604077,-1.1484446,0.2002995,35,35,-5.3830242197214,0.863138421809674,-5.06485825136571,0.704172319014715,1.38435978402028,9.47996639524053,-1.16522796749102,0.203094825018035,1.38435978402028,8.39462470099704,-5.22394123554356,0.783655370412194,1.38435978402028,9.50527379109544,-1.17787236849889,0.209412380477489,1.38435978402028,8.68519271704883,3.0234983293588,0.0852366318281344,-0.493059401788031,-6.19841008693437,-6.82732302340234,2.14358431833071,8.80407072319361,-4.06172833233506,0.658323792611501,-3.0129759399205,0.405023568829105,3.98213633,0.07695176,-0.806,0.02924005,60.4960041326362,-71.4367651364351,1223.41281326237,0.0092408648776999,0.00667816844608835,8.39941872797289,0.218123911645659,-1.29944476770477,-914.994880076621,-916.798901962173,-931.77277607403,-933.905011758308,2.10318407817025,-961.985239091171,2.23965441606788,1879.54500328208,1900.71198449469,NA,2375.38886138831,0.48237031775238,1.31058373738676
"836",-5.76,0.83,-5.86,0.83,1.359326,9.604077,-1.1484446,0.2002995,35,35,-6.08257398493761,0.875358918010388,-6.27933451052793,0.874046751143862,1.28680486765397,9.37948377093507,-0.933140306440573,0.138890670932439,1.28680486765397,9.63751273960649,-6.18095424773277,0.874702834577125,1.28680486765397,9.38916244704272,-0.933075760779993,0.13889110137791,1.28680486765397,9.66597431371932,2.58816456217954,0.0686993374067141,-0.407009252760786,-6.82515329808223,-7.02973137431414,1.74488810279715,12.5370471799273,-4.76725621511245,0.68926719315995,-5.08438504889584,0.709369230240303,7.02478585,0.08643182,-0.871,0.02239513,115.418909866639,-181.28257660444,1296.80565933373,0.860522767429346,0.836524251889893,6.47270117638846,0.146607835162581,-0.946972380958148,-895.84903284683,-895.959889410318,-922.566712964015,-922.753753833735,0.181939809337837,-922.85909209227,0.210850006182936,1841.2533088225,1882.29985827466,NA,2412.32874206302,0.402380931443661,0.875413619574342
"837",-5.76,0.83,-5.86,0.83,1.359326,9.604077,-1.1484446,0.2002995,35,35,-5.21448543458745,0.736637713111381,-6.51624160217406,0.898401484965751,1.4259892005299,7.34930407229604,-0.985772884731374,0.203451130393192,1.4259892005299,8.20155092930198,-5.86536351838075,0.817519599038566,1.4259892005299,7.77294635225848,-1.03841713165725,0.20999300986433,1.4259892005299,8.31243808576399,2.98812774709521,0.0803625931657632,-0.473600981901464,-6.78352978966011,-7.12153926411938,2.14691350664124,8.87437603053028,-3.66329292643509,0.528016391543085,-4.48608190928552,0.623987689985974,4.02702785,0.13117907,-0.848,0.02843313,65.8479158668679,-82.1405886048984,1284.06720951543,0.401056621397146,0.395455468824859,8.23662974694548,0.162559285079921,-1.11761475895919,-918.749879089469,-920.197048112845,-937.578033140733,-938.41655516465,0.819462577271066,-962.615542479437,0.641328439484133,1887.05500130777,1912.32249862809,NA,2485.99383042596,0.467155332838516,1.06485246569625
"838",-5.76,0.83,-5.86,0.83,1.359326,9.604077,-1.1484446,0.2002995,35,35,-5.29234721770215,0.775851174076647,-6.35625721259374,0.885511505170877,1.37000504534798,8.53820460686806,-1.044399979248,0.165202264138741,1.37000504534798,6.07278956631341,-5.82430221514795,0.830681339623762,1.37000504534798,8.82118072617562,-1.07356715982157,0.168208611192665,1.37000504534798,6.1999648145849,2.28204727299702,0.0554920646149478,-0.338859719613687,-6.62776791960372,-7.03835003861926,1.95339313527082,6.71597930872458,-3.8616601289236,0.560552520931991,-4.29821912141432,0.59499323431975,4.79272341,0.09951243,-0.895,0.02958141,63.677307072505,-77.7993710161725,1200.55641717726,0.654796820971904,0.617474144597786,7.61866608117603,0.159968387920801,-1.07380815655423,-896.18867129805,-897.209339668853,-909.34726241435,-910.594744539975,1.22270241485065,-930.839293536199,1.33096401415941,1841.93258572494,1855.86095717533,NA,2323.31346333835,0.350084943954802,0.985413456472773
"839",-5.76,0.83,-5.86,0.83,1.359326,9.604077,-1.1484446,0.2002995,35,35,-5.48722705243248,0.766157931773445,-6.84420326957427,1.04170174542301,1.28297479479648,13.3520093781824,-1.63722082945553,0.259053174119771,1.28297479479648,10.0847523726837,-6.16571516100338,0.903929838598226,1.28297479479648,13.8123554916545,-1.73069742993128,0.278034272429907,1.28297479479648,10.2715279298499,3.29170081018369,0.0951355064086467,-0.544391423078252,-6.88039758365803,-6.59575506149686,2.13419607500505,9.56799598732142,-3.53192955747243,0.489250839890731,-4.56123247552336,0.711053897776393,5.10256384,0.1347471,-0.857,0.02566425,80.7868111824533,-112.018379236069,1285.4635960189,0.112153235872426,0.0913373813541699,11.7672639837549,0.248998568064408,-1.67397728658652,-909.710254226238,-911.999735964882,-924.71926932102,-925.888926618429,1.1457845390035,-963.535995209033,0.427483703004992,1868.97575158131,1886.60497098867,NA,2458.90881280173,0.533441920995019,1.49386198074002
"840",-5.76,0.83,-5.86,0.83,1.359326,9.604077,-1.1484446,0.2002995,35,35,-4.80125763997737,0.788157390847224,-6.38515501015479,0.94608076715328,1.35754736414467,11.668631577462,-1.54558744862345,0.277424349876808,1.35754736414467,9.80720538123898,-5.59320632506608,0.867119079000252,1.35754736414467,12.2958142972757,-1.60812105372862,0.283659298072784,1.35754736414467,10.1145455023193,3.40688189098285,0.0881406386075046,-0.531041331331928,-6.06336108683725,-6.70639184678575,2.25041023033987,9.24375374354255,-3.4332746499041,0.552695651701193,-4.9099436163532,0.728390306303897,6.00250844,0.12654661,-0.841,0.02575365,76.451905684699,-103.348568240561,1279.22796939305,0.140993049788759,0.0856385987208408,8.24860387032967,0.199756629326318,-1.24241528474746,-922.612272274012,-924.460364133794,-936.786314050819,-938.749224615567,1.93381429298492,-975.435834210981,2.13446793434144,1894.77978767686,1910.73906044827,NA,2455.10737054555,0.511210452538344,1.18554623856391
"841",-5.76,0.83,-5.86,0.83,1.359326,9.604077,-1.1484446,0.2002995,35,35,-5.0666143965956,0.68491833172663,-6.74494695840146,0.933633959783567,1.29295231336067,10.0764916795625,-1.18377473858673,0.198180738972732,1.29295231336067,9.49870551110205,-5.90578067749853,0.809276145755098,1.29295231336067,10.780691726567,-1.28813162288622,0.213645604882671,1.29295231336067,9.63117701044363,2.92675435176593,0.0708979518412541,-0.442867479748122,-6.94378944254395,-7.14033865248314,2.03381628107498,9.98044032023542,-3.83191275176083,0.52998965616329,-4.7334802850421,0.653391743353239,7.17925899,0.1591494,-0.882,0.02228014,106.873717218774,-164.19219130871,1298.30691282724,0.540747015383725,0.526095176673659,7.39240592193497,0.145158606687547,-1.00535629829054,-903.97429251799,-906.014612382499,-922.814932344131,-923.692658610708,0.858016442665405,-953.072847625826,0.205853421966286,1857.50382816482,1882.79629703489,NA,2432.42163434576,0.413249010423345,0.93526562920351
"842",-5.76,0.83,-5.86,0.83,1.359326,9.604077,-1.1484446,0.2002995,35,35,-5.48459863525858,0.718870013183945,-5.2066557151247,0.760073979402812,1.26791968964,8.48468230198822,-0.823471646005315,0.129051086762872,1.26791968964,9.88515323272928,-5.34562717519164,0.739471996293379,1.26791968964,8.50399536870134,-0.820608558332319,0.129475528470914,1.26791968964,10.0772005577479,2.54384530794254,0.0632061177868156,-0.388607078619576,-7.15949834875451,-6.63607286023125,1.85270922496476,11.9759443666392,-3.87172574427578,0.508316228444399,-3.78905785871791,0.550308179669821,4.40660883,0.07283507,-0.815,0.02678629,79.7386955923586,-109.92214805588,1253.5094301972,0.471753084286337,0.469206154796877,6.63794710693924,0.134934239202277,-0.896906625498976,-892.424701916,-893.221184342488,-920.555357162863,-921.779602572969,1.19972753915856,-936.06729199054,1.35615851982121,1834.40464696084,1878.27714667235,NA,2397.09671233852,0.370357558249017,0.934907716314108
"843",-5.76,0.83,-5.86,0.83,1.359326,9.604077,-1.1484446,0.2002995,35,35,-5.7009585058187,0.770572198315792,-5.14430741170716,0.760987711622289,1.3392573936513,9.95379879081946,-1.08332586115152,0.154673834670714,1.3392573936513,7.65305063827217,-5.42263295876293,0.76577995496904,1.3392573936513,10.0312639009634,-1.08465966490263,0.154696800267008,1.3392573936513,7.81624547026275,3.05234294045884,0.0669002561466993,-0.436772537323939,-7.06782997926387,-6.56828077669639,1.96021420673456,8.73775481098474,-4.31712318811309,0.579161898378413,-3.41220826281478,0.51018182682137,4.90840154,0.0931453,-0.855,0.02873941,64.7473909464192,-79.9395387640009,1221.83217854855,0.229166597757062,0.191935345973666,7.62914340156572,0.146400574655708,-1.02789920343217,-897.41720166682,-898.224549958528,-917.901959373676,-919.209850715963,1.28246661660296,-939.838421853668,1.55575474371904,1844.38964646248,1872.97035109398,NA,2363.72481833309,0.414506621868195,0.947779211579227
"844",-5.76,0.83,-5.86,0.83,1.359326,9.604077,-1.1484446,0.2002995,35,35,-5.87990994072533,0.817341366589592,-6.21424103520044,0.803800547004432,1.28750000504819,7.74297077284498,-0.698884793415456,0.124577359361603,1.28750000504819,11.291523542797,-6.04707548796289,0.810570956797012,1.28750000504819,7.77091509302822,-0.697753014157456,0.124623197810363,1.28750000504819,11.4088882928119,1.79095948781468,0.0532443701453216,-0.291285191477394,-6.96814281204413,-7.38314660565227,1.76311379363222,14.9650976960395,-4.18576360701522,0.586825093401673,-4.32221395256353,0.560440952364141,4.62319722,0.09969179,-0.77,0.02342478,103.517997645316,-157.480752161795,1352.63300400449,0.691724490759184,0.700257569108085,7.56636546885199,0.143016525004777,-0.996439268271478,-900.102411185601,-900.478807499044,-932.815650588453,-933.480869806984,0.649293228233445,-931.179008826387,0.728113647076431,1849.76006550004,1902.79773352353,NA,2547.78525584718,0.332428140818845,0.992730294163057
"845",-5.76,0.83,-5.86,0.83,1.359326,9.604077,-1.1484446,0.2002995,35,35,-5.44823329395582,0.810624395798658,-5.9567460249324,0.78418703327767,1.33846062656025,8.08637203245536,-1.17040527528457,0.243233290057356,1.33846062656025,8.86911228867518,-5.70248965944411,0.797405714538164,1.33846062656025,8.15101833184667,-1.16704434143073,0.243408023591623,1.33846062656025,9.16025852159469,3.4018247859647,0.095594824204914,-0.554917935767588,-6.57648413909773,-7.242503834783,2.18135150801242,8.51514490362099,-3.93264773315235,0.577850653977246,-4.38751547519015,0.574447940563722,4.7932502,0.1303392,-0.827,0.022641,108.903879107982,-168.252515087128,1282.41506201171,0.340468988335214,0.335662512375703,6.6112968763564,0.157016103027574,-0.979297002764251,-910.128923045622,-911.451759725908,-926.961015929349,-928.996194376894,2.00605112794646,-965.217284221311,2.54319725037366,1869.81308922008,1891.08846420533,NA,2396.57760893628,0.537229938752311,0.963838412023668
"846",-5.76,0.83,-5.86,0.83,1.359326,9.604077,-1.1484446,0.2002995,35,35,-6.53808478264805,0.957764264415916,-5.5367280201797,0.737546355126728,1.364732296841,11.3689739109886,-1.54355995216639,0.264796978507548,1.364732296841,7.81730662361589,-6.03740640141388,0.847655309771322,1.364732296841,11.6196527524239,-1.59868912533724,0.276920960400473,1.364732296841,7.9581511353733,2.98874732527546,0.0773212981027551,-0.467570913064213,-6.78971436592462,-7.10035892125404,2.25407851412093,6.98282223691251,-4.97315465756449,0.740138905995166,-3.80110024345685,0.505224665740567,7.0271953,0.15676578,-0.921,0.02841817,64.75460905989,-79.9539749909425,1266.48388076973,0.0798556685938651,0.0678048168308227,7.53750758474393,0.179030192982728,-1.11191959527304,-913.935191013124,-915.429298947214,-923.834813922854,-924.944132432786,1.08620775122549,-967.106707536427,0.638188473336891,1877.42562515509,1884.83606019234,NA,2453.01378654851,0.44196491195457,1.11650081522202
"847",-5.76,0.83,-5.86,0.83,1.359326,9.604077,-1.1484446,0.2002995,35,35,-6.07153828087871,0.854628560700665,-6.48846466558098,0.878529128005578,1.28712902299253,14.6049726935642,-1.68789724321949,0.233234036365686,1.28712902299253,9.14699804631175,-6.28000147322984,0.866578844353121,1.28712902299253,14.6484295961294,-1.69038843749917,0.233376845645061,1.28712902299253,9.19922034506832,4.85669167589128,0.117410004903637,-0.743549821523855,-6.93762369848398,-7.21215668792892,2.0314209946472,9.18358148419503,-4.70219870092756,0.667682825663715,-4.31279653379605,0.58512229913474,7.24406154,0.1302174,-0.903,0.02374812,102.048190095225,-154.541137061613,1291.08924095423,0.655803216075752,0.642071708460327,8.89043250814409,0.168878631909612,-1.20029941345172,-901.096731393236,-901.319631106147,-919.323807229267,-919.683143678933,0.349967182336988,-950.147276700376,0.433546376186975,1851.74870591531,1875.81404680516,NA,2427.63734484685,0.649103213229544,1.06771368383321
"848",-5.76,0.83,-5.86,0.83,1.359326,9.604077,-1.1484446,0.2002995,35,35,-6.95913768562321,0.912017297495372,-5.26689635177969,0.800045468608315,1.31997713087565,8.30717407615283,-1.00779212066825,0.179697831816867,1.31997713087565,8.30886435583411,-6.11301701870145,0.856031383051843,1.31997713087565,9.02309425914496,-1.05516295993543,0.182832254432945,1.31997713087565,9.02661594662408,2.6982025812532,0.0691238510275857,-0.416587709508377,-7.48331585987831,-6.45817370761465,1.92316475332183,9.43078094981235,-5.25840808213319,0.691744046325529,-3.54603168741256,0.541509475546506,4.08267331,0.09445171,-0.818,0.02298281,112.608924439509,-175.662605750181,1284.06661560757,0.00948098487119457,0.00732118088982049,8.98400884266193,0.171431332583304,-1.19105912095823,-901.386008037362,-905.025032851896,-919.463109243487,-924.662432684028,5.24307867297792,-937.569695056901,6.23421575214733,1852.32725920356,1876.0926508336,NA,2392.47062546496,0.409188460724838,1.17433916749626
"849",-5.76,0.83,-5.86,0.83,1.359326,9.604077,-1.1484446,0.2002995,35,35,-5.52432619087063,0.83574248427711,-5.24249347300461,0.735758541310008,1.50908715003447,8.89205906654579,-1.0898511273581,0.196677756389643,1.50908715003447,7.8542770561691,-5.38340983193762,0.785750512793559,1.50908715003447,8.91191648676073,-1.09689581395545,0.199176953602456,1.50908715003447,7.92611098194503,3.09952104124701,0.0779887728759607,-0.476831984787456,-6.50292996466098,-6.81677570616673,2.23530874682217,8.71583261676349,-3.72235645313781,0.571647351111931,-3.79232291379816,0.540295832926669,4.74588648,0.12632656,-0.835,0.02606869,76.6827518843504,-103.810260639863,1252.1378005496,0.705399289264607,0.719567285003017,6.96420401742335,0.148551815216378,-0.981680515997228,-931.129558090477,-931.666550222349,-948.761633299328,-949.327245495387,0.551677671906558,-971.934311957976,0.539711783416461,1911.81435930979,1934.68969894528,NA,2400.46534045933,0.454079900995154,0.937250951848548
"850",-5.76,0.83,-5.86,0.83,1.359326,9.604077,-1.1484446,0.2002995,35,35,-5.76445555908795,0.879826557338736,-6.03999381913828,0.898425647891811,1.42813489682654,7.18034793170989,-0.681431663233085,0.126355483268981,1.42813489682654,9.47615730346824,-5.90222468911312,0.889126102615273,1.42813489682654,7.19932826489778,-0.682712853495462,0.126441964811332,1.42813489682654,9.49332142074807,2.84321396297592,0.0666165179016684,-0.418743232001312,-6.48041783320448,-6.64514752462277,1.83923505484166,13.2712013594829,-4.49661709387439,0.689475833144532,-3.99989887233357,0.605603229874876,3.98169843,0.06972901,-0.735,0.02716987,74.9217780040314,-100.288312879225,1292.54444763599,0.691851769057247,0.569045067247096,7.28179053737683,0.16887588432818,-1.06518308346934,-917.330449427284,-917.413802121219,-947.027501849915,-947.142095874279,0.111411077670795,-937.609097578865,0.123024883242522,1884.2161419834,1931.22143604646,NA,2484.80058239276,0.409211759808919,1.04805431943233
"851",-5.76,0.83,-5.86,0.83,1.359326,9.604077,-1.1484446,0.2002995,35,35,-5.49284428136736,0.749726996812736,-5.61093861683082,0.803868281410441,1.31491340101696,9.73423705244963,-1.19643646075386,0.200897544407862,1.31491340101696,8.30252323628017,-5.55189144909909,0.776797639111589,1.31491340101696,9.73772362046678,-1.19803490551029,0.201630364082334,1.31491340101696,8.33529712949937,2.79229089097584,0.0788786107051452,-0.450657909414249,-6.98390607125884,-6.77944064321927,2.06001020148897,8.50350064729535,-3.82231218072891,0.5159159691886,-4.28652434772508,0.61695478267763,5.53855834,0.12062421,-0.861,0.02496055,88.5717621770847,-127.588281225332,1245.17724954269,0.577108762807251,0.565005395569611,6.55717953573484,0.141975569197513,-0.935828458729964,-902.820975888905,-903.044259062424,-918.473726943213,-918.719911834472,0.239572069028923,-951.152168034733,0.254117019988556,1855.19719490665,1874.11388623305,NA,2362.76621786005,0.465864569618915,0.872153997530767
"852",-5.76,0.83,-5.86,0.83,1.359326,9.604077,-1.1484446,0.2002995,35,35,-6.33225600168629,0.858693768614568,-6.75765519634745,0.902720716576058,1.22627116959859,8.9684832815344,-0.936690771200303,0.16577946474642,1.22627116959859,11.7384235320514,-6.54495559901687,0.880707242595313,1.22627116959859,9.01372440023899,-0.941373028251854,0.166264057783121,1.22627116959859,11.7609174898636,3.30059958440123,0.0829588443883872,-0.506019974402353,-7.17412196249362,-7.33721999404531,1.76111426214871,14.369713116161,-4.30496372209278,0.588243098137635,-4.77064698723239,0.648050570171381,4.96477959,0.11542368,-0.805,0.02183561,116.347560406861,-183.139877684885,1364.57596718239,0.816663746966801,0.76169814914548,8.47346001942265,0.156988240038033,-1.10959522988271,-896.325893071401,-896.465515555804,-923.378093214761,-923.501592677271,0.120076799721582,-929.570786990563,0.116947543825887,1842.20702927164,1883.92261877615,NA,2546.01205667988,0.488749962717556,1.08527721270457
"853",-5.76,0.83,-5.86,0.83,1.359326,9.604077,-1.1484446,0.2002995,35,35,-5.81109219786099,0.832038610844647,-5.72038385174817,0.836894421405013,1.50128880225042,9.01447627215951,-0.98936997032189,0.158561558685305,1.50128880225042,7.59192215657914,-5.76573802480458,0.83446651612483,1.50128880225042,9.01653327317315,-0.98925985468565,0.158567453409355,1.50128880225042,7.60029929116396,3.62756075698171,0.0959934870741023,-0.573912579762269,-6.81176269111132,-6.69212468221703,2.05235238215875,9.46483163693702,-3.98581462711666,0.573166694845484,-3.89023538101897,0.57103877653942,4.2830536,0.09129167,-0.842,0.03107494,49.0989041087034,-48.6425650885695,1253.35501966314,0.959557210108872,0.953462128853894,8.8439560628312,0.178542862820159,-1.21616710206389,-924.854990988125,-924.897356303618,-945.386820184881,-945.455037019934,0.0663000829601029,-953.612317132076,0.0793051040278642,1899.26522510509,1927.94007271639,NA,2458.06747423771,0.546183800265696,1.14552960354749
"854",-5.76,0.83,-5.86,0.83,1.359326,9.604077,-1.1484446,0.2002995,35,35,-4.8291103618436,0.700029896149477,-5.06877642735272,0.624755283080768,1.49170595079987,8.50293886547939,-0.868164440609937,0.146517116095158,1.49170595079987,8.75420311153561,-4.94894339459816,0.662392589615122,1.49170595079987,8.51729882121854,-0.863654248023212,0.147933682938319,1.49170595079987,9.04040466232455,2.11423900218513,0.0635354926164251,-0.349282697828353,-6.61625461737733,-7.30438734875227,2.26780613499172,10.0256948785444,-3.30829236578253,0.475498183415145,-3.39109803875742,0.425379371265145,3.17907729,0.06279253,-0.752,0.02939775,63.1815882410809,-76.8079333533245,1262.59316735183,0.393159376597833,0.355547371473703,8.74343242780657,0.171667245476725,-1.16145567228787,-927.287521653395,-928.631322028296,-952.699258522627,-954.723598181457,1.99521224144203,-979.897038345319,2.25361382035023,1904.13028643563,1942.56494939188,NA,2448.37840135033,0.382655121960234,1.21083956851805
"855",-5.76,0.83,-5.86,0.83,1.359326,9.604077,-1.1484446,0.2002995,35,35,-5.18102979307966,0.692665734332499,-6.40362935576729,0.847246094663969,1.32171024842152,11.0981932915119,-1.48758215700038,0.257221839569386,1.32171024842152,8.35803244776823,-5.79232957442347,0.769955914498234,1.32171024842152,11.471880714183,-1.53482962723571,0.263195611519438,1.32171024842152,8.45845010072328,2.99058029980808,0.0725128481537765,-0.452086111604143,-7.01204781909617,-7.31369759565984,2.25842633777002,7.34310975024002,-3.69437718877139,0.496943523330387,-5.21254629304848,0.700146390607039,5.38281758,0.11622992,-0.855,0.02363048,103.913740098622,-158.272237068407,1278.29653829161,0.132993636845838,0.0935704949543197,8.8502158960538,0.190183014996255,-1.26581284994236,-908.869759569122,-909.826177203972,-920.153337934413,-920.900481022529,0.729683343059125,-969.123865627769,0.574670747556053,1867.29476226708,1877.47310821545,NA,2398.32083951481,0.425021676857623,1.14390249234197
"856",-5.76,0.83,-5.86,0.83,1.359326,9.604077,-1.1484446,0.2002995,35,35,-5.7011407967628,0.906737775588455,-5.97014762308742,0.872066387866177,1.57022771727855,7.88049638023501,-0.897956845685434,0.172652247405604,1.57022771727855,8.35344750517767,-5.83564420992511,0.889402081727316,1.57022771727855,7.89858754838732,-0.895625135691575,0.172952773687251,1.57022771727855,8.4811789912735,3.42892594938454,0.0920478057350184,-0.54729023908169,-6.25677299635841,-6.73234297882385,2.1189678054999,10.6727746380346,-4.23867872648758,0.669454117848969,-4.03201134579912,0.599816585796504,4.98067589,0.11768404,-0.81,0.02833545,59.1709614195049,-68.7866797101725,1301.12909517399,0.703800537170338,0.677060939270549,7.12570579008555,0.167549721411099,-1.05057010436687,-939.589907006208,-940.155349719272,-962.33109040866,-963.280548164743,0.928613866674114,-965.261578488353,1.08812144939074,1928.73505714125,1961.82861316395,NA,2533.47151063781,0.518846795888711,1.03079829057306
"857",-5.76,0.83,-5.86,0.83,1.359326,9.604077,-1.1484446,0.2002995,35,35,-5.61341068487004,0.825469254227256,-5.74421944386932,0.853798044866584,1.56356647334945,7.60656605534574,-0.941694128270186,0.184327229212131,1.56356647334945,7.60326867896396,-5.67881506436968,0.83963364954692,1.56356647334945,7.61084378820347,-0.942620541757055,0.184527859306902,1.56356647334945,7.60521603477283,3.14892802086019,0.0868930492778243,-0.504972947291983,-6.6532197048956,-6.61525285990162,2.18656610759168,9.09016034247476,-3.86259383364248,0.575215024223819,-3.90205788250707,0.581671365521971,3.72803771,0.10078807,-0.804,0.03047252,50.8435284150827,-52.131813701328,1267.75285575494,0.998051625385815,0.987562798984485,8.06431977407157,0.182263151982273,-1.1721779289101,-935.970120011362,-935.997244096073,-955.437342092747,-955.453184848163,0.0153918469762927,-967.855926494491,0.00777490873904135,1921.49548315156,1948.04111653212,NA,2483.37389780856,0.504970385629129,1.11346342892857
"858",-5.76,0.83,-5.86,0.83,1.359326,9.604077,-1.1484446,0.2002995,35,35,-6.64641291090672,0.903520522152097,-5.95542567727123,0.824802333072186,1.3793590402514,13.7036453811223,-1.72629304331867,0.279331358926146,1.3793590402514,9.53629655775098,-6.30091929408898,0.864161427612141,1.3793590402514,13.8230112203841,-1.73989135924595,0.280880497249151,1.3793590402514,9.57754509421439,4.0497469300259,0.0988975713592084,-0.619100504963062,-7.22121267394809,-6.99920804095964,2.26634284247944,9.02541029014959,-4.70575269393164,0.644872599852125,-4.43692652134675,0.615842673886664,9.21113746,0.20189775,-0.907,0.02379817,88.9759767222816,-128.396710315726,1333.86425676923,0.944111621203889,0.942992784784758,7.76426520877804,0.150455493718806,-1.04950516742844,-925.433579877277,-925.701825380325,-938.914346333006,-939.187854231137,0.266213129455692,-976.410207912668,0.258132848050734,1900.42240288339,1914.99512501264,NA,2539.33180322273,0.560508447022156,0.9748674700378
"859",-5.76,0.83,-5.86,0.83,1.359326,9.604077,-1.1484446,0.2002995,35,35,-5.06887677095257,0.717884238922644,-5.95924391219548,0.845727869977247,1.30725104987761,7.73712385535828,-0.748318998963273,0.111605056946707,1.30725104987761,8.20720179068129,-5.51406034157402,0.781806054449946,1.30725104987761,7.93531226690956,-0.776775941040324,0.115691055447013,1.30725104987761,8.24607569383205,3.26003369057697,0.0850769394867665,-0.511388717558221,-6.74964947240871,-6.8783573419008,1.79114134498298,10.6019574157148,-3.34878722933869,0.47714164175144,-4.37698665527042,0.620553515206807,3.52661197,0.05459275,-0.757,0.02658899,84.8655631684852,-120.175883208133,1226.85649550126,0.246832634613928,0.197482343555371,7.63850438563429,0.158090182864989,-1.0718477398939,-889.609175886508,-890.388017606973,-916.32089176666,-916.615817938795,0.28710410332563,-923.869959892175,0.0948628216537007,1828.77359490185,1869.80821587995,NA,2333.53710779439,0.48856081873667,0.969602464012865
"860",-5.76,0.83,-5.86,0.83,1.359326,9.604077,-1.1484446,0.2002995,35,35,-4.95467879623478,0.709825464891952,-6.78077690114212,0.862011267972102,1.54730862088875,7.1195517338675,-0.872294590851177,0.149140366603058,1.54730862088875,5.42477884354142,-5.86772784868845,0.785918366432027,1.54730862088875,7.95321030605406,-0.941771142500793,0.154930496267845,1.54730862088875,5.93607284512616,3.2164033170682,0.080604326423285,-0.494772095149116,-6.68346358799833,-7.60287805924595,2.14220586339341,6.32110879134633,-3.17042418178768,0.453850076493319,-4.40442349246319,0.549080942423422,3.21379134,0.07253207,-0.832,0.03087619,61.2255704051116,-72.8958976813859,1258.50258050773,0.030011685265858,0.0252203912433565,10.2170884317164,0.198560629851303,-1.37994262856986,-918.212696661094,-922.211973597483,-932.437912673214,-937.798059979161,5.41154691148832,-951.60638242723,6.41403857373859,1885.98063645103,1902.04225769306,NA,2444.10926333408,0.466191996221806,1.29619207628499
"861",-5.76,0.83,-5.86,0.83,1.359326,9.604077,-1.1484446,0.2002995,35,35,-5.46494946525464,0.772054159362202,-6.80858287059296,0.993599621710952,1.43896461767738,9.66363663653167,-1.08830914367906,0.179429432789052,1.43896461767738,8.56275622293929,-6.1367661679238,0.882826890536577,1.43896461767738,10.1149743185169,-1.16272811468229,0.191700030760883,1.43896461767738,8.63890354858075,2.87081846438057,0.0709337625185828,-0.434757741073031,-6.82299179827208,-6.84671466821441,2.04769447365964,10.1793309909256,-3.71780783809337,0.522800437012839,-4.66682693108236,0.679908173746998,5.51147147,0.10858345,-0.855,0.02704497,73.2921319696037,-97.02902081037,1292.97157478878,0.34603699751854,0.303933845628358,9.34046120957389,0.204312742075546,-1.34214160044841,-922.161100110635,-923.773044525606,-942.492541475015,-943.047737307142,0.541477584799086,-955.367268934652,0.00292550230274236,1893.87744335011,1922.15151529666,NA,2488.91412876718,0.426092256985321,1.24076659473016
"862",-5.76,0.83,-5.86,0.83,1.359326,9.604077,-1.1484446,0.2002995,35,35,-6.62602008858472,0.898744426917986,-6.49693907863967,0.977308233526734,1.21339418414762,7.50547009967522,-0.833239530087338,0.127222857363637,1.21339418414762,6.96855187098363,-6.56147958361219,0.93802633022236,1.21339418414762,7.50963557645732,-0.830704256211792,0.128765925290851,1.21339418414762,7.23699344769901,3.29661846370978,0.0882762894564562,-0.521150917942444,-7.22927459112164,-6.63213075134322,1.60633486121999,8.87507088472317,-5.1840611398207,0.701301839471114,-5.33403197642208,0.796904674504342,6.45788581,0.11801501,-0.91,0.02278424,119.093861407748,-188.632479686659,1249.62304799807,0.13169760216905,0.116493921683425,5.08130217179415,0.114328391597948,-0.726150860771022,-869.015909539885,-870.786274453383,-887.953353942108,-890.272637740165,2.29075841033493,-891.549352921607,2.67502945119637,1787.58706220861,1813.07314023084,NA,2310.61361630949,0.514408834915662,0.74063734109783
"863",-5.76,0.83,-5.86,0.83,1.359326,9.604077,-1.1484446,0.2002995,35,35,-6.13643549732942,0.893185378610253,-6.11254517943775,0.878270283751696,1.45039322396368,10.8411741357106,-1.40957914276537,0.233316818299422,1.45039322396368,7.04507033409888,-6.12449033838359,0.885727831180975,1.45039322396368,10.8413168225329,-1.40966822435476,0.233372433313082,1.45039322396368,7.04795772657507,2.57823572364816,0.062843187907192,-0.381999564358852,-6.77280937116992,-6.83777932886923,2.18061741541386,7.13459744791824,-4.83864160543329,0.700161736046792,-4.30044411754655,0.621859676072249,7.56020052,0.18136352,-0.913,0.02528059,83.2370970999074,-116.918951070977,1259.16686184662,0.808597433256574,0.810088346926067,5.99885161358883,0.127717985991006,-0.848703352575168,-921.272901964733,-921.294077655467,-932.33355148862,-932.35867012692,0.0244053414360567,-959.648273633642,0.028317609402038,1892.1010470583,1901.83353532387,NA,2401.41477262227,0.401079324119638,0.791714705125296
"864",-5.76,0.83,-5.86,0.83,1.359326,9.604077,-1.1484446,0.2002995,35,35,-5.03287730188138,0.713759469930463,-6.07884672944172,0.868026654706109,1.49790902406077,12.3470428576102,-1.6045428495836,0.287040036298116,1.49790902406077,9.68653479922974,-5.55586201566155,0.790893062318286,1.49790902406077,12.620555868458,-1.64488253932138,0.292989627372767,1.49790902406077,9.73124846148441,2.77842574105075,0.073342188100144,-0.437533980104905,-6.73822430962724,-6.86510976998484,2.49566548786535,9.18311735651234,-3.22312310814286,0.455429995319519,-4.18715836713043,0.603808926245582,3.43445135,0.07667052,-0.744,0.03051139,52.1530158626729,-54.7507885965084,1304.10503555193,0.302180092601155,0.236301101900013,12.6289812852397,0.287834298689601,-1.85584389103215,-944.990737230497,-945.61679953675,-960.105984754433,-960.398261585045,0.284519639943236,-1000.57155129485,0.0753882320441846,1939.53671758983,1957.37840185549,NA,2553.45928250735,0.423194900618689,1.70527478928928
"865",-5.76,0.83,-5.86,0.83,1.359326,9.604077,-1.1484446,0.2002995,35,35,-6.61528361697026,0.94307891452242,-5.44963077599877,0.776583977314594,1.45929342909628,8.24976479063183,-0.775627554546349,0.103524070255418,1.45929342909628,7.06402569607323,-6.03245719648452,0.859831445918507,1.45929342909628,8.58945142704805,-0.824146378687265,0.110454211284377,1.45929342909628,7.12433728840368,3.39352060445569,0.0846805185514292,-0.524177159459991,-6.95440471478703,-6.780685625836,1.84481060820019,9.96897852379859,-4.80687568611159,0.683009823835292,-3.91612419777902,0.558762986272676,5.68945082,0.0853911,-0.901,0.03198505,48.7785303555364,-48.0018175822355,1253.80762962991,0.485171891039477,0.464816286193191,7.17145920948523,0.148228724755734,-0.991322959915668,-906.781971543357,-908.067998522816,-933.997113765532,-934.51870214362,0.508578275050317,-929.139643784916,0.177469642365298,1863.11918621555,1905.16065987769,NA,2459.61344167759,0.477906250830898,0.964141481878522
"866",-5.76,0.83,-5.86,0.83,1.359326,9.604077,-1.1484446,0.2002995,35,35,-5.73235446600006,0.831948229131621,-5.88118722732062,0.803049914983689,1.34049711630769,11.2845195646571,-0.981133822076188,0.13669126274911,1.34049711630769,12.5139437774417,-5.80677084666034,0.817499072057655,1.34049711630769,11.2900573623677,-0.980058568103156,0.136900040889258,1.34049711630769,12.582588192503,2.58663385544623,0.0676125686793832,-0.398921631917109,-6.73356343010854,-7.05456486911112,1.84485419573449,16.5949097540254,-4.20345756716707,0.62779782799528,-4.21892588149998,0.572525273509263,6.94339747,0.11204273,-0.82,0.02372334,93.97395526398,-138.392667399123,1358.4762193834,0.544486021550073,0.498613285093804,6.75079418096692,0.125787107734893,-0.878191033534011,-913.813070439152,-914.075955830112,-949.335352240256,-949.69001898056,0.345407698969369,-945.684279408026,0.377756397479344,1877.18138400714,1935.83713682714,NA,2578.55977136768,0.415331970349065,0.898101958161291
"867",-5.76,0.83,-5.86,0.83,1.359326,9.604077,-1.1484446,0.2002995,35,35,-5.4534747072694,0.701765539047871,-6.59550974374043,0.969574088357765,1.28133300536011,10.0535518356057,-1.13903503580222,0.187177308063081,1.28133300536011,9.83517093473998,-6.02449222550492,0.835669813702818,1.28133300536011,10.3796128417375,-1.21549672239682,0.205107662833948,1.28133300536011,10.1000104465992,3.2503990885559,0.0838322220931548,-0.509079767608781,-7.23027845154649,-6.7767794519974,1.96912858360319,10.7603915882446,-3.97057656364111,0.519578979703423,-4.71542320788274,0.702007758480951,5.96878508,0.12787635,-0.867,0.02486887,88.2387881447318,-126.922333160626,1294.94575112108,0.129817571057451,0.112712842905708,7.80371366332319,0.168210036933944,-1.09352796334856,-902.10266608859,-905.004815206457,-922.811431929237,-924.501836618969,1.66209531117631,-947.555504555511,1.05682668043646,1853.76057530602,1882.7892962051,NA,2462.96916908154,0.47437226680625,1.10268867082284
"868",-5.76,0.83,-5.86,0.83,1.359326,9.604077,-1.1484446,0.2002995,35,35,-5.79905371908565,0.796599401610412,-4.89284983513264,0.653208063749837,1.15452912398629,13.0339916760565,-1.59317808516575,0.274071318713349,1.15452912398629,13.5651999625502,-5.34595177710914,0.724903732680124,1.15452912398629,13.2392930458793,-1.62566353198936,0.27921158765671,1.15452912398629,13.6068215321625,2.61445194997904,0.0682205796470274,-0.406974116912369,-7.010861850356,-6.95894645202662,2.20613947746008,11.5126220704003,-4.51469709284989,0.620419890974377,-3.5013724786163,0.456122257305706,9.32970632,0.20407541,-0.888,0.02040267,113.807912912204,-178.060582695571,1312.86302673289,0.458110305301221,0.411460037849328,5.42818599811012,0.120639987263042,-0.766618006202297,-899.38473627727,-899.921770970178,-917.989020737778,-918.188767735109,0.19431705303813,-977.570523371132,0.011618713666202,1848.32471568338,1873.14447382218,NA,2447.66547077021,0.403617817079538,0.802064583954149
"869",-5.76,0.83,-5.86,0.83,1.359326,9.604077,-1.1484446,0.2002995,35,35,-5.30284853218007,0.735349857182045,-6.500073106957,0.930689140991344,1.47700093102794,9.24756416988115,-1.12612230682784,0.191021772996517,1.47700093102794,7.3334186594419,-5.90146081956854,0.833019499086695,1.47700093102794,9.6059008404936,-1.18458855457679,0.200561131946299,1.47700093102794,7.39149573054609,3.3242375302761,0.0739113869090113,-0.482227989465806,-6.87956559962147,-6.91300926937255,2.15392613123445,8.16638382470534,-3.5755433912459,0.495784312044248,-4.49586460009373,0.636435685822387,5.14400308,0.11741666,-0.876,0.02908612,61.0706897716751,-72.5861364145129,1261.84561392294,0.430037517634405,0.366564443037758,8.90040314140275,0.191637973810188,-1.26526125578595,-923.35647285786,-924.5591348591,-939.252385845369,-939.738536174516,0.473904047843559,-960.810491045615,0.00674133594573679,1896.26818884456,1915.67120403737,NA,2451.10509143137,0.443260932387589,1.18572516908255
"870",-5.76,0.83,-5.86,0.83,1.359326,9.604077,-1.1484446,0.2002995,35,35,-6.86798076466184,0.881486502044811,-6.11258117265911,0.900727587087747,1.35020871853036,10.1156905424806,-1.24813906690075,0.210450588385906,1.35020871853036,8.4192033537852,-6.49028096866047,0.891107044566279,1.35020871853036,10.2583476783801,-1.24450538995297,0.210543143224314,1.35020871853036,8.91035743063411,2.57028897027973,0.0632987417377558,-0.390943228273664,-7.57405351776315,-6.70402052008658,2.00922786359736,9.12524444525982,-5.2221042710842,0.676167585903132,-4.52608479939035,0.668452828810969,7.97680498,0.15122119,-0.918,0.02492968,92.7831754450734,-136.011107761309,1321.88128052315,0.0826301102337829,0.077571789620084,6.74966634763286,0.150374010716591,-0.94292734870156,-910.238761331629,-912.455455093936,-925.835918115408,-929.39401111637,3.54578577097017,-947.254865407634,4.42775621272561,1870.0327657921,1888.83826857744,NA,2507.75145328499,0.371714019882759,1.04231698232588
"871",-5.76,0.83,-5.86,0.83,1.359326,9.604077,-1.1484446,0.2002995,35,35,-6.5515858351397,0.895984897691143,-5.90601497377475,0.83123086537007,1.52894426825122,6.72478616811707,-0.738944863980151,0.132531862990192,1.52894426825122,6.77750616813533,-6.22880040445722,0.863607881530607,1.52894426825122,6.82897660237793,-0.749395693085742,0.133580134165651,1.52894426825122,6.82222334724354,2.61990496096252,0.0718318905477714,-0.416582199875338,-7.17128089872729,-6.91149780554245,1.97989347882818,9.04977726717411,-4.30434945884605,0.583652760570715,-4.0560634075583,0.573143007482523,3.23507715,0.08248751,-0.824,0.02989178,64.4341893588088,-79.3131355887802,1278.35427861093,0.785894187306842,0.787461031878472,9.68195298347181,0.193769093860946,-1.32814014940198,-921.608520626739,-922.007535104398,-942.88786500825,-943.289181083402,0.390969561916513,-943.389693731381,0.403617944805773,1892.77228438231,1922.94216236313,NA,2477.39542163308,0.426282488570942,1.23960648470112
"872",-5.76,0.83,-5.86,0.83,1.359326,9.604077,-1.1484446,0.2002995,35,35,-6.76313738987197,0.995178054785213,-6.42978077171016,0.914900615527302,1.16883137536894,10.7384814797255,-1.30038897722637,0.221910450108116,1.16883137536894,11.0314955729442,-6.59645908079106,0.955039335156258,1.16883137536894,10.7662631384435,-1.3070792311428,0.223521566921568,1.16883137536894,11.0594702405234,2.89972648584666,0.0734820779190892,-0.447996969899469,-6.79186529168781,-6.93678088324668,1.83716152981414,11.5254915243383,-4.64766488758055,0.693358784275403,-4.87175643187813,0.683641588559288,7.84030925,0.17127916,-0.889,0.02242989,103.787069700669,-158.018896272501,1313.73583864949,0.682579455816198,0.662518275039332,6.69347281935196,0.144296235807809,-0.945107534743278,-889.443720492144,-889.690232562698,-907.627914417281,-907.790483873888,0.158108140742437,-932.766012159045,0.108601311327902,1828.44268411313,1852.42226118119,NA,2469.45278102649,0.425853219177414,0.918906443066256
"873",-5.76,0.83,-5.86,0.83,1.359326,9.604077,-1.1484446,0.2002995,35,35,-5.16597045244025,0.786909152622401,-6.00071828464467,0.836818434873793,1.43294361870312,7.82798650474671,-1.00673724042212,0.183152482663831,1.43294361870312,6.8350448627361,-5.58334436854246,0.811863793748097,1.43294361870312,8.0021874905892,-1.01715265671368,0.183775216777543,1.43294361870312,7.01525847829072,2.48150343349638,0.0659493797838626,-0.39326270954176,-6.43551057963725,-6.97291182320351,2.08239051604697,7.53110959295904,-3.83709974708352,0.583276869946136,-3.90502290909245,0.541319811698582,4.12513889,0.10105449,-0.836,0.02934531,59.1361665972582,-68.7170900656791,1224.35960827685,0.51952337445407,0.497221704645827,7.61181003153273,0.169799818296184,-1.10357440075458,-912.645793379011,-913.777122263096,-927.516390159173,-929.108220478223,1.56406581869076,-950.021608955909,1.9345350259851,1874.84682988686,1892.19921266497,NA,2380.00212648802,0.375592608638272,1.02622056644005
"874",-5.76,0.83,-5.86,0.83,1.359326,9.604077,-1.1484446,0.2002995,35,35,-5.36898458023012,0.718699768362742,-5.59364611452187,0.808955684635448,1.43161242645479,10.439429004243,-1.54520429428727,0.281277538965882,1.43161242645479,6.66413349194665,-5.481315347376,0.763827726499095,1.43161242645479,10.4520472054905,-1.55027355244446,0.283314071571439,1.43161242645479,6.73668081896834,2.27165936929081,0.0598570550465995,-0.354792519008066,-7.04489856831656,-6.73183870896211,2.4364096885188,5.36659246470983,-3.7761114768545,0.513871576790574,-3.95351434425076,0.573750260045175,6.06322709,0.14803541,-0.916,0.03142144,43.8905489258792,-38.2258547229211,1227.3075228213,0.678208253064133,0.650433446289959,7.00339539854629,0.168957305673233,-1.04626434470418,-918.421192536169,-918.931860683752,-925.744821467274,-926.404312628186,0.643675927964854,-978.24588652808,0.751872783247433,1886.39762820118,1888.65607528118,NA,2416.38919091968,0.355450875616051,1.02899543081575
"875",-5.76,0.83,-5.86,0.83,1.359326,9.604077,-1.1484446,0.2002995,35,35,-5.82852650500125,0.855170074352862,-6.52214577780637,0.947940765112034,1.40869238693627,13.8259333025869,-1.80621249421439,0.295872825766184,1.40869238693627,8.83871127224006,-6.17533614140381,0.901555419732448,1.40869238693627,13.9462102264886,-1.8222993789799,0.298024426032168,1.40869238693627,8.86462319448638,2.91832031898357,0.0760262484345544,-0.457072481783776,-6.69138572439412,-6.83230122791039,2.32051716776984,8.07140563604613,-3.82173537490925,0.572780079726281,-4.71382046308307,0.685180563070416,6.99768143,0.14469999,-0.886,0.02710607,66.5388161286882,-83.5223891285389,1289.01224610776,0.535206286911474,0.49978103880225,9.67078533610468,0.218702989284473,-1.41892226040712,-928.240994954995,-928.490244419476,-939.27477545856,-939.458890041397,0.179089584397231,-978.697903373473,0.112254857253264,1906.03723303883,1915.71598326375,NA,2494.50210308697,0.437945978761766,1.28708548986161
"876",-5.76,0.83,-5.86,0.83,1.359326,9.604077,-1.1484446,0.2002995,35,35,-5.15446520220853,0.711264730861606,-5.16032811049812,0.793726895384953,1.3105944606701,9.95843764968197,-1.19283539531834,0.197693604979233,1.3105944606701,8.71777609560204,-5.15739665635332,0.75249581312328,1.3105944606701,9.95844624310537,-1.19295626234533,0.199393607123701,1.3105944606701,8.8866272551201,2.80838353053235,0.0745681446250546,-0.438778381842483,-6.87467521976348,-6.38924989054186,2.0829594754771,8.91219135316306,-3.54082109809021,0.487105984128206,-3.80184990133675,0.575760153306909,6.26447102,0.11683443,-0.88,0.02850983,59.1927672581294,-68.8302913874214,1224.12510043973,0.42186484539362,0.403613449457501,5.87196981697744,0.144634827195791,-0.879034763705317,-903.655104717768,-904.574597944753,-920.724658116724,-921.930496747575,1.18153358693091,-955.340150262704,1.3581299636262,1856.86545256437,1878.61574858008,NA,2379.41990949204,0.447859709713955,0.903143427788761
"877",-5.76,0.83,-5.86,0.83,1.359326,9.604077,-1.1484446,0.2002995,35,35,-5.36504801798155,0.748665967804596,-5.98377123459664,0.780929136463312,1.4409763602108,11.5893551088159,-1.42902027442063,0.229415598240684,1.4409763602108,7.98531126351037,-5.6744096262891,0.764797552133954,1.4409763602108,11.6850597135106,-1.43401076729331,0.229675826253659,1.4409763602108,8.09737658056582,3.6471529575546,0.0919591491112966,-0.566801908808658,-6.86243114414125,-7.28893875062183,2.28547789050103,7.91517425464043,-3.82949016412054,0.536645661023897,-3.58450246590768,0.458316641762345,5.12602296,0.10863968,-0.877,0.02995968,54.9034947428095,-60.2517463567816,1271.28083667351,0.522813268088965,0.483182094445857,9.95499318214,0.203414740659415,-1.37793381129532,-924.354334124918,-924.911864488743,-938.474886004794,-939.34253053796,0.848099897297625,-974.362209685569,1.06241370077693,1898.26391137867,1914.11620435622,NA,2482.30992699024,0.51561108946906,1.29410158003639
"878",-5.76,0.83,-5.86,0.83,1.359326,9.604077,-1.1484446,0.2002995,35,35,-4.99292732411929,0.662261230454556,-4.71810595785544,0.679670608279439,1.38590339867794,7.93371779945994,-1.02808281632773,0.182030318406418,1.38590339867794,6.58394366635967,-4.85551664098736,0.670965919366998,1.38590339867794,7.95259949529872,-1.02688669907782,0.18210609001548,1.38590339867794,6.67489937583648,2.88732659584015,0.0772410222653134,-0.460245354528026,-7.0050875164728,-6.62654558214974,2.24632770480316,6.30034386142939,-3.28125553935522,0.428352189850922,-3.60420360738539,0.518013608341135,4.66596867,0.10376611,-0.885,0.03139306,47.3159959444533,-45.0767487600693,1183.31144278255,0.467178796767168,0.421255164109205,5.59276825356237,0.129937108361756,-0.812268419258545,-903.691781216633,-904.225225177834,-917.058503959633,-917.893033164295,0.815537208149148,-963.134836219495,1.03982085890701,1856.9388055621,1871.28344026589,NA,2321.54613680502,0.434921700785681,0.830839425818515
"879",-5.76,0.83,-5.86,0.83,1.359326,9.604077,-1.1484446,0.2002995,35,35,-6.19315175538267,0.87513261194425,-4.51335720086574,0.631334245701271,1.34324045303894,15.2774507157486,-1.76918121344344,0.259903378643241,1.34324045303894,10.6365223627529,-5.35325447812421,0.753233428822761,1.34324045303894,15.9828781520948,-1.87156400544721,0.274762789488928,1.34324045303894,10.7685198246231,2.91585466127839,0.072409419370245,-0.444733814248463,-6.93707934150817,-6.70977236540926,2.33785945019789,9.82065615860869,-4.46210851679849,0.630641761286379,-3.11533871711364,0.437134465118326,9.41248313,0.16895511,-0.914,0.02776171,58.0108114800828,-66.4663798313282,1289.52517371693,0.302174448076395,0.206864275181879,8.07260448670126,0.166478389390373,-1.11774279611216,-921.059777887056,-922.587595983421,-939.366096574924,-940.155663217884,0.771349646171397,-986.693631016767,0.243052725376031,1891.67479890295,1915.89862549648,NA,2512.58396760253,0.426553781996878,1.0722786581371
"880",-5.76,0.83,-5.86,0.83,1.359326,9.604077,-1.1484446,0.2002995,35,35,-6.17417893354109,0.933464594080238,-5.35947411111266,0.828019026424946,1.28431008206197,9.19800935178879,-0.977566073186331,0.181221777679915,1.28431008206197,12.106777476425,-5.76682652232688,0.880741810252592,1.28431008206197,9.36394533871082,-0.999042826304449,0.184001469614452,1.28431008206197,12.1497116175344,2.65298376052068,0.0751268777889059,-0.431440126828017,-6.57057966465648,-6.38409224818846,1.87168832113732,14.5795381074983,-5.36282656788895,0.803293228616585,-3.91860684099573,0.606752890704464,7.3310942,0.1305318,-0.827,0.02232617,101.768721102041,-153.982199075244,1322.11455033024,0.211664116397512,0.134353882350264,5.43969638835022,0.138617561902719,-0.830003777385713,-909.460951129688,-909.952546589009,-936.703253438627,-936.932179137377,0.222749001475731,-944.964437966105,0.141924678124287,1868.47714538821,1910.57293922388,NA,2490.24690158523,0.433134660496798,0.850634449560667
"881",-5.76,0.83,-5.86,0.83,1.359326,9.604077,-1.1484446,0.2002995,35,35,-5.70770134509241,0.790778460303297,-6.05055643945291,0.90039999347575,1.32541844276367,7.87855964440954,-0.830909687551801,0.142845779663495,1.32541844276367,9.00720595314128,-5.87912889227266,0.845589226889524,1.32541844276367,7.90794704834178,-0.840305762826747,0.145849999797264,1.32541844276367,9.09089650027815,2.07799846885541,0.0557663837629128,-0.327563751012907,-6.95418913838666,-6.64394750484933,1.82825260407352,11.395641872057,-4.01812365696511,0.562086289339741,-3.93110562435777,0.5897465221475,3.99651818,0.08501067,-0.797,0.03028231,53.3398951921685,-57.1245472554995,1273.8981763325,0.696667994475327,0.691416065905159,8.36411295677239,0.173851807111752,-1.16703015187762,-901.106480890478,-901.82623537924,-925.53467406971,-926.117651708938,0.568685928115692,-931.210313614533,0.505407750120782,1851.76820490979,1888.23578048605,NA,2490.6718054095,0.329761899601216,1.098728980178
"882",-5.76,0.83,-5.86,0.83,1.359326,9.604077,-1.1484446,0.2002995,35,35,-4.98045418048945,0.692147804931303,-5.88531997434745,0.778266979145452,1.371342299947,8.10938026848731,-0.924181758427712,0.161246672257046,1.371342299947,8.24440271833576,-5.43288707741845,0.735207392038377,1.371342299947,8.31407579471088,-0.943663332163133,0.163100800298878,1.371342299947,8.3543639496754,2.4980229396622,0.0595926273383327,-0.368910373989545,-6.81455789585379,-7.20634793478651,2.06240881927179,9.23865739971318,-3.68395961022156,0.51438491309167,-4.17441149035301,0.544383287788092,6.37094179,0.12210579,-0.871,0.02327094,100.666570239691,-151.777897350544,1255.26804320476,0.61584606904953,0.612620852117505,5.72149132538051,0.124437139200932,-0.807905763596458,-907.774588214182,-908.51550817273,-928.329719331065,-929.157449042351,0.808853092938581,-954.045132895827,0.865039568375006,1865.1044195572,1893.82587100876,NA,2358.75818905897,0.3726042261051,0.802698953974285
"883",-5.76,0.83,-5.86,0.83,1.359326,9.604077,-1.1484446,0.2002995,35,35,-5.33928584353809,0.783925381046999,-6.97245391680731,0.975654130900526,1.29783500420778,10.4970942387618,-1.30930470746709,0.217219365871671,1.29783500420778,8.51633502125858,-6.1558698801727,0.879789755973763,1.29783500420778,11.1639037276483,-1.38758602571424,0.22640934425177,1.29783500420778,8.74175152203498,3.4948036805821,0.0870108739676538,-0.53942501783765,-6.62660250967133,-7.11750030492598,2.01155202738007,8.71460717900403,-3.99112647022472,0.600982709936641,-4.85631405286895,0.680538876554346,5.75527593,0.13569109,-0.892,0.02661941,76.1111284066296,-102.667013684422,1257.65071460791,0.311406959025277,0.304504258999205,8.44487746931791,0.161612854304006,-1.13057450158917,-902.362416509966,-904.149328216981,-916.861453350772,-918.500232541041,1.61073795936712,-946.089065308549,1.46748141790403,1854.28007614877,1870.88933904817,NA,2412.63441553139,0.490547852279764,1.06957367002791
"884",-5.76,0.83,-5.86,0.83,1.359326,9.604077,-1.1484446,0.2002995,35,35,-5.55876781055449,0.749033481899937,-5.6504869492833,0.739191689846729,1.44773117115359,10.1037992317537,-1.09174214485597,0.172343053074391,1.44773117115359,8.8245360176678,-5.60462737991889,0.744112585873333,1.44773117115359,10.1059023318559,-1.0915164746833,0.172367268292096,1.44773117115359,8.8383478330795,3.61987389102129,0.0944786192854737,-0.567956696140224,-7.05396138283569,-7.20431537185883,2.15251647312218,10.1194115170192,-4.23174452861121,0.576796070256168,-4.33249433653141,0.568482545137305,8.20379466,0.11847618,-0.905,0.02712561,73.9248058197917,-98.294368510746,1315.59484787022,0.875190073519638,0.887419618870864,5.55221590992682,0.135252850744508,-0.823677158074665,-923.730165537465,-923.793545877748,-945.871103763025,-945.969444092467,0.0955977408303501,-967.410328616145,0.112395412082597,1897.01557420377,1928.90863987268,NA,2532.89532722969,0.542201145396869,0.858495665259951
"885",-5.76,0.83,-5.86,0.83,1.359326,9.604077,-1.1484446,0.2002995,35,35,-5.92623481216174,0.823326655015038,-4.61342165996391,0.667750094777617,1.58608278892117,11.2267835618466,-1.5376228908381,0.281484755539246,1.58608278892117,7.96929297420116,-5.26982823606282,0.745538374896328,1.58608278892117,11.6576531549925,-1.58868362945145,0.287535772063073,1.58608278892117,8.08537408290169,3.6114618758129,0.0951819411079318,-0.57039750281411,-6.9788088838537,-6.59288061903301,2.62997976289173,7.31239019377331,-4.13363694792479,0.585778145715698,-2.9984075450927,0.422211028594511,6.10260228,0.16287855,-0.911,0.03133655,40.5046145989804,-31.4539860691235,1264.40653071813,0.318849822407689,0.241403033857084,8.42561873989939,0.185193854952464,-1.18353153648555,-949.372485831136,-950.48865585263,-961.856854706879,-962.756986462414,0.880059934973761,-1006.31019023791,0.810740385289933,1948.30021479111,1960.88014176039,NA,2497.35907536713,0.541314145695873,1.23654676930422
"886",-5.76,0.83,-5.86,0.83,1.359326,9.604077,-1.1484446,0.2002995,35,35,-5.85246465982106,0.845467992135919,-5.75507627482054,0.804420661696514,1.38806630261729,8.27882448734727,-0.863803151597364,0.130059811908095,1.38806630261729,7.39544489201001,-5.8037704673208,0.824944326916216,1.38806630261729,8.28119561173053,-0.864802534902384,0.130481032742146,1.38806630261729,7.41179411280018,3.07111695670674,0.0780096661817964,-0.477844192218086,-6.77312637445648,-6.92028736240391,1.86551419992418,9.50993819680961,-4.09305871336858,0.577577014400364,-3.93846424855213,0.548868563930371,3.41403791,0.05347367,-0.814,0.02978356,67.7418768908436,-85.9285106528499,1227.15958680532,0.942146005214572,0.920410657057029,8.81894177753004,0.190034258644903,-1.25316550139744,-902.13697879886,-902.293370938125,-924.556480353599,-924.692665222031,0.132422644425834,-930.377624676065,0.131441839872185,1853.82920072656,1886.27939305383,NA,2368.3906629578,0.441159894395324,1.17921643443671
"887",-5.76,0.83,-5.86,0.83,1.359326,9.604077,-1.1484446,0.2002995,35,35,-5.5328872534633,0.755437798417195,-5.83660568076563,0.839539682856663,1.39288988961667,10.9422619032312,-1.19631636736921,0.171880337795137,1.39288988961667,8.10358024683308,-5.68474646711447,0.797488740636929,1.39288988961667,10.9653231240019,-1.20270219038799,0.173648619536704,1.39288988961667,8.13932903938099,2.76609437097883,0.0742854405228004,-0.439053443409341,-6.98992556517848,-6.79258672801937,2.02896971388133,9.30660044907932,-3.42760479865666,0.462063276637868,-4.29032182917884,0.616822428750162,5.79014741,0.10670525,-0.883,0.02693437,75.1411721749319,-100.727101221026,1245.47617614819,0.295843258027905,0.243489797318442,8.26214559060145,0.170381154047589,-1.15072595164564,-910.506235205448,-910.949475246532,-931.07488347307,-931.349227728388,0.26702877629969,-950.27173198738,0.221605781291934,1870.56771353973,1899.31619929277,NA,2390.22525107536,0.428319293479674,1.07176405797367
"888",-5.76,0.83,-5.86,0.83,1.359326,9.604077,-1.1484446,0.2002995,35,35,-5.37416261167296,0.795585073290672,-6.06931430405103,0.863043144696561,1.29796563567085,8.65798189808693,-0.934637087977744,0.14334329280177,1.29796563567085,8.01766769696913,-5.721738457862,0.829314108993616,1.29796563567085,8.77879086694094,-0.946360486103333,0.14448094065122,1.29796563567085,8.0834332279267,2.53854411013938,0.0632519771340608,-0.385366927198063,-6.59201384859478,-6.88526780764908,1.81242127053278,9.79370848535861,-4.02180055184384,0.58675999047013,-4.22414975230045,0.599357645507613,4.73111858,0.07949675,-0.854,0.02753402,75.4876245895249,-101.420006050212,1222.43561904972,0.909739671098686,0.908304025254548,7.07307001044569,0.156677064662791,-1.01962994886,-891.768799695647,-892.177955008114,-913.118427462286,-913.627082426718,0.495921590304092,-924.236199970571,0.523124300271708,1833.09284252013,1863.4032872712,NA,2343.45123204923,0.381636084109547,0.958210571906321
"889",-5.76,0.83,-5.86,0.83,1.359326,9.604077,-1.1484446,0.2002995,35,35,-6.0900676095491,0.869178706838163,-5.19019469361855,0.700648399852575,1.26661976913446,9.70732983649908,-1.0560672950884,0.18019803058455,1.26661976913446,10.9909590964757,-5.64013115158383,0.784913553345369,1.26661976913446,9.90977265270543,-1.09398125978085,0.187298646677715,1.26661976913446,11.0482926470757,2.85145898790646,0.0656862699207601,-0.420453759994749,-6.86946702160576,-6.97365406413932,1.95870829977105,12.2258438103498,-4.36566131034583,0.626550210989804,-3.56888495560979,0.482317072934475,3.93148244,0.07238008,-0.736,0.02541257,88.9229238743538,-128.29060461987,1297.81913592406,0.319267372731724,0.24953571305621,9.19387310463506,0.200369123254707,-1.31787307345046,-902.947678499783,-903.942030091129,-927.076767762476,-927.410668018145,0.325135079641046,-950.365808754591,0.049863324291275,1855.4506001284,1891.31996787158,NA,2467.34766722826,0.390673057391579,1.22176054981582
"890",-5.76,0.83,-5.86,0.83,1.359326,9.604077,-1.1484446,0.2002995,35,35,-5.60609888111272,0.779990778175575,-6.13219359204788,0.962644317811581,1.37177035401098,12.1452528978406,-1.43409057909401,0.227173903179477,1.37177035401098,9.43482803934776,-5.8691462365803,0.871317547993578,1.37177035401098,12.2144468090591,-1.45811384437803,0.235514482064867,1.37177035401098,9.6904204350438,2.69136262396323,0.0698580280475501,-0.416691121728585,-6.91685689299746,-6.35474908000358,2.11871618687933,9.95834764184185,-3.47711916023347,0.487803192279938,-4.21071010466395,0.644303813141934,6.35090365,0.12307311,-0.888,0.02862727,58.0788172440022,-66.6023913591669,1270.69437934413,0.243178237811571,0.198622847863766,9.99172726024409,0.235289441523258,-1.4748228423341,-919.536971140088,-921.433521693053,-936.885338587193,-938.579268086055,1.66560319363126,-963.021965625429,1.6194529931892,1888.62918540901,1910.93710952101,NA,2474.78636732909,0.418189493847469,1.44447611557152
"891",-5.76,0.83,-5.86,0.83,1.359326,9.604077,-1.1484446,0.2002995,35,35,-6.28260097726224,0.87595004044982,-6.08991753939898,0.816953451430285,1.42499926646086,7.10343570241522,-0.860501662226956,0.161986348800188,1.42499926646086,7.3959935791746,-6.18625925833061,0.846451745940052,1.42499926646086,7.11271742922194,-0.863343578625581,0.162856498179173,1.42499926646086,7.41690683787343,2.87015407716195,0.072265206554739,-0.439588231384408,-7.02165853587737,-7.1804615088562,1.97744007518489,8.92372822457175,-4.76176569477231,0.677544690966481,-4.39632277692594,0.592688617161076,3.88068884,0.06508592,-0.79,0.02611085,92.0992647705912,-134.643286412345,1287.51684372439,0.573538438875268,0.549561577199098,7.9483423251517,0.184396858556516,-1.17255074382418,-911.969176610674,-912.150871121308,-930.994674119248,-931.168817643283,0.16937859445817,-942.644148698362,0.15292765368061,1873.49359635018,1899.15578058512,NA,2440.39040103643,0.428670297865955,1.10752021707282
"892",-5.76,0.83,-5.86,0.83,1.359326,9.604077,-1.1484446,0.2002995,35,35,-6.18936900773304,0.896873635600646,-5.81680593381102,0.865310753263761,1.21189932680292,8.4542415066133,-0.847589278728687,0.12563467317864,1.21189932680292,9.04896529732031,-6.00308747077203,0.881092194432203,1.21189932680292,8.48894231762585,-0.850529069845005,0.125883727063993,1.21189932680292,9.07537469941817,2.71154888491974,0.0711789952729471,-0.428680430877233,-6.80376920083435,-6.61924961235434,1.62681552158859,11.8539969362601,-4.47520678474092,0.648607931739175,-4.65809813338749,0.680406665611461,5.00339437,0.07259981,-0.841,0.02502133,97.0221865898278,-144.489130050818,1245.57033204299,0.942444780560357,0.919123565542251,5.9763805594625,0.137574877519092,-0.8764629310302,-878.022293184374,-878.151511982728,-903.88901945357,-904.0727431641,0.178708880916698,-903.880786436257,0.193756114468479,1805.59982949759,1844.94447125377,NA,2346.65153403516,0.400317902044018,0.835375711994412
"893",-5.76,0.83,-5.86,0.83,1.359326,9.604077,-1.1484446,0.2002995,35,35,-5.46674617647617,0.808223341125047,-6.38047970150329,0.865875595249766,1.31034042795193,8.55639163100439,-0.920929212705651,0.165270398657872,1.31034042795193,10.3345091944861,-5.92361293898973,0.837049468187406,1.31034042795193,8.76511886969402,-0.934098912052436,0.166101344259287,1.31034042795193,10.5572986389272,3.09309869124932,0.0842422387555226,-0.495319732177271,-6.60930188404299,-7.17955819765805,1.88121431231247,12.5313720298547,-3.72978145873915,0.55260950905788,-5.00344791252251,0.702437236385773,5.97400273,0.11482647,-0.867,0.02734177,70.1142504302558,-90.6732577316742,1293.19656787762,0.244438774029543,0.178981805824971,6.61385708478739,0.137575131313232,-0.887000816369851,-906.340363857565,-907.278467402963,-931.449828250812,-932.812390232145,1.33659799132372,-941.275043182267,1.52022215381818,1862.23597084397,1900.06608884825,NA,2495.71987802357,0.481045776818993,1.00649011177018
"894",-5.76,0.83,-5.86,0.83,1.359326,9.604077,-1.1484446,0.2002995,35,35,-6.07627749759003,0.901540614360477,-5.88842211358317,0.861051470803201,1.45675310863825,5.92196875699124,-0.484622587268337,0.0816793968143674,1.45675310863825,7.81830596597913,-5.9823498055866,0.881296042581839,1.45675310863825,5.93079116831634,-0.486524113171104,0.0820892395008679,1.45675310863825,7.8225177375744,2.56891361417444,0.0685994089754458,-0.40170951147128,-6.66287303891349,-6.71624149485277,1.74175374550791,12.0806318562713,-4.22222645385486,0.61501187213514,-4.39855645812823,0.640329402493838,4.54480465,0.06794962,-0.841,0.03063074,57.0759154081537,-64.5965876874701,1264.94250072306,0.966452680112541,0.955553733359992,6.29942101044182,0.148722593798228,-0.920683571320455,-907.899982420531,-907.995040986032,-939.829431109193,-939.862856307724,0.0324779463973003,-921.218187899042,0.0148764998145361,1865.3552079699,1916.82529456501,NA,2465.28841375864,0.414546352325248,0.951450954055622
"895",-5.76,0.83,-5.86,0.83,1.359326,9.604077,-1.1484446,0.2002995,35,35,-6.13098779501016,0.842102740297844,-5.42891210072499,0.819492044283362,1.20555641732066,15.53386630952,-1.82123836544443,0.2861397365574,1.20555641732066,13.6919933976706,-5.77994994786758,0.830797392290603,1.20555641732066,15.6570938796465,-1.82520697047008,0.286267547450964,1.20555641732066,13.9265766592376,3.33125617413742,0.0807467963234123,-0.502259383731174,-7.07169880927124,-6.50433179087477,2.13866088499972,12.6212122338513,-4.37448553805909,0.599647814320276,-3.52764569178898,0.526877501519678,6.89029208,0.12133991,-0.857,0.02429553,88.0788591434695,-126.602475158102,1325.47804515331,0.44493845081048,0.427278770124154,10.2601136371918,0.228261148626679,-1.47014371271694,-910.063707328795,-910.735179888168,-929.191667052675,-930.300510028088,1.0857384260114,-972.930942026468,1.314974852795,1869.68265778643,1895.54976645198,NA,2524.35361514852,0.478057378374984,1.43952351788115
"896",-5.76,0.83,-5.86,0.83,1.359326,9.604077,-1.1484446,0.2002995,35,35,-5.53498995375958,0.805511685064039,-5.2468822025327,0.696033949422608,1.43533798770223,6.16795552396874,-0.599749709000869,0.10100589103993,1.43533798770223,6.98217022870756,-5.39093607814614,0.750772817243323,1.43533798770223,6.188707043048,-0.607635055057137,0.104002234690224,1.43533798770223,7.08155769691939,3.33894798192387,0.0855704226519464,-0.516151297706954,-6.69370100644314,-7.05783327463473,1.92757494880227,9.21131736763212,-4.06966250345606,0.582058083009494,-3.58461979595146,0.475775159869466,3.60761734,0.04988359,-0.803,0.02907996,71.1090690535449,-92.6628949782524,1220.56410627642,0.352859085343602,0.276214509351304,6.84606093400455,0.159735673833456,-1.00650955010132,-903.865519027837,-904.838770650056,-929.227691058016,-930.093892425679,0.846680494747948,-937.386627919537,0.80162683375255,1857.28628118451,1895.62181446266,NA,2348.46531757458,0.504445989950262,0.981428472068632
"897",-5.76,0.83,-5.86,0.83,1.359326,9.604077,-1.1484446,0.2002995,35,35,-6.60504054631134,0.93754943318325,-4.98658137077532,0.698910469449531,1.26831798504095,10.528792112345,-1.34481873292472,0.240475698463982,1.26831798504095,10.0752042847721,-5.79581095854333,0.818229951316391,1.26831798504095,11.1836446380641,-1.44137558804853,0.254712837216958,1.26831798504095,10.2016872605741,2.88751934544332,0.0819751706620616,-0.473188831455717,-6.97710486308404,-6.78039488091349,2.12098957458309,9.6318161935778,-4.87975934444102,0.695815176604947,-3.22400885094561,0.451504665774911,4.2641019,0.1176476,-0.823,0.02396596,97.1774971563665,-144.799751183896,1273.11128877301,0.0510522479053139,0.0312042129804612,10.4666216007681,0.215770531999155,-1.46568624616516,-905.600245754631,-907.344827591329,-921.843936912377,-922.638832684088,0.77658543656538,-962.22594369179,0.204199072841544,1860.7557346381,1880.85430617138,NA,2401.42282636212,0.461007789583538,1.32648971249957
"898",-5.76,0.83,-5.86,0.83,1.359326,9.604077,-1.1484446,0.2002995,35,35,-5.9498749682301,0.791129040682455,-5.18721986175419,0.699434160111867,1.4350833927509,9.35365191605088,-1.26545103275093,0.228807970727211,1.4350833927509,7.26251740033518,-5.56854741499214,0.745281600397161,1.4350833927509,9.49906261890932,-1.28293392497715,0.230909958507924,1.4350833927509,7.3040803731578,2.37186313320467,0.0583552462891636,-0.358483075514268,-7.19427409434494,-6.9779133584415,2.31157391418326,6.87848072697756,-4.24424721401498,0.553486108140889,-3.60926507645793,0.491696099711238,5.81873111,0.12994798,-0.876,0.02819907,65.1426423087227,-80.7300414886079,1267.97276145562,0.608059082052977,0.556658588455374,7.32922487826779,0.163046903055234,-1.06094043373582,-919.334530494502,-919.774263238403,-931.600558478321,-931.951797065942,0.342060659602843,-972.817126174977,0.305881773418571,1888.22430411784,1900.36754930327,NA,2455.21548142263,0.350772175636572,0.987310223464113
"899",-5.76,0.83,-5.86,0.83,1.359326,9.604077,-1.1484446,0.2002995,35,35,-6.38958312020152,0.924911657998432,-5.42285673942494,0.847729579659015,1.3722757507377,8.52807679731715,-0.942549488420881,0.168544934187069,1.3722757507377,9.45646430790432,-5.90621992981323,0.886320618828723,1.3722757507377,8.7617167711395,-0.961202976234353,0.170034202491267,1.3722757507377,9.62994563202181,2.34139485389223,0.0580905773320198,-0.358017989371481,-6.83694003125064,-6.33004450082833,1.9144153923635,11.708542956545,-5.00472450142459,0.732947766196401,-3.84522206456814,0.604268062661567,4.71687463,0.07111007,-0.759,0.02584594,85.7567134888872,-121.958183848937,1295.45826769333,0.266922773417293,0.266285825254752,8.10431530604075,0.187453512095117,-1.19777923655602,-913.823106477312,-914.723831758561,-937.120578890433,-938.27240764846,1.12817580518793,-943.365499689767,1.25675883314344,1877.20145608346,1911.40759012749,NA,2468.95835153771,0.338244321024493,1.11190305265353
"900",-5.76,0.83,-5.86,0.83,1.359326,9.604077,-1.1484446,0.2002995,35,35,-4.68943382637712,0.75581577446475,-5.32554187390494,0.817996665764567,1.42970762249832,7.12059235421715,-0.627751975708253,0.107319033947284,1.42970762249832,9.11277447642947,-5.00748785014103,0.786906220114659,1.42970762249832,7.22175071624957,-0.637640417047821,0.108285649757994,1.42970762249832,9.16197453857313,3.35465739144991,0.0869651148497729,-0.520249399180681,-6.14422025460976,-6.40987064231088,1.88513620478678,12.5687088525097,-3.29312778179902,0.529044178032368,-3.63211141128412,0.557773564860347,3.83439203,0.05999836,-0.729,0.02984314,54.5067595142509,-59.4582758996645,1246.17554922571,0.844557537980452,0.794495321496471,6.50127516975792,0.154403628152012,-0.961807582502724,-913.477518700068,-913.829902651161,-944.82598204792,-945.165716079427,0.330829510098003,-941.881721034886,0.328311890160664,1876.51028052897,1926.81839644247,NA,2432.89282255176,0.516233066985922,0.952335727149662
"901",-5.76,0.83,-5.86,0.83,1.359326,9.604077,-1.1484446,0.2002995,35,35,-5.99085920954997,0.931668032556565,-4.73172148062632,0.705344969929908,1.58506255294002,12.029783910482,-1.58074984237183,0.287624192032239,1.58506255294002,9.12845552964839,-5.36129034508814,0.818506501243237,1.58506255294002,12.4261408655818,-1.65199281914152,0.300429724201416,1.58506255294002,9.20466955583123,2.22707129913461,0.0603333425248989,-0.34782730650153,-6.39796338932752,-6.48719990195689,2.57290495038409,8.87586910654561,-4.21912178883189,0.656087581454231,-3.0272662561716,0.455564738187715,5.88383907,0.15498539,-0.853,0.02795101,55.9483501335053,-62.3414571381732,1293.24910680008,0.239644069346329,0.216754886838651,9.0090111079474,0.215779025205983,-1.34958313484281,-955.231563396487,-956.401553101837,-970.207148856844,-970.731909000229,0.511682532964947,-1006.96690229589,0.0372934939109401,1960.01836992181,1977.58073006032,NA,2524.15675646199,0.374700699548084,1.28481893939566
"902",-5.76,0.83,-5.86,0.83,1.359326,9.604077,-1.1484446,0.2002995,35,35,-5.186696532294,0.832200606797392,-4.70677014304742,0.64272172425343,1.39759524756808,8.40486639359928,-0.931773205611032,0.14481386606,1.39759524756808,7.037769316611,-4.94673333767071,0.737461165525411,1.39759524756808,8.46244872837309,-0.954507184595483,0.153789427792528,1.39759524756808,7.35851435520966,2.86276806770371,0.0732081494287007,-0.443309056172051,-6.18640189557753,-6.83534165711287,2.05754853826174,7.98876602931261,-3.69679526026877,0.598723750560338,-3.47985835165629,0.480609254211273,4.21696798,0.07977405,-0.844,0.03139539,48.8374446263153,-48.1196461237933,1190.6814996919,0.0903637777850945,0.0843684688135457,6.30983868393721,0.145642794761912,-0.912592505200827,-903.96719508259,-906.916458107709,-923.184997481209,-925.924034907178,2.71352184487741,-948.910261349642,2.70960238397272,1857.48963329402,1883.53642730905,NA,2333.24335326002,0.427066968668256,0.936721822778288
"903",-5.76,0.83,-5.86,0.83,1.359326,9.604077,-1.1484446,0.2002995,35,35,-4.6857053454528,0.654062265181648,-4.25521552972593,0.557499873477282,1.26692721654774,4.46535014178172,-0.515658485990871,0.120705916628228,1.26692721654774,8.04473883529115,-4.47046043758937,0.605781069329465,1.26692721654774,4.51168051214286,-0.52605076754361,0.123036990501145,1.26692721654774,8.07557683565685,2.36242311393374,0.0649834634058231,-0.379053459121707,-6.74671285125759,-6.89151677787329,2.09201838744863,8.32356354054014,-3.42636057715941,0.473704636385912,-3.0336915683042,0.396925216746626,2.43066704,0.06921666,-0.714,0.02753404,76.4923257501853,-103.429408371533,1185.301084914,0.697542391456279,0.614861081100373,4.90198443492666,0.111725656310196,-0.708466127990334,-880.80338161689,-881.231894752561,-907.39834966079,-907.63660843606,0.231845724133636,-954.260640327663,0.127926408244549,1811.16200636262,1851.96313166821,NA,2267.17276145646,0.374780080750054,0.707080190325428
"904",-5.76,0.83,-5.86,0.83,1.359326,9.604077,-1.1484446,0.2002995,35,35,-4.69369903962396,0.771212007592012,-6.85627817718003,1.01375684445886,1.24818969304778,9.10382619500249,-1.09596271210983,0.185740013641241,1.24818969304778,8.71906866142274,-5.77498860840199,0.892484426025435,1.24818969304778,10.2730133265507,-1.22709331314238,0.200447013113932,1.24818969304778,9.18475914361181,2.79073148243598,0.0764284516419131,-0.44404335833371,-6.05675869496473,-6.77431845775022,1.8764086747943,9.50516296196474,-3.30817191847639,0.550409309779919,-4.87962869106334,0.728475905331615,5.08785934,0.11570483,-0.863,0.02741015,69.7766693356665,-89.9980955424956,1233.71480936743,0.0578757064843393,0.0455169232176256,8.40407907162089,0.175072971820462,-1.17238904534891,-891.44714624055,-894.925021174155,-908.781259798825,-912.05744208551,3.25822914643568,-931.788340203272,3.10837130258451,1832.44953560994,1854.72895194428,NA,2377.43152319237,0.451559925572831,1.11100572537552
"905",-5.76,0.83,-5.86,0.83,1.359326,9.604077,-1.1484446,0.2002995,35,35,-5.27622866720914,0.747678719171196,-5.5196747689859,0.844074502061588,1.28548703118366,7.19376915987308,-0.806251942366061,0.188685867160139,1.28548703118366,12.9695276166626,-5.39795171809752,0.795876610616392,1.28548703118366,7.20858566099065,-0.812118736759154,0.191008903899901,1.28548703118366,13.0601024849295,2.81482825441386,0.0702189296905179,-0.430074615006677,-6.77949356525649,-6.44863853689102,1.97495145379253,14.8358915708553,-3.71831406414536,0.548846135082364,-4.04848730786787,0.621094045999879,3.45673764,0.10631568,-0.715,0.02378264,96.3642311778424,-143.173219226847,1316.39873949297,0.788666195928515,0.808410788271283,6.64228819888957,0.154824839853931,-0.949006941030671,-910.271364790204,-910.67821048433,-941.390092858198,-941.842490041033,0.440894725373593,-958.692880982617,0.416508142631933,1870.09797270925,1919.94661806302,NA,2489.62425975909,0.413982632852275,1.05434503350428
"906",-5.76,0.83,-5.86,0.83,1.359326,9.604077,-1.1484446,0.2002995,35,35,-6.30804670317419,0.942478067400343,-5.76083481250921,0.870488161400664,1.2934009902446,9.86345269990372,-1.35262193936799,0.257952514690951,1.2934009902446,9.62654253184159,-6.0344407578417,0.906483114400504,1.2934009902446,9.93831291322501,-1.36247037251071,0.259248151332412,1.2934009902446,9.64491755524238,3.15761084877215,0.0818180759982084,-0.492328617807868,-6.65074749266321,-6.53243283312979,2.08752075609659,9.35159226028984,-4.46123818060163,0.664834285731196,-3.65505671108456,0.563856064704368,3.84013375,0.11708218,-0.832,0.02483142,90.1759592735707,-130.796675418304,1259.55971500654,0.414487420756179,0.366365422326338,10.0954332703688,0.224848440268989,-1.46646599416021,-908.681320051354,-908.891386441576,-923.74714116481,-923.868078040109,0.117583079116224,-957.394188080903,0.0770878828802644,1866.91788323155,1884.66071467625,NA,2388.32275459478,0.475275231099166,1.34475311236058
"907",-5.76,0.83,-5.86,0.83,1.359326,9.604077,-1.1484446,0.2002995,35,35,-5.55806430494379,0.842532998335136,-5.78640791271367,0.792788647194559,1.27345928704193,10.7014593583807,-1.14270851456224,0.196847281473654,1.27345928704193,12.5672510029264,-5.67223610882873,0.817660822764847,1.27345928704193,10.7144945591831,-1.13986881341084,0.197465906591254,1.27345928704193,12.7607417800014,2.24570218857359,0.0648442351495022,-0.366201908671205,-6.49621195315648,-7.02091953268547,1.95711055444847,14.2170410215615,-3.90504341546516,0.586158191076274,-4.42035692113323,0.602214422400141,5.75312896,0.10212234,-0.799,0.02323155,100.820183697057,-152.085124265277,1330.10756550853,0.517696122703699,0.494405537971007,7.20106313914524,0.160476951348327,-1.02151014707625,-911.048123648063,-911.677789568799,-937.041578640773,-938.032839202033,0.969789151704941,-955.074387220985,1.10010988350055,1871.65149042496,1911.24958962817,NA,2508.13000675178,0.382720803317016,1.05380569210986
"908",-5.76,0.83,-5.86,0.83,1.359326,9.604077,-1.1484446,0.2002995,35,35,-5.6427612133721,0.827762768834185,-6.28146464203315,0.816986102076329,1.42754475427445,12.0842338780589,-1.56453432393929,0.246855839905259,1.42754475427445,6.94120396740429,-5.96211292770263,0.822374435455257,1.42754475427445,12.1862193955048,-1.56281355043734,0.246884874041861,1.42754475427445,7.24422621986243,3.23952170017293,0.0862140971212978,-0.512430837175817,-6.66890606686193,-7.37181408739024,2.25260676552728,6.4830624557219,-4.05279717762274,0.595398814857,-4.56969045947355,0.597660900721996,5.4581022,0.12188594,-0.904,0.02781105,74.6642320254151,-99.7732209219929,1247.64671125957,0.1576973963541,0.135635236900455,9.0971119435183,0.178748377093454,-1.23085190680008,-917.668543813776,-919.456778266563,-927.533647378736,-930.15502181691,2.5947593402375,-964.683942203734,3.48802191557516,1884.89233075639,1892.2337271041,NA,2395.52020159714,0.495868056182962,1.17686631241353
"909",-5.76,0.83,-5.86,0.83,1.359326,9.604077,-1.1484446,0.2002995,35,35,-5.53525143934046,0.898906547084991,-6.04572032986617,0.83132380921957,1.32838904777273,10.2867684230139,-1.33108718863347,0.226442185133194,1.32838904777273,8.00668113289307,-5.79048588460332,0.86511517815228,1.32838904777273,10.3519130450625,-1.32246246732926,0.227584041747541,1.32838904777273,8.56351971280818,2.33572839377993,0.0651179453456185,-0.375261625884999,-6.13754007187418,-7.05064942622962,2.05667943713719,8.03125519870651,-3.74559810390439,0.624873138545908,-4.16371781087866,0.574544197175049,4.66635696,0.09670341,-0.866,0.03076005,52.1520046642047,-54.748766199572,1242.38141517695,0.0305817422714487,0.0310171860527732,8.77411137908075,0.206016607149117,-1.28100061855294,-905.949223190724,-908.697387547208,-918.709453396112,-922.908696000978,4.20410391747312,-948.971804744506,5.34167947541139,1861.45368951028,1874.58533913885,NA,2430.01406415433,0.382475702347251,1.31246120978183
"910",-5.76,0.83,-5.86,0.83,1.359326,9.604077,-1.1484446,0.2002995,35,35,-5.78269012366005,0.787746221074025,-4.99205383505769,0.780076364943157,1.36228806634646,10.5013094543949,-1.49317841995622,0.26933981140616,1.36228806634646,7.58838959449076,-5.38737197935887,0.783911293008591,1.36228806634646,10.6575858896087,-1.49469443660258,0.269354518079427,1.36228806634646,7.94492288438892,2.94326254395167,0.0805172185117929,-0.472517818994224,-7.04724321363032,-6.30230194312844,2.29880548637818,6.5033661715497,-3.93857851871757,0.538511469821837,-3.33178605929912,0.521663162980309,5.35382955,0.13770846,-0.897,0.03105319,44.2707264565695,-38.9862097843016,1219.4223133014,0.164834732035568,0.155800811703141,7.97316939282809,0.178225232597149,-1.1420590980881,-912.122028450669,-914.08068657263,-921.554261864474,-924.401501495048,2.82291149537823,-969.75265266318,3.82853539096344,1873.79930003018,1880.27495607558,NA,2399.8584168185,0.458865296640285,1.13354017968894
"911",-5.76,0.83,-5.86,0.83,1.359326,9.604077,-1.1484446,0.2002995,35,35,-5.88547778652874,0.812669002908735,-5.53830972262099,0.792695856787861,1.4377386493028,8.25957990688816,-1.07233184365399,0.182675131115447,1.4377386493028,5.91602348076586,-5.71189375457487,0.802682429848298,1.4377386493028,8.28971132303752,-1.07406535327122,0.182774862756938,1.4377386493028,5.94832540153248,2.97190715657309,0.0759634500712247,-0.460151389298005,-7.00154739159141,-6.77337416382454,2.09470804874478,6.25700513119715,-3.93683737065135,0.537818199860715,-4.20101366390599,0.600019836156488,4.56712398,0.10028545,-0.88,0.03102137,52.9047335896563,-56.2542240504752,1212.06437762001,0.753047301577828,0.729946258964507,7.24886093501909,0.159987672352985,-1.04953059987739,-908.107085977483,-908.331714355562,-919.601265396947,-919.92744566898,0.317600224787957,-945.805210154612,0.40756361139188,1865.7694150838,1876.36896314052,NA,2367.87453118955,0.443003113067802,0.955445345930685
"912",-5.76,0.83,-5.86,0.83,1.359326,9.604077,-1.1484446,0.2002995,35,35,-5.56308607493739,0.737940546866632,-6.49163441432351,0.81952916812378,1.57774242201478,8.58909533227162,-0.988059137296629,0.172667191006551,1.57774242201478,7.50519052903795,-6.02736024463045,0.778734857495206,1.57774242201478,8.80464583691581,-1.00699888199191,0.174331366786211,1.57774242201478,7.62314185995275,2.49185826112061,0.0626048949393694,-0.376855737374332,-7.12436848363031,-7.56683293023861,2.23939529630199,8.90908932672731,-3.55474207699436,0.464539429788931,-4.07695671927847,0.511512822382368,3.7641205,0.07741811,-0.809,0.02937158,66.7357847591427,-83.916326389448,1332.56307542266,0.658925864935906,0.679469056624311,11.1135617128241,0.219115760327067,-1.50836718095541,-937.269714492729,-938.056573311212,-956.846014919548,-957.810116210165,0.943034782680359,-973.071155752703,1.04987891884547,1924.0946721143,1950.85846218572,NA,2581.20982445588,0.388222888152121,1.43178026574828
"913",-5.76,0.83,-5.86,0.83,1.359326,9.604077,-1.1484446,0.2002995,35,35,-6.48888084362722,0.877737248160982,-5.42582061095461,0.727043662539248,1.38934687203473,6.70909169330938,-0.687212918250886,0.111142592804031,1.38934687203473,6.92237238366214,-5.95735072729091,0.802390455350115,1.38934687203473,6.99161595788186,-0.727262007799212,0.116819731990914,1.38934687203473,6.97589866005658,3.33052433822317,0.0925658908609391,-0.540396302202616,-7.21729068117466,-7.05202383668536,1.85121940319066,9.07361427674333,-4.87521852651263,0.664153707828831,-4.18351816032709,0.564625506461943,4.78894968,0.0693461,-0.836,0.02659665,87.0977606304161,-124.640278131995,1266.44413737703,0.598331710369153,0.541409763872038,6.57196685773969,0.142822974804061,-0.942103253704952,-897.657832242744,-898.759487383058,-920.72250189389,-921.193855476254,0.459431420104475,-927.008982696019,0.174291103780396,1844.87090761433,1878.61143613441,NA,2408.24799662206,0.520666580060807,0.866677395985367
"914",-5.76,0.83,-5.86,0.83,1.359326,9.604077,-1.1484446,0.2002995,35,35,-5.66043713666392,0.784396489152578,-6.70023553449843,0.886623518403974,1.29431045614034,9.57700321277843,-1.23828952458103,0.222164974963926,1.29431045614034,8.84832077369354,-6.18033633558118,0.835510003778276,1.29431045614034,9.84729838981324,-1.26486339988877,0.224777566341317,1.29431045614034,8.99170366690709,3.36492477273184,0.0859986412396244,-0.524329410781079,-6.94494706261268,-7.37570327343662,2.04054769692536,8.92348129568998,-3.76143865257081,0.516323230487852,-5.53278942055419,0.739893822154587,7.45050425,0.1646458,-0.898,0.02260126,107.110063765786,-164.664884402735,1308.37786696537,0.101855011176797,0.0827452029814936,6.93773674096248,0.146303287268279,-0.96971221889468,-903.410005103175,-904.353635155394,-918.595579852691,-919.60737066951,0.990020224012729,-950.339985581469,1.09043366564437,1856.37525333519,1874.35759205201,NA,2452.09084952801,0.488789646454195,0.938232213624465
"915",-5.76,0.83,-5.86,0.83,1.359326,9.604077,-1.1484446,0.2002995,35,35,-6.32939549490258,0.948600329165011,-5.76754024488158,0.851976041455519,1.43286369881154,7.35773219319282,-0.920454686772944,0.190930429876455,1.43286369881154,8.92066412925046,-6.04846786989208,0.900288185310265,1.43286369881154,7.43665252368687,-0.934026902605225,0.193264493120297,1.43286369881154,8.9352612828521,2.85312974466059,0.0685566409826662,-0.425385808838867,-6.63562143305424,-6.64942868575753,2.03500744947342,10.5982178138794,-4.52053615293859,0.671562664273076,-4.428480057715,0.648839829099053,3.95141558,0.07886796,-0.765,0.02751972,74.2838920815509,-99.0125410342644,1295.33125191541,0.966826689605945,0.961246510106068,7.65238508039079,0.206482593354449,-1.21674193014512,-922.122310232665,-922.432805543515,-944.023653945824,-944.126575458167,0.100054435063955,-955.132054498271,0.00096117893528916,1893.79986359417,1925.21374023828,NA,2491.64996279656,0.418077911822163,1.1923971465083
"916",-5.76,0.83,-5.86,0.83,1.359326,9.604077,-1.1484446,0.2002995,35,35,-4.10911821742168,0.600620141843785,-6.66879302385895,0.970335450641401,1.2593905931082,6.58464596282366,-0.743645793101704,0.133634842367835,1.2593905931082,7.7995816568781,-5.38895562064032,0.785477796242593,1.2593905931082,8.2226297415011,-0.980233533472565,0.167807194757664,1.2593905931082,8.12934516744063,1.93358149678309,0.047826559730243,-0.289238415586016,-6.48852006486518,-6.8455267326476,1.89300367085044,8.78809818669116,-3.03700676033582,0.451831526699799,-4.55285249837915,0.66202068207593,3.38533929,0.07162634,-0.776,0.02622632,85.0889030659637,-120.62256300309,1203.22618833444,0.049689005537941,0.0342423533003231,8.31731864673886,0.182231963473649,-1.20531751580269,-882.811937781626,-888.797751529857,-904.013021152356,-906.588306277338,2.54829372493237,-931.471111252573,0.818558726856197,1815.17911869209,1845.19247465134,NA,2285.82981366579,0.301400092988593,1.07089834856869
"917",-5.76,0.83,-5.86,0.83,1.359326,9.604077,-1.1484446,0.2002995,35,35,-5.7995521884349,0.837756077080176,-5.9053930563965,0.845058686446902,1.29263193353702,12.0876399596503,-1.33023623867675,0.199429704902867,1.29263193353702,10.3498896029387,-5.8524726224157,0.841407381763539,1.29263193353702,12.090440531983,-1.33042946730519,0.199443036928758,1.29263193353702,10.3526114392733,2.71867447608479,0.0694847125603052,-0.418335286547075,-6.76615949736161,-6.82849330841112,1.95815186522359,11.5139024156613,-3.75886145843495,0.543650199495993,-4.60549152435786,0.671809874938189,6.38492418,0.11237997,-0.858,0.02712552,68.8108341622809,-88.0664251957244,1282.66898367366,0.507645198142296,0.431409842040694,8.01102191782046,0.162306231083597,-1.10587617736744,-906.588693410899,-906.599152188668,-928.211140093962,-928.227924900534,0.0163071956848747,-948.359559066868,0.0188692738363815,1862.73262995064,1893.58871253455,NA,2477.2715421516,0.415062231062493,1.03069506252876
"918",-5.76,0.83,-5.86,0.83,1.359326,9.604077,-1.1484446,0.2002995,35,35,-6.33937448193334,0.872012467208169,-6.19268143482363,0.872232727919394,1.52282539029711,10.1135418811023,-1.21672074708414,0.197970794072359,1.52282539029711,7.2294003064571,-6.26602795837848,0.872122597563782,1.52282539029711,10.1189215936198,-1.21671266940541,0.197970806201054,1.52282539029711,7.24198709516881,3.02838881352199,0.0748807676719999,-0.464806552711355,-7.10189108299714,-6.95388577956677,2.15790959720023,8.27809312095392,-4.20561752580583,0.589622318805117,-4.20021213811799,0.601866727413203,4.14454222,0.09049255,-0.852,0.03187945,48.0359792508125,-46.5167153727876,1288.57546001468,0.952296213525658,0.954563171983624,10.5666766873221,0.209966601166286,-1.44669383341388,-930.334300678202,-930.401393460701,-945.858819048434,-945.965801582428,0.104005346747391,-961.687136411551,0.130199567935615,1910.22384448524,1928.8840704435,NA,2530.63420465657,0.426836035611326,1.33959071710587
"919",-5.76,0.83,-5.86,0.83,1.359326,9.604077,-1.1484446,0.2002995,35,35,-6.0988586373168,0.806325991178971,-4.84536413524916,0.705331989505917,1.31668186405516,13.3191797696218,-1.75543609762832,0.314894536754419,1.31668186405516,11.6407507879667,-5.47211138628298,0.755828990342444,1.31668186405516,13.7119918863003,-1.78708495408807,0.317444483847903,1.31668186405516,11.940294692086,2.74768525523247,0.074605510188105,-0.437657850735651,-7.25271826488545,-6.60091989058693,2.43399956789359,9.83501876349861,-4.32460193967324,0.583143926705391,-3.46107314212877,0.504614339831473,8.21360802,0.21207535,-0.897,0.02550602,72.2016307530038,-94.8480183771702,1318.21089641093,0.394613843372713,0.358310484504974,8.48598051995222,0.16643297992165,-1.13025087953781,-925.287473079969,-926.587167042867,-940.267820164051,-941.907239610615,1.61137465818161,-996.613574279853,1.9170054285075,1900.13018928878,1917.70207267473,NA,2541.57377444469,0.432605505417734,1.16096278079776
"920",-5.76,0.83,-5.86,0.83,1.359326,9.604077,-1.1484446,0.2002995,35,35,-6.3130871833999,0.801099957953194,-6.12786356474618,0.937565603774889,1.32880947895396,8.56240904899891,-1.13690050271724,0.214903282687207,1.32880947895396,8.40079626368624,-6.22047537407304,0.869332780864042,1.32880947895396,8.5709859962257,-1.13058133753199,0.21955900080959,1.32880947895396,9.08812489882512,2.65029400337569,0.068858200439243,-0.410618181505818,-7.49808216458808,-6.49983154131835,2.03000126103468,8.77049167811281,-4.52512240134608,0.585244897325651,-4.43956344313319,0.68005438489505,5.0719947,0.1305421,-0.876,0.0248214,95.0153426756594,-140.475442222481,1296.40525215357,0.0569281250930651,0.0532365102716285,7.24300752538812,0.160072398964828,-1.00396387846346,-906.062294727337,-909.221458616033,-921.784925018059,-926.724445962819,4.97174344368966,-948.526640415089,5.97879158481168,1861.67983258351,1880.73628238275,NA,2452.33506208465,0.4117745012312,1.12791346491193
"921",-5.76,0.83,-5.86,0.83,1.359326,9.604077,-1.1484446,0.2002995,35,35,-5.31792587813393,0.789320091871056,-6.31387842838393,0.891744195777431,1.22504387311535,6.63198892017356,-0.905742360560204,0.187944245509986,1.22504387311535,8.53686660882966,-5.81590215325893,0.840532143824244,1.22504387311535,6.87996929076094,-0.931244747433361,0.190566919775242,1.22504387311535,8.66217473743362,1.94501126247995,0.0486968560509603,-0.292891564611411,-6.57310225316574,-6.95883849660778,1.86508694576345,9.07975129037091,-4.13063242071337,0.622487251628574,-4.77792959422028,0.677720033234375,3.8969382,0.1174346,-0.822,0.0242429,98.2329749640111,-146.910706799185,1240.80921255765,0.448552947330952,0.460323461778248,6.12778365790221,0.131482109272705,-0.866928608534413,-884.237651163752,-885.351496738558,-902.870711381258,-903.784475084415,0.893475089310775,-928.858761448795,0.941843957988943,1818.03054545634,1842.90785510914,NA,2334.70771831611,0.305131929140043,0.824974731204833
"922",-5.76,0.83,-5.86,0.83,1.359326,9.604077,-1.1484446,0.2002995,35,35,-6.08804365800808,0.894503940638129,-5.56803981260972,0.768953867852762,1.40632555380419,10.8543016812658,-1.39248489895425,0.233752303639921,1.40632555380419,7.84664864038685,-5.8280417353089,0.831728904245445,1.40632555380419,10.9219026810731,-1.40880652911386,0.237693008834024,1.40632555380419,7.90389979166896,3.26508234365187,0.0844095785798055,-0.510310207826353,-6.71656188049055,-6.94455288017855,2.19456220651968,7.80370352735462,-3.89479750984314,0.579794761562457,-3.78501563525944,0.52297262008308,3.67130563,0.1031628,-0.837,0.02943384,60.7630611893201,-71.9708792498028,1251.60788572561,0.654275643734663,0.629220585887463,10.7230499110911,0.219254759021386,-1.49966012536608,-918.652026506278,-919.252411841105,-931.422767058055,-931.8743130485,0.440062496594566,-963.97664955574,0.320161467907235,1886.85929614139,1900.01196646274,NA,2431.24489220141,0.483730981202285,1.33771885154475
"923",-5.76,0.83,-5.86,0.83,1.359326,9.604077,-1.1484446,0.2002995,35,35,-6.00126025259962,0.865886017308499,-5.79289964877844,0.78329390213939,1.28540125137624,7.74631241668139,-0.88299958601833,0.155559707651043,1.28540125137624,8.55419689801334,-5.89707995068903,0.824589959723945,1.28540125137624,7.75716595198756,-0.887301821765204,0.15726507202307,1.28540125137624,8.62077994059702,2.50795896333404,0.0699573350015974,-0.401542772724186,-6.80027665682535,-7.08397850283553,1.84258374983424,10.1315540126282,-5.00415878525195,0.72479811394044,-4.30675998991927,0.582384756432937,4.71024163,0.09124643,-0.798,0.02102309,129.106257835443,-208.657272542049,1265.80749970277,0.32763332432535,0.275346972919384,5.85513485089491,0.135330267921849,-0.864983692243443,-893.814867532717,-894.28843063226,-914.780895164306,-915.267032044973,0.473890892559658,-929.358669179824,0.466969214528021,1837.18497819427,1866.72822267524,NA,2322.95772686349,0.416556086346827,0.803171037540144
"924",-5.76,0.83,-5.86,0.83,1.359326,9.604077,-1.1484446,0.2002995,35,35,-6.03130650858414,0.860204224281179,-5.80656933174922,0.869407925185596,1.3137899306172,11.8034766595978,-1.35703619167575,0.221337121084648,1.3137899306172,10.7952517336292,-5.91893792016668,0.864806074733388,1.3137899306172,11.8161033592607,-1.35651908823633,0.221358298112233,1.3137899306172,10.8474502880521,3.79602668868985,0.0895165537963923,-0.566366173963414,-6.86417356539013,-6.58460312020665,2.02387954241068,11.7201112023614,-4.28427075027945,0.604402198413334,-4.51476414359146,0.685003887777327,7.26011022,0.13259351,-0.861,0.02382857,92.7260327049149,-135.896822280992,1309.10388695622,0.555509254434399,0.520797282781117,6.92761031094776,0.158414793093121,-1.00867782453872,-914.710992999029,-914.900794361472,-934.883104218882,-935.192197887038,0.300926320261406,-957.020309360768,0.361288309404434,1878.9772291269,1906.93264078439,NA,2482.31095163144,0.527783210723386,0.979226256270975
"925",-5.76,0.83,-5.86,0.83,1.359326,9.604077,-1.1484446,0.2002995,35,35,-5.07887914222568,0.720386344948314,-5.60711742126125,0.838391499591316,1.36387515658755,7.31545490568676,-0.930819421929369,0.188126441476393,1.36387515658755,8.67278990915652,-5.34299828174346,0.779388922269815,1.36387515658755,7.38521382554638,-0.946403131880856,0.191607745606973,1.36387515658755,8.71508477268825,1.84128621994191,0.0523686823399638,-0.296616551784624,-6.74474494345039,-6.56993904729476,2.07586506466932,9.44207449621135,-3.79520316168895,0.561073772999055,-4.05904053783606,0.616647936591875,4.80197896,0.13711908,-0.866,0.02872904,58.0800046230754,-66.6047661173134,1236.55607486889,0.877827248335391,0.843599937262082,5.38753022494984,0.115474447342165,-0.739619607011865,-909.90876978611,-910.389550634005,-930.162912658368,-930.468324694744,0.297334145284697,-956.326997226887,0.16775412512867,1869.37278270106,1897.49225766336,NA,2406.50738362047,0.314941570195569,0.809106566386936
"926",-5.76,0.83,-5.86,0.83,1.359326,9.604077,-1.1484446,0.2002995,35,35,-5.80122237204345,0.840648518200109,-5.48375679095214,0.787315539601879,1.33578907706422,8.58917571037362,-1.05575473188545,0.202439897185799,1.33578907706422,9.71839153660336,-5.64248958149779,0.813982028900994,1.33578907706422,8.61437180916805,-1.05998757814596,0.203150998837339,1.33578907706422,9.7231239357364,3.27761137080931,0.0995866276395851,-0.557315615494096,-6.75059726525405,-6.75087576968609,2.04030190468469,10.6159311788023,-4.11705729170868,0.593854164454134,-4.00915246257448,0.585045528427965,3.91960159,0.09943354,-0.765,0.02618581,79.5530843685365,-109.550925608236,1280.56348249182,0.980908892103477,0.971513457850272,7.51993935879091,0.166706839469489,-1.08646460072072,-911.758407959735,-911.850119885301,-932.250093970752,-932.280993647141,0.0300234545405448,-955.822053341123,3.89459873415062e-07,1873.07205904831,1901.66662028813,NA,2451.57603937541,0.550376324518135,1.01165703319636
"927",-5.76,0.83,-5.86,0.83,1.359326,9.604077,-1.1484446,0.2002995,35,35,-6.6452831855469,0.95571721994491,-4.92078395370754,0.695543319227247,1.22085901350524,10.3744994644296,-1.36089313251462,0.251524414452202,1.22085901350524,10.6801724603803,-5.78303356962722,0.825630269586079,1.22085901350524,11.1179738645832,-1.47306055549769,0.268447029105863,1.22085901350524,10.8252050577874,2.74324004067345,0.0643463882025302,-0.403643937027494,-6.90910853006841,-6.73465807355324,2.10641815728224,9.836841036351,-5.0271307283457,0.740117464208691,-3.71207536845433,0.526497907135994,5.61493889,0.12935137,-0.844,0.02520873,84.6367409981798,-119.718238867522,1286.53108928621,0.175302395522291,0.147636295874234,7.60005433985938,0.17577615770554,-1.11538168128915,-899.911042691092,-901.92569812191,-916.223279761413,-917.087117038663,0.844355394334746,-961.205477596531,0.158651392901829,1849.37732851102,1869.61299186945,NA,2453.34393970491,0.397395933823988,1.07239133598936
"928",-5.76,0.83,-5.86,0.83,1.359326,9.604077,-1.1484446,0.2002995,35,35,-5.58298398831262,0.853838850704563,-4.40494317546838,0.594390898910645,1.27284276579277,9.82709563090943,-1.23865134604832,0.212380365720323,1.27284276579277,8.65006382364511,-4.9939635818905,0.724114874807604,1.27284276579277,10.1740406700911,-1.31506141505384,0.229208675642838,1.27284276579277,8.86052900628868,3.03432147673134,0.0763279026444181,-0.464626082544034,-6.45377429372156,-6.82145724036751,2.17757220202628,7.96283766087501,-4.17552513361483,0.64279281520545,-2.66722505154799,0.360115917047148,4.58969449,0.11984468,-0.869,0.02996663,51.5891671536301,-53.6230911784229,1199.77418314025,0.0304970050903557,0.0181080296453014,8.21369690710696,0.180100534853401,-1.17050455201617,-898.133391210657,-900.496181641589,-913.074333639339,-914.584603921874,1.4830609083326,-962.699515989603,0.824282049331186,1845.82202555015,1863.31509962531,NA,2345.92527510208,0.452467774322288,1.13494904037118
"929",-5.76,0.83,-5.86,0.83,1.359326,9.604077,-1.1484446,0.2002995,35,35,-5.38883418979932,0.823623827064989,-4.44744706471875,0.576437571358631,1.43647594520983,9.6474389994436,-1.13945026906247,0.179383717150311,1.43647594520983,7.04914460170323,-4.91814062725904,0.70003069921181,1.43647594520983,9.86899142926045,-1.19762475871718,0.194658978402843,1.43647594520983,7.31561032888647,3.25070265064089,0.0899211435019139,-0.522384648843138,-6.43963778731683,-6.97092240939357,2.27992418093901,7.11387738258061,-3.89373143778287,0.584694172651508,-2.694637044556,0.354654399123995,5.17699199,0.10489205,-0.885,0.03340101,30.7939697948409,-12.0326964608444,1198.77200797154,0.0592492262474034,0.0420784353013057,7.26986635275032,0.1682841103513,-1.05949186632271,-914.135761756114,-917.243137887462,-930.006738229969,-932.286546234094,2.25112982125161,-970.469872287189,1.81573559486569,1877.82676664106,1897.17990880657,NA,2385.51131948224,0.520637098751085,1.05632237243989
"930",-5.76,0.83,-5.86,0.83,1.359326,9.604077,-1.1484446,0.2002995,35,35,-5.00254702245212,0.723051087584848,-5.01198876738518,0.789263043694662,1.34147188389763,8.99751552480927,-1.20162201957972,0.221727497107297,1.34147188389763,8.12183868782373,-5.00726789491865,0.756157065639755,1.34147188389763,8.99753781144613,-1.20177830868,0.222823502890268,1.34147188389763,8.22580022158616,2.60624067437495,0.0732314197370568,-0.419300015924478,-6.65253697660331,-6.26750502068961,2.17793383038286,7.8109952557803,-3.55293232605349,0.521881708034784,-3.75554814367064,0.59205014323269,3.9456219,0.09210159,-0.816,0.02986043,54.0572198681544,-58.5591966074715,1198.65667951452,0.623710035115431,0.607964157739761,7.05673220522024,0.171504247106329,-1.06302624896082,-907.736137360739,-908.278367211183,-921.999899699371,-922.793177273922,0.774995539581472,-962.14217292541,0.919328796705022,1865.02751785032,1881.16623174537,NA,2338.75416242157,0.433660065902672,1.02344638382567
"931",-5.76,0.83,-5.86,0.83,1.359326,9.604077,-1.1484446,0.2002995,35,35,-5.88756828508859,0.849007131338545,-6.6984861119872,0.9926372838171,1.16314164457046,8.94564245198613,-1.021989111991,0.164342796884047,1.16314164457046,9.08401719643334,-6.29302719853789,0.920822207577822,1.16314164457046,9.11003938248161,-1.05110717477225,0.169500202059301,1.16314164457046,9.12494341411799,2.35736872773179,0.0641517211789683,-0.370564501685919,-6.78714472417715,-6.74235126975623,1.68398212863012,10.5044279031547,-4.41288222257897,0.640703595648396,-4.44422805872912,0.65604057238239,5.13461308,0.11258945,-0.848,0.02263757,108.315645313285,-167.076047497732,1245.43061627658,0.970030405138633,0.969692688603559,7.15176939936692,0.153775423421173,-1.02404427341443,-874.618140975777,-875.410974625322,-894.072042634749,-894.3555643071,0.275979577220501,-908.460020452754,0.0123246208729284,1798.79152508039,1825.31051761613,NA,2323.78518505542,0.392138320083504,0.921430525031246
"932",-5.76,0.83,-5.86,0.83,1.359326,9.604077,-1.1484446,0.2002995,35,35,-6.57201595124211,0.960770117969702,-6.92712000673923,0.999612500007101,1.30972447200734,12.2267381465139,-1.2758930720482,0.1885852504387,1.30972447200734,11.2146904703294,-6.74956797899067,0.980191308988401,1.30972447200734,12.2582628690715,-1.27934134389486,0.188962433099285,1.30972447200734,11.2274718463204,2.94466502571858,0.0728551582450592,-0.441162626993106,-6.80573743686939,-6.92942863142361,1.87082155076978,13.6102301438266,-5.34383438787988,0.776288831839494,-4.71720914588356,0.680647920109969,6.83200082,0.10072525,-0.835,0.02208066,112.47457034023,-175.393897551624,1349.97752730357,0.681477527509486,0.555408323709812,8.37857756144368,0.181308284185863,-1.20165739216946,-911.364103921874,-911.437812771348,-936.569749921433,-936.642959189036,0.0711547762503691,-942.602678760637,0.0666093365144663,1872.28345097259,1910.30593218949,NA,2524.56115705552,0.456737702225349,1.0904198252786
"933",-5.76,0.83,-5.86,0.83,1.359326,9.604077,-1.1484446,0.2002995,35,35,-6.09368323260763,0.842977490778095,-6.20593669103607,0.889288109282036,1.26887849244618,10.3053033203866,-1.0605799849084,0.142805628552199,1.26887849244618,8.54956677354455,-6.14980996182185,0.866132800030066,1.26887849244618,10.3084535301189,-1.06187961668066,0.143341796898754,1.26887849244618,8.5717918407871,3.23199653122696,0.0803413170486385,-0.497370778247883,-7.02918270986639,-6.86552948703844,1.74673146784846,10.6942001872759,-3.97755212536928,0.544319600671284,-4.42923848675411,0.640035662051586,4.62446087,0.07795367,-0.84,0.0252545,94.2220299031432,-138.888816677449,1255.28365393608,0.515920501590274,0.469219566035862,9.24229579644193,0.180164359608511,-1.26526042171296,-886.784290985054,-887.01208721593,-911.577277741911,-911.740002100463,0.158258966959641,-917.995982242644,0.156026877671322,1823.12382509894,1860.32098783045,NA,2371.67849119472,0.457310000324121,1.11675539573036
"934",-5.76,0.83,-5.86,0.83,1.359326,9.604077,-1.1484446,0.2002995,35,35,-6.42969106963533,0.899124903488144,-6.07443600245669,0.90256355013708,1.23469504799524,9.8128503493773,-1.20514801887443,0.204173994812787,1.23469504799524,9.12379255219531,-6.25206353604601,0.900844226812612,1.23469504799524,9.84440189006631,-1.20484261971286,0.204176950885481,1.23469504799524,9.22386611464234,2.57800527113868,0.0698529807451332,-0.405972505025499,-7.03067879122311,-6.65493715712806,1.86884697733335,9.77393828956491,-4.86967415126739,0.677698701750062,-4.74378082382725,0.710012180101256,5.6702135,0.1281041,-0.858,0.0237371,99.8564085263499,-150.157573923862,1269.70205577792,0.567959957502849,0.560678708864777,6.92160167298807,0.146533565976354,-0.975138890658221,-892.624792515194,-893.051774758023,-908.973949542444,-909.662501082282,0.672179147420622,-931.683239152346,0.834405916377821,1834.80482815922,1855.11433143152,NA,2389.24653763197,0.421274284718758,0.91593486713713
"935",-5.76,0.83,-5.86,0.83,1.359326,9.604077,-1.1484446,0.2002995,35,35,-6.15752654039183,0.876776748044673,-5.86031356417972,0.790012347781369,1.2088791620559,8.55264386614484,-0.883710905942068,0.161103040185276,1.2088791620559,12.0160929678211,-6.00892005228577,0.833394547913021,1.2088791620559,8.57472775445205,-0.890157782349947,0.162985055473539,1.2088791620559,12.0648717133676,3.10202120124955,0.08040793087515,-0.484416236510034,-6.8916587890838,-7.11136565763282,1.77408802747125,14.4426386116427,-4.2378000400026,0.614792867773789,-3.96964700855676,0.529198413378648,4.44792745,0.12618182,-0.806,0.02231388,110.428946910737,-171.302650692636,1320.74492934504,0.622129207023384,0.585379388257725,8.22861055183711,0.154988289953758,-1.08438125364786,-893.268867737441,-893.636445566316,-921.387873544881,-921.649713259115,0.254834895952467,-931.534709499476,0.209670608947301,1836.09297860372,1879.94217943639,NA,2470.18720799744,0.464520908005799,1.06818435895861
"936",-5.76,0.83,-5.86,0.83,1.359326,9.604077,-1.1484446,0.2002995,35,35,-5.60976808975784,0.721371061454286,-6.86355165589958,0.950481848094749,1.36840903927629,8.41727953694237,-0.893926572947782,0.157288827088202,1.36840903927629,9.58663741571834,-6.23665987282871,0.835926454774517,1.36840903927629,8.81027284462413,-0.965740407726685,0.170411765226954,1.36840903927629,9.67979484014693,3.0009521641652,0.0752375755535528,-0.463142996261468,-7.26976720485488,-7.15856799114817,1.95314382727178,11.701992226199,-4.25234897815146,0.566456853982698,-5.68516310117625,0.780444147309977,4.6283601,0.0871927,-0.781,0.0243479,101.761489513254,-153.96773589767,1350.3175526507,0.134079872907615,0.106327596753985,7.80153597338347,0.162909385030952,-1.08935800568058,-912.415857696755,-914.334748843493,-937.295313257252,-937.908585981327,0.598367981483808,-948.254312895656,0.0593122400072395,1874.38695852235,1911.75705886113,NA,2546.66736940372,0.4297334631834,1.03362713008422
"937",-5.76,0.83,-5.86,0.83,1.359326,9.604077,-1.1484446,0.2002995,35,35,-5.46274959144794,0.75827787922366,-5.77099908689881,0.77568035220138,1.2111962185644,9.90252652939209,-1.15931769568694,0.187920291612801,1.2111962185644,9.35156106290314,-5.61687433917337,0.76697911571252,1.2111962185644,9.92628096725352,-1.16065877156569,0.187996003129237,1.2111962185644,9.3823495041397,2.62160526195589,0.0725499122801207,-0.420987596679664,-6.90286743664538,-7.10743750132967,1.92916511040253,9.63842031426991,-4.18274905672785,0.591890010646323,-4.11663852829996,0.551975298063515,6.45180882,0.12961274,-0.889,0.02504795,87.2258216823138,-124.89640023579,1253.86680035707,0.765186780242842,0.73781768743721,5.73741591079746,0.116572618388489,-0.779160945258628,-887.53918457428,-887.671159763625,-905.823572768875,-906.031463360828,0.202251041303269,-939.02279587692,0.242652395172041,1824.6336122774,1848.81357788438,NA,2382.83720047834,0.421516680008472,0.792251763536098
"938",-5.76,0.83,-5.86,0.83,1.359326,9.604077,-1.1484446,0.2002995,35,35,-6.15777698939034,0.859881067136824,-7.00841169807543,0.978449792579756,1.24507007225363,10.2497018242786,-1.29462925473519,0.221481918758471,1.24507007225363,9.12911460582139,-6.58309434373288,0.91916542985829,1.24507007225363,10.4305966761836,-1.31984392304177,0.224996554421761,1.24507007225363,9.16882843395569,2.80409983913053,0.0710916522407105,-0.426404829000868,-6.99256933283908,-7.1368022573421,1.93114316685274,9.3773079313481,-4.28651839771935,0.592890790544458,-5.2013645410216,0.737193883385035,5.24305641,0.1093479,-0.843,0.02312739,108.976160413561,-168.397077698285,1307.39537044199,0.415657765480867,0.38028811298132,8.87813767721945,0.192406428413334,-1.27830565603053,-896.120520204519,-896.611915538123,-911.060848819314,-911.334765394138,0.266611685050953,-938.404108300856,0.123531184175795,1841.79628353788,1859.28812998526,NA,2446.3936631857,0.43822650614255,1.141012057795
"939",-5.76,0.83,-5.86,0.83,1.359326,9.604077,-1.1484446,0.2002995,35,35,-5.80653223343703,0.864835013615188,-5.25410123820386,0.751441501417081,1.25880683247583,11.2171891991038,-1.34492013448044,0.21668195487691,1.25880683247583,9.54576713187973,-5.53031673582045,0.808138257516135,1.25880683247583,11.2934842002273,-1.36058065717958,0.219896477029065,1.25880683247583,9.5790077379611,2.69555429751913,0.07672841620029,-0.439341445416826,-6.61181024569949,-6.73494845332469,2.01948341420325,9.61604298088863,-4.16464573059457,0.629163660443636,-3.54896147720297,0.51422612893205,5.61834283,0.12542898,-0.854,0.02503648,82.6251834044729,-115.695123680108,1240.35568487272,0.562798814288224,0.529744213400833,7.84270496791442,0.166402785742894,-1.11376518517456,-899.825380336875,-900.27364775032,-916.570857369057,-916.791152672601,0.214338244460159,-950.158930445428,0.084164637667592,1849.20600380259,1870.30814708474,NA,2365.01624606532,0.44265850002795,1.01004189356194
"940",-5.76,0.83,-5.86,0.83,1.359326,9.604077,-1.1484446,0.2002995,35,35,-7.58775806318943,1.11713166518987,-5.33770872590788,0.834236006443307,1.34069192914325,5.54270976675785,-0.461640017593033,0.0781124555590734,1.34069192914325,7.86576652932419,-6.46273339454866,0.975683835816586,1.34069192914325,6.80839027180814,-0.620772314963664,0.0981199439934859,1.34069192914325,8.20649746208002,2.84382168711529,0.0754972643072433,-0.445317490996663,-6.88991791212731,-6.32528770480105,1.63319347659983,11.8846045967546,-6.16661128238094,0.900985774829846,-3.82296594689309,0.601850504311961,3.63596088,0.06111006,-0.738,0.02380595,108.247093563099,-166.938943997361,1271.546530805,0.00285720096445975,0.00209431860548173,7.78562432608314,0.164179769806416,-1.10149160117045,-888.360087204587,-893.478930163951,-919.864231662991,-922.504077118933,2.61338975606468,-904.922676870703,1.80287844817978,1826.27541753801,1876.89489567261,NA,2376.15411761263,0.449516501694731,1.00244859059818
"941",-5.76,0.83,-5.86,0.83,1.359326,9.604077,-1.1484446,0.2002995,35,35,-5.37474939868321,0.705467654588511,-6.35212807667703,0.826203828214447,1.19837217005548,13.4254952933541,-1.62399985714994,0.274079729687048,1.19837217005548,13.1406621152652,-5.86343873768012,0.765835741401479,1.19837217005548,13.6643125634034,-1.65350109759108,0.277724035592505,1.19837217005548,13.2163220676796,3.24424767643038,0.0779174675536715,-0.487766545325232,-7.12949689656491,-7.38756069497248,2.18380643419678,11.7393404822893,-3.97758787192615,0.537590736398062,-4.89634666309371,0.637568632517929,8.60867652,0.18256807,-0.878,0.02017965,122.552974433993,-195.550705739149,1362.32456874074,0.53455486665019,0.509694527737043,7.2124412582818,0.135098532108957,-0.942535197246457,-906.473346058128,-906.99321303332,-925.049902401868,-925.423440659855,0.363835633879317,-975.706211222992,0.284865625009511,1862.50193524509,1887.26623715036,NA,2529.09843174234,0.459351977334797,0.954493776441921
"942",-5.76,0.83,-5.86,0.83,1.359326,9.604077,-1.1484446,0.2002995,35,35,-6.05368996620486,0.950967651823375,-4.58060857778394,0.683965427794925,1.30106551733586,8.83722573383479,-0.939450792382292,0.159549826291036,1.30106551733586,9.98465384263163,-5.3171492719944,0.81746653980915,1.30106551733586,9.37971792806283,-1.03777979410312,0.17737237320007,1.30106551733586,10.1157361281455,3.44437161188296,0.0910549776401455,-0.542818724593147,-6.34581200854963,-6.46346077877462,1.925385590025,11.6965583088917,-4.64986881035588,0.735177059297411,-3.57470788788695,0.5439433905229,5.54727495,0.13083333,-0.818,0.02611897,72.7846512632262,-96.0140593976151,1259.43337583998,0.255309894245969,0.185572618376266,5.75334182971041,0.127668668927442,-0.828034872460027,-902.912920753561,-905.521180582659,-927.514796397952,-928.345177002054,0.811458926484244,-944.732397056565,0.067377984634412,1855.38108463596,1892.19602514253,NA,2422.85269228234,0.525178383871184,0.788116751341207
"943",-5.76,0.83,-5.86,0.83,1.359326,9.604077,-1.1484446,0.2002995,35,35,-4.68984885905672,0.685556891686029,-5.88566006548336,0.827284468343722,1.44442576370408,6.47579455519077,-0.641472368453555,0.103952157760335,1.44442576370408,6.75106420922586,-5.28775446227004,0.756420680014875,1.44442576370408,6.83328566554465,-0.683842224560296,0.108973834256651,1.44442576370408,6.85678718667288,2.87509732540599,0.0724922058525591,-0.440740576201836,-6.56321953000702,-6.91465450952562,1.94314709392323,8.82893104735074,-3.03956543450341,0.446017788794968,-4.57761678864636,0.636616870635614,3.71607663,0.06330696,-0.798,0.03011687,59.9065915556918,-70.2579399825461,1208.95402553158,0.0696176823360381,0.0470113872932456,7.06166531307569,0.150231356243877,-0.998856313497766,-904.541685549253,-905.826017721992,-928.71739442757,-929.66572759967,0.927506503925045,-938.022111379369,0.769528958876547,1858.63861422734,1894.60122120177,NA,2347.6501110806,0.429535822399016,0.93096916934627
"944",-5.76,0.83,-5.86,0.83,1.359326,9.604077,-1.1484446,0.2002995,35,35,-5.67757562852793,0.83772398477659,-6.74745366997197,0.995849432788118,1.34917209055261,4.94688901141721,-0.49656301440105,0.104220401928624,1.34917209055261,7.767191235423,-6.21251464924995,0.916786708782354,1.34917209055261,5.23304876730824,-0.538856750556309,0.110471316255836,1.34917209055261,7.81897198116766,2.92479754541864,0.0795548148329019,-0.465021059837421,-6.64437413509489,-6.77218167537885,1.69703977863529,11.0532054300346,-4.3237507348123,0.62970904592652,-5.29706261167532,0.777614630198937,4.27074864,0.06433741,-0.815,0.0262454,89.8122053925171,-130.069167656197,1253.00353618412,0.30743150100705,0.250242846237044,5.71647608142779,0.149145641753548,-0.888524797899485,-893.018126023314,-894.379321501643,-920.626364079635,-921.038581643203,0.401621296500282,-911.983383010028,0.0950310075830006,1835.59149517546,1878.4191605059,NA,2375.93790471205,0.465938594938569,0.887235372254225
"945",-5.76,0.83,-5.86,0.83,1.359326,9.604077,-1.1484446,0.2002995,35,35,-4.81728784663271,0.6785330622121,-5.67353866010027,0.793996366902311,1.29494511745893,12.7522925105319,-1.41442220161466,0.204374559438352,1.29494511745893,9.92492905539621,-5.24541325336649,0.736264714557205,1.29494511745893,12.9355838744229,-1.43913858875632,0.207707503120848,1.29494511745893,9.96695993710615,3.40354008619226,0.0926626256177449,-0.547727428381837,-6.73250467603364,-6.90085499857469,2.11653451563711,10.0396499067775,-3.60172184769168,0.510627733233664,-3.95771983892592,0.561841544624094,7.82843729,0.13713106,-0.896,0.02752834,62.849640336571,-76.1440375443047,1259.30560227644,0.905870027336188,0.890585896761131,6.82819950151768,0.133397832260361,-0.922002319652828,-905.136408150468,-905.574873428446,-925.977925481206,-926.246715930105,0.261612678836038,-963.028269524303,0.144342495913285,1859.82805942977,1889.12228330904,NA,2442.46716700857,0.51854225935517,0.87820761521979
"946",-5.76,0.83,-5.86,0.83,1.359326,9.604077,-1.1484446,0.2002995,35,35,-6.21300451364694,0.868111261274593,-5.34017548238964,0.858845367432759,1.54321058472076,9.65929610544255,-1.00461560657693,0.154629980866212,1.54321058472076,8.09698612521203,-5.77658999801829,0.863478314353676,1.54321058472076,9.84975373489396,-1.00663749186336,0.154651445063384,1.54321058472076,8.476155344788,3.36594708729657,0.0832718424473993,-0.506967307608062,-6.99876349014866,-6.18113825666738,2.05670318302945,10.5644875153818,-4.18567734036734,0.573425857597783,-4.19698951460595,0.683763024766961,5.7932326,0.1036287,-0.86,0.0253187,87.5667826257993,-125.578322122761,1282.14151091505,0.0485192439188776,0.0450846894365459,7.05201484612832,0.155653685363268,-0.98499234344916,-932.814673505621,-934.499272340573,-956.132837899227,-958.991324021067,2.83429111315316,-957.62830014715,3.34470270877687,1915.18459014008,1949.43210814508,NA,2438.70469970735,0.511765792464207,1.06653792543053
"947",-5.76,0.83,-5.86,0.83,1.359326,9.604077,-1.1484446,0.2002995,35,35,-6.14502846642291,0.841859362426426,-5.47662635314558,0.783785304159707,1.44092078955895,7.87029079680618,-0.905939164122655,0.182040649908604,1.44092078955895,9.71461633779614,-5.81082740978424,0.812822333293067,1.44092078955895,7.98198114306458,-0.915643369940672,0.182883798969496,1.44092078955895,9.7829414154903,2.11209955761688,0.0565158162691025,-0.332480631059372,-7.08718946306305,-6.76477756112563,2.0866602111631,11.5561237592571,-4.48569804198278,0.619103770311527,-3.54717180397835,0.513613631709605,3.81352202,0.11714866,-0.812,0.02749975,72.2519630777006,-94.9486830265638,1311.04430105998,0.311237768375687,0.222011023916058,9.07282150030996,0.17397441500921,-1.20396417577928,-926.350118627922,-926.776010830026,-950.786673699282,-951.231633224245,0.433623112272682,-964.050555286377,0.472130187783338,1902.25548038468,1938.73977974519,NA,2527.13991909339,0.334283493295133,1.19512669892066
"948",-5.76,0.83,-5.86,0.83,1.359326,9.604077,-1.1484446,0.2002995,35,35,-6.02263185392718,0.794563547291775,-5.56793779787218,0.766331148563366,1.41870435172434,7.45037555803818,-1.00483292227875,0.201931566038092,1.41870435172434,7.79013888144815,-5.79528482589968,0.780447347927571,1.41870435172434,7.50206222919112,-1.00804219825125,0.202130833122582,1.41870435172434,7.84200996455137,3.27982421608019,0.0902896909904028,-0.531430080988713,-7.24656907841033,-6.96007634828665,2.16049582233537,8.22581041518988,-4.06744064578262,0.543900935583119,-4.12922562272567,0.572201750778916,3.52259957,0.10311288,-0.822,0.02948151,63.1325284932364,-76.7098138576353,1286.42649434593,0.914164138203724,0.921906940673127,8.16830320938315,0.164889545257541,-1.11968746651126,-915.851885882426,-916.178373425496,-933.121303625756,-933.533163385302,0.401271663461792,-961.782804497888,0.490022720078802,1881.25901489369,1903.40903959814,NA,2496.14317483422,0.501780637815627,1.07135653822895
"949",-5.76,0.83,-5.86,0.83,1.359326,9.604077,-1.1484446,0.2002995,35,35,-5.41707407319448,0.751176723006424,-5.61414660877494,0.796306495233376,1.48400387824925,11.1988049072157,-1.30223931792554,0.204437685686812,1.48400387824925,8.15491897061705,-5.51561034098471,0.7737416091199,1.48400387824925,11.2085143032857,-1.30446277758627,0.204946859772126,1.48400387824925,8.16100862219017,3.36666530885175,0.0843115482615178,-0.519645283214057,-6.89949876956934,-6.82769980044434,2.24299829004602,8.83198360271714,-3.16850326331248,0.445938077955134,-3.6814374435733,0.526750618657342,4.16108767,0.0880619,-0.842,0.03392672,29.2718970143507,-8.98855089986394,1255.61704184747,0.719401176378824,0.67972208168528,10.7969010819959,0.215384281278339,-1.48007797324586,-929.507793144358,-929.589823510767,-946.992494916772,-947.039041904214,0.0452321105518489,-973.191611759032,0.0278171921759844,1908.57082941755,1931.15142218017,NA,2502.24553279508,0.480364216768535,1.37508535254817
"950",-5.76,0.83,-5.86,0.83,1.359326,9.604077,-1.1484446,0.2002995,35,35,-5.82107912835669,0.803204206494365,-5.82423001719084,0.775997977885572,1.47905697661012,7.13789103369753,-0.805855307943893,0.130940058802867,1.47905697661012,5.95375840392549,-5.82265457277376,0.789601092189968,1.47905697661012,7.13789351572264,-0.805833876993407,0.131125103521646,1.47905697661012,5.97102331336353,2.72957857661759,0.0771470406015871,-0.446772717110225,-6.99353754125257,-7.15877609998722,1.9987817520541,7.38657827790393,-3.83220093303756,0.526100608936772,-4.27977688765809,0.575777814782054,3.54047082,0.0849489,-0.845,0.02991361,65.0524650440028,-80.5496869591683,1234.89304211192,0.756227797373534,0.716041955556634,7.99365179230312,0.1523118749972,-1.07444517889958,-909.191487024041,-909.325365463968,-926.923794784766,-927.097376576494,0.168831554620017,-939.383800800994,0.193829366847503,1867.93821717692,1891.01402191616,NA,2389.23639726468,0.432351617449733,0.98559954642826
"951",-5.76,0.83,-5.86,0.83,1.359326,9.604077,-1.1484446,0.2002995,35,35,-5.31240068888431,0.798768249044302,-5.69876632310142,0.838657384793773,1.39174589628655,6.89751794539306,-0.963904476746277,0.189669908162303,1.39174589628655,6.60429882717737,-5.50558350599287,0.818712816919037,1.39174589628655,6.93483754621906,-0.967757424554331,0.190067693950013,1.39174589628655,6.62074448805886,2.42900836647783,0.0695831375681462,-0.397984623850246,-6.51128738837579,-6.66000387390176,2.05234122246045,6.99212760225224,-3.63938490284024,0.552226693398786,-3.52086548431406,0.511302065592588,2.69388884,0.09494677,-0.854,0.03286402,44.6896784731491,-39.8241138174609,1189.45280268548,0.847524504365695,0.833358415551558,8.73659436500978,0.1960178208828,-1.27191041837778,-904.102846488162,-904.271893691706,-918.276796719809,-918.428020816266,0.147062203282312,-944.176270833706,0.160454983843328,1857.76093610516,1873.72002578625,NA,2339.08149155349,0.397978823319687,1.17577287506961
"952",-5.76,0.83,-5.86,0.83,1.359326,9.604077,-1.1484446,0.2002995,35,35,-5.76616392184388,0.792496863350708,-6.44547840635107,0.824975743248535,1.37741888648825,11.859382606309,-1.48952398364852,0.240193627409411,1.37741888648825,8.24967988222344,-6.10582116409747,0.808736303299622,1.37741888648825,11.9747496485243,-1.49503982703731,0.240457346819266,1.37741888648825,8.40130947527358,3.32859189001126,0.0882431314991598,-0.526766308851875,-7.00241391445249,-7.4882276370821,2.19834258469579,8.02202027582799,-4.18419821428491,0.581025096126808,-4.81997606294233,0.621796486278069,8.04173729,0.17834049,-0.924,0.02467818,91.4006705130849,-133.246097897333,1307.16578958162,0.392904348639859,0.373420748751348,7.49294739198217,0.140839984588952,-0.982993358948238,-916.33628799803,-917.071310481336,-929.452894375809,-930.591097305706,1.11472099128807,-965.255679224962,1.41607855475714,1882.2278191249,1896.07222109825,NA,2481.08548126591,0.503144789399694,0.984916535609878
"953",-5.76,0.83,-5.86,0.83,1.359326,9.604077,-1.1484446,0.2002995,35,35,-5.97697909753983,0.81798695093016,-6.23485819403809,0.964944960970487,1.40350046745472,8.69742552959726,-0.730933023991209,0.108997735012626,1.40350046745472,10.3084452335127,-6.10591864578896,0.891465955950323,1.40350046745472,8.71405093669998,-0.740407373704309,0.114396899191379,1.40350046745472,10.5804871595955,2.78651078098695,0.0717683071616336,-0.433357546148218,-7.06136574441526,-6.44370704539004,1.77738737365623,14.9793080072461,-4.30006165638857,0.594060033573712,-4.54404465849896,0.708644365897099,4.43221063,0.06980683,-0.757,0.02655472,80.9052853401367,-112.255327551436,1325.35145352971,0.203506410881202,0.19625822030904,7.88220122166922,0.164997539682814,-1.08409358903554,-913.641898100891,-915.601694579413,-948.1158833581,-949.779904313378,1.63584388407458,-933.185600545545,1.59846829781046,1876.83903933062,1933.39819906283,NA,2538.44757950799,0.416740448960132,1.1134988871964
"954",-5.76,0.83,-5.86,0.83,1.359326,9.604077,-1.1484446,0.2002995,35,35,-6.01187435643785,0.825310368457792,-4.9917176698229,0.737873927948963,1.30559586054598,7.90096008476919,-0.836943970695651,0.136959802602447,1.30559586054598,8.41111461064673,-5.50179601313037,0.781592148203378,1.30559586054598,8.16114000108048,-0.859243688055374,0.138871085384661,1.30559586054598,8.59116263547912,2.4963399014864,0.0646962948810855,-0.384766852572029,-7.05262997676303,-6.55339697678832,1.85845006775213,10.2101957968234,-4.11029099109447,0.557095702958614,-3.47568097339934,0.521184629395208,4.50997709,0.09882976,-0.831,0.02652661,78.0966589484738,-106.63807476811,1238.09793854162,0.362707826297189,0.36206050102938,7.00185642232465,0.13601901198906,-0.9426944876748,-894.374476727102,-895.385555162741,-917.543865000233,-918.870415366763,1.30093683852831,-931.705707523179,1.42360477624646,1838.30419658304,1872.25416234709,NA,2369.55780231513,0.39287374075115,0.898760642688046
"955",-5.76,0.83,-5.86,0.83,1.359326,9.604077,-1.1484446,0.2002995,35,35,-5.8728513086822,0.855866080901181,-6.18598413686346,0.861915829952743,1.30523397222798,8.96609218322494,-0.842471665719658,0.138091034236884,1.30523397222798,11.2083670208659,-6.02941772277283,0.858890955426962,1.30523397222798,8.99060522524613,-0.842945259477232,0.138100184102781,1.30523397222798,11.2599001899188,2.66204085630602,0.0616227626795023,-0.39169837696614,-6.73156390116567,-7.00865388999015,1.77345570997997,14.8499389906665,-4.13180780798846,0.599954162380954,-4.01716812624251,0.562766844378596,4.07187238,0.06820367,-0.758,0.02556181,88.1250039354713,-126.694764742105,1310.90270453727,0.871005896265977,0.84485280819419,9.22457210021462,0.197889508146735,-1.29813875217616,-905.002294764467,-905.170102256507,-935.692055807175,-935.98691339855,0.287037200766413,-932.358534374864,0.325042904334442,1859.55983265777,1908.55054396098,NA,2495.11064433243,0.372618719137765,1.26750070526954
"956",-5.76,0.83,-5.86,0.83,1.359326,9.604077,-1.1484446,0.2002995,35,35,-5.49384418197758,0.796144022954668,-5.62705533324964,0.816049445026067,1.23120376200665,8.37705324881148,-0.904338884951068,0.180447811256572,1.23120376200665,12.6919359610047,-5.56044975761361,0.806096733990368,1.23120376200665,8.38148955151729,-0.905001790998742,0.180546867713532,1.23120376200665,12.6928030756684,3.28720844907577,0.0861486808754235,-0.519635266282714,-6.7083653414406,-6.72298513893362,1.87761306462088,14.5919769295249,-4.21941741014829,0.618088746094828,-3.9712111781029,0.57585129970831,4.87426806,0.10742041,-0.743,0.01885579,141.163651582951,-232.772060037065,1308.74303919125,0.921429443437768,0.90530693914415,6.32371484698648,0.146405774829526,-0.925537136125245,-901.042712473121,-901.0583088436,-929.414502297764,-929.418935279681,0.00430646165016519,-945.766682461708,0.000868805163639258,1851.64066807508,1895.99543694216,NA,2384.71401834544,0.483260872994968,0.904270844282811
"957",-5.76,0.83,-5.86,0.83,1.359326,9.604077,-1.1484446,0.2002995,35,35,-6.60294695117974,0.90526970432393,-5.39403120676237,0.747302344114759,1.20258482305458,10.3221704380345,-1.44163747425739,0.264624039248375,1.20258482305458,9.34012374753801,-5.99848907897106,0.826286024219344,1.20258482305458,10.6875397573095,-1.48937978147262,0.270862460971238,1.20258482305458,9.43841481481599,3.05806501251935,0.0835401201837854,-0.490996787533438,-7.16732553947687,-6.89953845000147,2.09462501211293,8.05286421708687,-5.10878048217053,0.716208207872823,-3.93892110972481,0.546189676107474,7.10344692,0.1733173,-0.892,0.02398105,94.534239807873,-139.513236486909,1288.07024526659,0.364322740013196,0.360700276699677,6.49702675766793,0.139952869381797,-0.923000446964304,-892.000678813787,-893.006467599127,-903.998058411211,-904.660321159842,0.646393867045794,-953.534486773143,0.450022201371548,1833.55660075641,1845.16254916905,NA,2436.62725404628,0.47471093146009,0.868830047879455
"958",-5.76,0.83,-5.86,0.83,1.359326,9.604077,-1.1484446,0.2002995,35,35,-6.33667510467228,0.892423671313203,-5.59682168979953,0.790545540466935,1.49013058029704,12.1455085356384,-1.5466013724302,0.260915054751722,1.49013058029704,8.55146297732184,-5.9667483972359,0.841484605890069,1.49013058029704,12.2823543045131,-1.56544509318207,0.263509843137904,1.49013058029704,8.57731233679317,2.99120127261702,0.0814307539589642,-0.479217550086114,-6.97758703348175,-6.8446971592062,2.3454210071361,8.52360162196888,-4.32775585560069,0.614342071753556,-3.79619750309509,0.527407745728982,7.24989711,0.14484072,-0.898,0.03064708,43.8751869238898,-38.1951307189423,1304.72315435276,0.765810054620218,0.758602596425867,8.9867815428147,0.201212191173323,-1.29969463565583,-937.253501095676,-937.565687690539,-950.970104363134,-951.159291201779,0.184030074578538,-983.015845068804,0.0940824701846661,1924.06224532019,1939.1066410729,NA,2571.25117798659,0.4638047676292,1.23560127331704
"959",-5.76,0.83,-5.86,0.83,1.359326,9.604077,-1.1484446,0.2002995,35,35,-5.84363666301342,0.935212494629931,-6.59604731124551,0.951722549957103,1.42181311462292,8.05239881114263,-0.956247876674225,0.159323119153452,1.42181311462292,6.69082753460195,-6.21984198712947,0.943467522293517,1.42181311462292,8.19392925703589,-0.959353462031992,0.159391264635178,1.42181311462292,6.9545135518859,2.42278520836033,0.0611708209640785,-0.372107197263342,-6.22962385495765,-6.88367186585437,1.90359222225891,8.25375903433534,-4.26377565344594,0.682839198052252,-4.93083414600443,0.714446540544293,4.79403185,0.07916651,-0.856,0.02835977,72.4801097001167,-95.4049762713961,1244.5639847726,0.2705038002943,0.256773982355729,7.28059649417885,0.173700284424644,-1.08626858502467,-907.95113186309,-909.415370943445,-924.305428650898,-926.665207080822,2.33143300829939,-930.872898447786,2.8898420870521,1865.45750685502,1885.77728964842,NA,2393.7229932738,0.360606650430035,1.04419114942181
"960",-5.76,0.83,-5.86,0.83,1.359326,9.604077,-1.1484446,0.2002995,35,35,-5.07191809667914,0.732599847159989,-5.55615469312347,0.802425454225443,1.26210651996062,8.20367751118912,-0.993171205213071,0.172529518136772,1.26210651996062,8.1298790179547,-5.3140363949013,0.767512650692716,1.26210651996062,8.26229878152312,-1.00162423379058,0.173748421987287,1.26210651996062,8.14169215923251,3.0258255577303,0.085114008826248,-0.493518357296069,-6.66501901221237,-6.73325271052001,1.93712095673371,8.66187033561729,-3.34755666634051,0.478771565690831,-4.07827241140228,0.589479229561198,3.56629353,0.07621505,-0.813,0.02932333,62.8552201760846,-76.1551972233318,1198.60065127301,0.491201035775257,0.442061112656025,8.0144039084308,0.176034574680662,-1.15463968166772,-889.771782588884,-889.966472863732,-907.120183040058,-907.210697424031,0.0879851316004859,-936.661127709184,0.0296023942845611,1829.0988083066,1851.40679842674,NA,2321.04610532268,0.479450666807657,1.0646273367475
"961",-5.76,0.83,-5.86,0.83,1.359326,9.604077,-1.1484446,0.2002995,35,35,-6.32199948813856,0.875549093284946,-5.32068081577671,0.778930525640598,1.56552005479413,12.1910036105809,-1.41309793749844,0.219355724743024,1.56552005479413,8.26387515051814,-5.82134015195764,0.827239809462772,1.56552005479413,12.441663381486,-1.43728443146823,0.221689511646436,1.56552005479413,8.37841033533337,2.3007122259864,0.0594723796996169,-0.352288087137667,-7.06344578620899,-6.63775553790349,2.31087150445954,9.18666296260893,-4.21363607365917,0.577601324948005,-3.22407694241216,0.480877721722481,3.605905,0.07009871,-0.803,0.03213486,46.1481379797942,-42.7410328307511,1285.30807087941,0.239782638002275,0.236717771185984,12.9798946005293,0.266591876907235,-1.80909377111444,-943.334414267142,-943.998644055507,-960.921880025734,-961.782028189772,0.840727281066595,-981.735715560831,0.916065715902429,1936.22407166312,1959.0101923981,NA,2527.87510892806,0.368476099964809,1.66171048254921
"962",-5.76,0.83,-5.86,0.83,1.359326,9.604077,-1.1484446,0.2002995,35,35,-4.76923217038616,0.833332748023637,-5.464382129132,0.767054502848427,1.67870037658436,5.89351950968265,-0.745526829997685,0.161511009471017,1.67870037658436,6.57427218600898,-5.11680714975908,0.800193625436032,1.67870037658436,6.01432787596873,-0.734008500147861,0.162609210916893,1.67870037658436,7.1993900256496,2.9175487536143,0.0775967731923614,-0.460654695797529,-5.7621925292077,-6.85221112189833,2.27884354665132,8.16237787904745,-3.37086239318753,0.60221253557962,-3.60782384032148,0.500883636916283,2.94851849,0.10153787,-0.781,0.03087299,49.609739323953,-49.6642355190687,1249.02998621105,0.0257577494308676,0.0226198905830762,7.38369141965649,0.173258606051912,-1.06265809365554,-943.099419637931,-946.427517211255,-963.927767496903,-969.478942403314,5.61215811257515,-974.607266114949,6.77161197127098,1935.7540824047,1965.02196734043,NA,2448.39573690303,0.449026196169468,1.16099423618481
"963",-5.76,0.83,-5.86,0.83,1.359326,9.604077,-1.1484446,0.2002995,35,35,-5.23432537934414,0.731020931338439,-5.39386725353051,0.771160298773561,1.25412382469023,10.6428957833073,-1.26647905860478,0.214950419737323,1.25412382469023,10.4033329209686,-5.31409631643733,0.751090615056,1.25412382469023,10.649259185712,-1.26808003608209,0.215353211941846,1.25412382469023,10.4106085511753,3.86012231171573,0.100580577022537,-0.608008822337393,-6.83683306676642,-6.75723497663094,2.07584742624964,10.3334951057671,-3.79960417619867,0.521698685340573,-3.97681616130873,0.571484879409591,6.68189575,0.12646698,-0.871,0.02504676,83.4835411817678,-117.411839234698,1259.21670915754,0.821137953231541,0.806826257882319,6.34535681481989,0.148901247419399,-0.931464745628719,-902.290495455842,-902.355500598319,-921.130387832923,-921.175035456163,0.0433858116292015,-959.192088899582,0.0320474120975597,1854.13623404052,1879.42720801247,NA,2401.02157908039,0.566557664088526,0.928555450284687
"964",-5.76,0.83,-5.86,0.83,1.359326,9.604077,-1.1484446,0.2002995,35,35,-6.33171699748849,0.912853917133862,-6.08250236920191,0.833047423756271,1.28441878323442,5.98602472924694,-0.74103543977038,0.143573441200207,1.28441878323442,7.13119771669316,-6.2071096833452,0.872950670445066,1.28441878323442,6.00155171198495,-0.746007676165868,0.145165710296514,1.28441878323442,7.17709069480411,2.19229249453025,0.0564997900746676,-0.338389221997061,-6.85091080842938,-7.07716261617511,1.76240515710403,8.67466666534984,-4.89512940027379,0.702316588110013,-4.58443333781477,0.634070991759558,5.17786967,0.09839321,-0.87,0.02548358,92.5264914360108,-135.497739743184,1244.73902894973,0.729991483440235,0.700811603322161,5.47899789389142,0.137670936143121,-0.836685272093539,-884.533309425493,-884.914137153952,-903.304502881922,-903.698476408365,0.383796166355404,-913.549222207419,0.357264045444001,1818.62186197982,1843.77543811047,NA,2353.98031815628,0.3381483046004,0.82324199479376
"965",-5.76,0.83,-5.86,0.83,1.359326,9.604077,-1.1484446,0.2002995,35,35,-5.56444003215388,0.8645337066946,-5.57880697335834,0.764181476233219,1.31794908344723,7.43108489700408,-0.990574307084174,0.206755086166847,1.31794908344723,9.27284866511934,-5.57162350275611,0.814357591463909,1.31794908344723,7.43113649925398,-0.990213868435481,0.20927272870649,1.31794908344723,9.53868859480856,2.4444320681599,0.0678614734574942,-0.389330279595133,-6.37151315308006,-6.98375271524552,2.04018824037763,9.82463256336876,-4.32045148209579,0.678911498270644,-4.02004987746311,0.540757589791436,4.83554207,0.10403938,-0.818,0.02481983,91.1804511947234,-132.80565926061,1261.24971648441,0.11730355604433,0.103928442892378,5.88168456656172,0.162123940943006,-0.925527152621242,-905.824132364789,-906.941287440351,-925.984003562002,-927.772416119724,1.7596983863148,-953.339042001433,2.0197905574573,1861.20350785842,1889.13443947063,NA,2389.6937737082,0.408615046520252,1.00752215082137
"966",-5.76,0.83,-5.86,0.83,1.359326,9.604077,-1.1484446,0.2002995,35,35,-6.47984750931068,1.01593323389645,-6.50187837409395,0.934514424020741,1.24885285312739,10.184798270521,-1.18708857920249,0.189781555437532,1.24885285312739,9.13169040897136,-6.49086294170231,0.975223828958598,1.24885285312739,10.1849196102718,-1.1866401475047,0.191438811087926,1.24885285312739,9.32365993637892,2.31625283830672,0.0686783128877921,-0.383204742139712,-6.38492142479556,-6.89202449008812,1.81794422071828,10.3771139472384,-4.6123202592244,0.725118771094964,-5.19981064459905,0.738410119930794,6.13807555,0.11599011,-0.884,0.02412668,99.6326657488506,-149.710088368864,1271.66896712635,0.234087674997653,0.213138089995715,7.27803686727801,0.165168724223434,-1.04876256602825,-893.636576334859,-894.663342896864,-911.821879635322,-913.135791274492,1.28842545881144,-926.824060723115,1.47954020545027,1836.82839579856,1860.81019161727,NA,2393.62784588384,0.402398491802408,1.05030378117291
"967",-5.76,0.83,-5.86,0.83,1.359326,9.604077,-1.1484446,0.2002995,35,35,-6.42432526444695,0.90960976733909,-6.62599439982514,0.966469197119736,1.43623685488084,7.55170261027535,-1.04711333805,0.206608610725159,1.43623685488084,7.14777022516651,-6.52515983213605,0.938039482229413,1.43623685488084,7.56187022031641,-1.04998003606049,0.207416859413904,1.43623685488084,7.16422168370739,3.12049228377508,0.0998281681423831,-0.546663356399833,-6.96284688037705,-6.82576224662617,2.06223151716307,7.87130138327087,-4.45647167275956,0.638269867205406,-4.30953751630992,0.623114002727988,3.58566498,0.11486996,-0.845,0.02981056,61.0084546300753,-72.4616661313133,1284.62850724613,0.96488528322131,0.947656204843662,9.73484505157779,0.210867327728712,-1.39735520199726,-915.84411609875,-915.977855655669,-930.818449566035,-930.959646606195,0.13730126769215,-949.0068549015,0.122236177357387,1881.24347532634,1898.8033314787,NA,2496.79534836094,0.542631120998493,1.26577806368292
"968",-5.76,0.83,-5.86,0.83,1.359326,9.604077,-1.1484446,0.2002995,35,35,-5.71096692623118,0.807418052192039,-5.10580538339472,0.761208760183636,1.27282188845482,11.0842689470762,-1.53805749892979,0.265035751017172,1.27282188845482,7.80417474107301,-5.40838615481295,0.784313406187837,1.27282188845482,11.1758240703083,-1.54504852054109,0.265569575684151,1.27282188845482,7.88270208233415,2.76180912959786,0.0773047203409251,-0.447571929397652,-6.85832033687638,-6.52846179825613,2.19760927039252,6.47509574369064,-3.99683086820789,0.565347718698681,-3.86452403616884,0.57074926382576,6.20151972,0.14917555,-0.902,0.02810029,62.1928124778491,-74.8303818268608,1204.3282185964,0.837265966504468,0.827762871782173,6.52018639853282,0.148366471189056,-0.955098088026738,-898.008693094322,-898.481518499404,-906.648618838,-907.270203989828,0.606514450564699,-958.590741920969,0.788197738547812,1845.57262931748,1850.46367002263,NA,2333.82605536594,0.442495080536768,0.888207795741285
"969",-5.76,0.83,-5.86,0.83,1.359326,9.604077,-1.1484446,0.2002995,35,35,-5.86547710616634,0.818341980010404,-4.815307396193,0.67383784908219,1.31304505387861,10.6793131673575,-1.37121326761777,0.238987515343323,1.31304505387861,9.14402394802605,-5.34039225117967,0.746089914546297,1.31304505387861,10.9550272722939,-1.40915173293448,0.244207876307153,1.31304505387861,9.20323448674248,3.01503396581109,0.0761662582319109,-0.467107036524163,-6.94774858165249,-6.75849709044251,2.22772176033658,8.46126340233391,-4.03438245183784,0.573119906138901,-3.19513814828845,0.467439110120407,4.02000662,0.1038181,-0.835,0.02944158,57.2847403810215,-65.0142376332056,1237.16366832431,0.422922924735468,0.376788989381269,9.57736700962693,0.1958844070513,-1.32609271927851,-909.583314753536,-910.293034048714,-924.187296929284,-924.594698193966,0.396915134797292,-970.172049309914,0.202215993432404,1868.72187263591,1885.5410262052,NA,2409.31309901541,0.43409011175868,1.24633607449149
"970",-5.76,0.83,-5.86,0.83,1.359326,9.604077,-1.1484446,0.2002995,35,35,-5.59775979654858,0.82513284915343,-6.06967095103873,0.831993026804429,1.38359580954618,9.43375774992269,-1.09605304915763,0.184024058105942,1.38359580954618,8.53256048748049,-5.83371537379365,0.828562937978929,1.38359580954618,9.48943278435576,-1.09686239774645,0.184035823615293,1.38359580954618,8.65013502009747,3.92191317863374,0.103612843130387,-0.628498121000052,-6.63957303095252,-7.0706130222049,2.01602218067398,9.77518898325888,-4.07814053520281,0.608822888289153,-4.49555724766864,0.618307696353362,5.97167209,0.13112384,-0.85,0.02205367,110.513319879219,-171.471396629601,1270.75306817181,0.545145400633606,0.555236123915997,6.59986111110763,0.136018920272141,-0.914861515232269,-913.67391063971,-914.195465017666,-932.65782984604,-933.515928265416,0.838711511818346,-950.259453745709,1.01779869566734,1876.90306440826,1902.48209203871,NA,2370.03473971402,0.557359322379194,0.871326785058184
"971",-5.76,0.83,-5.86,0.83,1.359326,9.604077,-1.1484446,0.2002995,35,35,-6.93361782221887,0.925539820886882,-7.01586120984003,0.936858124149417,1.30936123782385,10.2705399140432,-1.36238903740265,0.229169556630692,1.30936123782385,7.35995512268396,-6.97473951602945,0.931198972518149,1.30936123782385,10.272230907745,-1.36262175130325,0.229201582627877,1.30936123782385,7.36031916751901,3.22707113224287,0.0814296493406549,-0.49987477773912,-7.3772323013282,-7.3920441669464,2.00255900797172,7.24374376533688,-4.94546110915623,0.670688757337514,-5.47218409600344,0.731572871974739,6.18431395,0.14441944,-0.89,0.02349725,108.90972370973,-168.264204290622,1331.46318523708,0.78302599319824,0.695863480517259,8.68127187158599,0.169159995088978,-1.19003032056583,-899.503598912274,-899.508126383226,-909.958751726292,-909.96179989859,0.00296114613295329,-939.24512894821,0.00158145442740122,1848.56244095339,1857.08393579921,NA,2494.66216618353,0.463451975475907,1.04190940989331
"972",-5.76,0.83,-5.86,0.83,1.359326,9.604077,-1.1484446,0.2002995,35,35,-5.94030241790358,0.830370053426069,-6.08696568342909,0.79638501523021,1.55375851980552,9.8142365982312,-1.20704039696089,0.203901712235261,1.55375851980552,7.17922804050963,-6.01363405066634,0.813377534328139,1.55375851980552,9.81961412659485,-1.20579430779068,0.204190457940555,1.55375851980552,7.24952635362369,2.50789762380627,0.0643047941514946,-0.390376626190523,-6.95091374448151,-7.30005107327597,2.2620189663744,7.94692628752863,-3.95584730563605,0.550661733747121,-3.75132237166057,0.484643730268454,3.82185774,0.10166961,-0.833,0.03179675,47.2199540296647,-44.884664930492,1303.50787000388,0.688574856935729,0.704442334190744,11.3758511773231,0.226607407041018,-1.56737699711429,-935.221945196689,-935.621385016689,-950.357553057783,-950.95661392795,0.584442109705228,-971.958884528897,0.716752852162815,1919.99913352222,1937.88153846219,NA,2562.13107507726,0.369178615501005,1.41350510821807
"973",-5.76,0.83,-5.86,0.83,1.359326,9.604077,-1.1484446,0.2002995,35,35,-6.40499711525058,0.908476361232139,-6.32622527580289,0.914152596479205,1.34183551523362,8.37202141247891,-1.14255105758261,0.204545805081355,1.34183551523362,6.61947856993417,-6.36561119552674,0.911314478855672,1.34183551523362,8.37357266315141,-1.14243927570973,0.204553859993,1.34183551523362,6.62779809002287,3.6640042529142,0.0956505366710456,-0.580656539849842,-6.95027127147461,-6.83768189126323,1.97127643337116,6.84754061932288,-4.32037230552664,0.605705211031343,-4.49605655112386,0.657012180882821,4.64550183,0.13684589,-0.897,0.02708017,79.2822315666778,-109.009220004518,1240.15904261681,0.815243115704035,0.813042622589734,8.44341910535504,0.174223094066558,-1.18575790787787,-898.448069119191,-898.498325552345,-909.468860661468,-909.545250232798,0.074247517180959,-933.663798593103,0.0975125954356744,1846.45138136722,1856.10415366956,NA,2371.3088652291,0.527194271175871,1.05976399526646
"974",-5.76,0.83,-5.86,0.83,1.359326,9.604077,-1.1484446,0.2002995,35,35,-6.03489372064326,0.849304639317982,-5.46945638821141,0.811369083520892,1.34928830242009,11.2406896854435,-1.43642132809698,0.239999685339793,1.34928830242009,8.43898597150488,-5.75217505442733,0.830336861419437,1.34928830242009,11.3206195296704,-1.44178387296554,0.240359461938202,1.34928830242009,8.51606934285367,3.03149988594385,0.0870909429098126,-0.498217178340026,-6.93269768417641,-6.59327057660695,2.14682014898193,8.24880889287821,-4.21425400814817,0.580340993753268,-3.7303084787341,0.561525591967085,6.16490161,0.14791468,-0.889,0.02694271,69.4887848095372,-89.4223264902369,1254.84281184303,0.443776835334489,0.432650553551445,7.54288429427833,0.158887310318203,-1.06024210902742,-912.699650010127,-913.091083465139,-925.815711360039,-926.385043989236,0.555321224922031,-960.314196373616,0.690491822403528,1874.95454314909,1888.79785506671,NA,2420.26329719583,0.494878961849102,0.994669753753419
"975",-5.76,0.83,-5.86,0.83,1.359326,9.604077,-1.1484446,0.2002995,35,35,-5.1903845495709,0.697965895734779,-5.3972895799521,0.812974447150132,1.23780569560464,6.37920247810226,-0.707795589082516,0.148648509972097,1.23780569560464,10.1772076765497,-5.2938370647615,0.755470171442455,1.23780569560464,6.38990490100152,-0.71374455103869,0.151955251696761,1.23780569560464,10.3626637633635,2.09028440525984,0.0563552056934637,-0.325674363391561,-6.9898255854744,-6.51153942726428,1.86526454717071,11.7540949802915,-4.17234832013213,0.572487729791652,-3.8733201679919,0.592588873429426,3.64193144,0.08393995,-0.727,0.02375981,101.375696680112,-153.196150231387,1256.51422738465,0.472696530804224,0.452323134358775,5.63450381518862,0.131381153842687,-0.81997280022385,-889.474012324759,-890.389941891236,-916.519600453794,-917.671534179411,1.12827946552334,-937.11842348338,1.14428051717547,1828.50326777836,1870.20563325422,NA,2359.83230453791,0.350357725384631,0.838333597987214
"976",-5.76,0.83,-5.86,0.83,1.359326,9.604077,-1.1484446,0.2002995,35,35,-6.77766946296587,1.02380301391507,-5.46442133680159,0.777124562679363,1.34307524859971,5.8328812778603,-0.827046786927904,0.160655064162325,1.34307524859971,5.44297978781031,-6.12104539988373,0.900463788297219,1.34307524859971,6.2640364380788,-0.908034290390506,0.175867628738338,1.34307524859971,5.55960518853192,3.04725381359698,0.0764209890658376,-0.466508384278864,-6.63585726556132,-6.7922555189227,1.89356485127529,5.9220840712558,-4.47403454994684,0.677520519582316,-3.85473652216178,0.547372682123739,2.51277987,0.08361822,-0.862,0.03152034,61.4540661084817,-73.352889088126,1192.44218210391,0.381410126593217,0.360256465499445,8.95752974199515,0.204528407550947,-1.32287142459362,-885.816753562807,-888.003278493851,-897.954937404991,-899.210687242685,1.23087880301494,-919.417970655344,0.22207194964143,1821.18875025445,1833.07630715661,NA,2311.5314751197,0.451080316001743,1.19055177843895
"977",-5.76,0.83,-5.86,0.83,1.359326,9.604077,-1.1484446,0.2002995,35,35,-5.43147883879151,0.815706104522582,-6.75159511012679,0.95868324296192,1.38508576384126,11.5671790299778,-1.5284304881811,0.26753315821256,1.38508576384126,8.92179679394637,-6.09153697445915,0.887194673742251,1.38508576384126,12.0028557724388,-1.57561709990178,0.272643773741635,1.38508576384126,9.09313598391937,2.735689398547,0.0740362592644389,-0.431199185071353,-6.52945417834909,-6.99774965703017,2.23069196983259,8.56808940288654,-3.98030136920448,0.600313564530904,-5.39966811785678,0.769203280856187,8.58247034,0.1821809,-0.906,0.02446252,86.4737697325829,-123.392296336328,1297.86166586577,0.233851045787799,0.206843981792729,6.70432378147784,0.156214166953225,-0.980799103043968,-922.799728488762,-924.003734308506,-935.72296856542,-936.921477341298,1.17428981465057,-970.891455448687,1.22270605353327,1895.15470010636,1908.61236947747,NA,2472.3310353952,0.444122250980452,0.976208847364804
"978",-5.76,0.83,-5.86,0.83,1.359326,9.604077,-1.1484446,0.2002995,35,35,-5.27339136488912,0.724067320097697,-5.61347988310493,0.813472012955158,1.26112511722937,8.6979736512098,-1.10253343533396,0.199557621760508,1.26112511722937,8.74453664950527,-5.44343562399702,0.768769666526428,1.26112511722937,8.72688870126536,-1.11013481271282,0.201555921536742,1.26112511722937,8.78434955552585,1.95343520777738,0.0531942783274911,-0.29983869761847,-6.91732686869906,-6.72476536210577,2.01681161309685,8.80213230851847,-3.89181123793973,0.543617709798189,-4.12068930868022,0.595221497445689,6.07806429,0.13342602,-0.861,0.02455647,88.4686140185457,-127.381984908254,1242.8425147702,0.870483264121082,0.866232109544502,5.25033339450662,0.119351379297939,-0.764962087543947,-894.949101168608,-895.290167637086,-911.490402984691,-911.775816832991,0.277825175970507,-947.042753816571,0.223202995137596,1839.45344546605,1860.14723831601,NA,2358.30304463214,0.352958803993757,0.728984820944473
"979",-5.76,0.83,-5.86,0.83,1.359326,9.604077,-1.1484446,0.2002995,35,35,-5.97648834553817,0.838759452161028,-5.98362602575441,0.85441916527995,1.4898429470191,10.4499872083017,-0.91129771260174,0.128208189566303,1.4898429470191,10.4958884838313,-5.98005718564629,0.846589308720489,1.4898429470191,10.4499999449214,-0.91132565610787,0.128269496220045,1.4898429470191,10.5006140958427,2.85171282096981,0.080849294713305,-0.464696530745204,-6.93711780537635,-6.85095896709108,1.9396702654109,14.7165120876715,-4.33934959473747,0.613768410904119,-3.88999695505746,0.565419996396996,5.48972303,0.08462898,-0.823,0.02745152,70.5466653251619,-91.5380875214865,1340.08886980066,0.828924862132522,0.842135941790033,8.34287689814462,0.160517610118343,-1.10047625525446,-930.257058735381,-930.286548503277,-963.893466531712,-963.922235501629,0.027952743037617,-954.011705370412,0.0289776092180634,1910.0693605996,1964.95336541005,NA,2588.63965207983,0.463522553087815,1.13271017598461
"980",-5.76,0.83,-5.86,0.83,1.359326,9.604077,-1.1484446,0.2002995,35,35,-6.31551230015579,0.929808123563912,-6.23630434998455,0.868292274974682,1.31051961914157,10.5513630298875,-1.26849062641061,0.20225117304599,1.31051961914157,8.35720099449552,-6.27590832507017,0.899050199269297,1.31051961914157,10.5529315047301,-1.26970876247806,0.203197222952904,1.31051961914157,8.4187242180485,3.28894936765763,0.0875408553369976,-0.521873562971542,-6.73369733642326,-7.02098489370202,1.94283218949272,9.09824818264154,-5.18054613434934,0.76157489546549,-5.08220475724529,0.709313057327124,7.19716094,0.14984471,-0.901,0.02292623,108.830898016237,-168.106552903636,1269.09753500852,0.663292205249912,0.667528333328342,5.97110281325037,0.119826223333809,-0.811389723417689,-902.267558675671,-902.670402551389,-918.063925768407,-918.522666524263,0.447097289463316,-938.928515914586,0.500609704429503,1854.09036048018,1873.29428388344,NA,2370.08851711341,0.497445077630219,0.798914347382255
"981",-5.76,0.83,-5.86,0.83,1.359326,9.604077,-1.1484446,0.2002995,35,35,-5.84449070992266,0.891318802115003,-5.32654847592583,0.874623440807858,1.21106749247849,12.4441659931336,-1.54101674652345,0.25100944496469,1.21106749247849,10.4885609764481,-5.58551959292425,0.88297112146143,1.21106749247849,12.511232032573,-1.54317855470666,0.251079128736984,1.21106749247849,10.615598532944,3.08560150565119,0.0823819957959632,-0.480735798243662,-6.49198516350822,-6.07350957192384,1.99564967420915,10.1006576487724,-3.63845016003782,0.552680299291892,-4.1041047448791,0.680898673698143,6.95027932,0.14455272,-0.882,0.02514857,78.9567649174502,-108.358286706063,1243.74700121531,0.319112980357778,0.280356782504055,7.61633247687612,0.186329991244927,-1.15193247720772,-897.905025126107,-898.388978972833,-913.092548241385,-913.862341972269,0.751926534526824,-948.812597564902,0.940706642963968,1845.36529338105,1863.3515288294,NA,2379.13571572457,0.504410288044516,1.10656517542852
"982",-5.76,0.83,-5.86,0.83,1.359326,9.604077,-1.1484446,0.2002995,35,35,-5.79670349472779,0.827987020118264,-5.58640250094298,0.739030933824173,1.27817688372324,9.91853346163501,-1.43822932678907,0.266755782134496,1.27817688372324,8.0156944929406,-5.69155299783539,0.783508976971219,1.27817688372324,9.92959008863172,-1.44290621512678,0.268734078456687,1.27817688372324,8.09941149585882,3.47891802994416,0.0886197259974139,-0.540121501260415,-6.82151231709654,-7.14118866630211,2.21337151182678,6.69252506164264,-4.04272350834141,0.586536502331491,-4.10161074469471,0.542696769121044,5.986943,0.1776428,-0.912,0.026682,75.0394494818606,-100.523655834884,1241.46187690244,0.487562101564239,0.463486466341209,6.97130393364938,0.142127123885911,-0.957055341705279,-899.29806900058,-899.789140725144,-909.339078149077,-909.986077612137,0.631427362905458,-961.345245662964,0.714240938632944,1848.15138113,1855.84458864478,NA,2382.40009797001,0.508190859897343,0.931100112292563
"983",-5.76,0.83,-5.86,0.83,1.359326,9.604077,-1.1484446,0.2002995,35,35,-5.197801651653,0.831600067094128,-5.06542730182288,0.720773996719146,1.38239755800953,10.0996108291543,-1.28551900933057,0.235790446487082,1.38239755800953,9.49493123586463,-5.13161447673794,0.776187031906637,1.38239755800953,10.1039915712776,-1.2891866415831,0.238861050955772,1.38239755800953,9.6910679360463,2.64668240045917,0.0677161442728935,-0.410720235562575,-6.20108487508703,-6.72898357410955,2.23862531266786,9.47149999696145,-3.50593754259806,0.572943997953086,-3.68124501949337,0.516161539406233,5.60918482,0.14230485,-0.86,0.02532406,78.9079038369806,-108.260564545124,1245.07536007142,0.244155088257739,0.239064602757426,6.93595769915599,0.159853082492877,-1.00063656769635,-922.01663881639,-922.971228969394,-939.17809073398,-940.474226088724,1.2708321105312,-974.919070653226,1.41467877521485,1893.58852076162,1915.52261381459,NA,2381.89015559772,0.39205416597247,1.03537235192316
"984",-5.76,0.83,-5.86,0.83,1.359326,9.604077,-1.1484446,0.2002995,35,35,-5.52220564570503,0.800296975723399,-6.00106101529177,0.881972327151935,1.3379578536059,8.65953378909866,-1.15796590686347,0.222741557497332,1.3379578536059,8.72069148269587,-5.7616333304984,0.841134651437667,1.3379578536059,8.71685940534417,-1.16774357701208,0.224409273255075,1.3379578536059,8.73181129447128,3.4495908094861,0.0896414660466721,-0.537805348232977,-6.71198458723076,-6.70423934812171,2.0777144088214,8.96942608836795,-4.13226984878373,0.599515329822121,-4.45209635557272,0.650249453822203,7.52249076,0.18135199,-0.897,0.02693236,64.7968182327235,-80.0383933366096,1267.5288499124,0.922967417914418,0.921422647552131,4.84414235152732,0.11736664769445,-0.720272441039851,-909.511874726897,-909.711730620731,-925.808247307259,-925.888276794259,0.0777873880756515,-954.923956586066,0.000344635976437794,1868.57899258263,1888.78292696115,NA,2455.0193064882,0.523500213938541,0.732665228614666
"985",-5.76,0.83,-5.86,0.83,1.359326,9.604077,-1.1484446,0.2002995,35,35,-7.27071712670336,1.00247862914042,-5.3314424465992,0.794708421152943,1.42631273707832,9.86297328215704,-1.13100228755765,0.187224450526752,1.42631273707832,8.6070738733594,-6.30107978665128,0.898593525146681,1.42631273707832,10.8031698533803,-1.23173316346518,0.198016565358542,1.42631273707832,8.97616938304222,3.5631037307578,0.088419137387201,-0.543080128480969,-7.25595009567915,-6.5545165501065,2.04354779099445,10.0838439065209,-5.51239215839265,0.765325148993657,-3.64566329698541,0.555446886902466,5.28946616,0.11504336,-0.848,0.02906721,60.8678720853342,-72.180501041831,1314.00389478475,0.0360944483187213,0.0256342564393989,10.6458575028726,0.201915887341044,-1.42295269117389,-921.189467167425,-923.788225563797,-940.652548617556,-943.291513502396,2.61250147435944,-954.570395907385,2.58490642156554,1891.93417746369,1918.47152958174,NA,2555.82728852767,0.521651000432948,1.3281333681544
"986",-5.76,0.83,-5.86,0.83,1.359326,9.604077,-1.1484446,0.2002995,35,35,-5.43081490966778,0.870849903976575,-6.54233719380671,0.963219032903535,1.15622235241335,11.85909057267,-1.58644276067365,0.26337832886258,1.15622235241335,9.00059952124085,-5.98657605173724,0.917034468440055,1.15622235241335,12.1679610197043,-1.61211034696585,0.265511342857262,1.15622235241335,9.25535125779322,2.47822489781876,0.0720307628914017,-0.40771777306397,-6.20025776162914,-6.76146867796347,1.96338336887052,7.80467257056305,-3.91314745034092,0.629054773436736,-4.60016343416533,0.66848017296087,5.74220273,0.11101369,-0.892,0.02644504,80.1322266896791,-110.709210250521,1222.60108874011,0.273456950667692,0.271057192928899,8.42711166616065,0.207596135968228,-1.28227238377463,-882.176836339948,-883.476789916454,-892.028768345183,-893.789590342468,1.73220795900962,-936.708723125325,2.1681077588525,1813.90891580873,1821.22396903699,NA,2334.49296722971,0.41618296908846,1.21778826421823
"987",-5.76,0.83,-5.86,0.83,1.359326,9.604077,-1.1484446,0.2002995,35,35,-5.77477768977935,0.840438668542554,-6.14645529089598,0.841115335975198,1.18777603074294,8.69180516311635,-1.02172159595862,0.184200876104123,1.18777603074294,10.3826409139033,-5.96061649033766,0.840777002258876,1.18777603074294,8.7263412229093,-1.02178447149065,0.184200990573826,1.18777603074294,10.4822129472567,4.20041310590444,0.114760415253584,-0.676460960603038,-6.72540281294691,-7.09304900460095,1.80872432112267,11.4824609353496,-4.04985403840954,0.597171961065942,-5.01708075802892,0.686983462431619,5.97810381,0.12609355,-0.849,0.02238704,109.227312917074,-168.899382705311,1278.67614556245,0.330896616130647,0.307462608652182,6.06495399511819,0.124047087729635,-0.824222017221538,-886.59044037241,-886.958226663839,-907.686399861742,-908.296076742979,0.594844229844738,-928.823581403614,0.71241738774993,1822.73612387366,1852.53923207011,NA,2388.45290841959,0.644467621037238,0.848291220155819
"988",-5.76,0.83,-5.86,0.83,1.359326,9.604077,-1.1484446,0.2002995,35,35,-5.36995231185396,0.742825977646015,-5.54857774626437,0.823634827025299,1.49799588720187,7.39407515973613,-0.969794554395289,0.216845979428327,1.49799588720187,9.54710285100261,-5.45926502905917,0.783230402335657,1.49799588720187,7.40205192119069,-0.973403183351433,0.218478496962828,1.49799588720187,9.61035141092402,2.44373348634837,0.0638049654199949,-0.381435210781629,-6.90212858816533,-6.59931580886481,2.28463058682966,10.4879331204894,-4.11872053618616,0.589044854953967,-4.11631186147871,0.6199044071248,5.72697113,0.1703388,-0.849,0.02402094,87.7297074434728,-125.904171758108,1301.64356941134,0.85119145916809,0.846457807052819,5.22788365541086,0.12466951116599,-0.753357280483101,-935.710786307818,-936.019490572776,-959.200860228856,-959.619380560126,0.407780424199316,-983.145346852193,0.41575499395149,1920.97681574447,1955.56815280434,NA,2477.38296706458,0.373949052810987,0.850079480585354
"989",-5.76,0.83,-5.86,0.83,1.359326,9.604077,-1.1484446,0.2002995,35,35,-6.14434697602144,0.774542330643578,-6.22836220201933,0.903750765099507,1.310811418182,8.39476859241554,-0.910093699715341,0.162551503460339,1.310811418182,9.96786313046204,-6.18635458902038,0.839146547871543,1.310811418182,8.39653323196542,-0.912807568670753,0.166725208343977,1.310811418182,10.3100971699907,3.30875015282623,0.0878997322937995,-0.520743608638806,-7.48756542840805,-6.80179023715994,1.88152179684503,12.0494097003089,-4.86205642422204,0.626895890175344,-4.80644040402476,0.700169951304543,8.03013525,0.1626531,-0.87,0.02051019,122.711306539753,-195.867369950668,1343.26304749229,0.285748570475419,0.271335369181694,4.47252225899166,0.0980171845405876,-0.614303282997671,-904.762815613318,-906.412533404013,-929.236099114235,-931.386948402785,2.12182759860631,-940.045707109987,2.27934665988423,1859.08087435547,1895.6386305751,NA,2490.65872503392,0.513993851204177,0.70477077819982
"990",-5.76,0.83,-5.86,0.83,1.359326,9.604077,-1.1484446,0.2002995,35,35,-6.91870200906227,1.02715864104023,-6.28059342634382,0.90948908200844,1.26177928891315,11.8730005885264,-1.45571833067257,0.238693574557492,1.26177928891315,10.002602455178,-6.59964771770305,0.968323861524337,1.26177928891315,11.9747962293612,-1.47448981955829,0.242155105838176,1.26177928891315,10.0297367741036,3.4181542955226,0.0920524993360713,-0.543629961913029,-6.75689785358102,-6.81983405424421,1.9823076426901,10.2294098801331,-4.71208745275128,0.699417322815441,-4.59732538714064,0.6670022711512,5.71878565,0.10692302,-0.842,0.02329158,104.236882924526,-158.918522720214,1307.7914307753,0.919955858429442,0.902683050863644,9.91300372330108,0.220162943124697,-1.44615860355983,-904.230643036817,-904.635332389592,-920.117209915786,-920.289629490969,0.167699750532364,-947.572751262334,0.0211748340595746,1858.01652920247,1877.4008521782,NA,2456.66433883039,0.529255389240853,1.28705054831062
"991",-5.76,0.83,-5.86,0.83,1.359326,9.604077,-1.1484446,0.2002995,35,35,-5.78056857428944,0.871383421239686,-6.30022136053917,0.879925432437162,1.33812618061869,6.94836023555833,-0.990986179044224,0.198739894807705,1.33812618061869,7.06020043420322,-6.04039496741431,0.875654426838424,1.33812618061869,7.01586999012261,-0.99209589902396,0.198758136296529,1.33812618061869,7.20400786999073,3.34326485014119,0.0852906726700414,-0.522608923404544,-6.54683286845536,-7.01559456240517,1.97290375986315,7.46445868186825,-4.1012962017225,0.608356029673019,-4.78779769199272,0.664847084851844,2.94387158,0.07010285,-0.784,0.02747591,83.7313361965454,-117.907429264253,1232.89654943752,0.3810833655415,0.334704377422574,8.04581637911237,0.200661354018235,-1.23350739995604,-898.155407064924,-899.023640789638,-912.726785299044,-913.964691585459,1.21323355583736,-936.514623152705,1.56583537930153,1845.86605725869,1862.62000294472,NA,2347.88566961079,0.476907236262437,1.16658229625327
"992",-5.76,0.83,-5.86,0.83,1.359326,9.604077,-1.1484446,0.2002995,35,35,-6.23251049101282,0.929495173375654,-6.41379526551125,0.937662230994607,1.23443899624651,9.74045477101807,-1.06141880931489,0.183673857368378,1.23443899624651,11.5654385127599,-6.32315287826203,0.93357870218513,1.23443899624651,9.7486708133843,-1.06178895011459,0.183690532575916,1.23443899624651,11.578026860051,3.05372218438348,0.0794674966517267,-0.48177061428044,-6.65256000351987,-6.78518756211255,1.79182467313419,13.8019594894875,-4.46445008627784,0.661606255421172,-4.71308828956747,0.691318823819781,4.95394431,0.1064913,-0.808,0.02432974,93.9012712647445,-138.247299400652,1314.98194980946,0.9410637851583,0.933960390913266,8.12485618569846,0.171463239170459,-1.13824165209629,-899.470995564481,-899.514594750669,-924.047456307228,-924.117548823986,0.0681239747364958,-932.48891164114,0.0789223099654043,1848.4972342578,1885.26134496108,NA,2491.71660021826,0.443637536030971,1.09089288923694
"993",-5.76,0.83,-5.86,0.83,1.359326,9.604077,-1.1484446,0.2002995,35,35,-5.56962007648727,0.802136580428072,-6.53122292294949,0.949426762679718,1.33532091425063,9.65702504520747,-1.25078010210501,0.218506877872701,1.33532091425063,8.03153119718243,-6.05042149971838,0.875781671553895,1.33532091425063,9.88819505378854,-1.28618876673229,0.223930477319631,1.33532091425063,8.0722707389428,3.26487095302661,0.0813609182893413,-0.502080899716168,-6.74843912921673,-6.83252518407656,2.04459557038483,8.24377453727254,-3.95162736237282,0.575236076389635,-4.72248352790748,0.692941726137481,4.61045665,0.11562911,-0.868,0.02723709,75.2397132736764,-100.924183418516,1245.03187052279,0.53309924064172,0.452456354892635,8.41070882271156,0.179552522740639,-1.19069491641218,-906.478813229603,-907.157819419408,-920.177469531504,-920.49251636499,0.3067352345048,-948.34214302507,0.0445182573007782,1862.51286958804,1877.52137140964,NA,2389.13955762707,0.466501033533584,1.11481435072759
"994",-5.76,0.83,-5.86,0.83,1.359326,9.604077,-1.1484446,0.2002995,35,35,-5.89407194671381,0.831999198936565,-6.0166872891998,0.833746297472544,1.55220207235809,6.31450913776913,-0.592855889729115,0.116016860077226,1.55220207235809,8.25954837363355,-5.95537961795681,0.832872748204554,1.55220207235809,6.31826776832236,-0.592909445000451,0.116017623165549,1.55220207235809,8.2666500977411,2.36850285115387,0.0559668703735702,-0.35189522087801,-6.89497724591388,-7.00718382741887,1.97875284036964,11.7001652534559,-4.26125639101577,0.60235078918147,-3.81358969884747,0.54763812398985,2.02203391,0.06869817,-0.648,0.0310741,54.9837227943018,-60.4122024597662,1310.18161437618,0.739072621100717,0.661849324990249,9.77579848211066,0.183722224043155,-1.30088601254153,-929.576143007363,-929.607828332355,-958.796031134963,-958.849697915295,0.0521534333886854,-951.44076453535,0.0596187272985439,1908.70752914356,1954.75849461655,NA,2559.9510262926,0.336750842881219,1.21464815079382
"995",-5.76,0.83,-5.86,0.83,1.359326,9.604077,-1.1484446,0.2002995,35,35,-5.6487998840642,0.775689222108149,-6.42589470447545,0.888062125587177,1.323976551597,9.89553677244803,-1.11032391129137,0.184803680975556,1.323976551597,9.76638970323471,-6.03734729426982,0.831875673847663,1.323976551597,10.0465058624255,-1.1321550116034,0.187960598334633,1.323976551597,9.79523875872348,2.62511531896772,0.0703605956622092,-0.413935802557611,-6.98518545388579,-7.09279159408422,1.96469959215467,11.1643287285515,-4.39018797608772,0.612152998498183,-4.6285334735351,0.66305323948506,5.83063231,0.1197263,-0.842,0.02556636,83.0512180169987,-116.54719290516,1312.53774582288,0.879565883815232,0.887585314019356,6.70444637542138,0.132961062862797,-0.908395702097485,-908.95832591439,-909.409068928453,-930.386664500856,-930.573981993395,0.182209248161164,-948.185795875058,0.0576549720203725,1867.47189495762,1897.93976134834,NA,2508.5282987406,0.414694029024471,0.881961850114324
"996",-5.76,0.83,-5.86,0.83,1.359326,9.604077,-1.1484446,0.2002995,35,35,-5.33641335609669,0.764782390864885,-5.78390389681522,0.820339255293246,1.39646724321943,13.5718398959132,-1.82082636342429,0.317672825599738,1.39646724321943,9.92094627061207,-5.56015862645596,0.792560823079066,1.39646724321943,13.6219018419214,-1.8270416562502,0.318444466896016,1.39646724321943,9.93436207018601,3.0091470066861,0.0871229522739969,-0.501371452040035,-6.73777900410697,-6.85427612300075,2.46759307023273,8.50604169870667,-3.76131108431787,0.549499900624959,-4.13942244473068,0.594988275782654,7.68843412,0.1699723,-0.899,0.02627295,70.7483189321891,-91.9413947355409,1289.10230929505,0.889840279367609,0.857772363176861,7.2040276500353,0.162993475164539,-1.03204547995283,-932.343615859708,-932.453594892393,-944.444348964666,-944.530287453704,0.0835343704128277,-995.391932498003,0.0688500205522329,1914.24247484825,1926.05513027596,NA,2486.26322385455,0.476004137826673,1.05473859092196
"997",-5.76,0.83,-5.86,0.83,1.359326,9.604077,-1.1484446,0.2002995,35,35,-6.02570777437335,0.836550193950649,-6.18007326846636,0.849243417620143,1.50066616924842,7.63771900741199,-1.08901036511952,0.208215561399666,1.50066616924842,6.01971708153937,-6.10289052141986,0.842896805785396,1.50066616924842,7.64367618385362,-1.08950021405537,0.208255840881447,1.50066616924842,6.023570976553,2.93360675190001,0.07907279788572,-0.46555589258586,-6.99949942293963,-7.07824197503292,2.19090692931725,6.24171600384579,-4.50395613665928,0.640087439207211,-3.8873725581726,0.523889922483135,3.2186106,0.08668054,-0.823,0.02980328,64.9179680108829,-80.2806928929284,1258.71116526853,0.511469302094139,0.442908722121903,9.33070398170367,0.213392645869051,-1.3780288844662,-919.548057742361,-919.581964188619,-931.138220327954,-931.176640483776,0.0373326813434669,-956.732235474336,0.0465050928806408,1888.65135861356,1899.44287300254,NA,2437.14163764412,0.459170201503908,1.24543056130732
"998",-5.76,0.83,-5.86,0.83,1.359326,9.604077,-1.1484446,0.2002995,35,35,-6.0775064957465,0.869489284113066,-5.57150489579132,0.802472068726321,1.30633464521637,14.2503646874347,-1.9160775886752,0.307566880996819,1.30633464521637,8.35270259782577,-5.82450569576891,0.835980676419693,1.30633464521637,14.314374092224,-1.92455529322776,0.308689707786367,1.30633464521637,8.3679735299178,2.93979314059668,0.078294559287675,-0.464727216723583,-6.85505556876731,-6.74832519605405,2.30076256354361,6.67609956300494,-4.19521560558548,0.604701789639831,-3.93052260453101,0.564934114551923,7.93260496,0.18241537,-0.922,0.02860288,54.9090465154942,-60.262849902151,1238.59097090407,0.95003714164801,0.967825610354454,8.49390567060111,0.182396370542233,-1.2157536769148,-909.247296272883,-909.379759136304,-917.246638255708,-917.360839845036,0.111029231539906,-970.757736727662,0.0767556956466942,1868.0498356746,1871.65970885804,NA,2416.91909190599,0.452007513236645,1.09235879334938
"999",-5.76,0.83,-5.86,0.83,1.359326,9.604077,-1.1484446,0.2002995,35,35,-4.60697521313001,0.694448550459984,-5.52647594484747,0.778892417686132,1.26329029832075,10.9858864024835,-1.35388179231262,0.223088644005415,1.26329029832075,9.25032297283861,-5.06672557898874,0.736670484073058,1.26329029832075,11.1972568013908,-1.3732933417385,0.224871335683442,1.26329029832075,9.38296641165804,3.31109826083897,0.0913769627122864,-0.530997966623955,-6.42737168199795,-6.84377770430576,2.13510591409269,8.68037830308762,-3.22590843812035,0.490510478501121,-4.2490485529929,0.598635444799019,7.05064457,0.13565054,-0.884,0.02618662,72.2201029702654,-94.8849628116935,1222.97200549285,0.368451073931265,0.328777104170967,6.05644606728436,0.136453677727969,-0.875946482358162,-900.059623203061,-900.761447863962,-915.452844266717,-916.352862528987,0.879948257593663,-960.569897831563,0.998318713610891,1849.67448953496,1868.07212088006,NA,2351.05904817401,0.531046356510604,0.846049606795161
"1000",-5.76,0.83,-5.86,0.83,1.359326,9.604077,-1.1484446,0.2002995,35,35,-6.30572015984215,0.89819314184219,-5.33167851204966,0.789560642573085,1.36678153027912,10.5579279313622,-1.16981472575795,0.181912306095307,1.36678153027912,9.05991256958851,-5.8186993359459,0.843876892207637,1.36678153027912,10.7951172142708,-1.19626787040592,0.18486256106967,1.36678153027912,9.14748796797365,2.34978658116919,0.063342783000269,-0.372999203203559,-6.91225907620473,-6.58542174824604,1.98679354361483,10.5252858394818,-5.07559114159336,0.712158356729952,-3.88721957537232,0.580615344588354,6.5005186,0.1077141,-0.872,0.02365192,100.923674111019,-152.292105093201,1270.17407747384,0.297549692862484,0.268256177718258,7.2683824479871,0.157505568366871,-1.03351678099667,-912.660015601631,-913.281550491369,-933.431362805708,-934.038102525223,0.59196608807438,-949.036803307948,0.55514421534688,1874.8752743321,1904.02915795804,NA,2388.05604985448,0.367533722399267,0.983313606080999
